Command line invocation:
    /Applications/Xcode.app/Contents/Developer/usr/bin/xcodebuild -scheme TravelTap -destination "platform=iOS Simulator,name=iPhone 17" clean build

CreateBuildRequest

SendProjectDescription

CreateBuildOperation

** CLEAN SUCCEEDED **

ComputePackagePrebuildTargetDependencyGraph

Prepare packages

CreateBuildRequest

SendProjectDescription

CreateBuildOperation

ComputeTargetDependencyGraph
note: Building targets in dependency order
note: Target dependency graph (1 target)
    Target 'TravelTap' in project 'TravelTap' (no dependencies)

GatherProvisioningInputs

CreateBuildDescription

ExecuteExternalTool /Applications/Xcode.app/Contents/Developer/Toolchains/XcodeDefault.xctoolchain/usr/bin/clang -v -E -dM -isysroot /Applications/Xcode.app/Contents/Developer/Platforms/iPhoneSimulator.platform/Developer/SDKs/iPhoneSimulator26.1.sdk -x c -c /dev/null

ExecuteExternalTool /Applications/Xcode.app/Contents/Developer/usr/bin/actool --print-asset-tag-combinations --output-format xml1 /Users/erders/Documents/TravelTap/TravelTap/Assets.xcassets

ExecuteExternalTool /Applications/Xcode.app/Contents/Developer/usr/bin/actool --version --output-format xml1

ExecuteExternalTool /Applications/Xcode.app/Contents/Developer/Toolchains/XcodeDefault.xctoolchain/usr/bin/swiftc --version

ExecuteExternalTool /Applications/Xcode.app/Contents/Developer/Toolchains/XcodeDefault.xctoolchain/usr/bin/ld -version_details

Build description signature: a40d3b458000a782e00b4811bf4c7336
Build description path: /Users/erders/Library/Developer/Xcode/DerivedData/TravelTap-aoniybxgcgmexqcgzdslgsqiowxj/Build/Intermediates.noindex/XCBuildData/a40d3b458000a782e00b4811bf4c7336.xcbuilddata
ClangStatCache /Applications/Xcode.app/Contents/Developer/Toolchains/XcodeDefault.xctoolchain/usr/bin/clang-stat-cache /Applications/Xcode.app/Contents/Developer/Platforms/iPhoneSimulator.platform/Developer/SDKs/iPhoneSimulator26.1.sdk /Users/erders/Library/Developer/Xcode/DerivedData/SDKStatCaches.noindex/iphonesimulator26.1-23B77-90cf18a4295e390e64c810bc6bd7acbc.sdkstatcache
    cd /Users/erders/Documents/TravelTap/TravelTap.xcodeproj
    /Applications/Xcode.app/Contents/Developer/Toolchains/XcodeDefault.xctoolchain/usr/bin/clang-stat-cache /Applications/Xcode.app/Contents/Developer/Platforms/iPhoneSimulator.platform/Developer/SDKs/iPhoneSimulator26.1.sdk -o /Users/erders/Library/Developer/Xcode/DerivedData/SDKStatCaches.noindex/iphonesimulator26.1-23B77-90cf18a4295e390e64c810bc6bd7acbc.sdkstatcache

CreateBuildDirectory /Users/erders/Library/Developer/Xcode/DerivedData/TravelTap-aoniybxgcgmexqcgzdslgsqiowxj/Build/Intermediates.noindex
    cd /Users/erders/Documents/TravelTap/TravelTap.xcodeproj
    builtin-create-build-directory /Users/erders/Library/Developer/Xcode/DerivedData/TravelTap-aoniybxgcgmexqcgzdslgsqiowxj/Build/Intermediates.noindex

CreateBuildDirectory /Users/erders/Library/Developer/Xcode/DerivedData/TravelTap-aoniybxgcgmexqcgzdslgsqiowxj/Build/Products
    cd /Users/erders/Documents/TravelTap/TravelTap.xcodeproj
    builtin-create-build-directory /Users/erders/Library/Developer/Xcode/DerivedData/TravelTap-aoniybxgcgmexqcgzdslgsqiowxj/Build/Products

CreateBuildDirectory /Users/erders/Library/Developer/Xcode/DerivedData/TravelTap-aoniybxgcgmexqcgzdslgsqiowxj/Build/Intermediates.noindex/SwiftExplicitPrecompiledModules
    cd /Users/erders/Documents/TravelTap/TravelTap.xcodeproj
    builtin-create-build-directory /Users/erders/Library/Developer/Xcode/DerivedData/TravelTap-aoniybxgcgmexqcgzdslgsqiowxj/Build/Intermediates.noindex/SwiftExplicitPrecompiledModules

CreateBuildDirectory /Users/erders/Library/Developer/Xcode/DerivedData/TravelTap-aoniybxgcgmexqcgzdslgsqiowxj/Build/Products/Debug-iphonesimulator
    cd /Users/erders/Documents/TravelTap/TravelTap.xcodeproj
    builtin-create-build-directory /Users/erders/Library/Developer/Xcode/DerivedData/TravelTap-aoniybxgcgmexqcgzdslgsqiowxj/Build/Products/Debug-iphonesimulator

CreateBuildDirectory /Users/erders/Library/Developer/Xcode/DerivedData/TravelTap-aoniybxgcgmexqcgzdslgsqiowxj/Build/Intermediates.noindex/ExplicitPrecompiledModules
    cd /Users/erders/Documents/TravelTap/TravelTap.xcodeproj
    builtin-create-build-directory /Users/erders/Library/Developer/Xcode/DerivedData/TravelTap-aoniybxgcgmexqcgzdslgsqiowxj/Build/Intermediates.noindex/ExplicitPrecompiledModules

CreateBuildDirectory /Users/erders/Library/Developer/Xcode/DerivedData/TravelTap-aoniybxgcgmexqcgzdslgsqiowxj/Build/Intermediates.noindex/EagerLinkingTBDs/Debug-iphonesimulator
    cd /Users/erders/Documents/TravelTap/TravelTap.xcodeproj
    builtin-create-build-directory /Users/erders/Library/Developer/Xcode/DerivedData/TravelTap-aoniybxgcgmexqcgzdslgsqiowxj/Build/Intermediates.noindex/EagerLinkingTBDs/Debug-iphonesimulator

WriteAuxiliaryFile /Users/erders/Library/Developer/Xcode/DerivedData/TravelTap-aoniybxgcgmexqcgzdslgsqiowxj/Build/Intermediates.noindex/TravelTap.build/Debug-iphonesimulator/TravelTap-28cabccc476c4ac6153fbbf682269b5c-VFS-iphonesimulator/all-product-headers.yaml
    cd /Users/erders/Documents/TravelTap/TravelTap.xcodeproj
    write-file /Users/erders/Library/Developer/Xcode/DerivedData/TravelTap-aoniybxgcgmexqcgzdslgsqiowxj/Build/Intermediates.noindex/TravelTap.build/Debug-iphonesimulator/TravelTap-28cabccc476c4ac6153fbbf682269b5c-VFS-iphonesimulator/all-product-headers.yaml

WriteAuxiliaryFile /Users/erders/Library/Developer/Xcode/DerivedData/TravelTap-aoniybxgcgmexqcgzdslgsqiowxj/Build/Intermediates.noindex/TravelTap.build/Debug-iphonesimulator/TravelTap.build/empty-TravelTap.plist (in target 'TravelTap' from project 'TravelTap')
    cd /Users/erders/Documents/TravelTap
    write-file /Users/erders/Library/Developer/Xcode/DerivedData/TravelTap-aoniybxgcgmexqcgzdslgsqiowxj/Build/Intermediates.noindex/TravelTap.build/Debug-iphonesimulator/TravelTap.build/empty-TravelTap.plist

WriteAuxiliaryFile /Users/erders/Library/Developer/Xcode/DerivedData/TravelTap-aoniybxgcgmexqcgzdslgsqiowxj/Build/Intermediates.noindex/TravelTap.build/Debug-iphonesimulator/TravelTap.build/TravelTap-own-target-headers.hmap (in target 'TravelTap' from project 'TravelTap')
    cd /Users/erders/Documents/TravelTap
    write-file /Users/erders/Library/Developer/Xcode/DerivedData/TravelTap-aoniybxgcgmexqcgzdslgsqiowxj/Build/Intermediates.noindex/TravelTap.build/Debug-iphonesimulator/TravelTap.build/TravelTap-own-target-headers.hmap

WriteAuxiliaryFile /Users/erders/Library/Developer/Xcode/DerivedData/TravelTap-aoniybxgcgmexqcgzdslgsqiowxj/Build/Intermediates.noindex/TravelTap.build/Debug-iphonesimulator/TravelTap.build/TravelTap.DependencyStaticMetadataFileList (in target 'TravelTap' from project 'TravelTap')
    cd /Users/erders/Documents/TravelTap
    write-file /Users/erders/Library/Developer/Xcode/DerivedData/TravelTap-aoniybxgcgmexqcgzdslgsqiowxj/Build/Intermediates.noindex/TravelTap.build/Debug-iphonesimulator/TravelTap.build/TravelTap.DependencyStaticMetadataFileList

WriteAuxiliaryFile /Users/erders/Library/Developer/Xcode/DerivedData/TravelTap-aoniybxgcgmexqcgzdslgsqiowxj/Build/Intermediates.noindex/TravelTap.build/Debug-iphonesimulator/TravelTap.build/TravelTap-all-non-framework-target-headers.hmap (in target 'TravelTap' from project 'TravelTap')
    cd /Users/erders/Documents/TravelTap
    write-file /Users/erders/Library/Developer/Xcode/DerivedData/TravelTap-aoniybxgcgmexqcgzdslgsqiowxj/Build/Intermediates.noindex/TravelTap.build/Debug-iphonesimulator/TravelTap.build/TravelTap-all-non-framework-target-headers.hmap

WriteAuxiliaryFile /Users/erders/Library/Developer/Xcode/DerivedData/TravelTap-aoniybxgcgmexqcgzdslgsqiowxj/Build/Intermediates.noindex/TravelTap.build/Debug-iphonesimulator/TravelTap.build/TravelTap.DependencyMetadataFileList (in target 'TravelTap' from project 'TravelTap')
    cd /Users/erders/Documents/TravelTap
    write-file /Users/erders/Library/Developer/Xcode/DerivedData/TravelTap-aoniybxgcgmexqcgzdslgsqiowxj/Build/Intermediates.noindex/TravelTap.build/Debug-iphonesimulator/TravelTap.build/TravelTap.DependencyMetadataFileList

WriteAuxiliaryFile /Users/erders/Library/Developer/Xcode/DerivedData/TravelTap-aoniybxgcgmexqcgzdslgsqiowxj/Build/Intermediates.noindex/TravelTap.build/Debug-iphonesimulator/TravelTap.build/TravelTap-DebugDylibPath-normal-arm64.txt (in target 'TravelTap' from project 'TravelTap')
    cd /Users/erders/Documents/TravelTap
    write-file /Users/erders/Library/Developer/Xcode/DerivedData/TravelTap-aoniybxgcgmexqcgzdslgsqiowxj/Build/Intermediates.noindex/TravelTap.build/Debug-iphonesimulator/TravelTap.build/TravelTap-DebugDylibPath-normal-arm64.txt

WriteAuxiliaryFile /Users/erders/Library/Developer/Xcode/DerivedData/TravelTap-aoniybxgcgmexqcgzdslgsqiowxj/Build/Intermediates.noindex/TravelTap.build/Debug-iphonesimulator/TravelTap.build/TravelTap-DebugDylibInstallName-normal-arm64.txt (in target 'TravelTap' from project 'TravelTap')
    cd /Users/erders/Documents/TravelTap
    write-file /Users/erders/Library/Developer/Xcode/DerivedData/TravelTap-aoniybxgcgmexqcgzdslgsqiowxj/Build/Intermediates.noindex/TravelTap.build/Debug-iphonesimulator/TravelTap.build/TravelTap-DebugDylibInstallName-normal-arm64.txt

WriteAuxiliaryFile /Users/erders/Library/Developer/Xcode/DerivedData/TravelTap-aoniybxgcgmexqcgzdslgsqiowxj/Build/Intermediates.noindex/TravelTap.build/Debug-iphonesimulator/TravelTap.build/TravelTap.hmap (in target 'TravelTap' from project 'TravelTap')
    cd /Users/erders/Documents/TravelTap
    write-file /Users/erders/Library/Developer/Xcode/DerivedData/TravelTap-aoniybxgcgmexqcgzdslgsqiowxj/Build/Intermediates.noindex/TravelTap.build/Debug-iphonesimulator/TravelTap.build/TravelTap.hmap

WriteAuxiliaryFile /Users/erders/Library/Developer/Xcode/DerivedData/TravelTap-aoniybxgcgmexqcgzdslgsqiowxj/Build/Intermediates.noindex/TravelTap.build/Debug-iphonesimulator/TravelTap.build/TravelTap-project-headers.hmap (in target 'TravelTap' from project 'TravelTap')
    cd /Users/erders/Documents/TravelTap
    write-file /Users/erders/Library/Developer/Xcode/DerivedData/TravelTap-aoniybxgcgmexqcgzdslgsqiowxj/Build/Intermediates.noindex/TravelTap.build/Debug-iphonesimulator/TravelTap.build/TravelTap-project-headers.hmap

WriteAuxiliaryFile /Users/erders/Library/Developer/Xcode/DerivedData/TravelTap-aoniybxgcgmexqcgzdslgsqiowxj/Build/Intermediates.noindex/TravelTap.build/Debug-iphonesimulator/TravelTap.build/TravelTap-all-target-headers.hmap (in target 'TravelTap' from project 'TravelTap')
    cd /Users/erders/Documents/TravelTap
    write-file /Users/erders/Library/Developer/Xcode/DerivedData/TravelTap-aoniybxgcgmexqcgzdslgsqiowxj/Build/Intermediates.noindex/TravelTap.build/Debug-iphonesimulator/TravelTap.build/TravelTap-all-target-headers.hmap

WriteAuxiliaryFile /Users/erders/Library/Developer/Xcode/DerivedData/TravelTap-aoniybxgcgmexqcgzdslgsqiowxj/Build/Intermediates.noindex/TravelTap.build/Debug-iphonesimulator/TravelTap.build/TravelTap-generated-files.hmap (in target 'TravelTap' from project 'TravelTap')
    cd /Users/erders/Documents/TravelTap
    write-file /Users/erders/Library/Developer/Xcode/DerivedData/TravelTap-aoniybxgcgmexqcgzdslgsqiowxj/Build/Intermediates.noindex/TravelTap.build/Debug-iphonesimulator/TravelTap.build/TravelTap-generated-files.hmap

WriteAuxiliaryFile /Users/erders/Library/Developer/Xcode/DerivedData/TravelTap-aoniybxgcgmexqcgzdslgsqiowxj/Build/Intermediates.noindex/TravelTap.build/Debug-iphonesimulator/TravelTap.build/Objects-normal/arm64/TravelTap_const_extract_protocols.json (in target 'TravelTap' from project 'TravelTap')
    cd /Users/erders/Documents/TravelTap
    write-file /Users/erders/Library/Developer/Xcode/DerivedData/TravelTap-aoniybxgcgmexqcgzdslgsqiowxj/Build/Intermediates.noindex/TravelTap.build/Debug-iphonesimulator/TravelTap.build/Objects-normal/arm64/TravelTap_const_extract_protocols.json

WriteAuxiliaryFile /Users/erders/Library/Developer/Xcode/DerivedData/TravelTap-aoniybxgcgmexqcgzdslgsqiowxj/Build/Intermediates.noindex/TravelTap.build/Debug-iphonesimulator/TravelTap.build/Objects-normal/arm64/TravelTap.SwiftFileList (in target 'TravelTap' from project 'TravelTap')
    cd /Users/erders/Documents/TravelTap
    write-file /Users/erders/Library/Developer/Xcode/DerivedData/TravelTap-aoniybxgcgmexqcgzdslgsqiowxj/Build/Intermediates.noindex/TravelTap.build/Debug-iphonesimulator/TravelTap.build/Objects-normal/arm64/TravelTap.SwiftFileList

WriteAuxiliaryFile /Users/erders/Library/Developer/Xcode/DerivedData/TravelTap-aoniybxgcgmexqcgzdslgsqiowxj/Build/Intermediates.noindex/TravelTap.build/Debug-iphonesimulator/TravelTap.build/Objects-normal/arm64/TravelTap.SwiftConstValuesFileList (in target 'TravelTap' from project 'TravelTap')
    cd /Users/erders/Documents/TravelTap
    write-file /Users/erders/Library/Developer/Xcode/DerivedData/TravelTap-aoniybxgcgmexqcgzdslgsqiowxj/Build/Intermediates.noindex/TravelTap.build/Debug-iphonesimulator/TravelTap.build/Objects-normal/arm64/TravelTap.SwiftConstValuesFileList

WriteAuxiliaryFile /Users/erders/Library/Developer/Xcode/DerivedData/TravelTap-aoniybxgcgmexqcgzdslgsqiowxj/Build/Intermediates.noindex/TravelTap.build/Debug-iphonesimulator/TravelTap.build/Objects-normal/arm64/TravelTap.LinkFileList (in target 'TravelTap' from project 'TravelTap')
    cd /Users/erders/Documents/TravelTap
    write-file /Users/erders/Library/Developer/Xcode/DerivedData/TravelTap-aoniybxgcgmexqcgzdslgsqiowxj/Build/Intermediates.noindex/TravelTap.build/Debug-iphonesimulator/TravelTap.build/Objects-normal/arm64/TravelTap.LinkFileList

WriteAuxiliaryFile /Users/erders/Library/Developer/Xcode/DerivedData/TravelTap-aoniybxgcgmexqcgzdslgsqiowxj/Build/Intermediates.noindex/TravelTap.build/Debug-iphonesimulator/TravelTap.build/Objects-normal/arm64/TravelTap-OutputFileMap.json (in target 'TravelTap' from project 'TravelTap')
    cd /Users/erders/Documents/TravelTap
    write-file /Users/erders/Library/Developer/Xcode/DerivedData/TravelTap-aoniybxgcgmexqcgzdslgsqiowxj/Build/Intermediates.noindex/TravelTap.build/Debug-iphonesimulator/TravelTap.build/Objects-normal/arm64/TravelTap-OutputFileMap.json

MkDir /Users/erders/Library/Developer/Xcode/DerivedData/TravelTap-aoniybxgcgmexqcgzdslgsqiowxj/Build/Products/Debug-iphonesimulator/TravelTap.app (in target 'TravelTap' from project 'TravelTap')
    cd /Users/erders/Documents/TravelTap
    /bin/mkdir -p /Users/erders/Library/Developer/Xcode/DerivedData/TravelTap-aoniybxgcgmexqcgzdslgsqiowxj/Build/Products/Debug-iphonesimulator/TravelTap.app

WriteAuxiliaryFile /Users/erders/Library/Developer/Xcode/DerivedData/TravelTap-aoniybxgcgmexqcgzdslgsqiowxj/Build/Intermediates.noindex/TravelTap.build/Debug-iphonesimulator/TravelTap.build/DerivedSources/Entitlements-Simulated.plist (in target 'TravelTap' from project 'TravelTap')
    cd /Users/erders/Documents/TravelTap
    write-file /Users/erders/Library/Developer/Xcode/DerivedData/TravelTap-aoniybxgcgmexqcgzdslgsqiowxj/Build/Intermediates.noindex/TravelTap.build/Debug-iphonesimulator/TravelTap.build/DerivedSources/Entitlements-Simulated.plist

ProcessProductPackaging "" /Users/erders/Library/Developer/Xcode/DerivedData/TravelTap-aoniybxgcgmexqcgzdslgsqiowxj/Build/Intermediates.noindex/TravelTap.build/Debug-iphonesimulator/TravelTap.build/TravelTap.app-Simulated.xcent (in target 'TravelTap' from project 'TravelTap')
    cd /Users/erders/Documents/TravelTap
    
    Entitlements:
    
    {
    "application-identifier" = "428Z7G6L5F.com.traveltap.app";
}
    
    builtin-productPackagingUtility -entitlements -format xml -o /Users/erders/Library/Developer/Xcode/DerivedData/TravelTap-aoniybxgcgmexqcgzdslgsqiowxj/Build/Intermediates.noindex/TravelTap.build/Debug-iphonesimulator/TravelTap.build/TravelTap.app-Simulated.xcent

ProcessProductPackagingDER /Users/erders/Library/Developer/Xcode/DerivedData/TravelTap-aoniybxgcgmexqcgzdslgsqiowxj/Build/Intermediates.noindex/TravelTap.build/Debug-iphonesimulator/TravelTap.build/TravelTap.app-Simulated.xcent /Users/erders/Library/Developer/Xcode/DerivedData/TravelTap-aoniybxgcgmexqcgzdslgsqiowxj/Build/Intermediates.noindex/TravelTap.build/Debug-iphonesimulator/TravelTap.build/TravelTap.app-Simulated.xcent.der (in target 'TravelTap' from project 'TravelTap')
    cd /Users/erders/Documents/TravelTap
    /usr/bin/derq query -f xml -i /Users/erders/Library/Developer/Xcode/DerivedData/TravelTap-aoniybxgcgmexqcgzdslgsqiowxj/Build/Intermediates.noindex/TravelTap.build/Debug-iphonesimulator/TravelTap.build/TravelTap.app-Simulated.xcent -o /Users/erders/Library/Developer/Xcode/DerivedData/TravelTap-aoniybxgcgmexqcgzdslgsqiowxj/Build/Intermediates.noindex/TravelTap.build/Debug-iphonesimulator/TravelTap.build/TravelTap.app-Simulated.xcent.der --raw

Ld /Users/erders/Library/Developer/Xcode/DerivedData/TravelTap-aoniybxgcgmexqcgzdslgsqiowxj/Build/Products/Debug-iphonesimulator/TravelTap.app/__preview.dylib normal (in target 'TravelTap' from project 'TravelTap')
    cd /Users/erders/Documents/TravelTap
    /Applications/Xcode.app/Contents/Developer/Toolchains/XcodeDefault.xctoolchain/usr/bin/clang -Xlinker -reproducible -target arm64-apple-ios17.0-simulator -dynamiclib -isysroot /Applications/Xcode.app/Contents/Developer/Platforms/iPhoneSimulator.platform/Developer/SDKs/iPhoneSimulator26.1.sdk -O0 -L/Users/erders/Library/Developer/Xcode/DerivedData/TravelTap-aoniybxgcgmexqcgzdslgsqiowxj/Build/Products/Debug-iphonesimulator -F/Users/erders/Library/Developer/Xcode/DerivedData/TravelTap-aoniybxgcgmexqcgzdslgsqiowxj/Build/Products/Debug-iphonesimulator -install_name @rpath/TravelTap.debug.dylib -dead_strip -rdynamic -Xlinker -no_deduplicate -Xlinker -objc_abi_version -Xlinker 2 -Xlinker -dependency_info -Xlinker /Users/erders/Library/Developer/Xcode/DerivedData/TravelTap-aoniybxgcgmexqcgzdslgsqiowxj/Build/Intermediates.noindex/TravelTap.build/Debug-iphonesimulator/TravelTap.build/Objects-normal/arm64/TravelTap_dependency_info.dat -Xlinker -sectcreate -Xlinker __TEXT -Xlinker __entitlements -Xlinker /Users/erders/Library/Developer/Xcode/DerivedData/TravelTap-aoniybxgcgmexqcgzdslgsqiowxj/Build/Intermediates.noindex/TravelTap.build/Debug-iphonesimulator/TravelTap.build/TravelTap.app-Simulated.xcent -Xlinker -sectcreate -Xlinker __TEXT -Xlinker __ents_der -Xlinker /Users/erders/Library/Developer/Xcode/DerivedData/TravelTap-aoniybxgcgmexqcgzdslgsqiowxj/Build/Intermediates.noindex/TravelTap.build/Debug-iphonesimulator/TravelTap.build/TravelTap.app-Simulated.xcent.der -Xlinker -no_adhoc_codesign -o /Users/erders/Library/Developer/Xcode/DerivedData/TravelTap-aoniybxgcgmexqcgzdslgsqiowxj/Build/Products/Debug-iphonesimulator/TravelTap.app/__preview.dylib

GenerateAssetSymbols /Users/erders/Documents/TravelTap/TravelTap/Assets.xcassets (in target 'TravelTap' from project 'TravelTap')
    cd /Users/erders/Documents/TravelTap
    /Applications/Xcode.app/Contents/Developer/usr/bin/actool /Users/erders/Documents/TravelTap/TravelTap/Assets.xcassets --compile /Users/erders/Library/Developer/Xcode/DerivedData/TravelTap-aoniybxgcgmexqcgzdslgsqiowxj/Build/Products/Debug-iphonesimulator/TravelTap.app --output-format human-readable-text --notices --warnings --export-dependency-info /Users/erders/Library/Developer/Xcode/DerivedData/TravelTap-aoniybxgcgmexqcgzdslgsqiowxj/Build/Intermediates.noindex/TravelTap.build/Debug-iphonesimulator/TravelTap.build/assetcatalog_dependencies --output-partial-info-plist /Users/erders/Library/Developer/Xcode/DerivedData/TravelTap-aoniybxgcgmexqcgzdslgsqiowxj/Build/Intermediates.noindex/TravelTap.build/Debug-iphonesimulator/TravelTap.build/assetcatalog_generated_info.plist --app-icon AppIcon --accent-color AccentColor --compress-pngs --enable-on-demand-resources YES --development-region en --target-device iphone --target-device ipad --minimum-deployment-target 17.0 --platform iphonesimulator --bundle-identifier com.traveltap.app --generate-swift-asset-symbols /Users/erders/Library/Developer/Xcode/DerivedData/TravelTap-aoniybxgcgmexqcgzdslgsqiowxj/Build/Intermediates.noindex/TravelTap.build/Debug-iphonesimulator/TravelTap.build/DerivedSources/GeneratedAssetSymbols.swift --generate-objc-asset-symbols /Users/erders/Library/Developer/Xcode/DerivedData/TravelTap-aoniybxgcgmexqcgzdslgsqiowxj/Build/Intermediates.noindex/TravelTap.build/Debug-iphonesimulator/TravelTap.build/DerivedSources/GeneratedAssetSymbols.h --generate-asset-symbol-index /Users/erders/Library/Developer/Xcode/DerivedData/TravelTap-aoniybxgcgmexqcgzdslgsqiowxj/Build/Intermediates.noindex/TravelTap.build/Debug-iphonesimulator/TravelTap.build/DerivedSources/GeneratedAssetSymbols-Index.plist
/* com.apple.actool.compilation-results */
/Users/erders/Library/Developer/Xcode/DerivedData/TravelTap-aoniybxgcgmexqcgzdslgsqiowxj/Build/Intermediates.noindex/TravelTap.build/Debug-iphonesimulator/TravelTap.build/DerivedSources/GeneratedAssetSymbols-Index.plist
/Users/erders/Library/Developer/Xcode/DerivedData/TravelTap-aoniybxgcgmexqcgzdslgsqiowxj/Build/Intermediates.noindex/TravelTap.build/Debug-iphonesimulator/TravelTap.build/DerivedSources/GeneratedAssetSymbols.h
/Users/erders/Library/Developer/Xcode/DerivedData/TravelTap-aoniybxgcgmexqcgzdslgsqiowxj/Build/Intermediates.noindex/TravelTap.build/Debug-iphonesimulator/TravelTap.build/DerivedSources/GeneratedAssetSymbols.swift


MkDir /Users/erders/Library/Developer/Xcode/DerivedData/TravelTap-aoniybxgcgmexqcgzdslgsqiowxj/Build/Intermediates.noindex/TravelTap.build/Debug-iphonesimulator/TravelTap.build/assetcatalog_output/thinned (in target 'TravelTap' from project 'TravelTap')
    cd /Users/erders/Documents/TravelTap
    /bin/mkdir -p /Users/erders/Library/Developer/Xcode/DerivedData/TravelTap-aoniybxgcgmexqcgzdslgsqiowxj/Build/Intermediates.noindex/TravelTap.build/Debug-iphonesimulator/TravelTap.build/assetcatalog_output/thinned

MkDir /Users/erders/Library/Developer/Xcode/DerivedData/TravelTap-aoniybxgcgmexqcgzdslgsqiowxj/Build/Intermediates.noindex/TravelTap.build/Debug-iphonesimulator/TravelTap.build/assetcatalog_output/unthinned (in target 'TravelTap' from project 'TravelTap')
    cd /Users/erders/Documents/TravelTap
    /bin/mkdir -p /Users/erders/Library/Developer/Xcode/DerivedData/TravelTap-aoniybxgcgmexqcgzdslgsqiowxj/Build/Intermediates.noindex/TravelTap.build/Debug-iphonesimulator/TravelTap.build/assetcatalog_output/unthinned

CompileAssetCatalogVariant thinned /Users/erders/Library/Developer/Xcode/DerivedData/TravelTap-aoniybxgcgmexqcgzdslgsqiowxj/Build/Products/Debug-iphonesimulator/TravelTap.app /Users/erders/Documents/TravelTap/TravelTap/Assets.xcassets (in target 'TravelTap' from project 'TravelTap')
    cd /Users/erders/Documents/TravelTap
    /Applications/Xcode.app/Contents/Developer/usr/bin/actool /Users/erders/Documents/TravelTap/TravelTap/Assets.xcassets --compile /Users/erders/Library/Developer/Xcode/DerivedData/TravelTap-aoniybxgcgmexqcgzdslgsqiowxj/Build/Intermediates.noindex/TravelTap.build/Debug-iphonesimulator/TravelTap.build/assetcatalog_output/thinned --output-format human-readable-text --notices --warnings --export-dependency-info /Users/erders/Library/Developer/Xcode/DerivedData/TravelTap-aoniybxgcgmexqcgzdslgsqiowxj/Build/Intermediates.noindex/TravelTap.build/Debug-iphonesimulator/TravelTap.build/assetcatalog_dependencies_thinned --output-partial-info-plist /Users/erders/Library/Developer/Xcode/DerivedData/TravelTap-aoniybxgcgmexqcgzdslgsqiowxj/Build/Intermediates.noindex/TravelTap.build/Debug-iphonesimulator/TravelTap.build/assetcatalog_generated_info.plist_thinned --app-icon AppIcon --accent-color AccentColor --compress-pngs --enable-on-demand-resources YES --filter-for-thinning-device-configuration iPhone18,3 --filter-for-device-os-version 26.1 --development-region en --target-device iphone --target-device ipad --minimum-deployment-target 17.0 --platform iphonesimulator
/* com.apple.actool.compilation-results */
/Users/erders/Library/Developer/Xcode/DerivedData/TravelTap-aoniybxgcgmexqcgzdslgsqiowxj/Build/Intermediates.noindex/TravelTap.build/Debug-iphonesimulator/TravelTap.build/assetcatalog_generated_info.plist_thinned
/Users/erders/Library/Developer/Xcode/DerivedData/TravelTap-aoniybxgcgmexqcgzdslgsqiowxj/Build/Intermediates.noindex/TravelTap.build/Debug-iphonesimulator/TravelTap.build/assetcatalog_output/thinned/AppIcon60x60@2x.png
/Users/erders/Library/Developer/Xcode/DerivedData/TravelTap-aoniybxgcgmexqcgzdslgsqiowxj/Build/Intermediates.noindex/TravelTap.build/Debug-iphonesimulator/TravelTap.build/assetcatalog_output/thinned/AppIcon76x76@2x~ipad.png
/Users/erders/Library/Developer/Xcode/DerivedData/TravelTap-aoniybxgcgmexqcgzdslgsqiowxj/Build/Intermediates.noindex/TravelTap.build/Debug-iphonesimulator/TravelTap.build/assetcatalog_output/thinned/Assets.car


SwiftDriver TravelTap normal arm64 com.apple.xcode.tools.swift.compiler (in target 'TravelTap' from project 'TravelTap')
    cd /Users/erders/Documents/TravelTap
    builtin-SwiftDriver -- /Applications/Xcode.app/Contents/Developer/Toolchains/XcodeDefault.xctoolchain/usr/bin/swiftc -module-name TravelTap -Onone -enforce-exclusivity\=checked @/Users/erders/Library/Developer/Xcode/DerivedData/TravelTap-aoniybxgcgmexqcgzdslgsqiowxj/Build/Intermediates.noindex/TravelTap.build/Debug-iphonesimulator/TravelTap.build/Objects-normal/arm64/TravelTap.SwiftFileList -DDEBUG -enable-bare-slash-regex -enable-experimental-feature DebugDescriptionMacro -sdk /Applications/Xcode.app/Contents/Developer/Platforms/iPhoneSimulator.platform/Developer/SDKs/iPhoneSimulator26.1.sdk -target arm64-apple-ios17.0-simulator -g -module-cache-path /Users/erders/Library/Developer/Xcode/DerivedData/ModuleCache.noindex -Xfrontend -serialize-debugging-options -enable-testing -index-store-path /Users/erders/Library/Developer/Xcode/DerivedData/TravelTap-aoniybxgcgmexqcgzdslgsqiowxj/Index.noindex/DataStore -Xcc -D_LIBCPP_HARDENING_MODE\=_LIBCPP_HARDENING_MODE_DEBUG -swift-version 5 -I /Users/erders/Library/Developer/Xcode/DerivedData/TravelTap-aoniybxgcgmexqcgzdslgsqiowxj/Build/Products/Debug-iphonesimulator -F /Users/erders/Library/Developer/Xcode/DerivedData/TravelTap-aoniybxgcgmexqcgzdslgsqiowxj/Build/Products/Debug-iphonesimulator -emit-localized-strings -emit-localized-strings-path /Users/erders/Library/Developer/Xcode/DerivedData/TravelTap-aoniybxgcgmexqcgzdslgsqiowxj/Build/Intermediates.noindex/TravelTap.build/Debug-iphonesimulator/TravelTap.build/Objects-normal/arm64 -c -j12 -enable-batch-mode -incremental -Xcc -ivfsstatcache -Xcc /Users/erders/Library/Developer/Xcode/DerivedData/SDKStatCaches.noindex/iphonesimulator26.1-23B77-90cf18a4295e390e64c810bc6bd7acbc.sdkstatcache -output-file-map /Users/erders/Library/Developer/Xcode/DerivedData/TravelTap-aoniybxgcgmexqcgzdslgsqiowxj/Build/Intermediates.noindex/TravelTap.build/Debug-iphonesimulator/TravelTap.build/Objects-normal/arm64/TravelTap-OutputFileMap.json -use-frontend-parseable-output -save-temps -no-color-diagnostics -explicit-module-build -module-cache-path /Users/erders/Library/Developer/Xcode/DerivedData/TravelTap-aoniybxgcgmexqcgzdslgsqiowxj/Build/Intermediates.noindex/SwiftExplicitPrecompiledModules -clang-scanner-module-cache-path /Users/erders/Library/Developer/Xcode/DerivedData/ModuleCache.noindex -sdk-module-cache-path /Users/erders/Library/Developer/Xcode/DerivedData/ModuleCache.noindex -serialize-diagnostics -emit-dependencies -emit-module -emit-module-path /Users/erders/Library/Developer/Xcode/DerivedData/TravelTap-aoniybxgcgmexqcgzdslgsqiowxj/Build/Intermediates.noindex/TravelTap.build/Debug-iphonesimulator/TravelTap.build/Objects-normal/arm64/TravelTap.swiftmodule -validate-clang-modules-once -clang-build-session-file /Users/erders/Library/Developer/Xcode/DerivedData/ModuleCache.noindex/Session.modulevalidation -Xcc -I/Users/erders/Library/Developer/Xcode/DerivedData/TravelTap-aoniybxgcgmexqcgzdslgsqiowxj/Build/Intermediates.noindex/TravelTap.build/Debug-iphonesimulator/TravelTap.build/swift-overrides.hmap -emit-const-values -Xfrontend -const-gather-protocols-file -Xfrontend /Users/erders/Library/Developer/Xcode/DerivedData/TravelTap-aoniybxgcgmexqcgzdslgsqiowxj/Build/Intermediates.noindex/TravelTap.build/Debug-iphonesimulator/TravelTap.build/Objects-normal/arm64/TravelTap_const_extract_protocols.json -Xcc -iquote -Xcc /Users/erders/Library/Developer/Xcode/DerivedData/TravelTap-aoniybxgcgmexqcgzdslgsqiowxj/Build/Intermediates.noindex/TravelTap.build/Debug-iphonesimulator/TravelTap.build/TravelTap-generated-files.hmap -Xcc -I/Users/erders/Library/Developer/Xcode/DerivedData/TravelTap-aoniybxgcgmexqcgzdslgsqiowxj/Build/Intermediates.noindex/TravelTap.build/Debug-iphonesimulator/TravelTap.build/TravelTap-own-target-headers.hmap -Xcc -I/Users/erders/Library/Developer/Xcode/DerivedData/TravelTap-aoniybxgcgmexqcgzdslgsqiowxj/Build/Intermediates.noindex/TravelTap.build/Debug-iphonesimulator/TravelTap.build/TravelTap-all-target-headers.hmap -Xcc -iquote -Xcc /Users/erders/Library/Developer/Xcode/DerivedData/TravelTap-aoniybxgcgmexqcgzdslgsqiowxj/Build/Intermediates.noindex/TravelTap.build/Debug-iphonesimulator/TravelTap.build/TravelTap-project-headers.hmap -Xcc -I/Users/erders/Library/Developer/Xcode/DerivedData/TravelTap-aoniybxgcgmexqcgzdslgsqiowxj/Build/Products/Debug-iphonesimulator/include -Xcc -I/Users/erders/Library/Developer/Xcode/DerivedData/TravelTap-aoniybxgcgmexqcgzdslgsqiowxj/Build/Intermediates.noindex/TravelTap.build/Debug-iphonesimulator/TravelTap.build/DerivedSources-normal/arm64 -Xcc -I/Users/erders/Library/Developer/Xcode/DerivedData/TravelTap-aoniybxgcgmexqcgzdslgsqiowxj/Build/Intermediates.noindex/TravelTap.build/Debug-iphonesimulator/TravelTap.build/DerivedSources/arm64 -Xcc -I/Users/erders/Library/Developer/Xcode/DerivedData/TravelTap-aoniybxgcgmexqcgzdslgsqiowxj/Build/Intermediates.noindex/TravelTap.build/Debug-iphonesimulator/TravelTap.build/DerivedSources -Xcc -DDEBUG\=1 -emit-objc-header -emit-objc-header-path /Users/erders/Library/Developer/Xcode/DerivedData/TravelTap-aoniybxgcgmexqcgzdslgsqiowxj/Build/Intermediates.noindex/TravelTap.build/Debug-iphonesimulator/TravelTap.build/Objects-normal/arm64/TravelTap-Swift.h -working-directory /Users/erders/Documents/TravelTap -experimental-emit-module-separately -disable-cmo

SwiftCompile normal arm64 Compiling\ EnnediOuniangaAttractions.swift,\ LakeChadAttractions.swift,\ NDjamenaAttractions.swift,\ SouthernChadAttractions.swift,\ TibestiAttractions.swift,\ ZakoumaAttractions.swift,\ CentralBasinAttractions.swift,\ DRCNorthEastAttractions.swift,\ KatangaAttractions.swift,\ KinshasaWestAttractions.swift,\ NorthKivuAttractions.swift,\ SouthKivuAttractions.swift,\ DRCPackage.swift,\ BataAttractions.swift,\ BiokoIslandAttractions.swift,\ EquatorialGuineaIslandsAttractions.swift,\ MalaboAttractions.swift,\ NationalParksAttractions.swift,\ RioMuniAttractions.swift,\ EquatorialGuineaPackage.swift,\ GabonInteriorAttractions.swift,\ GabonNationalParksAttractions.swift,\ LibrevilleAttractions.swift,\ PortGentilCoastalAttractions.swift,\ GabonPackage.swift /Users/erders/Documents/TravelTap/TravelTap/Data/Countries/Africa/CentralAfrica/Chad/Cities/EnnediOuniangaAttractions.swift /Users/erders/Documents/TravelTap/TravelTap/Data/Countries/Africa/CentralAfrica/Chad/Cities/LakeChadAttractions.swift /Users/erders/Documents/TravelTap/TravelTap/Data/Countries/Africa/CentralAfrica/Chad/Cities/NDjamenaAttractions.swift /Users/erders/Documents/TravelTap/TravelTap/Data/Countries/Africa/CentralAfrica/Chad/Cities/SouthernChadAttractions.swift /Users/erders/Documents/TravelTap/TravelTap/Data/Countries/Africa/CentralAfrica/Chad/Cities/TibestiAttractions.swift /Users/erders/Documents/TravelTap/TravelTap/Data/Countries/Africa/CentralAfrica/Chad/Cities/ZakoumaAttractions.swift /Users/erders/Documents/TravelTap/TravelTap/Data/Countries/Africa/CentralAfrica/DRC/Cities/CentralBasinAttractions.swift /Users/erders/Documents/TravelTap/TravelTap/Data/Countries/Africa/CentralAfrica/DRC/Cities/DRCNorthEastAttractions.swift /Users/erders/Documents/TravelTap/TravelTap/Data/Countries/Africa/CentralAfrica/DRC/Cities/KatangaAttractions.swift /Users/erders/Documents/TravelTap/TravelTap/Data/Countries/Africa/CentralAfrica/DRC/Cities/KinshasaWestAttractions.swift /Users/erders/Documents/TravelTap/TravelTap/Data/Countries/Africa/CentralAfrica/DRC/Cities/NorthKivuAttractions.swift /Users/erders/Documents/TravelTap/TravelTap/Data/Countries/Africa/CentralAfrica/DRC/Cities/SouthKivuAttractions.swift /Users/erders/Documents/TravelTap/TravelTap/Data/Countries/Africa/CentralAfrica/DRC/DRCPackage.swift /Users/erders/Documents/TravelTap/TravelTap/Data/Countries/Africa/CentralAfrica/EquatorialGuinea/Cities/BataAttractions.swift /Users/erders/Documents/TravelTap/TravelTap/Data/Countries/Africa/CentralAfrica/EquatorialGuinea/Cities/BiokoIslandAttractions.swift /Users/erders/Documents/TravelTap/TravelTap/Data/Countries/Africa/CentralAfrica/EquatorialGuinea/Cities/EquatorialGuineaIslandsAttractions.swift /Users/erders/Documents/TravelTap/TravelTap/Data/Countries/Africa/CentralAfrica/EquatorialGuinea/Cities/MalaboAttractions.swift /Users/erders/Documents/TravelTap/TravelTap/Data/Countries/Africa/CentralAfrica/EquatorialGuinea/Cities/NationalParksAttractions.swift /Users/erders/Documents/TravelTap/TravelTap/Data/Countries/Africa/CentralAfrica/EquatorialGuinea/Cities/RioMuniAttractions.swift /Users/erders/Documents/TravelTap/TravelTap/Data/Countries/Africa/CentralAfrica/EquatorialGuinea/EquatorialGuineaPackage.swift /Users/erders/Documents/TravelTap/TravelTap/Data/Countries/Africa/CentralAfrica/Gabon/Cities/GabonInteriorAttractions.swift /Users/erders/Documents/TravelTap/TravelTap/Data/Countries/Africa/CentralAfrica/Gabon/Cities/GabonNationalParksAttractions.swift /Users/erders/Documents/TravelTap/TravelTap/Data/Countries/Africa/CentralAfrica/Gabon/Cities/LibrevilleAttractions.swift /Users/erders/Documents/TravelTap/TravelTap/Data/Countries/Africa/CentralAfrica/Gabon/Cities/PortGentilCoastalAttractions.swift /Users/erders/Documents/TravelTap/TravelTap/Data/Countries/Africa/CentralAfrica/Gabon/GabonPackage.swift (in target 'TravelTap' from project 'TravelTap')
SwiftCompile normal arm64 /Users/erders/Documents/TravelTap/TravelTap/Data/Countries/Africa/CentralAfrica/Chad/Cities/EnnediOuniangaAttractions.swift (in target 'TravelTap' from project 'TravelTap')
    cd /Users/erders/Documents/TravelTap
    

SwiftCompile normal arm64 /Users/erders/Documents/TravelTap/TravelTap/Data/Countries/Africa/CentralAfrica/Chad/Cities/LakeChadAttractions.swift (in target 'TravelTap' from project 'TravelTap')
    cd /Users/erders/Documents/TravelTap
    

SwiftCompile normal arm64 /Users/erders/Documents/TravelTap/TravelTap/Data/Countries/Africa/CentralAfrica/Chad/Cities/NDjamenaAttractions.swift (in target 'TravelTap' from project 'TravelTap')
    cd /Users/erders/Documents/TravelTap
    

SwiftCompile normal arm64 /Users/erders/Documents/TravelTap/TravelTap/Data/Countries/Africa/CentralAfrica/Chad/Cities/SouthernChadAttractions.swift (in target 'TravelTap' from project 'TravelTap')
    cd /Users/erders/Documents/TravelTap
    

SwiftCompile normal arm64 /Users/erders/Documents/TravelTap/TravelTap/Data/Countries/Africa/CentralAfrica/Chad/Cities/TibestiAttractions.swift (in target 'TravelTap' from project 'TravelTap')
    cd /Users/erders/Documents/TravelTap
    

SwiftCompile normal arm64 /Users/erders/Documents/TravelTap/TravelTap/Data/Countries/Africa/CentralAfrica/Chad/Cities/ZakoumaAttractions.swift (in target 'TravelTap' from project 'TravelTap')
    cd /Users/erders/Documents/TravelTap
    

SwiftCompile normal arm64 /Users/erders/Documents/TravelTap/TravelTap/Data/Countries/Africa/CentralAfrica/DRC/Cities/CentralBasinAttractions.swift (in target 'TravelTap' from project 'TravelTap')
    cd /Users/erders/Documents/TravelTap
    

SwiftCompile normal arm64 /Users/erders/Documents/TravelTap/TravelTap/Data/Countries/Africa/CentralAfrica/DRC/Cities/DRCNorthEastAttractions.swift (in target 'TravelTap' from project 'TravelTap')
    cd /Users/erders/Documents/TravelTap
    

SwiftCompile normal arm64 /Users/erders/Documents/TravelTap/TravelTap/Data/Countries/Africa/CentralAfrica/DRC/Cities/KatangaAttractions.swift (in target 'TravelTap' from project 'TravelTap')
    cd /Users/erders/Documents/TravelTap
    

SwiftCompile normal arm64 /Users/erders/Documents/TravelTap/TravelTap/Data/Countries/Africa/CentralAfrica/DRC/Cities/KinshasaWestAttractions.swift (in target 'TravelTap' from project 'TravelTap')
    cd /Users/erders/Documents/TravelTap
    

SwiftCompile normal arm64 /Users/erders/Documents/TravelTap/TravelTap/Data/Countries/Africa/CentralAfrica/DRC/Cities/NorthKivuAttractions.swift (in target 'TravelTap' from project 'TravelTap')
    cd /Users/erders/Documents/TravelTap
    

SwiftCompile normal arm64 /Users/erders/Documents/TravelTap/TravelTap/Data/Countries/Africa/CentralAfrica/DRC/Cities/SouthKivuAttractions.swift (in target 'TravelTap' from project 'TravelTap')
    cd /Users/erders/Documents/TravelTap
    

SwiftCompile normal arm64 /Users/erders/Documents/TravelTap/TravelTap/Data/Countries/Africa/CentralAfrica/DRC/DRCPackage.swift (in target 'TravelTap' from project 'TravelTap')
    cd /Users/erders/Documents/TravelTap
    

SwiftCompile normal arm64 /Users/erders/Documents/TravelTap/TravelTap/Data/Countries/Africa/CentralAfrica/EquatorialGuinea/Cities/BataAttractions.swift (in target 'TravelTap' from project 'TravelTap')
    cd /Users/erders/Documents/TravelTap
    

SwiftCompile normal arm64 /Users/erders/Documents/TravelTap/TravelTap/Data/Countries/Africa/CentralAfrica/EquatorialGuinea/Cities/BiokoIslandAttractions.swift (in target 'TravelTap' from project 'TravelTap')
    cd /Users/erders/Documents/TravelTap
    

SwiftCompile normal arm64 /Users/erders/Documents/TravelTap/TravelTap/Data/Countries/Africa/CentralAfrica/EquatorialGuinea/Cities/EquatorialGuineaIslandsAttractions.swift (in target 'TravelTap' from project 'TravelTap')
    cd /Users/erders/Documents/TravelTap
    

SwiftCompile normal arm64 /Users/erders/Documents/TravelTap/TravelTap/Data/Countries/Africa/CentralAfrica/EquatorialGuinea/Cities/MalaboAttractions.swift (in target 'TravelTap' from project 'TravelTap')
    cd /Users/erders/Documents/TravelTap
    

SwiftCompile normal arm64 /Users/erders/Documents/TravelTap/TravelTap/Data/Countries/Africa/CentralAfrica/EquatorialGuinea/Cities/NationalParksAttractions.swift (in target 'TravelTap' from project 'TravelTap')
    cd /Users/erders/Documents/TravelTap
    

SwiftCompile normal arm64 /Users/erders/Documents/TravelTap/TravelTap/Data/Countries/Africa/CentralAfrica/EquatorialGuinea/Cities/RioMuniAttractions.swift (in target 'TravelTap' from project 'TravelTap')
    cd /Users/erders/Documents/TravelTap
    

SwiftCompile normal arm64 /Users/erders/Documents/TravelTap/TravelTap/Data/Countries/Africa/CentralAfrica/EquatorialGuinea/EquatorialGuineaPackage.swift (in target 'TravelTap' from project 'TravelTap')
    cd /Users/erders/Documents/TravelTap
    

SwiftCompile normal arm64 /Users/erders/Documents/TravelTap/TravelTap/Data/Countries/Africa/CentralAfrica/Gabon/Cities/GabonInteriorAttractions.swift (in target 'TravelTap' from project 'TravelTap')
    cd /Users/erders/Documents/TravelTap
    

SwiftCompile normal arm64 /Users/erders/Documents/TravelTap/TravelTap/Data/Countries/Africa/CentralAfrica/Gabon/Cities/GabonNationalParksAttractions.swift (in target 'TravelTap' from project 'TravelTap')
    cd /Users/erders/Documents/TravelTap
    

SwiftCompile normal arm64 /Users/erders/Documents/TravelTap/TravelTap/Data/Countries/Africa/CentralAfrica/Gabon/Cities/LibrevilleAttractions.swift (in target 'TravelTap' from project 'TravelTap')
    cd /Users/erders/Documents/TravelTap
    

SwiftCompile normal arm64 /Users/erders/Documents/TravelTap/TravelTap/Data/Countries/Africa/CentralAfrica/Gabon/Cities/PortGentilCoastalAttractions.swift (in target 'TravelTap' from project 'TravelTap')
    cd /Users/erders/Documents/TravelTap
    

SwiftCompile normal arm64 /Users/erders/Documents/TravelTap/TravelTap/Data/Countries/Africa/CentralAfrica/Gabon/GabonPackage.swift (in target 'TravelTap' from project 'TravelTap')
    cd /Users/erders/Documents/TravelTap
    

SwiftCompile normal arm64 Compiling\ MassawaCoastAttractions.swift,\ SouthArchaeologyAttractions.swift,\ EritreaPackage.swift,\ AddisAbabaAttractions.swift,\ EasternEthiopiaAttractions.swift,\ NorthernEthiopiaAttractions.swift,\ SouthernEthiopiaAttractions.swift,\ EthiopiaPackage.swift,\ CentralNorthAttractions.swift,\ CoastalKenyaAttractions.swift,\ MasaiMaraRiftAttractions.swift,\ NairobiAttractions.swift,\ SouthernEasternAttractions.swift,\ WesternKenyaAttractions.swift,\ KenyaPackage.swift,\ CentralHighlandsAttractions.swift,\ EastRainforestsAttractions.swift,\ NorthIslandsAttractions.swift,\ WestSouthAttractions.swift,\ MadagascarPackage.swift,\ LakeMalawiAttractions.swift,\ LilongweCentralAttractions.swift,\ NorthernMalawiAttractions.swift,\ SouthernMalawiAttractions.swift,\ MalawiPackage.swift /Users/erders/Documents/TravelTap/TravelTap/Data/Countries/Africa/EastAfrica/Eritrea/Cities/MassawaCoastAttractions.swift /Users/erders/Documents/TravelTap/TravelTap/Data/Countries/Africa/EastAfrica/Eritrea/Cities/SouthArchaeologyAttractions.swift /Users/erders/Documents/TravelTap/TravelTap/Data/Countries/Africa/EastAfrica/Eritrea/EritreaPackage.swift /Users/erders/Documents/TravelTap/TravelTap/Data/Countries/Africa/EastAfrica/Ethiopia/Cities/AddisAbabaAttractions.swift /Users/erders/Documents/TravelTap/TravelTap/Data/Countries/Africa/EastAfrica/Ethiopia/Cities/EasternEthiopiaAttractions.swift /Users/erders/Documents/TravelTap/TravelTap/Data/Countries/Africa/EastAfrica/Ethiopia/Cities/NorthernEthiopiaAttractions.swift /Users/erders/Documents/TravelTap/TravelTap/Data/Countries/Africa/EastAfrica/Ethiopia/Cities/SouthernEthiopiaAttractions.swift /Users/erders/Documents/TravelTap/TravelTap/Data/Countries/Africa/EastAfrica/Ethiopia/EthiopiaPackage.swift /Users/erders/Documents/TravelTap/TravelTap/Data/Countries/Africa/EastAfrica/Kenya/Cities/CentralNorthAttractions.swift /Users/erders/Documents/TravelTap/TravelTap/Data/Countries/Africa/EastAfrica/Kenya/Cities/CoastalKenyaAttractions.swift /Users/erders/Documents/TravelTap/TravelTap/Data/Countries/Africa/EastAfrica/Kenya/Cities/MasaiMaraRiftAttractions.swift /Users/erders/Documents/TravelTap/TravelTap/Data/Countries/Africa/EastAfrica/Kenya/Cities/NairobiAttractions.swift /Users/erders/Documents/TravelTap/TravelTap/Data/Countries/Africa/EastAfrica/Kenya/Cities/SouthernEasternAttractions.swift /Users/erders/Documents/TravelTap/TravelTap/Data/Countries/Africa/EastAfrica/Kenya/Cities/WesternKenyaAttractions.swift /Users/erders/Documents/TravelTap/TravelTap/Data/Countries/Africa/EastAfrica/Kenya/KenyaPackage.swift /Users/erders/Documents/TravelTap/TravelTap/Data/Countries/Africa/EastAfrica/Madagascar/Cities/CentralHighlandsAttractions.swift /Users/erders/Documents/TravelTap/TravelTap/Data/Countries/Africa/EastAfrica/Madagascar/Cities/EastRainforestsAttractions.swift /Users/erders/Documents/TravelTap/TravelTap/Data/Countries/Africa/EastAfrica/Madagascar/Cities/NorthIslandsAttractions.swift /Users/erders/Documents/TravelTap/TravelTap/Data/Countries/Africa/EastAfrica/Madagascar/Cities/WestSouthAttractions.swift /Users/erders/Documents/TravelTap/TravelTap/Data/Countries/Africa/EastAfrica/Madagascar/MadagascarPackage.swift /Users/erders/Documents/TravelTap/TravelTap/Data/Countries/Africa/EastAfrica/Malawi/Cities/LakeMalawiAttractions.swift /Users/erders/Documents/TravelTap/TravelTap/Data/Countries/Africa/EastAfrica/Malawi/Cities/LilongweCentralAttractions.swift /Users/erders/Documents/TravelTap/TravelTap/Data/Countries/Africa/EastAfrica/Malawi/Cities/NorthernMalawiAttractions.swift /Users/erders/Documents/TravelTap/TravelTap/Data/Countries/Africa/EastAfrica/Malawi/Cities/SouthernMalawiAttractions.swift /Users/erders/Documents/TravelTap/TravelTap/Data/Countries/Africa/EastAfrica/Malawi/MalawiPackage.swift (in target 'TravelTap' from project 'TravelTap')
SwiftCompile normal arm64 /Users/erders/Documents/TravelTap/TravelTap/Data/Countries/Africa/EastAfrica/Eritrea/Cities/MassawaCoastAttractions.swift (in target 'TravelTap' from project 'TravelTap')
    cd /Users/erders/Documents/TravelTap
    

SwiftCompile normal arm64 /Users/erders/Documents/TravelTap/TravelTap/Data/Countries/Africa/EastAfrica/Eritrea/Cities/SouthArchaeologyAttractions.swift (in target 'TravelTap' from project 'TravelTap')
    cd /Users/erders/Documents/TravelTap
    

SwiftCompile normal arm64 /Users/erders/Documents/TravelTap/TravelTap/Data/Countries/Africa/EastAfrica/Eritrea/EritreaPackage.swift (in target 'TravelTap' from project 'TravelTap')
    cd /Users/erders/Documents/TravelTap
    

SwiftCompile normal arm64 /Users/erders/Documents/TravelTap/TravelTap/Data/Countries/Africa/EastAfrica/Ethiopia/Cities/AddisAbabaAttractions.swift (in target 'TravelTap' from project 'TravelTap')
    cd /Users/erders/Documents/TravelTap
    

SwiftCompile normal arm64 /Users/erders/Documents/TravelTap/TravelTap/Data/Countries/Africa/EastAfrica/Ethiopia/Cities/EasternEthiopiaAttractions.swift (in target 'TravelTap' from project 'TravelTap')
    cd /Users/erders/Documents/TravelTap
    

SwiftCompile normal arm64 /Users/erders/Documents/TravelTap/TravelTap/Data/Countries/Africa/EastAfrica/Ethiopia/Cities/NorthernEthiopiaAttractions.swift (in target 'TravelTap' from project 'TravelTap')
    cd /Users/erders/Documents/TravelTap
    

SwiftCompile normal arm64 /Users/erders/Documents/TravelTap/TravelTap/Data/Countries/Africa/EastAfrica/Ethiopia/Cities/SouthernEthiopiaAttractions.swift (in target 'TravelTap' from project 'TravelTap')
    cd /Users/erders/Documents/TravelTap
    

SwiftCompile normal arm64 /Users/erders/Documents/TravelTap/TravelTap/Data/Countries/Africa/EastAfrica/Ethiopia/EthiopiaPackage.swift (in target 'TravelTap' from project 'TravelTap')
    cd /Users/erders/Documents/TravelTap
    

SwiftCompile normal arm64 /Users/erders/Documents/TravelTap/TravelTap/Data/Countries/Africa/EastAfrica/Kenya/Cities/CentralNorthAttractions.swift (in target 'TravelTap' from project 'TravelTap')
    cd /Users/erders/Documents/TravelTap
    

SwiftCompile normal arm64 /Users/erders/Documents/TravelTap/TravelTap/Data/Countries/Africa/EastAfrica/Kenya/Cities/CoastalKenyaAttractions.swift (in target 'TravelTap' from project 'TravelTap')
    cd /Users/erders/Documents/TravelTap
    

SwiftCompile normal arm64 /Users/erders/Documents/TravelTap/TravelTap/Data/Countries/Africa/EastAfrica/Kenya/Cities/MasaiMaraRiftAttractions.swift (in target 'TravelTap' from project 'TravelTap')
    cd /Users/erders/Documents/TravelTap
    

SwiftCompile normal arm64 /Users/erders/Documents/TravelTap/TravelTap/Data/Countries/Africa/EastAfrica/Kenya/Cities/NairobiAttractions.swift (in target 'TravelTap' from project 'TravelTap')
    cd /Users/erders/Documents/TravelTap
    

SwiftCompile normal arm64 /Users/erders/Documents/TravelTap/TravelTap/Data/Countries/Africa/EastAfrica/Kenya/Cities/SouthernEasternAttractions.swift (in target 'TravelTap' from project 'TravelTap')
    cd /Users/erders/Documents/TravelTap
    

SwiftCompile normal arm64 /Users/erders/Documents/TravelTap/TravelTap/Data/Countries/Africa/EastAfrica/Kenya/Cities/WesternKenyaAttractions.swift (in target 'TravelTap' from project 'TravelTap')
    cd /Users/erders/Documents/TravelTap
    

SwiftCompile normal arm64 /Users/erders/Documents/TravelTap/TravelTap/Data/Countries/Africa/EastAfrica/Kenya/KenyaPackage.swift (in target 'TravelTap' from project 'TravelTap')
    cd /Users/erders/Documents/TravelTap
    

SwiftCompile normal arm64 /Users/erders/Documents/TravelTap/TravelTap/Data/Countries/Africa/EastAfrica/Madagascar/Cities/CentralHighlandsAttractions.swift (in target 'TravelTap' from project 'TravelTap')
    cd /Users/erders/Documents/TravelTap
    

SwiftCompile normal arm64 /Users/erders/Documents/TravelTap/TravelTap/Data/Countries/Africa/EastAfrica/Madagascar/Cities/EastRainforestsAttractions.swift (in target 'TravelTap' from project 'TravelTap')
    cd /Users/erders/Documents/TravelTap
    

SwiftCompile normal arm64 /Users/erders/Documents/TravelTap/TravelTap/Data/Countries/Africa/EastAfrica/Madagascar/Cities/NorthIslandsAttractions.swift (in target 'TravelTap' from project 'TravelTap')
    cd /Users/erders/Documents/TravelTap
    

SwiftCompile normal arm64 /Users/erders/Documents/TravelTap/TravelTap/Data/Countries/Africa/EastAfrica/Madagascar/Cities/WestSouthAttractions.swift (in target 'TravelTap' from project 'TravelTap')
    cd /Users/erders/Documents/TravelTap
    

SwiftCompile normal arm64 /Users/erders/Documents/TravelTap/TravelTap/Data/Countries/Africa/EastAfrica/Madagascar/MadagascarPackage.swift (in target 'TravelTap' from project 'TravelTap')
    cd /Users/erders/Documents/TravelTap
    

SwiftCompile normal arm64 /Users/erders/Documents/TravelTap/TravelTap/Data/Countries/Africa/EastAfrica/Malawi/Cities/LakeMalawiAttractions.swift (in target 'TravelTap' from project 'TravelTap')
    cd /Users/erders/Documents/TravelTap
    

SwiftCompile normal arm64 /Users/erders/Documents/TravelTap/TravelTap/Data/Countries/Africa/EastAfrica/Malawi/Cities/LilongweCentralAttractions.swift (in target 'TravelTap' from project 'TravelTap')
    cd /Users/erders/Documents/TravelTap
    

SwiftCompile normal arm64 /Users/erders/Documents/TravelTap/TravelTap/Data/Countries/Africa/EastAfrica/Malawi/Cities/NorthernMalawiAttractions.swift (in target 'TravelTap' from project 'TravelTap')
    cd /Users/erders/Documents/TravelTap
    

SwiftCompile normal arm64 /Users/erders/Documents/TravelTap/TravelTap/Data/Countries/Africa/EastAfrica/Malawi/Cities/SouthernMalawiAttractions.swift (in target 'TravelTap' from project 'TravelTap')
    cd /Users/erders/Documents/TravelTap
    

SwiftCompile normal arm64 /Users/erders/Documents/TravelTap/TravelTap/Data/Countries/Africa/EastAfrica/Malawi/MalawiPackage.swift (in target 'TravelTap' from project 'TravelTap')
    cd /Users/erders/Documents/TravelTap
    

SwiftCompile normal arm64 Compiling\ CentralEastAttractions.swift,\ MauritiusWestSouthAttractions.swift,\ PortLouisNorthAttractions.swift,\ SouthEastRodriguesAttractions.swift,\ MauritiusPackage.swift,\ CentralMozambiqueAttractions.swift,\ InhambaneCoastAttractions.swift,\ MaputoSouthAttractions.swift,\ MozNorthIslandsAttractions.swift,\ MozambiquePackage.swift,\ AkageraEastAttractions.swift,\ KigaliCentralAttractions.swift,\ SouthernRwandaAttractions.swift,\ VolcanoesNorthAttractions.swift,\ WesternLakeKivuAttractions.swift,\ RwandaPackage.swift,\ LaDigueAttractions.swift,\ MaheAttractions.swift,\ OuterIslandsSeychellesAttractions.swift,\ PraslinAttractions.swift,\ SeychellesPackage.swift,\ MogadishuBanadirAttractions.swift,\ NorthEastPuntlandAttractions.swift,\ NorthernSomaliaAttractions.swift,\ SouthCentralSomaliaAttractions.swift /Users/erders/Documents/TravelTap/TravelTap/Data/Countries/Africa/EastAfrica/Mauritius/Cities/CentralEastAttractions.swift /Users/erders/Documents/TravelTap/TravelTap/Data/Countries/Africa/EastAfrica/Mauritius/Cities/MauritiusWestSouthAttractions.swift /Users/erders/Documents/TravelTap/TravelTap/Data/Countries/Africa/EastAfrica/Mauritius/Cities/PortLouisNorthAttractions.swift /Users/erders/Documents/TravelTap/TravelTap/Data/Countries/Africa/EastAfrica/Mauritius/Cities/SouthEastRodriguesAttractions.swift /Users/erders/Documents/TravelTap/TravelTap/Data/Countries/Africa/EastAfrica/Mauritius/MauritiusPackage.swift /Users/erders/Documents/TravelTap/TravelTap/Data/Countries/Africa/EastAfrica/Mozambique/Cities/CentralMozambiqueAttractions.swift /Users/erders/Documents/TravelTap/TravelTap/Data/Countries/Africa/EastAfrica/Mozambique/Cities/InhambaneCoastAttractions.swift /Users/erders/Documents/TravelTap/TravelTap/Data/Countries/Africa/EastAfrica/Mozambique/Cities/MaputoSouthAttractions.swift /Users/erders/Documents/TravelTap/TravelTap/Data/Countries/Africa/EastAfrica/Mozambique/Cities/MozNorthIslandsAttractions.swift /Users/erders/Documents/TravelTap/TravelTap/Data/Countries/Africa/EastAfrica/Mozambique/MozambiquePackage.swift /Users/erders/Documents/TravelTap/TravelTap/Data/Countries/Africa/EastAfrica/Rwanda/Cities/AkageraEastAttractions.swift /Users/erders/Documents/TravelTap/TravelTap/Data/Countries/Africa/EastAfrica/Rwanda/Cities/KigaliCentralAttractions.swift /Users/erders/Documents/TravelTap/TravelTap/Data/Countries/Africa/EastAfrica/Rwanda/Cities/SouthernRwandaAttractions.swift /Users/erders/Documents/TravelTap/TravelTap/Data/Countries/Africa/EastAfrica/Rwanda/Cities/VolcanoesNorthAttractions.swift /Users/erders/Documents/TravelTap/TravelTap/Data/Countries/Africa/EastAfrica/Rwanda/Cities/WesternLakeKivuAttractions.swift /Users/erders/Documents/TravelTap/TravelTap/Data/Countries/Africa/EastAfrica/Rwanda/RwandaPackage.swift /Users/erders/Documents/TravelTap/TravelTap/Data/Countries/Africa/EastAfrica/Seychelles/Cities/LaDigueAttractions.swift /Users/erders/Documents/TravelTap/TravelTap/Data/Countries/Africa/EastAfrica/Seychelles/Cities/MaheAttractions.swift /Users/erders/Documents/TravelTap/TravelTap/Data/Countries/Africa/EastAfrica/Seychelles/Cities/OuterIslandsSeychellesAttractions.swift /Users/erders/Documents/TravelTap/TravelTap/Data/Countries/Africa/EastAfrica/Seychelles/Cities/PraslinAttractions.swift /Users/erders/Documents/TravelTap/TravelTap/Data/Countries/Africa/EastAfrica/Seychelles/SeychellesPackage.swift /Users/erders/Documents/TravelTap/TravelTap/Data/Countries/Africa/EastAfrica/Somalia/Cities/MogadishuBanadirAttractions.swift /Users/erders/Documents/TravelTap/TravelTap/Data/Countries/Africa/EastAfrica/Somalia/Cities/NorthEastPuntlandAttractions.swift /Users/erders/Documents/TravelTap/TravelTap/Data/Countries/Africa/EastAfrica/Somalia/Cities/NorthernSomaliaAttractions.swift /Users/erders/Documents/TravelTap/TravelTap/Data/Countries/Africa/EastAfrica/Somalia/Cities/SouthCentralSomaliaAttractions.swift (in target 'TravelTap' from project 'TravelTap')
SwiftCompile normal arm64 /Users/erders/Documents/TravelTap/TravelTap/Data/Countries/Africa/EastAfrica/Mauritius/Cities/CentralEastAttractions.swift (in target 'TravelTap' from project 'TravelTap')
    cd /Users/erders/Documents/TravelTap
    

SwiftCompile normal arm64 /Users/erders/Documents/TravelTap/TravelTap/Data/Countries/Africa/EastAfrica/Mauritius/Cities/MauritiusWestSouthAttractions.swift (in target 'TravelTap' from project 'TravelTap')
    cd /Users/erders/Documents/TravelTap
    

SwiftCompile normal arm64 /Users/erders/Documents/TravelTap/TravelTap/Data/Countries/Africa/EastAfrica/Mauritius/Cities/PortLouisNorthAttractions.swift (in target 'TravelTap' from project 'TravelTap')
    cd /Users/erders/Documents/TravelTap
    

SwiftCompile normal arm64 /Users/erders/Documents/TravelTap/TravelTap/Data/Countries/Africa/EastAfrica/Mauritius/Cities/SouthEastRodriguesAttractions.swift (in target 'TravelTap' from project 'TravelTap')
    cd /Users/erders/Documents/TravelTap
    

SwiftCompile normal arm64 /Users/erders/Documents/TravelTap/TravelTap/Data/Countries/Africa/EastAfrica/Mauritius/MauritiusPackage.swift (in target 'TravelTap' from project 'TravelTap')
    cd /Users/erders/Documents/TravelTap
    

SwiftCompile normal arm64 /Users/erders/Documents/TravelTap/TravelTap/Data/Countries/Africa/EastAfrica/Mozambique/Cities/CentralMozambiqueAttractions.swift (in target 'TravelTap' from project 'TravelTap')
    cd /Users/erders/Documents/TravelTap
    

SwiftCompile normal arm64 /Users/erders/Documents/TravelTap/TravelTap/Data/Countries/Africa/EastAfrica/Mozambique/Cities/InhambaneCoastAttractions.swift (in target 'TravelTap' from project 'TravelTap')
    cd /Users/erders/Documents/TravelTap
    

SwiftCompile normal arm64 /Users/erders/Documents/TravelTap/TravelTap/Data/Countries/Africa/EastAfrica/Mozambique/Cities/MaputoSouthAttractions.swift (in target 'TravelTap' from project 'TravelTap')
    cd /Users/erders/Documents/TravelTap
    

SwiftCompile normal arm64 /Users/erders/Documents/TravelTap/TravelTap/Data/Countries/Africa/EastAfrica/Mozambique/Cities/MozNorthIslandsAttractions.swift (in target 'TravelTap' from project 'TravelTap')
    cd /Users/erders/Documents/TravelTap
    

SwiftCompile normal arm64 /Users/erders/Documents/TravelTap/TravelTap/Data/Countries/Africa/EastAfrica/Mozambique/MozambiquePackage.swift (in target 'TravelTap' from project 'TravelTap')
    cd /Users/erders/Documents/TravelTap
    

SwiftCompile normal arm64 /Users/erders/Documents/TravelTap/TravelTap/Data/Countries/Africa/EastAfrica/Rwanda/Cities/AkageraEastAttractions.swift (in target 'TravelTap' from project 'TravelTap')
    cd /Users/erders/Documents/TravelTap
    

SwiftCompile normal arm64 /Users/erders/Documents/TravelTap/TravelTap/Data/Countries/Africa/EastAfrica/Rwanda/Cities/KigaliCentralAttractions.swift (in target 'TravelTap' from project 'TravelTap')
    cd /Users/erders/Documents/TravelTap
    

SwiftCompile normal arm64 /Users/erders/Documents/TravelTap/TravelTap/Data/Countries/Africa/EastAfrica/Rwanda/Cities/SouthernRwandaAttractions.swift (in target 'TravelTap' from project 'TravelTap')
    cd /Users/erders/Documents/TravelTap
    

SwiftCompile normal arm64 /Users/erders/Documents/TravelTap/TravelTap/Data/Countries/Africa/EastAfrica/Rwanda/Cities/VolcanoesNorthAttractions.swift (in target 'TravelTap' from project 'TravelTap')
    cd /Users/erders/Documents/TravelTap
    

SwiftCompile normal arm64 /Users/erders/Documents/TravelTap/TravelTap/Data/Countries/Africa/EastAfrica/Rwanda/Cities/WesternLakeKivuAttractions.swift (in target 'TravelTap' from project 'TravelTap')
    cd /Users/erders/Documents/TravelTap
    

SwiftCompile normal arm64 /Users/erders/Documents/TravelTap/TravelTap/Data/Countries/Africa/EastAfrica/Rwanda/RwandaPackage.swift (in target 'TravelTap' from project 'TravelTap')
    cd /Users/erders/Documents/TravelTap
    

SwiftCompile normal arm64 /Users/erders/Documents/TravelTap/TravelTap/Data/Countries/Africa/EastAfrica/Seychelles/Cities/LaDigueAttractions.swift (in target 'TravelTap' from project 'TravelTap')
    cd /Users/erders/Documents/TravelTap
    

SwiftCompile normal arm64 /Users/erders/Documents/TravelTap/TravelTap/Data/Countries/Africa/EastAfrica/Seychelles/Cities/MaheAttractions.swift (in target 'TravelTap' from project 'TravelTap')
    cd /Users/erders/Documents/TravelTap
    

SwiftCompile normal arm64 /Users/erders/Documents/TravelTap/TravelTap/Data/Countries/Africa/EastAfrica/Seychelles/Cities/OuterIslandsSeychellesAttractions.swift (in target 'TravelTap' from project 'TravelTap')
    cd /Users/erders/Documents/TravelTap
    

SwiftCompile normal arm64 /Users/erders/Documents/TravelTap/TravelTap/Data/Countries/Africa/EastAfrica/Seychelles/Cities/PraslinAttractions.swift (in target 'TravelTap' from project 'TravelTap')
    cd /Users/erders/Documents/TravelTap
    

SwiftCompile normal arm64 /Users/erders/Documents/TravelTap/TravelTap/Data/Countries/Africa/EastAfrica/Seychelles/SeychellesPackage.swift (in target 'TravelTap' from project 'TravelTap')
    cd /Users/erders/Documents/TravelTap
    

SwiftCompile normal arm64 /Users/erders/Documents/TravelTap/TravelTap/Data/Countries/Africa/EastAfrica/Somalia/Cities/MogadishuBanadirAttractions.swift (in target 'TravelTap' from project 'TravelTap')
    cd /Users/erders/Documents/TravelTap
    

SwiftCompile normal arm64 /Users/erders/Documents/TravelTap/TravelTap/Data/Countries/Africa/EastAfrica/Somalia/Cities/NorthEastPuntlandAttractions.swift (in target 'TravelTap' from project 'TravelTap')
    cd /Users/erders/Documents/TravelTap
    

SwiftCompile normal arm64 /Users/erders/Documents/TravelTap/TravelTap/Data/Countries/Africa/EastAfrica/Somalia/Cities/NorthernSomaliaAttractions.swift (in target 'TravelTap' from project 'TravelTap')
    cd /Users/erders/Documents/TravelTap
    

SwiftCompile normal arm64 /Users/erders/Documents/TravelTap/TravelTap/Data/Countries/Africa/EastAfrica/Somalia/Cities/SouthCentralSomaliaAttractions.swift (in target 'TravelTap' from project 'TravelTap')
    cd /Users/erders/Documents/TravelTap
    

SwiftCompile normal arm64 Compiling\ HighlandsNorthAttractions.swift,\ MaseruCentralAttractions.swift,\ SaniPassEastAttractions.swift,\ SouthQuthingAttractions.swift,\ LesothoPackage.swift,\ CapriviStripAttractions.swift,\ CoastDamaralandAttractions.swift,\ EtoshaNorthAttractions.swift,\ SossusvleiSouthAttractions.swift,\ WindhoekCentralAttractions.swift,\ NamibiaPackage.swift,\ CapePeninsulaBeachesAttractions.swift,\ CapeTownCityCentreAttractions.swift,\ CapeWinelandsDayTripsAttractions.swift,\ GardenRouteEasternCapeAttractions.swift,\ GautengNorthWestAttractions.swift,\ KrugerMpumalangaLimpopoAttractions.swift,\ KwaZuluNatalDrakensbergAttractions.swift,\ NorthernCapeFreeStateAttractions.swift,\ TableMountainNatureAttractions.swift,\ SouthAfricaPackage.swift,\ BeninPackage.swift,\ CotonouSouthAttractions.swift,\ NorthAtacoraAttractions.swift,\ OuidahSlaveRouteAttractions.swift /Users/erders/Documents/TravelTap/TravelTap/Data/Countries/Africa/SouthernAfrica/Lesotho/Cities/HighlandsNorthAttractions.swift /Users/erders/Documents/TravelTap/TravelTap/Data/Countries/Africa/SouthernAfrica/Lesotho/Cities/MaseruCentralAttractions.swift /Users/erders/Documents/TravelTap/TravelTap/Data/Countries/Africa/SouthernAfrica/Lesotho/Cities/SaniPassEastAttractions.swift /Users/erders/Documents/TravelTap/TravelTap/Data/Countries/Africa/SouthernAfrica/Lesotho/Cities/SouthQuthingAttractions.swift /Users/erders/Documents/TravelTap/TravelTap/Data/Countries/Africa/SouthernAfrica/Lesotho/LesothoPackage.swift /Users/erders/Documents/TravelTap/TravelTap/Data/Countries/Africa/SouthernAfrica/Namibia/Cities/CapriviStripAttractions.swift /Users/erders/Documents/TravelTap/TravelTap/Data/Countries/Africa/SouthernAfrica/Namibia/Cities/CoastDamaralandAttractions.swift /Users/erders/Documents/TravelTap/TravelTap/Data/Countries/Africa/SouthernAfrica/Namibia/Cities/EtoshaNorthAttractions.swift /Users/erders/Documents/TravelTap/TravelTap/Data/Countries/Africa/SouthernAfrica/Namibia/Cities/SossusvleiSouthAttractions.swift /Users/erders/Documents/TravelTap/TravelTap/Data/Countries/Africa/SouthernAfrica/Namibia/Cities/WindhoekCentralAttractions.swift /Users/erders/Documents/TravelTap/TravelTap/Data/Countries/Africa/SouthernAfrica/Namibia/NamibiaPackage.swift /Users/erders/Documents/TravelTap/TravelTap/Data/Countries/Africa/SouthernAfrica/SouthAfrica/Cities/CapePeninsulaBeachesAttractions.swift /Users/erders/Documents/TravelTap/TravelTap/Data/Countries/Africa/SouthernAfrica/SouthAfrica/Cities/CapeTownCityCentreAttractions.swift /Users/erders/Documents/TravelTap/TravelTap/Data/Countries/Africa/SouthernAfrica/SouthAfrica/Cities/CapeWinelandsDayTripsAttractions.swift /Users/erders/Documents/TravelTap/TravelTap/Data/Countries/Africa/SouthernAfrica/SouthAfrica/Cities/GardenRouteEasternCapeAttractions.swift /Users/erders/Documents/TravelTap/TravelTap/Data/Countries/Africa/SouthernAfrica/SouthAfrica/Cities/GautengNorthWestAttractions.swift /Users/erders/Documents/TravelTap/TravelTap/Data/Countries/Africa/SouthernAfrica/SouthAfrica/Cities/KrugerMpumalangaLimpopoAttractions.swift /Users/erders/Documents/TravelTap/TravelTap/Data/Countries/Africa/SouthernAfrica/SouthAfrica/Cities/KwaZuluNatalDrakensbergAttractions.swift /Users/erders/Documents/TravelTap/TravelTap/Data/Countries/Africa/SouthernAfrica/SouthAfrica/Cities/NorthernCapeFreeStateAttractions.swift /Users/erders/Documents/TravelTap/TravelTap/Data/Countries/Africa/SouthernAfrica/SouthAfrica/Cities/TableMountainNatureAttractions.swift /Users/erders/Documents/TravelTap/TravelTap/Data/Countries/Africa/SouthernAfrica/SouthAfrica/SouthAfricaPackage.swift /Users/erders/Documents/TravelTap/TravelTap/Data/Countries/Africa/WestAfrica/Benin/BeninPackage.swift /Users/erders/Documents/TravelTap/TravelTap/Data/Countries/Africa/WestAfrica/Benin/Cities/CotonouSouthAttractions.swift /Users/erders/Documents/TravelTap/TravelTap/Data/Countries/Africa/WestAfrica/Benin/Cities/NorthAtacoraAttractions.swift /Users/erders/Documents/TravelTap/TravelTap/Data/Countries/Africa/WestAfrica/Benin/Cities/OuidahSlaveRouteAttractions.swift (in target 'TravelTap' from project 'TravelTap')

SwiftCompile normal arm64 /Users/erders/Documents/TravelTap/TravelTap/Data/Countries/Africa/SouthernAfrica/Lesotho/Cities/HighlandsNorthAttractions.swift (in target 'TravelTap' from project 'TravelTap')
    cd /Users/erders/Documents/TravelTap
    

SwiftCompile normal arm64 /Users/erders/Documents/TravelTap/TravelTap/Data/Countries/Africa/SouthernAfrica/Lesotho/Cities/MaseruCentralAttractions.swift (in target 'TravelTap' from project 'TravelTap')
    cd /Users/erders/Documents/TravelTap
    

SwiftCompile normal arm64 /Users/erders/Documents/TravelTap/TravelTap/Data/Countries/Africa/SouthernAfrica/Lesotho/Cities/SaniPassEastAttractions.swift (in target 'TravelTap' from project 'TravelTap')
    cd /Users/erders/Documents/TravelTap
    

SwiftCompile normal arm64 /Users/erders/Documents/TravelTap/TravelTap/Data/Countries/Africa/SouthernAfrica/Lesotho/Cities/SouthQuthingAttractions.swift (in target 'TravelTap' from project 'TravelTap')
    cd /Users/erders/Documents/TravelTap
    

SwiftCompile normal arm64 /Users/erders/Documents/TravelTap/TravelTap/Data/Countries/Africa/SouthernAfrica/Lesotho/LesothoPackage.swift (in target 'TravelTap' from project 'TravelTap')
    cd /Users/erders/Documents/TravelTap
    

SwiftCompile normal arm64 /Users/erders/Documents/TravelTap/TravelTap/Data/Countries/Africa/SouthernAfrica/Namibia/Cities/CapriviStripAttractions.swift (in target 'TravelTap' from project 'TravelTap')
    cd /Users/erders/Documents/TravelTap
    

SwiftCompile normal arm64 /Users/erders/Documents/TravelTap/TravelTap/Data/Countries/Africa/SouthernAfrica/Namibia/Cities/CoastDamaralandAttractions.swift (in target 'TravelTap' from project 'TravelTap')
    cd /Users/erders/Documents/TravelTap
    

SwiftCompile normal arm64 /Users/erders/Documents/TravelTap/TravelTap/Data/Countries/Africa/SouthernAfrica/Namibia/Cities/EtoshaNorthAttractions.swift (in target 'TravelTap' from project 'TravelTap')
    cd /Users/erders/Documents/TravelTap
    

SwiftCompile normal arm64 /Users/erders/Documents/TravelTap/TravelTap/Data/Countries/Africa/SouthernAfrica/Namibia/Cities/SossusvleiSouthAttractions.swift (in target 'TravelTap' from project 'TravelTap')
    cd /Users/erders/Documents/TravelTap
    

SwiftCompile normal arm64 /Users/erders/Documents/TravelTap/TravelTap/Data/Countries/Africa/SouthernAfrica/Namibia/Cities/WindhoekCentralAttractions.swift (in target 'TravelTap' from project 'TravelTap')
    cd /Users/erders/Documents/TravelTap
    

SwiftCompile normal arm64 /Users/erders/Documents/TravelTap/TravelTap/Data/Countries/Africa/SouthernAfrica/Namibia/NamibiaPackage.swift (in target 'TravelTap' from project 'TravelTap')
    cd /Users/erders/Documents/TravelTap
    

SwiftCompile normal arm64 /Users/erders/Documents/TravelTap/TravelTap/Data/Countries/Africa/SouthernAfrica/SouthAfrica/Cities/CapePeninsulaBeachesAttractions.swift (in target 'TravelTap' from project 'TravelTap')
    cd /Users/erders/Documents/TravelTap
    

SwiftCompile normal arm64 /Users/erders/Documents/TravelTap/TravelTap/Data/Countries/Africa/SouthernAfrica/SouthAfrica/Cities/CapeTownCityCentreAttractions.swift (in target 'TravelTap' from project 'TravelTap')
    cd /Users/erders/Documents/TravelTap
    

SwiftCompile normal arm64 /Users/erders/Documents/TravelTap/TravelTap/Data/Countries/Africa/SouthernAfrica/SouthAfrica/Cities/CapeWinelandsDayTripsAttractions.swift (in target 'TravelTap' from project 'TravelTap')
    cd /Users/erders/Documents/TravelTap
    

SwiftCompile normal arm64 /Users/erders/Documents/TravelTap/TravelTap/Data/Countries/Africa/SouthernAfrica/SouthAfrica/Cities/GardenRouteEasternCapeAttractions.swift (in target 'TravelTap' from project 'TravelTap')
    cd /Users/erders/Documents/TravelTap
    

SwiftCompile normal arm64 /Users/erders/Documents/TravelTap/TravelTap/Data/Countries/Africa/SouthernAfrica/SouthAfrica/Cities/GautengNorthWestAttractions.swift (in target 'TravelTap' from project 'TravelTap')
    cd /Users/erders/Documents/TravelTap
    

SwiftCompile normal arm64 /Users/erders/Documents/TravelTap/TravelTap/Data/Countries/Africa/SouthernAfrica/SouthAfrica/Cities/KrugerMpumalangaLimpopoAttractions.swift (in target 'TravelTap' from project 'TravelTap')
    cd /Users/erders/Documents/TravelTap
    

SwiftCompile normal arm64 /Users/erders/Documents/TravelTap/TravelTap/Data/Countries/Africa/SouthernAfrica/SouthAfrica/Cities/KwaZuluNatalDrakensbergAttractions.swift (in target 'TravelTap' from project 'TravelTap')
    cd /Users/erders/Documents/TravelTap
    

SwiftCompile normal arm64 /Users/erders/Documents/TravelTap/TravelTap/Data/Countries/Africa/SouthernAfrica/SouthAfrica/Cities/NorthernCapeFreeStateAttractions.swift (in target 'TravelTap' from project 'TravelTap')
    cd /Users/erders/Documents/TravelTap
    

SwiftCompile normal arm64 /Users/erders/Documents/TravelTap/TravelTap/Data/Countries/Africa/SouthernAfrica/SouthAfrica/Cities/TableMountainNatureAttractions.swift (in target 'TravelTap' from project 'TravelTap')
    cd /Users/erders/Documents/TravelTap
    

SwiftCompile normal arm64 /Users/erders/Documents/TravelTap/TravelTap/Data/Countries/Africa/SouthernAfrica/SouthAfrica/SouthAfricaPackage.swift (in target 'TravelTap' from project 'TravelTap')
    cd /Users/erders/Documents/TravelTap
    

SwiftCompile normal arm64 /Users/erders/Documents/TravelTap/TravelTap/Data/Countries/Africa/WestAfrica/Benin/BeninPackage.swift (in target 'TravelTap' from project 'TravelTap')
    cd /Users/erders/Documents/TravelTap
    

SwiftCompile normal arm64 /Users/erders/Documents/TravelTap/TravelTap/Data/Countries/Africa/WestAfrica/Benin/Cities/CotonouSouthAttractions.swift (in target 'TravelTap' from project 'TravelTap')
    cd /Users/erders/Documents/TravelTap
    

SwiftCompile normal arm64 /Users/erders/Documents/TravelTap/TravelTap/Data/Countries/Africa/WestAfrica/Benin/Cities/NorthAtacoraAttractions.swift (in target 'TravelTap' from project 'TravelTap')
    cd /Users/erders/Documents/TravelTap
    

SwiftCompile normal arm64 /Users/erders/Documents/TravelTap/TravelTap/Data/Countries/Africa/WestAfrica/Benin/Cities/OuidahSlaveRouteAttractions.swift (in target 'TravelTap' from project 'TravelTap')
    cd /Users/erders/Documents/TravelTap
    

SwiftCompile normal arm64 Compiling\ GreatZimbabweMasvingoAttractions.swift,\ HarareAttractions.swift,\ KaribaManaPoolsAttractions.swift,\ VictoriaFallsHwangeAttractions.swift,\ ZimbabwePackage.swift,\ AlgeriaPackage.swift,\ AlgerianSaharaAttractions.swift,\ AlgiersCentralAttractions.swift,\ ConstantineEastAttractions.swift,\ KabylieCoastAttractions.swift,\ OranWestAttractions.swift,\ AlexandriaNorthCoastAttractions.swift,\ AswanNubiaAttractions.swift,\ CairoGizaAttractions.swift,\ LuxorNileValleyAttractions.swift,\ RedSeaSinaiAttractions.swift,\ WesternDesertAttractions.swift,\ EgyptPackage.swift,\ CyrenaicaAttractions.swift,\ FezzanSaharaAttractions.swift,\ TripolitaniaAttractions.swift,\ LibyaPackage.swift,\ DesertOuarzazateAttractions.swift,\ EssaouiraAgadirCoastAttractions.swift,\ FesMeknesNorthAttractions.swift /Users/erders/Documents/TravelTap/TravelTap/Data/Countries/Africa/EastAfrica/Zimbabwe/Cities/GreatZimbabweMasvingoAttractions.swift /Users/erders/Documents/TravelTap/TravelTap/Data/Countries/Africa/EastAfrica/Zimbabwe/Cities/HarareAttractions.swift /Users/erders/Documents/TravelTap/TravelTap/Data/Countries/Africa/EastAfrica/Zimbabwe/Cities/KaribaManaPoolsAttractions.swift /Users/erders/Documents/TravelTap/TravelTap/Data/Countries/Africa/EastAfrica/Zimbabwe/Cities/VictoriaFallsHwangeAttractions.swift /Users/erders/Documents/TravelTap/TravelTap/Data/Countries/Africa/EastAfrica/Zimbabwe/ZimbabwePackage.swift /Users/erders/Documents/TravelTap/TravelTap/Data/Countries/Africa/NorthAfrica/Algeria/AlgeriaPackage.swift /Users/erders/Documents/TravelTap/TravelTap/Data/Countries/Africa/NorthAfrica/Algeria/Cities/AlgerianSaharaAttractions.swift /Users/erders/Documents/TravelTap/TravelTap/Data/Countries/Africa/NorthAfrica/Algeria/Cities/AlgiersCentralAttractions.swift /Users/erders/Documents/TravelTap/TravelTap/Data/Countries/Africa/NorthAfrica/Algeria/Cities/ConstantineEastAttractions.swift /Users/erders/Documents/TravelTap/TravelTap/Data/Countries/Africa/NorthAfrica/Algeria/Cities/KabylieCoastAttractions.swift /Users/erders/Documents/TravelTap/TravelTap/Data/Countries/Africa/NorthAfrica/Algeria/Cities/OranWestAttractions.swift /Users/erders/Documents/TravelTap/TravelTap/Data/Countries/Africa/NorthAfrica/Egypt/Cities/AlexandriaNorthCoastAttractions.swift /Users/erders/Documents/TravelTap/TravelTap/Data/Countries/Africa/NorthAfrica/Egypt/Cities/AswanNubiaAttractions.swift /Users/erders/Documents/TravelTap/TravelTap/Data/Countries/Africa/NorthAfrica/Egypt/Cities/CairoGizaAttractions.swift /Users/erders/Documents/TravelTap/TravelTap/Data/Countries/Africa/NorthAfrica/Egypt/Cities/LuxorNileValleyAttractions.swift /Users/erders/Documents/TravelTap/TravelTap/Data/Countries/Africa/NorthAfrica/Egypt/Cities/RedSeaSinaiAttractions.swift /Users/erders/Documents/TravelTap/TravelTap/Data/Countries/Africa/NorthAfrica/Egypt/Cities/WesternDesertAttractions.swift /Users/erders/Documents/TravelTap/TravelTap/Data/Countries/Africa/NorthAfrica/Egypt/EgyptPackage.swift /Users/erders/Documents/TravelTap/TravelTap/Data/Countries/Africa/NorthAfrica/Libya/Cities/CyrenaicaAttractions.swift /Users/erders/Documents/TravelTap/TravelTap/Data/Countries/Africa/NorthAfrica/Libya/Cities/FezzanSaharaAttractions.swift /Users/erders/Documents/TravelTap/TravelTap/Data/Countries/Africa/NorthAfrica/Libya/Cities/TripolitaniaAttractions.swift /Users/erders/Documents/TravelTap/TravelTap/Data/Countries/Africa/NorthAfrica/Libya/LibyaPackage.swift /Users/erders/Documents/TravelTap/TravelTap/Data/Countries/Africa/NorthAfrica/Morocco/Cities/DesertOuarzazateAttractions.swift /Users/erders/Documents/TravelTap/TravelTap/Data/Countries/Africa/NorthAfrica/Morocco/Cities/EssaouiraAgadirCoastAttractions.swift /Users/erders/Documents/TravelTap/TravelTap/Data/Countries/Africa/NorthAfrica/Morocco/Cities/FesMeknesNorthAttractions.swift (in target 'TravelTap' from project 'TravelTap')
SwiftCompile normal arm64 /Users/erders/Documents/TravelTap/TravelTap/Data/Countries/Africa/EastAfrica/Zimbabwe/Cities/GreatZimbabweMasvingoAttractions.swift (in target 'TravelTap' from project 'TravelTap')
    cd /Users/erders/Documents/TravelTap
    

SwiftCompile normal arm64 /Users/erders/Documents/TravelTap/TravelTap/Data/Countries/Africa/EastAfrica/Zimbabwe/Cities/HarareAttractions.swift (in target 'TravelTap' from project 'TravelTap')
    cd /Users/erders/Documents/TravelTap
    

SwiftCompile normal arm64 /Users/erders/Documents/TravelTap/TravelTap/Data/Countries/Africa/EastAfrica/Zimbabwe/Cities/KaribaManaPoolsAttractions.swift (in target 'TravelTap' from project 'TravelTap')
    cd /Users/erders/Documents/TravelTap
    

SwiftCompile normal arm64 /Users/erders/Documents/TravelTap/TravelTap/Data/Countries/Africa/EastAfrica/Zimbabwe/Cities/VictoriaFallsHwangeAttractions.swift (in target 'TravelTap' from project 'TravelTap')
    cd /Users/erders/Documents/TravelTap
    

SwiftCompile normal arm64 /Users/erders/Documents/TravelTap/TravelTap/Data/Countries/Africa/EastAfrica/Zimbabwe/ZimbabwePackage.swift (in target 'TravelTap' from project 'TravelTap')
    cd /Users/erders/Documents/TravelTap
    

SwiftCompile normal arm64 /Users/erders/Documents/TravelTap/TravelTap/Data/Countries/Africa/NorthAfrica/Algeria/AlgeriaPackage.swift (in target 'TravelTap' from project 'TravelTap')
    cd /Users/erders/Documents/TravelTap
    

SwiftCompile normal arm64 /Users/erders/Documents/TravelTap/TravelTap/Data/Countries/Africa/NorthAfrica/Algeria/Cities/AlgerianSaharaAttractions.swift (in target 'TravelTap' from project 'TravelTap')
    cd /Users/erders/Documents/TravelTap
    

SwiftCompile normal arm64 /Users/erders/Documents/TravelTap/TravelTap/Data/Countries/Africa/NorthAfrica/Algeria/Cities/AlgiersCentralAttractions.swift (in target 'TravelTap' from project 'TravelTap')
    cd /Users/erders/Documents/TravelTap
    

SwiftCompile normal arm64 /Users/erders/Documents/TravelTap/TravelTap/Data/Countries/Africa/NorthAfrica/Algeria/Cities/ConstantineEastAttractions.swift (in target 'TravelTap' from project 'TravelTap')
    cd /Users/erders/Documents/TravelTap
    

SwiftCompile normal arm64 /Users/erders/Documents/TravelTap/TravelTap/Data/Countries/Africa/NorthAfrica/Algeria/Cities/KabylieCoastAttractions.swift (in target 'TravelTap' from project 'TravelTap')
    cd /Users/erders/Documents/TravelTap
    

SwiftCompile normal arm64 /Users/erders/Documents/TravelTap/TravelTap/Data/Countries/Africa/NorthAfrica/Algeria/Cities/OranWestAttractions.swift (in target 'TravelTap' from project 'TravelTap')
    cd /Users/erders/Documents/TravelTap
    

SwiftCompile normal arm64 /Users/erders/Documents/TravelTap/TravelTap/Data/Countries/Africa/NorthAfrica/Egypt/Cities/AlexandriaNorthCoastAttractions.swift (in target 'TravelTap' from project 'TravelTap')
    cd /Users/erders/Documents/TravelTap
    

SwiftCompile normal arm64 /Users/erders/Documents/TravelTap/TravelTap/Data/Countries/Africa/NorthAfrica/Egypt/Cities/AswanNubiaAttractions.swift (in target 'TravelTap' from project 'TravelTap')
    cd /Users/erders/Documents/TravelTap
    

SwiftCompile normal arm64 /Users/erders/Documents/TravelTap/TravelTap/Data/Countries/Africa/NorthAfrica/Egypt/Cities/CairoGizaAttractions.swift (in target 'TravelTap' from project 'TravelTap')
    cd /Users/erders/Documents/TravelTap
    

SwiftCompile normal arm64 /Users/erders/Documents/TravelTap/TravelTap/Data/Countries/Africa/NorthAfrica/Egypt/Cities/LuxorNileValleyAttractions.swift (in target 'TravelTap' from project 'TravelTap')
    cd /Users/erders/Documents/TravelTap
    

SwiftCompile normal arm64 /Users/erders/Documents/TravelTap/TravelTap/Data/Countries/Africa/NorthAfrica/Egypt/Cities/RedSeaSinaiAttractions.swift (in target 'TravelTap' from project 'TravelTap')
    cd /Users/erders/Documents/TravelTap
    

SwiftCompile normal arm64 /Users/erders/Documents/TravelTap/TravelTap/Data/Countries/Africa/NorthAfrica/Egypt/Cities/WesternDesertAttractions.swift (in target 'TravelTap' from project 'TravelTap')
    cd /Users/erders/Documents/TravelTap
    

SwiftCompile normal arm64 /Users/erders/Documents/TravelTap/TravelTap/Data/Countries/Africa/NorthAfrica/Egypt/EgyptPackage.swift (in target 'TravelTap' from project 'TravelTap')
    cd /Users/erders/Documents/TravelTap
    

SwiftCompile normal arm64 /Users/erders/Documents/TravelTap/TravelTap/Data/Countries/Africa/NorthAfrica/Libya/Cities/CyrenaicaAttractions.swift (in target 'TravelTap' from project 'TravelTap')
    cd /Users/erders/Documents/TravelTap
    

SwiftCompile normal arm64 /Users/erders/Documents/TravelTap/TravelTap/Data/Countries/Africa/NorthAfrica/Libya/Cities/FezzanSaharaAttractions.swift (in target 'TravelTap' from project 'TravelTap')
    cd /Users/erders/Documents/TravelTap
    

SwiftCompile normal arm64 /Users/erders/Documents/TravelTap/TravelTap/Data/Countries/Africa/NorthAfrica/Libya/Cities/TripolitaniaAttractions.swift (in target 'TravelTap' from project 'TravelTap')
    cd /Users/erders/Documents/TravelTap
    

SwiftCompile normal arm64 /Users/erders/Documents/TravelTap/TravelTap/Data/Countries/Africa/NorthAfrica/Libya/LibyaPackage.swift (in target 'TravelTap' from project 'TravelTap')
    cd /Users/erders/Documents/TravelTap
    

SwiftCompile normal arm64 /Users/erders/Documents/TravelTap/TravelTap/Data/Countries/Africa/NorthAfrica/Morocco/Cities/DesertOuarzazateAttractions.swift (in target 'TravelTap' from project 'TravelTap')
    cd /Users/erders/Documents/TravelTap
    

SwiftCompile normal arm64 /Users/erders/Documents/TravelTap/TravelTap/Data/Countries/Africa/NorthAfrica/Morocco/Cities/EssaouiraAgadirCoastAttractions.swift (in target 'TravelTap' from project 'TravelTap')
    cd /Users/erders/Documents/TravelTap
    

SwiftCompile normal arm64 /Users/erders/Documents/TravelTap/TravelTap/Data/Countries/Africa/NorthAfrica/Morocco/Cities/FesMeknesNorthAttractions.swift (in target 'TravelTap' from project 'TravelTap')
    cd /Users/erders/Documents/TravelTap
    

SwiftCompile normal arm64 Compiling\ TravelStatsCardView.swift,\ AngolaPackage.swift,\ BenguelaAttractions.swift,\ HuilaAttractions.swift,\ KwanzaNorteAttractions.swift,\ LuandaAttractions.swift,\ MalanjeAttractions.swift,\ MbanzaKongoAttractions.swift,\ MoxicoAttractions.swift,\ NamibeAttractions.swift,\ CameroonPackage.swift,\ DoualaAttractions.swift,\ NorthAttractions.swift,\ SouthAttractions.swift,\ SouthWestAttractions.swift,\ WestNorthWestAttractions.swift,\ YaoundeAttractions.swift,\ CentralAfricanRepublicPackage.swift,\ BanguiAttractions.swift,\ BoaliAttractions.swift,\ CentralCARAttractions.swift,\ DzangaSanghaAttractions.swift,\ NorthernParksAttractions.swift,\ SouthEastAttractions.swift,\ ChadPackage.swift /Users/erders/Documents/TravelTap/TravelTap/Views/TravelStatsCardView.swift /Users/erders/Documents/TravelTap/TravelTap/Data/Countries/Africa/CentralAfrica/Angola/AngolaPackage.swift /Users/erders/Documents/TravelTap/TravelTap/Data/Countries/Africa/CentralAfrica/Angola/Cities/BenguelaAttractions.swift /Users/erders/Documents/TravelTap/TravelTap/Data/Countries/Africa/CentralAfrica/Angola/Cities/HuilaAttractions.swift /Users/erders/Documents/TravelTap/TravelTap/Data/Countries/Africa/CentralAfrica/Angola/Cities/KwanzaNorteAttractions.swift /Users/erders/Documents/TravelTap/TravelTap/Data/Countries/Africa/CentralAfrica/Angola/Cities/LuandaAttractions.swift /Users/erders/Documents/TravelTap/TravelTap/Data/Countries/Africa/CentralAfrica/Angola/Cities/MalanjeAttractions.swift /Users/erders/Documents/TravelTap/TravelTap/Data/Countries/Africa/CentralAfrica/Angola/Cities/MbanzaKongoAttractions.swift /Users/erders/Documents/TravelTap/TravelTap/Data/Countries/Africa/CentralAfrica/Angola/Cities/MoxicoAttractions.swift /Users/erders/Documents/TravelTap/TravelTap/Data/Countries/Africa/CentralAfrica/Angola/Cities/NamibeAttractions.swift /Users/erders/Documents/TravelTap/TravelTap/Data/Countries/Africa/CentralAfrica/Cameroon/CameroonPackage.swift /Users/erders/Documents/TravelTap/TravelTap/Data/Countries/Africa/CentralAfrica/Cameroon/Cities/DoualaAttractions.swift /Users/erders/Documents/TravelTap/TravelTap/Data/Countries/Africa/CentralAfrica/Cameroon/Cities/NorthAttractions.swift /Users/erders/Documents/TravelTap/TravelTap/Data/Countries/Africa/CentralAfrica/Cameroon/Cities/SouthAttractions.swift /Users/erders/Documents/TravelTap/TravelTap/Data/Countries/Africa/CentralAfrica/Cameroon/Cities/SouthWestAttractions.swift /Users/erders/Documents/TravelTap/TravelTap/Data/Countries/Africa/CentralAfrica/Cameroon/Cities/WestNorthWestAttractions.swift /Users/erders/Documents/TravelTap/TravelTap/Data/Countries/Africa/CentralAfrica/Cameroon/Cities/YaoundeAttractions.swift /Users/erders/Documents/TravelTap/TravelTap/Data/Countries/Africa/CentralAfrica/CentralAfricanRepublic/CentralAfricanRepublicPackage.swift /Users/erders/Documents/TravelTap/TravelTap/Data/Countries/Africa/CentralAfrica/CentralAfricanRepublic/Cities/BanguiAttractions.swift /Users/erders/Documents/TravelTap/TravelTap/Data/Countries/Africa/CentralAfrica/CentralAfricanRepublic/Cities/BoaliAttractions.swift /Users/erders/Documents/TravelTap/TravelTap/Data/Countries/Africa/CentralAfrica/CentralAfricanRepublic/Cities/CentralCARAttractions.swift /Users/erders/Documents/TravelTap/TravelTap/Data/Countries/Africa/CentralAfrica/CentralAfricanRepublic/Cities/DzangaSanghaAttractions.swift /Users/erders/Documents/TravelTap/TravelTap/Data/Countries/Africa/CentralAfrica/CentralAfricanRepublic/Cities/NorthernParksAttractions.swift /Users/erders/Documents/TravelTap/TravelTap/Data/Countries/Africa/CentralAfrica/CentralAfricanRepublic/Cities/SouthEastAttractions.swift /Users/erders/Documents/TravelTap/TravelTap/Data/Countries/Africa/CentralAfrica/Chad/ChadPackage.swift (in target 'TravelTap' from project 'TravelTap')
SwiftCompile normal arm64 /Users/erders/Documents/TravelTap/TravelTap/Views/TravelStatsCardView.swift (in target 'TravelTap' from project 'TravelTap')
    cd /Users/erders/Documents/TravelTap
    

SwiftCompile normal arm64 /Users/erders/Documents/TravelTap/TravelTap/Data/Countries/Africa/CentralAfrica/Angola/AngolaPackage.swift (in target 'TravelTap' from project 'TravelTap')
    cd /Users/erders/Documents/TravelTap
    

SwiftCompile normal arm64 /Users/erders/Documents/TravelTap/TravelTap/Data/Countries/Africa/CentralAfrica/Angola/Cities/BenguelaAttractions.swift (in target 'TravelTap' from project 'TravelTap')
    cd /Users/erders/Documents/TravelTap
    

SwiftCompile normal arm64 /Users/erders/Documents/TravelTap/TravelTap/Data/Countries/Africa/CentralAfrica/Angola/Cities/HuilaAttractions.swift (in target 'TravelTap' from project 'TravelTap')
    cd /Users/erders/Documents/TravelTap
    

SwiftCompile normal arm64 /Users/erders/Documents/TravelTap/TravelTap/Data/Countries/Africa/CentralAfrica/Angola/Cities/KwanzaNorteAttractions.swift (in target 'TravelTap' from project 'TravelTap')
    cd /Users/erders/Documents/TravelTap
    

SwiftCompile normal arm64 /Users/erders/Documents/TravelTap/TravelTap/Data/Countries/Africa/CentralAfrica/Angola/Cities/LuandaAttractions.swift (in target 'TravelTap' from project 'TravelTap')
    cd /Users/erders/Documents/TravelTap
    

SwiftCompile normal arm64 /Users/erders/Documents/TravelTap/TravelTap/Data/Countries/Africa/CentralAfrica/Angola/Cities/MalanjeAttractions.swift (in target 'TravelTap' from project 'TravelTap')
    cd /Users/erders/Documents/TravelTap
    

SwiftCompile normal arm64 /Users/erders/Documents/TravelTap/TravelTap/Data/Countries/Africa/CentralAfrica/Angola/Cities/MbanzaKongoAttractions.swift (in target 'TravelTap' from project 'TravelTap')
    cd /Users/erders/Documents/TravelTap
    

SwiftCompile normal arm64 /Users/erders/Documents/TravelTap/TravelTap/Data/Countries/Africa/CentralAfrica/Angola/Cities/MoxicoAttractions.swift (in target 'TravelTap' from project 'TravelTap')
    cd /Users/erders/Documents/TravelTap
    

SwiftCompile normal arm64 /Users/erders/Documents/TravelTap/TravelTap/Data/Countries/Africa/CentralAfrica/Angola/Cities/NamibeAttractions.swift (in target 'TravelTap' from project 'TravelTap')
    cd /Users/erders/Documents/TravelTap
    

SwiftCompile normal arm64 /Users/erders/Documents/TravelTap/TravelTap/Data/Countries/Africa/CentralAfrica/Cameroon/CameroonPackage.swift (in target 'TravelTap' from project 'TravelTap')
    cd /Users/erders/Documents/TravelTap
    

SwiftCompile normal arm64 /Users/erders/Documents/TravelTap/TravelTap/Data/Countries/Africa/CentralAfrica/Cameroon/Cities/DoualaAttractions.swift (in target 'TravelTap' from project 'TravelTap')
    cd /Users/erders/Documents/TravelTap
    

SwiftCompile normal arm64 /Users/erders/Documents/TravelTap/TravelTap/Data/Countries/Africa/CentralAfrica/Cameroon/Cities/NorthAttractions.swift (in target 'TravelTap' from project 'TravelTap')
    cd /Users/erders/Documents/TravelTap
    

SwiftCompile normal arm64 /Users/erders/Documents/TravelTap/TravelTap/Data/Countries/Africa/CentralAfrica/Cameroon/Cities/SouthAttractions.swift (in target 'TravelTap' from project 'TravelTap')
    cd /Users/erders/Documents/TravelTap
    

SwiftCompile normal arm64 /Users/erders/Documents/TravelTap/TravelTap/Data/Countries/Africa/CentralAfrica/Cameroon/Cities/SouthWestAttractions.swift (in target 'TravelTap' from project 'TravelTap')
    cd /Users/erders/Documents/TravelTap
    

SwiftCompile normal arm64 /Users/erders/Documents/TravelTap/TravelTap/Data/Countries/Africa/CentralAfrica/Cameroon/Cities/WestNorthWestAttractions.swift (in target 'TravelTap' from project 'TravelTap')
    cd /Users/erders/Documents/TravelTap
    

SwiftCompile normal arm64 /Users/erders/Documents/TravelTap/TravelTap/Data/Countries/Africa/CentralAfrica/Cameroon/Cities/YaoundeAttractions.swift (in target 'TravelTap' from project 'TravelTap')
    cd /Users/erders/Documents/TravelTap
    

SwiftCompile normal arm64 /Users/erders/Documents/TravelTap/TravelTap/Data/Countries/Africa/CentralAfrica/CentralAfricanRepublic/CentralAfricanRepublicPackage.swift (in target 'TravelTap' from project 'TravelTap')
    cd /Users/erders/Documents/TravelTap
    

SwiftCompile normal arm64 /Users/erders/Documents/TravelTap/TravelTap/Data/Countries/Africa/CentralAfrica/CentralAfricanRepublic/Cities/BanguiAttractions.swift (in target 'TravelTap' from project 'TravelTap')
    cd /Users/erders/Documents/TravelTap
    

SwiftCompile normal arm64 /Users/erders/Documents/TravelTap/TravelTap/Data/Countries/Africa/CentralAfrica/CentralAfricanRepublic/Cities/BoaliAttractions.swift (in target 'TravelTap' from project 'TravelTap')
    cd /Users/erders/Documents/TravelTap
    

SwiftCompile normal arm64 /Users/erders/Documents/TravelTap/TravelTap/Data/Countries/Africa/CentralAfrica/CentralAfricanRepublic/Cities/CentralCARAttractions.swift (in target 'TravelTap' from project 'TravelTap')
    cd /Users/erders/Documents/TravelTap
    

SwiftCompile normal arm64 /Users/erders/Documents/TravelTap/TravelTap/Data/Countries/Africa/CentralAfrica/CentralAfricanRepublic/Cities/DzangaSanghaAttractions.swift (in target 'TravelTap' from project 'TravelTap')
    cd /Users/erders/Documents/TravelTap
    

SwiftCompile normal arm64 /Users/erders/Documents/TravelTap/TravelTap/Data/Countries/Africa/CentralAfrica/CentralAfricanRepublic/Cities/NorthernParksAttractions.swift (in target 'TravelTap' from project 'TravelTap')
    cd /Users/erders/Documents/TravelTap
    

SwiftCompile normal arm64 /Users/erders/Documents/TravelTap/TravelTap/Data/Countries/Africa/CentralAfrica/CentralAfricanRepublic/Cities/SouthEastAttractions.swift (in target 'TravelTap' from project 'TravelTap')
    cd /Users/erders/Documents/TravelTap
    

SwiftCompile normal arm64 /Users/erders/Documents/TravelTap/TravelTap/Data/Countries/Africa/CentralAfrica/Chad/ChadPackage.swift (in target 'TravelTap' from project 'TravelTap')
    cd /Users/erders/Documents/TravelTap
    

SwiftCompile normal arm64 Compiling\ BrazzavilleAttractions.swift,\ NorthernCongoAttractions.swift,\ PointeNoireAttractions.swift,\ SouthernCongoAttractions.swift,\ RepublicoftheCongoPackage.swift,\ PrincipeAttractions.swift,\ SaoTomeCityAttractions.swift,\ SaoTomeNorthCentralAttractions.swift,\ SaoTomeSouthEastAttractions.swift,\ SaoTomeandPrincipePackage.swift,\ BurundiPackage.swift,\ BujumburaAttractions.swift,\ GitegaCentralAttractions.swift,\ NorthernBurundiAttractions.swift,\ SouthernBurundiAttractions.swift,\ AnjouanAttractions.swift,\ GrandeComoreAttractions.swift,\ MoheliAttractions.swift,\ ComorosPackage.swift,\ DjiboutiCityBeachesAttractions.swift,\ DjiboutiSouthWestAttractions.swift,\ TadjouraNorthAttractions.swift,\ DjiboutiPackage.swift,\ AsmaraAttractions.swift,\ KerenHighlandsAttractions.swift /Users/erders/Documents/TravelTap/TravelTap/Data/Countries/Africa/CentralAfrica/RepublicoftheCongo/Cities/BrazzavilleAttractions.swift /Users/erders/Documents/TravelTap/TravelTap/Data/Countries/Africa/CentralAfrica/RepublicoftheCongo/Cities/NorthernCongoAttractions.swift /Users/erders/Documents/TravelTap/TravelTap/Data/Countries/Africa/CentralAfrica/RepublicoftheCongo/Cities/PointeNoireAttractions.swift /Users/erders/Documents/TravelTap/TravelTap/Data/Countries/Africa/CentralAfrica/RepublicoftheCongo/Cities/SouthernCongoAttractions.swift /Users/erders/Documents/TravelTap/TravelTap/Data/Countries/Africa/CentralAfrica/RepublicoftheCongo/RepublicoftheCongoPackage.swift /Users/erders/Documents/TravelTap/TravelTap/Data/Countries/Africa/CentralAfrica/SaoTomeandPrincipe/Cities/PrincipeAttractions.swift /Users/erders/Documents/TravelTap/TravelTap/Data/Countries/Africa/CentralAfrica/SaoTomeandPrincipe/Cities/SaoTomeCityAttractions.swift /Users/erders/Documents/TravelTap/TravelTap/Data/Countries/Africa/CentralAfrica/SaoTomeandPrincipe/Cities/SaoTomeNorthCentralAttractions.swift /Users/erders/Documents/TravelTap/TravelTap/Data/Countries/Africa/CentralAfrica/SaoTomeandPrincipe/Cities/SaoTomeSouthEastAttractions.swift /Users/erders/Documents/TravelTap/TravelTap/Data/Countries/Africa/CentralAfrica/SaoTomeandPrincipe/SaoTomeandPrincipePackage.swift /Users/erders/Documents/TravelTap/TravelTap/Data/Countries/Africa/EastAfrica/Burundi/BurundiPackage.swift /Users/erders/Documents/TravelTap/TravelTap/Data/Countries/Africa/EastAfrica/Burundi/Cities/BujumburaAttractions.swift /Users/erders/Documents/TravelTap/TravelTap/Data/Countries/Africa/EastAfrica/Burundi/Cities/GitegaCentralAttractions.swift /Users/erders/Documents/TravelTap/TravelTap/Data/Countries/Africa/EastAfrica/Burundi/Cities/NorthernBurundiAttractions.swift /Users/erders/Documents/TravelTap/TravelTap/Data/Countries/Africa/EastAfrica/Burundi/Cities/SouthernBurundiAttractions.swift /Users/erders/Documents/TravelTap/TravelTap/Data/Countries/Africa/EastAfrica/Comoros/Cities/AnjouanAttractions.swift /Users/erders/Documents/TravelTap/TravelTap/Data/Countries/Africa/EastAfrica/Comoros/Cities/GrandeComoreAttractions.swift /Users/erders/Documents/TravelTap/TravelTap/Data/Countries/Africa/EastAfrica/Comoros/Cities/MoheliAttractions.swift /Users/erders/Documents/TravelTap/TravelTap/Data/Countries/Africa/EastAfrica/Comoros/ComorosPackage.swift /Users/erders/Documents/TravelTap/TravelTap/Data/Countries/Africa/EastAfrica/Djibouti/Cities/DjiboutiCityBeachesAttractions.swift /Users/erders/Documents/TravelTap/TravelTap/Data/Countries/Africa/EastAfrica/Djibouti/Cities/DjiboutiSouthWestAttractions.swift /Users/erders/Documents/TravelTap/TravelTap/Data/Countries/Africa/EastAfrica/Djibouti/Cities/TadjouraNorthAttractions.swift /Users/erders/Documents/TravelTap/TravelTap/Data/Countries/Africa/EastAfrica/Djibouti/DjiboutiPackage.swift /Users/erders/Documents/TravelTap/TravelTap/Data/Countries/Africa/EastAfrica/Eritrea/Cities/AsmaraAttractions.swift /Users/erders/Documents/TravelTap/TravelTap/Data/Countries/Africa/EastAfrica/Eritrea/Cities/KerenHighlandsAttractions.swift (in target 'TravelTap' from project 'TravelTap')

SwiftCompile normal arm64 /Users/erders/Documents/TravelTap/TravelTap/Data/Countries/Africa/CentralAfrica/RepublicoftheCongo/Cities/BrazzavilleAttractions.swift (in target 'TravelTap' from project 'TravelTap')
    cd /Users/erders/Documents/TravelTap
    

SwiftCompile normal arm64 /Users/erders/Documents/TravelTap/TravelTap/Data/Countries/Africa/CentralAfrica/RepublicoftheCongo/Cities/NorthernCongoAttractions.swift (in target 'TravelTap' from project 'TravelTap')
    cd /Users/erders/Documents/TravelTap
    

SwiftCompile normal arm64 /Users/erders/Documents/TravelTap/TravelTap/Data/Countries/Africa/CentralAfrica/RepublicoftheCongo/Cities/PointeNoireAttractions.swift (in target 'TravelTap' from project 'TravelTap')
    cd /Users/erders/Documents/TravelTap
    

SwiftCompile normal arm64 /Users/erders/Documents/TravelTap/TravelTap/Data/Countries/Africa/CentralAfrica/RepublicoftheCongo/Cities/SouthernCongoAttractions.swift (in target 'TravelTap' from project 'TravelTap')
    cd /Users/erders/Documents/TravelTap
    

SwiftCompile normal arm64 /Users/erders/Documents/TravelTap/TravelTap/Data/Countries/Africa/CentralAfrica/RepublicoftheCongo/RepublicoftheCongoPackage.swift (in target 'TravelTap' from project 'TravelTap')
    cd /Users/erders/Documents/TravelTap
    

SwiftCompile normal arm64 /Users/erders/Documents/TravelTap/TravelTap/Data/Countries/Africa/CentralAfrica/SaoTomeandPrincipe/Cities/PrincipeAttractions.swift (in target 'TravelTap' from project 'TravelTap')
    cd /Users/erders/Documents/TravelTap
    

SwiftCompile normal arm64 /Users/erders/Documents/TravelTap/TravelTap/Data/Countries/Africa/CentralAfrica/SaoTomeandPrincipe/Cities/SaoTomeCityAttractions.swift (in target 'TravelTap' from project 'TravelTap')
    cd /Users/erders/Documents/TravelTap
    

SwiftCompile normal arm64 /Users/erders/Documents/TravelTap/TravelTap/Data/Countries/Africa/CentralAfrica/SaoTomeandPrincipe/Cities/SaoTomeNorthCentralAttractions.swift (in target 'TravelTap' from project 'TravelTap')
    cd /Users/erders/Documents/TravelTap
    

SwiftCompile normal arm64 /Users/erders/Documents/TravelTap/TravelTap/Data/Countries/Africa/CentralAfrica/SaoTomeandPrincipe/Cities/SaoTomeSouthEastAttractions.swift (in target 'TravelTap' from project 'TravelTap')
    cd /Users/erders/Documents/TravelTap
    

SwiftCompile normal arm64 /Users/erders/Documents/TravelTap/TravelTap/Data/Countries/Africa/CentralAfrica/SaoTomeandPrincipe/SaoTomeandPrincipePackage.swift (in target 'TravelTap' from project 'TravelTap')
    cd /Users/erders/Documents/TravelTap
    

SwiftCompile normal arm64 /Users/erders/Documents/TravelTap/TravelTap/Data/Countries/Africa/EastAfrica/Burundi/BurundiPackage.swift (in target 'TravelTap' from project 'TravelTap')
    cd /Users/erders/Documents/TravelTap
    

SwiftCompile normal arm64 /Users/erders/Documents/TravelTap/TravelTap/Data/Countries/Africa/EastAfrica/Burundi/Cities/BujumburaAttractions.swift (in target 'TravelTap' from project 'TravelTap')
    cd /Users/erders/Documents/TravelTap
    

SwiftCompile normal arm64 /Users/erders/Documents/TravelTap/TravelTap/Data/Countries/Africa/EastAfrica/Burundi/Cities/GitegaCentralAttractions.swift (in target 'TravelTap' from project 'TravelTap')
    cd /Users/erders/Documents/TravelTap
    

SwiftCompile normal arm64 /Users/erders/Documents/TravelTap/TravelTap/Data/Countries/Africa/EastAfrica/Burundi/Cities/NorthernBurundiAttractions.swift (in target 'TravelTap' from project 'TravelTap')
    cd /Users/erders/Documents/TravelTap
    

SwiftCompile normal arm64 /Users/erders/Documents/TravelTap/TravelTap/Data/Countries/Africa/EastAfrica/Burundi/Cities/SouthernBurundiAttractions.swift (in target 'TravelTap' from project 'TravelTap')
    cd /Users/erders/Documents/TravelTap
    

SwiftCompile normal arm64 /Users/erders/Documents/TravelTap/TravelTap/Data/Countries/Africa/EastAfrica/Comoros/Cities/AnjouanAttractions.swift (in target 'TravelTap' from project 'TravelTap')
    cd /Users/erders/Documents/TravelTap
    

SwiftCompile normal arm64 /Users/erders/Documents/TravelTap/TravelTap/Data/Countries/Africa/EastAfrica/Comoros/Cities/GrandeComoreAttractions.swift (in target 'TravelTap' from project 'TravelTap')
    cd /Users/erders/Documents/TravelTap
    

SwiftCompile normal arm64 /Users/erders/Documents/TravelTap/TravelTap/Data/Countries/Africa/EastAfrica/Comoros/Cities/MoheliAttractions.swift (in target 'TravelTap' from project 'TravelTap')
    cd /Users/erders/Documents/TravelTap
    

SwiftCompile normal arm64 /Users/erders/Documents/TravelTap/TravelTap/Data/Countries/Africa/EastAfrica/Comoros/ComorosPackage.swift (in target 'TravelTap' from project 'TravelTap')
    cd /Users/erders/Documents/TravelTap
    

SwiftCompile normal arm64 /Users/erders/Documents/TravelTap/TravelTap/Data/Countries/Africa/EastAfrica/Djibouti/Cities/DjiboutiCityBeachesAttractions.swift (in target 'TravelTap' from project 'TravelTap')
    cd /Users/erders/Documents/TravelTap
    

SwiftCompile normal arm64 /Users/erders/Documents/TravelTap/TravelTap/Data/Countries/Africa/EastAfrica/Djibouti/Cities/DjiboutiSouthWestAttractions.swift (in target 'TravelTap' from project 'TravelTap')
    cd /Users/erders/Documents/TravelTap
    

SwiftCompile normal arm64 /Users/erders/Documents/TravelTap/TravelTap/Data/Countries/Africa/EastAfrica/Djibouti/Cities/TadjouraNorthAttractions.swift (in target 'TravelTap' from project 'TravelTap')
    cd /Users/erders/Documents/TravelTap
    

SwiftCompile normal arm64 /Users/erders/Documents/TravelTap/TravelTap/Data/Countries/Africa/EastAfrica/Djibouti/DjiboutiPackage.swift (in target 'TravelTap' from project 'TravelTap')
    cd /Users/erders/Documents/TravelTap
    

SwiftCompile normal arm64 /Users/erders/Documents/TravelTap/TravelTap/Data/Countries/Africa/EastAfrica/Eritrea/Cities/AsmaraAttractions.swift (in target 'TravelTap' from project 'TravelTap')
    cd /Users/erders/Documents/TravelTap
    

SwiftCompile normal arm64 /Users/erders/Documents/TravelTap/TravelTap/Data/Countries/Africa/EastAfrica/Eritrea/Cities/KerenHighlandsAttractions.swift (in target 'TravelTap' from project 'TravelTap')
    cd /Users/erders/Documents/TravelTap
    

SwiftCompile normal arm64 Compiling\ PortoNovoEastAttractions.swift,\ BurkinaFasoPackage.swift,\ BoboDioulassoWestAttractions.swift,\ NorthEastParksAttractions.swift,\ OuagadougouCentralAttractions.swift,\ SouthernParksAttractions.swift,\ CapeVerdePackage.swift,\ FogoBravaAttractions.swift,\ SalBoaVistaAttractions.swift,\ SantiagoMaioAttractions.swift,\ SaoVicenteSantoAntaoAttractions.swift,\ AbidjanSouthAttractions.swift,\ CIParksNorthAttractions.swift,\ CoastalBeachesAttractions.swift,\ ManWestAttractions.swift,\ CotedIvoirePackage.swift,\ BanjulCoastalAttractions.swift,\ GambiaBeachesAttractions.swift,\ GambiaNatureAttractions.swift,\ UpriverHistoricAttractions.swift,\ GambiaPackage.swift,\ AccraGreaterAttractions.swift,\ AshantiNorthAttractions.swift,\ CapeCoastCentralAttractions.swift,\ VoltaWesternAttractions.swift /Users/erders/Documents/TravelTap/TravelTap/Data/Countries/Africa/WestAfrica/Benin/Cities/PortoNovoEastAttractions.swift /Users/erders/Documents/TravelTap/TravelTap/Data/Countries/Africa/WestAfrica/BurkinaFaso/BurkinaFasoPackage.swift /Users/erders/Documents/TravelTap/TravelTap/Data/Countries/Africa/WestAfrica/BurkinaFaso/Cities/BoboDioulassoWestAttractions.swift /Users/erders/Documents/TravelTap/TravelTap/Data/Countries/Africa/WestAfrica/BurkinaFaso/Cities/NorthEastParksAttractions.swift /Users/erders/Documents/TravelTap/TravelTap/Data/Countries/Africa/WestAfrica/BurkinaFaso/Cities/OuagadougouCentralAttractions.swift /Users/erders/Documents/TravelTap/TravelTap/Data/Countries/Africa/WestAfrica/BurkinaFaso/Cities/SouthernParksAttractions.swift /Users/erders/Documents/TravelTap/TravelTap/Data/Countries/Africa/WestAfrica/CapeVerde/CapeVerdePackage.swift /Users/erders/Documents/TravelTap/TravelTap/Data/Countries/Africa/WestAfrica/CapeVerde/Cities/FogoBravaAttractions.swift /Users/erders/Documents/TravelTap/TravelTap/Data/Countries/Africa/WestAfrica/CapeVerde/Cities/SalBoaVistaAttractions.swift /Users/erders/Documents/TravelTap/TravelTap/Data/Countries/Africa/WestAfrica/CapeVerde/Cities/SantiagoMaioAttractions.swift /Users/erders/Documents/TravelTap/TravelTap/Data/Countries/Africa/WestAfrica/CapeVerde/Cities/SaoVicenteSantoAntaoAttractions.swift /Users/erders/Documents/TravelTap/TravelTap/Data/Countries/Africa/WestAfrica/CotedIvoire/Cities/AbidjanSouthAttractions.swift /Users/erders/Documents/TravelTap/TravelTap/Data/Countries/Africa/WestAfrica/CotedIvoire/Cities/CIParksNorthAttractions.swift /Users/erders/Documents/TravelTap/TravelTap/Data/Countries/Africa/WestAfrica/CotedIvoire/Cities/CoastalBeachesAttractions.swift /Users/erders/Documents/TravelTap/TravelTap/Data/Countries/Africa/WestAfrica/CotedIvoire/Cities/ManWestAttractions.swift /Users/erders/Documents/TravelTap/TravelTap/Data/Countries/Africa/WestAfrica/CotedIvoire/CotedIvoirePackage.swift /Users/erders/Documents/TravelTap/TravelTap/Data/Countries/Africa/WestAfrica/Gambia/Cities/BanjulCoastalAttractions.swift /Users/erders/Documents/TravelTap/TravelTap/Data/Countries/Africa/WestAfrica/Gambia/Cities/GambiaBeachesAttractions.swift /Users/erders/Documents/TravelTap/TravelTap/Data/Countries/Africa/WestAfrica/Gambia/Cities/GambiaNatureAttractions.swift /Users/erders/Documents/TravelTap/TravelTap/Data/Countries/Africa/WestAfrica/Gambia/Cities/UpriverHistoricAttractions.swift /Users/erders/Documents/TravelTap/TravelTap/Data/Countries/Africa/WestAfrica/Gambia/GambiaPackage.swift /Users/erders/Documents/TravelTap/TravelTap/Data/Countries/Africa/WestAfrica/Ghana/Cities/AccraGreaterAttractions.swift /Users/erders/Documents/TravelTap/TravelTap/Data/Countries/Africa/WestAfrica/Ghana/Cities/AshantiNorthAttractions.swift /Users/erders/Documents/TravelTap/TravelTap/Data/Countries/Africa/WestAfrica/Ghana/Cities/CapeCoastCentralAttractions.swift /Users/erders/Documents/TravelTap/TravelTap/Data/Countries/Africa/WestAfrica/Ghana/Cities/VoltaWesternAttractions.swift (in target 'TravelTap' from project 'TravelTap')

SwiftCompile normal arm64 /Users/erders/Documents/TravelTap/TravelTap/Data/Countries/Africa/WestAfrica/Benin/Cities/PortoNovoEastAttractions.swift (in target 'TravelTap' from project 'TravelTap')
    cd /Users/erders/Documents/TravelTap
    

SwiftCompile normal arm64 /Users/erders/Documents/TravelTap/TravelTap/Data/Countries/Africa/WestAfrica/BurkinaFaso/BurkinaFasoPackage.swift (in target 'TravelTap' from project 'TravelTap')
    cd /Users/erders/Documents/TravelTap
    

SwiftCompile normal arm64 /Users/erders/Documents/TravelTap/TravelTap/Data/Countries/Africa/WestAfrica/BurkinaFaso/Cities/BoboDioulassoWestAttractions.swift (in target 'TravelTap' from project 'TravelTap')
    cd /Users/erders/Documents/TravelTap
    

SwiftCompile normal arm64 /Users/erders/Documents/TravelTap/TravelTap/Data/Countries/Africa/WestAfrica/BurkinaFaso/Cities/NorthEastParksAttractions.swift (in target 'TravelTap' from project 'TravelTap')
    cd /Users/erders/Documents/TravelTap
    

SwiftCompile normal arm64 /Users/erders/Documents/TravelTap/TravelTap/Data/Countries/Africa/WestAfrica/BurkinaFaso/Cities/OuagadougouCentralAttractions.swift (in target 'TravelTap' from project 'TravelTap')
    cd /Users/erders/Documents/TravelTap
    

SwiftCompile normal arm64 /Users/erders/Documents/TravelTap/TravelTap/Data/Countries/Africa/WestAfrica/BurkinaFaso/Cities/SouthernParksAttractions.swift (in target 'TravelTap' from project 'TravelTap')
    cd /Users/erders/Documents/TravelTap
    

SwiftCompile normal arm64 /Users/erders/Documents/TravelTap/TravelTap/Data/Countries/Africa/WestAfrica/CapeVerde/CapeVerdePackage.swift (in target 'TravelTap' from project 'TravelTap')
    cd /Users/erders/Documents/TravelTap
    

SwiftCompile normal arm64 /Users/erders/Documents/TravelTap/TravelTap/Data/Countries/Africa/WestAfrica/CapeVerde/Cities/FogoBravaAttractions.swift (in target 'TravelTap' from project 'TravelTap')
    cd /Users/erders/Documents/TravelTap
    

SwiftCompile normal arm64 /Users/erders/Documents/TravelTap/TravelTap/Data/Countries/Africa/WestAfrica/CapeVerde/Cities/SalBoaVistaAttractions.swift (in target 'TravelTap' from project 'TravelTap')
    cd /Users/erders/Documents/TravelTap
    

SwiftCompile normal arm64 /Users/erders/Documents/TravelTap/TravelTap/Data/Countries/Africa/WestAfrica/CapeVerde/Cities/SantiagoMaioAttractions.swift (in target 'TravelTap' from project 'TravelTap')
    cd /Users/erders/Documents/TravelTap
    

SwiftCompile normal arm64 /Users/erders/Documents/TravelTap/TravelTap/Data/Countries/Africa/WestAfrica/CapeVerde/Cities/SaoVicenteSantoAntaoAttractions.swift (in target 'TravelTap' from project 'TravelTap')
    cd /Users/erders/Documents/TravelTap
    

SwiftCompile normal arm64 /Users/erders/Documents/TravelTap/TravelTap/Data/Countries/Africa/WestAfrica/CotedIvoire/Cities/AbidjanSouthAttractions.swift (in target 'TravelTap' from project 'TravelTap')
    cd /Users/erders/Documents/TravelTap
    

SwiftCompile normal arm64 /Users/erders/Documents/TravelTap/TravelTap/Data/Countries/Africa/WestAfrica/CotedIvoire/Cities/CIParksNorthAttractions.swift (in target 'TravelTap' from project 'TravelTap')
    cd /Users/erders/Documents/TravelTap
    

SwiftCompile normal arm64 /Users/erders/Documents/TravelTap/TravelTap/Data/Countries/Africa/WestAfrica/CotedIvoire/Cities/CoastalBeachesAttractions.swift (in target 'TravelTap' from project 'TravelTap')
    cd /Users/erders/Documents/TravelTap
    

SwiftCompile normal arm64 /Users/erders/Documents/TravelTap/TravelTap/Data/Countries/Africa/WestAfrica/CotedIvoire/Cities/ManWestAttractions.swift (in target 'TravelTap' from project 'TravelTap')
    cd /Users/erders/Documents/TravelTap
    

SwiftCompile normal arm64 /Users/erders/Documents/TravelTap/TravelTap/Data/Countries/Africa/WestAfrica/CotedIvoire/CotedIvoirePackage.swift (in target 'TravelTap' from project 'TravelTap')
    cd /Users/erders/Documents/TravelTap
    

SwiftCompile normal arm64 /Users/erders/Documents/TravelTap/TravelTap/Data/Countries/Africa/WestAfrica/Gambia/Cities/BanjulCoastalAttractions.swift (in target 'TravelTap' from project 'TravelTap')
    cd /Users/erders/Documents/TravelTap
    

SwiftCompile normal arm64 /Users/erders/Documents/TravelTap/TravelTap/Data/Countries/Africa/WestAfrica/Gambia/Cities/GambiaBeachesAttractions.swift (in target 'TravelTap' from project 'TravelTap')
    cd /Users/erders/Documents/TravelTap
    

SwiftCompile normal arm64 /Users/erders/Documents/TravelTap/TravelTap/Data/Countries/Africa/WestAfrica/Gambia/Cities/GambiaNatureAttractions.swift (in target 'TravelTap' from project 'TravelTap')
    cd /Users/erders/Documents/TravelTap
    

SwiftCompile normal arm64 /Users/erders/Documents/TravelTap/TravelTap/Data/Countries/Africa/WestAfrica/Gambia/Cities/UpriverHistoricAttractions.swift (in target 'TravelTap' from project 'TravelTap')
    cd /Users/erders/Documents/TravelTap
    

SwiftCompile normal arm64 /Users/erders/Documents/TravelTap/TravelTap/Data/Countries/Africa/WestAfrica/Gambia/GambiaPackage.swift (in target 'TravelTap' from project 'TravelTap')
    cd /Users/erders/Documents/TravelTap
    

SwiftCompile normal arm64 /Users/erders/Documents/TravelTap/TravelTap/Data/Countries/Africa/WestAfrica/Ghana/Cities/AccraGreaterAttractions.swift (in target 'TravelTap' from project 'TravelTap')
    cd /Users/erders/Documents/TravelTap
    

SwiftCompile normal arm64 /Users/erders/Documents/TravelTap/TravelTap/Data/Countries/Africa/WestAfrica/Ghana/Cities/AshantiNorthAttractions.swift (in target 'TravelTap' from project 'TravelTap')
    cd /Users/erders/Documents/TravelTap
    

SwiftCompile normal arm64 /Users/erders/Documents/TravelTap/TravelTap/Data/Countries/Africa/WestAfrica/Ghana/Cities/CapeCoastCentralAttractions.swift (in target 'TravelTap' from project 'TravelTap')
    cd /Users/erders/Documents/TravelTap
    

SwiftCompile normal arm64 /Users/erders/Documents/TravelTap/TravelTap/Data/Countries/Africa/WestAfrica/Ghana/Cities/VoltaWesternAttractions.swift (in target 'TravelTap' from project 'TravelTap')
    cd /Users/erders/Documents/TravelTap
    

SwiftCompile normal arm64 Compiling\ GhanaPackage.swift,\ ConakryCoastalAttractions.swift,\ FoutaDjallonAttractions.swift,\ GuineaParksReservesAttractions.swift,\ UpperGuineaAttractions.swift,\ GuineaPackage.swift,\ BijagosArchipelagoAttractions.swift,\ BissauCoastalAttractions.swift,\ MainlandParksAttractions.swift,\ GuineaBissauPackage.swift,\ CentralNimbaAttractions.swift,\ MonroviaSurroundsAttractions.swift,\ SoutheastNatureAttractions.swift,\ WestNorthAttractions.swift,\ LiberiaPackage.swift,\ BamakoSouthAttractions.swift,\ DjenneMoptiRiverAttractions.swift,\ DogonCountryEastAttractions.swift,\ TimbuktuNorthAttractions.swift,\ MaliPackage.swift,\ AdrarHighlandsAttractions.swift,\ CoastalWetlandsAttractions.swift,\ HistoricTownsAttractions.swift,\ SaharaWondersAttractions.swift,\ MauritaniaPackage.swift /Users/erders/Documents/TravelTap/TravelTap/Data/Countries/Africa/WestAfrica/Ghana/GhanaPackage.swift /Users/erders/Documents/TravelTap/TravelTap/Data/Countries/Africa/WestAfrica/Guinea/Cities/ConakryCoastalAttractions.swift /Users/erders/Documents/TravelTap/TravelTap/Data/Countries/Africa/WestAfrica/Guinea/Cities/FoutaDjallonAttractions.swift /Users/erders/Documents/TravelTap/TravelTap/Data/Countries/Africa/WestAfrica/Guinea/Cities/GuineaParksReservesAttractions.swift /Users/erders/Documents/TravelTap/TravelTap/Data/Countries/Africa/WestAfrica/Guinea/Cities/UpperGuineaAttractions.swift /Users/erders/Documents/TravelTap/TravelTap/Data/Countries/Africa/WestAfrica/Guinea/GuineaPackage.swift /Users/erders/Documents/TravelTap/TravelTap/Data/Countries/Africa/WestAfrica/GuineaBissau/Cities/BijagosArchipelagoAttractions.swift /Users/erders/Documents/TravelTap/TravelTap/Data/Countries/Africa/WestAfrica/GuineaBissau/Cities/BissauCoastalAttractions.swift /Users/erders/Documents/TravelTap/TravelTap/Data/Countries/Africa/WestAfrica/GuineaBissau/Cities/MainlandParksAttractions.swift /Users/erders/Documents/TravelTap/TravelTap/Data/Countries/Africa/WestAfrica/GuineaBissau/GuineaBissauPackage.swift /Users/erders/Documents/TravelTap/TravelTap/Data/Countries/Africa/WestAfrica/Liberia/Cities/CentralNimbaAttractions.swift /Users/erders/Documents/TravelTap/TravelTap/Data/Countries/Africa/WestAfrica/Liberia/Cities/MonroviaSurroundsAttractions.swift /Users/erders/Documents/TravelTap/TravelTap/Data/Countries/Africa/WestAfrica/Liberia/Cities/SoutheastNatureAttractions.swift /Users/erders/Documents/TravelTap/TravelTap/Data/Countries/Africa/WestAfrica/Liberia/Cities/WestNorthAttractions.swift /Users/erders/Documents/TravelTap/TravelTap/Data/Countries/Africa/WestAfrica/Liberia/LiberiaPackage.swift /Users/erders/Documents/TravelTap/TravelTap/Data/Countries/Africa/WestAfrica/Mali/Cities/BamakoSouthAttractions.swift /Users/erders/Documents/TravelTap/TravelTap/Data/Countries/Africa/WestAfrica/Mali/Cities/DjenneMoptiRiverAttractions.swift /Users/erders/Documents/TravelTap/TravelTap/Data/Countries/Africa/WestAfrica/Mali/Cities/DogonCountryEastAttractions.swift /Users/erders/Documents/TravelTap/TravelTap/Data/Countries/Africa/WestAfrica/Mali/Cities/TimbuktuNorthAttractions.swift /Users/erders/Documents/TravelTap/TravelTap/Data/Countries/Africa/WestAfrica/Mali/MaliPackage.swift /Users/erders/Documents/TravelTap/TravelTap/Data/Countries/Africa/WestAfrica/Mauritania/Cities/AdrarHighlandsAttractions.swift /Users/erders/Documents/TravelTap/TravelTap/Data/Countries/Africa/WestAfrica/Mauritania/Cities/CoastalWetlandsAttractions.swift /Users/erders/Documents/TravelTap/TravelTap/Data/Countries/Africa/WestAfrica/Mauritania/Cities/HistoricTownsAttractions.swift /Users/erders/Documents/TravelTap/TravelTap/Data/Countries/Africa/WestAfrica/Mauritania/Cities/SaharaWondersAttractions.swift /Users/erders/Documents/TravelTap/TravelTap/Data/Countries/Africa/WestAfrica/Mauritania/MauritaniaPackage.swift (in target 'TravelTap' from project 'TravelTap')

SwiftCompile normal arm64 /Users/erders/Documents/TravelTap/TravelTap/Data/Countries/Africa/WestAfrica/Ghana/GhanaPackage.swift (in target 'TravelTap' from project 'TravelTap')
    cd /Users/erders/Documents/TravelTap
    

SwiftCompile normal arm64 /Users/erders/Documents/TravelTap/TravelTap/Data/Countries/Africa/WestAfrica/Guinea/Cities/ConakryCoastalAttractions.swift (in target 'TravelTap' from project 'TravelTap')
    cd /Users/erders/Documents/TravelTap
    

SwiftCompile normal arm64 /Users/erders/Documents/TravelTap/TravelTap/Data/Countries/Africa/WestAfrica/Guinea/Cities/FoutaDjallonAttractions.swift (in target 'TravelTap' from project 'TravelTap')
    cd /Users/erders/Documents/TravelTap
    

SwiftCompile normal arm64 /Users/erders/Documents/TravelTap/TravelTap/Data/Countries/Africa/WestAfrica/Guinea/Cities/GuineaParksReservesAttractions.swift (in target 'TravelTap' from project 'TravelTap')
    cd /Users/erders/Documents/TravelTap
    

SwiftCompile normal arm64 /Users/erders/Documents/TravelTap/TravelTap/Data/Countries/Africa/WestAfrica/Guinea/Cities/UpperGuineaAttractions.swift (in target 'TravelTap' from project 'TravelTap')
    cd /Users/erders/Documents/TravelTap
    

SwiftCompile normal arm64 /Users/erders/Documents/TravelTap/TravelTap/Data/Countries/Africa/WestAfrica/Guinea/GuineaPackage.swift (in target 'TravelTap' from project 'TravelTap')
    cd /Users/erders/Documents/TravelTap
    

SwiftCompile normal arm64 /Users/erders/Documents/TravelTap/TravelTap/Data/Countries/Africa/WestAfrica/GuineaBissau/Cities/BijagosArchipelagoAttractions.swift (in target 'TravelTap' from project 'TravelTap')
    cd /Users/erders/Documents/TravelTap
    

SwiftCompile normal arm64 /Users/erders/Documents/TravelTap/TravelTap/Data/Countries/Africa/WestAfrica/GuineaBissau/Cities/BissauCoastalAttractions.swift (in target 'TravelTap' from project 'TravelTap')
    cd /Users/erders/Documents/TravelTap
    

SwiftCompile normal arm64 /Users/erders/Documents/TravelTap/TravelTap/Data/Countries/Africa/WestAfrica/GuineaBissau/Cities/MainlandParksAttractions.swift (in target 'TravelTap' from project 'TravelTap')
    cd /Users/erders/Documents/TravelTap
    

SwiftCompile normal arm64 /Users/erders/Documents/TravelTap/TravelTap/Data/Countries/Africa/WestAfrica/GuineaBissau/GuineaBissauPackage.swift (in target 'TravelTap' from project 'TravelTap')
    cd /Users/erders/Documents/TravelTap
    

SwiftCompile normal arm64 /Users/erders/Documents/TravelTap/TravelTap/Data/Countries/Africa/WestAfrica/Liberia/Cities/CentralNimbaAttractions.swift (in target 'TravelTap' from project 'TravelTap')
    cd /Users/erders/Documents/TravelTap
    

SwiftCompile normal arm64 /Users/erders/Documents/TravelTap/TravelTap/Data/Countries/Africa/WestAfrica/Liberia/Cities/MonroviaSurroundsAttractions.swift (in target 'TravelTap' from project 'TravelTap')
    cd /Users/erders/Documents/TravelTap
    

SwiftCompile normal arm64 /Users/erders/Documents/TravelTap/TravelTap/Data/Countries/Africa/WestAfrica/Liberia/Cities/SoutheastNatureAttractions.swift (in target 'TravelTap' from project 'TravelTap')
    cd /Users/erders/Documents/TravelTap
    

SwiftCompile normal arm64 /Users/erders/Documents/TravelTap/TravelTap/Data/Countries/Africa/WestAfrica/Liberia/Cities/WestNorthAttractions.swift (in target 'TravelTap' from project 'TravelTap')
    cd /Users/erders/Documents/TravelTap
    

SwiftCompile normal arm64 /Users/erders/Documents/TravelTap/TravelTap/Data/Countries/Africa/WestAfrica/Liberia/LiberiaPackage.swift (in target 'TravelTap' from project 'TravelTap')
    cd /Users/erders/Documents/TravelTap
    

SwiftCompile normal arm64 /Users/erders/Documents/TravelTap/TravelTap/Data/Countries/Africa/WestAfrica/Mali/Cities/BamakoSouthAttractions.swift (in target 'TravelTap' from project 'TravelTap')
    cd /Users/erders/Documents/TravelTap
    

SwiftCompile normal arm64 /Users/erders/Documents/TravelTap/TravelTap/Data/Countries/Africa/WestAfrica/Mali/Cities/DjenneMoptiRiverAttractions.swift (in target 'TravelTap' from project 'TravelTap')
    cd /Users/erders/Documents/TravelTap
    

SwiftCompile normal arm64 /Users/erders/Documents/TravelTap/TravelTap/Data/Countries/Africa/WestAfrica/Mali/Cities/DogonCountryEastAttractions.swift (in target 'TravelTap' from project 'TravelTap')
    cd /Users/erders/Documents/TravelTap
    

SwiftCompile normal arm64 /Users/erders/Documents/TravelTap/TravelTap/Data/Countries/Africa/WestAfrica/Mali/Cities/TimbuktuNorthAttractions.swift (in target 'TravelTap' from project 'TravelTap')
    cd /Users/erders/Documents/TravelTap
    

SwiftCompile normal arm64 /Users/erders/Documents/TravelTap/TravelTap/Data/Countries/Africa/WestAfrica/Mali/MaliPackage.swift (in target 'TravelTap' from project 'TravelTap')
    cd /Users/erders/Documents/TravelTap
    

SwiftCompile normal arm64 /Users/erders/Documents/TravelTap/TravelTap/Data/Countries/Africa/WestAfrica/Mauritania/Cities/AdrarHighlandsAttractions.swift (in target 'TravelTap' from project 'TravelTap')
    cd /Users/erders/Documents/TravelTap
    

SwiftCompile normal arm64 /Users/erders/Documents/TravelTap/TravelTap/Data/Countries/Africa/WestAfrica/Mauritania/Cities/CoastalWetlandsAttractions.swift (in target 'TravelTap' from project 'TravelTap')
    cd /Users/erders/Documents/TravelTap
    

SwiftCompile normal arm64 /Users/erders/Documents/TravelTap/TravelTap/Data/Countries/Africa/WestAfrica/Mauritania/Cities/HistoricTownsAttractions.swift (in target 'TravelTap' from project 'TravelTap')
    cd /Users/erders/Documents/TravelTap
    

SwiftCompile normal arm64 /Users/erders/Documents/TravelTap/TravelTap/Data/Countries/Africa/WestAfrica/Mauritania/Cities/SaharaWondersAttractions.swift (in target 'TravelTap' from project 'TravelTap')
    cd /Users/erders/Documents/TravelTap
    

SwiftCompile normal arm64 /Users/erders/Documents/TravelTap/TravelTap/Data/Countries/Africa/WestAfrica/Mauritania/MauritaniaPackage.swift (in target 'TravelTap' from project 'TravelTap')
    cd /Users/erders/Documents/TravelTap
    

SwiftCompile normal arm64 Compiling\ AgadezAirMountainsAttractions.swift,\ NiameySouthwestAttractions.swift,\ TenereDesertNorthAttractions.swift,\ ZinderSouthEastAttractions.swift,\ NigerPackage.swift,\ AbujaCentralAttractions.swift,\ LagosSouthwestAttractions.swift,\ NorthEastWestAttractions.swift,\ SouthEastSouthSouthAttractions.swift,\ NigeriaPackage.swift,\ CasamanceEastAttractions.swift,\ DakarSurroundsAttractions.swift,\ NorthSaintLouisAttractions.swift,\ SaloumCentralAttractions.swift,\ SenegalPackage.swift,\ EastSouthRainforestsAttractions.swift,\ FreetownPeninsulaAttractions.swift,\ IslandsCoastAttractions.swift,\ NorthInteriorAttractions.swift,\ SierraLeonePackage.swift,\ CentralKaraAttractions.swift,\ KpalimePlateauxAttractions.swift,\ LomeMaritimeAttractions.swift,\ SavanesKoutammakouAttractions.swift,\ TogoPackage.swift /Users/erders/Documents/TravelTap/TravelTap/Data/Countries/Africa/WestAfrica/Niger/Cities/AgadezAirMountainsAttractions.swift /Users/erders/Documents/TravelTap/TravelTap/Data/Countries/Africa/WestAfrica/Niger/Cities/NiameySouthwestAttractions.swift /Users/erders/Documents/TravelTap/TravelTap/Data/Countries/Africa/WestAfrica/Niger/Cities/TenereDesertNorthAttractions.swift /Users/erders/Documents/TravelTap/TravelTap/Data/Countries/Africa/WestAfrica/Niger/Cities/ZinderSouthEastAttractions.swift /Users/erders/Documents/TravelTap/TravelTap/Data/Countries/Africa/WestAfrica/Niger/NigerPackage.swift /Users/erders/Documents/TravelTap/TravelTap/Data/Countries/Africa/WestAfrica/Nigeria/Cities/AbujaCentralAttractions.swift /Users/erders/Documents/TravelTap/TravelTap/Data/Countries/Africa/WestAfrica/Nigeria/Cities/LagosSouthwestAttractions.swift /Users/erders/Documents/TravelTap/TravelTap/Data/Countries/Africa/WestAfrica/Nigeria/Cities/NorthEastWestAttractions.swift /Users/erders/Documents/TravelTap/TravelTap/Data/Countries/Africa/WestAfrica/Nigeria/Cities/SouthEastSouthSouthAttractions.swift /Users/erders/Documents/TravelTap/TravelTap/Data/Countries/Africa/WestAfrica/Nigeria/NigeriaPackage.swift /Users/erders/Documents/TravelTap/TravelTap/Data/Countries/Africa/WestAfrica/Senegal/Cities/CasamanceEastAttractions.swift /Users/erders/Documents/TravelTap/TravelTap/Data/Countries/Africa/WestAfrica/Senegal/Cities/DakarSurroundsAttractions.swift /Users/erders/Documents/TravelTap/TravelTap/Data/Countries/Africa/WestAfrica/Senegal/Cities/NorthSaintLouisAttractions.swift /Users/erders/Documents/TravelTap/TravelTap/Data/Countries/Africa/WestAfrica/Senegal/Cities/SaloumCentralAttractions.swift /Users/erders/Documents/TravelTap/TravelTap/Data/Countries/Africa/WestAfrica/Senegal/SenegalPackage.swift /Users/erders/Documents/TravelTap/TravelTap/Data/Countries/Africa/WestAfrica/SierraLeone/Cities/EastSouthRainforestsAttractions.swift /Users/erders/Documents/TravelTap/TravelTap/Data/Countries/Africa/WestAfrica/SierraLeone/Cities/FreetownPeninsulaAttractions.swift /Users/erders/Documents/TravelTap/TravelTap/Data/Countries/Africa/WestAfrica/SierraLeone/Cities/IslandsCoastAttractions.swift /Users/erders/Documents/TravelTap/TravelTap/Data/Countries/Africa/WestAfrica/SierraLeone/Cities/NorthInteriorAttractions.swift /Users/erders/Documents/TravelTap/TravelTap/Data/Countries/Africa/WestAfrica/SierraLeone/SierraLeonePackage.swift /Users/erders/Documents/TravelTap/TravelTap/Data/Countries/Africa/WestAfrica/Togo/Cities/CentralKaraAttractions.swift /Users/erders/Documents/TravelTap/TravelTap/Data/Countries/Africa/WestAfrica/Togo/Cities/KpalimePlateauxAttractions.swift /Users/erders/Documents/TravelTap/TravelTap/Data/Countries/Africa/WestAfrica/Togo/Cities/LomeMaritimeAttractions.swift /Users/erders/Documents/TravelTap/TravelTap/Data/Countries/Africa/WestAfrica/Togo/Cities/SavanesKoutammakouAttractions.swift /Users/erders/Documents/TravelTap/TravelTap/Data/Countries/Africa/WestAfrica/Togo/TogoPackage.swift (in target 'TravelTap' from project 'TravelTap')

SwiftCompile normal arm64 /Users/erders/Documents/TravelTap/TravelTap/Data/Countries/Africa/WestAfrica/Niger/Cities/AgadezAirMountainsAttractions.swift (in target 'TravelTap' from project 'TravelTap')
    cd /Users/erders/Documents/TravelTap
    

SwiftCompile normal arm64 /Users/erders/Documents/TravelTap/TravelTap/Data/Countries/Africa/WestAfrica/Niger/Cities/NiameySouthwestAttractions.swift (in target 'TravelTap' from project 'TravelTap')
    cd /Users/erders/Documents/TravelTap
    

SwiftCompile normal arm64 /Users/erders/Documents/TravelTap/TravelTap/Data/Countries/Africa/WestAfrica/Niger/Cities/TenereDesertNorthAttractions.swift (in target 'TravelTap' from project 'TravelTap')
    cd /Users/erders/Documents/TravelTap
    

SwiftCompile normal arm64 /Users/erders/Documents/TravelTap/TravelTap/Data/Countries/Africa/WestAfrica/Niger/Cities/ZinderSouthEastAttractions.swift (in target 'TravelTap' from project 'TravelTap')
    cd /Users/erders/Documents/TravelTap
    

SwiftCompile normal arm64 /Users/erders/Documents/TravelTap/TravelTap/Data/Countries/Africa/WestAfrica/Niger/NigerPackage.swift (in target 'TravelTap' from project 'TravelTap')
    cd /Users/erders/Documents/TravelTap
    

SwiftCompile normal arm64 /Users/erders/Documents/TravelTap/TravelTap/Data/Countries/Africa/WestAfrica/Nigeria/Cities/AbujaCentralAttractions.swift (in target 'TravelTap' from project 'TravelTap')
    cd /Users/erders/Documents/TravelTap
    

SwiftCompile normal arm64 /Users/erders/Documents/TravelTap/TravelTap/Data/Countries/Africa/WestAfrica/Nigeria/Cities/LagosSouthwestAttractions.swift (in target 'TravelTap' from project 'TravelTap')
    cd /Users/erders/Documents/TravelTap
    

SwiftCompile normal arm64 /Users/erders/Documents/TravelTap/TravelTap/Data/Countries/Africa/WestAfrica/Nigeria/Cities/NorthEastWestAttractions.swift (in target 'TravelTap' from project 'TravelTap')
    cd /Users/erders/Documents/TravelTap
    

SwiftCompile normal arm64 /Users/erders/Documents/TravelTap/TravelTap/Data/Countries/Africa/WestAfrica/Nigeria/Cities/SouthEastSouthSouthAttractions.swift (in target 'TravelTap' from project 'TravelTap')
    cd /Users/erders/Documents/TravelTap
    

SwiftCompile normal arm64 /Users/erders/Documents/TravelTap/TravelTap/Data/Countries/Africa/WestAfrica/Nigeria/NigeriaPackage.swift (in target 'TravelTap' from project 'TravelTap')
    cd /Users/erders/Documents/TravelTap
    

SwiftCompile normal arm64 /Users/erders/Documents/TravelTap/TravelTap/Data/Countries/Africa/WestAfrica/Senegal/Cities/CasamanceEastAttractions.swift (in target 'TravelTap' from project 'TravelTap')
    cd /Users/erders/Documents/TravelTap
    

SwiftCompile normal arm64 /Users/erders/Documents/TravelTap/TravelTap/Data/Countries/Africa/WestAfrica/Senegal/Cities/DakarSurroundsAttractions.swift (in target 'TravelTap' from project 'TravelTap')
    cd /Users/erders/Documents/TravelTap
    

SwiftCompile normal arm64 /Users/erders/Documents/TravelTap/TravelTap/Data/Countries/Africa/WestAfrica/Senegal/Cities/NorthSaintLouisAttractions.swift (in target 'TravelTap' from project 'TravelTap')
    cd /Users/erders/Documents/TravelTap
    

SwiftCompile normal arm64 /Users/erders/Documents/TravelTap/TravelTap/Data/Countries/Africa/WestAfrica/Senegal/Cities/SaloumCentralAttractions.swift (in target 'TravelTap' from project 'TravelTap')
    cd /Users/erders/Documents/TravelTap
    

SwiftCompile normal arm64 /Users/erders/Documents/TravelTap/TravelTap/Data/Countries/Africa/WestAfrica/Senegal/SenegalPackage.swift (in target 'TravelTap' from project 'TravelTap')
    cd /Users/erders/Documents/TravelTap
    

SwiftCompile normal arm64 /Users/erders/Documents/TravelTap/TravelTap/Data/Countries/Africa/WestAfrica/SierraLeone/Cities/EastSouthRainforestsAttractions.swift (in target 'TravelTap' from project 'TravelTap')
    cd /Users/erders/Documents/TravelTap
    

SwiftCompile normal arm64 /Users/erders/Documents/TravelTap/TravelTap/Data/Countries/Africa/WestAfrica/SierraLeone/Cities/FreetownPeninsulaAttractions.swift (in target 'TravelTap' from project 'TravelTap')
    cd /Users/erders/Documents/TravelTap
    

SwiftCompile normal arm64 /Users/erders/Documents/TravelTap/TravelTap/Data/Countries/Africa/WestAfrica/SierraLeone/Cities/IslandsCoastAttractions.swift (in target 'TravelTap' from project 'TravelTap')
    cd /Users/erders/Documents/TravelTap
    

SwiftCompile normal arm64 /Users/erders/Documents/TravelTap/TravelTap/Data/Countries/Africa/WestAfrica/SierraLeone/Cities/NorthInteriorAttractions.swift (in target 'TravelTap' from project 'TravelTap')
    cd /Users/erders/Documents/TravelTap
    

SwiftCompile normal arm64 /Users/erders/Documents/TravelTap/TravelTap/Data/Countries/Africa/WestAfrica/SierraLeone/SierraLeonePackage.swift (in target 'TravelTap' from project 'TravelTap')
    cd /Users/erders/Documents/TravelTap
    

SwiftCompile normal arm64 /Users/erders/Documents/TravelTap/TravelTap/Data/Countries/Africa/WestAfrica/Togo/Cities/CentralKaraAttractions.swift (in target 'TravelTap' from project 'TravelTap')
    cd /Users/erders/Documents/TravelTap
    

SwiftCompile normal arm64 /Users/erders/Documents/TravelTap/TravelTap/Data/Countries/Africa/WestAfrica/Togo/Cities/KpalimePlateauxAttractions.swift (in target 'TravelTap' from project 'TravelTap')
    cd /Users/erders/Documents/TravelTap
    

SwiftCompile normal arm64 /Users/erders/Documents/TravelTap/TravelTap/Data/Countries/Africa/WestAfrica/Togo/Cities/LomeMaritimeAttractions.swift (in target 'TravelTap' from project 'TravelTap')
    cd /Users/erders/Documents/TravelTap
    

SwiftCompile normal arm64 /Users/erders/Documents/TravelTap/TravelTap/Data/Countries/Africa/WestAfrica/Togo/Cities/SavanesKoutammakouAttractions.swift (in target 'TravelTap' from project 'TravelTap')
    cd /Users/erders/Documents/TravelTap
    

SwiftCompile normal arm64 /Users/erders/Documents/TravelTap/TravelTap/Data/Countries/Africa/WestAfrica/Togo/TogoPackage.swift (in target 'TravelTap' from project 'TravelTap')
    cd /Users/erders/Documents/TravelTap
    

SwiftCompile normal arm64 Compiling\ MarrakechAtlasAttractions.swift,\ RabatCasablancaAttractions.swift,\ MoroccoPackage.swift,\ KhartoumOmdurmanAttractions.swift,\ NorthernSudanPyramidsAttractions.swift,\ RedSeaKassalaAttractions.swift,\ SudanWildernessAttractions.swift,\ SudanPackage.swift,\ DjerbaIslandAttractions.swift,\ SaharaTataouineAttractions.swift,\ SahelCapBonAttractions.swift,\ TunisNorthAttractions.swift,\ TunisiaPackage.swift,\ BotswanaPackage.swift,\ ChobeNorthAttractions.swift,\ FrancistownEastAttractions.swift,\ GaboroneSouthAttractions.swift,\ KalahariSaltPansAttractions.swift,\ OkavangoMaunAttractions.swift,\ TsodiloWestAttractions.swift,\ HlaneEastAttractions.swift,\ ManziniSouthAttractions.swift,\ MbabaneEzulwiniAttractions.swift,\ PiggsPeakNorthAttractions.swift,\ EswatiniPackage.swift /Users/erders/Documents/TravelTap/TravelTap/Data/Countries/Africa/NorthAfrica/Morocco/Cities/MarrakechAtlasAttractions.swift /Users/erders/Documents/TravelTap/TravelTap/Data/Countries/Africa/NorthAfrica/Morocco/Cities/RabatCasablancaAttractions.swift /Users/erders/Documents/TravelTap/TravelTap/Data/Countries/Africa/NorthAfrica/Morocco/MoroccoPackage.swift /Users/erders/Documents/TravelTap/TravelTap/Data/Countries/Africa/NorthAfrica/Sudan/Cities/KhartoumOmdurmanAttractions.swift /Users/erders/Documents/TravelTap/TravelTap/Data/Countries/Africa/NorthAfrica/Sudan/Cities/NorthernSudanPyramidsAttractions.swift /Users/erders/Documents/TravelTap/TravelTap/Data/Countries/Africa/NorthAfrica/Sudan/Cities/RedSeaKassalaAttractions.swift /Users/erders/Documents/TravelTap/TravelTap/Data/Countries/Africa/NorthAfrica/Sudan/Cities/SudanWildernessAttractions.swift /Users/erders/Documents/TravelTap/TravelTap/Data/Countries/Africa/NorthAfrica/Sudan/SudanPackage.swift /Users/erders/Documents/TravelTap/TravelTap/Data/Countries/Africa/NorthAfrica/Tunisia/Cities/DjerbaIslandAttractions.swift /Users/erders/Documents/TravelTap/TravelTap/Data/Countries/Africa/NorthAfrica/Tunisia/Cities/SaharaTataouineAttractions.swift /Users/erders/Documents/TravelTap/TravelTap/Data/Countries/Africa/NorthAfrica/Tunisia/Cities/SahelCapBonAttractions.swift /Users/erders/Documents/TravelTap/TravelTap/Data/Countries/Africa/NorthAfrica/Tunisia/Cities/TunisNorthAttractions.swift /Users/erders/Documents/TravelTap/TravelTap/Data/Countries/Africa/NorthAfrica/Tunisia/TunisiaPackage.swift /Users/erders/Documents/TravelTap/TravelTap/Data/Countries/Africa/SouthernAfrica/Botswana/BotswanaPackage.swift /Users/erders/Documents/TravelTap/TravelTap/Data/Countries/Africa/SouthernAfrica/Botswana/Cities/ChobeNorthAttractions.swift /Users/erders/Documents/TravelTap/TravelTap/Data/Countries/Africa/SouthernAfrica/Botswana/Cities/FrancistownEastAttractions.swift /Users/erders/Documents/TravelTap/TravelTap/Data/Countries/Africa/SouthernAfrica/Botswana/Cities/GaboroneSouthAttractions.swift /Users/erders/Documents/TravelTap/TravelTap/Data/Countries/Africa/SouthernAfrica/Botswana/Cities/KalahariSaltPansAttractions.swift /Users/erders/Documents/TravelTap/TravelTap/Data/Countries/Africa/SouthernAfrica/Botswana/Cities/OkavangoMaunAttractions.swift /Users/erders/Documents/TravelTap/TravelTap/Data/Countries/Africa/SouthernAfrica/Botswana/Cities/TsodiloWestAttractions.swift /Users/erders/Documents/TravelTap/TravelTap/Data/Countries/Africa/SouthernAfrica/Eswatini/Cities/HlaneEastAttractions.swift /Users/erders/Documents/TravelTap/TravelTap/Data/Countries/Africa/SouthernAfrica/Eswatini/Cities/ManziniSouthAttractions.swift /Users/erders/Documents/TravelTap/TravelTap/Data/Countries/Africa/SouthernAfrica/Eswatini/Cities/MbabaneEzulwiniAttractions.swift /Users/erders/Documents/TravelTap/TravelTap/Data/Countries/Africa/SouthernAfrica/Eswatini/Cities/PiggsPeakNorthAttractions.swift /Users/erders/Documents/TravelTap/TravelTap/Data/Countries/Africa/SouthernAfrica/Eswatini/EswatiniPackage.swift (in target 'TravelTap' from project 'TravelTap')

SwiftCompile normal arm64 /Users/erders/Documents/TravelTap/TravelTap/Data/Countries/Africa/NorthAfrica/Morocco/Cities/MarrakechAtlasAttractions.swift (in target 'TravelTap' from project 'TravelTap')
    cd /Users/erders/Documents/TravelTap
    

SwiftCompile normal arm64 /Users/erders/Documents/TravelTap/TravelTap/Data/Countries/Africa/NorthAfrica/Morocco/Cities/RabatCasablancaAttractions.swift (in target 'TravelTap' from project 'TravelTap')
    cd /Users/erders/Documents/TravelTap
    

SwiftCompile normal arm64 /Users/erders/Documents/TravelTap/TravelTap/Data/Countries/Africa/NorthAfrica/Morocco/MoroccoPackage.swift (in target 'TravelTap' from project 'TravelTap')
    cd /Users/erders/Documents/TravelTap
    

SwiftCompile normal arm64 /Users/erders/Documents/TravelTap/TravelTap/Data/Countries/Africa/NorthAfrica/Sudan/Cities/KhartoumOmdurmanAttractions.swift (in target 'TravelTap' from project 'TravelTap')
    cd /Users/erders/Documents/TravelTap
    

SwiftCompile normal arm64 /Users/erders/Documents/TravelTap/TravelTap/Data/Countries/Africa/NorthAfrica/Sudan/Cities/NorthernSudanPyramidsAttractions.swift (in target 'TravelTap' from project 'TravelTap')
    cd /Users/erders/Documents/TravelTap
    

SwiftCompile normal arm64 /Users/erders/Documents/TravelTap/TravelTap/Data/Countries/Africa/NorthAfrica/Sudan/Cities/RedSeaKassalaAttractions.swift (in target 'TravelTap' from project 'TravelTap')
    cd /Users/erders/Documents/TravelTap
    

SwiftCompile normal arm64 /Users/erders/Documents/TravelTap/TravelTap/Data/Countries/Africa/NorthAfrica/Sudan/Cities/SudanWildernessAttractions.swift (in target 'TravelTap' from project 'TravelTap')
    cd /Users/erders/Documents/TravelTap
    

SwiftCompile normal arm64 /Users/erders/Documents/TravelTap/TravelTap/Data/Countries/Africa/NorthAfrica/Sudan/SudanPackage.swift (in target 'TravelTap' from project 'TravelTap')
    cd /Users/erders/Documents/TravelTap
    

SwiftCompile normal arm64 /Users/erders/Documents/TravelTap/TravelTap/Data/Countries/Africa/NorthAfrica/Tunisia/Cities/DjerbaIslandAttractions.swift (in target 'TravelTap' from project 'TravelTap')
    cd /Users/erders/Documents/TravelTap
    

SwiftCompile normal arm64 /Users/erders/Documents/TravelTap/TravelTap/Data/Countries/Africa/NorthAfrica/Tunisia/Cities/SaharaTataouineAttractions.swift (in target 'TravelTap' from project 'TravelTap')
    cd /Users/erders/Documents/TravelTap
    

SwiftCompile normal arm64 /Users/erders/Documents/TravelTap/TravelTap/Data/Countries/Africa/NorthAfrica/Tunisia/Cities/SahelCapBonAttractions.swift (in target 'TravelTap' from project 'TravelTap')
    cd /Users/erders/Documents/TravelTap
    

SwiftCompile normal arm64 /Users/erders/Documents/TravelTap/TravelTap/Data/Countries/Africa/NorthAfrica/Tunisia/Cities/TunisNorthAttractions.swift (in target 'TravelTap' from project 'TravelTap')
    cd /Users/erders/Documents/TravelTap
    

SwiftCompile normal arm64 /Users/erders/Documents/TravelTap/TravelTap/Data/Countries/Africa/NorthAfrica/Tunisia/TunisiaPackage.swift (in target 'TravelTap' from project 'TravelTap')
    cd /Users/erders/Documents/TravelTap
    

SwiftCompile normal arm64 /Users/erders/Documents/TravelTap/TravelTap/Data/Countries/Africa/SouthernAfrica/Botswana/BotswanaPackage.swift (in target 'TravelTap' from project 'TravelTap')
    cd /Users/erders/Documents/TravelTap
    

SwiftCompile normal arm64 /Users/erders/Documents/TravelTap/TravelTap/Data/Countries/Africa/SouthernAfrica/Botswana/Cities/ChobeNorthAttractions.swift (in target 'TravelTap' from project 'TravelTap')
    cd /Users/erders/Documents/TravelTap
    

SwiftCompile normal arm64 /Users/erders/Documents/TravelTap/TravelTap/Data/Countries/Africa/SouthernAfrica/Botswana/Cities/FrancistownEastAttractions.swift (in target 'TravelTap' from project 'TravelTap')
    cd /Users/erders/Documents/TravelTap
    

SwiftCompile normal arm64 /Users/erders/Documents/TravelTap/TravelTap/Data/Countries/Africa/SouthernAfrica/Botswana/Cities/GaboroneSouthAttractions.swift (in target 'TravelTap' from project 'TravelTap')
    cd /Users/erders/Documents/TravelTap
    

SwiftCompile normal arm64 /Users/erders/Documents/TravelTap/TravelTap/Data/Countries/Africa/SouthernAfrica/Botswana/Cities/KalahariSaltPansAttractions.swift (in target 'TravelTap' from project 'TravelTap')
    cd /Users/erders/Documents/TravelTap
    

SwiftCompile normal arm64 /Users/erders/Documents/TravelTap/TravelTap/Data/Countries/Africa/SouthernAfrica/Botswana/Cities/OkavangoMaunAttractions.swift (in target 'TravelTap' from project 'TravelTap')
    cd /Users/erders/Documents/TravelTap
    

SwiftCompile normal arm64 /Users/erders/Documents/TravelTap/TravelTap/Data/Countries/Africa/SouthernAfrica/Botswana/Cities/TsodiloWestAttractions.swift (in target 'TravelTap' from project 'TravelTap')
    cd /Users/erders/Documents/TravelTap
    

SwiftCompile normal arm64 /Users/erders/Documents/TravelTap/TravelTap/Data/Countries/Africa/SouthernAfrica/Eswatini/Cities/HlaneEastAttractions.swift (in target 'TravelTap' from project 'TravelTap')
    cd /Users/erders/Documents/TravelTap
    

SwiftCompile normal arm64 /Users/erders/Documents/TravelTap/TravelTap/Data/Countries/Africa/SouthernAfrica/Eswatini/Cities/ManziniSouthAttractions.swift (in target 'TravelTap' from project 'TravelTap')
    cd /Users/erders/Documents/TravelTap
    

SwiftCompile normal arm64 /Users/erders/Documents/TravelTap/TravelTap/Data/Countries/Africa/SouthernAfrica/Eswatini/Cities/MbabaneEzulwiniAttractions.swift (in target 'TravelTap' from project 'TravelTap')
    cd /Users/erders/Documents/TravelTap
    

SwiftCompile normal arm64 /Users/erders/Documents/TravelTap/TravelTap/Data/Countries/Africa/SouthernAfrica/Eswatini/Cities/PiggsPeakNorthAttractions.swift (in target 'TravelTap' from project 'TravelTap')
    cd /Users/erders/Documents/TravelTap
    

SwiftCompile normal arm64 /Users/erders/Documents/TravelTap/TravelTap/Data/Countries/Africa/SouthernAfrica/Eswatini/EswatiniPackage.swift (in target 'TravelTap' from project 'TravelTap')
    cd /Users/erders/Documents/TravelTap
    

SwiftEmitModule normal arm64 Emitting\ module\ for\ TravelTap (in target 'TravelTap' from project 'TravelTap')
EmitSwiftModule normal arm64 (in target 'TravelTap' from project 'TravelTap')
    cd /Users/erders/Documents/TravelTap
    

SwiftCompile normal arm64 Compiling\ FlindersIslandAttractions.swift,\ FlindersRangesAttractions.swift,\ FreycinetAttractions.swift,\ GoldCoastAttractions.swift,\ GreatOceanRoadAttractions.swift,\ HobartAttractions.swift,\ HuonValleyAttractions.swift,\ KakaduAttractions.swift,\ KangarooIslandAttractions.swift,\ KarijiniAttractions.swift,\ KingIslandAttractions.swift,\ LauncestonAttractions.swift,\ LordHoweIslandAttractions.swift,\ MargaretRiverAttractions.swift,\ MariaIslandAttractions.swift,\ MelbourneAttractions.swift,\ MoleCreekAttractions.swift,\ MtFieldAttractions.swift,\ NorthWestTasmaniaAttractions.swift,\ PerthAttractions.swift,\ PhillipIslandAttractions.swift,\ SunshineCoastAttractions.swift,\ SydneyAttractions.swift,\ TasmanPeninsulaAttractions.swift,\ UluruAttractions.swift /Users/erders/Documents/TravelTap/TravelTap/Data/Countries/Oceania/Australia/Cities/FlindersIslandAttractions.swift /Users/erders/Documents/TravelTap/TravelTap/Data/Countries/Oceania/Australia/Cities/FlindersRangesAttractions.swift /Users/erders/Documents/TravelTap/TravelTap/Data/Countries/Oceania/Australia/Cities/FreycinetAttractions.swift /Users/erders/Documents/TravelTap/TravelTap/Data/Countries/Oceania/Australia/Cities/GoldCoastAttractions.swift /Users/erders/Documents/TravelTap/TravelTap/Data/Countries/Oceania/Australia/Cities/GreatOceanRoadAttractions.swift /Users/erders/Documents/TravelTap/TravelTap/Data/Countries/Oceania/Australia/Cities/HobartAttractions.swift /Users/erders/Documents/TravelTap/TravelTap/Data/Countries/Oceania/Australia/Cities/HuonValleyAttractions.swift /Users/erders/Documents/TravelTap/TravelTap/Data/Countries/Oceania/Australia/Cities/KakaduAttractions.swift /Users/erders/Documents/TravelTap/TravelTap/Data/Countries/Oceania/Australia/Cities/KangarooIslandAttractions.swift /Users/erders/Documents/TravelTap/TravelTap/Data/Countries/Oceania/Australia/Cities/KarijiniAttractions.swift /Users/erders/Documents/TravelTap/TravelTap/Data/Countries/Oceania/Australia/Cities/KingIslandAttractions.swift /Users/erders/Documents/TravelTap/TravelTap/Data/Countries/Oceania/Australia/Cities/LauncestonAttractions.swift /Users/erders/Documents/TravelTap/TravelTap/Data/Countries/Oceania/Australia/Cities/LordHoweIslandAttractions.swift /Users/erders/Documents/TravelTap/TravelTap/Data/Countries/Oceania/Australia/Cities/MargaretRiverAttractions.swift /Users/erders/Documents/TravelTap/TravelTap/Data/Countries/Oceania/Australia/Cities/MariaIslandAttractions.swift /Users/erders/Documents/TravelTap/TravelTap/Data/Countries/Oceania/Australia/Cities/MelbourneAttractions.swift /Users/erders/Documents/TravelTap/TravelTap/Data/Countries/Oceania/Australia/Cities/MoleCreekAttractions.swift /Users/erders/Documents/TravelTap/TravelTap/Data/Countries/Oceania/Australia/Cities/MtFieldAttractions.swift /Users/erders/Documents/TravelTap/TravelTap/Data/Countries/Oceania/Australia/Cities/NorthWestTasmaniaAttractions.swift /Users/erders/Documents/TravelTap/TravelTap/Data/Countries/Oceania/Australia/Cities/PerthAttractions.swift /Users/erders/Documents/TravelTap/TravelTap/Data/Countries/Oceania/Australia/Cities/PhillipIslandAttractions.swift /Users/erders/Documents/TravelTap/TravelTap/Data/Countries/Oceania/Australia/Cities/SunshineCoastAttractions.swift /Users/erders/Documents/TravelTap/TravelTap/Data/Countries/Oceania/Australia/Cities/SydneyAttractions.swift /Users/erders/Documents/TravelTap/TravelTap/Data/Countries/Oceania/Australia/Cities/TasmanPeninsulaAttractions.swift /Users/erders/Documents/TravelTap/TravelTap/Data/Countries/Oceania/Australia/Cities/UluruAttractions.swift (in target 'TravelTap' from project 'TravelTap')

SwiftCompile normal arm64 /Users/erders/Documents/TravelTap/TravelTap/Data/Countries/Oceania/Australia/Cities/FlindersIslandAttractions.swift (in target 'TravelTap' from project 'TravelTap')
    cd /Users/erders/Documents/TravelTap
    

SwiftCompile normal arm64 /Users/erders/Documents/TravelTap/TravelTap/Data/Countries/Oceania/Australia/Cities/FlindersRangesAttractions.swift (in target 'TravelTap' from project 'TravelTap')
    cd /Users/erders/Documents/TravelTap
    

SwiftCompile normal arm64 /Users/erders/Documents/TravelTap/TravelTap/Data/Countries/Oceania/Australia/Cities/FreycinetAttractions.swift (in target 'TravelTap' from project 'TravelTap')
    cd /Users/erders/Documents/TravelTap
    

SwiftCompile normal arm64 /Users/erders/Documents/TravelTap/TravelTap/Data/Countries/Oceania/Australia/Cities/GoldCoastAttractions.swift (in target 'TravelTap' from project 'TravelTap')
    cd /Users/erders/Documents/TravelTap
    

SwiftCompile normal arm64 /Users/erders/Documents/TravelTap/TravelTap/Data/Countries/Oceania/Australia/Cities/GreatOceanRoadAttractions.swift (in target 'TravelTap' from project 'TravelTap')
    cd /Users/erders/Documents/TravelTap
    

SwiftCompile normal arm64 /Users/erders/Documents/TravelTap/TravelTap/Data/Countries/Oceania/Australia/Cities/HobartAttractions.swift (in target 'TravelTap' from project 'TravelTap')
    cd /Users/erders/Documents/TravelTap
    

SwiftCompile normal arm64 /Users/erders/Documents/TravelTap/TravelTap/Data/Countries/Oceania/Australia/Cities/HuonValleyAttractions.swift (in target 'TravelTap' from project 'TravelTap')
    cd /Users/erders/Documents/TravelTap
    

SwiftCompile normal arm64 /Users/erders/Documents/TravelTap/TravelTap/Data/Countries/Oceania/Australia/Cities/KakaduAttractions.swift (in target 'TravelTap' from project 'TravelTap')
    cd /Users/erders/Documents/TravelTap
    

SwiftCompile normal arm64 /Users/erders/Documents/TravelTap/TravelTap/Data/Countries/Oceania/Australia/Cities/KangarooIslandAttractions.swift (in target 'TravelTap' from project 'TravelTap')
    cd /Users/erders/Documents/TravelTap
    

SwiftCompile normal arm64 /Users/erders/Documents/TravelTap/TravelTap/Data/Countries/Oceania/Australia/Cities/KarijiniAttractions.swift (in target 'TravelTap' from project 'TravelTap')
    cd /Users/erders/Documents/TravelTap
    

SwiftCompile normal arm64 /Users/erders/Documents/TravelTap/TravelTap/Data/Countries/Oceania/Australia/Cities/KingIslandAttractions.swift (in target 'TravelTap' from project 'TravelTap')
    cd /Users/erders/Documents/TravelTap
    

SwiftCompile normal arm64 /Users/erders/Documents/TravelTap/TravelTap/Data/Countries/Oceania/Australia/Cities/LauncestonAttractions.swift (in target 'TravelTap' from project 'TravelTap')
    cd /Users/erders/Documents/TravelTap
    

SwiftCompile normal arm64 /Users/erders/Documents/TravelTap/TravelTap/Data/Countries/Oceania/Australia/Cities/LordHoweIslandAttractions.swift (in target 'TravelTap' from project 'TravelTap')
    cd /Users/erders/Documents/TravelTap
    

SwiftCompile normal arm64 /Users/erders/Documents/TravelTap/TravelTap/Data/Countries/Oceania/Australia/Cities/MargaretRiverAttractions.swift (in target 'TravelTap' from project 'TravelTap')
    cd /Users/erders/Documents/TravelTap
    

SwiftCompile normal arm64 /Users/erders/Documents/TravelTap/TravelTap/Data/Countries/Oceania/Australia/Cities/MariaIslandAttractions.swift (in target 'TravelTap' from project 'TravelTap')
    cd /Users/erders/Documents/TravelTap
    

SwiftCompile normal arm64 /Users/erders/Documents/TravelTap/TravelTap/Data/Countries/Oceania/Australia/Cities/MelbourneAttractions.swift (in target 'TravelTap' from project 'TravelTap')
    cd /Users/erders/Documents/TravelTap
    

SwiftCompile normal arm64 /Users/erders/Documents/TravelTap/TravelTap/Data/Countries/Oceania/Australia/Cities/MoleCreekAttractions.swift (in target 'TravelTap' from project 'TravelTap')
    cd /Users/erders/Documents/TravelTap
    

SwiftCompile normal arm64 /Users/erders/Documents/TravelTap/TravelTap/Data/Countries/Oceania/Australia/Cities/MtFieldAttractions.swift (in target 'TravelTap' from project 'TravelTap')
    cd /Users/erders/Documents/TravelTap
    

SwiftCompile normal arm64 /Users/erders/Documents/TravelTap/TravelTap/Data/Countries/Oceania/Australia/Cities/NorthWestTasmaniaAttractions.swift (in target 'TravelTap' from project 'TravelTap')
    cd /Users/erders/Documents/TravelTap
    

SwiftCompile normal arm64 /Users/erders/Documents/TravelTap/TravelTap/Data/Countries/Oceania/Australia/Cities/PerthAttractions.swift (in target 'TravelTap' from project 'TravelTap')
    cd /Users/erders/Documents/TravelTap
    

SwiftCompile normal arm64 /Users/erders/Documents/TravelTap/TravelTap/Data/Countries/Oceania/Australia/Cities/PhillipIslandAttractions.swift (in target 'TravelTap' from project 'TravelTap')
    cd /Users/erders/Documents/TravelTap
    

SwiftCompile normal arm64 /Users/erders/Documents/TravelTap/TravelTap/Data/Countries/Oceania/Australia/Cities/SunshineCoastAttractions.swift (in target 'TravelTap' from project 'TravelTap')
    cd /Users/erders/Documents/TravelTap
    

SwiftCompile normal arm64 /Users/erders/Documents/TravelTap/TravelTap/Data/Countries/Oceania/Australia/Cities/SydneyAttractions.swift (in target 'TravelTap' from project 'TravelTap')
    cd /Users/erders/Documents/TravelTap
    

SwiftCompile normal arm64 /Users/erders/Documents/TravelTap/TravelTap/Data/Countries/Oceania/Australia/Cities/TasmanPeninsulaAttractions.swift (in target 'TravelTap' from project 'TravelTap')
    cd /Users/erders/Documents/TravelTap
    

SwiftCompile normal arm64 /Users/erders/Documents/TravelTap/TravelTap/Data/Countries/Oceania/Australia/Cities/UluruAttractions.swift (in target 'TravelTap' from project 'TravelTap')
    cd /Users/erders/Documents/TravelTap
    

SwiftDriverJobDiscovery normal arm64 Compiling GhanaPackage.swift, ConakryCoastalAttractions.swift, FoutaDjallonAttractions.swift, GuineaParksReservesAttractions.swift, UpperGuineaAttractions.swift, GuineaPackage.swift, BijagosArchipelagoAttractions.swift, BissauCoastalAttractions.swift, MainlandParksAttractions.swift, GuineaBissauPackage.swift, CentralNimbaAttractions.swift, MonroviaSurroundsAttractions.swift, SoutheastNatureAttractions.swift, WestNorthAttractions.swift, LiberiaPackage.swift, BamakoSouthAttractions.swift, DjenneMoptiRiverAttractions.swift, DogonCountryEastAttractions.swift, TimbuktuNorthAttractions.swift, MaliPackage.swift, AdrarHighlandsAttractions.swift, CoastalWetlandsAttractions.swift, HistoricTownsAttractions.swift, SaharaWondersAttractions.swift, MauritaniaPackage.swift (in target 'TravelTap' from project 'TravelTap')

SwiftCompile normal arm64 Compiling\ NatalAttractions.swift,\ OuroPretoAttractions.swift,\ ParatyIlhaGrandeAttractions.swift,\ RecifeOlindaAttractions.swift,\ RioDeJaneiroAttractions.swift,\ SalvadorAttractions.swift,\ SaoPauloAttractions.swift,\ ChilePackage.swift,\ AricaAttractions.swift,\ CarreteraAustralAttractions.swift,\ ChiloeIslandAttractions.swift,\ ColchaguaValleyAttractions.swift,\ EasterIslandAttractions.swift,\ IquiqueAttractions.swift,\ LaSerenaElquiValleyAttractions.swift,\ PuconVillarricaAttractions.swift,\ PuertoNatalesAttractions.swift,\ PuertoVarasLakeDistrictAttractions.swift,\ PuntaArenasAttractions.swift,\ SanPedroDeAtacamaAttractions.swift,\ SantiagoAttractions.swift,\ TierraDelFuegoAttractions.swift,\ TorresDelPaineAttractions.swift,\ ValparaisoAttractions.swift,\ VinaDelMarAttractions.swift /Users/erders/Documents/TravelTap/TravelTap/Data/Countries/SouthAmerica/Brazil/Cities/NatalAttractions.swift /Users/erders/Documents/TravelTap/TravelTap/Data/Countries/SouthAmerica/Brazil/Cities/OuroPretoAttractions.swift /Users/erders/Documents/TravelTap/TravelTap/Data/Countries/SouthAmerica/Brazil/Cities/ParatyIlhaGrandeAttractions.swift /Users/erders/Documents/TravelTap/TravelTap/Data/Countries/SouthAmerica/Brazil/Cities/RecifeOlindaAttractions.swift /Users/erders/Documents/TravelTap/TravelTap/Data/Countries/SouthAmerica/Brazil/Cities/RioDeJaneiroAttractions.swift /Users/erders/Documents/TravelTap/TravelTap/Data/Countries/SouthAmerica/Brazil/Cities/SalvadorAttractions.swift /Users/erders/Documents/TravelTap/TravelTap/Data/Countries/SouthAmerica/Brazil/Cities/SaoPauloAttractions.swift /Users/erders/Documents/TravelTap/TravelTap/Data/Countries/SouthAmerica/Chile/ChilePackage.swift /Users/erders/Documents/TravelTap/TravelTap/Data/Countries/SouthAmerica/Chile/Cities/AricaAttractions.swift /Users/erders/Documents/TravelTap/TravelTap/Data/Countries/SouthAmerica/Chile/Cities/CarreteraAustralAttractions.swift /Users/erders/Documents/TravelTap/TravelTap/Data/Countries/SouthAmerica/Chile/Cities/ChiloeIslandAttractions.swift /Users/erders/Documents/TravelTap/TravelTap/Data/Countries/SouthAmerica/Chile/Cities/ColchaguaValleyAttractions.swift /Users/erders/Documents/TravelTap/TravelTap/Data/Countries/SouthAmerica/Chile/Cities/EasterIslandAttractions.swift /Users/erders/Documents/TravelTap/TravelTap/Data/Countries/SouthAmerica/Chile/Cities/IquiqueAttractions.swift /Users/erders/Documents/TravelTap/TravelTap/Data/Countries/SouthAmerica/Chile/Cities/LaSerenaElquiValleyAttractions.swift /Users/erders/Documents/TravelTap/TravelTap/Data/Countries/SouthAmerica/Chile/Cities/PuconVillarricaAttractions.swift /Users/erders/Documents/TravelTap/TravelTap/Data/Countries/SouthAmerica/Chile/Cities/PuertoNatalesAttractions.swift /Users/erders/Documents/TravelTap/TravelTap/Data/Countries/SouthAmerica/Chile/Cities/PuertoVarasLakeDistrictAttractions.swift /Users/erders/Documents/TravelTap/TravelTap/Data/Countries/SouthAmerica/Chile/Cities/PuntaArenasAttractions.swift /Users/erders/Documents/TravelTap/TravelTap/Data/Countries/SouthAmerica/Chile/Cities/SanPedroDeAtacamaAttractions.swift /Users/erders/Documents/TravelTap/TravelTap/Data/Countries/SouthAmerica/Chile/Cities/SantiagoAttractions.swift /Users/erders/Documents/TravelTap/TravelTap/Data/Countries/SouthAmerica/Chile/Cities/TierraDelFuegoAttractions.swift /Users/erders/Documents/TravelTap/TravelTap/Data/Countries/SouthAmerica/Chile/Cities/TorresDelPaineAttractions.swift /Users/erders/Documents/TravelTap/TravelTap/Data/Countries/SouthAmerica/Chile/Cities/ValparaisoAttractions.swift /Users/erders/Documents/TravelTap/TravelTap/Data/Countries/SouthAmerica/Chile/Cities/VinaDelMarAttractions.swift (in target 'TravelTap' from project 'TravelTap')

SwiftCompile normal arm64 /Users/erders/Documents/TravelTap/TravelTap/Data/Countries/SouthAmerica/Brazil/Cities/NatalAttractions.swift (in target 'TravelTap' from project 'TravelTap')
    cd /Users/erders/Documents/TravelTap
    

SwiftCompile normal arm64 /Users/erders/Documents/TravelTap/TravelTap/Data/Countries/SouthAmerica/Brazil/Cities/OuroPretoAttractions.swift (in target 'TravelTap' from project 'TravelTap')
    cd /Users/erders/Documents/TravelTap
    

SwiftCompile normal arm64 /Users/erders/Documents/TravelTap/TravelTap/Data/Countries/SouthAmerica/Brazil/Cities/ParatyIlhaGrandeAttractions.swift (in target 'TravelTap' from project 'TravelTap')
    cd /Users/erders/Documents/TravelTap
    

SwiftCompile normal arm64 /Users/erders/Documents/TravelTap/TravelTap/Data/Countries/SouthAmerica/Brazil/Cities/RecifeOlindaAttractions.swift (in target 'TravelTap' from project 'TravelTap')
    cd /Users/erders/Documents/TravelTap
    

SwiftCompile normal arm64 /Users/erders/Documents/TravelTap/TravelTap/Data/Countries/SouthAmerica/Brazil/Cities/RioDeJaneiroAttractions.swift (in target 'TravelTap' from project 'TravelTap')
    cd /Users/erders/Documents/TravelTap
    

SwiftCompile normal arm64 /Users/erders/Documents/TravelTap/TravelTap/Data/Countries/SouthAmerica/Brazil/Cities/SalvadorAttractions.swift (in target 'TravelTap' from project 'TravelTap')
    cd /Users/erders/Documents/TravelTap
    

SwiftCompile normal arm64 /Users/erders/Documents/TravelTap/TravelTap/Data/Countries/SouthAmerica/Brazil/Cities/SaoPauloAttractions.swift (in target 'TravelTap' from project 'TravelTap')
    cd /Users/erders/Documents/TravelTap
    

SwiftCompile normal arm64 /Users/erders/Documents/TravelTap/TravelTap/Data/Countries/SouthAmerica/Chile/ChilePackage.swift (in target 'TravelTap' from project 'TravelTap')
    cd /Users/erders/Documents/TravelTap
    

SwiftCompile normal arm64 /Users/erders/Documents/TravelTap/TravelTap/Data/Countries/SouthAmerica/Chile/Cities/AricaAttractions.swift (in target 'TravelTap' from project 'TravelTap')
    cd /Users/erders/Documents/TravelTap
    

SwiftCompile normal arm64 /Users/erders/Documents/TravelTap/TravelTap/Data/Countries/SouthAmerica/Chile/Cities/CarreteraAustralAttractions.swift (in target 'TravelTap' from project 'TravelTap')
    cd /Users/erders/Documents/TravelTap
    

SwiftCompile normal arm64 /Users/erders/Documents/TravelTap/TravelTap/Data/Countries/SouthAmerica/Chile/Cities/ChiloeIslandAttractions.swift (in target 'TravelTap' from project 'TravelTap')
    cd /Users/erders/Documents/TravelTap
    

SwiftCompile normal arm64 /Users/erders/Documents/TravelTap/TravelTap/Data/Countries/SouthAmerica/Chile/Cities/ColchaguaValleyAttractions.swift (in target 'TravelTap' from project 'TravelTap')
    cd /Users/erders/Documents/TravelTap
    

SwiftCompile normal arm64 /Users/erders/Documents/TravelTap/TravelTap/Data/Countries/SouthAmerica/Chile/Cities/EasterIslandAttractions.swift (in target 'TravelTap' from project 'TravelTap')
    cd /Users/erders/Documents/TravelTap
    

SwiftCompile normal arm64 /Users/erders/Documents/TravelTap/TravelTap/Data/Countries/SouthAmerica/Chile/Cities/IquiqueAttractions.swift (in target 'TravelTap' from project 'TravelTap')
    cd /Users/erders/Documents/TravelTap
    

SwiftCompile normal arm64 /Users/erders/Documents/TravelTap/TravelTap/Data/Countries/SouthAmerica/Chile/Cities/LaSerenaElquiValleyAttractions.swift (in target 'TravelTap' from project 'TravelTap')
    cd /Users/erders/Documents/TravelTap
    

SwiftCompile normal arm64 /Users/erders/Documents/TravelTap/TravelTap/Data/Countries/SouthAmerica/Chile/Cities/PuconVillarricaAttractions.swift (in target 'TravelTap' from project 'TravelTap')
    cd /Users/erders/Documents/TravelTap
    

SwiftCompile normal arm64 /Users/erders/Documents/TravelTap/TravelTap/Data/Countries/SouthAmerica/Chile/Cities/PuertoNatalesAttractions.swift (in target 'TravelTap' from project 'TravelTap')
    cd /Users/erders/Documents/TravelTap
    

SwiftCompile normal arm64 /Users/erders/Documents/TravelTap/TravelTap/Data/Countries/SouthAmerica/Chile/Cities/PuertoVarasLakeDistrictAttractions.swift (in target 'TravelTap' from project 'TravelTap')
    cd /Users/erders/Documents/TravelTap
    

SwiftCompile normal arm64 /Users/erders/Documents/TravelTap/TravelTap/Data/Countries/SouthAmerica/Chile/Cities/PuntaArenasAttractions.swift (in target 'TravelTap' from project 'TravelTap')
    cd /Users/erders/Documents/TravelTap
    

SwiftCompile normal arm64 /Users/erders/Documents/TravelTap/TravelTap/Data/Countries/SouthAmerica/Chile/Cities/SanPedroDeAtacamaAttractions.swift (in target 'TravelTap' from project 'TravelTap')
    cd /Users/erders/Documents/TravelTap
    

SwiftCompile normal arm64 /Users/erders/Documents/TravelTap/TravelTap/Data/Countries/SouthAmerica/Chile/Cities/SantiagoAttractions.swift (in target 'TravelTap' from project 'TravelTap')
    cd /Users/erders/Documents/TravelTap
    

SwiftCompile normal arm64 /Users/erders/Documents/TravelTap/TravelTap/Data/Countries/SouthAmerica/Chile/Cities/TierraDelFuegoAttractions.swift (in target 'TravelTap' from project 'TravelTap')
    cd /Users/erders/Documents/TravelTap
    

SwiftCompile normal arm64 /Users/erders/Documents/TravelTap/TravelTap/Data/Countries/SouthAmerica/Chile/Cities/TorresDelPaineAttractions.swift (in target 'TravelTap' from project 'TravelTap')
    cd /Users/erders/Documents/TravelTap
    

SwiftCompile normal arm64 /Users/erders/Documents/TravelTap/TravelTap/Data/Countries/SouthAmerica/Chile/Cities/ValparaisoAttractions.swift (in target 'TravelTap' from project 'TravelTap')
    cd /Users/erders/Documents/TravelTap
    

SwiftCompile normal arm64 /Users/erders/Documents/TravelTap/TravelTap/Data/Countries/SouthAmerica/Chile/Cities/VinaDelMarAttractions.swift (in target 'TravelTap' from project 'TravelTap')
    cd /Users/erders/Documents/TravelTap
    

SwiftDriverJobDiscovery normal arm64 Compiling AgadezAirMountainsAttractions.swift, NiameySouthwestAttractions.swift, TenereDesertNorthAttractions.swift, ZinderSouthEastAttractions.swift, NigerPackage.swift, AbujaCentralAttractions.swift, LagosSouthwestAttractions.swift, NorthEastWestAttractions.swift, SouthEastSouthSouthAttractions.swift, NigeriaPackage.swift, CasamanceEastAttractions.swift, DakarSurroundsAttractions.swift, NorthSaintLouisAttractions.swift, SaloumCentralAttractions.swift, SenegalPackage.swift, EastSouthRainforestsAttractions.swift, FreetownPeninsulaAttractions.swift, IslandsCoastAttractions.swift, NorthInteriorAttractions.swift, SierraLeonePackage.swift, CentralKaraAttractions.swift, KpalimePlateauxAttractions.swift, LomeMaritimeAttractions.swift, SavanesKoutammakouAttractions.swift, TogoPackage.swift (in target 'TravelTap' from project 'TravelTap')

SwiftCompile normal arm64 Compiling\ GuanajaAttractions.swift,\ LaCeibaAttractions.swift,\ RoatanAttractions.swift,\ TegucigalpaAttractions.swift,\ TelaAttractions.swift,\ UtilaAttractions.swift,\ HondurasPackage.swift,\ BlackRiverAttractions.swift,\ FalmouthAttractions.swift,\ JamaicaBlueMountainsAttractions.swift,\ KingstonAttractions.swift,\ MontegoBayAttractions.swift,\ NegrilAttractions.swift,\ OchoRiosAttractions.swift,\ PortAntonioAttractions.swift,\ JamaicaPackage.swift,\ CornIslandsAttractions.swift,\ ManaguaAttractions.swift,\ MasayaAttractions.swift,\ MatagalpaAttractions.swift,\ NicaraguaGranadaAttractions.swift,\ OmetepeAttractions.swift,\ SanJuanDelSurAttractions.swift,\ NicaraguaPackage.swift,\ BocasDelToroAttractions.swift /Users/erders/Documents/TravelTap/TravelTap/Data/Countries/CentralAmerica/Honduras/Cities/GuanajaAttractions.swift /Users/erders/Documents/TravelTap/TravelTap/Data/Countries/CentralAmerica/Honduras/Cities/LaCeibaAttractions.swift /Users/erders/Documents/TravelTap/TravelTap/Data/Countries/CentralAmerica/Honduras/Cities/RoatanAttractions.swift /Users/erders/Documents/TravelTap/TravelTap/Data/Countries/CentralAmerica/Honduras/Cities/TegucigalpaAttractions.swift /Users/erders/Documents/TravelTap/TravelTap/Data/Countries/CentralAmerica/Honduras/Cities/TelaAttractions.swift /Users/erders/Documents/TravelTap/TravelTap/Data/Countries/CentralAmerica/Honduras/Cities/UtilaAttractions.swift /Users/erders/Documents/TravelTap/TravelTap/Data/Countries/CentralAmerica/Honduras/HondurasPackage.swift /Users/erders/Documents/TravelTap/TravelTap/Data/Countries/CentralAmerica/Jamaica/Cities/BlackRiverAttractions.swift /Users/erders/Documents/TravelTap/TravelTap/Data/Countries/CentralAmerica/Jamaica/Cities/FalmouthAttractions.swift /Users/erders/Documents/TravelTap/TravelTap/Data/Countries/CentralAmerica/Jamaica/Cities/JamaicaBlueMountainsAttractions.swift /Users/erders/Documents/TravelTap/TravelTap/Data/Countries/CentralAmerica/Jamaica/Cities/KingstonAttractions.swift /Users/erders/Documents/TravelTap/TravelTap/Data/Countries/CentralAmerica/Jamaica/Cities/MontegoBayAttractions.swift /Users/erders/Documents/TravelTap/TravelTap/Data/Countries/CentralAmerica/Jamaica/Cities/NegrilAttractions.swift /Users/erders/Documents/TravelTap/TravelTap/Data/Countries/CentralAmerica/Jamaica/Cities/OchoRiosAttractions.swift /Users/erders/Documents/TravelTap/TravelTap/Data/Countries/CentralAmerica/Jamaica/Cities/PortAntonioAttractions.swift /Users/erders/Documents/TravelTap/TravelTap/Data/Countries/CentralAmerica/Jamaica/JamaicaPackage.swift /Users/erders/Documents/TravelTap/TravelTap/Data/Countries/CentralAmerica/Nicaragua/Cities/CornIslandsAttractions.swift /Users/erders/Documents/TravelTap/TravelTap/Data/Countries/CentralAmerica/Nicaragua/Cities/ManaguaAttractions.swift /Users/erders/Documents/TravelTap/TravelTap/Data/Countries/CentralAmerica/Nicaragua/Cities/MasayaAttractions.swift /Users/erders/Documents/TravelTap/TravelTap/Data/Countries/CentralAmerica/Nicaragua/Cities/MatagalpaAttractions.swift /Users/erders/Documents/TravelTap/TravelTap/Data/Countries/CentralAmerica/Nicaragua/Cities/NicaraguaGranadaAttractions.swift /Users/erders/Documents/TravelTap/TravelTap/Data/Countries/CentralAmerica/Nicaragua/Cities/OmetepeAttractions.swift /Users/erders/Documents/TravelTap/TravelTap/Data/Countries/CentralAmerica/Nicaragua/Cities/SanJuanDelSurAttractions.swift /Users/erders/Documents/TravelTap/TravelTap/Data/Countries/CentralAmerica/Nicaragua/NicaraguaPackage.swift /Users/erders/Documents/TravelTap/TravelTap/Data/Countries/CentralAmerica/Panama/Cities/BocasDelToroAttractions.swift (in target 'TravelTap' from project 'TravelTap')

SwiftCompile normal arm64 /Users/erders/Documents/TravelTap/TravelTap/Data/Countries/CentralAmerica/Honduras/Cities/GuanajaAttractions.swift (in target 'TravelTap' from project 'TravelTap')
    cd /Users/erders/Documents/TravelTap
    

SwiftCompile normal arm64 /Users/erders/Documents/TravelTap/TravelTap/Data/Countries/CentralAmerica/Honduras/Cities/LaCeibaAttractions.swift (in target 'TravelTap' from project 'TravelTap')
    cd /Users/erders/Documents/TravelTap
    

SwiftCompile normal arm64 /Users/erders/Documents/TravelTap/TravelTap/Data/Countries/CentralAmerica/Honduras/Cities/RoatanAttractions.swift (in target 'TravelTap' from project 'TravelTap')
    cd /Users/erders/Documents/TravelTap
    

SwiftCompile normal arm64 /Users/erders/Documents/TravelTap/TravelTap/Data/Countries/CentralAmerica/Honduras/Cities/TegucigalpaAttractions.swift (in target 'TravelTap' from project 'TravelTap')
    cd /Users/erders/Documents/TravelTap
    

SwiftCompile normal arm64 /Users/erders/Documents/TravelTap/TravelTap/Data/Countries/CentralAmerica/Honduras/Cities/TelaAttractions.swift (in target 'TravelTap' from project 'TravelTap')
    cd /Users/erders/Documents/TravelTap
    

SwiftCompile normal arm64 /Users/erders/Documents/TravelTap/TravelTap/Data/Countries/CentralAmerica/Honduras/Cities/UtilaAttractions.swift (in target 'TravelTap' from project 'TravelTap')
    cd /Users/erders/Documents/TravelTap
    

SwiftCompile normal arm64 /Users/erders/Documents/TravelTap/TravelTap/Data/Countries/CentralAmerica/Honduras/HondurasPackage.swift (in target 'TravelTap' from project 'TravelTap')
    cd /Users/erders/Documents/TravelTap
    

SwiftCompile normal arm64 /Users/erders/Documents/TravelTap/TravelTap/Data/Countries/CentralAmerica/Jamaica/Cities/BlackRiverAttractions.swift (in target 'TravelTap' from project 'TravelTap')
    cd /Users/erders/Documents/TravelTap
    

SwiftCompile normal arm64 /Users/erders/Documents/TravelTap/TravelTap/Data/Countries/CentralAmerica/Jamaica/Cities/FalmouthAttractions.swift (in target 'TravelTap' from project 'TravelTap')
    cd /Users/erders/Documents/TravelTap
    

SwiftCompile normal arm64 /Users/erders/Documents/TravelTap/TravelTap/Data/Countries/CentralAmerica/Jamaica/Cities/JamaicaBlueMountainsAttractions.swift (in target 'TravelTap' from project 'TravelTap')
    cd /Users/erders/Documents/TravelTap
    

SwiftCompile normal arm64 /Users/erders/Documents/TravelTap/TravelTap/Data/Countries/CentralAmerica/Jamaica/Cities/KingstonAttractions.swift (in target 'TravelTap' from project 'TravelTap')
    cd /Users/erders/Documents/TravelTap
    

SwiftCompile normal arm64 /Users/erders/Documents/TravelTap/TravelTap/Data/Countries/CentralAmerica/Jamaica/Cities/MontegoBayAttractions.swift (in target 'TravelTap' from project 'TravelTap')
    cd /Users/erders/Documents/TravelTap
    

SwiftCompile normal arm64 /Users/erders/Documents/TravelTap/TravelTap/Data/Countries/CentralAmerica/Jamaica/Cities/NegrilAttractions.swift (in target 'TravelTap' from project 'TravelTap')
    cd /Users/erders/Documents/TravelTap
    

SwiftCompile normal arm64 /Users/erders/Documents/TravelTap/TravelTap/Data/Countries/CentralAmerica/Jamaica/Cities/OchoRiosAttractions.swift (in target 'TravelTap' from project 'TravelTap')
    cd /Users/erders/Documents/TravelTap
    

SwiftCompile normal arm64 /Users/erders/Documents/TravelTap/TravelTap/Data/Countries/CentralAmerica/Jamaica/Cities/PortAntonioAttractions.swift (in target 'TravelTap' from project 'TravelTap')
    cd /Users/erders/Documents/TravelTap
    

SwiftCompile normal arm64 /Users/erders/Documents/TravelTap/TravelTap/Data/Countries/CentralAmerica/Jamaica/JamaicaPackage.swift (in target 'TravelTap' from project 'TravelTap')
    cd /Users/erders/Documents/TravelTap
    

SwiftCompile normal arm64 /Users/erders/Documents/TravelTap/TravelTap/Data/Countries/CentralAmerica/Nicaragua/Cities/CornIslandsAttractions.swift (in target 'TravelTap' from project 'TravelTap')
    cd /Users/erders/Documents/TravelTap
    

SwiftCompile normal arm64 /Users/erders/Documents/TravelTap/TravelTap/Data/Countries/CentralAmerica/Nicaragua/Cities/ManaguaAttractions.swift (in target 'TravelTap' from project 'TravelTap')
    cd /Users/erders/Documents/TravelTap
    

SwiftCompile normal arm64 /Users/erders/Documents/TravelTap/TravelTap/Data/Countries/CentralAmerica/Nicaragua/Cities/MasayaAttractions.swift (in target 'TravelTap' from project 'TravelTap')
    cd /Users/erders/Documents/TravelTap
    

SwiftCompile normal arm64 /Users/erders/Documents/TravelTap/TravelTap/Data/Countries/CentralAmerica/Nicaragua/Cities/MatagalpaAttractions.swift (in target 'TravelTap' from project 'TravelTap')
    cd /Users/erders/Documents/TravelTap
    

SwiftCompile normal arm64 /Users/erders/Documents/TravelTap/TravelTap/Data/Countries/CentralAmerica/Nicaragua/Cities/NicaraguaGranadaAttractions.swift (in target 'TravelTap' from project 'TravelTap')
    cd /Users/erders/Documents/TravelTap
    

SwiftCompile normal arm64 /Users/erders/Documents/TravelTap/TravelTap/Data/Countries/CentralAmerica/Nicaragua/Cities/OmetepeAttractions.swift (in target 'TravelTap' from project 'TravelTap')
    cd /Users/erders/Documents/TravelTap
    

SwiftCompile normal arm64 /Users/erders/Documents/TravelTap/TravelTap/Data/Countries/CentralAmerica/Nicaragua/Cities/SanJuanDelSurAttractions.swift (in target 'TravelTap' from project 'TravelTap')
    cd /Users/erders/Documents/TravelTap
    

SwiftCompile normal arm64 /Users/erders/Documents/TravelTap/TravelTap/Data/Countries/CentralAmerica/Nicaragua/NicaraguaPackage.swift (in target 'TravelTap' from project 'TravelTap')
    cd /Users/erders/Documents/TravelTap
    

SwiftCompile normal arm64 /Users/erders/Documents/TravelTap/TravelTap/Data/Countries/CentralAmerica/Panama/Cities/BocasDelToroAttractions.swift (in target 'TravelTap' from project 'TravelTap')
    cd /Users/erders/Documents/TravelTap
    

SwiftDriverJobDiscovery normal arm64 Compiling BrazzavilleAttractions.swift, NorthernCongoAttractions.swift, PointeNoireAttractions.swift, SouthernCongoAttractions.swift, RepublicoftheCongoPackage.swift, PrincipeAttractions.swift, SaoTomeCityAttractions.swift, SaoTomeNorthCentralAttractions.swift, SaoTomeSouthEastAttractions.swift, SaoTomeandPrincipePackage.swift, BurundiPackage.swift, BujumburaAttractions.swift, GitegaCentralAttractions.swift, NorthernBurundiAttractions.swift, SouthernBurundiAttractions.swift, AnjouanAttractions.swift, GrandeComoreAttractions.swift, MoheliAttractions.swift, ComorosPackage.swift, DjiboutiCityBeachesAttractions.swift, DjiboutiSouthWestAttractions.swift, TadjouraNorthAttractions.swift, DjiboutiPackage.swift, AsmaraAttractions.swift, KerenHighlandsAttractions.swift (in target 'TravelTap' from project 'TravelTap')

SwiftCompile normal arm64 Compiling\ GorkhaAttractions.swift,\ NorthEastAttractions.swift,\ PuertoPrincesaAttractions.swift,\ ElNidoAttractions.swift,\ DavaoCityAttractions.swift,\ SagadaAttractions.swift,\ TubbatahaAttractions.swift,\ BantayanAttractions.swift,\ SanVicenteAttractions.swift,\ MoalboalAttractions.swift,\ BoholAttractions.swift,\ LaoagAttractions.swift,\ OslobAttractions.swift,\ CebuCityAttractions.swift,\ BatanesAttractions.swift,\ BacolodAttractions.swift,\ PinatuboAttractions.swift,\ MalapascuaAttractions.swift,\ SurigaoDelSurAttractions.swift,\ TaguigAttractions.swift,\ ManilaCityAttractions.swift,\ ZambalesAttractions.swift,\ CoronAttractions.swift,\ SamarAttractions.swift,\ BoracayAttractions.swift /Users/erders/Documents/TravelTap/TravelTap/Data/Countries/Asia/SouthAsia/Nepal/Cities/GorkhaAttractions.swift /Users/erders/Documents/TravelTap/TravelTap/Data/Countries/Asia/SouthAsia/SriLanka/Cities/NorthEastAttractions.swift /Users/erders/Documents/TravelTap/TravelTap/Data/Countries/Asia/SoutheastAsia/Philippines/Cities/PuertoPrincesaAttractions.swift /Users/erders/Documents/TravelTap/TravelTap/Data/Countries/Asia/SoutheastAsia/Philippines/Cities/ElNidoAttractions.swift /Users/erders/Documents/TravelTap/TravelTap/Data/Countries/Asia/SoutheastAsia/Philippines/Cities/DavaoCityAttractions.swift /Users/erders/Documents/TravelTap/TravelTap/Data/Countries/Asia/SoutheastAsia/Philippines/Cities/SagadaAttractions.swift /Users/erders/Documents/TravelTap/TravelTap/Data/Countries/Asia/SoutheastAsia/Philippines/Cities/TubbatahaAttractions.swift /Users/erders/Documents/TravelTap/TravelTap/Data/Countries/Asia/SoutheastAsia/Philippines/Cities/BantayanAttractions.swift /Users/erders/Documents/TravelTap/TravelTap/Data/Countries/Asia/SoutheastAsia/Philippines/Cities/SanVicenteAttractions.swift /Users/erders/Documents/TravelTap/TravelTap/Data/Countries/Asia/SoutheastAsia/Philippines/Cities/MoalboalAttractions.swift /Users/erders/Documents/TravelTap/TravelTap/Data/Countries/Asia/SoutheastAsia/Philippines/Cities/BoholAttractions.swift /Users/erders/Documents/TravelTap/TravelTap/Data/Countries/Asia/SoutheastAsia/Philippines/Cities/LaoagAttractions.swift /Users/erders/Documents/TravelTap/TravelTap/Data/Countries/Asia/SoutheastAsia/Philippines/Cities/OslobAttractions.swift /Users/erders/Documents/TravelTap/TravelTap/Data/Countries/Asia/SoutheastAsia/Philippines/Cities/CebuCityAttractions.swift /Users/erders/Documents/TravelTap/TravelTap/Data/Countries/Asia/SoutheastAsia/Philippines/Cities/BatanesAttractions.swift /Users/erders/Documents/TravelTap/TravelTap/Data/Countries/Asia/SoutheastAsia/Philippines/Cities/BacolodAttractions.swift /Users/erders/Documents/TravelTap/TravelTap/Data/Countries/Asia/SoutheastAsia/Philippines/Cities/PinatuboAttractions.swift /Users/erders/Documents/TravelTap/TravelTap/Data/Countries/Asia/SoutheastAsia/Philippines/Cities/MalapascuaAttractions.swift /Users/erders/Documents/TravelTap/TravelTap/Data/Countries/Asia/SoutheastAsia/Philippines/Cities/SurigaoDelSurAttractions.swift /Users/erders/Documents/TravelTap/TravelTap/Data/Countries/Asia/SoutheastAsia/Philippines/Cities/TaguigAttractions.swift /Users/erders/Documents/TravelTap/TravelTap/Data/Countries/Asia/SoutheastAsia/Philippines/Cities/ManilaCityAttractions.swift /Users/erders/Documents/TravelTap/TravelTap/Data/Countries/Asia/SoutheastAsia/Philippines/Cities/ZambalesAttractions.swift /Users/erders/Documents/TravelTap/TravelTap/Data/Countries/Asia/SoutheastAsia/Philippines/Cities/CoronAttractions.swift /Users/erders/Documents/TravelTap/TravelTap/Data/Countries/Asia/SoutheastAsia/Philippines/Cities/SamarAttractions.swift /Users/erders/Documents/TravelTap/TravelTap/Data/Countries/Asia/SoutheastAsia/Philippines/Cities/BoracayAttractions.swift (in target 'TravelTap' from project 'TravelTap')

SwiftCompile normal arm64 /Users/erders/Documents/TravelTap/TravelTap/Data/Countries/Asia/SouthAsia/Nepal/Cities/GorkhaAttractions.swift (in target 'TravelTap' from project 'TravelTap')
    cd /Users/erders/Documents/TravelTap
    

SwiftCompile normal arm64 /Users/erders/Documents/TravelTap/TravelTap/Data/Countries/Asia/SouthAsia/SriLanka/Cities/NorthEastAttractions.swift (in target 'TravelTap' from project 'TravelTap')
    cd /Users/erders/Documents/TravelTap
    

SwiftCompile normal arm64 /Users/erders/Documents/TravelTap/TravelTap/Data/Countries/Asia/SoutheastAsia/Philippines/Cities/PuertoPrincesaAttractions.swift (in target 'TravelTap' from project 'TravelTap')
    cd /Users/erders/Documents/TravelTap
    

SwiftCompile normal arm64 /Users/erders/Documents/TravelTap/TravelTap/Data/Countries/Asia/SoutheastAsia/Philippines/Cities/ElNidoAttractions.swift (in target 'TravelTap' from project 'TravelTap')
    cd /Users/erders/Documents/TravelTap
    

SwiftCompile normal arm64 /Users/erders/Documents/TravelTap/TravelTap/Data/Countries/Asia/SoutheastAsia/Philippines/Cities/DavaoCityAttractions.swift (in target 'TravelTap' from project 'TravelTap')
    cd /Users/erders/Documents/TravelTap
    

SwiftCompile normal arm64 /Users/erders/Documents/TravelTap/TravelTap/Data/Countries/Asia/SoutheastAsia/Philippines/Cities/SagadaAttractions.swift (in target 'TravelTap' from project 'TravelTap')
    cd /Users/erders/Documents/TravelTap
    

SwiftCompile normal arm64 /Users/erders/Documents/TravelTap/TravelTap/Data/Countries/Asia/SoutheastAsia/Philippines/Cities/TubbatahaAttractions.swift (in target 'TravelTap' from project 'TravelTap')
    cd /Users/erders/Documents/TravelTap
    

SwiftCompile normal arm64 /Users/erders/Documents/TravelTap/TravelTap/Data/Countries/Asia/SoutheastAsia/Philippines/Cities/BantayanAttractions.swift (in target 'TravelTap' from project 'TravelTap')
    cd /Users/erders/Documents/TravelTap
    

SwiftCompile normal arm64 /Users/erders/Documents/TravelTap/TravelTap/Data/Countries/Asia/SoutheastAsia/Philippines/Cities/SanVicenteAttractions.swift (in target 'TravelTap' from project 'TravelTap')
    cd /Users/erders/Documents/TravelTap
    

SwiftCompile normal arm64 /Users/erders/Documents/TravelTap/TravelTap/Data/Countries/Asia/SoutheastAsia/Philippines/Cities/MoalboalAttractions.swift (in target 'TravelTap' from project 'TravelTap')
    cd /Users/erders/Documents/TravelTap
    

SwiftCompile normal arm64 /Users/erders/Documents/TravelTap/TravelTap/Data/Countries/Asia/SoutheastAsia/Philippines/Cities/BoholAttractions.swift (in target 'TravelTap' from project 'TravelTap')
    cd /Users/erders/Documents/TravelTap
    

SwiftCompile normal arm64 /Users/erders/Documents/TravelTap/TravelTap/Data/Countries/Asia/SoutheastAsia/Philippines/Cities/LaoagAttractions.swift (in target 'TravelTap' from project 'TravelTap')
    cd /Users/erders/Documents/TravelTap
    

SwiftCompile normal arm64 /Users/erders/Documents/TravelTap/TravelTap/Data/Countries/Asia/SoutheastAsia/Philippines/Cities/OslobAttractions.swift (in target 'TravelTap' from project 'TravelTap')
    cd /Users/erders/Documents/TravelTap
    

SwiftCompile normal arm64 /Users/erders/Documents/TravelTap/TravelTap/Data/Countries/Asia/SoutheastAsia/Philippines/Cities/CebuCityAttractions.swift (in target 'TravelTap' from project 'TravelTap')
    cd /Users/erders/Documents/TravelTap
    

SwiftCompile normal arm64 /Users/erders/Documents/TravelTap/TravelTap/Data/Countries/Asia/SoutheastAsia/Philippines/Cities/BatanesAttractions.swift (in target 'TravelTap' from project 'TravelTap')
    cd /Users/erders/Documents/TravelTap
    

SwiftCompile normal arm64 /Users/erders/Documents/TravelTap/TravelTap/Data/Countries/Asia/SoutheastAsia/Philippines/Cities/BacolodAttractions.swift (in target 'TravelTap' from project 'TravelTap')
    cd /Users/erders/Documents/TravelTap
    

SwiftCompile normal arm64 /Users/erders/Documents/TravelTap/TravelTap/Data/Countries/Asia/SoutheastAsia/Philippines/Cities/PinatuboAttractions.swift (in target 'TravelTap' from project 'TravelTap')
    cd /Users/erders/Documents/TravelTap
    

SwiftCompile normal arm64 /Users/erders/Documents/TravelTap/TravelTap/Data/Countries/Asia/SoutheastAsia/Philippines/Cities/MalapascuaAttractions.swift (in target 'TravelTap' from project 'TravelTap')
    cd /Users/erders/Documents/TravelTap
    

SwiftCompile normal arm64 /Users/erders/Documents/TravelTap/TravelTap/Data/Countries/Asia/SoutheastAsia/Philippines/Cities/SurigaoDelSurAttractions.swift (in target 'TravelTap' from project 'TravelTap')
    cd /Users/erders/Documents/TravelTap
    

SwiftCompile normal arm64 /Users/erders/Documents/TravelTap/TravelTap/Data/Countries/Asia/SoutheastAsia/Philippines/Cities/TaguigAttractions.swift (in target 'TravelTap' from project 'TravelTap')
    cd /Users/erders/Documents/TravelTap
    

SwiftCompile normal arm64 /Users/erders/Documents/TravelTap/TravelTap/Data/Countries/Asia/SoutheastAsia/Philippines/Cities/ManilaCityAttractions.swift (in target 'TravelTap' from project 'TravelTap')
    cd /Users/erders/Documents/TravelTap
    

SwiftCompile normal arm64 /Users/erders/Documents/TravelTap/TravelTap/Data/Countries/Asia/SoutheastAsia/Philippines/Cities/ZambalesAttractions.swift (in target 'TravelTap' from project 'TravelTap')
    cd /Users/erders/Documents/TravelTap
    

SwiftCompile normal arm64 /Users/erders/Documents/TravelTap/TravelTap/Data/Countries/Asia/SoutheastAsia/Philippines/Cities/CoronAttractions.swift (in target 'TravelTap' from project 'TravelTap')
    cd /Users/erders/Documents/TravelTap
    

SwiftCompile normal arm64 /Users/erders/Documents/TravelTap/TravelTap/Data/Countries/Asia/SoutheastAsia/Philippines/Cities/SamarAttractions.swift (in target 'TravelTap' from project 'TravelTap')
    cd /Users/erders/Documents/TravelTap
    

SwiftCompile normal arm64 /Users/erders/Documents/TravelTap/TravelTap/Data/Countries/Asia/SoutheastAsia/Philippines/Cities/BoracayAttractions.swift (in target 'TravelTap' from project 'TravelTap')
    cd /Users/erders/Documents/TravelTap
    

SwiftDriverJobDiscovery normal arm64 Compiling PortoNovoEastAttractions.swift, BurkinaFasoPackage.swift, BoboDioulassoWestAttractions.swift, NorthEastParksAttractions.swift, OuagadougouCentralAttractions.swift, SouthernParksAttractions.swift, CapeVerdePackage.swift, FogoBravaAttractions.swift, SalBoaVistaAttractions.swift, SantiagoMaioAttractions.swift, SaoVicenteSantoAntaoAttractions.swift, AbidjanSouthAttractions.swift, CIParksNorthAttractions.swift, CoastalBeachesAttractions.swift, ManWestAttractions.swift, CotedIvoirePackage.swift, BanjulCoastalAttractions.swift, GambiaBeachesAttractions.swift, GambiaNatureAttractions.swift, UpriverHistoricAttractions.swift, GambiaPackage.swift, AccraGreaterAttractions.swift, AshantiNorthAttractions.swift, CapeCoastCentralAttractions.swift, VoltaWesternAttractions.swift (in target 'TravelTap' from project 'TravelTap')

SwiftCompile normal arm64 Compiling\ LahoreAttractions.swift,\ SkarduAttractions.swift,\ SwatAttractions.swift,\ PakistanPackage.swift,\ ColomboAttractions.swift,\ KandyAttractions.swift,\ SriLankaPackage.swift,\ BruneiPackage.swift,\ BandarSeriBegawanAttractions.swift,\ BelaitAttractions.swift,\ TemburongAttractions.swift,\ TutongAttractions.swift,\ CambodiaPackage.swift,\ BattambangAttractions.swift,\ KampotAttractions.swift,\ KepAttractions.swift,\ KratieAttractions.swift,\ MondulkiriAttractions.swift,\ PhnomPenhAttractions.swift,\ RatanakiriAttractions.swift,\ SiemReapAttractions.swift,\ SihanoukvilleAttractions.swift,\ KomodoAttractions.swift,\ LombokAttractions.swift,\ RajaAmpatAttractions.swift /Users/erders/Documents/TravelTap/TravelTap/Data/Countries/Asia/SouthAsia/Pakistan/Cities/LahoreAttractions.swift /Users/erders/Documents/TravelTap/TravelTap/Data/Countries/Asia/SouthAsia/Pakistan/Cities/SkarduAttractions.swift /Users/erders/Documents/TravelTap/TravelTap/Data/Countries/Asia/SouthAsia/Pakistan/Cities/SwatAttractions.swift /Users/erders/Documents/TravelTap/TravelTap/Data/Countries/Asia/SouthAsia/Pakistan/PakistanPackage.swift /Users/erders/Documents/TravelTap/TravelTap/Data/Countries/Asia/SouthAsia/SriLanka/Cities/ColomboAttractions.swift /Users/erders/Documents/TravelTap/TravelTap/Data/Countries/Asia/SouthAsia/SriLanka/Cities/KandyAttractions.swift /Users/erders/Documents/TravelTap/TravelTap/Data/Countries/Asia/SouthAsia/SriLanka/SriLankaPackage.swift /Users/erders/Documents/TravelTap/TravelTap/Data/Countries/Asia/SoutheastAsia/Brunei/BruneiPackage.swift /Users/erders/Documents/TravelTap/TravelTap/Data/Countries/Asia/SoutheastAsia/Brunei/Cities/BandarSeriBegawanAttractions.swift /Users/erders/Documents/TravelTap/TravelTap/Data/Countries/Asia/SoutheastAsia/Brunei/Cities/BelaitAttractions.swift /Users/erders/Documents/TravelTap/TravelTap/Data/Countries/Asia/SoutheastAsia/Brunei/Cities/TemburongAttractions.swift /Users/erders/Documents/TravelTap/TravelTap/Data/Countries/Asia/SoutheastAsia/Brunei/Cities/TutongAttractions.swift /Users/erders/Documents/TravelTap/TravelTap/Data/Countries/Asia/SoutheastAsia/Cambodia/CambodiaPackage.swift /Users/erders/Documents/TravelTap/TravelTap/Data/Countries/Asia/SoutheastAsia/Cambodia/Cities/BattambangAttractions.swift /Users/erders/Documents/TravelTap/TravelTap/Data/Countries/Asia/SoutheastAsia/Cambodia/Cities/KampotAttractions.swift /Users/erders/Documents/TravelTap/TravelTap/Data/Countries/Asia/SoutheastAsia/Cambodia/Cities/KepAttractions.swift /Users/erders/Documents/TravelTap/TravelTap/Data/Countries/Asia/SoutheastAsia/Cambodia/Cities/KratieAttractions.swift /Users/erders/Documents/TravelTap/TravelTap/Data/Countries/Asia/SoutheastAsia/Cambodia/Cities/MondulkiriAttractions.swift /Users/erders/Documents/TravelTap/TravelTap/Data/Countries/Asia/SoutheastAsia/Cambodia/Cities/PhnomPenhAttractions.swift /Users/erders/Documents/TravelTap/TravelTap/Data/Countries/Asia/SoutheastAsia/Cambodia/Cities/RatanakiriAttractions.swift /Users/erders/Documents/TravelTap/TravelTap/Data/Countries/Asia/SoutheastAsia/Cambodia/Cities/SiemReapAttractions.swift /Users/erders/Documents/TravelTap/TravelTap/Data/Countries/Asia/SoutheastAsia/Cambodia/Cities/SihanoukvilleAttractions.swift /Users/erders/Documents/TravelTap/TravelTap/Data/Countries/Asia/SoutheastAsia/Indonesia/Cities/KomodoAttractions.swift /Users/erders/Documents/TravelTap/TravelTap/Data/Countries/Asia/SoutheastAsia/Indonesia/Cities/LombokAttractions.swift /Users/erders/Documents/TravelTap/TravelTap/Data/Countries/Asia/SoutheastAsia/Indonesia/Cities/RajaAmpatAttractions.swift (in target 'TravelTap' from project 'TravelTap')

SwiftCompile normal arm64 /Users/erders/Documents/TravelTap/TravelTap/Data/Countries/Asia/SouthAsia/Pakistan/Cities/LahoreAttractions.swift (in target 'TravelTap' from project 'TravelTap')
    cd /Users/erders/Documents/TravelTap
    

SwiftCompile normal arm64 /Users/erders/Documents/TravelTap/TravelTap/Data/Countries/Asia/SouthAsia/Pakistan/Cities/SkarduAttractions.swift (in target 'TravelTap' from project 'TravelTap')
    cd /Users/erders/Documents/TravelTap
    

SwiftCompile normal arm64 /Users/erders/Documents/TravelTap/TravelTap/Data/Countries/Asia/SouthAsia/Pakistan/Cities/SwatAttractions.swift (in target 'TravelTap' from project 'TravelTap')
    cd /Users/erders/Documents/TravelTap
    

SwiftCompile normal arm64 /Users/erders/Documents/TravelTap/TravelTap/Data/Countries/Asia/SouthAsia/Pakistan/PakistanPackage.swift (in target 'TravelTap' from project 'TravelTap')
    cd /Users/erders/Documents/TravelTap
    

SwiftCompile normal arm64 /Users/erders/Documents/TravelTap/TravelTap/Data/Countries/Asia/SouthAsia/SriLanka/Cities/ColomboAttractions.swift (in target 'TravelTap' from project 'TravelTap')
    cd /Users/erders/Documents/TravelTap
    

SwiftCompile normal arm64 /Users/erders/Documents/TravelTap/TravelTap/Data/Countries/Asia/SouthAsia/SriLanka/Cities/KandyAttractions.swift (in target 'TravelTap' from project 'TravelTap')
    cd /Users/erders/Documents/TravelTap
    

SwiftCompile normal arm64 /Users/erders/Documents/TravelTap/TravelTap/Data/Countries/Asia/SouthAsia/SriLanka/SriLankaPackage.swift (in target 'TravelTap' from project 'TravelTap')
    cd /Users/erders/Documents/TravelTap
    

SwiftCompile normal arm64 /Users/erders/Documents/TravelTap/TravelTap/Data/Countries/Asia/SoutheastAsia/Brunei/BruneiPackage.swift (in target 'TravelTap' from project 'TravelTap')
    cd /Users/erders/Documents/TravelTap
    

SwiftCompile normal arm64 /Users/erders/Documents/TravelTap/TravelTap/Data/Countries/Asia/SoutheastAsia/Brunei/Cities/BandarSeriBegawanAttractions.swift (in target 'TravelTap' from project 'TravelTap')
    cd /Users/erders/Documents/TravelTap
    

SwiftCompile normal arm64 /Users/erders/Documents/TravelTap/TravelTap/Data/Countries/Asia/SoutheastAsia/Brunei/Cities/BelaitAttractions.swift (in target 'TravelTap' from project 'TravelTap')
    cd /Users/erders/Documents/TravelTap
    

SwiftCompile normal arm64 /Users/erders/Documents/TravelTap/TravelTap/Data/Countries/Asia/SoutheastAsia/Brunei/Cities/TemburongAttractions.swift (in target 'TravelTap' from project 'TravelTap')
    cd /Users/erders/Documents/TravelTap
    

SwiftCompile normal arm64 /Users/erders/Documents/TravelTap/TravelTap/Data/Countries/Asia/SoutheastAsia/Brunei/Cities/TutongAttractions.swift (in target 'TravelTap' from project 'TravelTap')
    cd /Users/erders/Documents/TravelTap
    

SwiftCompile normal arm64 /Users/erders/Documents/TravelTap/TravelTap/Data/Countries/Asia/SoutheastAsia/Cambodia/CambodiaPackage.swift (in target 'TravelTap' from project 'TravelTap')
    cd /Users/erders/Documents/TravelTap
    

SwiftCompile normal arm64 /Users/erders/Documents/TravelTap/TravelTap/Data/Countries/Asia/SoutheastAsia/Cambodia/Cities/BattambangAttractions.swift (in target 'TravelTap' from project 'TravelTap')
    cd /Users/erders/Documents/TravelTap
    

SwiftCompile normal arm64 /Users/erders/Documents/TravelTap/TravelTap/Data/Countries/Asia/SoutheastAsia/Cambodia/Cities/KampotAttractions.swift (in target 'TravelTap' from project 'TravelTap')
    cd /Users/erders/Documents/TravelTap
    

SwiftCompile normal arm64 /Users/erders/Documents/TravelTap/TravelTap/Data/Countries/Asia/SoutheastAsia/Cambodia/Cities/KepAttractions.swift (in target 'TravelTap' from project 'TravelTap')
    cd /Users/erders/Documents/TravelTap
    

SwiftCompile normal arm64 /Users/erders/Documents/TravelTap/TravelTap/Data/Countries/Asia/SoutheastAsia/Cambodia/Cities/KratieAttractions.swift (in target 'TravelTap' from project 'TravelTap')
    cd /Users/erders/Documents/TravelTap
    

SwiftCompile normal arm64 /Users/erders/Documents/TravelTap/TravelTap/Data/Countries/Asia/SoutheastAsia/Cambodia/Cities/MondulkiriAttractions.swift (in target 'TravelTap' from project 'TravelTap')
    cd /Users/erders/Documents/TravelTap
    

SwiftCompile normal arm64 /Users/erders/Documents/TravelTap/TravelTap/Data/Countries/Asia/SoutheastAsia/Cambodia/Cities/PhnomPenhAttractions.swift (in target 'TravelTap' from project 'TravelTap')
    cd /Users/erders/Documents/TravelTap
    

SwiftCompile normal arm64 /Users/erders/Documents/TravelTap/TravelTap/Data/Countries/Asia/SoutheastAsia/Cambodia/Cities/RatanakiriAttractions.swift (in target 'TravelTap' from project 'TravelTap')
    cd /Users/erders/Documents/TravelTap
    

SwiftCompile normal arm64 /Users/erders/Documents/TravelTap/TravelTap/Data/Countries/Asia/SoutheastAsia/Cambodia/Cities/SiemReapAttractions.swift (in target 'TravelTap' from project 'TravelTap')
    cd /Users/erders/Documents/TravelTap
    

SwiftCompile normal arm64 /Users/erders/Documents/TravelTap/TravelTap/Data/Countries/Asia/SoutheastAsia/Cambodia/Cities/SihanoukvilleAttractions.swift (in target 'TravelTap' from project 'TravelTap')
    cd /Users/erders/Documents/TravelTap
    

SwiftCompile normal arm64 /Users/erders/Documents/TravelTap/TravelTap/Data/Countries/Asia/SoutheastAsia/Indonesia/Cities/KomodoAttractions.swift (in target 'TravelTap' from project 'TravelTap')
    cd /Users/erders/Documents/TravelTap
    

SwiftCompile normal arm64 /Users/erders/Documents/TravelTap/TravelTap/Data/Countries/Asia/SoutheastAsia/Indonesia/Cities/LombokAttractions.swift (in target 'TravelTap' from project 'TravelTap')
    cd /Users/erders/Documents/TravelTap
    

SwiftCompile normal arm64 /Users/erders/Documents/TravelTap/TravelTap/Data/Countries/Asia/SoutheastAsia/Indonesia/Cities/RajaAmpatAttractions.swift (in target 'TravelTap' from project 'TravelTap')
    cd /Users/erders/Documents/TravelTap
    

SwiftDriverJobDiscovery normal arm64 Compiling EnnediOuniangaAttractions.swift, LakeChadAttractions.swift, NDjamenaAttractions.swift, SouthernChadAttractions.swift, TibestiAttractions.swift, ZakoumaAttractions.swift, CentralBasinAttractions.swift, DRCNorthEastAttractions.swift, KatangaAttractions.swift, KinshasaWestAttractions.swift, NorthKivuAttractions.swift, SouthKivuAttractions.swift, DRCPackage.swift, BataAttractions.swift, BiokoIslandAttractions.swift, EquatorialGuineaIslandsAttractions.swift, MalaboAttractions.swift, NationalParksAttractions.swift, RioMuniAttractions.swift, EquatorialGuineaPackage.swift, GabonInteriorAttractions.swift, GabonNationalParksAttractions.swift, LibrevilleAttractions.swift, PortGentilCoastalAttractions.swift, GabonPackage.swift (in target 'TravelTap' from project 'TravelTap')

SwiftCompile normal arm64 Compiling\ CliffsOfMoherAttractions.swift,\ WexfordAttractions.swift,\ ClonmacnoiseAttractions.swift,\ WaterfordAttractions.swift,\ StirlingAttractions.swift,\ IslayAttractions.swift,\ AyrAttractions.swift,\ ObanAttractions.swift,\ OrkneyIslandsAttractions.swift,\ AberdeenAttractions.swift,\ ShetlandIslandsAttractions.swift,\ PerthshireAttractions.swift,\ PitlochryAttractions.swift,\ DundeeAttractions.swift,\ OuterHebridesAttractions.swift,\ IsleOfSkyeAttractions.swift,\ GlencoeAttractions.swift,\ LochNessAttractions.swift,\ DumfriesAndGallowayAttractions.swift,\ CairngormsAttractions.swift,\ ScottishBordersAttractions.swift,\ FortWilliamAttractions.swift,\ LochLomondAttractions.swift,\ BohemianSwitzerlandAttractions.swift,\ ZnojmoAttractions.swift /Users/erders/Documents/TravelTap/TravelTap/Data/Countries/Europe/Ireland/Cities/CliffsOfMoherAttractions.swift /Users/erders/Documents/TravelTap/TravelTap/Data/Countries/Europe/Ireland/Cities/WexfordAttractions.swift /Users/erders/Documents/TravelTap/TravelTap/Data/Countries/Europe/Ireland/Cities/ClonmacnoiseAttractions.swift /Users/erders/Documents/TravelTap/TravelTap/Data/Countries/Europe/Ireland/Cities/WaterfordAttractions.swift /Users/erders/Documents/TravelTap/TravelTap/Data/Countries/Europe/Scotland/Cities/StirlingAttractions.swift /Users/erders/Documents/TravelTap/TravelTap/Data/Countries/Europe/Scotland/Cities/IslayAttractions.swift /Users/erders/Documents/TravelTap/TravelTap/Data/Countries/Europe/Scotland/Cities/AyrAttractions.swift /Users/erders/Documents/TravelTap/TravelTap/Data/Countries/Europe/Scotland/Cities/ObanAttractions.swift /Users/erders/Documents/TravelTap/TravelTap/Data/Countries/Europe/Scotland/Cities/OrkneyIslandsAttractions.swift /Users/erders/Documents/TravelTap/TravelTap/Data/Countries/Europe/Scotland/Cities/AberdeenAttractions.swift /Users/erders/Documents/TravelTap/TravelTap/Data/Countries/Europe/Scotland/Cities/ShetlandIslandsAttractions.swift /Users/erders/Documents/TravelTap/TravelTap/Data/Countries/Europe/Scotland/Cities/PerthshireAttractions.swift /Users/erders/Documents/TravelTap/TravelTap/Data/Countries/Europe/Scotland/Cities/PitlochryAttractions.swift /Users/erders/Documents/TravelTap/TravelTap/Data/Countries/Europe/Scotland/Cities/DundeeAttractions.swift /Users/erders/Documents/TravelTap/TravelTap/Data/Countries/Europe/Scotland/Cities/OuterHebridesAttractions.swift /Users/erders/Documents/TravelTap/TravelTap/Data/Countries/Europe/Scotland/Cities/IsleOfSkyeAttractions.swift /Users/erders/Documents/TravelTap/TravelTap/Data/Countries/Europe/Scotland/Cities/GlencoeAttractions.swift /Users/erders/Documents/TravelTap/TravelTap/Data/Countries/Europe/Scotland/Cities/LochNessAttractions.swift /Users/erders/Documents/TravelTap/TravelTap/Data/Countries/Europe/Scotland/Cities/DumfriesAndGallowayAttractions.swift /Users/erders/Documents/TravelTap/TravelTap/Data/Countries/Europe/Scotland/Cities/CairngormsAttractions.swift /Users/erders/Documents/TravelTap/TravelTap/Data/Countries/Europe/Scotland/Cities/ScottishBordersAttractions.swift /Users/erders/Documents/TravelTap/TravelTap/Data/Countries/Europe/Scotland/Cities/FortWilliamAttractions.swift /Users/erders/Documents/TravelTap/TravelTap/Data/Countries/Europe/Scotland/Cities/LochLomondAttractions.swift /Users/erders/Documents/TravelTap/TravelTap/Data/Countries/Europe/Czechia/Cities/BohemianSwitzerlandAttractions.swift /Users/erders/Documents/TravelTap/TravelTap/Data/Countries/Europe/Czechia/Cities/ZnojmoAttractions.swift (in target 'TravelTap' from project 'TravelTap')

SwiftCompile normal arm64 /Users/erders/Documents/TravelTap/TravelTap/Data/Countries/Europe/Ireland/Cities/CliffsOfMoherAttractions.swift (in target 'TravelTap' from project 'TravelTap')
    cd /Users/erders/Documents/TravelTap
    

SwiftCompile normal arm64 /Users/erders/Documents/TravelTap/TravelTap/Data/Countries/Europe/Ireland/Cities/WexfordAttractions.swift (in target 'TravelTap' from project 'TravelTap')
    cd /Users/erders/Documents/TravelTap
    

SwiftCompile normal arm64 /Users/erders/Documents/TravelTap/TravelTap/Data/Countries/Europe/Ireland/Cities/ClonmacnoiseAttractions.swift (in target 'TravelTap' from project 'TravelTap')
    cd /Users/erders/Documents/TravelTap
    

SwiftCompile normal arm64 /Users/erders/Documents/TravelTap/TravelTap/Data/Countries/Europe/Ireland/Cities/WaterfordAttractions.swift (in target 'TravelTap' from project 'TravelTap')
    cd /Users/erders/Documents/TravelTap
    

SwiftCompile normal arm64 /Users/erders/Documents/TravelTap/TravelTap/Data/Countries/Europe/Scotland/Cities/StirlingAttractions.swift (in target 'TravelTap' from project 'TravelTap')
    cd /Users/erders/Documents/TravelTap
    

SwiftCompile normal arm64 /Users/erders/Documents/TravelTap/TravelTap/Data/Countries/Europe/Scotland/Cities/IslayAttractions.swift (in target 'TravelTap' from project 'TravelTap')
    cd /Users/erders/Documents/TravelTap
    

SwiftCompile normal arm64 /Users/erders/Documents/TravelTap/TravelTap/Data/Countries/Europe/Scotland/Cities/AyrAttractions.swift (in target 'TravelTap' from project 'TravelTap')
    cd /Users/erders/Documents/TravelTap
    

SwiftCompile normal arm64 /Users/erders/Documents/TravelTap/TravelTap/Data/Countries/Europe/Scotland/Cities/ObanAttractions.swift (in target 'TravelTap' from project 'TravelTap')
    cd /Users/erders/Documents/TravelTap
    

SwiftCompile normal arm64 /Users/erders/Documents/TravelTap/TravelTap/Data/Countries/Europe/Scotland/Cities/OrkneyIslandsAttractions.swift (in target 'TravelTap' from project 'TravelTap')
    cd /Users/erders/Documents/TravelTap
    

SwiftCompile normal arm64 /Users/erders/Documents/TravelTap/TravelTap/Data/Countries/Europe/Scotland/Cities/AberdeenAttractions.swift (in target 'TravelTap' from project 'TravelTap')
    cd /Users/erders/Documents/TravelTap
    

SwiftCompile normal arm64 /Users/erders/Documents/TravelTap/TravelTap/Data/Countries/Europe/Scotland/Cities/ShetlandIslandsAttractions.swift (in target 'TravelTap' from project 'TravelTap')
    cd /Users/erders/Documents/TravelTap
    

SwiftCompile normal arm64 /Users/erders/Documents/TravelTap/TravelTap/Data/Countries/Europe/Scotland/Cities/PerthshireAttractions.swift (in target 'TravelTap' from project 'TravelTap')
    cd /Users/erders/Documents/TravelTap
    

SwiftCompile normal arm64 /Users/erders/Documents/TravelTap/TravelTap/Data/Countries/Europe/Scotland/Cities/PitlochryAttractions.swift (in target 'TravelTap' from project 'TravelTap')
    cd /Users/erders/Documents/TravelTap
    

SwiftCompile normal arm64 /Users/erders/Documents/TravelTap/TravelTap/Data/Countries/Europe/Scotland/Cities/DundeeAttractions.swift (in target 'TravelTap' from project 'TravelTap')
    cd /Users/erders/Documents/TravelTap
    

SwiftCompile normal arm64 /Users/erders/Documents/TravelTap/TravelTap/Data/Countries/Europe/Scotland/Cities/OuterHebridesAttractions.swift (in target 'TravelTap' from project 'TravelTap')
    cd /Users/erders/Documents/TravelTap
    

SwiftCompile normal arm64 /Users/erders/Documents/TravelTap/TravelTap/Data/Countries/Europe/Scotland/Cities/IsleOfSkyeAttractions.swift (in target 'TravelTap' from project 'TravelTap')
    cd /Users/erders/Documents/TravelTap
    

SwiftCompile normal arm64 /Users/erders/Documents/TravelTap/TravelTap/Data/Countries/Europe/Scotland/Cities/GlencoeAttractions.swift (in target 'TravelTap' from project 'TravelTap')
    cd /Users/erders/Documents/TravelTap
    

SwiftCompile normal arm64 /Users/erders/Documents/TravelTap/TravelTap/Data/Countries/Europe/Scotland/Cities/LochNessAttractions.swift (in target 'TravelTap' from project 'TravelTap')
    cd /Users/erders/Documents/TravelTap
    

SwiftCompile normal arm64 /Users/erders/Documents/TravelTap/TravelTap/Data/Countries/Europe/Scotland/Cities/DumfriesAndGallowayAttractions.swift (in target 'TravelTap' from project 'TravelTap')
    cd /Users/erders/Documents/TravelTap
    

SwiftCompile normal arm64 /Users/erders/Documents/TravelTap/TravelTap/Data/Countries/Europe/Scotland/Cities/CairngormsAttractions.swift (in target 'TravelTap' from project 'TravelTap')
    cd /Users/erders/Documents/TravelTap
    

SwiftCompile normal arm64 /Users/erders/Documents/TravelTap/TravelTap/Data/Countries/Europe/Scotland/Cities/ScottishBordersAttractions.swift (in target 'TravelTap' from project 'TravelTap')
    cd /Users/erders/Documents/TravelTap
    

SwiftCompile normal arm64 /Users/erders/Documents/TravelTap/TravelTap/Data/Countries/Europe/Scotland/Cities/FortWilliamAttractions.swift (in target 'TravelTap' from project 'TravelTap')
    cd /Users/erders/Documents/TravelTap
    

SwiftCompile normal arm64 /Users/erders/Documents/TravelTap/TravelTap/Data/Countries/Europe/Scotland/Cities/LochLomondAttractions.swift (in target 'TravelTap' from project 'TravelTap')
    cd /Users/erders/Documents/TravelTap
    

SwiftCompile normal arm64 /Users/erders/Documents/TravelTap/TravelTap/Data/Countries/Europe/Czechia/Cities/BohemianSwitzerlandAttractions.swift (in target 'TravelTap' from project 'TravelTap')
    cd /Users/erders/Documents/TravelTap
    

SwiftCompile normal arm64 /Users/erders/Documents/TravelTap/TravelTap/Data/Countries/Europe/Czechia/Cities/ZnojmoAttractions.swift (in target 'TravelTap' from project 'TravelTap')
    cd /Users/erders/Documents/TravelTap
    

SwiftDriverJobDiscovery normal arm64 Compiling MassawaCoastAttractions.swift, SouthArchaeologyAttractions.swift, EritreaPackage.swift, AddisAbabaAttractions.swift, EasternEthiopiaAttractions.swift, NorthernEthiopiaAttractions.swift, SouthernEthiopiaAttractions.swift, EthiopiaPackage.swift, CentralNorthAttractions.swift, CoastalKenyaAttractions.swift, MasaiMaraRiftAttractions.swift, NairobiAttractions.swift, SouthernEasternAttractions.swift, WesternKenyaAttractions.swift, KenyaPackage.swift, CentralHighlandsAttractions.swift, EastRainforestsAttractions.swift, NorthIslandsAttractions.swift, WestSouthAttractions.swift, MadagascarPackage.swift, LakeMalawiAttractions.swift, LilongweCentralAttractions.swift, NorthernMalawiAttractions.swift, SouthernMalawiAttractions.swift, MalawiPackage.swift (in target 'TravelTap' from project 'TravelTap')

SwiftCompile normal arm64 Compiling\ IndonesiaPackage.swift,\ LuangPrabangAttractions.swift,\ SouthernLaosAttractions.swift,\ VangViengAttractions.swift,\ VientianeAttractions.swift,\ LaosPackage.swift,\ KualaLumpurAttractions.swift,\ LangkawiAttractions.swift,\ MelakaAttractions.swift,\ PenangAttractions.swift,\ MalaysiaPackage.swift,\ BaganAttractions.swift,\ InleLakeAttractions.swift,\ MandalayAttractions.swift,\ MyanmarRegionsAttractions.swift,\ YangonAttractions.swift,\ MyanmarPackage.swift,\ SiargaoAttractions.swift,\ PhilippinesPackage.swift,\ SingaporePackage.swift,\ BangkokAttractions.swift,\ NorthernThailandAttractions.swift,\ PhuketKrabiAttractions.swift,\ ThaiIslandsAttractions.swift,\ ThailandPackage.swift /Users/erders/Documents/TravelTap/TravelTap/Data/Countries/Asia/SoutheastAsia/Indonesia/IndonesiaPackage.swift /Users/erders/Documents/TravelTap/TravelTap/Data/Countries/Asia/SoutheastAsia/Laos/Cities/LuangPrabangAttractions.swift /Users/erders/Documents/TravelTap/TravelTap/Data/Countries/Asia/SoutheastAsia/Laos/Cities/SouthernLaosAttractions.swift /Users/erders/Documents/TravelTap/TravelTap/Data/Countries/Asia/SoutheastAsia/Laos/Cities/VangViengAttractions.swift /Users/erders/Documents/TravelTap/TravelTap/Data/Countries/Asia/SoutheastAsia/Laos/Cities/VientianeAttractions.swift /Users/erders/Documents/TravelTap/TravelTap/Data/Countries/Asia/SoutheastAsia/Laos/LaosPackage.swift /Users/erders/Documents/TravelTap/TravelTap/Data/Countries/Asia/SoutheastAsia/Malaysia/Cities/KualaLumpurAttractions.swift /Users/erders/Documents/TravelTap/TravelTap/Data/Countries/Asia/SoutheastAsia/Malaysia/Cities/LangkawiAttractions.swift /Users/erders/Documents/TravelTap/TravelTap/Data/Countries/Asia/SoutheastAsia/Malaysia/Cities/MelakaAttractions.swift /Users/erders/Documents/TravelTap/TravelTap/Data/Countries/Asia/SoutheastAsia/Malaysia/Cities/PenangAttractions.swift /Users/erders/Documents/TravelTap/TravelTap/Data/Countries/Asia/SoutheastAsia/Malaysia/MalaysiaPackage.swift /Users/erders/Documents/TravelTap/TravelTap/Data/Countries/Asia/SoutheastAsia/Myanmar/Cities/BaganAttractions.swift /Users/erders/Documents/TravelTap/TravelTap/Data/Countries/Asia/SoutheastAsia/Myanmar/Cities/InleLakeAttractions.swift /Users/erders/Documents/TravelTap/TravelTap/Data/Countries/Asia/SoutheastAsia/Myanmar/Cities/MandalayAttractions.swift /Users/erders/Documents/TravelTap/TravelTap/Data/Countries/Asia/SoutheastAsia/Myanmar/Cities/MyanmarRegionsAttractions.swift /Users/erders/Documents/TravelTap/TravelTap/Data/Countries/Asia/SoutheastAsia/Myanmar/Cities/YangonAttractions.swift /Users/erders/Documents/TravelTap/TravelTap/Data/Countries/Asia/SoutheastAsia/Myanmar/MyanmarPackage.swift /Users/erders/Documents/TravelTap/TravelTap/Data/Countries/Asia/SoutheastAsia/Philippines/Cities/SiargaoAttractions.swift /Users/erders/Documents/TravelTap/TravelTap/Data/Countries/Asia/SoutheastAsia/Philippines/PhilippinesPackage.swift /Users/erders/Documents/TravelTap/TravelTap/Data/Countries/Asia/SoutheastAsia/Singapore/SingaporePackage.swift /Users/erders/Documents/TravelTap/TravelTap/Data/Countries/Asia/SoutheastAsia/Thailand/Cities/BangkokAttractions.swift /Users/erders/Documents/TravelTap/TravelTap/Data/Countries/Asia/SoutheastAsia/Thailand/Cities/NorthernThailandAttractions.swift /Users/erders/Documents/TravelTap/TravelTap/Data/Countries/Asia/SoutheastAsia/Thailand/Cities/PhuketKrabiAttractions.swift /Users/erders/Documents/TravelTap/TravelTap/Data/Countries/Asia/SoutheastAsia/Thailand/Cities/ThaiIslandsAttractions.swift /Users/erders/Documents/TravelTap/TravelTap/Data/Countries/Asia/SoutheastAsia/Thailand/ThailandPackage.swift (in target 'TravelTap' from project 'TravelTap')

SwiftCompile normal arm64 /Users/erders/Documents/TravelTap/TravelTap/Data/Countries/Asia/SoutheastAsia/Indonesia/IndonesiaPackage.swift (in target 'TravelTap' from project 'TravelTap')
    cd /Users/erders/Documents/TravelTap
    

SwiftCompile normal arm64 /Users/erders/Documents/TravelTap/TravelTap/Data/Countries/Asia/SoutheastAsia/Laos/Cities/LuangPrabangAttractions.swift (in target 'TravelTap' from project 'TravelTap')
    cd /Users/erders/Documents/TravelTap
    

SwiftCompile normal arm64 /Users/erders/Documents/TravelTap/TravelTap/Data/Countries/Asia/SoutheastAsia/Laos/Cities/SouthernLaosAttractions.swift (in target 'TravelTap' from project 'TravelTap')
    cd /Users/erders/Documents/TravelTap
    

SwiftCompile normal arm64 /Users/erders/Documents/TravelTap/TravelTap/Data/Countries/Asia/SoutheastAsia/Laos/Cities/VangViengAttractions.swift (in target 'TravelTap' from project 'TravelTap')
    cd /Users/erders/Documents/TravelTap
    

SwiftCompile normal arm64 /Users/erders/Documents/TravelTap/TravelTap/Data/Countries/Asia/SoutheastAsia/Laos/Cities/VientianeAttractions.swift (in target 'TravelTap' from project 'TravelTap')
    cd /Users/erders/Documents/TravelTap
    

SwiftCompile normal arm64 /Users/erders/Documents/TravelTap/TravelTap/Data/Countries/Asia/SoutheastAsia/Laos/LaosPackage.swift (in target 'TravelTap' from project 'TravelTap')
    cd /Users/erders/Documents/TravelTap
    

SwiftCompile normal arm64 /Users/erders/Documents/TravelTap/TravelTap/Data/Countries/Asia/SoutheastAsia/Malaysia/Cities/KualaLumpurAttractions.swift (in target 'TravelTap' from project 'TravelTap')
    cd /Users/erders/Documents/TravelTap
    

SwiftCompile normal arm64 /Users/erders/Documents/TravelTap/TravelTap/Data/Countries/Asia/SoutheastAsia/Malaysia/Cities/LangkawiAttractions.swift (in target 'TravelTap' from project 'TravelTap')
    cd /Users/erders/Documents/TravelTap
    

SwiftCompile normal arm64 /Users/erders/Documents/TravelTap/TravelTap/Data/Countries/Asia/SoutheastAsia/Malaysia/Cities/MelakaAttractions.swift (in target 'TravelTap' from project 'TravelTap')
    cd /Users/erders/Documents/TravelTap
    

SwiftCompile normal arm64 /Users/erders/Documents/TravelTap/TravelTap/Data/Countries/Asia/SoutheastAsia/Malaysia/Cities/PenangAttractions.swift (in target 'TravelTap' from project 'TravelTap')
    cd /Users/erders/Documents/TravelTap
    

SwiftCompile normal arm64 /Users/erders/Documents/TravelTap/TravelTap/Data/Countries/Asia/SoutheastAsia/Malaysia/MalaysiaPackage.swift (in target 'TravelTap' from project 'TravelTap')
    cd /Users/erders/Documents/TravelTap
    

SwiftCompile normal arm64 /Users/erders/Documents/TravelTap/TravelTap/Data/Countries/Asia/SoutheastAsia/Myanmar/Cities/BaganAttractions.swift (in target 'TravelTap' from project 'TravelTap')
    cd /Users/erders/Documents/TravelTap
    

SwiftCompile normal arm64 /Users/erders/Documents/TravelTap/TravelTap/Data/Countries/Asia/SoutheastAsia/Myanmar/Cities/InleLakeAttractions.swift (in target 'TravelTap' from project 'TravelTap')
    cd /Users/erders/Documents/TravelTap
    

SwiftCompile normal arm64 /Users/erders/Documents/TravelTap/TravelTap/Data/Countries/Asia/SoutheastAsia/Myanmar/Cities/MandalayAttractions.swift (in target 'TravelTap' from project 'TravelTap')
    cd /Users/erders/Documents/TravelTap
    

SwiftCompile normal arm64 /Users/erders/Documents/TravelTap/TravelTap/Data/Countries/Asia/SoutheastAsia/Myanmar/Cities/MyanmarRegionsAttractions.swift (in target 'TravelTap' from project 'TravelTap')
    cd /Users/erders/Documents/TravelTap
    

SwiftCompile normal arm64 /Users/erders/Documents/TravelTap/TravelTap/Data/Countries/Asia/SoutheastAsia/Myanmar/Cities/YangonAttractions.swift (in target 'TravelTap' from project 'TravelTap')
    cd /Users/erders/Documents/TravelTap
    

SwiftCompile normal arm64 /Users/erders/Documents/TravelTap/TravelTap/Data/Countries/Asia/SoutheastAsia/Myanmar/MyanmarPackage.swift (in target 'TravelTap' from project 'TravelTap')
    cd /Users/erders/Documents/TravelTap
    

SwiftCompile normal arm64 /Users/erders/Documents/TravelTap/TravelTap/Data/Countries/Asia/SoutheastAsia/Philippines/Cities/SiargaoAttractions.swift (in target 'TravelTap' from project 'TravelTap')
    cd /Users/erders/Documents/TravelTap
    

SwiftCompile normal arm64 /Users/erders/Documents/TravelTap/TravelTap/Data/Countries/Asia/SoutheastAsia/Philippines/PhilippinesPackage.swift (in target 'TravelTap' from project 'TravelTap')
    cd /Users/erders/Documents/TravelTap
    

SwiftCompile normal arm64 /Users/erders/Documents/TravelTap/TravelTap/Data/Countries/Asia/SoutheastAsia/Singapore/SingaporePackage.swift (in target 'TravelTap' from project 'TravelTap')
    cd /Users/erders/Documents/TravelTap
    

SwiftCompile normal arm64 /Users/erders/Documents/TravelTap/TravelTap/Data/Countries/Asia/SoutheastAsia/Thailand/Cities/BangkokAttractions.swift (in target 'TravelTap' from project 'TravelTap')
    cd /Users/erders/Documents/TravelTap
    

SwiftCompile normal arm64 /Users/erders/Documents/TravelTap/TravelTap/Data/Countries/Asia/SoutheastAsia/Thailand/Cities/NorthernThailandAttractions.swift (in target 'TravelTap' from project 'TravelTap')
    cd /Users/erders/Documents/TravelTap
    

SwiftCompile normal arm64 /Users/erders/Documents/TravelTap/TravelTap/Data/Countries/Asia/SoutheastAsia/Thailand/Cities/PhuketKrabiAttractions.swift (in target 'TravelTap' from project 'TravelTap')
    cd /Users/erders/Documents/TravelTap
    

SwiftCompile normal arm64 /Users/erders/Documents/TravelTap/TravelTap/Data/Countries/Asia/SoutheastAsia/Thailand/Cities/ThaiIslandsAttractions.swift (in target 'TravelTap' from project 'TravelTap')
    cd /Users/erders/Documents/TravelTap
    

SwiftCompile normal arm64 /Users/erders/Documents/TravelTap/TravelTap/Data/Countries/Asia/SoutheastAsia/Thailand/ThailandPackage.swift (in target 'TravelTap' from project 'TravelTap')
    cd /Users/erders/Documents/TravelTap
    

SwiftDriverJobDiscovery normal arm64 Compiling HighlandsNorthAttractions.swift, MaseruCentralAttractions.swift, SaniPassEastAttractions.swift, SouthQuthingAttractions.swift, LesothoPackage.swift, CapriviStripAttractions.swift, CoastDamaralandAttractions.swift, EtoshaNorthAttractions.swift, SossusvleiSouthAttractions.swift, WindhoekCentralAttractions.swift, NamibiaPackage.swift, CapePeninsulaBeachesAttractions.swift, CapeTownCityCentreAttractions.swift, CapeWinelandsDayTripsAttractions.swift, GardenRouteEasternCapeAttractions.swift, GautengNorthWestAttractions.swift, KrugerMpumalangaLimpopoAttractions.swift, KwaZuluNatalDrakensbergAttractions.swift, NorthernCapeFreeStateAttractions.swift, TableMountainNatureAttractions.swift, SouthAfricaPackage.swift, BeninPackage.swift, CotonouSouthAttractions.swift, NorthAtacoraAttractions.swift, OuidahSlaveRouteAttractions.swift (in target 'TravelTap' from project 'TravelTap')

SwiftCompile normal arm64 Compiling\ TrinidadAttractions.swift,\ VaraderoAttractions.swift,\ ViñalesAttractions.swift,\ CubaPackage.swift,\ BandaAbouAttractions.swift,\ BandaAribaAttractions.swift,\ SantaMarthaAttractions.swift,\ SintWillibrordusAttractions.swift,\ SotoAttractions.swift,\ SpanishWaterAttractions.swift,\ WestpuntAttractions.swift,\ WillemstadAttractions.swift,\ CuracaoPackage.swift,\ CabareteAttractions.swift,\ JarabacoaAttractions.swift,\ LaRomanaAttractions.swift,\ PuertoPlataAttractions.swift,\ PuntaCanaAttractions.swift,\ SamanaAttractions.swift,\ SantoDomingoAttractions.swift,\ SosuaAttractions.swift,\ DominicanRepublicPackage.swift,\ LaLibertadAttractions.swift,\ RutaDeLasFloresAttractions.swift,\ SanMiguelESAttractions.swift /Users/erders/Documents/TravelTap/TravelTap/Data/Countries/CentralAmerica/Cuba/Cities/TrinidadAttractions.swift /Users/erders/Documents/TravelTap/TravelTap/Data/Countries/CentralAmerica/Cuba/Cities/VaraderoAttractions.swift /Users/erders/Documents/TravelTap/TravelTap/Data/Countries/CentralAmerica/Cuba/Cities/ViñalesAttractions.swift /Users/erders/Documents/TravelTap/TravelTap/Data/Countries/CentralAmerica/Cuba/CubaPackage.swift /Users/erders/Documents/TravelTap/TravelTap/Data/Countries/CentralAmerica/Curacao/Cities/BandaAbouAttractions.swift /Users/erders/Documents/TravelTap/TravelTap/Data/Countries/CentralAmerica/Curacao/Cities/BandaAribaAttractions.swift /Users/erders/Documents/TravelTap/TravelTap/Data/Countries/CentralAmerica/Curacao/Cities/SantaMarthaAttractions.swift /Users/erders/Documents/TravelTap/TravelTap/Data/Countries/CentralAmerica/Curacao/Cities/SintWillibrordusAttractions.swift /Users/erders/Documents/TravelTap/TravelTap/Data/Countries/CentralAmerica/Curacao/Cities/SotoAttractions.swift /Users/erders/Documents/TravelTap/TravelTap/Data/Countries/CentralAmerica/Curacao/Cities/SpanishWaterAttractions.swift /Users/erders/Documents/TravelTap/TravelTap/Data/Countries/CentralAmerica/Curacao/Cities/WestpuntAttractions.swift /Users/erders/Documents/TravelTap/TravelTap/Data/Countries/CentralAmerica/Curacao/Cities/WillemstadAttractions.swift /Users/erders/Documents/TravelTap/TravelTap/Data/Countries/CentralAmerica/Curacao/CuracaoPackage.swift /Users/erders/Documents/TravelTap/TravelTap/Data/Countries/CentralAmerica/DominicanRepublic/Cities/CabareteAttractions.swift /Users/erders/Documents/TravelTap/TravelTap/Data/Countries/CentralAmerica/DominicanRepublic/Cities/JarabacoaAttractions.swift /Users/erders/Documents/TravelTap/TravelTap/Data/Countries/CentralAmerica/DominicanRepublic/Cities/LaRomanaAttractions.swift /Users/erders/Documents/TravelTap/TravelTap/Data/Countries/CentralAmerica/DominicanRepublic/Cities/PuertoPlataAttractions.swift /Users/erders/Documents/TravelTap/TravelTap/Data/Countries/CentralAmerica/DominicanRepublic/Cities/PuntaCanaAttractions.swift /Users/erders/Documents/TravelTap/TravelTap/Data/Countries/CentralAmerica/DominicanRepublic/Cities/SamanaAttractions.swift /Users/erders/Documents/TravelTap/TravelTap/Data/Countries/CentralAmerica/DominicanRepublic/Cities/SantoDomingoAttractions.swift /Users/erders/Documents/TravelTap/TravelTap/Data/Countries/CentralAmerica/DominicanRepublic/Cities/SosuaAttractions.swift /Users/erders/Documents/TravelTap/TravelTap/Data/Countries/CentralAmerica/DominicanRepublic/DominicanRepublicPackage.swift /Users/erders/Documents/TravelTap/TravelTap/Data/Countries/CentralAmerica/ElSalvador/Cities/LaLibertadAttractions.swift /Users/erders/Documents/TravelTap/TravelTap/Data/Countries/CentralAmerica/ElSalvador/Cities/RutaDeLasFloresAttractions.swift /Users/erders/Documents/TravelTap/TravelTap/Data/Countries/CentralAmerica/ElSalvador/Cities/SanMiguelESAttractions.swift (in target 'TravelTap' from project 'TravelTap')

SwiftCompile normal arm64 /Users/erders/Documents/TravelTap/TravelTap/Data/Countries/CentralAmerica/Cuba/Cities/TrinidadAttractions.swift (in target 'TravelTap' from project 'TravelTap')
    cd /Users/erders/Documents/TravelTap
    

SwiftCompile normal arm64 /Users/erders/Documents/TravelTap/TravelTap/Data/Countries/CentralAmerica/Cuba/Cities/VaraderoAttractions.swift (in target 'TravelTap' from project 'TravelTap')
    cd /Users/erders/Documents/TravelTap
    

SwiftCompile normal arm64 /Users/erders/Documents/TravelTap/TravelTap/Data/Countries/CentralAmerica/Cuba/Cities/ViñalesAttractions.swift (in target 'TravelTap' from project 'TravelTap')
    cd /Users/erders/Documents/TravelTap
    

SwiftCompile normal arm64 /Users/erders/Documents/TravelTap/TravelTap/Data/Countries/CentralAmerica/Cuba/CubaPackage.swift (in target 'TravelTap' from project 'TravelTap')
    cd /Users/erders/Documents/TravelTap
    

SwiftCompile normal arm64 /Users/erders/Documents/TravelTap/TravelTap/Data/Countries/CentralAmerica/Curacao/Cities/BandaAbouAttractions.swift (in target 'TravelTap' from project 'TravelTap')
    cd /Users/erders/Documents/TravelTap
    

SwiftCompile normal arm64 /Users/erders/Documents/TravelTap/TravelTap/Data/Countries/CentralAmerica/Curacao/Cities/BandaAribaAttractions.swift (in target 'TravelTap' from project 'TravelTap')
    cd /Users/erders/Documents/TravelTap
    

SwiftCompile normal arm64 /Users/erders/Documents/TravelTap/TravelTap/Data/Countries/CentralAmerica/Curacao/Cities/SantaMarthaAttractions.swift (in target 'TravelTap' from project 'TravelTap')
    cd /Users/erders/Documents/TravelTap
    

SwiftCompile normal arm64 /Users/erders/Documents/TravelTap/TravelTap/Data/Countries/CentralAmerica/Curacao/Cities/SintWillibrordusAttractions.swift (in target 'TravelTap' from project 'TravelTap')
    cd /Users/erders/Documents/TravelTap
    

SwiftCompile normal arm64 /Users/erders/Documents/TravelTap/TravelTap/Data/Countries/CentralAmerica/Curacao/Cities/SotoAttractions.swift (in target 'TravelTap' from project 'TravelTap')
    cd /Users/erders/Documents/TravelTap
    

SwiftCompile normal arm64 /Users/erders/Documents/TravelTap/TravelTap/Data/Countries/CentralAmerica/Curacao/Cities/SpanishWaterAttractions.swift (in target 'TravelTap' from project 'TravelTap')
    cd /Users/erders/Documents/TravelTap
    

SwiftCompile normal arm64 /Users/erders/Documents/TravelTap/TravelTap/Data/Countries/CentralAmerica/Curacao/Cities/WestpuntAttractions.swift (in target 'TravelTap' from project 'TravelTap')
    cd /Users/erders/Documents/TravelTap
    

SwiftCompile normal arm64 /Users/erders/Documents/TravelTap/TravelTap/Data/Countries/CentralAmerica/Curacao/Cities/WillemstadAttractions.swift (in target 'TravelTap' from project 'TravelTap')
    cd /Users/erders/Documents/TravelTap
    

SwiftCompile normal arm64 /Users/erders/Documents/TravelTap/TravelTap/Data/Countries/CentralAmerica/Curacao/CuracaoPackage.swift (in target 'TravelTap' from project 'TravelTap')
    cd /Users/erders/Documents/TravelTap
    

SwiftCompile normal arm64 /Users/erders/Documents/TravelTap/TravelTap/Data/Countries/CentralAmerica/DominicanRepublic/Cities/CabareteAttractions.swift (in target 'TravelTap' from project 'TravelTap')
    cd /Users/erders/Documents/TravelTap
    

SwiftCompile normal arm64 /Users/erders/Documents/TravelTap/TravelTap/Data/Countries/CentralAmerica/DominicanRepublic/Cities/JarabacoaAttractions.swift (in target 'TravelTap' from project 'TravelTap')
    cd /Users/erders/Documents/TravelTap
    

SwiftCompile normal arm64 /Users/erders/Documents/TravelTap/TravelTap/Data/Countries/CentralAmerica/DominicanRepublic/Cities/LaRomanaAttractions.swift (in target 'TravelTap' from project 'TravelTap')
    cd /Users/erders/Documents/TravelTap
    

SwiftCompile normal arm64 /Users/erders/Documents/TravelTap/TravelTap/Data/Countries/CentralAmerica/DominicanRepublic/Cities/PuertoPlataAttractions.swift (in target 'TravelTap' from project 'TravelTap')
    cd /Users/erders/Documents/TravelTap
    

SwiftCompile normal arm64 /Users/erders/Documents/TravelTap/TravelTap/Data/Countries/CentralAmerica/DominicanRepublic/Cities/PuntaCanaAttractions.swift (in target 'TravelTap' from project 'TravelTap')
    cd /Users/erders/Documents/TravelTap
    

SwiftCompile normal arm64 /Users/erders/Documents/TravelTap/TravelTap/Data/Countries/CentralAmerica/DominicanRepublic/Cities/SamanaAttractions.swift (in target 'TravelTap' from project 'TravelTap')
    cd /Users/erders/Documents/TravelTap
    

SwiftCompile normal arm64 /Users/erders/Documents/TravelTap/TravelTap/Data/Countries/CentralAmerica/DominicanRepublic/Cities/SantoDomingoAttractions.swift (in target 'TravelTap' from project 'TravelTap')
    cd /Users/erders/Documents/TravelTap
    

SwiftCompile normal arm64 /Users/erders/Documents/TravelTap/TravelTap/Data/Countries/CentralAmerica/DominicanRepublic/Cities/SosuaAttractions.swift (in target 'TravelTap' from project 'TravelTap')
    cd /Users/erders/Documents/TravelTap
    

SwiftCompile normal arm64 /Users/erders/Documents/TravelTap/TravelTap/Data/Countries/CentralAmerica/DominicanRepublic/DominicanRepublicPackage.swift (in target 'TravelTap' from project 'TravelTap')
    cd /Users/erders/Documents/TravelTap
    

SwiftCompile normal arm64 /Users/erders/Documents/TravelTap/TravelTap/Data/Countries/CentralAmerica/ElSalvador/Cities/LaLibertadAttractions.swift (in target 'TravelTap' from project 'TravelTap')
    cd /Users/erders/Documents/TravelTap
    

SwiftCompile normal arm64 /Users/erders/Documents/TravelTap/TravelTap/Data/Countries/CentralAmerica/ElSalvador/Cities/RutaDeLasFloresAttractions.swift (in target 'TravelTap' from project 'TravelTap')
    cd /Users/erders/Documents/TravelTap
    

SwiftCompile normal arm64 /Users/erders/Documents/TravelTap/TravelTap/Data/Countries/CentralAmerica/ElSalvador/Cities/SanMiguelESAttractions.swift (in target 'TravelTap' from project 'TravelTap')
    cd /Users/erders/Documents/TravelTap
    

SwiftDriverJobDiscovery normal arm64 Compiling CentralEastAttractions.swift, MauritiusWestSouthAttractions.swift, PortLouisNorthAttractions.swift, SouthEastRodriguesAttractions.swift, MauritiusPackage.swift, CentralMozambiqueAttractions.swift, InhambaneCoastAttractions.swift, MaputoSouthAttractions.swift, MozNorthIslandsAttractions.swift, MozambiquePackage.swift, AkageraEastAttractions.swift, KigaliCentralAttractions.swift, SouthernRwandaAttractions.swift, VolcanoesNorthAttractions.swift, WesternLakeKivuAttractions.swift, RwandaPackage.swift, LaDigueAttractions.swift, MaheAttractions.swift, OuterIslandsSeychellesAttractions.swift, PraslinAttractions.swift, SeychellesPackage.swift, MogadishuBanadirAttractions.swift, NorthEastPuntlandAttractions.swift, NorthernSomaliaAttractions.swift, SouthCentralSomaliaAttractions.swift (in target 'TravelTap' from project 'TravelTap')

SwiftCompile normal arm64 Compiling\ AvignonAttractions.swift,\ BrightonAttractions.swift,\ PeakDistrictAttractions.swift,\ DurhamAttractions.swift,\ PortsmouthAttractions.swift,\ StratfordUponAvonAttractions.swift,\ BristolAttractions.swift,\ PlymouthAttractions.swift,\ NorwichAttractions.swift,\ ExeterAttractions.swift,\ BathAttractions.swift,\ LakeDistrictAttractions.swift,\ WinchesterAttractions.swift,\ CoventryAttractions.swift,\ LincolnAttractions.swift,\ NorthYorkshireAttractions.swift,\ SheffieldAttractions.swift,\ SalisburyAttractions.swift,\ CornwallAttractions.swift,\ YorkAttractions.swift,\ NewcastleAttractions.swift,\ DevonAttractions.swift,\ LeicesterAttractions.swift,\ CanterburyAttractions.swift,\ ChesterAttractions.swift /Users/erders/Documents/TravelTap/TravelTap/Data/Countries/Europe/France/Cities/AvignonAttractions.swift /Users/erders/Documents/TravelTap/TravelTap/Data/Countries/Europe/England/Cities/BrightonAttractions.swift /Users/erders/Documents/TravelTap/TravelTap/Data/Countries/Europe/England/Cities/PeakDistrictAttractions.swift /Users/erders/Documents/TravelTap/TravelTap/Data/Countries/Europe/England/Cities/DurhamAttractions.swift /Users/erders/Documents/TravelTap/TravelTap/Data/Countries/Europe/England/Cities/PortsmouthAttractions.swift /Users/erders/Documents/TravelTap/TravelTap/Data/Countries/Europe/England/Cities/StratfordUponAvonAttractions.swift /Users/erders/Documents/TravelTap/TravelTap/Data/Countries/Europe/England/Cities/BristolAttractions.swift /Users/erders/Documents/TravelTap/TravelTap/Data/Countries/Europe/England/Cities/PlymouthAttractions.swift /Users/erders/Documents/TravelTap/TravelTap/Data/Countries/Europe/England/Cities/NorwichAttractions.swift /Users/erders/Documents/TravelTap/TravelTap/Data/Countries/Europe/England/Cities/ExeterAttractions.swift /Users/erders/Documents/TravelTap/TravelTap/Data/Countries/Europe/England/Cities/BathAttractions.swift /Users/erders/Documents/TravelTap/TravelTap/Data/Countries/Europe/England/Cities/LakeDistrictAttractions.swift /Users/erders/Documents/TravelTap/TravelTap/Data/Countries/Europe/England/Cities/WinchesterAttractions.swift /Users/erders/Documents/TravelTap/TravelTap/Data/Countries/Europe/England/Cities/CoventryAttractions.swift /Users/erders/Documents/TravelTap/TravelTap/Data/Countries/Europe/England/Cities/LincolnAttractions.swift /Users/erders/Documents/TravelTap/TravelTap/Data/Countries/Europe/England/Cities/NorthYorkshireAttractions.swift /Users/erders/Documents/TravelTap/TravelTap/Data/Countries/Europe/England/Cities/SheffieldAttractions.swift /Users/erders/Documents/TravelTap/TravelTap/Data/Countries/Europe/England/Cities/SalisburyAttractions.swift /Users/erders/Documents/TravelTap/TravelTap/Data/Countries/Europe/England/Cities/CornwallAttractions.swift /Users/erders/Documents/TravelTap/TravelTap/Data/Countries/Europe/England/Cities/YorkAttractions.swift /Users/erders/Documents/TravelTap/TravelTap/Data/Countries/Europe/England/Cities/NewcastleAttractions.swift /Users/erders/Documents/TravelTap/TravelTap/Data/Countries/Europe/England/Cities/DevonAttractions.swift /Users/erders/Documents/TravelTap/TravelTap/Data/Countries/Europe/England/Cities/LeicesterAttractions.swift /Users/erders/Documents/TravelTap/TravelTap/Data/Countries/Europe/England/Cities/CanterburyAttractions.swift /Users/erders/Documents/TravelTap/TravelTap/Data/Countries/Europe/England/Cities/ChesterAttractions.swift (in target 'TravelTap' from project 'TravelTap')

SwiftCompile normal arm64 /Users/erders/Documents/TravelTap/TravelTap/Data/Countries/Europe/France/Cities/AvignonAttractions.swift (in target 'TravelTap' from project 'TravelTap')
    cd /Users/erders/Documents/TravelTap
    

SwiftCompile normal arm64 /Users/erders/Documents/TravelTap/TravelTap/Data/Countries/Europe/England/Cities/BrightonAttractions.swift (in target 'TravelTap' from project 'TravelTap')
    cd /Users/erders/Documents/TravelTap
    

SwiftCompile normal arm64 /Users/erders/Documents/TravelTap/TravelTap/Data/Countries/Europe/England/Cities/PeakDistrictAttractions.swift (in target 'TravelTap' from project 'TravelTap')
    cd /Users/erders/Documents/TravelTap
    

SwiftCompile normal arm64 /Users/erders/Documents/TravelTap/TravelTap/Data/Countries/Europe/England/Cities/DurhamAttractions.swift (in target 'TravelTap' from project 'TravelTap')
    cd /Users/erders/Documents/TravelTap
    

SwiftCompile normal arm64 /Users/erders/Documents/TravelTap/TravelTap/Data/Countries/Europe/England/Cities/PortsmouthAttractions.swift (in target 'TravelTap' from project 'TravelTap')
    cd /Users/erders/Documents/TravelTap
    

SwiftCompile normal arm64 /Users/erders/Documents/TravelTap/TravelTap/Data/Countries/Europe/England/Cities/StratfordUponAvonAttractions.swift (in target 'TravelTap' from project 'TravelTap')
    cd /Users/erders/Documents/TravelTap
    

SwiftCompile normal arm64 /Users/erders/Documents/TravelTap/TravelTap/Data/Countries/Europe/England/Cities/BristolAttractions.swift (in target 'TravelTap' from project 'TravelTap')
    cd /Users/erders/Documents/TravelTap
    

SwiftCompile normal arm64 /Users/erders/Documents/TravelTap/TravelTap/Data/Countries/Europe/England/Cities/PlymouthAttractions.swift (in target 'TravelTap' from project 'TravelTap')
    cd /Users/erders/Documents/TravelTap
    

SwiftCompile normal arm64 /Users/erders/Documents/TravelTap/TravelTap/Data/Countries/Europe/England/Cities/NorwichAttractions.swift (in target 'TravelTap' from project 'TravelTap')
    cd /Users/erders/Documents/TravelTap
    

SwiftCompile normal arm64 /Users/erders/Documents/TravelTap/TravelTap/Data/Countries/Europe/England/Cities/ExeterAttractions.swift (in target 'TravelTap' from project 'TravelTap')
    cd /Users/erders/Documents/TravelTap
    

SwiftCompile normal arm64 /Users/erders/Documents/TravelTap/TravelTap/Data/Countries/Europe/England/Cities/BathAttractions.swift (in target 'TravelTap' from project 'TravelTap')
    cd /Users/erders/Documents/TravelTap
    

SwiftCompile normal arm64 /Users/erders/Documents/TravelTap/TravelTap/Data/Countries/Europe/England/Cities/LakeDistrictAttractions.swift (in target 'TravelTap' from project 'TravelTap')
    cd /Users/erders/Documents/TravelTap
    

SwiftCompile normal arm64 /Users/erders/Documents/TravelTap/TravelTap/Data/Countries/Europe/England/Cities/WinchesterAttractions.swift (in target 'TravelTap' from project 'TravelTap')
    cd /Users/erders/Documents/TravelTap
    

SwiftCompile normal arm64 /Users/erders/Documents/TravelTap/TravelTap/Data/Countries/Europe/England/Cities/CoventryAttractions.swift (in target 'TravelTap' from project 'TravelTap')
    cd /Users/erders/Documents/TravelTap
    

SwiftCompile normal arm64 /Users/erders/Documents/TravelTap/TravelTap/Data/Countries/Europe/England/Cities/LincolnAttractions.swift (in target 'TravelTap' from project 'TravelTap')
    cd /Users/erders/Documents/TravelTap
    

SwiftCompile normal arm64 /Users/erders/Documents/TravelTap/TravelTap/Data/Countries/Europe/England/Cities/NorthYorkshireAttractions.swift (in target 'TravelTap' from project 'TravelTap')
    cd /Users/erders/Documents/TravelTap
    

SwiftCompile normal arm64 /Users/erders/Documents/TravelTap/TravelTap/Data/Countries/Europe/England/Cities/SheffieldAttractions.swift (in target 'TravelTap' from project 'TravelTap')
    cd /Users/erders/Documents/TravelTap
    

SwiftCompile normal arm64 /Users/erders/Documents/TravelTap/TravelTap/Data/Countries/Europe/England/Cities/SalisburyAttractions.swift (in target 'TravelTap' from project 'TravelTap')
    cd /Users/erders/Documents/TravelTap
    

SwiftCompile normal arm64 /Users/erders/Documents/TravelTap/TravelTap/Data/Countries/Europe/England/Cities/CornwallAttractions.swift (in target 'TravelTap' from project 'TravelTap')
    cd /Users/erders/Documents/TravelTap
    

SwiftCompile normal arm64 /Users/erders/Documents/TravelTap/TravelTap/Data/Countries/Europe/England/Cities/YorkAttractions.swift (in target 'TravelTap' from project 'TravelTap')
    cd /Users/erders/Documents/TravelTap
    

SwiftCompile normal arm64 /Users/erders/Documents/TravelTap/TravelTap/Data/Countries/Europe/England/Cities/NewcastleAttractions.swift (in target 'TravelTap' from project 'TravelTap')
    cd /Users/erders/Documents/TravelTap
    

SwiftCompile normal arm64 /Users/erders/Documents/TravelTap/TravelTap/Data/Countries/Europe/England/Cities/DevonAttractions.swift (in target 'TravelTap' from project 'TravelTap')
    cd /Users/erders/Documents/TravelTap
    

SwiftCompile normal arm64 /Users/erders/Documents/TravelTap/TravelTap/Data/Countries/Europe/England/Cities/LeicesterAttractions.swift (in target 'TravelTap' from project 'TravelTap')
    cd /Users/erders/Documents/TravelTap
    

SwiftCompile normal arm64 /Users/erders/Documents/TravelTap/TravelTap/Data/Countries/Europe/England/Cities/CanterburyAttractions.swift (in target 'TravelTap' from project 'TravelTap')
    cd /Users/erders/Documents/TravelTap
    

SwiftCompile normal arm64 /Users/erders/Documents/TravelTap/TravelTap/Data/Countries/Europe/England/Cities/ChesterAttractions.swift (in target 'TravelTap' from project 'TravelTap')
    cd /Users/erders/Documents/TravelTap
    

SwiftDriverJobDiscovery normal arm64 Compiling MarrakechAtlasAttractions.swift, RabatCasablancaAttractions.swift, MoroccoPackage.swift, KhartoumOmdurmanAttractions.swift, NorthernSudanPyramidsAttractions.swift, RedSeaKassalaAttractions.swift, SudanWildernessAttractions.swift, SudanPackage.swift, DjerbaIslandAttractions.swift, SaharaTataouineAttractions.swift, SahelCapBonAttractions.swift, TunisNorthAttractions.swift, TunisiaPackage.swift, BotswanaPackage.swift, ChobeNorthAttractions.swift, FrancistownEastAttractions.swift, GaboroneSouthAttractions.swift, KalahariSaltPansAttractions.swift, OkavangoMaunAttractions.swift, TsodiloWestAttractions.swift, HlaneEastAttractions.swift, ManziniSouthAttractions.swift, MbabaneEzulwiniAttractions.swift, PiggsPeakNorthAttractions.swift, EswatiniPackage.swift (in target 'TravelTap' from project 'TravelTap')

SwiftCompile normal arm64 Compiling\ NazcaAttractions.swift,\ ParacasAttractions.swift,\ PuertoMaldonadoAmazonAttractions.swift,\ SacredValleyAttractions.swift,\ TrujilloAttractions.swift,\ PeruPackage.swift,\ AlbinaAttractions.swift,\ BrokopondoAttractions.swift,\ BrownsbergAttractions.swift,\ CentralSurinameAttractions.swift,\ CommewijneAttractions.swift,\ GalibiAttractions.swift,\ KabaleboAttractions.swift,\ NieuwNickerieAttractions.swift,\ ParamariboAttractions.swift,\ SipaliwiniAttractions.swift,\ UpperSurinameAttractions.swift,\ WiaWiaAttractions.swift,\ SurinamePackage.swift,\ CaboPolonioAttractions.swift,\ CarmeloAttractions.swift,\ ColoniaAttractions.swift,\ JoseIgnacioAttractions.swift,\ MaldonadoAttractions.swift,\ MercedesAttractions.swift /Users/erders/Documents/TravelTap/TravelTap/Data/Countries/SouthAmerica/Peru/Cities/NazcaAttractions.swift /Users/erders/Documents/TravelTap/TravelTap/Data/Countries/SouthAmerica/Peru/Cities/ParacasAttractions.swift /Users/erders/Documents/TravelTap/TravelTap/Data/Countries/SouthAmerica/Peru/Cities/PuertoMaldonadoAmazonAttractions.swift /Users/erders/Documents/TravelTap/TravelTap/Data/Countries/SouthAmerica/Peru/Cities/SacredValleyAttractions.swift /Users/erders/Documents/TravelTap/TravelTap/Data/Countries/SouthAmerica/Peru/Cities/TrujilloAttractions.swift /Users/erders/Documents/TravelTap/TravelTap/Data/Countries/SouthAmerica/Peru/PeruPackage.swift /Users/erders/Documents/TravelTap/TravelTap/Data/Countries/SouthAmerica/Suriname/Cities/AlbinaAttractions.swift /Users/erders/Documents/TravelTap/TravelTap/Data/Countries/SouthAmerica/Suriname/Cities/BrokopondoAttractions.swift /Users/erders/Documents/TravelTap/TravelTap/Data/Countries/SouthAmerica/Suriname/Cities/BrownsbergAttractions.swift /Users/erders/Documents/TravelTap/TravelTap/Data/Countries/SouthAmerica/Suriname/Cities/CentralSurinameAttractions.swift /Users/erders/Documents/TravelTap/TravelTap/Data/Countries/SouthAmerica/Suriname/Cities/CommewijneAttractions.swift /Users/erders/Documents/TravelTap/TravelTap/Data/Countries/SouthAmerica/Suriname/Cities/GalibiAttractions.swift /Users/erders/Documents/TravelTap/TravelTap/Data/Countries/SouthAmerica/Suriname/Cities/KabaleboAttractions.swift /Users/erders/Documents/TravelTap/TravelTap/Data/Countries/SouthAmerica/Suriname/Cities/NieuwNickerieAttractions.swift /Users/erders/Documents/TravelTap/TravelTap/Data/Countries/SouthAmerica/Suriname/Cities/ParamariboAttractions.swift /Users/erders/Documents/TravelTap/TravelTap/Data/Countries/SouthAmerica/Suriname/Cities/SipaliwiniAttractions.swift /Users/erders/Documents/TravelTap/TravelTap/Data/Countries/SouthAmerica/Suriname/Cities/UpperSurinameAttractions.swift /Users/erders/Documents/TravelTap/TravelTap/Data/Countries/SouthAmerica/Suriname/Cities/WiaWiaAttractions.swift /Users/erders/Documents/TravelTap/TravelTap/Data/Countries/SouthAmerica/Suriname/SurinamePackage.swift /Users/erders/Documents/TravelTap/TravelTap/Data/Countries/SouthAmerica/Uruguay/Cities/CaboPolonioAttractions.swift /Users/erders/Documents/TravelTap/TravelTap/Data/Countries/SouthAmerica/Uruguay/Cities/CarmeloAttractions.swift /Users/erders/Documents/TravelTap/TravelTap/Data/Countries/SouthAmerica/Uruguay/Cities/ColoniaAttractions.swift /Users/erders/Documents/TravelTap/TravelTap/Data/Countries/SouthAmerica/Uruguay/Cities/JoseIgnacioAttractions.swift /Users/erders/Documents/TravelTap/TravelTap/Data/Countries/SouthAmerica/Uruguay/Cities/MaldonadoAttractions.swift /Users/erders/Documents/TravelTap/TravelTap/Data/Countries/SouthAmerica/Uruguay/Cities/MercedesAttractions.swift (in target 'TravelTap' from project 'TravelTap')

SwiftCompile normal arm64 /Users/erders/Documents/TravelTap/TravelTap/Data/Countries/SouthAmerica/Peru/Cities/NazcaAttractions.swift (in target 'TravelTap' from project 'TravelTap')
    cd /Users/erders/Documents/TravelTap
    

SwiftCompile normal arm64 /Users/erders/Documents/TravelTap/TravelTap/Data/Countries/SouthAmerica/Peru/Cities/ParacasAttractions.swift (in target 'TravelTap' from project 'TravelTap')
    cd /Users/erders/Documents/TravelTap
    

SwiftCompile normal arm64 /Users/erders/Documents/TravelTap/TravelTap/Data/Countries/SouthAmerica/Peru/Cities/PuertoMaldonadoAmazonAttractions.swift (in target 'TravelTap' from project 'TravelTap')
    cd /Users/erders/Documents/TravelTap
    

SwiftCompile normal arm64 /Users/erders/Documents/TravelTap/TravelTap/Data/Countries/SouthAmerica/Peru/Cities/SacredValleyAttractions.swift (in target 'TravelTap' from project 'TravelTap')
    cd /Users/erders/Documents/TravelTap
    

SwiftCompile normal arm64 /Users/erders/Documents/TravelTap/TravelTap/Data/Countries/SouthAmerica/Peru/Cities/TrujilloAttractions.swift (in target 'TravelTap' from project 'TravelTap')
    cd /Users/erders/Documents/TravelTap
    

SwiftCompile normal arm64 /Users/erders/Documents/TravelTap/TravelTap/Data/Countries/SouthAmerica/Peru/PeruPackage.swift (in target 'TravelTap' from project 'TravelTap')
    cd /Users/erders/Documents/TravelTap
    

SwiftCompile normal arm64 /Users/erders/Documents/TravelTap/TravelTap/Data/Countries/SouthAmerica/Suriname/Cities/AlbinaAttractions.swift (in target 'TravelTap' from project 'TravelTap')
    cd /Users/erders/Documents/TravelTap
    

SwiftCompile normal arm64 /Users/erders/Documents/TravelTap/TravelTap/Data/Countries/SouthAmerica/Suriname/Cities/BrokopondoAttractions.swift (in target 'TravelTap' from project 'TravelTap')
    cd /Users/erders/Documents/TravelTap
    

SwiftCompile normal arm64 /Users/erders/Documents/TravelTap/TravelTap/Data/Countries/SouthAmerica/Suriname/Cities/BrownsbergAttractions.swift (in target 'TravelTap' from project 'TravelTap')
    cd /Users/erders/Documents/TravelTap
    

SwiftCompile normal arm64 /Users/erders/Documents/TravelTap/TravelTap/Data/Countries/SouthAmerica/Suriname/Cities/CentralSurinameAttractions.swift (in target 'TravelTap' from project 'TravelTap')
    cd /Users/erders/Documents/TravelTap
    

SwiftCompile normal arm64 /Users/erders/Documents/TravelTap/TravelTap/Data/Countries/SouthAmerica/Suriname/Cities/CommewijneAttractions.swift (in target 'TravelTap' from project 'TravelTap')
    cd /Users/erders/Documents/TravelTap
    

SwiftCompile normal arm64 /Users/erders/Documents/TravelTap/TravelTap/Data/Countries/SouthAmerica/Suriname/Cities/GalibiAttractions.swift (in target 'TravelTap' from project 'TravelTap')
    cd /Users/erders/Documents/TravelTap
    

SwiftCompile normal arm64 /Users/erders/Documents/TravelTap/TravelTap/Data/Countries/SouthAmerica/Suriname/Cities/KabaleboAttractions.swift (in target 'TravelTap' from project 'TravelTap')
    cd /Users/erders/Documents/TravelTap
    

SwiftCompile normal arm64 /Users/erders/Documents/TravelTap/TravelTap/Data/Countries/SouthAmerica/Suriname/Cities/NieuwNickerieAttractions.swift (in target 'TravelTap' from project 'TravelTap')
    cd /Users/erders/Documents/TravelTap
    

SwiftCompile normal arm64 /Users/erders/Documents/TravelTap/TravelTap/Data/Countries/SouthAmerica/Suriname/Cities/ParamariboAttractions.swift (in target 'TravelTap' from project 'TravelTap')
    cd /Users/erders/Documents/TravelTap
    

SwiftCompile normal arm64 /Users/erders/Documents/TravelTap/TravelTap/Data/Countries/SouthAmerica/Suriname/Cities/SipaliwiniAttractions.swift (in target 'TravelTap' from project 'TravelTap')
    cd /Users/erders/Documents/TravelTap
    

SwiftCompile normal arm64 /Users/erders/Documents/TravelTap/TravelTap/Data/Countries/SouthAmerica/Suriname/Cities/UpperSurinameAttractions.swift (in target 'TravelTap' from project 'TravelTap')
    cd /Users/erders/Documents/TravelTap
    

SwiftCompile normal arm64 /Users/erders/Documents/TravelTap/TravelTap/Data/Countries/SouthAmerica/Suriname/Cities/WiaWiaAttractions.swift (in target 'TravelTap' from project 'TravelTap')
    cd /Users/erders/Documents/TravelTap
    

SwiftCompile normal arm64 /Users/erders/Documents/TravelTap/TravelTap/Data/Countries/SouthAmerica/Suriname/SurinamePackage.swift (in target 'TravelTap' from project 'TravelTap')
    cd /Users/erders/Documents/TravelTap
    

SwiftCompile normal arm64 /Users/erders/Documents/TravelTap/TravelTap/Data/Countries/SouthAmerica/Uruguay/Cities/CaboPolonioAttractions.swift (in target 'TravelTap' from project 'TravelTap')
    cd /Users/erders/Documents/TravelTap
    

SwiftCompile normal arm64 /Users/erders/Documents/TravelTap/TravelTap/Data/Countries/SouthAmerica/Uruguay/Cities/CarmeloAttractions.swift (in target 'TravelTap' from project 'TravelTap')
    cd /Users/erders/Documents/TravelTap
    

SwiftCompile normal arm64 /Users/erders/Documents/TravelTap/TravelTap/Data/Countries/SouthAmerica/Uruguay/Cities/ColoniaAttractions.swift (in target 'TravelTap' from project 'TravelTap')
    cd /Users/erders/Documents/TravelTap
    

SwiftCompile normal arm64 /Users/erders/Documents/TravelTap/TravelTap/Data/Countries/SouthAmerica/Uruguay/Cities/JoseIgnacioAttractions.swift (in target 'TravelTap' from project 'TravelTap')
    cd /Users/erders/Documents/TravelTap
    

SwiftCompile normal arm64 /Users/erders/Documents/TravelTap/TravelTap/Data/Countries/SouthAmerica/Uruguay/Cities/MaldonadoAttractions.swift (in target 'TravelTap' from project 'TravelTap')
    cd /Users/erders/Documents/TravelTap
    

SwiftCompile normal arm64 /Users/erders/Documents/TravelTap/TravelTap/Data/Countries/SouthAmerica/Uruguay/Cities/MercedesAttractions.swift (in target 'TravelTap' from project 'TravelTap')
    cd /Users/erders/Documents/TravelTap
    

SwiftDriverJobDiscovery normal arm64 Compiling GreatZimbabweMasvingoAttractions.swift, HarareAttractions.swift, KaribaManaPoolsAttractions.swift, VictoriaFallsHwangeAttractions.swift, ZimbabwePackage.swift, AlgeriaPackage.swift, AlgerianSaharaAttractions.swift, AlgiersCentralAttractions.swift, ConstantineEastAttractions.swift, KabylieCoastAttractions.swift, OranWestAttractions.swift, AlexandriaNorthCoastAttractions.swift, AswanNubiaAttractions.swift, CairoGizaAttractions.swift, LuxorNileValleyAttractions.swift, RedSeaSinaiAttractions.swift, WesternDesertAttractions.swift, EgyptPackage.swift, CyrenaicaAttractions.swift, FezzanSaharaAttractions.swift, TripolitaniaAttractions.swift, LibyaPackage.swift, DesertOuarzazateAttractions.swift, EssaouiraAgadirCoastAttractions.swift, FesMeknesNorthAttractions.swift (in target 'TravelTap' from project 'TravelTap')

SwiftCompile normal arm64 Compiling\ SamosAttractions.swift,\ HydraAttractions.swift,\ FolegandrosAttractions.swift,\ SyrosAttractions.swift,\ NaxosAttractions.swift,\ PatmosAttractions.swift,\ PeloponneseAttractions.swift,\ KefaloniaAttractions.swift,\ TinosAttractions.swift,\ SerifosAttractions.swift,\ OlympiaAttractions.swift,\ MilosAttractions.swift,\ IkariaAttractions.swift,\ SkiathosAttractions.swift,\ MeteoraAttractions.swift,\ IosAttractions.swift,\ ParosAttractions.swift,\ DortmundAttractions.swift,\ LeuvenAttractions.swift,\ ArdennesAttractions.swift,\ MonsAttractions.swift,\ BastogneAttractions.swift,\ KnokkeHeistAttractions.swift,\ DeHaanAttractions.swift,\ KortrijkAttractions.swift /Users/erders/Documents/TravelTap/TravelTap/Data/Countries/Europe/Greece/Cities/SamosAttractions.swift /Users/erders/Documents/TravelTap/TravelTap/Data/Countries/Europe/Greece/Cities/HydraAttractions.swift /Users/erders/Documents/TravelTap/TravelTap/Data/Countries/Europe/Greece/Cities/FolegandrosAttractions.swift /Users/erders/Documents/TravelTap/TravelTap/Data/Countries/Europe/Greece/Cities/SyrosAttractions.swift /Users/erders/Documents/TravelTap/TravelTap/Data/Countries/Europe/Greece/Cities/NaxosAttractions.swift /Users/erders/Documents/TravelTap/TravelTap/Data/Countries/Europe/Greece/Cities/PatmosAttractions.swift /Users/erders/Documents/TravelTap/TravelTap/Data/Countries/Europe/Greece/Cities/PeloponneseAttractions.swift /Users/erders/Documents/TravelTap/TravelTap/Data/Countries/Europe/Greece/Cities/KefaloniaAttractions.swift /Users/erders/Documents/TravelTap/TravelTap/Data/Countries/Europe/Greece/Cities/TinosAttractions.swift /Users/erders/Documents/TravelTap/TravelTap/Data/Countries/Europe/Greece/Cities/SerifosAttractions.swift /Users/erders/Documents/TravelTap/TravelTap/Data/Countries/Europe/Greece/Cities/OlympiaAttractions.swift /Users/erders/Documents/TravelTap/TravelTap/Data/Countries/Europe/Greece/Cities/MilosAttractions.swift /Users/erders/Documents/TravelTap/TravelTap/Data/Countries/Europe/Greece/Cities/IkariaAttractions.swift /Users/erders/Documents/TravelTap/TravelTap/Data/Countries/Europe/Greece/Cities/SkiathosAttractions.swift /Users/erders/Documents/TravelTap/TravelTap/Data/Countries/Europe/Greece/Cities/MeteoraAttractions.swift /Users/erders/Documents/TravelTap/TravelTap/Data/Countries/Europe/Greece/Cities/IosAttractions.swift /Users/erders/Documents/TravelTap/TravelTap/Data/Countries/Europe/Greece/Cities/ParosAttractions.swift /Users/erders/Documents/TravelTap/TravelTap/Data/Countries/Europe/Germany/Cities/DortmundAttractions.swift /Users/erders/Documents/TravelTap/TravelTap/Data/Countries/Europe/Belgium/Cities/LeuvenAttractions.swift /Users/erders/Documents/TravelTap/TravelTap/Data/Countries/Europe/Belgium/Cities/ArdennesAttractions.swift /Users/erders/Documents/TravelTap/TravelTap/Data/Countries/Europe/Belgium/Cities/MonsAttractions.swift /Users/erders/Documents/TravelTap/TravelTap/Data/Countries/Europe/Belgium/Cities/BastogneAttractions.swift /Users/erders/Documents/TravelTap/TravelTap/Data/Countries/Europe/Belgium/Cities/KnokkeHeistAttractions.swift /Users/erders/Documents/TravelTap/TravelTap/Data/Countries/Europe/Belgium/Cities/DeHaanAttractions.swift /Users/erders/Documents/TravelTap/TravelTap/Data/Countries/Europe/Belgium/Cities/KortrijkAttractions.swift (in target 'TravelTap' from project 'TravelTap')

SwiftCompile normal arm64 /Users/erders/Documents/TravelTap/TravelTap/Data/Countries/Europe/Greece/Cities/SamosAttractions.swift (in target 'TravelTap' from project 'TravelTap')
    cd /Users/erders/Documents/TravelTap
    

SwiftCompile normal arm64 /Users/erders/Documents/TravelTap/TravelTap/Data/Countries/Europe/Greece/Cities/HydraAttractions.swift (in target 'TravelTap' from project 'TravelTap')
    cd /Users/erders/Documents/TravelTap
    

SwiftCompile normal arm64 /Users/erders/Documents/TravelTap/TravelTap/Data/Countries/Europe/Greece/Cities/FolegandrosAttractions.swift (in target 'TravelTap' from project 'TravelTap')
    cd /Users/erders/Documents/TravelTap
    

SwiftCompile normal arm64 /Users/erders/Documents/TravelTap/TravelTap/Data/Countries/Europe/Greece/Cities/SyrosAttractions.swift (in target 'TravelTap' from project 'TravelTap')
    cd /Users/erders/Documents/TravelTap
    

SwiftCompile normal arm64 /Users/erders/Documents/TravelTap/TravelTap/Data/Countries/Europe/Greece/Cities/NaxosAttractions.swift (in target 'TravelTap' from project 'TravelTap')
    cd /Users/erders/Documents/TravelTap
    

SwiftCompile normal arm64 /Users/erders/Documents/TravelTap/TravelTap/Data/Countries/Europe/Greece/Cities/PatmosAttractions.swift (in target 'TravelTap' from project 'TravelTap')
    cd /Users/erders/Documents/TravelTap
    

SwiftCompile normal arm64 /Users/erders/Documents/TravelTap/TravelTap/Data/Countries/Europe/Greece/Cities/PeloponneseAttractions.swift (in target 'TravelTap' from project 'TravelTap')
    cd /Users/erders/Documents/TravelTap
    

SwiftCompile normal arm64 /Users/erders/Documents/TravelTap/TravelTap/Data/Countries/Europe/Greece/Cities/KefaloniaAttractions.swift (in target 'TravelTap' from project 'TravelTap')
    cd /Users/erders/Documents/TravelTap
    

SwiftCompile normal arm64 /Users/erders/Documents/TravelTap/TravelTap/Data/Countries/Europe/Greece/Cities/TinosAttractions.swift (in target 'TravelTap' from project 'TravelTap')
    cd /Users/erders/Documents/TravelTap
    

SwiftCompile normal arm64 /Users/erders/Documents/TravelTap/TravelTap/Data/Countries/Europe/Greece/Cities/SerifosAttractions.swift (in target 'TravelTap' from project 'TravelTap')
    cd /Users/erders/Documents/TravelTap
    

SwiftCompile normal arm64 /Users/erders/Documents/TravelTap/TravelTap/Data/Countries/Europe/Greece/Cities/OlympiaAttractions.swift (in target 'TravelTap' from project 'TravelTap')
    cd /Users/erders/Documents/TravelTap
    

SwiftCompile normal arm64 /Users/erders/Documents/TravelTap/TravelTap/Data/Countries/Europe/Greece/Cities/MilosAttractions.swift (in target 'TravelTap' from project 'TravelTap')
    cd /Users/erders/Documents/TravelTap
    

SwiftCompile normal arm64 /Users/erders/Documents/TravelTap/TravelTap/Data/Countries/Europe/Greece/Cities/IkariaAttractions.swift (in target 'TravelTap' from project 'TravelTap')
    cd /Users/erders/Documents/TravelTap
    

SwiftCompile normal arm64 /Users/erders/Documents/TravelTap/TravelTap/Data/Countries/Europe/Greece/Cities/SkiathosAttractions.swift (in target 'TravelTap' from project 'TravelTap')
    cd /Users/erders/Documents/TravelTap
    

SwiftCompile normal arm64 /Users/erders/Documents/TravelTap/TravelTap/Data/Countries/Europe/Greece/Cities/MeteoraAttractions.swift (in target 'TravelTap' from project 'TravelTap')
    cd /Users/erders/Documents/TravelTap
    

SwiftCompile normal arm64 /Users/erders/Documents/TravelTap/TravelTap/Data/Countries/Europe/Greece/Cities/IosAttractions.swift (in target 'TravelTap' from project 'TravelTap')
    cd /Users/erders/Documents/TravelTap
    

SwiftCompile normal arm64 /Users/erders/Documents/TravelTap/TravelTap/Data/Countries/Europe/Greece/Cities/ParosAttractions.swift (in target 'TravelTap' from project 'TravelTap')
    cd /Users/erders/Documents/TravelTap
    

SwiftCompile normal arm64 /Users/erders/Documents/TravelTap/TravelTap/Data/Countries/Europe/Germany/Cities/DortmundAttractions.swift (in target 'TravelTap' from project 'TravelTap')
    cd /Users/erders/Documents/TravelTap
    

SwiftCompile normal arm64 /Users/erders/Documents/TravelTap/TravelTap/Data/Countries/Europe/Belgium/Cities/LeuvenAttractions.swift (in target 'TravelTap' from project 'TravelTap')
    cd /Users/erders/Documents/TravelTap
    

SwiftCompile normal arm64 /Users/erders/Documents/TravelTap/TravelTap/Data/Countries/Europe/Belgium/Cities/ArdennesAttractions.swift (in target 'TravelTap' from project 'TravelTap')
    cd /Users/erders/Documents/TravelTap
    

SwiftCompile normal arm64 /Users/erders/Documents/TravelTap/TravelTap/Data/Countries/Europe/Belgium/Cities/MonsAttractions.swift (in target 'TravelTap' from project 'TravelTap')
    cd /Users/erders/Documents/TravelTap
    

SwiftCompile normal arm64 /Users/erders/Documents/TravelTap/TravelTap/Data/Countries/Europe/Belgium/Cities/BastogneAttractions.swift (in target 'TravelTap' from project 'TravelTap')
    cd /Users/erders/Documents/TravelTap
    

SwiftCompile normal arm64 /Users/erders/Documents/TravelTap/TravelTap/Data/Countries/Europe/Belgium/Cities/KnokkeHeistAttractions.swift (in target 'TravelTap' from project 'TravelTap')
    cd /Users/erders/Documents/TravelTap
    

SwiftCompile normal arm64 /Users/erders/Documents/TravelTap/TravelTap/Data/Countries/Europe/Belgium/Cities/DeHaanAttractions.swift (in target 'TravelTap' from project 'TravelTap')
    cd /Users/erders/Documents/TravelTap
    

SwiftCompile normal arm64 /Users/erders/Documents/TravelTap/TravelTap/Data/Countries/Europe/Belgium/Cities/KortrijkAttractions.swift (in target 'TravelTap' from project 'TravelTap')
    cd /Users/erders/Documents/TravelTap
    

SwiftDriverJobDiscovery normal arm64 Compiling TravelStatsCardView.swift, AngolaPackage.swift, BenguelaAttractions.swift, HuilaAttractions.swift, KwanzaNorteAttractions.swift, LuandaAttractions.swift, MalanjeAttractions.swift, MbanzaKongoAttractions.swift, MoxicoAttractions.swift, NamibeAttractions.swift, CameroonPackage.swift, DoualaAttractions.swift, NorthAttractions.swift, SouthAttractions.swift, SouthWestAttractions.swift, WestNorthWestAttractions.swift, YaoundeAttractions.swift, CentralAfricanRepublicPackage.swift, BanguiAttractions.swift, BoaliAttractions.swift, CentralCARAttractions.swift, DzangaSanghaAttractions.swift, NorthernParksAttractions.swift, SouthEastAttractions.swift, ChadPackage.swift (in target 'TravelTap' from project 'TravelTap')

SwiftCompile normal arm64 Compiling\ AlkmaarAttractions.swift,\ KeukenhofAttractions.swift,\ MaastrichtAttractions.swift,\ LeidenAttractions.swift,\ ArnhemAttractions.swift,\ DelftAttractions.swift,\ MiddelburgAttractions.swift,\ DenBoschAttractions.swift,\ NijmegenAttractions.swift,\ TexelAttractions.swift,\ ZwolleAttractions.swift,\ HaarlemAttractions.swift,\ GroningenAttractions.swift,\ GoudaAttractions.swift,\ DeventerAttractions.swift,\ WaddenIslandsAttractions.swift,\ AmersfoortAttractions.swift,\ LeeuwardenAttractions.swift,\ DordrechtAttractions.swift,\ NotablePlacesNetherlandsAttractions.swift,\ DelphiAttractions.swift,\ LesbosAttractions.swift,\ KosAttractions.swift,\ ZakynthosAttractions.swift,\ SkopelosAttractions.swift /Users/erders/Documents/TravelTap/TravelTap/Data/Countries/Europe/Netherlands/Cities/AlkmaarAttractions.swift /Users/erders/Documents/TravelTap/TravelTap/Data/Countries/Europe/Netherlands/Cities/KeukenhofAttractions.swift /Users/erders/Documents/TravelTap/TravelTap/Data/Countries/Europe/Netherlands/Cities/MaastrichtAttractions.swift /Users/erders/Documents/TravelTap/TravelTap/Data/Countries/Europe/Netherlands/Cities/LeidenAttractions.swift /Users/erders/Documents/TravelTap/TravelTap/Data/Countries/Europe/Netherlands/Cities/ArnhemAttractions.swift /Users/erders/Documents/TravelTap/TravelTap/Data/Countries/Europe/Netherlands/Cities/DelftAttractions.swift /Users/erders/Documents/TravelTap/TravelTap/Data/Countries/Europe/Netherlands/Cities/MiddelburgAttractions.swift /Users/erders/Documents/TravelTap/TravelTap/Data/Countries/Europe/Netherlands/Cities/DenBoschAttractions.swift /Users/erders/Documents/TravelTap/TravelTap/Data/Countries/Europe/Netherlands/Cities/NijmegenAttractions.swift /Users/erders/Documents/TravelTap/TravelTap/Data/Countries/Europe/Netherlands/Cities/TexelAttractions.swift /Users/erders/Documents/TravelTap/TravelTap/Data/Countries/Europe/Netherlands/Cities/ZwolleAttractions.swift /Users/erders/Documents/TravelTap/TravelTap/Data/Countries/Europe/Netherlands/Cities/HaarlemAttractions.swift /Users/erders/Documents/TravelTap/TravelTap/Data/Countries/Europe/Netherlands/Cities/GroningenAttractions.swift /Users/erders/Documents/TravelTap/TravelTap/Data/Countries/Europe/Netherlands/Cities/GoudaAttractions.swift /Users/erders/Documents/TravelTap/TravelTap/Data/Countries/Europe/Netherlands/Cities/DeventerAttractions.swift /Users/erders/Documents/TravelTap/TravelTap/Data/Countries/Europe/Netherlands/Cities/WaddenIslandsAttractions.swift /Users/erders/Documents/TravelTap/TravelTap/Data/Countries/Europe/Netherlands/Cities/AmersfoortAttractions.swift /Users/erders/Documents/TravelTap/TravelTap/Data/Countries/Europe/Netherlands/Cities/LeeuwardenAttractions.swift /Users/erders/Documents/TravelTap/TravelTap/Data/Countries/Europe/Netherlands/Cities/DordrechtAttractions.swift /Users/erders/Documents/TravelTap/TravelTap/Data/Countries/Europe/Netherlands/Cities/NotablePlacesNetherlandsAttractions.swift /Users/erders/Documents/TravelTap/TravelTap/Data/Countries/Europe/Greece/Cities/DelphiAttractions.swift /Users/erders/Documents/TravelTap/TravelTap/Data/Countries/Europe/Greece/Cities/LesbosAttractions.swift /Users/erders/Documents/TravelTap/TravelTap/Data/Countries/Europe/Greece/Cities/KosAttractions.swift /Users/erders/Documents/TravelTap/TravelTap/Data/Countries/Europe/Greece/Cities/ZakynthosAttractions.swift /Users/erders/Documents/TravelTap/TravelTap/Data/Countries/Europe/Greece/Cities/SkopelosAttractions.swift (in target 'TravelTap' from project 'TravelTap')

SwiftCompile normal arm64 /Users/erders/Documents/TravelTap/TravelTap/Data/Countries/Europe/Netherlands/Cities/AlkmaarAttractions.swift (in target 'TravelTap' from project 'TravelTap')
    cd /Users/erders/Documents/TravelTap
    

SwiftCompile normal arm64 /Users/erders/Documents/TravelTap/TravelTap/Data/Countries/Europe/Netherlands/Cities/KeukenhofAttractions.swift (in target 'TravelTap' from project 'TravelTap')
    cd /Users/erders/Documents/TravelTap
    

SwiftCompile normal arm64 /Users/erders/Documents/TravelTap/TravelTap/Data/Countries/Europe/Netherlands/Cities/MaastrichtAttractions.swift (in target 'TravelTap' from project 'TravelTap')
    cd /Users/erders/Documents/TravelTap
    

SwiftCompile normal arm64 /Users/erders/Documents/TravelTap/TravelTap/Data/Countries/Europe/Netherlands/Cities/LeidenAttractions.swift (in target 'TravelTap' from project 'TravelTap')
    cd /Users/erders/Documents/TravelTap
    

SwiftCompile normal arm64 /Users/erders/Documents/TravelTap/TravelTap/Data/Countries/Europe/Netherlands/Cities/ArnhemAttractions.swift (in target 'TravelTap' from project 'TravelTap')
    cd /Users/erders/Documents/TravelTap
    

SwiftCompile normal arm64 /Users/erders/Documents/TravelTap/TravelTap/Data/Countries/Europe/Netherlands/Cities/DelftAttractions.swift (in target 'TravelTap' from project 'TravelTap')
    cd /Users/erders/Documents/TravelTap
    

SwiftCompile normal arm64 /Users/erders/Documents/TravelTap/TravelTap/Data/Countries/Europe/Netherlands/Cities/MiddelburgAttractions.swift (in target 'TravelTap' from project 'TravelTap')
    cd /Users/erders/Documents/TravelTap
    

SwiftCompile normal arm64 /Users/erders/Documents/TravelTap/TravelTap/Data/Countries/Europe/Netherlands/Cities/DenBoschAttractions.swift (in target 'TravelTap' from project 'TravelTap')
    cd /Users/erders/Documents/TravelTap
    

SwiftCompile normal arm64 /Users/erders/Documents/TravelTap/TravelTap/Data/Countries/Europe/Netherlands/Cities/NijmegenAttractions.swift (in target 'TravelTap' from project 'TravelTap')
    cd /Users/erders/Documents/TravelTap
    

SwiftCompile normal arm64 /Users/erders/Documents/TravelTap/TravelTap/Data/Countries/Europe/Netherlands/Cities/TexelAttractions.swift (in target 'TravelTap' from project 'TravelTap')
    cd /Users/erders/Documents/TravelTap
    

SwiftCompile normal arm64 /Users/erders/Documents/TravelTap/TravelTap/Data/Countries/Europe/Netherlands/Cities/ZwolleAttractions.swift (in target 'TravelTap' from project 'TravelTap')
    cd /Users/erders/Documents/TravelTap
    

SwiftCompile normal arm64 /Users/erders/Documents/TravelTap/TravelTap/Data/Countries/Europe/Netherlands/Cities/HaarlemAttractions.swift (in target 'TravelTap' from project 'TravelTap')
    cd /Users/erders/Documents/TravelTap
    

SwiftCompile normal arm64 /Users/erders/Documents/TravelTap/TravelTap/Data/Countries/Europe/Netherlands/Cities/GroningenAttractions.swift (in target 'TravelTap' from project 'TravelTap')
    cd /Users/erders/Documents/TravelTap
    

SwiftCompile normal arm64 /Users/erders/Documents/TravelTap/TravelTap/Data/Countries/Europe/Netherlands/Cities/GoudaAttractions.swift (in target 'TravelTap' from project 'TravelTap')
    cd /Users/erders/Documents/TravelTap
    

SwiftCompile normal arm64 /Users/erders/Documents/TravelTap/TravelTap/Data/Countries/Europe/Netherlands/Cities/DeventerAttractions.swift (in target 'TravelTap' from project 'TravelTap')
    cd /Users/erders/Documents/TravelTap
    

SwiftCompile normal arm64 /Users/erders/Documents/TravelTap/TravelTap/Data/Countries/Europe/Netherlands/Cities/WaddenIslandsAttractions.swift (in target 'TravelTap' from project 'TravelTap')
    cd /Users/erders/Documents/TravelTap
    

SwiftCompile normal arm64 /Users/erders/Documents/TravelTap/TravelTap/Data/Countries/Europe/Netherlands/Cities/AmersfoortAttractions.swift (in target 'TravelTap' from project 'TravelTap')
    cd /Users/erders/Documents/TravelTap
    

SwiftCompile normal arm64 /Users/erders/Documents/TravelTap/TravelTap/Data/Countries/Europe/Netherlands/Cities/LeeuwardenAttractions.swift (in target 'TravelTap' from project 'TravelTap')
    cd /Users/erders/Documents/TravelTap
    

SwiftCompile normal arm64 /Users/erders/Documents/TravelTap/TravelTap/Data/Countries/Europe/Netherlands/Cities/DordrechtAttractions.swift (in target 'TravelTap' from project 'TravelTap')
    cd /Users/erders/Documents/TravelTap
    

SwiftCompile normal arm64 /Users/erders/Documents/TravelTap/TravelTap/Data/Countries/Europe/Netherlands/Cities/NotablePlacesNetherlandsAttractions.swift (in target 'TravelTap' from project 'TravelTap')
    cd /Users/erders/Documents/TravelTap
    

SwiftCompile normal arm64 /Users/erders/Documents/TravelTap/TravelTap/Data/Countries/Europe/Greece/Cities/DelphiAttractions.swift (in target 'TravelTap' from project 'TravelTap')
    cd /Users/erders/Documents/TravelTap
    

SwiftCompile normal arm64 /Users/erders/Documents/TravelTap/TravelTap/Data/Countries/Europe/Greece/Cities/LesbosAttractions.swift (in target 'TravelTap' from project 'TravelTap')
    cd /Users/erders/Documents/TravelTap
    

SwiftCompile normal arm64 /Users/erders/Documents/TravelTap/TravelTap/Data/Countries/Europe/Greece/Cities/KosAttractions.swift (in target 'TravelTap' from project 'TravelTap')
    cd /Users/erders/Documents/TravelTap
    

SwiftCompile normal arm64 /Users/erders/Documents/TravelTap/TravelTap/Data/Countries/Europe/Greece/Cities/ZakynthosAttractions.swift (in target 'TravelTap' from project 'TravelTap')
    cd /Users/erders/Documents/TravelTap
    

SwiftCompile normal arm64 /Users/erders/Documents/TravelTap/TravelTap/Data/Countries/Europe/Greece/Cities/SkopelosAttractions.swift (in target 'TravelTap' from project 'TravelTap')
    cd /Users/erders/Documents/TravelTap
    

SwiftDriverJobDiscovery normal arm64 Compiling GorkhaAttractions.swift, NorthEastAttractions.swift, PuertoPrincesaAttractions.swift, ElNidoAttractions.swift, DavaoCityAttractions.swift, SagadaAttractions.swift, TubbatahaAttractions.swift, BantayanAttractions.swift, SanVicenteAttractions.swift, MoalboalAttractions.swift, BoholAttractions.swift, LaoagAttractions.swift, OslobAttractions.swift, CebuCityAttractions.swift, BatanesAttractions.swift, BacolodAttractions.swift, PinatuboAttractions.swift, MalapascuaAttractions.swift, SurigaoDelSurAttractions.swift, TaguigAttractions.swift, ManilaCityAttractions.swift, ZambalesAttractions.swift, CoronAttractions.swift, SamarAttractions.swift, BoracayAttractions.swift (in target 'TravelTap' from project 'TravelTap')

SwiftCompile normal arm64 Compiling\ CaymanIslandsPackage.swift,\ BoddenTownAttractions.swift,\ CaymanBracAttractions.swift,\ EastEndAttractions.swift,\ GeorgeTownAttractions.swift,\ LittleCaymanAttractions.swift,\ NorthSideAttractions.swift,\ WestBayAttractions.swift,\ CartagoAttractions.swift,\ HerediaAttractions.swift,\ LaFortunaAttractions.swift,\ LiberiaAttractions.swift,\ MonteverdeAttractions.swift,\ PuertoJimenezAttractions.swift,\ PuertoViejoAttractions.swift,\ QueposAttractions.swift,\ SanJoseAttractions.swift,\ SantaTeresaAttractions.swift,\ TortugueroAttractions.swift,\ CostaRicaPackage.swift,\ BaracoaAttractions.swift,\ CamagueyAttractions.swift,\ CienfuegosAttractions.swift,\ HavanaAttractions.swift,\ SantiagoDeCubaAttractions.swift /Users/erders/Documents/TravelTap/TravelTap/Data/Countries/CentralAmerica/CaymanIslands/CaymanIslandsPackage.swift /Users/erders/Documents/TravelTap/TravelTap/Data/Countries/CentralAmerica/CaymanIslands/Cities/BoddenTownAttractions.swift /Users/erders/Documents/TravelTap/TravelTap/Data/Countries/CentralAmerica/CaymanIslands/Cities/CaymanBracAttractions.swift /Users/erders/Documents/TravelTap/TravelTap/Data/Countries/CentralAmerica/CaymanIslands/Cities/EastEndAttractions.swift /Users/erders/Documents/TravelTap/TravelTap/Data/Countries/CentralAmerica/CaymanIslands/Cities/GeorgeTownAttractions.swift /Users/erders/Documents/TravelTap/TravelTap/Data/Countries/CentralAmerica/CaymanIslands/Cities/LittleCaymanAttractions.swift /Users/erders/Documents/TravelTap/TravelTap/Data/Countries/CentralAmerica/CaymanIslands/Cities/NorthSideAttractions.swift /Users/erders/Documents/TravelTap/TravelTap/Data/Countries/CentralAmerica/CaymanIslands/Cities/WestBayAttractions.swift /Users/erders/Documents/TravelTap/TravelTap/Data/Countries/CentralAmerica/CostaRica/Cities/CartagoAttractions.swift /Users/erders/Documents/TravelTap/TravelTap/Data/Countries/CentralAmerica/CostaRica/Cities/HerediaAttractions.swift /Users/erders/Documents/TravelTap/TravelTap/Data/Countries/CentralAmerica/CostaRica/Cities/LaFortunaAttractions.swift /Users/erders/Documents/TravelTap/TravelTap/Data/Countries/CentralAmerica/CostaRica/Cities/LiberiaAttractions.swift /Users/erders/Documents/TravelTap/TravelTap/Data/Countries/CentralAmerica/CostaRica/Cities/MonteverdeAttractions.swift /Users/erders/Documents/TravelTap/TravelTap/Data/Countries/CentralAmerica/CostaRica/Cities/PuertoJimenezAttractions.swift /Users/erders/Documents/TravelTap/TravelTap/Data/Countries/CentralAmerica/CostaRica/Cities/PuertoViejoAttractions.swift /Users/erders/Documents/TravelTap/TravelTap/Data/Countries/CentralAmerica/CostaRica/Cities/QueposAttractions.swift /Users/erders/Documents/TravelTap/TravelTap/Data/Countries/CentralAmerica/CostaRica/Cities/SanJoseAttractions.swift /Users/erders/Documents/TravelTap/TravelTap/Data/Countries/CentralAmerica/CostaRica/Cities/SantaTeresaAttractions.swift /Users/erders/Documents/TravelTap/TravelTap/Data/Countries/CentralAmerica/CostaRica/Cities/TortugueroAttractions.swift /Users/erders/Documents/TravelTap/TravelTap/Data/Countries/CentralAmerica/CostaRica/CostaRicaPackage.swift /Users/erders/Documents/TravelTap/TravelTap/Data/Countries/CentralAmerica/Cuba/Cities/BaracoaAttractions.swift /Users/erders/Documents/TravelTap/TravelTap/Data/Countries/CentralAmerica/Cuba/Cities/CamagueyAttractions.swift /Users/erders/Documents/TravelTap/TravelTap/Data/Countries/CentralAmerica/Cuba/Cities/CienfuegosAttractions.swift /Users/erders/Documents/TravelTap/TravelTap/Data/Countries/CentralAmerica/Cuba/Cities/HavanaAttractions.swift /Users/erders/Documents/TravelTap/TravelTap/Data/Countries/CentralAmerica/Cuba/Cities/SantiagoDeCubaAttractions.swift (in target 'TravelTap' from project 'TravelTap')

SwiftCompile normal arm64 /Users/erders/Documents/TravelTap/TravelTap/Data/Countries/CentralAmerica/CaymanIslands/CaymanIslandsPackage.swift (in target 'TravelTap' from project 'TravelTap')
    cd /Users/erders/Documents/TravelTap
    

SwiftCompile normal arm64 /Users/erders/Documents/TravelTap/TravelTap/Data/Countries/CentralAmerica/CaymanIslands/Cities/BoddenTownAttractions.swift (in target 'TravelTap' from project 'TravelTap')
    cd /Users/erders/Documents/TravelTap
    

SwiftCompile normal arm64 /Users/erders/Documents/TravelTap/TravelTap/Data/Countries/CentralAmerica/CaymanIslands/Cities/CaymanBracAttractions.swift (in target 'TravelTap' from project 'TravelTap')
    cd /Users/erders/Documents/TravelTap
    

SwiftCompile normal arm64 /Users/erders/Documents/TravelTap/TravelTap/Data/Countries/CentralAmerica/CaymanIslands/Cities/EastEndAttractions.swift (in target 'TravelTap' from project 'TravelTap')
    cd /Users/erders/Documents/TravelTap
    

SwiftCompile normal arm64 /Users/erders/Documents/TravelTap/TravelTap/Data/Countries/CentralAmerica/CaymanIslands/Cities/GeorgeTownAttractions.swift (in target 'TravelTap' from project 'TravelTap')
    cd /Users/erders/Documents/TravelTap
    

SwiftCompile normal arm64 /Users/erders/Documents/TravelTap/TravelTap/Data/Countries/CentralAmerica/CaymanIslands/Cities/LittleCaymanAttractions.swift (in target 'TravelTap' from project 'TravelTap')
    cd /Users/erders/Documents/TravelTap
    

SwiftCompile normal arm64 /Users/erders/Documents/TravelTap/TravelTap/Data/Countries/CentralAmerica/CaymanIslands/Cities/NorthSideAttractions.swift (in target 'TravelTap' from project 'TravelTap')
    cd /Users/erders/Documents/TravelTap
    

SwiftCompile normal arm64 /Users/erders/Documents/TravelTap/TravelTap/Data/Countries/CentralAmerica/CaymanIslands/Cities/WestBayAttractions.swift (in target 'TravelTap' from project 'TravelTap')
    cd /Users/erders/Documents/TravelTap
    

SwiftCompile normal arm64 /Users/erders/Documents/TravelTap/TravelTap/Data/Countries/CentralAmerica/CostaRica/Cities/CartagoAttractions.swift (in target 'TravelTap' from project 'TravelTap')
    cd /Users/erders/Documents/TravelTap
    

SwiftCompile normal arm64 /Users/erders/Documents/TravelTap/TravelTap/Data/Countries/CentralAmerica/CostaRica/Cities/HerediaAttractions.swift (in target 'TravelTap' from project 'TravelTap')
    cd /Users/erders/Documents/TravelTap
    

SwiftCompile normal arm64 /Users/erders/Documents/TravelTap/TravelTap/Data/Countries/CentralAmerica/CostaRica/Cities/LaFortunaAttractions.swift (in target 'TravelTap' from project 'TravelTap')
    cd /Users/erders/Documents/TravelTap
    

SwiftCompile normal arm64 /Users/erders/Documents/TravelTap/TravelTap/Data/Countries/CentralAmerica/CostaRica/Cities/LiberiaAttractions.swift (in target 'TravelTap' from project 'TravelTap')
    cd /Users/erders/Documents/TravelTap
    

SwiftCompile normal arm64 /Users/erders/Documents/TravelTap/TravelTap/Data/Countries/CentralAmerica/CostaRica/Cities/MonteverdeAttractions.swift (in target 'TravelTap' from project 'TravelTap')
    cd /Users/erders/Documents/TravelTap
    

SwiftCompile normal arm64 /Users/erders/Documents/TravelTap/TravelTap/Data/Countries/CentralAmerica/CostaRica/Cities/PuertoJimenezAttractions.swift (in target 'TravelTap' from project 'TravelTap')
    cd /Users/erders/Documents/TravelTap
    

SwiftCompile normal arm64 /Users/erders/Documents/TravelTap/TravelTap/Data/Countries/CentralAmerica/CostaRica/Cities/PuertoViejoAttractions.swift (in target 'TravelTap' from project 'TravelTap')
    cd /Users/erders/Documents/TravelTap
    

SwiftCompile normal arm64 /Users/erders/Documents/TravelTap/TravelTap/Data/Countries/CentralAmerica/CostaRica/Cities/QueposAttractions.swift (in target 'TravelTap' from project 'TravelTap')
    cd /Users/erders/Documents/TravelTap
    

SwiftCompile normal arm64 /Users/erders/Documents/TravelTap/TravelTap/Data/Countries/CentralAmerica/CostaRica/Cities/SanJoseAttractions.swift (in target 'TravelTap' from project 'TravelTap')
    cd /Users/erders/Documents/TravelTap
    

SwiftCompile normal arm64 /Users/erders/Documents/TravelTap/TravelTap/Data/Countries/CentralAmerica/CostaRica/Cities/SantaTeresaAttractions.swift (in target 'TravelTap' from project 'TravelTap')
    cd /Users/erders/Documents/TravelTap
    

SwiftCompile normal arm64 /Users/erders/Documents/TravelTap/TravelTap/Data/Countries/CentralAmerica/CostaRica/Cities/TortugueroAttractions.swift (in target 'TravelTap' from project 'TravelTap')
    cd /Users/erders/Documents/TravelTap
    

SwiftCompile normal arm64 /Users/erders/Documents/TravelTap/TravelTap/Data/Countries/CentralAmerica/CostaRica/CostaRicaPackage.swift (in target 'TravelTap' from project 'TravelTap')
    cd /Users/erders/Documents/TravelTap
    

SwiftCompile normal arm64 /Users/erders/Documents/TravelTap/TravelTap/Data/Countries/CentralAmerica/Cuba/Cities/BaracoaAttractions.swift (in target 'TravelTap' from project 'TravelTap')
    cd /Users/erders/Documents/TravelTap
    

SwiftCompile normal arm64 /Users/erders/Documents/TravelTap/TravelTap/Data/Countries/CentralAmerica/Cuba/Cities/CamagueyAttractions.swift (in target 'TravelTap' from project 'TravelTap')
    cd /Users/erders/Documents/TravelTap
    

SwiftCompile normal arm64 /Users/erders/Documents/TravelTap/TravelTap/Data/Countries/CentralAmerica/Cuba/Cities/CienfuegosAttractions.swift (in target 'TravelTap' from project 'TravelTap')
    cd /Users/erders/Documents/TravelTap
    

SwiftCompile normal arm64 /Users/erders/Documents/TravelTap/TravelTap/Data/Countries/CentralAmerica/Cuba/Cities/HavanaAttractions.swift (in target 'TravelTap' from project 'TravelTap')
    cd /Users/erders/Documents/TravelTap
    

SwiftCompile normal arm64 /Users/erders/Documents/TravelTap/TravelTap/Data/Countries/CentralAmerica/Cuba/Cities/SantiagoDeCubaAttractions.swift (in target 'TravelTap' from project 'TravelTap')
    cd /Users/erders/Documents/TravelTap
    

SwiftDriverJobDiscovery normal arm64 Compiling GuanajaAttractions.swift, LaCeibaAttractions.swift, RoatanAttractions.swift, TegucigalpaAttractions.swift, TelaAttractions.swift, UtilaAttractions.swift, HondurasPackage.swift, BlackRiverAttractions.swift, FalmouthAttractions.swift, JamaicaBlueMountainsAttractions.swift, KingstonAttractions.swift, MontegoBayAttractions.swift, NegrilAttractions.swift, OchoRiosAttractions.swift, PortAntonioAttractions.swift, JamaicaPackage.swift, CornIslandsAttractions.swift, ManaguaAttractions.swift, MasayaAttractions.swift, MatagalpaAttractions.swift, NicaraguaGranadaAttractions.swift, OmetepeAttractions.swift, SanJuanDelSurAttractions.swift, NicaraguaPackage.swift, BocasDelToroAttractions.swift (in target 'TravelTap' from project 'TravelTap')

SwiftCompile normal arm64 Compiling\ EfateAttractions.swift,\ EspirituSantoAttractions.swift,\ PentecostAttractions.swift,\ PortVilaAttractions.swift,\ TannaAttractions.swift,\ VanuatuPackage.swift,\ ArgentinaPackage.swift,\ ArgentinaCordobaAttractions.swift,\ BarilocheAttractions.swift,\ BuenosAiresAttractions.swift,\ ElBolsonAttractions.swift,\ ElCalafateAttractions.swift,\ ElChaltenAttractions.swift,\ IberaWetlandsAttractions.swift,\ JujuyAttractions.swift,\ MarDelPlataAttractions.swift,\ MendozaAttractions.swift,\ PuertoIguazuAttractions.swift,\ PuertoMadrynAttractions.swift,\ RosarioAttractions.swift,\ SaltaCityAttractions.swift,\ SanRafaelAttractions.swift,\ UshuaiaAttractions.swift,\ BoliviaPackage.swift,\ BoliviaSantaCruzAttractions.swift /Users/erders/Documents/TravelTap/TravelTap/Data/Countries/Oceania/Vanuatu/Cities/EfateAttractions.swift /Users/erders/Documents/TravelTap/TravelTap/Data/Countries/Oceania/Vanuatu/Cities/EspirituSantoAttractions.swift /Users/erders/Documents/TravelTap/TravelTap/Data/Countries/Oceania/Vanuatu/Cities/PentecostAttractions.swift /Users/erders/Documents/TravelTap/TravelTap/Data/Countries/Oceania/Vanuatu/Cities/PortVilaAttractions.swift /Users/erders/Documents/TravelTap/TravelTap/Data/Countries/Oceania/Vanuatu/Cities/TannaAttractions.swift /Users/erders/Documents/TravelTap/TravelTap/Data/Countries/Oceania/Vanuatu/VanuatuPackage.swift /Users/erders/Documents/TravelTap/TravelTap/Data/Countries/SouthAmerica/Argentina/ArgentinaPackage.swift /Users/erders/Documents/TravelTap/TravelTap/Data/Countries/SouthAmerica/Argentina/Cities/ArgentinaCordobaAttractions.swift /Users/erders/Documents/TravelTap/TravelTap/Data/Countries/SouthAmerica/Argentina/Cities/BarilocheAttractions.swift /Users/erders/Documents/TravelTap/TravelTap/Data/Countries/SouthAmerica/Argentina/Cities/BuenosAiresAttractions.swift /Users/erders/Documents/TravelTap/TravelTap/Data/Countries/SouthAmerica/Argentina/Cities/ElBolsonAttractions.swift /Users/erders/Documents/TravelTap/TravelTap/Data/Countries/SouthAmerica/Argentina/Cities/ElCalafateAttractions.swift /Users/erders/Documents/TravelTap/TravelTap/Data/Countries/SouthAmerica/Argentina/Cities/ElChaltenAttractions.swift /Users/erders/Documents/TravelTap/TravelTap/Data/Countries/SouthAmerica/Argentina/Cities/IberaWetlandsAttractions.swift /Users/erders/Documents/TravelTap/TravelTap/Data/Countries/SouthAmerica/Argentina/Cities/JujuyAttractions.swift /Users/erders/Documents/TravelTap/TravelTap/Data/Countries/SouthAmerica/Argentina/Cities/MarDelPlataAttractions.swift /Users/erders/Documents/TravelTap/TravelTap/Data/Countries/SouthAmerica/Argentina/Cities/MendozaAttractions.swift /Users/erders/Documents/TravelTap/TravelTap/Data/Countries/SouthAmerica/Argentina/Cities/PuertoIguazuAttractions.swift /Users/erders/Documents/TravelTap/TravelTap/Data/Countries/SouthAmerica/Argentina/Cities/PuertoMadrynAttractions.swift /Users/erders/Documents/TravelTap/TravelTap/Data/Countries/SouthAmerica/Argentina/Cities/RosarioAttractions.swift /Users/erders/Documents/TravelTap/TravelTap/Data/Countries/SouthAmerica/Argentina/Cities/SaltaCityAttractions.swift /Users/erders/Documents/TravelTap/TravelTap/Data/Countries/SouthAmerica/Argentina/Cities/SanRafaelAttractions.swift /Users/erders/Documents/TravelTap/TravelTap/Data/Countries/SouthAmerica/Argentina/Cities/UshuaiaAttractions.swift /Users/erders/Documents/TravelTap/TravelTap/Data/Countries/SouthAmerica/Bolivia/BoliviaPackage.swift /Users/erders/Documents/TravelTap/TravelTap/Data/Countries/SouthAmerica/Bolivia/Cities/BoliviaSantaCruzAttractions.swift (in target 'TravelTap' from project 'TravelTap')

SwiftCompile normal arm64 /Users/erders/Documents/TravelTap/TravelTap/Data/Countries/Oceania/Vanuatu/Cities/EfateAttractions.swift (in target 'TravelTap' from project 'TravelTap')
    cd /Users/erders/Documents/TravelTap
    

SwiftCompile normal arm64 /Users/erders/Documents/TravelTap/TravelTap/Data/Countries/Oceania/Vanuatu/Cities/EspirituSantoAttractions.swift (in target 'TravelTap' from project 'TravelTap')
    cd /Users/erders/Documents/TravelTap
    

SwiftCompile normal arm64 /Users/erders/Documents/TravelTap/TravelTap/Data/Countries/Oceania/Vanuatu/Cities/PentecostAttractions.swift (in target 'TravelTap' from project 'TravelTap')
    cd /Users/erders/Documents/TravelTap
    

SwiftCompile normal arm64 /Users/erders/Documents/TravelTap/TravelTap/Data/Countries/Oceania/Vanuatu/Cities/PortVilaAttractions.swift (in target 'TravelTap' from project 'TravelTap')
    cd /Users/erders/Documents/TravelTap
    

SwiftCompile normal arm64 /Users/erders/Documents/TravelTap/TravelTap/Data/Countries/Oceania/Vanuatu/Cities/TannaAttractions.swift (in target 'TravelTap' from project 'TravelTap')
    cd /Users/erders/Documents/TravelTap
    

SwiftCompile normal arm64 /Users/erders/Documents/TravelTap/TravelTap/Data/Countries/Oceania/Vanuatu/VanuatuPackage.swift (in target 'TravelTap' from project 'TravelTap')
    cd /Users/erders/Documents/TravelTap
    

SwiftCompile normal arm64 /Users/erders/Documents/TravelTap/TravelTap/Data/Countries/SouthAmerica/Argentina/ArgentinaPackage.swift (in target 'TravelTap' from project 'TravelTap')
    cd /Users/erders/Documents/TravelTap
    

SwiftCompile normal arm64 /Users/erders/Documents/TravelTap/TravelTap/Data/Countries/SouthAmerica/Argentina/Cities/ArgentinaCordobaAttractions.swift (in target 'TravelTap' from project 'TravelTap')
    cd /Users/erders/Documents/TravelTap
    

SwiftCompile normal arm64 /Users/erders/Documents/TravelTap/TravelTap/Data/Countries/SouthAmerica/Argentina/Cities/BarilocheAttractions.swift (in target 'TravelTap' from project 'TravelTap')
    cd /Users/erders/Documents/TravelTap
    

SwiftCompile normal arm64 /Users/erders/Documents/TravelTap/TravelTap/Data/Countries/SouthAmerica/Argentina/Cities/BuenosAiresAttractions.swift (in target 'TravelTap' from project 'TravelTap')
    cd /Users/erders/Documents/TravelTap
    

SwiftCompile normal arm64 /Users/erders/Documents/TravelTap/TravelTap/Data/Countries/SouthAmerica/Argentina/Cities/ElBolsonAttractions.swift (in target 'TravelTap' from project 'TravelTap')
    cd /Users/erders/Documents/TravelTap
    

SwiftCompile normal arm64 /Users/erders/Documents/TravelTap/TravelTap/Data/Countries/SouthAmerica/Argentina/Cities/ElCalafateAttractions.swift (in target 'TravelTap' from project 'TravelTap')
    cd /Users/erders/Documents/TravelTap
    

SwiftCompile normal arm64 /Users/erders/Documents/TravelTap/TravelTap/Data/Countries/SouthAmerica/Argentina/Cities/ElChaltenAttractions.swift (in target 'TravelTap' from project 'TravelTap')
    cd /Users/erders/Documents/TravelTap
    

SwiftCompile normal arm64 /Users/erders/Documents/TravelTap/TravelTap/Data/Countries/SouthAmerica/Argentina/Cities/IberaWetlandsAttractions.swift (in target 'TravelTap' from project 'TravelTap')
    cd /Users/erders/Documents/TravelTap
    

SwiftCompile normal arm64 /Users/erders/Documents/TravelTap/TravelTap/Data/Countries/SouthAmerica/Argentina/Cities/JujuyAttractions.swift (in target 'TravelTap' from project 'TravelTap')
    cd /Users/erders/Documents/TravelTap
    

SwiftCompile normal arm64 /Users/erders/Documents/TravelTap/TravelTap/Data/Countries/SouthAmerica/Argentina/Cities/MarDelPlataAttractions.swift (in target 'TravelTap' from project 'TravelTap')
    cd /Users/erders/Documents/TravelTap
    

SwiftCompile normal arm64 /Users/erders/Documents/TravelTap/TravelTap/Data/Countries/SouthAmerica/Argentina/Cities/MendozaAttractions.swift (in target 'TravelTap' from project 'TravelTap')
    cd /Users/erders/Documents/TravelTap
    

SwiftCompile normal arm64 /Users/erders/Documents/TravelTap/TravelTap/Data/Countries/SouthAmerica/Argentina/Cities/PuertoIguazuAttractions.swift (in target 'TravelTap' from project 'TravelTap')
    cd /Users/erders/Documents/TravelTap
    

SwiftCompile normal arm64 /Users/erders/Documents/TravelTap/TravelTap/Data/Countries/SouthAmerica/Argentina/Cities/PuertoMadrynAttractions.swift (in target 'TravelTap' from project 'TravelTap')
    cd /Users/erders/Documents/TravelTap
    

SwiftCompile normal arm64 /Users/erders/Documents/TravelTap/TravelTap/Data/Countries/SouthAmerica/Argentina/Cities/RosarioAttractions.swift (in target 'TravelTap' from project 'TravelTap')
    cd /Users/erders/Documents/TravelTap
    

SwiftCompile normal arm64 /Users/erders/Documents/TravelTap/TravelTap/Data/Countries/SouthAmerica/Argentina/Cities/SaltaCityAttractions.swift (in target 'TravelTap' from project 'TravelTap')
    cd /Users/erders/Documents/TravelTap
    

SwiftCompile normal arm64 /Users/erders/Documents/TravelTap/TravelTap/Data/Countries/SouthAmerica/Argentina/Cities/SanRafaelAttractions.swift (in target 'TravelTap' from project 'TravelTap')
    cd /Users/erders/Documents/TravelTap
    

SwiftCompile normal arm64 /Users/erders/Documents/TravelTap/TravelTap/Data/Countries/SouthAmerica/Argentina/Cities/UshuaiaAttractions.swift (in target 'TravelTap' from project 'TravelTap')
    cd /Users/erders/Documents/TravelTap
    

SwiftCompile normal arm64 /Users/erders/Documents/TravelTap/TravelTap/Data/Countries/SouthAmerica/Bolivia/BoliviaPackage.swift (in target 'TravelTap' from project 'TravelTap')
    cd /Users/erders/Documents/TravelTap
    

SwiftCompile normal arm64 /Users/erders/Documents/TravelTap/TravelTap/Data/Countries/SouthAmerica/Bolivia/Cities/BoliviaSantaCruzAttractions.swift (in target 'TravelTap' from project 'TravelTap')
    cd /Users/erders/Documents/TravelTap
    

SwiftDriverJobDiscovery normal arm64 Compiling AvignonAttractions.swift, BrightonAttractions.swift, PeakDistrictAttractions.swift, DurhamAttractions.swift, PortsmouthAttractions.swift, StratfordUponAvonAttractions.swift, BristolAttractions.swift, PlymouthAttractions.swift, NorwichAttractions.swift, ExeterAttractions.swift, BathAttractions.swift, LakeDistrictAttractions.swift, WinchesterAttractions.swift, CoventryAttractions.swift, LincolnAttractions.swift, NorthYorkshireAttractions.swift, SheffieldAttractions.swift, SalisburyAttractions.swift, CornwallAttractions.swift, YorkAttractions.swift, NewcastleAttractions.swift, DevonAttractions.swift, LeicesterAttractions.swift, CanterburyAttractions.swift, ChesterAttractions.swift (in target 'TravelTap' from project 'TravelTap')

SwiftCompile normal arm64 Compiling\ VeniceAttractions.swift,\ VeronaAttractions.swift,\ ItalyPackage.swift,\ GjakovaAttractions.swift,\ PejaAttractions.swift,\ PristinaAttractions.swift,\ PrizrenAttractions.swift,\ KosovoPackage.swift,\ CesisAttractions.swift,\ JurmalaAttractions.swift,\ RigaAttractions.swift,\ SiguldaAttractions.swift,\ LatviaPackage.swift,\ BalzersAttractions.swift,\ MalbunAttractions.swift,\ VaduzAttractions.swift,\ LiechtensteinPackage.swift,\ KaunasAttractions.swift,\ KlaipedaAttractions.swift,\ SiauliaiAttractions.swift,\ TrakaiAttractions.swift,\ VilniusAttractions.swift,\ LithuaniaPackage.swift,\ EchternachAttractions.swift,\ LuxembourgCityAttractions.swift /Users/erders/Documents/TravelTap/TravelTap/Data/Countries/Europe/Italy/Cities/VeniceAttractions.swift /Users/erders/Documents/TravelTap/TravelTap/Data/Countries/Europe/Italy/Cities/VeronaAttractions.swift /Users/erders/Documents/TravelTap/TravelTap/Data/Countries/Europe/Italy/ItalyPackage.swift /Users/erders/Documents/TravelTap/TravelTap/Data/Countries/Europe/Kosovo/Cities/GjakovaAttractions.swift /Users/erders/Documents/TravelTap/TravelTap/Data/Countries/Europe/Kosovo/Cities/PejaAttractions.swift /Users/erders/Documents/TravelTap/TravelTap/Data/Countries/Europe/Kosovo/Cities/PristinaAttractions.swift /Users/erders/Documents/TravelTap/TravelTap/Data/Countries/Europe/Kosovo/Cities/PrizrenAttractions.swift /Users/erders/Documents/TravelTap/TravelTap/Data/Countries/Europe/Kosovo/KosovoPackage.swift /Users/erders/Documents/TravelTap/TravelTap/Data/Countries/Europe/Latvia/Cities/CesisAttractions.swift /Users/erders/Documents/TravelTap/TravelTap/Data/Countries/Europe/Latvia/Cities/JurmalaAttractions.swift /Users/erders/Documents/TravelTap/TravelTap/Data/Countries/Europe/Latvia/Cities/RigaAttractions.swift /Users/erders/Documents/TravelTap/TravelTap/Data/Countries/Europe/Latvia/Cities/SiguldaAttractions.swift /Users/erders/Documents/TravelTap/TravelTap/Data/Countries/Europe/Latvia/LatviaPackage.swift /Users/erders/Documents/TravelTap/TravelTap/Data/Countries/Europe/Liechtenstein/Cities/BalzersAttractions.swift /Users/erders/Documents/TravelTap/TravelTap/Data/Countries/Europe/Liechtenstein/Cities/MalbunAttractions.swift /Users/erders/Documents/TravelTap/TravelTap/Data/Countries/Europe/Liechtenstein/Cities/VaduzAttractions.swift /Users/erders/Documents/TravelTap/TravelTap/Data/Countries/Europe/Liechtenstein/LiechtensteinPackage.swift /Users/erders/Documents/TravelTap/TravelTap/Data/Countries/Europe/Lithuania/Cities/KaunasAttractions.swift /Users/erders/Documents/TravelTap/TravelTap/Data/Countries/Europe/Lithuania/Cities/KlaipedaAttractions.swift /Users/erders/Documents/TravelTap/TravelTap/Data/Countries/Europe/Lithuania/Cities/SiauliaiAttractions.swift /Users/erders/Documents/TravelTap/TravelTap/Data/Countries/Europe/Lithuania/Cities/TrakaiAttractions.swift /Users/erders/Documents/TravelTap/TravelTap/Data/Countries/Europe/Lithuania/Cities/VilniusAttractions.swift /Users/erders/Documents/TravelTap/TravelTap/Data/Countries/Europe/Lithuania/LithuaniaPackage.swift /Users/erders/Documents/TravelTap/TravelTap/Data/Countries/Europe/Luxembourg/Cities/EchternachAttractions.swift /Users/erders/Documents/TravelTap/TravelTap/Data/Countries/Europe/Luxembourg/Cities/LuxembourgCityAttractions.swift (in target 'TravelTap' from project 'TravelTap')

SwiftCompile normal arm64 /Users/erders/Documents/TravelTap/TravelTap/Data/Countries/Europe/Italy/Cities/VeniceAttractions.swift (in target 'TravelTap' from project 'TravelTap')
    cd /Users/erders/Documents/TravelTap
    

SwiftCompile normal arm64 /Users/erders/Documents/TravelTap/TravelTap/Data/Countries/Europe/Italy/Cities/VeronaAttractions.swift (in target 'TravelTap' from project 'TravelTap')
    cd /Users/erders/Documents/TravelTap
    

SwiftCompile normal arm64 /Users/erders/Documents/TravelTap/TravelTap/Data/Countries/Europe/Italy/ItalyPackage.swift (in target 'TravelTap' from project 'TravelTap')
    cd /Users/erders/Documents/TravelTap
    

SwiftCompile normal arm64 /Users/erders/Documents/TravelTap/TravelTap/Data/Countries/Europe/Kosovo/Cities/GjakovaAttractions.swift (in target 'TravelTap' from project 'TravelTap')
    cd /Users/erders/Documents/TravelTap
    

SwiftCompile normal arm64 /Users/erders/Documents/TravelTap/TravelTap/Data/Countries/Europe/Kosovo/Cities/PejaAttractions.swift (in target 'TravelTap' from project 'TravelTap')
    cd /Users/erders/Documents/TravelTap
    

SwiftCompile normal arm64 /Users/erders/Documents/TravelTap/TravelTap/Data/Countries/Europe/Kosovo/Cities/PristinaAttractions.swift (in target 'TravelTap' from project 'TravelTap')
    cd /Users/erders/Documents/TravelTap
    

SwiftCompile normal arm64 /Users/erders/Documents/TravelTap/TravelTap/Data/Countries/Europe/Kosovo/Cities/PrizrenAttractions.swift (in target 'TravelTap' from project 'TravelTap')
    cd /Users/erders/Documents/TravelTap
    

SwiftCompile normal arm64 /Users/erders/Documents/TravelTap/TravelTap/Data/Countries/Europe/Kosovo/KosovoPackage.swift (in target 'TravelTap' from project 'TravelTap')
    cd /Users/erders/Documents/TravelTap
    

SwiftCompile normal arm64 /Users/erders/Documents/TravelTap/TravelTap/Data/Countries/Europe/Latvia/Cities/CesisAttractions.swift (in target 'TravelTap' from project 'TravelTap')
    cd /Users/erders/Documents/TravelTap
    

SwiftCompile normal arm64 /Users/erders/Documents/TravelTap/TravelTap/Data/Countries/Europe/Latvia/Cities/JurmalaAttractions.swift (in target 'TravelTap' from project 'TravelTap')
    cd /Users/erders/Documents/TravelTap
    

SwiftCompile normal arm64 /Users/erders/Documents/TravelTap/TravelTap/Data/Countries/Europe/Latvia/Cities/RigaAttractions.swift (in target 'TravelTap' from project 'TravelTap')
    cd /Users/erders/Documents/TravelTap
    

SwiftCompile normal arm64 /Users/erders/Documents/TravelTap/TravelTap/Data/Countries/Europe/Latvia/Cities/SiguldaAttractions.swift (in target 'TravelTap' from project 'TravelTap')
    cd /Users/erders/Documents/TravelTap
    

SwiftCompile normal arm64 /Users/erders/Documents/TravelTap/TravelTap/Data/Countries/Europe/Latvia/LatviaPackage.swift (in target 'TravelTap' from project 'TravelTap')
    cd /Users/erders/Documents/TravelTap
    

SwiftCompile normal arm64 /Users/erders/Documents/TravelTap/TravelTap/Data/Countries/Europe/Liechtenstein/Cities/BalzersAttractions.swift (in target 'TravelTap' from project 'TravelTap')
    cd /Users/erders/Documents/TravelTap
    

SwiftCompile normal arm64 /Users/erders/Documents/TravelTap/TravelTap/Data/Countries/Europe/Liechtenstein/Cities/MalbunAttractions.swift (in target 'TravelTap' from project 'TravelTap')
    cd /Users/erders/Documents/TravelTap
    

SwiftCompile normal arm64 /Users/erders/Documents/TravelTap/TravelTap/Data/Countries/Europe/Liechtenstein/Cities/VaduzAttractions.swift (in target 'TravelTap' from project 'TravelTap')
    cd /Users/erders/Documents/TravelTap
    

SwiftCompile normal arm64 /Users/erders/Documents/TravelTap/TravelTap/Data/Countries/Europe/Liechtenstein/LiechtensteinPackage.swift (in target 'TravelTap' from project 'TravelTap')
    cd /Users/erders/Documents/TravelTap
    

SwiftCompile normal arm64 /Users/erders/Documents/TravelTap/TravelTap/Data/Countries/Europe/Lithuania/Cities/KaunasAttractions.swift (in target 'TravelTap' from project 'TravelTap')
    cd /Users/erders/Documents/TravelTap
    

SwiftCompile normal arm64 /Users/erders/Documents/TravelTap/TravelTap/Data/Countries/Europe/Lithuania/Cities/KlaipedaAttractions.swift (in target 'TravelTap' from project 'TravelTap')
    cd /Users/erders/Documents/TravelTap
    

SwiftCompile normal arm64 /Users/erders/Documents/TravelTap/TravelTap/Data/Countries/Europe/Lithuania/Cities/SiauliaiAttractions.swift (in target 'TravelTap' from project 'TravelTap')
    cd /Users/erders/Documents/TravelTap
    

SwiftCompile normal arm64 /Users/erders/Documents/TravelTap/TravelTap/Data/Countries/Europe/Lithuania/Cities/TrakaiAttractions.swift (in target 'TravelTap' from project 'TravelTap')
    cd /Users/erders/Documents/TravelTap
    

SwiftCompile normal arm64 /Users/erders/Documents/TravelTap/TravelTap/Data/Countries/Europe/Lithuania/Cities/VilniusAttractions.swift (in target 'TravelTap' from project 'TravelTap')
    cd /Users/erders/Documents/TravelTap
    

SwiftCompile normal arm64 /Users/erders/Documents/TravelTap/TravelTap/Data/Countries/Europe/Lithuania/LithuaniaPackage.swift (in target 'TravelTap' from project 'TravelTap')
    cd /Users/erders/Documents/TravelTap
    

SwiftCompile normal arm64 /Users/erders/Documents/TravelTap/TravelTap/Data/Countries/Europe/Luxembourg/Cities/EchternachAttractions.swift (in target 'TravelTap' from project 'TravelTap')
    cd /Users/erders/Documents/TravelTap
    

SwiftCompile normal arm64 /Users/erders/Documents/TravelTap/TravelTap/Data/Countries/Europe/Luxembourg/Cities/LuxembourgCityAttractions.swift (in target 'TravelTap' from project 'TravelTap')
    cd /Users/erders/Documents/TravelTap
    

SwiftDriverJobDiscovery normal arm64 Compiling TrinidadAttractions.swift, VaraderoAttractions.swift, ViñalesAttractions.swift, CubaPackage.swift, BandaAbouAttractions.swift, BandaAribaAttractions.swift, SantaMarthaAttractions.swift, SintWillibrordusAttractions.swift, SotoAttractions.swift, SpanishWaterAttractions.swift, WestpuntAttractions.swift, WillemstadAttractions.swift, CuracaoPackage.swift, CabareteAttractions.swift, JarabacoaAttractions.swift, LaRomanaAttractions.swift, PuertoPlataAttractions.swift, PuntaCanaAttractions.swift, SamanaAttractions.swift, SantoDomingoAttractions.swift, SosuaAttractions.swift, DominicanRepublicPackage.swift, LaLibertadAttractions.swift, RutaDeLasFloresAttractions.swift, SanMiguelESAttractions.swift (in target 'TravelTap' from project 'TravelTap')

SwiftCompile normal arm64 Compiling\ VelikyNovgorodAttractions.swift,\ PskovAttractions.swift,\ KizhiIslandAttractions.swift,\ VyborgAttractions.swift,\ VologdaAttractions.swift,\ ArkhangelskAttractions.swift,\ MurmanskAttractions.swift,\ KaliningradAttractions.swift,\ YekaterinburgAttractions.swift,\ PermAttractions.swift,\ LakeBaikalAttractions.swift,\ VladivostokAttractions.swift,\ KamchatkaAttractions.swift,\ KrasnodarRegionAttractions.swift,\ SanMarinoCityAttractions.swift,\ SanMarinoPackage.swift,\ EdinburghAttractions.swift,\ GlasgowAttractions.swift,\ InvernessAttractions.swift,\ StAndrewsAttractions.swift,\ ScotlandPackage.swift,\ BelgradeAttractions.swift,\ NisAttractions.swift,\ NoviSadAttractions.swift,\ SuboticaAttractions.swift /Users/erders/Documents/TravelTap/TravelTap/Data/Countries/Europe/Russia/Cities/VelikyNovgorodAttractions.swift /Users/erders/Documents/TravelTap/TravelTap/Data/Countries/Europe/Russia/Cities/PskovAttractions.swift /Users/erders/Documents/TravelTap/TravelTap/Data/Countries/Europe/Russia/Cities/KizhiIslandAttractions.swift /Users/erders/Documents/TravelTap/TravelTap/Data/Countries/Europe/Russia/Cities/VyborgAttractions.swift /Users/erders/Documents/TravelTap/TravelTap/Data/Countries/Europe/Russia/Cities/VologdaAttractions.swift /Users/erders/Documents/TravelTap/TravelTap/Data/Countries/Europe/Russia/Cities/ArkhangelskAttractions.swift /Users/erders/Documents/TravelTap/TravelTap/Data/Countries/Europe/Russia/Cities/MurmanskAttractions.swift /Users/erders/Documents/TravelTap/TravelTap/Data/Countries/Europe/Russia/Cities/KaliningradAttractions.swift /Users/erders/Documents/TravelTap/TravelTap/Data/Countries/Europe/Russia/Cities/YekaterinburgAttractions.swift /Users/erders/Documents/TravelTap/TravelTap/Data/Countries/Europe/Russia/Cities/PermAttractions.swift /Users/erders/Documents/TravelTap/TravelTap/Data/Countries/Europe/Russia/Cities/LakeBaikalAttractions.swift /Users/erders/Documents/TravelTap/TravelTap/Data/Countries/Europe/Russia/Cities/VladivostokAttractions.swift /Users/erders/Documents/TravelTap/TravelTap/Data/Countries/Europe/Russia/Cities/KamchatkaAttractions.swift /Users/erders/Documents/TravelTap/TravelTap/Data/Countries/Europe/Russia/Cities/KrasnodarRegionAttractions.swift /Users/erders/Documents/TravelTap/TravelTap/Data/Countries/Europe/SanMarino/Cities/SanMarinoCityAttractions.swift /Users/erders/Documents/TravelTap/TravelTap/Data/Countries/Europe/SanMarino/SanMarinoPackage.swift /Users/erders/Documents/TravelTap/TravelTap/Data/Countries/Europe/Scotland/Cities/EdinburghAttractions.swift /Users/erders/Documents/TravelTap/TravelTap/Data/Countries/Europe/Scotland/Cities/GlasgowAttractions.swift /Users/erders/Documents/TravelTap/TravelTap/Data/Countries/Europe/Scotland/Cities/InvernessAttractions.swift /Users/erders/Documents/TravelTap/TravelTap/Data/Countries/Europe/Scotland/Cities/StAndrewsAttractions.swift /Users/erders/Documents/TravelTap/TravelTap/Data/Countries/Europe/Scotland/ScotlandPackage.swift /Users/erders/Documents/TravelTap/TravelTap/Data/Countries/Europe/Serbia/Cities/BelgradeAttractions.swift /Users/erders/Documents/TravelTap/TravelTap/Data/Countries/Europe/Serbia/Cities/NisAttractions.swift /Users/erders/Documents/TravelTap/TravelTap/Data/Countries/Europe/Serbia/Cities/NoviSadAttractions.swift /Users/erders/Documents/TravelTap/TravelTap/Data/Countries/Europe/Serbia/Cities/SuboticaAttractions.swift (in target 'TravelTap' from project 'TravelTap')

SwiftCompile normal arm64 /Users/erders/Documents/TravelTap/TravelTap/Data/Countries/Europe/Russia/Cities/VelikyNovgorodAttractions.swift (in target 'TravelTap' from project 'TravelTap')
    cd /Users/erders/Documents/TravelTap
    

SwiftCompile normal arm64 /Users/erders/Documents/TravelTap/TravelTap/Data/Countries/Europe/Russia/Cities/PskovAttractions.swift (in target 'TravelTap' from project 'TravelTap')
    cd /Users/erders/Documents/TravelTap
    

SwiftCompile normal arm64 /Users/erders/Documents/TravelTap/TravelTap/Data/Countries/Europe/Russia/Cities/KizhiIslandAttractions.swift (in target 'TravelTap' from project 'TravelTap')
    cd /Users/erders/Documents/TravelTap
    

SwiftCompile normal arm64 /Users/erders/Documents/TravelTap/TravelTap/Data/Countries/Europe/Russia/Cities/VyborgAttractions.swift (in target 'TravelTap' from project 'TravelTap')
    cd /Users/erders/Documents/TravelTap
    

SwiftCompile normal arm64 /Users/erders/Documents/TravelTap/TravelTap/Data/Countries/Europe/Russia/Cities/VologdaAttractions.swift (in target 'TravelTap' from project 'TravelTap')
    cd /Users/erders/Documents/TravelTap
    

SwiftCompile normal arm64 /Users/erders/Documents/TravelTap/TravelTap/Data/Countries/Europe/Russia/Cities/ArkhangelskAttractions.swift (in target 'TravelTap' from project 'TravelTap')
    cd /Users/erders/Documents/TravelTap
    

SwiftCompile normal arm64 /Users/erders/Documents/TravelTap/TravelTap/Data/Countries/Europe/Russia/Cities/MurmanskAttractions.swift (in target 'TravelTap' from project 'TravelTap')
    cd /Users/erders/Documents/TravelTap
    

SwiftCompile normal arm64 /Users/erders/Documents/TravelTap/TravelTap/Data/Countries/Europe/Russia/Cities/KaliningradAttractions.swift (in target 'TravelTap' from project 'TravelTap')
    cd /Users/erders/Documents/TravelTap
    

SwiftCompile normal arm64 /Users/erders/Documents/TravelTap/TravelTap/Data/Countries/Europe/Russia/Cities/YekaterinburgAttractions.swift (in target 'TravelTap' from project 'TravelTap')
    cd /Users/erders/Documents/TravelTap
    

SwiftCompile normal arm64 /Users/erders/Documents/TravelTap/TravelTap/Data/Countries/Europe/Russia/Cities/PermAttractions.swift (in target 'TravelTap' from project 'TravelTap')
    cd /Users/erders/Documents/TravelTap
    

SwiftCompile normal arm64 /Users/erders/Documents/TravelTap/TravelTap/Data/Countries/Europe/Russia/Cities/LakeBaikalAttractions.swift (in target 'TravelTap' from project 'TravelTap')
    cd /Users/erders/Documents/TravelTap
    

SwiftCompile normal arm64 /Users/erders/Documents/TravelTap/TravelTap/Data/Countries/Europe/Russia/Cities/VladivostokAttractions.swift (in target 'TravelTap' from project 'TravelTap')
    cd /Users/erders/Documents/TravelTap
    

SwiftCompile normal arm64 /Users/erders/Documents/TravelTap/TravelTap/Data/Countries/Europe/Russia/Cities/KamchatkaAttractions.swift (in target 'TravelTap' from project 'TravelTap')
    cd /Users/erders/Documents/TravelTap
    

SwiftCompile normal arm64 /Users/erders/Documents/TravelTap/TravelTap/Data/Countries/Europe/Russia/Cities/KrasnodarRegionAttractions.swift (in target 'TravelTap' from project 'TravelTap')
    cd /Users/erders/Documents/TravelTap
    

SwiftCompile normal arm64 /Users/erders/Documents/TravelTap/TravelTap/Data/Countries/Europe/SanMarino/Cities/SanMarinoCityAttractions.swift (in target 'TravelTap' from project 'TravelTap')
    cd /Users/erders/Documents/TravelTap
    

SwiftCompile normal arm64 /Users/erders/Documents/TravelTap/TravelTap/Data/Countries/Europe/SanMarino/SanMarinoPackage.swift (in target 'TravelTap' from project 'TravelTap')
    cd /Users/erders/Documents/TravelTap
    

SwiftCompile normal arm64 /Users/erders/Documents/TravelTap/TravelTap/Data/Countries/Europe/Scotland/Cities/EdinburghAttractions.swift (in target 'TravelTap' from project 'TravelTap')
    cd /Users/erders/Documents/TravelTap
    

SwiftCompile normal arm64 /Users/erders/Documents/TravelTap/TravelTap/Data/Countries/Europe/Scotland/Cities/GlasgowAttractions.swift (in target 'TravelTap' from project 'TravelTap')
    cd /Users/erders/Documents/TravelTap
    

SwiftCompile normal arm64 /Users/erders/Documents/TravelTap/TravelTap/Data/Countries/Europe/Scotland/Cities/InvernessAttractions.swift (in target 'TravelTap' from project 'TravelTap')
    cd /Users/erders/Documents/TravelTap
    

SwiftCompile normal arm64 /Users/erders/Documents/TravelTap/TravelTap/Data/Countries/Europe/Scotland/Cities/StAndrewsAttractions.swift (in target 'TravelTap' from project 'TravelTap')
    cd /Users/erders/Documents/TravelTap
    

SwiftCompile normal arm64 /Users/erders/Documents/TravelTap/TravelTap/Data/Countries/Europe/Scotland/ScotlandPackage.swift (in target 'TravelTap' from project 'TravelTap')
    cd /Users/erders/Documents/TravelTap
    

SwiftCompile normal arm64 /Users/erders/Documents/TravelTap/TravelTap/Data/Countries/Europe/Serbia/Cities/BelgradeAttractions.swift (in target 'TravelTap' from project 'TravelTap')
    cd /Users/erders/Documents/TravelTap
    

SwiftCompile normal arm64 /Users/erders/Documents/TravelTap/TravelTap/Data/Countries/Europe/Serbia/Cities/NisAttractions.swift (in target 'TravelTap' from project 'TravelTap')
    cd /Users/erders/Documents/TravelTap
    

SwiftCompile normal arm64 /Users/erders/Documents/TravelTap/TravelTap/Data/Countries/Europe/Serbia/Cities/NoviSadAttractions.swift (in target 'TravelTap' from project 'TravelTap')
    cd /Users/erders/Documents/TravelTap
    

SwiftCompile normal arm64 /Users/erders/Documents/TravelTap/TravelTap/Data/Countries/Europe/Serbia/Cities/SuboticaAttractions.swift (in target 'TravelTap' from project 'TravelTap')
    cd /Users/erders/Documents/TravelTap
    

SwiftDriverJobDiscovery normal arm64 Compiling NazcaAttractions.swift, ParacasAttractions.swift, PuertoMaldonadoAmazonAttractions.swift, SacredValleyAttractions.swift, TrujilloAttractions.swift, PeruPackage.swift, AlbinaAttractions.swift, BrokopondoAttractions.swift, BrownsbergAttractions.swift, CentralSurinameAttractions.swift, CommewijneAttractions.swift, GalibiAttractions.swift, KabaleboAttractions.swift, NieuwNickerieAttractions.swift, ParamariboAttractions.swift, SipaliwiniAttractions.swift, UpperSurinameAttractions.swift, WiaWiaAttractions.swift, SurinamePackage.swift, CaboPolonioAttractions.swift, CarmeloAttractions.swift, ColoniaAttractions.swift, JoseIgnacioAttractions.swift, MaldonadoAttractions.swift, MercedesAttractions.swift (in target 'TravelTap' from project 'TravelTap')

SwiftCompile normal arm64 Compiling\ JerashAttractions.swift,\ IrbidAttractions.swift,\ KarakAttractions.swift,\ AzraqAttractions.swift,\ MadabaAttractions.swift,\ SaltAttractions.swift,\ DanaAttractions.swift,\ ShobakAttractions.swift,\ NorthernAreasAttractions.swift,\ TaxilaAttractions.swift,\ QuettaAttractions.swift,\ PeshawarAttractions.swift,\ MultanAttractions.swift,\ HistoricalSitesAttractions.swift,\ GilgitBaltistanAttractions.swift,\ AzadKashmirAttractions.swift,\ FaisalabadAttractions.swift,\ GwadarAttractions.swift,\ PenghuAttractions.swift,\ TaitungAttractions.swift,\ OffshoreIslandsAttractions.swift,\ KentingAttractions.swift,\ NewTaipeiAttractions.swift,\ ChiayiAttractions.swift,\ YilanAttractions.swift /Users/erders/Documents/TravelTap/TravelTap/Data/Countries/Asia/MiddleEast/Jordan/Cities/JerashAttractions.swift /Users/erders/Documents/TravelTap/TravelTap/Data/Countries/Asia/MiddleEast/Jordan/Cities/IrbidAttractions.swift /Users/erders/Documents/TravelTap/TravelTap/Data/Countries/Asia/MiddleEast/Jordan/Cities/KarakAttractions.swift /Users/erders/Documents/TravelTap/TravelTap/Data/Countries/Asia/MiddleEast/Jordan/Cities/AzraqAttractions.swift /Users/erders/Documents/TravelTap/TravelTap/Data/Countries/Asia/MiddleEast/Jordan/Cities/MadabaAttractions.swift /Users/erders/Documents/TravelTap/TravelTap/Data/Countries/Asia/MiddleEast/Jordan/Cities/SaltAttractions.swift /Users/erders/Documents/TravelTap/TravelTap/Data/Countries/Asia/MiddleEast/Jordan/Cities/DanaAttractions.swift /Users/erders/Documents/TravelTap/TravelTap/Data/Countries/Asia/MiddleEast/Jordan/Cities/ShobakAttractions.swift /Users/erders/Documents/TravelTap/TravelTap/Data/Countries/Asia/SouthAsia/Pakistan/Cities/NorthernAreasAttractions.swift /Users/erders/Documents/TravelTap/TravelTap/Data/Countries/Asia/SouthAsia/Pakistan/Cities/TaxilaAttractions.swift /Users/erders/Documents/TravelTap/TravelTap/Data/Countries/Asia/SouthAsia/Pakistan/Cities/QuettaAttractions.swift /Users/erders/Documents/TravelTap/TravelTap/Data/Countries/Asia/SouthAsia/Pakistan/Cities/PeshawarAttractions.swift /Users/erders/Documents/TravelTap/TravelTap/Data/Countries/Asia/SouthAsia/Pakistan/Cities/MultanAttractions.swift /Users/erders/Documents/TravelTap/TravelTap/Data/Countries/Asia/SouthAsia/Pakistan/Cities/HistoricalSitesAttractions.swift /Users/erders/Documents/TravelTap/TravelTap/Data/Countries/Asia/SouthAsia/Pakistan/Cities/GilgitBaltistanAttractions.swift /Users/erders/Documents/TravelTap/TravelTap/Data/Countries/Asia/SouthAsia/Pakistan/Cities/AzadKashmirAttractions.swift /Users/erders/Documents/TravelTap/TravelTap/Data/Countries/Asia/SouthAsia/Pakistan/Cities/FaisalabadAttractions.swift /Users/erders/Documents/TravelTap/TravelTap/Data/Countries/Asia/SouthAsia/Pakistan/Cities/GwadarAttractions.swift /Users/erders/Documents/TravelTap/TravelTap/Data/Countries/Asia/EastAsia/Taiwan/Cities/PenghuAttractions.swift /Users/erders/Documents/TravelTap/TravelTap/Data/Countries/Asia/EastAsia/Taiwan/Cities/TaitungAttractions.swift /Users/erders/Documents/TravelTap/TravelTap/Data/Countries/Asia/EastAsia/Taiwan/Cities/OffshoreIslandsAttractions.swift /Users/erders/Documents/TravelTap/TravelTap/Data/Countries/Asia/EastAsia/Taiwan/Cities/KentingAttractions.swift /Users/erders/Documents/TravelTap/TravelTap/Data/Countries/Asia/EastAsia/Taiwan/Cities/NewTaipeiAttractions.swift /Users/erders/Documents/TravelTap/TravelTap/Data/Countries/Asia/EastAsia/Taiwan/Cities/ChiayiAttractions.swift /Users/erders/Documents/TravelTap/TravelTap/Data/Countries/Asia/EastAsia/Taiwan/Cities/YilanAttractions.swift (in target 'TravelTap' from project 'TravelTap')

SwiftCompile normal arm64 /Users/erders/Documents/TravelTap/TravelTap/Data/Countries/Asia/MiddleEast/Jordan/Cities/JerashAttractions.swift (in target 'TravelTap' from project 'TravelTap')
    cd /Users/erders/Documents/TravelTap
    

SwiftCompile normal arm64 /Users/erders/Documents/TravelTap/TravelTap/Data/Countries/Asia/MiddleEast/Jordan/Cities/IrbidAttractions.swift (in target 'TravelTap' from project 'TravelTap')
    cd /Users/erders/Documents/TravelTap
    

SwiftCompile normal arm64 /Users/erders/Documents/TravelTap/TravelTap/Data/Countries/Asia/MiddleEast/Jordan/Cities/KarakAttractions.swift (in target 'TravelTap' from project 'TravelTap')
    cd /Users/erders/Documents/TravelTap
    

SwiftCompile normal arm64 /Users/erders/Documents/TravelTap/TravelTap/Data/Countries/Asia/MiddleEast/Jordan/Cities/AzraqAttractions.swift (in target 'TravelTap' from project 'TravelTap')
    cd /Users/erders/Documents/TravelTap
    

SwiftCompile normal arm64 /Users/erders/Documents/TravelTap/TravelTap/Data/Countries/Asia/MiddleEast/Jordan/Cities/MadabaAttractions.swift (in target 'TravelTap' from project 'TravelTap')
    cd /Users/erders/Documents/TravelTap
    

SwiftCompile normal arm64 /Users/erders/Documents/TravelTap/TravelTap/Data/Countries/Asia/MiddleEast/Jordan/Cities/SaltAttractions.swift (in target 'TravelTap' from project 'TravelTap')
    cd /Users/erders/Documents/TravelTap
    

SwiftCompile normal arm64 /Users/erders/Documents/TravelTap/TravelTap/Data/Countries/Asia/MiddleEast/Jordan/Cities/DanaAttractions.swift (in target 'TravelTap' from project 'TravelTap')
    cd /Users/erders/Documents/TravelTap
    

SwiftCompile normal arm64 /Users/erders/Documents/TravelTap/TravelTap/Data/Countries/Asia/MiddleEast/Jordan/Cities/ShobakAttractions.swift (in target 'TravelTap' from project 'TravelTap')
    cd /Users/erders/Documents/TravelTap
    

SwiftCompile normal arm64 /Users/erders/Documents/TravelTap/TravelTap/Data/Countries/Asia/SouthAsia/Pakistan/Cities/NorthernAreasAttractions.swift (in target 'TravelTap' from project 'TravelTap')
    cd /Users/erders/Documents/TravelTap
    

SwiftCompile normal arm64 /Users/erders/Documents/TravelTap/TravelTap/Data/Countries/Asia/SouthAsia/Pakistan/Cities/TaxilaAttractions.swift (in target 'TravelTap' from project 'TravelTap')
    cd /Users/erders/Documents/TravelTap
    

SwiftCompile normal arm64 /Users/erders/Documents/TravelTap/TravelTap/Data/Countries/Asia/SouthAsia/Pakistan/Cities/QuettaAttractions.swift (in target 'TravelTap' from project 'TravelTap')
    cd /Users/erders/Documents/TravelTap
    

SwiftCompile normal arm64 /Users/erders/Documents/TravelTap/TravelTap/Data/Countries/Asia/SouthAsia/Pakistan/Cities/PeshawarAttractions.swift (in target 'TravelTap' from project 'TravelTap')
    cd /Users/erders/Documents/TravelTap
    

SwiftCompile normal arm64 /Users/erders/Documents/TravelTap/TravelTap/Data/Countries/Asia/SouthAsia/Pakistan/Cities/MultanAttractions.swift (in target 'TravelTap' from project 'TravelTap')
    cd /Users/erders/Documents/TravelTap
    

SwiftCompile normal arm64 /Users/erders/Documents/TravelTap/TravelTap/Data/Countries/Asia/SouthAsia/Pakistan/Cities/HistoricalSitesAttractions.swift (in target 'TravelTap' from project 'TravelTap')
    cd /Users/erders/Documents/TravelTap
    

SwiftCompile normal arm64 /Users/erders/Documents/TravelTap/TravelTap/Data/Countries/Asia/SouthAsia/Pakistan/Cities/GilgitBaltistanAttractions.swift (in target 'TravelTap' from project 'TravelTap')
    cd /Users/erders/Documents/TravelTap
    

SwiftCompile normal arm64 /Users/erders/Documents/TravelTap/TravelTap/Data/Countries/Asia/SouthAsia/Pakistan/Cities/AzadKashmirAttractions.swift (in target 'TravelTap' from project 'TravelTap')
    cd /Users/erders/Documents/TravelTap
    

SwiftCompile normal arm64 /Users/erders/Documents/TravelTap/TravelTap/Data/Countries/Asia/SouthAsia/Pakistan/Cities/FaisalabadAttractions.swift (in target 'TravelTap' from project 'TravelTap')
    cd /Users/erders/Documents/TravelTap
    

SwiftCompile normal arm64 /Users/erders/Documents/TravelTap/TravelTap/Data/Countries/Asia/SouthAsia/Pakistan/Cities/GwadarAttractions.swift (in target 'TravelTap' from project 'TravelTap')
    cd /Users/erders/Documents/TravelTap
    

SwiftCompile normal arm64 /Users/erders/Documents/TravelTap/TravelTap/Data/Countries/Asia/EastAsia/Taiwan/Cities/PenghuAttractions.swift (in target 'TravelTap' from project 'TravelTap')
    cd /Users/erders/Documents/TravelTap
    

SwiftCompile normal arm64 /Users/erders/Documents/TravelTap/TravelTap/Data/Countries/Asia/EastAsia/Taiwan/Cities/TaitungAttractions.swift (in target 'TravelTap' from project 'TravelTap')
    cd /Users/erders/Documents/TravelTap
    

SwiftCompile normal arm64 /Users/erders/Documents/TravelTap/TravelTap/Data/Countries/Asia/EastAsia/Taiwan/Cities/OffshoreIslandsAttractions.swift (in target 'TravelTap' from project 'TravelTap')
    cd /Users/erders/Documents/TravelTap
    

SwiftCompile normal arm64 /Users/erders/Documents/TravelTap/TravelTap/Data/Countries/Asia/EastAsia/Taiwan/Cities/KentingAttractions.swift (in target 'TravelTap' from project 'TravelTap')
    cd /Users/erders/Documents/TravelTap
    

SwiftCompile normal arm64 /Users/erders/Documents/TravelTap/TravelTap/Data/Countries/Asia/EastAsia/Taiwan/Cities/NewTaipeiAttractions.swift (in target 'TravelTap' from project 'TravelTap')
    cd /Users/erders/Documents/TravelTap
    

SwiftCompile normal arm64 /Users/erders/Documents/TravelTap/TravelTap/Data/Countries/Asia/EastAsia/Taiwan/Cities/ChiayiAttractions.swift (in target 'TravelTap' from project 'TravelTap')
    cd /Users/erders/Documents/TravelTap
    

SwiftCompile normal arm64 /Users/erders/Documents/TravelTap/TravelTap/Data/Countries/Asia/EastAsia/Taiwan/Cities/YilanAttractions.swift (in target 'TravelTap' from project 'TravelTap')
    cd /Users/erders/Documents/TravelTap
    

SwiftDriverJobDiscovery normal arm64 Compiling CliffsOfMoherAttractions.swift, WexfordAttractions.swift, ClonmacnoiseAttractions.swift, WaterfordAttractions.swift, StirlingAttractions.swift, IslayAttractions.swift, AyrAttractions.swift, ObanAttractions.swift, OrkneyIslandsAttractions.swift, AberdeenAttractions.swift, ShetlandIslandsAttractions.swift, PerthshireAttractions.swift, PitlochryAttractions.swift, DundeeAttractions.swift, OuterHebridesAttractions.swift, IsleOfSkyeAttractions.swift, GlencoeAttractions.swift, LochNessAttractions.swift, DumfriesAndGallowayAttractions.swift, CairngormsAttractions.swift, ScottishBordersAttractions.swift, FortWilliamAttractions.swift, LochLomondAttractions.swift, BohemianSwitzerlandAttractions.swift, ZnojmoAttractions.swift (in target 'TravelTap' from project 'TravelTap')

SwiftCompile normal arm64 Compiling\ TelAvivAttractions.swift,\ IsraelPackage.swift,\ AmmanAttractions.swift,\ PetraAttractions.swift,\ JordanPackage.swift,\ KuwaitCityAttractions.swift,\ KuwaitPackage.swift,\ BeirutAttractions.swift,\ LebanonPackage.swift,\ MuscatAttractions.swift,\ OmanPackage.swift,\ DohaAttractions.swift,\ QatarPackage.swift,\ JeddahAttractions.swift,\ RiyadhAttractions.swift,\ SaudiArabiaPackage.swift,\ DamascusAttractions.swift,\ SyriaPackage.swift,\ AbuDhabiAttractions.swift,\ DubaiAttractions.swift,\ UAEPackage.swift,\ BangladeshPackage.swift,\ BandarbanAttractions.swift,\ ChittagongAttractions.swift,\ CoxsBazarAttractions.swift /Users/erders/Documents/TravelTap/TravelTap/Data/Countries/Asia/MiddleEast/Israel/Cities/TelAvivAttractions.swift /Users/erders/Documents/TravelTap/TravelTap/Data/Countries/Asia/MiddleEast/Israel/IsraelPackage.swift /Users/erders/Documents/TravelTap/TravelTap/Data/Countries/Asia/MiddleEast/Jordan/Cities/AmmanAttractions.swift /Users/erders/Documents/TravelTap/TravelTap/Data/Countries/Asia/MiddleEast/Jordan/Cities/PetraAttractions.swift /Users/erders/Documents/TravelTap/TravelTap/Data/Countries/Asia/MiddleEast/Jordan/JordanPackage.swift /Users/erders/Documents/TravelTap/TravelTap/Data/Countries/Asia/MiddleEast/Kuwait/Cities/KuwaitCityAttractions.swift /Users/erders/Documents/TravelTap/TravelTap/Data/Countries/Asia/MiddleEast/Kuwait/KuwaitPackage.swift /Users/erders/Documents/TravelTap/TravelTap/Data/Countries/Asia/MiddleEast/Lebanon/Cities/BeirutAttractions.swift /Users/erders/Documents/TravelTap/TravelTap/Data/Countries/Asia/MiddleEast/Lebanon/LebanonPackage.swift /Users/erders/Documents/TravelTap/TravelTap/Data/Countries/Asia/MiddleEast/Oman/Cities/MuscatAttractions.swift /Users/erders/Documents/TravelTap/TravelTap/Data/Countries/Asia/MiddleEast/Oman/OmanPackage.swift /Users/erders/Documents/TravelTap/TravelTap/Data/Countries/Asia/MiddleEast/Qatar/Cities/DohaAttractions.swift /Users/erders/Documents/TravelTap/TravelTap/Data/Countries/Asia/MiddleEast/Qatar/QatarPackage.swift /Users/erders/Documents/TravelTap/TravelTap/Data/Countries/Asia/MiddleEast/SaudiArabia/Cities/JeddahAttractions.swift /Users/erders/Documents/TravelTap/TravelTap/Data/Countries/Asia/MiddleEast/SaudiArabia/Cities/RiyadhAttractions.swift /Users/erders/Documents/TravelTap/TravelTap/Data/Countries/Asia/MiddleEast/SaudiArabia/SaudiArabiaPackage.swift /Users/erders/Documents/TravelTap/TravelTap/Data/Countries/Asia/MiddleEast/Syria/Cities/DamascusAttractions.swift /Users/erders/Documents/TravelTap/TravelTap/Data/Countries/Asia/MiddleEast/Syria/SyriaPackage.swift /Users/erders/Documents/TravelTap/TravelTap/Data/Countries/Asia/MiddleEast/UAE/Cities/AbuDhabiAttractions.swift /Users/erders/Documents/TravelTap/TravelTap/Data/Countries/Asia/MiddleEast/UAE/Cities/DubaiAttractions.swift /Users/erders/Documents/TravelTap/TravelTap/Data/Countries/Asia/MiddleEast/UAE/UAEPackage.swift /Users/erders/Documents/TravelTap/TravelTap/Data/Countries/Asia/SouthAsia/Bangladesh/BangladeshPackage.swift /Users/erders/Documents/TravelTap/TravelTap/Data/Countries/Asia/SouthAsia/Bangladesh/Cities/BandarbanAttractions.swift /Users/erders/Documents/TravelTap/TravelTap/Data/Countries/Asia/SouthAsia/Bangladesh/Cities/ChittagongAttractions.swift /Users/erders/Documents/TravelTap/TravelTap/Data/Countries/Asia/SouthAsia/Bangladesh/Cities/CoxsBazarAttractions.swift (in target 'TravelTap' from project 'TravelTap')

SwiftCompile normal arm64 /Users/erders/Documents/TravelTap/TravelTap/Data/Countries/Asia/MiddleEast/Israel/Cities/TelAvivAttractions.swift (in target 'TravelTap' from project 'TravelTap')
    cd /Users/erders/Documents/TravelTap
    

SwiftCompile normal arm64 /Users/erders/Documents/TravelTap/TravelTap/Data/Countries/Asia/MiddleEast/Israel/IsraelPackage.swift (in target 'TravelTap' from project 'TravelTap')
    cd /Users/erders/Documents/TravelTap
    

SwiftCompile normal arm64 /Users/erders/Documents/TravelTap/TravelTap/Data/Countries/Asia/MiddleEast/Jordan/Cities/AmmanAttractions.swift (in target 'TravelTap' from project 'TravelTap')
    cd /Users/erders/Documents/TravelTap
    

SwiftCompile normal arm64 /Users/erders/Documents/TravelTap/TravelTap/Data/Countries/Asia/MiddleEast/Jordan/Cities/PetraAttractions.swift (in target 'TravelTap' from project 'TravelTap')
    cd /Users/erders/Documents/TravelTap
    

SwiftCompile normal arm64 /Users/erders/Documents/TravelTap/TravelTap/Data/Countries/Asia/MiddleEast/Jordan/JordanPackage.swift (in target 'TravelTap' from project 'TravelTap')
    cd /Users/erders/Documents/TravelTap
    

SwiftCompile normal arm64 /Users/erders/Documents/TravelTap/TravelTap/Data/Countries/Asia/MiddleEast/Kuwait/Cities/KuwaitCityAttractions.swift (in target 'TravelTap' from project 'TravelTap')
    cd /Users/erders/Documents/TravelTap
    

SwiftCompile normal arm64 /Users/erders/Documents/TravelTap/TravelTap/Data/Countries/Asia/MiddleEast/Kuwait/KuwaitPackage.swift (in target 'TravelTap' from project 'TravelTap')
    cd /Users/erders/Documents/TravelTap
    

SwiftCompile normal arm64 /Users/erders/Documents/TravelTap/TravelTap/Data/Countries/Asia/MiddleEast/Lebanon/Cities/BeirutAttractions.swift (in target 'TravelTap' from project 'TravelTap')
    cd /Users/erders/Documents/TravelTap
    

SwiftCompile normal arm64 /Users/erders/Documents/TravelTap/TravelTap/Data/Countries/Asia/MiddleEast/Lebanon/LebanonPackage.swift (in target 'TravelTap' from project 'TravelTap')
    cd /Users/erders/Documents/TravelTap
    

SwiftCompile normal arm64 /Users/erders/Documents/TravelTap/TravelTap/Data/Countries/Asia/MiddleEast/Oman/Cities/MuscatAttractions.swift (in target 'TravelTap' from project 'TravelTap')
    cd /Users/erders/Documents/TravelTap
    

SwiftCompile normal arm64 /Users/erders/Documents/TravelTap/TravelTap/Data/Countries/Asia/MiddleEast/Oman/OmanPackage.swift (in target 'TravelTap' from project 'TravelTap')
    cd /Users/erders/Documents/TravelTap
    

SwiftCompile normal arm64 /Users/erders/Documents/TravelTap/TravelTap/Data/Countries/Asia/MiddleEast/Qatar/Cities/DohaAttractions.swift (in target 'TravelTap' from project 'TravelTap')
    cd /Users/erders/Documents/TravelTap
    

SwiftCompile normal arm64 /Users/erders/Documents/TravelTap/TravelTap/Data/Countries/Asia/MiddleEast/Qatar/QatarPackage.swift (in target 'TravelTap' from project 'TravelTap')
    cd /Users/erders/Documents/TravelTap
    

SwiftCompile normal arm64 /Users/erders/Documents/TravelTap/TravelTap/Data/Countries/Asia/MiddleEast/SaudiArabia/Cities/JeddahAttractions.swift (in target 'TravelTap' from project 'TravelTap')
    cd /Users/erders/Documents/TravelTap
    

SwiftCompile normal arm64 /Users/erders/Documents/TravelTap/TravelTap/Data/Countries/Asia/MiddleEast/SaudiArabia/Cities/RiyadhAttractions.swift (in target 'TravelTap' from project 'TravelTap')
    cd /Users/erders/Documents/TravelTap
    

SwiftCompile normal arm64 /Users/erders/Documents/TravelTap/TravelTap/Data/Countries/Asia/MiddleEast/SaudiArabia/SaudiArabiaPackage.swift (in target 'TravelTap' from project 'TravelTap')
    cd /Users/erders/Documents/TravelTap
    

SwiftCompile normal arm64 /Users/erders/Documents/TravelTap/TravelTap/Data/Countries/Asia/MiddleEast/Syria/Cities/DamascusAttractions.swift (in target 'TravelTap' from project 'TravelTap')
    cd /Users/erders/Documents/TravelTap
    

SwiftCompile normal arm64 /Users/erders/Documents/TravelTap/TravelTap/Data/Countries/Asia/MiddleEast/Syria/SyriaPackage.swift (in target 'TravelTap' from project 'TravelTap')
    cd /Users/erders/Documents/TravelTap
    

SwiftCompile normal arm64 /Users/erders/Documents/TravelTap/TravelTap/Data/Countries/Asia/MiddleEast/UAE/Cities/AbuDhabiAttractions.swift (in target 'TravelTap' from project 'TravelTap')
    cd /Users/erders/Documents/TravelTap
    

SwiftCompile normal arm64 /Users/erders/Documents/TravelTap/TravelTap/Data/Countries/Asia/MiddleEast/UAE/Cities/DubaiAttractions.swift (in target 'TravelTap' from project 'TravelTap')
    cd /Users/erders/Documents/TravelTap
    

SwiftCompile normal arm64 /Users/erders/Documents/TravelTap/TravelTap/Data/Countries/Asia/MiddleEast/UAE/UAEPackage.swift (in target 'TravelTap' from project 'TravelTap')
    cd /Users/erders/Documents/TravelTap
    

SwiftCompile normal arm64 /Users/erders/Documents/TravelTap/TravelTap/Data/Countries/Asia/SouthAsia/Bangladesh/BangladeshPackage.swift (in target 'TravelTap' from project 'TravelTap')
    cd /Users/erders/Documents/TravelTap
    

SwiftCompile normal arm64 /Users/erders/Documents/TravelTap/TravelTap/Data/Countries/Asia/SouthAsia/Bangladesh/Cities/BandarbanAttractions.swift (in target 'TravelTap' from project 'TravelTap')
    cd /Users/erders/Documents/TravelTap
    

SwiftCompile normal arm64 /Users/erders/Documents/TravelTap/TravelTap/Data/Countries/Asia/SouthAsia/Bangladesh/Cities/ChittagongAttractions.swift (in target 'TravelTap' from project 'TravelTap')
    cd /Users/erders/Documents/TravelTap
    

SwiftCompile normal arm64 /Users/erders/Documents/TravelTap/TravelTap/Data/Countries/Asia/SouthAsia/Bangladesh/Cities/CoxsBazarAttractions.swift (in target 'TravelTap' from project 'TravelTap')
    cd /Users/erders/Documents/TravelTap
    

SwiftDriverJobDiscovery normal arm64 Compiling LahoreAttractions.swift, SkarduAttractions.swift, SwatAttractions.swift, PakistanPackage.swift, ColomboAttractions.swift, KandyAttractions.swift, SriLankaPackage.swift, BruneiPackage.swift, BandarSeriBegawanAttractions.swift, BelaitAttractions.swift, TemburongAttractions.swift, TutongAttractions.swift, CambodiaPackage.swift, BattambangAttractions.swift, KampotAttractions.swift, KepAttractions.swift, KratieAttractions.swift, MondulkiriAttractions.swift, PhnomPenhAttractions.swift, RatanakiriAttractions.swift, SiemReapAttractions.swift, SihanoukvilleAttractions.swift, KomodoAttractions.swift, LombokAttractions.swift, RajaAmpatAttractions.swift (in target 'TravelTap' from project 'TravelTap')

SwiftCompile normal arm64 Compiling\ ChacoRegionAttractions.swift,\ CiudadDelEsteAttractions.swift,\ ConcepcionAttractions.swift,\ EncarnacionAttractions.swift,\ JesuitMissionsAttractions.swift,\ ParaguariRegionAttractions.swift,\ PiribebuyAttractions.swift,\ SaltosDelGuairaAttractions.swift,\ SanBernardinoAttractions.swift,\ VillarricaAttractions.swift,\ YbycuiAttractions.swift,\ ParaguayPackage.swift,\ ArequipaAttractions.swift,\ AyacuchoAttractions.swift,\ CajamarcaAttractions.swift,\ ChachapoyasAttractions.swift,\ ChiclayoAttractions.swift,\ CuscoAttractions.swift,\ HuacachinaAttractions.swift,\ HuarazAttractions.swift,\ IquitosAmazonAttractions.swift,\ LakeTiticacaAttractions.swift,\ LimaAttractions.swift,\ MachuPicchuAttractions.swift,\ MancoraAttractions.swift /Users/erders/Documents/TravelTap/TravelTap/Data/Countries/SouthAmerica/Paraguay/Cities/ChacoRegionAttractions.swift /Users/erders/Documents/TravelTap/TravelTap/Data/Countries/SouthAmerica/Paraguay/Cities/CiudadDelEsteAttractions.swift /Users/erders/Documents/TravelTap/TravelTap/Data/Countries/SouthAmerica/Paraguay/Cities/ConcepcionAttractions.swift /Users/erders/Documents/TravelTap/TravelTap/Data/Countries/SouthAmerica/Paraguay/Cities/EncarnacionAttractions.swift /Users/erders/Documents/TravelTap/TravelTap/Data/Countries/SouthAmerica/Paraguay/Cities/JesuitMissionsAttractions.swift /Users/erders/Documents/TravelTap/TravelTap/Data/Countries/SouthAmerica/Paraguay/Cities/ParaguariRegionAttractions.swift /Users/erders/Documents/TravelTap/TravelTap/Data/Countries/SouthAmerica/Paraguay/Cities/PiribebuyAttractions.swift /Users/erders/Documents/TravelTap/TravelTap/Data/Countries/SouthAmerica/Paraguay/Cities/SaltosDelGuairaAttractions.swift /Users/erders/Documents/TravelTap/TravelTap/Data/Countries/SouthAmerica/Paraguay/Cities/SanBernardinoAttractions.swift /Users/erders/Documents/TravelTap/TravelTap/Data/Countries/SouthAmerica/Paraguay/Cities/VillarricaAttractions.swift /Users/erders/Documents/TravelTap/TravelTap/Data/Countries/SouthAmerica/Paraguay/Cities/YbycuiAttractions.swift /Users/erders/Documents/TravelTap/TravelTap/Data/Countries/SouthAmerica/Paraguay/ParaguayPackage.swift /Users/erders/Documents/TravelTap/TravelTap/Data/Countries/SouthAmerica/Peru/Cities/ArequipaAttractions.swift /Users/erders/Documents/TravelTap/TravelTap/Data/Countries/SouthAmerica/Peru/Cities/AyacuchoAttractions.swift /Users/erders/Documents/TravelTap/TravelTap/Data/Countries/SouthAmerica/Peru/Cities/CajamarcaAttractions.swift /Users/erders/Documents/TravelTap/TravelTap/Data/Countries/SouthAmerica/Peru/Cities/ChachapoyasAttractions.swift /Users/erders/Documents/TravelTap/TravelTap/Data/Countries/SouthAmerica/Peru/Cities/ChiclayoAttractions.swift /Users/erders/Documents/TravelTap/TravelTap/Data/Countries/SouthAmerica/Peru/Cities/CuscoAttractions.swift /Users/erders/Documents/TravelTap/TravelTap/Data/Countries/SouthAmerica/Peru/Cities/HuacachinaAttractions.swift /Users/erders/Documents/TravelTap/TravelTap/Data/Countries/SouthAmerica/Peru/Cities/HuarazAttractions.swift /Users/erders/Documents/TravelTap/TravelTap/Data/Countries/SouthAmerica/Peru/Cities/IquitosAmazonAttractions.swift /Users/erders/Documents/TravelTap/TravelTap/Data/Countries/SouthAmerica/Peru/Cities/LakeTiticacaAttractions.swift /Users/erders/Documents/TravelTap/TravelTap/Data/Countries/SouthAmerica/Peru/Cities/LimaAttractions.swift /Users/erders/Documents/TravelTap/TravelTap/Data/Countries/SouthAmerica/Peru/Cities/MachuPicchuAttractions.swift /Users/erders/Documents/TravelTap/TravelTap/Data/Countries/SouthAmerica/Peru/Cities/MancoraAttractions.swift (in target 'TravelTap' from project 'TravelTap')

SwiftCompile normal arm64 /Users/erders/Documents/TravelTap/TravelTap/Data/Countries/SouthAmerica/Paraguay/Cities/ChacoRegionAttractions.swift (in target 'TravelTap' from project 'TravelTap')
    cd /Users/erders/Documents/TravelTap
    

SwiftCompile normal arm64 /Users/erders/Documents/TravelTap/TravelTap/Data/Countries/SouthAmerica/Paraguay/Cities/CiudadDelEsteAttractions.swift (in target 'TravelTap' from project 'TravelTap')
    cd /Users/erders/Documents/TravelTap
    

SwiftCompile normal arm64 /Users/erders/Documents/TravelTap/TravelTap/Data/Countries/SouthAmerica/Paraguay/Cities/ConcepcionAttractions.swift (in target 'TravelTap' from project 'TravelTap')
    cd /Users/erders/Documents/TravelTap
    

SwiftCompile normal arm64 /Users/erders/Documents/TravelTap/TravelTap/Data/Countries/SouthAmerica/Paraguay/Cities/EncarnacionAttractions.swift (in target 'TravelTap' from project 'TravelTap')
    cd /Users/erders/Documents/TravelTap
    

SwiftCompile normal arm64 /Users/erders/Documents/TravelTap/TravelTap/Data/Countries/SouthAmerica/Paraguay/Cities/JesuitMissionsAttractions.swift (in target 'TravelTap' from project 'TravelTap')
    cd /Users/erders/Documents/TravelTap
    

SwiftCompile normal arm64 /Users/erders/Documents/TravelTap/TravelTap/Data/Countries/SouthAmerica/Paraguay/Cities/ParaguariRegionAttractions.swift (in target 'TravelTap' from project 'TravelTap')
    cd /Users/erders/Documents/TravelTap
    

SwiftCompile normal arm64 /Users/erders/Documents/TravelTap/TravelTap/Data/Countries/SouthAmerica/Paraguay/Cities/PiribebuyAttractions.swift (in target 'TravelTap' from project 'TravelTap')
    cd /Users/erders/Documents/TravelTap
    

SwiftCompile normal arm64 /Users/erders/Documents/TravelTap/TravelTap/Data/Countries/SouthAmerica/Paraguay/Cities/SaltosDelGuairaAttractions.swift (in target 'TravelTap' from project 'TravelTap')
    cd /Users/erders/Documents/TravelTap
    

SwiftCompile normal arm64 /Users/erders/Documents/TravelTap/TravelTap/Data/Countries/SouthAmerica/Paraguay/Cities/SanBernardinoAttractions.swift (in target 'TravelTap' from project 'TravelTap')
    cd /Users/erders/Documents/TravelTap
    

SwiftCompile normal arm64 /Users/erders/Documents/TravelTap/TravelTap/Data/Countries/SouthAmerica/Paraguay/Cities/VillarricaAttractions.swift (in target 'TravelTap' from project 'TravelTap')
    cd /Users/erders/Documents/TravelTap
    

SwiftCompile normal arm64 /Users/erders/Documents/TravelTap/TravelTap/Data/Countries/SouthAmerica/Paraguay/Cities/YbycuiAttractions.swift (in target 'TravelTap' from project 'TravelTap')
    cd /Users/erders/Documents/TravelTap
    

SwiftCompile normal arm64 /Users/erders/Documents/TravelTap/TravelTap/Data/Countries/SouthAmerica/Paraguay/ParaguayPackage.swift (in target 'TravelTap' from project 'TravelTap')
    cd /Users/erders/Documents/TravelTap
    

SwiftCompile normal arm64 /Users/erders/Documents/TravelTap/TravelTap/Data/Countries/SouthAmerica/Peru/Cities/ArequipaAttractions.swift (in target 'TravelTap' from project 'TravelTap')
    cd /Users/erders/Documents/TravelTap
    

SwiftCompile normal arm64 /Users/erders/Documents/TravelTap/TravelTap/Data/Countries/SouthAmerica/Peru/Cities/AyacuchoAttractions.swift (in target 'TravelTap' from project 'TravelTap')
    cd /Users/erders/Documents/TravelTap
    

SwiftCompile normal arm64 /Users/erders/Documents/TravelTap/TravelTap/Data/Countries/SouthAmerica/Peru/Cities/CajamarcaAttractions.swift (in target 'TravelTap' from project 'TravelTap')
    cd /Users/erders/Documents/TravelTap
    

SwiftCompile normal arm64 /Users/erders/Documents/TravelTap/TravelTap/Data/Countries/SouthAmerica/Peru/Cities/ChachapoyasAttractions.swift (in target 'TravelTap' from project 'TravelTap')
    cd /Users/erders/Documents/TravelTap
    

SwiftCompile normal arm64 /Users/erders/Documents/TravelTap/TravelTap/Data/Countries/SouthAmerica/Peru/Cities/ChiclayoAttractions.swift (in target 'TravelTap' from project 'TravelTap')
    cd /Users/erders/Documents/TravelTap
    

SwiftCompile normal arm64 /Users/erders/Documents/TravelTap/TravelTap/Data/Countries/SouthAmerica/Peru/Cities/CuscoAttractions.swift (in target 'TravelTap' from project 'TravelTap')
    cd /Users/erders/Documents/TravelTap
    

SwiftCompile normal arm64 /Users/erders/Documents/TravelTap/TravelTap/Data/Countries/SouthAmerica/Peru/Cities/HuacachinaAttractions.swift (in target 'TravelTap' from project 'TravelTap')
    cd /Users/erders/Documents/TravelTap
    

SwiftCompile normal arm64 /Users/erders/Documents/TravelTap/TravelTap/Data/Countries/SouthAmerica/Peru/Cities/HuarazAttractions.swift (in target 'TravelTap' from project 'TravelTap')
    cd /Users/erders/Documents/TravelTap
    

SwiftCompile normal arm64 /Users/erders/Documents/TravelTap/TravelTap/Data/Countries/SouthAmerica/Peru/Cities/IquitosAmazonAttractions.swift (in target 'TravelTap' from project 'TravelTap')
    cd /Users/erders/Documents/TravelTap
    

SwiftCompile normal arm64 /Users/erders/Documents/TravelTap/TravelTap/Data/Countries/SouthAmerica/Peru/Cities/LakeTiticacaAttractions.swift (in target 'TravelTap' from project 'TravelTap')
    cd /Users/erders/Documents/TravelTap
    

SwiftCompile normal arm64 /Users/erders/Documents/TravelTap/TravelTap/Data/Countries/SouthAmerica/Peru/Cities/LimaAttractions.swift (in target 'TravelTap' from project 'TravelTap')
    cd /Users/erders/Documents/TravelTap
    

SwiftCompile normal arm64 /Users/erders/Documents/TravelTap/TravelTap/Data/Countries/SouthAmerica/Peru/Cities/MachuPicchuAttractions.swift (in target 'TravelTap' from project 'TravelTap')
    cd /Users/erders/Documents/TravelTap
    

SwiftCompile normal arm64 /Users/erders/Documents/TravelTap/TravelTap/Data/Countries/SouthAmerica/Peru/Cities/MancoraAttractions.swift (in target 'TravelTap' from project 'TravelTap')
    cd /Users/erders/Documents/TravelTap
    

SwiftDriverJobDiscovery normal arm64 Compiling FlindersIslandAttractions.swift, FlindersRangesAttractions.swift, FreycinetAttractions.swift, GoldCoastAttractions.swift, GreatOceanRoadAttractions.swift, HobartAttractions.swift, HuonValleyAttractions.swift, KakaduAttractions.swift, KangarooIslandAttractions.swift, KarijiniAttractions.swift, KingIslandAttractions.swift, LauncestonAttractions.swift, LordHoweIslandAttractions.swift, MargaretRiverAttractions.swift, MariaIslandAttractions.swift, MelbourneAttractions.swift, MoleCreekAttractions.swift, MtFieldAttractions.swift, NorthWestTasmaniaAttractions.swift, PerthAttractions.swift, PhillipIslandAttractions.swift, SunshineCoastAttractions.swift, SydneyAttractions.swift, TasmanPeninsulaAttractions.swift, UluruAttractions.swift (in target 'TravelTap' from project 'TravelTap')

SwiftCompile normal arm64 Compiling\ HanoiAttractions.swift,\ HoChiMinhCityAttractions.swift,\ VietnamPackage.swift,\ AntiguaAndBarbudaPackage.swift,\ AntiguaFalmouthAttractions.swift,\ AntiguaStJohnsAttractions.swift,\ AntiguaStPhilipAttractions.swift,\ BarbudaAttractions.swift,\ DickensonBayAttractions.swift,\ EnglishHarbourAttractions.swift,\ FiveIslandsAttractions.swift,\ FriarsHillAttractions.swift,\ JollyHarbourAttractions.swift,\ ArubaPackage.swift,\ DruifAttractions.swift,\ MalmokAttractions.swift,\ NoordAttractions.swift,\ OranjestadAttractions.swift,\ ParaderaAttractions.swift,\ SanNicolasAttractions.swift,\ SantaCruzAttractions.swift,\ SavanetaAttractions.swift,\ BahamasPackage.swift,\ AndrosAttractions.swift,\ BiminiAttractions.swift /Users/erders/Documents/TravelTap/TravelTap/Data/Countries/Asia/SoutheastAsia/Vietnam/Cities/HanoiAttractions.swift /Users/erders/Documents/TravelTap/TravelTap/Data/Countries/Asia/SoutheastAsia/Vietnam/Cities/HoChiMinhCityAttractions.swift /Users/erders/Documents/TravelTap/TravelTap/Data/Countries/Asia/SoutheastAsia/Vietnam/VietnamPackage.swift /Users/erders/Documents/TravelTap/TravelTap/Data/Countries/CentralAmerica/AntiguaAndBarbuda/AntiguaAndBarbudaPackage.swift /Users/erders/Documents/TravelTap/TravelTap/Data/Countries/CentralAmerica/AntiguaAndBarbuda/Cities/AntiguaFalmouthAttractions.swift /Users/erders/Documents/TravelTap/TravelTap/Data/Countries/CentralAmerica/AntiguaAndBarbuda/Cities/AntiguaStJohnsAttractions.swift /Users/erders/Documents/TravelTap/TravelTap/Data/Countries/CentralAmerica/AntiguaAndBarbuda/Cities/AntiguaStPhilipAttractions.swift /Users/erders/Documents/TravelTap/TravelTap/Data/Countries/CentralAmerica/AntiguaAndBarbuda/Cities/BarbudaAttractions.swift /Users/erders/Documents/TravelTap/TravelTap/Data/Countries/CentralAmerica/AntiguaAndBarbuda/Cities/DickensonBayAttractions.swift /Users/erders/Documents/TravelTap/TravelTap/Data/Countries/CentralAmerica/AntiguaAndBarbuda/Cities/EnglishHarbourAttractions.swift /Users/erders/Documents/TravelTap/TravelTap/Data/Countries/CentralAmerica/AntiguaAndBarbuda/Cities/FiveIslandsAttractions.swift /Users/erders/Documents/TravelTap/TravelTap/Data/Countries/CentralAmerica/AntiguaAndBarbuda/Cities/FriarsHillAttractions.swift /Users/erders/Documents/TravelTap/TravelTap/Data/Countries/CentralAmerica/AntiguaAndBarbuda/Cities/JollyHarbourAttractions.swift /Users/erders/Documents/TravelTap/TravelTap/Data/Countries/CentralAmerica/Aruba/ArubaPackage.swift /Users/erders/Documents/TravelTap/TravelTap/Data/Countries/CentralAmerica/Aruba/Cities/DruifAttractions.swift /Users/erders/Documents/TravelTap/TravelTap/Data/Countries/CentralAmerica/Aruba/Cities/MalmokAttractions.swift /Users/erders/Documents/TravelTap/TravelTap/Data/Countries/CentralAmerica/Aruba/Cities/NoordAttractions.swift /Users/erders/Documents/TravelTap/TravelTap/Data/Countries/CentralAmerica/Aruba/Cities/OranjestadAttractions.swift /Users/erders/Documents/TravelTap/TravelTap/Data/Countries/CentralAmerica/Aruba/Cities/ParaderaAttractions.swift /Users/erders/Documents/TravelTap/TravelTap/Data/Countries/CentralAmerica/Aruba/Cities/SanNicolasAttractions.swift /Users/erders/Documents/TravelTap/TravelTap/Data/Countries/CentralAmerica/Aruba/Cities/SantaCruzAttractions.swift /Users/erders/Documents/TravelTap/TravelTap/Data/Countries/CentralAmerica/Aruba/Cities/SavanetaAttractions.swift /Users/erders/Documents/TravelTap/TravelTap/Data/Countries/CentralAmerica/Bahamas/BahamasPackage.swift /Users/erders/Documents/TravelTap/TravelTap/Data/Countries/CentralAmerica/Bahamas/Cities/AndrosAttractions.swift /Users/erders/Documents/TravelTap/TravelTap/Data/Countries/CentralAmerica/Bahamas/Cities/BiminiAttractions.swift (in target 'TravelTap' from project 'TravelTap')

SwiftCompile normal arm64 /Users/erders/Documents/TravelTap/TravelTap/Data/Countries/Asia/SoutheastAsia/Vietnam/Cities/HanoiAttractions.swift (in target 'TravelTap' from project 'TravelTap')
    cd /Users/erders/Documents/TravelTap
    

SwiftCompile normal arm64 /Users/erders/Documents/TravelTap/TravelTap/Data/Countries/Asia/SoutheastAsia/Vietnam/Cities/HoChiMinhCityAttractions.swift (in target 'TravelTap' from project 'TravelTap')
    cd /Users/erders/Documents/TravelTap
    

SwiftCompile normal arm64 /Users/erders/Documents/TravelTap/TravelTap/Data/Countries/Asia/SoutheastAsia/Vietnam/VietnamPackage.swift (in target 'TravelTap' from project 'TravelTap')
    cd /Users/erders/Documents/TravelTap
    

SwiftCompile normal arm64 /Users/erders/Documents/TravelTap/TravelTap/Data/Countries/CentralAmerica/AntiguaAndBarbuda/AntiguaAndBarbudaPackage.swift (in target 'TravelTap' from project 'TravelTap')
    cd /Users/erders/Documents/TravelTap
    

SwiftCompile normal arm64 /Users/erders/Documents/TravelTap/TravelTap/Data/Countries/CentralAmerica/AntiguaAndBarbuda/Cities/AntiguaFalmouthAttractions.swift (in target 'TravelTap' from project 'TravelTap')
    cd /Users/erders/Documents/TravelTap
    

SwiftCompile normal arm64 /Users/erders/Documents/TravelTap/TravelTap/Data/Countries/CentralAmerica/AntiguaAndBarbuda/Cities/AntiguaStJohnsAttractions.swift (in target 'TravelTap' from project 'TravelTap')
    cd /Users/erders/Documents/TravelTap
    

SwiftCompile normal arm64 /Users/erders/Documents/TravelTap/TravelTap/Data/Countries/CentralAmerica/AntiguaAndBarbuda/Cities/AntiguaStPhilipAttractions.swift (in target 'TravelTap' from project 'TravelTap')
    cd /Users/erders/Documents/TravelTap
    

SwiftCompile normal arm64 /Users/erders/Documents/TravelTap/TravelTap/Data/Countries/CentralAmerica/AntiguaAndBarbuda/Cities/BarbudaAttractions.swift (in target 'TravelTap' from project 'TravelTap')
    cd /Users/erders/Documents/TravelTap
    

SwiftCompile normal arm64 /Users/erders/Documents/TravelTap/TravelTap/Data/Countries/CentralAmerica/AntiguaAndBarbuda/Cities/DickensonBayAttractions.swift (in target 'TravelTap' from project 'TravelTap')
    cd /Users/erders/Documents/TravelTap
    

SwiftCompile normal arm64 /Users/erders/Documents/TravelTap/TravelTap/Data/Countries/CentralAmerica/AntiguaAndBarbuda/Cities/EnglishHarbourAttractions.swift (in target 'TravelTap' from project 'TravelTap')
    cd /Users/erders/Documents/TravelTap
    

SwiftCompile normal arm64 /Users/erders/Documents/TravelTap/TravelTap/Data/Countries/CentralAmerica/AntiguaAndBarbuda/Cities/FiveIslandsAttractions.swift (in target 'TravelTap' from project 'TravelTap')
    cd /Users/erders/Documents/TravelTap
    

SwiftCompile normal arm64 /Users/erders/Documents/TravelTap/TravelTap/Data/Countries/CentralAmerica/AntiguaAndBarbuda/Cities/FriarsHillAttractions.swift (in target 'TravelTap' from project 'TravelTap')
    cd /Users/erders/Documents/TravelTap
    

SwiftCompile normal arm64 /Users/erders/Documents/TravelTap/TravelTap/Data/Countries/CentralAmerica/AntiguaAndBarbuda/Cities/JollyHarbourAttractions.swift (in target 'TravelTap' from project 'TravelTap')
    cd /Users/erders/Documents/TravelTap
    

SwiftCompile normal arm64 /Users/erders/Documents/TravelTap/TravelTap/Data/Countries/CentralAmerica/Aruba/ArubaPackage.swift (in target 'TravelTap' from project 'TravelTap')
    cd /Users/erders/Documents/TravelTap
    

SwiftCompile normal arm64 /Users/erders/Documents/TravelTap/TravelTap/Data/Countries/CentralAmerica/Aruba/Cities/DruifAttractions.swift (in target 'TravelTap' from project 'TravelTap')
    cd /Users/erders/Documents/TravelTap
    

SwiftCompile normal arm64 /Users/erders/Documents/TravelTap/TravelTap/Data/Countries/CentralAmerica/Aruba/Cities/MalmokAttractions.swift (in target 'TravelTap' from project 'TravelTap')
    cd /Users/erders/Documents/TravelTap
    

SwiftCompile normal arm64 /Users/erders/Documents/TravelTap/TravelTap/Data/Countries/CentralAmerica/Aruba/Cities/NoordAttractions.swift (in target 'TravelTap' from project 'TravelTap')
    cd /Users/erders/Documents/TravelTap
    

SwiftCompile normal arm64 /Users/erders/Documents/TravelTap/TravelTap/Data/Countries/CentralAmerica/Aruba/Cities/OranjestadAttractions.swift (in target 'TravelTap' from project 'TravelTap')
    cd /Users/erders/Documents/TravelTap
    

SwiftCompile normal arm64 /Users/erders/Documents/TravelTap/TravelTap/Data/Countries/CentralAmerica/Aruba/Cities/ParaderaAttractions.swift (in target 'TravelTap' from project 'TravelTap')
    cd /Users/erders/Documents/TravelTap
    

SwiftCompile normal arm64 /Users/erders/Documents/TravelTap/TravelTap/Data/Countries/CentralAmerica/Aruba/Cities/SanNicolasAttractions.swift (in target 'TravelTap' from project 'TravelTap')
    cd /Users/erders/Documents/TravelTap
    

SwiftCompile normal arm64 /Users/erders/Documents/TravelTap/TravelTap/Data/Countries/CentralAmerica/Aruba/Cities/SantaCruzAttractions.swift (in target 'TravelTap' from project 'TravelTap')
    cd /Users/erders/Documents/TravelTap
    

SwiftCompile normal arm64 /Users/erders/Documents/TravelTap/TravelTap/Data/Countries/CentralAmerica/Aruba/Cities/SavanetaAttractions.swift (in target 'TravelTap' from project 'TravelTap')
    cd /Users/erders/Documents/TravelTap
    

SwiftCompile normal arm64 /Users/erders/Documents/TravelTap/TravelTap/Data/Countries/CentralAmerica/Bahamas/BahamasPackage.swift (in target 'TravelTap' from project 'TravelTap')
    cd /Users/erders/Documents/TravelTap
    

SwiftCompile normal arm64 /Users/erders/Documents/TravelTap/TravelTap/Data/Countries/CentralAmerica/Bahamas/Cities/AndrosAttractions.swift (in target 'TravelTap' from project 'TravelTap')
    cd /Users/erders/Documents/TravelTap
    

SwiftCompile normal arm64 /Users/erders/Documents/TravelTap/TravelTap/Data/Countries/CentralAmerica/Bahamas/Cities/BiminiAttractions.swift (in target 'TravelTap' from project 'TravelTap')
    cd /Users/erders/Documents/TravelTap
    

SwiftDriverJobDiscovery normal arm64 Compiling NatalAttractions.swift, OuroPretoAttractions.swift, ParatyIlhaGrandeAttractions.swift, RecifeOlindaAttractions.swift, RioDeJaneiroAttractions.swift, SalvadorAttractions.swift, SaoPauloAttractions.swift, ChilePackage.swift, AricaAttractions.swift, CarreteraAustralAttractions.swift, ChiloeIslandAttractions.swift, ColchaguaValleyAttractions.swift, EasterIslandAttractions.swift, IquiqueAttractions.swift, LaSerenaElquiValleyAttractions.swift, PuconVillarricaAttractions.swift, PuertoNatalesAttractions.swift, PuertoVarasLakeDistrictAttractions.swift, PuntaArenasAttractions.swift, SanPedroDeAtacamaAttractions.swift, SantiagoAttractions.swift, TierraDelFuegoAttractions.swift, TorresDelPaineAttractions.swift, ValparaisoAttractions.swift, VinaDelMarAttractions.swift (in target 'TravelTap' from project 'TravelTap')

SwiftCompile normal arm64 Compiling\ BordeauxAttractions.swift,\ BrittanyAttractions.swift,\ BurgundyAttractions.swift,\ CannesAttractions.swift,\ CarcassonneAttractions.swift,\ CathedralsAttractions.swift,\ ChamonixAttractions.swift,\ ColmarAttractions.swift,\ CorsicaAttractions.swift,\ DordogneAttractions.swift,\ LilleAttractions.swift,\ LoireValleyAttractions.swift,\ LyonAttractions.swift,\ MarseilleAttractions.swift,\ MontSaintMichelAttractions.swift,\ NancyAttractions.swift,\ NiceAttractions.swift,\ NormandyAttractions.swift,\ ParisAttractions.swift,\ ProvenceAttractions.swift,\ ProvinsAttractions.swift,\ PyreneesAttractions.swift,\ ReimsAttractions.swift,\ SaintTropezAttractions.swift,\ StrasbourgAttractions.swift /Users/erders/Documents/TravelTap/TravelTap/Data/Countries/Europe/France/Cities/BordeauxAttractions.swift /Users/erders/Documents/TravelTap/TravelTap/Data/Countries/Europe/France/Cities/BrittanyAttractions.swift /Users/erders/Documents/TravelTap/TravelTap/Data/Countries/Europe/France/Cities/BurgundyAttractions.swift /Users/erders/Documents/TravelTap/TravelTap/Data/Countries/Europe/France/Cities/CannesAttractions.swift /Users/erders/Documents/TravelTap/TravelTap/Data/Countries/Europe/France/Cities/CarcassonneAttractions.swift /Users/erders/Documents/TravelTap/TravelTap/Data/Countries/Europe/France/Cities/CathedralsAttractions.swift /Users/erders/Documents/TravelTap/TravelTap/Data/Countries/Europe/France/Cities/ChamonixAttractions.swift /Users/erders/Documents/TravelTap/TravelTap/Data/Countries/Europe/France/Cities/ColmarAttractions.swift /Users/erders/Documents/TravelTap/TravelTap/Data/Countries/Europe/France/Cities/CorsicaAttractions.swift /Users/erders/Documents/TravelTap/TravelTap/Data/Countries/Europe/France/Cities/DordogneAttractions.swift /Users/erders/Documents/TravelTap/TravelTap/Data/Countries/Europe/France/Cities/LilleAttractions.swift /Users/erders/Documents/TravelTap/TravelTap/Data/Countries/Europe/France/Cities/LoireValleyAttractions.swift /Users/erders/Documents/TravelTap/TravelTap/Data/Countries/Europe/France/Cities/LyonAttractions.swift /Users/erders/Documents/TravelTap/TravelTap/Data/Countries/Europe/France/Cities/MarseilleAttractions.swift /Users/erders/Documents/TravelTap/TravelTap/Data/Countries/Europe/France/Cities/MontSaintMichelAttractions.swift /Users/erders/Documents/TravelTap/TravelTap/Data/Countries/Europe/France/Cities/NancyAttractions.swift /Users/erders/Documents/TravelTap/TravelTap/Data/Countries/Europe/France/Cities/NiceAttractions.swift /Users/erders/Documents/TravelTap/TravelTap/Data/Countries/Europe/France/Cities/NormandyAttractions.swift /Users/erders/Documents/TravelTap/TravelTap/Data/Countries/Europe/France/Cities/ParisAttractions.swift /Users/erders/Documents/TravelTap/TravelTap/Data/Countries/Europe/France/Cities/ProvenceAttractions.swift /Users/erders/Documents/TravelTap/TravelTap/Data/Countries/Europe/France/Cities/ProvinsAttractions.swift /Users/erders/Documents/TravelTap/TravelTap/Data/Countries/Europe/France/Cities/PyreneesAttractions.swift /Users/erders/Documents/TravelTap/TravelTap/Data/Countries/Europe/France/Cities/ReimsAttractions.swift /Users/erders/Documents/TravelTap/TravelTap/Data/Countries/Europe/France/Cities/SaintTropezAttractions.swift /Users/erders/Documents/TravelTap/TravelTap/Data/Countries/Europe/France/Cities/StrasbourgAttractions.swift (in target 'TravelTap' from project 'TravelTap')

SwiftCompile normal arm64 /Users/erders/Documents/TravelTap/TravelTap/Data/Countries/Europe/France/Cities/BordeauxAttractions.swift (in target 'TravelTap' from project 'TravelTap')
    cd /Users/erders/Documents/TravelTap
    

SwiftCompile normal arm64 /Users/erders/Documents/TravelTap/TravelTap/Data/Countries/Europe/France/Cities/BrittanyAttractions.swift (in target 'TravelTap' from project 'TravelTap')
    cd /Users/erders/Documents/TravelTap
    

SwiftCompile normal arm64 /Users/erders/Documents/TravelTap/TravelTap/Data/Countries/Europe/France/Cities/BurgundyAttractions.swift (in target 'TravelTap' from project 'TravelTap')
    cd /Users/erders/Documents/TravelTap
    

SwiftCompile normal arm64 /Users/erders/Documents/TravelTap/TravelTap/Data/Countries/Europe/France/Cities/CannesAttractions.swift (in target 'TravelTap' from project 'TravelTap')
    cd /Users/erders/Documents/TravelTap
    

SwiftCompile normal arm64 /Users/erders/Documents/TravelTap/TravelTap/Data/Countries/Europe/France/Cities/CarcassonneAttractions.swift (in target 'TravelTap' from project 'TravelTap')
    cd /Users/erders/Documents/TravelTap
    

SwiftCompile normal arm64 /Users/erders/Documents/TravelTap/TravelTap/Data/Countries/Europe/France/Cities/CathedralsAttractions.swift (in target 'TravelTap' from project 'TravelTap')
    cd /Users/erders/Documents/TravelTap
    

SwiftCompile normal arm64 /Users/erders/Documents/TravelTap/TravelTap/Data/Countries/Europe/France/Cities/ChamonixAttractions.swift (in target 'TravelTap' from project 'TravelTap')
    cd /Users/erders/Documents/TravelTap
    

SwiftCompile normal arm64 /Users/erders/Documents/TravelTap/TravelTap/Data/Countries/Europe/France/Cities/ColmarAttractions.swift (in target 'TravelTap' from project 'TravelTap')
    cd /Users/erders/Documents/TravelTap
    

SwiftCompile normal arm64 /Users/erders/Documents/TravelTap/TravelTap/Data/Countries/Europe/France/Cities/CorsicaAttractions.swift (in target 'TravelTap' from project 'TravelTap')
    cd /Users/erders/Documents/TravelTap
    

SwiftCompile normal arm64 /Users/erders/Documents/TravelTap/TravelTap/Data/Countries/Europe/France/Cities/DordogneAttractions.swift (in target 'TravelTap' from project 'TravelTap')
    cd /Users/erders/Documents/TravelTap
    

SwiftCompile normal arm64 /Users/erders/Documents/TravelTap/TravelTap/Data/Countries/Europe/France/Cities/LilleAttractions.swift (in target 'TravelTap' from project 'TravelTap')
    cd /Users/erders/Documents/TravelTap
    

SwiftCompile normal arm64 /Users/erders/Documents/TravelTap/TravelTap/Data/Countries/Europe/France/Cities/LoireValleyAttractions.swift (in target 'TravelTap' from project 'TravelTap')
    cd /Users/erders/Documents/TravelTap
    

SwiftCompile normal arm64 /Users/erders/Documents/TravelTap/TravelTap/Data/Countries/Europe/France/Cities/LyonAttractions.swift (in target 'TravelTap' from project 'TravelTap')
    cd /Users/erders/Documents/TravelTap
    

SwiftCompile normal arm64 /Users/erders/Documents/TravelTap/TravelTap/Data/Countries/Europe/France/Cities/MarseilleAttractions.swift (in target 'TravelTap' from project 'TravelTap')
    cd /Users/erders/Documents/TravelTap
    

SwiftCompile normal arm64 /Users/erders/Documents/TravelTap/TravelTap/Data/Countries/Europe/France/Cities/MontSaintMichelAttractions.swift (in target 'TravelTap' from project 'TravelTap')
    cd /Users/erders/Documents/TravelTap
    

SwiftCompile normal arm64 /Users/erders/Documents/TravelTap/TravelTap/Data/Countries/Europe/France/Cities/NancyAttractions.swift (in target 'TravelTap' from project 'TravelTap')
    cd /Users/erders/Documents/TravelTap
    

SwiftCompile normal arm64 /Users/erders/Documents/TravelTap/TravelTap/Data/Countries/Europe/France/Cities/NiceAttractions.swift (in target 'TravelTap' from project 'TravelTap')
    cd /Users/erders/Documents/TravelTap
    

SwiftCompile normal arm64 /Users/erders/Documents/TravelTap/TravelTap/Data/Countries/Europe/France/Cities/NormandyAttractions.swift (in target 'TravelTap' from project 'TravelTap')
    cd /Users/erders/Documents/TravelTap
    

SwiftCompile normal arm64 /Users/erders/Documents/TravelTap/TravelTap/Data/Countries/Europe/France/Cities/ParisAttractions.swift (in target 'TravelTap' from project 'TravelTap')
    cd /Users/erders/Documents/TravelTap
    

SwiftCompile normal arm64 /Users/erders/Documents/TravelTap/TravelTap/Data/Countries/Europe/France/Cities/ProvenceAttractions.swift (in target 'TravelTap' from project 'TravelTap')
    cd /Users/erders/Documents/TravelTap
    

SwiftCompile normal arm64 /Users/erders/Documents/TravelTap/TravelTap/Data/Countries/Europe/France/Cities/ProvinsAttractions.swift (in target 'TravelTap' from project 'TravelTap')
    cd /Users/erders/Documents/TravelTap
    

SwiftCompile normal arm64 /Users/erders/Documents/TravelTap/TravelTap/Data/Countries/Europe/France/Cities/PyreneesAttractions.swift (in target 'TravelTap' from project 'TravelTap')
    cd /Users/erders/Documents/TravelTap
    

SwiftCompile normal arm64 /Users/erders/Documents/TravelTap/TravelTap/Data/Countries/Europe/France/Cities/ReimsAttractions.swift (in target 'TravelTap' from project 'TravelTap')
    cd /Users/erders/Documents/TravelTap
    

SwiftCompile normal arm64 /Users/erders/Documents/TravelTap/TravelTap/Data/Countries/Europe/France/Cities/SaintTropezAttractions.swift (in target 'TravelTap' from project 'TravelTap')
    cd /Users/erders/Documents/TravelTap
    

SwiftCompile normal arm64 /Users/erders/Documents/TravelTap/TravelTap/Data/Countries/Europe/France/Cities/StrasbourgAttractions.swift (in target 'TravelTap' from project 'TravelTap')
    cd /Users/erders/Documents/TravelTap
    

SwiftDriverJobDiscovery normal arm64 Compiling IndonesiaPackage.swift, LuangPrabangAttractions.swift, SouthernLaosAttractions.swift, VangViengAttractions.swift, VientianeAttractions.swift, LaosPackage.swift, KualaLumpurAttractions.swift, LangkawiAttractions.swift, MelakaAttractions.swift, PenangAttractions.swift, MalaysiaPackage.swift, BaganAttractions.swift, InleLakeAttractions.swift, MandalayAttractions.swift, MyanmarRegionsAttractions.swift, YangonAttractions.swift, MyanmarPackage.swift, SiargaoAttractions.swift, PhilippinesPackage.swift, SingaporePackage.swift, BangkokAttractions.swift, NorthernThailandAttractions.swift, PhuketKrabiAttractions.swift, ThaiIslandsAttractions.swift, ThailandPackage.swift (in target 'TravelTap' from project 'TravelTap')

SwiftCompile normal arm64 Compiling\ LisbonAttractions.swift,\ PortoAttractions.swift,\ SintraAttractions.swift,\ PortugalPackage.swift,\ BrasovAttractions.swift,\ BucharestAttractions.swift,\ ClujNapocaAttractions.swift,\ SibiuAttractions.swift,\ RomaniaPackage.swift,\ KazanAttractions.swift,\ MoscowAttractions.swift,\ SochiAttractions.swift,\ StPetersburgAttractions.swift,\ RussiaPackage.swift,\ SergievPosadAttractions.swift,\ VladimirAttractions.swift,\ SuzdalAttractions.swift,\ YaroslavlAttractions.swift,\ KostromaAttractions.swift,\ RostovVelikyAttractions.swift,\ PereslavlZalesskyAttractions.swift,\ NizhnyNovgorodAttractions.swift,\ VolgogradAttractions.swift,\ SamaraAttractions.swift,\ AstrakhanAttractions.swift /Users/erders/Documents/TravelTap/TravelTap/Data/Countries/Europe/Portugal/Cities/LisbonAttractions.swift /Users/erders/Documents/TravelTap/TravelTap/Data/Countries/Europe/Portugal/Cities/PortoAttractions.swift /Users/erders/Documents/TravelTap/TravelTap/Data/Countries/Europe/Portugal/Cities/SintraAttractions.swift /Users/erders/Documents/TravelTap/TravelTap/Data/Countries/Europe/Portugal/PortugalPackage.swift /Users/erders/Documents/TravelTap/TravelTap/Data/Countries/Europe/Romania/Cities/BrasovAttractions.swift /Users/erders/Documents/TravelTap/TravelTap/Data/Countries/Europe/Romania/Cities/BucharestAttractions.swift /Users/erders/Documents/TravelTap/TravelTap/Data/Countries/Europe/Romania/Cities/ClujNapocaAttractions.swift /Users/erders/Documents/TravelTap/TravelTap/Data/Countries/Europe/Romania/Cities/SibiuAttractions.swift /Users/erders/Documents/TravelTap/TravelTap/Data/Countries/Europe/Romania/RomaniaPackage.swift /Users/erders/Documents/TravelTap/TravelTap/Data/Countries/Europe/Russia/Cities/KazanAttractions.swift /Users/erders/Documents/TravelTap/TravelTap/Data/Countries/Europe/Russia/Cities/MoscowAttractions.swift /Users/erders/Documents/TravelTap/TravelTap/Data/Countries/Europe/Russia/Cities/SochiAttractions.swift /Users/erders/Documents/TravelTap/TravelTap/Data/Countries/Europe/Russia/Cities/StPetersburgAttractions.swift /Users/erders/Documents/TravelTap/TravelTap/Data/Countries/Europe/Russia/RussiaPackage.swift /Users/erders/Documents/TravelTap/TravelTap/Data/Countries/Europe/Russia/Cities/SergievPosadAttractions.swift /Users/erders/Documents/TravelTap/TravelTap/Data/Countries/Europe/Russia/Cities/VladimirAttractions.swift /Users/erders/Documents/TravelTap/TravelTap/Data/Countries/Europe/Russia/Cities/SuzdalAttractions.swift /Users/erders/Documents/TravelTap/TravelTap/Data/Countries/Europe/Russia/Cities/YaroslavlAttractions.swift /Users/erders/Documents/TravelTap/TravelTap/Data/Countries/Europe/Russia/Cities/KostromaAttractions.swift /Users/erders/Documents/TravelTap/TravelTap/Data/Countries/Europe/Russia/Cities/RostovVelikyAttractions.swift /Users/erders/Documents/TravelTap/TravelTap/Data/Countries/Europe/Russia/Cities/PereslavlZalesskyAttractions.swift /Users/erders/Documents/TravelTap/TravelTap/Data/Countries/Europe/Russia/Cities/NizhnyNovgorodAttractions.swift /Users/erders/Documents/TravelTap/TravelTap/Data/Countries/Europe/Russia/Cities/VolgogradAttractions.swift /Users/erders/Documents/TravelTap/TravelTap/Data/Countries/Europe/Russia/Cities/SamaraAttractions.swift /Users/erders/Documents/TravelTap/TravelTap/Data/Countries/Europe/Russia/Cities/AstrakhanAttractions.swift (in target 'TravelTap' from project 'TravelTap')

SwiftCompile normal arm64 /Users/erders/Documents/TravelTap/TravelTap/Data/Countries/Europe/Portugal/Cities/LisbonAttractions.swift (in target 'TravelTap' from project 'TravelTap')
    cd /Users/erders/Documents/TravelTap
    

SwiftCompile normal arm64 /Users/erders/Documents/TravelTap/TravelTap/Data/Countries/Europe/Portugal/Cities/PortoAttractions.swift (in target 'TravelTap' from project 'TravelTap')
    cd /Users/erders/Documents/TravelTap
    

SwiftCompile normal arm64 /Users/erders/Documents/TravelTap/TravelTap/Data/Countries/Europe/Portugal/Cities/SintraAttractions.swift (in target 'TravelTap' from project 'TravelTap')
    cd /Users/erders/Documents/TravelTap
    

SwiftCompile normal arm64 /Users/erders/Documents/TravelTap/TravelTap/Data/Countries/Europe/Portugal/PortugalPackage.swift (in target 'TravelTap' from project 'TravelTap')
    cd /Users/erders/Documents/TravelTap
    

SwiftCompile normal arm64 /Users/erders/Documents/TravelTap/TravelTap/Data/Countries/Europe/Romania/Cities/BrasovAttractions.swift (in target 'TravelTap' from project 'TravelTap')
    cd /Users/erders/Documents/TravelTap
    

SwiftCompile normal arm64 /Users/erders/Documents/TravelTap/TravelTap/Data/Countries/Europe/Romania/Cities/BucharestAttractions.swift (in target 'TravelTap' from project 'TravelTap')
    cd /Users/erders/Documents/TravelTap
    

SwiftCompile normal arm64 /Users/erders/Documents/TravelTap/TravelTap/Data/Countries/Europe/Romania/Cities/ClujNapocaAttractions.swift (in target 'TravelTap' from project 'TravelTap')
    cd /Users/erders/Documents/TravelTap
    

SwiftCompile normal arm64 /Users/erders/Documents/TravelTap/TravelTap/Data/Countries/Europe/Romania/Cities/SibiuAttractions.swift (in target 'TravelTap' from project 'TravelTap')
    cd /Users/erders/Documents/TravelTap
    

SwiftCompile normal arm64 /Users/erders/Documents/TravelTap/TravelTap/Data/Countries/Europe/Romania/RomaniaPackage.swift (in target 'TravelTap' from project 'TravelTap')
    cd /Users/erders/Documents/TravelTap
    

SwiftCompile normal arm64 /Users/erders/Documents/TravelTap/TravelTap/Data/Countries/Europe/Russia/Cities/KazanAttractions.swift (in target 'TravelTap' from project 'TravelTap')
    cd /Users/erders/Documents/TravelTap
    

SwiftCompile normal arm64 /Users/erders/Documents/TravelTap/TravelTap/Data/Countries/Europe/Russia/Cities/MoscowAttractions.swift (in target 'TravelTap' from project 'TravelTap')
    cd /Users/erders/Documents/TravelTap
    

SwiftCompile normal arm64 /Users/erders/Documents/TravelTap/TravelTap/Data/Countries/Europe/Russia/Cities/SochiAttractions.swift (in target 'TravelTap' from project 'TravelTap')
    cd /Users/erders/Documents/TravelTap
    

SwiftCompile normal arm64 /Users/erders/Documents/TravelTap/TravelTap/Data/Countries/Europe/Russia/Cities/StPetersburgAttractions.swift (in target 'TravelTap' from project 'TravelTap')
    cd /Users/erders/Documents/TravelTap
    

SwiftCompile normal arm64 /Users/erders/Documents/TravelTap/TravelTap/Data/Countries/Europe/Russia/RussiaPackage.swift (in target 'TravelTap' from project 'TravelTap')
    cd /Users/erders/Documents/TravelTap
    

SwiftCompile normal arm64 /Users/erders/Documents/TravelTap/TravelTap/Data/Countries/Europe/Russia/Cities/SergievPosadAttractions.swift (in target 'TravelTap' from project 'TravelTap')
    cd /Users/erders/Documents/TravelTap
    

SwiftCompile normal arm64 /Users/erders/Documents/TravelTap/TravelTap/Data/Countries/Europe/Russia/Cities/VladimirAttractions.swift (in target 'TravelTap' from project 'TravelTap')
    cd /Users/erders/Documents/TravelTap
    

SwiftCompile normal arm64 /Users/erders/Documents/TravelTap/TravelTap/Data/Countries/Europe/Russia/Cities/SuzdalAttractions.swift (in target 'TravelTap' from project 'TravelTap')
    cd /Users/erders/Documents/TravelTap
    

SwiftCompile normal arm64 /Users/erders/Documents/TravelTap/TravelTap/Data/Countries/Europe/Russia/Cities/YaroslavlAttractions.swift (in target 'TravelTap' from project 'TravelTap')
    cd /Users/erders/Documents/TravelTap
    

SwiftCompile normal arm64 /Users/erders/Documents/TravelTap/TravelTap/Data/Countries/Europe/Russia/Cities/KostromaAttractions.swift (in target 'TravelTap' from project 'TravelTap')
    cd /Users/erders/Documents/TravelTap
    

SwiftCompile normal arm64 /Users/erders/Documents/TravelTap/TravelTap/Data/Countries/Europe/Russia/Cities/RostovVelikyAttractions.swift (in target 'TravelTap' from project 'TravelTap')
    cd /Users/erders/Documents/TravelTap
    

SwiftCompile normal arm64 /Users/erders/Documents/TravelTap/TravelTap/Data/Countries/Europe/Russia/Cities/PereslavlZalesskyAttractions.swift (in target 'TravelTap' from project 'TravelTap')
    cd /Users/erders/Documents/TravelTap
    

SwiftCompile normal arm64 /Users/erders/Documents/TravelTap/TravelTap/Data/Countries/Europe/Russia/Cities/NizhnyNovgorodAttractions.swift (in target 'TravelTap' from project 'TravelTap')
    cd /Users/erders/Documents/TravelTap
    

SwiftCompile normal arm64 /Users/erders/Documents/TravelTap/TravelTap/Data/Countries/Europe/Russia/Cities/VolgogradAttractions.swift (in target 'TravelTap' from project 'TravelTap')
    cd /Users/erders/Documents/TravelTap
    

SwiftCompile normal arm64 /Users/erders/Documents/TravelTap/TravelTap/Data/Countries/Europe/Russia/Cities/SamaraAttractions.swift (in target 'TravelTap' from project 'TravelTap')
    cd /Users/erders/Documents/TravelTap
    

SwiftCompile normal arm64 /Users/erders/Documents/TravelTap/TravelTap/Data/Countries/Europe/Russia/Cities/AstrakhanAttractions.swift (in target 'TravelTap' from project 'TravelTap')
    cd /Users/erders/Documents/TravelTap
    

SwiftDriverJobDiscovery normal arm64 Compiling CaymanIslandsPackage.swift, BoddenTownAttractions.swift, CaymanBracAttractions.swift, EastEndAttractions.swift, GeorgeTownAttractions.swift, LittleCaymanAttractions.swift, NorthSideAttractions.swift, WestBayAttractions.swift, CartagoAttractions.swift, HerediaAttractions.swift, LaFortunaAttractions.swift, LiberiaAttractions.swift, MonteverdeAttractions.swift, PuertoJimenezAttractions.swift, PuertoViejoAttractions.swift, QueposAttractions.swift, SanJoseAttractions.swift, SantaTeresaAttractions.swift, TortugueroAttractions.swift, CostaRicaPackage.swift, BaracoaAttractions.swift, CamagueyAttractions.swift, CienfuegosAttractions.swift, HavanaAttractions.swift, SantiagoDeCubaAttractions.swift (in target 'TravelTap' from project 'TravelTap')

SwiftCompile normal arm64 Compiling\ DhakaAttractions.swift,\ KhulnaAttractions.swift,\ RajshahiAttractions.swift,\ RangamatiAttractions.swift,\ SonargaonAttractions.swift,\ SylhetAttractions.swift,\ BhutanPackage.swift,\ BumthangAttractions.swift,\ HaaAttractions.swift,\ ParoAttractions.swift,\ PhobjikhaAttractions.swift,\ PhuentsholingAttractions.swift,\ PunakhaAttractions.swift,\ ThimphuAttractions.swift,\ TrongsaAttractions.swift,\ AgraAttractions.swift,\ AmritsarAttractions.swift,\ DarjeelingAttractions.swift,\ DelhiAttractions.swift,\ GoaAttractions.swift,\ HampiAttractions.swift,\ HyderabadAttractions.swift,\ JaipurAttractions.swift,\ JaisalmerAttractions.swift,\ KeralaAttractions.swift /Users/erders/Documents/TravelTap/TravelTap/Data/Countries/Asia/SouthAsia/Bangladesh/Cities/DhakaAttractions.swift /Users/erders/Documents/TravelTap/TravelTap/Data/Countries/Asia/SouthAsia/Bangladesh/Cities/KhulnaAttractions.swift /Users/erders/Documents/TravelTap/TravelTap/Data/Countries/Asia/SouthAsia/Bangladesh/Cities/RajshahiAttractions.swift /Users/erders/Documents/TravelTap/TravelTap/Data/Countries/Asia/SouthAsia/Bangladesh/Cities/RangamatiAttractions.swift /Users/erders/Documents/TravelTap/TravelTap/Data/Countries/Asia/SouthAsia/Bangladesh/Cities/SonargaonAttractions.swift /Users/erders/Documents/TravelTap/TravelTap/Data/Countries/Asia/SouthAsia/Bangladesh/Cities/SylhetAttractions.swift /Users/erders/Documents/TravelTap/TravelTap/Data/Countries/Asia/SouthAsia/Bhutan/BhutanPackage.swift /Users/erders/Documents/TravelTap/TravelTap/Data/Countries/Asia/SouthAsia/Bhutan/Cities/BumthangAttractions.swift /Users/erders/Documents/TravelTap/TravelTap/Data/Countries/Asia/SouthAsia/Bhutan/Cities/HaaAttractions.swift /Users/erders/Documents/TravelTap/TravelTap/Data/Countries/Asia/SouthAsia/Bhutan/Cities/ParoAttractions.swift /Users/erders/Documents/TravelTap/TravelTap/Data/Countries/Asia/SouthAsia/Bhutan/Cities/PhobjikhaAttractions.swift /Users/erders/Documents/TravelTap/TravelTap/Data/Countries/Asia/SouthAsia/Bhutan/Cities/PhuentsholingAttractions.swift /Users/erders/Documents/TravelTap/TravelTap/Data/Countries/Asia/SouthAsia/Bhutan/Cities/PunakhaAttractions.swift /Users/erders/Documents/TravelTap/TravelTap/Data/Countries/Asia/SouthAsia/Bhutan/Cities/ThimphuAttractions.swift /Users/erders/Documents/TravelTap/TravelTap/Data/Countries/Asia/SouthAsia/Bhutan/Cities/TrongsaAttractions.swift /Users/erders/Documents/TravelTap/TravelTap/Data/Countries/Asia/SouthAsia/India/Cities/AgraAttractions.swift /Users/erders/Documents/TravelTap/TravelTap/Data/Countries/Asia/SouthAsia/India/Cities/AmritsarAttractions.swift /Users/erders/Documents/TravelTap/TravelTap/Data/Countries/Asia/SouthAsia/India/Cities/DarjeelingAttractions.swift /Users/erders/Documents/TravelTap/TravelTap/Data/Countries/Asia/SouthAsia/India/Cities/DelhiAttractions.swift /Users/erders/Documents/TravelTap/TravelTap/Data/Countries/Asia/SouthAsia/India/Cities/GoaAttractions.swift /Users/erders/Documents/TravelTap/TravelTap/Data/Countries/Asia/SouthAsia/India/Cities/HampiAttractions.swift /Users/erders/Documents/TravelTap/TravelTap/Data/Countries/Asia/SouthAsia/India/Cities/HyderabadAttractions.swift /Users/erders/Documents/TravelTap/TravelTap/Data/Countries/Asia/SouthAsia/India/Cities/JaipurAttractions.swift /Users/erders/Documents/TravelTap/TravelTap/Data/Countries/Asia/SouthAsia/India/Cities/JaisalmerAttractions.swift /Users/erders/Documents/TravelTap/TravelTap/Data/Countries/Asia/SouthAsia/India/Cities/KeralaAttractions.swift (in target 'TravelTap' from project 'TravelTap')

SwiftCompile normal arm64 /Users/erders/Documents/TravelTap/TravelTap/Data/Countries/Asia/SouthAsia/Bangladesh/Cities/DhakaAttractions.swift (in target 'TravelTap' from project 'TravelTap')
    cd /Users/erders/Documents/TravelTap
    

SwiftCompile normal arm64 /Users/erders/Documents/TravelTap/TravelTap/Data/Countries/Asia/SouthAsia/Bangladesh/Cities/KhulnaAttractions.swift (in target 'TravelTap' from project 'TravelTap')
    cd /Users/erders/Documents/TravelTap
    

SwiftCompile normal arm64 /Users/erders/Documents/TravelTap/TravelTap/Data/Countries/Asia/SouthAsia/Bangladesh/Cities/RajshahiAttractions.swift (in target 'TravelTap' from project 'TravelTap')
    cd /Users/erders/Documents/TravelTap
    

SwiftCompile normal arm64 /Users/erders/Documents/TravelTap/TravelTap/Data/Countries/Asia/SouthAsia/Bangladesh/Cities/RangamatiAttractions.swift (in target 'TravelTap' from project 'TravelTap')
    cd /Users/erders/Documents/TravelTap
    

SwiftCompile normal arm64 /Users/erders/Documents/TravelTap/TravelTap/Data/Countries/Asia/SouthAsia/Bangladesh/Cities/SonargaonAttractions.swift (in target 'TravelTap' from project 'TravelTap')
    cd /Users/erders/Documents/TravelTap
    

SwiftCompile normal arm64 /Users/erders/Documents/TravelTap/TravelTap/Data/Countries/Asia/SouthAsia/Bangladesh/Cities/SylhetAttractions.swift (in target 'TravelTap' from project 'TravelTap')
    cd /Users/erders/Documents/TravelTap
    

SwiftCompile normal arm64 /Users/erders/Documents/TravelTap/TravelTap/Data/Countries/Asia/SouthAsia/Bhutan/BhutanPackage.swift (in target 'TravelTap' from project 'TravelTap')
    cd /Users/erders/Documents/TravelTap
    

SwiftCompile normal arm64 /Users/erders/Documents/TravelTap/TravelTap/Data/Countries/Asia/SouthAsia/Bhutan/Cities/BumthangAttractions.swift (in target 'TravelTap' from project 'TravelTap')
    cd /Users/erders/Documents/TravelTap
    

SwiftCompile normal arm64 /Users/erders/Documents/TravelTap/TravelTap/Data/Countries/Asia/SouthAsia/Bhutan/Cities/HaaAttractions.swift (in target 'TravelTap' from project 'TravelTap')
    cd /Users/erders/Documents/TravelTap
    

SwiftCompile normal arm64 /Users/erders/Documents/TravelTap/TravelTap/Data/Countries/Asia/SouthAsia/Bhutan/Cities/ParoAttractions.swift (in target 'TravelTap' from project 'TravelTap')
    cd /Users/erders/Documents/TravelTap
    

SwiftCompile normal arm64 /Users/erders/Documents/TravelTap/TravelTap/Data/Countries/Asia/SouthAsia/Bhutan/Cities/PhobjikhaAttractions.swift (in target 'TravelTap' from project 'TravelTap')
    cd /Users/erders/Documents/TravelTap
    

SwiftCompile normal arm64 /Users/erders/Documents/TravelTap/TravelTap/Data/Countries/Asia/SouthAsia/Bhutan/Cities/PhuentsholingAttractions.swift (in target 'TravelTap' from project 'TravelTap')
    cd /Users/erders/Documents/TravelTap
    

SwiftCompile normal arm64 /Users/erders/Documents/TravelTap/TravelTap/Data/Countries/Asia/SouthAsia/Bhutan/Cities/PunakhaAttractions.swift (in target 'TravelTap' from project 'TravelTap')
    cd /Users/erders/Documents/TravelTap
    

SwiftCompile normal arm64 /Users/erders/Documents/TravelTap/TravelTap/Data/Countries/Asia/SouthAsia/Bhutan/Cities/ThimphuAttractions.swift (in target 'TravelTap' from project 'TravelTap')
    cd /Users/erders/Documents/TravelTap
    

SwiftCompile normal arm64 /Users/erders/Documents/TravelTap/TravelTap/Data/Countries/Asia/SouthAsia/Bhutan/Cities/TrongsaAttractions.swift (in target 'TravelTap' from project 'TravelTap')
    cd /Users/erders/Documents/TravelTap
    

SwiftCompile normal arm64 /Users/erders/Documents/TravelTap/TravelTap/Data/Countries/Asia/SouthAsia/India/Cities/AgraAttractions.swift (in target 'TravelTap' from project 'TravelTap')
    cd /Users/erders/Documents/TravelTap
    

SwiftCompile normal arm64 /Users/erders/Documents/TravelTap/TravelTap/Data/Countries/Asia/SouthAsia/India/Cities/AmritsarAttractions.swift (in target 'TravelTap' from project 'TravelTap')
    cd /Users/erders/Documents/TravelTap
    

SwiftCompile normal arm64 /Users/erders/Documents/TravelTap/TravelTap/Data/Countries/Asia/SouthAsia/India/Cities/DarjeelingAttractions.swift (in target 'TravelTap' from project 'TravelTap')
    cd /Users/erders/Documents/TravelTap
    

SwiftCompile normal arm64 /Users/erders/Documents/TravelTap/TravelTap/Data/Countries/Asia/SouthAsia/India/Cities/DelhiAttractions.swift (in target 'TravelTap' from project 'TravelTap')
    cd /Users/erders/Documents/TravelTap
    

SwiftCompile normal arm64 /Users/erders/Documents/TravelTap/TravelTap/Data/Countries/Asia/SouthAsia/India/Cities/GoaAttractions.swift (in target 'TravelTap' from project 'TravelTap')
    cd /Users/erders/Documents/TravelTap
    

SwiftCompile normal arm64 /Users/erders/Documents/TravelTap/TravelTap/Data/Countries/Asia/SouthAsia/India/Cities/HampiAttractions.swift (in target 'TravelTap' from project 'TravelTap')
    cd /Users/erders/Documents/TravelTap
    

SwiftCompile normal arm64 /Users/erders/Documents/TravelTap/TravelTap/Data/Countries/Asia/SouthAsia/India/Cities/HyderabadAttractions.swift (in target 'TravelTap' from project 'TravelTap')
    cd /Users/erders/Documents/TravelTap
    

SwiftCompile normal arm64 /Users/erders/Documents/TravelTap/TravelTap/Data/Countries/Asia/SouthAsia/India/Cities/JaipurAttractions.swift (in target 'TravelTap' from project 'TravelTap')
    cd /Users/erders/Documents/TravelTap
    

SwiftCompile normal arm64 /Users/erders/Documents/TravelTap/TravelTap/Data/Countries/Asia/SouthAsia/India/Cities/JaisalmerAttractions.swift (in target 'TravelTap' from project 'TravelTap')
    cd /Users/erders/Documents/TravelTap
    

SwiftCompile normal arm64 /Users/erders/Documents/TravelTap/TravelTap/Data/Countries/Asia/SouthAsia/India/Cities/KeralaAttractions.swift (in target 'TravelTap' from project 'TravelTap')
    cd /Users/erders/Documents/TravelTap
    

SwiftDriverJobDiscovery normal arm64 Compiling SamosAttractions.swift, HydraAttractions.swift, FolegandrosAttractions.swift, SyrosAttractions.swift, NaxosAttractions.swift, PatmosAttractions.swift, PeloponneseAttractions.swift, KefaloniaAttractions.swift, TinosAttractions.swift, SerifosAttractions.swift, OlympiaAttractions.swift, MilosAttractions.swift, IkariaAttractions.swift, SkiathosAttractions.swift, MeteoraAttractions.swift, IosAttractions.swift, ParosAttractions.swift, DortmundAttractions.swift, LeuvenAttractions.swift, ArdennesAttractions.swift, MonsAttractions.swift, BastogneAttractions.swift, KnokkeHeistAttractions.swift, DeHaanAttractions.swift, KortrijkAttractions.swift (in target 'TravelTap' from project 'TravelTap')

SwiftCompile normal arm64 Compiling\ MindoAttractions.swift,\ MontanitaPacificCoastAttractions.swift,\ OtavaloAttractions.swift,\ QuilotoaAttractions.swift,\ QuitoAttractions.swift,\ VilcabambaAttractions.swift,\ EcuadorPackage.swift,\ AnnaiAttractions.swift,\ BarticaAttractions.swift,\ BerbiceRegionAttractions.swift,\ EssequiboIslandsAttractions.swift,\ GeorgetownAttractions.swift,\ IwokramaForestAttractions.swift,\ KaieteurFallsAttractions.swift,\ LethemAttractions.swift,\ OrinduikFallsAttractions.swift,\ RupununiSavannahAttractions.swift,\ SantaMissionAttractions.swift,\ ShellBeachAttractions.swift,\ SuramaVillageAttractions.swift,\ GuyanaPackage.swift,\ AreguaAttractions.swift,\ AsuncionAttractions.swift,\ CaacupeAttractions.swift,\ CerroCoraAttractions.swift /Users/erders/Documents/TravelTap/TravelTap/Data/Countries/SouthAmerica/Ecuador/Cities/MindoAttractions.swift /Users/erders/Documents/TravelTap/TravelTap/Data/Countries/SouthAmerica/Ecuador/Cities/MontanitaPacificCoastAttractions.swift /Users/erders/Documents/TravelTap/TravelTap/Data/Countries/SouthAmerica/Ecuador/Cities/OtavaloAttractions.swift /Users/erders/Documents/TravelTap/TravelTap/Data/Countries/SouthAmerica/Ecuador/Cities/QuilotoaAttractions.swift /Users/erders/Documents/TravelTap/TravelTap/Data/Countries/SouthAmerica/Ecuador/Cities/QuitoAttractions.swift /Users/erders/Documents/TravelTap/TravelTap/Data/Countries/SouthAmerica/Ecuador/Cities/VilcabambaAttractions.swift /Users/erders/Documents/TravelTap/TravelTap/Data/Countries/SouthAmerica/Ecuador/EcuadorPackage.swift /Users/erders/Documents/TravelTap/TravelTap/Data/Countries/SouthAmerica/Guyana/Cities/AnnaiAttractions.swift /Users/erders/Documents/TravelTap/TravelTap/Data/Countries/SouthAmerica/Guyana/Cities/BarticaAttractions.swift /Users/erders/Documents/TravelTap/TravelTap/Data/Countries/SouthAmerica/Guyana/Cities/BerbiceRegionAttractions.swift /Users/erders/Documents/TravelTap/TravelTap/Data/Countries/SouthAmerica/Guyana/Cities/EssequiboIslandsAttractions.swift /Users/erders/Documents/TravelTap/TravelTap/Data/Countries/SouthAmerica/Guyana/Cities/GeorgetownAttractions.swift /Users/erders/Documents/TravelTap/TravelTap/Data/Countries/SouthAmerica/Guyana/Cities/IwokramaForestAttractions.swift /Users/erders/Documents/TravelTap/TravelTap/Data/Countries/SouthAmerica/Guyana/Cities/KaieteurFallsAttractions.swift /Users/erders/Documents/TravelTap/TravelTap/Data/Countries/SouthAmerica/Guyana/Cities/LethemAttractions.swift /Users/erders/Documents/TravelTap/TravelTap/Data/Countries/SouthAmerica/Guyana/Cities/OrinduikFallsAttractions.swift /Users/erders/Documents/TravelTap/TravelTap/Data/Countries/SouthAmerica/Guyana/Cities/RupununiSavannahAttractions.swift /Users/erders/Documents/TravelTap/TravelTap/Data/Countries/SouthAmerica/Guyana/Cities/SantaMissionAttractions.swift /Users/erders/Documents/TravelTap/TravelTap/Data/Countries/SouthAmerica/Guyana/Cities/ShellBeachAttractions.swift /Users/erders/Documents/TravelTap/TravelTap/Data/Countries/SouthAmerica/Guyana/Cities/SuramaVillageAttractions.swift /Users/erders/Documents/TravelTap/TravelTap/Data/Countries/SouthAmerica/Guyana/GuyanaPackage.swift /Users/erders/Documents/TravelTap/TravelTap/Data/Countries/SouthAmerica/Paraguay/Cities/AreguaAttractions.swift /Users/erders/Documents/TravelTap/TravelTap/Data/Countries/SouthAmerica/Paraguay/Cities/AsuncionAttractions.swift /Users/erders/Documents/TravelTap/TravelTap/Data/Countries/SouthAmerica/Paraguay/Cities/CaacupeAttractions.swift /Users/erders/Documents/TravelTap/TravelTap/Data/Countries/SouthAmerica/Paraguay/Cities/CerroCoraAttractions.swift (in target 'TravelTap' from project 'TravelTap')

SwiftCompile normal arm64 /Users/erders/Documents/TravelTap/TravelTap/Data/Countries/SouthAmerica/Ecuador/Cities/MindoAttractions.swift (in target 'TravelTap' from project 'TravelTap')
    cd /Users/erders/Documents/TravelTap
    

SwiftCompile normal arm64 /Users/erders/Documents/TravelTap/TravelTap/Data/Countries/SouthAmerica/Ecuador/Cities/MontanitaPacificCoastAttractions.swift (in target 'TravelTap' from project 'TravelTap')
    cd /Users/erders/Documents/TravelTap
    

SwiftCompile normal arm64 /Users/erders/Documents/TravelTap/TravelTap/Data/Countries/SouthAmerica/Ecuador/Cities/OtavaloAttractions.swift (in target 'TravelTap' from project 'TravelTap')
    cd /Users/erders/Documents/TravelTap
    

SwiftCompile normal arm64 /Users/erders/Documents/TravelTap/TravelTap/Data/Countries/SouthAmerica/Ecuador/Cities/QuilotoaAttractions.swift (in target 'TravelTap' from project 'TravelTap')
    cd /Users/erders/Documents/TravelTap
    

SwiftCompile normal arm64 /Users/erders/Documents/TravelTap/TravelTap/Data/Countries/SouthAmerica/Ecuador/Cities/QuitoAttractions.swift (in target 'TravelTap' from project 'TravelTap')
    cd /Users/erders/Documents/TravelTap
    

SwiftCompile normal arm64 /Users/erders/Documents/TravelTap/TravelTap/Data/Countries/SouthAmerica/Ecuador/Cities/VilcabambaAttractions.swift (in target 'TravelTap' from project 'TravelTap')
    cd /Users/erders/Documents/TravelTap
    

SwiftCompile normal arm64 /Users/erders/Documents/TravelTap/TravelTap/Data/Countries/SouthAmerica/Ecuador/EcuadorPackage.swift (in target 'TravelTap' from project 'TravelTap')
    cd /Users/erders/Documents/TravelTap
    

SwiftCompile normal arm64 /Users/erders/Documents/TravelTap/TravelTap/Data/Countries/SouthAmerica/Guyana/Cities/AnnaiAttractions.swift (in target 'TravelTap' from project 'TravelTap')
    cd /Users/erders/Documents/TravelTap
    

SwiftCompile normal arm64 /Users/erders/Documents/TravelTap/TravelTap/Data/Countries/SouthAmerica/Guyana/Cities/BarticaAttractions.swift (in target 'TravelTap' from project 'TravelTap')
    cd /Users/erders/Documents/TravelTap
    

SwiftCompile normal arm64 /Users/erders/Documents/TravelTap/TravelTap/Data/Countries/SouthAmerica/Guyana/Cities/BerbiceRegionAttractions.swift (in target 'TravelTap' from project 'TravelTap')
    cd /Users/erders/Documents/TravelTap
    

SwiftCompile normal arm64 /Users/erders/Documents/TravelTap/TravelTap/Data/Countries/SouthAmerica/Guyana/Cities/EssequiboIslandsAttractions.swift (in target 'TravelTap' from project 'TravelTap')
    cd /Users/erders/Documents/TravelTap
    

SwiftCompile normal arm64 /Users/erders/Documents/TravelTap/TravelTap/Data/Countries/SouthAmerica/Guyana/Cities/GeorgetownAttractions.swift (in target 'TravelTap' from project 'TravelTap')
    cd /Users/erders/Documents/TravelTap
    

SwiftCompile normal arm64 /Users/erders/Documents/TravelTap/TravelTap/Data/Countries/SouthAmerica/Guyana/Cities/IwokramaForestAttractions.swift (in target 'TravelTap' from project 'TravelTap')
    cd /Users/erders/Documents/TravelTap
    

SwiftCompile normal arm64 /Users/erders/Documents/TravelTap/TravelTap/Data/Countries/SouthAmerica/Guyana/Cities/KaieteurFallsAttractions.swift (in target 'TravelTap' from project 'TravelTap')
    cd /Users/erders/Documents/TravelTap
    

SwiftCompile normal arm64 /Users/erders/Documents/TravelTap/TravelTap/Data/Countries/SouthAmerica/Guyana/Cities/LethemAttractions.swift (in target 'TravelTap' from project 'TravelTap')
    cd /Users/erders/Documents/TravelTap
    

SwiftCompile normal arm64 /Users/erders/Documents/TravelTap/TravelTap/Data/Countries/SouthAmerica/Guyana/Cities/OrinduikFallsAttractions.swift (in target 'TravelTap' from project 'TravelTap')
    cd /Users/erders/Documents/TravelTap
    

SwiftCompile normal arm64 /Users/erders/Documents/TravelTap/TravelTap/Data/Countries/SouthAmerica/Guyana/Cities/RupununiSavannahAttractions.swift (in target 'TravelTap' from project 'TravelTap')
    cd /Users/erders/Documents/TravelTap
    

SwiftCompile normal arm64 /Users/erders/Documents/TravelTap/TravelTap/Data/Countries/SouthAmerica/Guyana/Cities/SantaMissionAttractions.swift (in target 'TravelTap' from project 'TravelTap')
    cd /Users/erders/Documents/TravelTap
    

SwiftCompile normal arm64 /Users/erders/Documents/TravelTap/TravelTap/Data/Countries/SouthAmerica/Guyana/Cities/ShellBeachAttractions.swift (in target 'TravelTap' from project 'TravelTap')
    cd /Users/erders/Documents/TravelTap
    

SwiftCompile normal arm64 /Users/erders/Documents/TravelTap/TravelTap/Data/Countries/SouthAmerica/Guyana/Cities/SuramaVillageAttractions.swift (in target 'TravelTap' from project 'TravelTap')
    cd /Users/erders/Documents/TravelTap
    

SwiftCompile normal arm64 /Users/erders/Documents/TravelTap/TravelTap/Data/Countries/SouthAmerica/Guyana/GuyanaPackage.swift (in target 'TravelTap' from project 'TravelTap')
    cd /Users/erders/Documents/TravelTap
    

SwiftCompile normal arm64 /Users/erders/Documents/TravelTap/TravelTap/Data/Countries/SouthAmerica/Paraguay/Cities/AreguaAttractions.swift (in target 'TravelTap' from project 'TravelTap')
    cd /Users/erders/Documents/TravelTap
    

SwiftCompile normal arm64 /Users/erders/Documents/TravelTap/TravelTap/Data/Countries/SouthAmerica/Paraguay/Cities/AsuncionAttractions.swift (in target 'TravelTap' from project 'TravelTap')
    cd /Users/erders/Documents/TravelTap
    

SwiftCompile normal arm64 /Users/erders/Documents/TravelTap/TravelTap/Data/Countries/SouthAmerica/Paraguay/Cities/CaacupeAttractions.swift (in target 'TravelTap' from project 'TravelTap')
    cd /Users/erders/Documents/TravelTap
    

SwiftCompile normal arm64 /Users/erders/Documents/TravelTap/TravelTap/Data/Countries/SouthAmerica/Paraguay/Cities/CerroCoraAttractions.swift (in target 'TravelTap' from project 'TravelTap')
    cd /Users/erders/Documents/TravelTap
    

SwiftDriverJobDiscovery normal arm64 Compiling AlkmaarAttractions.swift, KeukenhofAttractions.swift, MaastrichtAttractions.swift, LeidenAttractions.swift, ArnhemAttractions.swift, DelftAttractions.swift, MiddelburgAttractions.swift, DenBoschAttractions.swift, NijmegenAttractions.swift, TexelAttractions.swift, ZwolleAttractions.swift, HaarlemAttractions.swift, GroningenAttractions.swift, GoudaAttractions.swift, DeventerAttractions.swift, WaddenIslandsAttractions.swift, AmersfoortAttractions.swift, LeeuwardenAttractions.swift, DordrechtAttractions.swift, NotablePlacesNetherlandsAttractions.swift, DelphiAttractions.swift, LesbosAttractions.swift, KosAttractions.swift, ZakynthosAttractions.swift, SkopelosAttractions.swift (in target 'TravelTap' from project 'TravelTap')

SwiftCompile normal arm64 Compiling\ AmazonLeticiaAttractions.swift,\ BaricharaAttractions.swift,\ BogotaAttractions.swift,\ CaliAttractions.swift,\ CapurganaSapzurroAttractions.swift,\ CartagenaAttractions.swift,\ CoffeeRegionAttractions.swift,\ MedellinAttractions.swift,\ NuquiPacificCoastAttractions.swift,\ PastoLasLajasAttractions.swift,\ PopayanAttractions.swift,\ ProvidenciaIslandAttractions.swift,\ SanAndresIslandAttractions.swift,\ SanGilAttractions.swift,\ SantaMartaAttractions.swift,\ TatacoaDesertAttractions.swift,\ VillaDeLeyvaAttractions.swift,\ ColombiaPackage.swift,\ AmazonOrienteAttractions.swift,\ BanosAttractions.swift,\ ChimborazoAttractions.swift,\ CotopaxiAttractions.swift,\ GalapagosIslandsAttractions.swift,\ GuayaquilAttractions.swift,\ LojaAttractions.swift /Users/erders/Documents/TravelTap/TravelTap/Data/Countries/SouthAmerica/Colombia/Cities/AmazonLeticiaAttractions.swift /Users/erders/Documents/TravelTap/TravelTap/Data/Countries/SouthAmerica/Colombia/Cities/BaricharaAttractions.swift /Users/erders/Documents/TravelTap/TravelTap/Data/Countries/SouthAmerica/Colombia/Cities/BogotaAttractions.swift /Users/erders/Documents/TravelTap/TravelTap/Data/Countries/SouthAmerica/Colombia/Cities/CaliAttractions.swift /Users/erders/Documents/TravelTap/TravelTap/Data/Countries/SouthAmerica/Colombia/Cities/CapurganaSapzurroAttractions.swift /Users/erders/Documents/TravelTap/TravelTap/Data/Countries/SouthAmerica/Colombia/Cities/CartagenaAttractions.swift /Users/erders/Documents/TravelTap/TravelTap/Data/Countries/SouthAmerica/Colombia/Cities/CoffeeRegionAttractions.swift /Users/erders/Documents/TravelTap/TravelTap/Data/Countries/SouthAmerica/Colombia/Cities/MedellinAttractions.swift /Users/erders/Documents/TravelTap/TravelTap/Data/Countries/SouthAmerica/Colombia/Cities/NuquiPacificCoastAttractions.swift /Users/erders/Documents/TravelTap/TravelTap/Data/Countries/SouthAmerica/Colombia/Cities/PastoLasLajasAttractions.swift /Users/erders/Documents/TravelTap/TravelTap/Data/Countries/SouthAmerica/Colombia/Cities/PopayanAttractions.swift /Users/erders/Documents/TravelTap/TravelTap/Data/Countries/SouthAmerica/Colombia/Cities/ProvidenciaIslandAttractions.swift /Users/erders/Documents/TravelTap/TravelTap/Data/Countries/SouthAmerica/Colombia/Cities/SanAndresIslandAttractions.swift /Users/erders/Documents/TravelTap/TravelTap/Data/Countries/SouthAmerica/Colombia/Cities/SanGilAttractions.swift /Users/erders/Documents/TravelTap/TravelTap/Data/Countries/SouthAmerica/Colombia/Cities/SantaMartaAttractions.swift /Users/erders/Documents/TravelTap/TravelTap/Data/Countries/SouthAmerica/Colombia/Cities/TatacoaDesertAttractions.swift /Users/erders/Documents/TravelTap/TravelTap/Data/Countries/SouthAmerica/Colombia/Cities/VillaDeLeyvaAttractions.swift /Users/erders/Documents/TravelTap/TravelTap/Data/Countries/SouthAmerica/Colombia/ColombiaPackage.swift /Users/erders/Documents/TravelTap/TravelTap/Data/Countries/SouthAmerica/Ecuador/Cities/AmazonOrienteAttractions.swift /Users/erders/Documents/TravelTap/TravelTap/Data/Countries/SouthAmerica/Ecuador/Cities/BanosAttractions.swift /Users/erders/Documents/TravelTap/TravelTap/Data/Countries/SouthAmerica/Ecuador/Cities/ChimborazoAttractions.swift /Users/erders/Documents/TravelTap/TravelTap/Data/Countries/SouthAmerica/Ecuador/Cities/CotopaxiAttractions.swift /Users/erders/Documents/TravelTap/TravelTap/Data/Countries/SouthAmerica/Ecuador/Cities/GalapagosIslandsAttractions.swift /Users/erders/Documents/TravelTap/TravelTap/Data/Countries/SouthAmerica/Ecuador/Cities/GuayaquilAttractions.swift /Users/erders/Documents/TravelTap/TravelTap/Data/Countries/SouthAmerica/Ecuador/Cities/LojaAttractions.swift (in target 'TravelTap' from project 'TravelTap')

SwiftCompile normal arm64 /Users/erders/Documents/TravelTap/TravelTap/Data/Countries/SouthAmerica/Colombia/Cities/AmazonLeticiaAttractions.swift (in target 'TravelTap' from project 'TravelTap')
    cd /Users/erders/Documents/TravelTap
    

SwiftCompile normal arm64 /Users/erders/Documents/TravelTap/TravelTap/Data/Countries/SouthAmerica/Colombia/Cities/BaricharaAttractions.swift (in target 'TravelTap' from project 'TravelTap')
    cd /Users/erders/Documents/TravelTap
    

SwiftCompile normal arm64 /Users/erders/Documents/TravelTap/TravelTap/Data/Countries/SouthAmerica/Colombia/Cities/BogotaAttractions.swift (in target 'TravelTap' from project 'TravelTap')
    cd /Users/erders/Documents/TravelTap
    

SwiftCompile normal arm64 /Users/erders/Documents/TravelTap/TravelTap/Data/Countries/SouthAmerica/Colombia/Cities/CaliAttractions.swift (in target 'TravelTap' from project 'TravelTap')
    cd /Users/erders/Documents/TravelTap
    

SwiftCompile normal arm64 /Users/erders/Documents/TravelTap/TravelTap/Data/Countries/SouthAmerica/Colombia/Cities/CapurganaSapzurroAttractions.swift (in target 'TravelTap' from project 'TravelTap')
    cd /Users/erders/Documents/TravelTap
    

SwiftCompile normal arm64 /Users/erders/Documents/TravelTap/TravelTap/Data/Countries/SouthAmerica/Colombia/Cities/CartagenaAttractions.swift (in target 'TravelTap' from project 'TravelTap')
    cd /Users/erders/Documents/TravelTap
    

SwiftCompile normal arm64 /Users/erders/Documents/TravelTap/TravelTap/Data/Countries/SouthAmerica/Colombia/Cities/CoffeeRegionAttractions.swift (in target 'TravelTap' from project 'TravelTap')
    cd /Users/erders/Documents/TravelTap
    

SwiftCompile normal arm64 /Users/erders/Documents/TravelTap/TravelTap/Data/Countries/SouthAmerica/Colombia/Cities/MedellinAttractions.swift (in target 'TravelTap' from project 'TravelTap')
    cd /Users/erders/Documents/TravelTap
    

SwiftCompile normal arm64 /Users/erders/Documents/TravelTap/TravelTap/Data/Countries/SouthAmerica/Colombia/Cities/NuquiPacificCoastAttractions.swift (in target 'TravelTap' from project 'TravelTap')
    cd /Users/erders/Documents/TravelTap
    

SwiftCompile normal arm64 /Users/erders/Documents/TravelTap/TravelTap/Data/Countries/SouthAmerica/Colombia/Cities/PastoLasLajasAttractions.swift (in target 'TravelTap' from project 'TravelTap')
    cd /Users/erders/Documents/TravelTap
    

SwiftCompile normal arm64 /Users/erders/Documents/TravelTap/TravelTap/Data/Countries/SouthAmerica/Colombia/Cities/PopayanAttractions.swift (in target 'TravelTap' from project 'TravelTap')
    cd /Users/erders/Documents/TravelTap
    

SwiftCompile normal arm64 /Users/erders/Documents/TravelTap/TravelTap/Data/Countries/SouthAmerica/Colombia/Cities/ProvidenciaIslandAttractions.swift (in target 'TravelTap' from project 'TravelTap')
    cd /Users/erders/Documents/TravelTap
    

SwiftCompile normal arm64 /Users/erders/Documents/TravelTap/TravelTap/Data/Countries/SouthAmerica/Colombia/Cities/SanAndresIslandAttractions.swift (in target 'TravelTap' from project 'TravelTap')
    cd /Users/erders/Documents/TravelTap
    

SwiftCompile normal arm64 /Users/erders/Documents/TravelTap/TravelTap/Data/Countries/SouthAmerica/Colombia/Cities/SanGilAttractions.swift (in target 'TravelTap' from project 'TravelTap')
    cd /Users/erders/Documents/TravelTap
    

SwiftCompile normal arm64 /Users/erders/Documents/TravelTap/TravelTap/Data/Countries/SouthAmerica/Colombia/Cities/SantaMartaAttractions.swift (in target 'TravelTap' from project 'TravelTap')
    cd /Users/erders/Documents/TravelTap
    

SwiftCompile normal arm64 /Users/erders/Documents/TravelTap/TravelTap/Data/Countries/SouthAmerica/Colombia/Cities/TatacoaDesertAttractions.swift (in target 'TravelTap' from project 'TravelTap')
    cd /Users/erders/Documents/TravelTap
    

SwiftCompile normal arm64 /Users/erders/Documents/TravelTap/TravelTap/Data/Countries/SouthAmerica/Colombia/Cities/VillaDeLeyvaAttractions.swift (in target 'TravelTap' from project 'TravelTap')
    cd /Users/erders/Documents/TravelTap
    

SwiftCompile normal arm64 /Users/erders/Documents/TravelTap/TravelTap/Data/Countries/SouthAmerica/Colombia/ColombiaPackage.swift (in target 'TravelTap' from project 'TravelTap')
    cd /Users/erders/Documents/TravelTap
    

SwiftCompile normal arm64 /Users/erders/Documents/TravelTap/TravelTap/Data/Countries/SouthAmerica/Ecuador/Cities/AmazonOrienteAttractions.swift (in target 'TravelTap' from project 'TravelTap')
    cd /Users/erders/Documents/TravelTap
    

SwiftCompile normal arm64 /Users/erders/Documents/TravelTap/TravelTap/Data/Countries/SouthAmerica/Ecuador/Cities/BanosAttractions.swift (in target 'TravelTap' from project 'TravelTap')
    cd /Users/erders/Documents/TravelTap
    

SwiftCompile normal arm64 /Users/erders/Documents/TravelTap/TravelTap/Data/Countries/SouthAmerica/Ecuador/Cities/ChimborazoAttractions.swift (in target 'TravelTap' from project 'TravelTap')
    cd /Users/erders/Documents/TravelTap
    

SwiftCompile normal arm64 /Users/erders/Documents/TravelTap/TravelTap/Data/Countries/SouthAmerica/Ecuador/Cities/CotopaxiAttractions.swift (in target 'TravelTap' from project 'TravelTap')
    cd /Users/erders/Documents/TravelTap
    

SwiftCompile normal arm64 /Users/erders/Documents/TravelTap/TravelTap/Data/Countries/SouthAmerica/Ecuador/Cities/GalapagosIslandsAttractions.swift (in target 'TravelTap' from project 'TravelTap')
    cd /Users/erders/Documents/TravelTap
    

SwiftCompile normal arm64 /Users/erders/Documents/TravelTap/TravelTap/Data/Countries/SouthAmerica/Ecuador/Cities/GuayaquilAttractions.swift (in target 'TravelTap' from project 'TravelTap')
    cd /Users/erders/Documents/TravelTap
    

SwiftCompile normal arm64 /Users/erders/Documents/TravelTap/TravelTap/Data/Countries/SouthAmerica/Ecuador/Cities/LojaAttractions.swift (in target 'TravelTap' from project 'TravelTap')
    cd /Users/erders/Documents/TravelTap
    

SwiftDriverJobDiscovery normal arm64 Compiling EfateAttractions.swift, EspirituSantoAttractions.swift, PentecostAttractions.swift, PortVilaAttractions.swift, TannaAttractions.swift, VanuatuPackage.swift, ArgentinaPackage.swift, ArgentinaCordobaAttractions.swift, BarilocheAttractions.swift, BuenosAiresAttractions.swift, ElBolsonAttractions.swift, ElCalafateAttractions.swift, ElChaltenAttractions.swift, IberaWetlandsAttractions.swift, JujuyAttractions.swift, MarDelPlataAttractions.swift, MendozaAttractions.swift, PuertoIguazuAttractions.swift, PuertoMadrynAttractions.swift, RosarioAttractions.swift, SaltaCityAttractions.swift, SanRafaelAttractions.swift, UshuaiaAttractions.swift, BoliviaPackage.swift, BoliviaSantaCruzAttractions.swift (in target 'TravelTap' from project 'TravelTap')

SwiftCompile normal arm64 Compiling\ SerbiaPackage.swift,\ BojniceAttractions.swift,\ BratislavaAttractions.swift,\ HighTatrasAttractions.swift,\ KosiceAttractions.swift,\ SlovakiaPackage.swift,\ BledAttractions.swift,\ LjubljanaAttractions.swift,\ PiranAttractions.swift,\ PostojnaAttractions.swift,\ SloveniaPackage.swift,\ BarcelonaAttractions.swift,\ BilbaoAttractions.swift,\ CanaryIslandsAttractions.swift,\ CordobaAttractions.swift,\ GranadaAttractions.swift,\ HistoricCastileAttractions.swift,\ MadridAttractions.swift,\ MallorcaAttractions.swift,\ NorthernSpainAttractions.swift,\ SanSebastianAttractions.swift,\ SevilleAttractions.swift,\ ToledoAttractions.swift,\ ValenciaAttractions.swift,\ SpainPackage.swift /Users/erders/Documents/TravelTap/TravelTap/Data/Countries/Europe/Serbia/SerbiaPackage.swift /Users/erders/Documents/TravelTap/TravelTap/Data/Countries/Europe/Slovakia/Cities/BojniceAttractions.swift /Users/erders/Documents/TravelTap/TravelTap/Data/Countries/Europe/Slovakia/Cities/BratislavaAttractions.swift /Users/erders/Documents/TravelTap/TravelTap/Data/Countries/Europe/Slovakia/Cities/HighTatrasAttractions.swift /Users/erders/Documents/TravelTap/TravelTap/Data/Countries/Europe/Slovakia/Cities/KosiceAttractions.swift /Users/erders/Documents/TravelTap/TravelTap/Data/Countries/Europe/Slovakia/SlovakiaPackage.swift /Users/erders/Documents/TravelTap/TravelTap/Data/Countries/Europe/Slovenia/Cities/BledAttractions.swift /Users/erders/Documents/TravelTap/TravelTap/Data/Countries/Europe/Slovenia/Cities/LjubljanaAttractions.swift /Users/erders/Documents/TravelTap/TravelTap/Data/Countries/Europe/Slovenia/Cities/PiranAttractions.swift /Users/erders/Documents/TravelTap/TravelTap/Data/Countries/Europe/Slovenia/Cities/PostojnaAttractions.swift /Users/erders/Documents/TravelTap/TravelTap/Data/Countries/Europe/Slovenia/SloveniaPackage.swift /Users/erders/Documents/TravelTap/TravelTap/Data/Countries/Europe/Spain/Cities/BarcelonaAttractions.swift /Users/erders/Documents/TravelTap/TravelTap/Data/Countries/Europe/Spain/Cities/BilbaoAttractions.swift /Users/erders/Documents/TravelTap/TravelTap/Data/Countries/Europe/Spain/Cities/CanaryIslandsAttractions.swift /Users/erders/Documents/TravelTap/TravelTap/Data/Countries/Europe/Spain/Cities/CordobaAttractions.swift /Users/erders/Documents/TravelTap/TravelTap/Data/Countries/Europe/Spain/Cities/GranadaAttractions.swift /Users/erders/Documents/TravelTap/TravelTap/Data/Countries/Europe/Spain/Cities/HistoricCastileAttractions.swift /Users/erders/Documents/TravelTap/TravelTap/Data/Countries/Europe/Spain/Cities/MadridAttractions.swift /Users/erders/Documents/TravelTap/TravelTap/Data/Countries/Europe/Spain/Cities/MallorcaAttractions.swift /Users/erders/Documents/TravelTap/TravelTap/Data/Countries/Europe/Spain/Cities/NorthernSpainAttractions.swift /Users/erders/Documents/TravelTap/TravelTap/Data/Countries/Europe/Spain/Cities/SanSebastianAttractions.swift /Users/erders/Documents/TravelTap/TravelTap/Data/Countries/Europe/Spain/Cities/SevilleAttractions.swift /Users/erders/Documents/TravelTap/TravelTap/Data/Countries/Europe/Spain/Cities/ToledoAttractions.swift /Users/erders/Documents/TravelTap/TravelTap/Data/Countries/Europe/Spain/Cities/ValenciaAttractions.swift /Users/erders/Documents/TravelTap/TravelTap/Data/Countries/Europe/Spain/SpainPackage.swift (in target 'TravelTap' from project 'TravelTap')

SwiftCompile normal arm64 /Users/erders/Documents/TravelTap/TravelTap/Data/Countries/Europe/Serbia/SerbiaPackage.swift (in target 'TravelTap' from project 'TravelTap')
    cd /Users/erders/Documents/TravelTap
    

SwiftCompile normal arm64 /Users/erders/Documents/TravelTap/TravelTap/Data/Countries/Europe/Slovakia/Cities/BojniceAttractions.swift (in target 'TravelTap' from project 'TravelTap')
    cd /Users/erders/Documents/TravelTap
    

SwiftCompile normal arm64 /Users/erders/Documents/TravelTap/TravelTap/Data/Countries/Europe/Slovakia/Cities/BratislavaAttractions.swift (in target 'TravelTap' from project 'TravelTap')
    cd /Users/erders/Documents/TravelTap
    

SwiftCompile normal arm64 /Users/erders/Documents/TravelTap/TravelTap/Data/Countries/Europe/Slovakia/Cities/HighTatrasAttractions.swift (in target 'TravelTap' from project 'TravelTap')
    cd /Users/erders/Documents/TravelTap
    

SwiftCompile normal arm64 /Users/erders/Documents/TravelTap/TravelTap/Data/Countries/Europe/Slovakia/Cities/KosiceAttractions.swift (in target 'TravelTap' from project 'TravelTap')
    cd /Users/erders/Documents/TravelTap
    

SwiftCompile normal arm64 /Users/erders/Documents/TravelTap/TravelTap/Data/Countries/Europe/Slovakia/SlovakiaPackage.swift (in target 'TravelTap' from project 'TravelTap')
    cd /Users/erders/Documents/TravelTap
    

SwiftCompile normal arm64 /Users/erders/Documents/TravelTap/TravelTap/Data/Countries/Europe/Slovenia/Cities/BledAttractions.swift (in target 'TravelTap' from project 'TravelTap')
    cd /Users/erders/Documents/TravelTap
    

SwiftCompile normal arm64 /Users/erders/Documents/TravelTap/TravelTap/Data/Countries/Europe/Slovenia/Cities/LjubljanaAttractions.swift (in target 'TravelTap' from project 'TravelTap')
    cd /Users/erders/Documents/TravelTap
    

SwiftCompile normal arm64 /Users/erders/Documents/TravelTap/TravelTap/Data/Countries/Europe/Slovenia/Cities/PiranAttractions.swift (in target 'TravelTap' from project 'TravelTap')
    cd /Users/erders/Documents/TravelTap
    

SwiftCompile normal arm64 /Users/erders/Documents/TravelTap/TravelTap/Data/Countries/Europe/Slovenia/Cities/PostojnaAttractions.swift (in target 'TravelTap' from project 'TravelTap')
    cd /Users/erders/Documents/TravelTap
    

SwiftCompile normal arm64 /Users/erders/Documents/TravelTap/TravelTap/Data/Countries/Europe/Slovenia/SloveniaPackage.swift (in target 'TravelTap' from project 'TravelTap')
    cd /Users/erders/Documents/TravelTap
    

SwiftCompile normal arm64 /Users/erders/Documents/TravelTap/TravelTap/Data/Countries/Europe/Spain/Cities/BarcelonaAttractions.swift (in target 'TravelTap' from project 'TravelTap')
    cd /Users/erders/Documents/TravelTap
    

SwiftCompile normal arm64 /Users/erders/Documents/TravelTap/TravelTap/Data/Countries/Europe/Spain/Cities/BilbaoAttractions.swift (in target 'TravelTap' from project 'TravelTap')
    cd /Users/erders/Documents/TravelTap
    

SwiftCompile normal arm64 /Users/erders/Documents/TravelTap/TravelTap/Data/Countries/Europe/Spain/Cities/CanaryIslandsAttractions.swift (in target 'TravelTap' from project 'TravelTap')
    cd /Users/erders/Documents/TravelTap
    

SwiftCompile normal arm64 /Users/erders/Documents/TravelTap/TravelTap/Data/Countries/Europe/Spain/Cities/CordobaAttractions.swift (in target 'TravelTap' from project 'TravelTap')
    cd /Users/erders/Documents/TravelTap
    

SwiftCompile normal arm64 /Users/erders/Documents/TravelTap/TravelTap/Data/Countries/Europe/Spain/Cities/GranadaAttractions.swift (in target 'TravelTap' from project 'TravelTap')
    cd /Users/erders/Documents/TravelTap
    

SwiftCompile normal arm64 /Users/erders/Documents/TravelTap/TravelTap/Data/Countries/Europe/Spain/Cities/HistoricCastileAttractions.swift (in target 'TravelTap' from project 'TravelTap')
    cd /Users/erders/Documents/TravelTap
    

SwiftCompile normal arm64 /Users/erders/Documents/TravelTap/TravelTap/Data/Countries/Europe/Spain/Cities/MadridAttractions.swift (in target 'TravelTap' from project 'TravelTap')
    cd /Users/erders/Documents/TravelTap
    

SwiftCompile normal arm64 /Users/erders/Documents/TravelTap/TravelTap/Data/Countries/Europe/Spain/Cities/MallorcaAttractions.swift (in target 'TravelTap' from project 'TravelTap')
    cd /Users/erders/Documents/TravelTap
    

SwiftCompile normal arm64 /Users/erders/Documents/TravelTap/TravelTap/Data/Countries/Europe/Spain/Cities/NorthernSpainAttractions.swift (in target 'TravelTap' from project 'TravelTap')
    cd /Users/erders/Documents/TravelTap
    

SwiftCompile normal arm64 /Users/erders/Documents/TravelTap/TravelTap/Data/Countries/Europe/Spain/Cities/SanSebastianAttractions.swift (in target 'TravelTap' from project 'TravelTap')
    cd /Users/erders/Documents/TravelTap
    

SwiftCompile normal arm64 /Users/erders/Documents/TravelTap/TravelTap/Data/Countries/Europe/Spain/Cities/SevilleAttractions.swift (in target 'TravelTap' from project 'TravelTap')
    cd /Users/erders/Documents/TravelTap
    

SwiftCompile normal arm64 /Users/erders/Documents/TravelTap/TravelTap/Data/Countries/Europe/Spain/Cities/ToledoAttractions.swift (in target 'TravelTap' from project 'TravelTap')
    cd /Users/erders/Documents/TravelTap
    

SwiftCompile normal arm64 /Users/erders/Documents/TravelTap/TravelTap/Data/Countries/Europe/Spain/Cities/ValenciaAttractions.swift (in target 'TravelTap' from project 'TravelTap')
    cd /Users/erders/Documents/TravelTap
    

SwiftCompile normal arm64 /Users/erders/Documents/TravelTap/TravelTap/Data/Countries/Europe/Spain/SpainPackage.swift (in target 'TravelTap' from project 'TravelTap')
    cd /Users/erders/Documents/TravelTap
    

SwiftDriverJobDiscovery normal arm64 Compiling VeniceAttractions.swift, VeronaAttractions.swift, ItalyPackage.swift, GjakovaAttractions.swift, PejaAttractions.swift, PristinaAttractions.swift, PrizrenAttractions.swift, KosovoPackage.swift, CesisAttractions.swift, JurmalaAttractions.swift, RigaAttractions.swift, SiguldaAttractions.swift, LatviaPackage.swift, BalzersAttractions.swift, MalbunAttractions.swift, VaduzAttractions.swift, LiechtensteinPackage.swift, KaunasAttractions.swift, KlaipedaAttractions.swift, SiauliaiAttractions.swift, TrakaiAttractions.swift, VilniusAttractions.swift, LithuaniaPackage.swift, EchternachAttractions.swift, LuxembourgCityAttractions.swift (in target 'TravelTap' from project 'TravelTap')

SwiftCompile normal arm64 Compiling\ AndongAttractions.swift,\ DaeguAttractions.swift,\ BoryeongAttractions.swift,\ SuwonAttractions.swift,\ SanyaAttractions.swift,\ DunhuangAttractions.swift,\ PingyaoAttractions.swift,\ NanjingAttractions.swift,\ MacauAttractions.swift,\ WuhanAttractions.swift,\ SilkRoadAttractions.swift,\ YunnanAttractions.swift,\ HongKongAttractions.swift,\ GuangzhouAttractions.swift,\ HuangshanAttractions.swift,\ QingdaoAttractions.swift,\ XiamenAttractions.swift,\ HarbinAttractions.swift,\ NagasakiAttractions.swift,\ YokohamaAttractions.swift,\ IseAttractions.swift,\ NagoyaAttractions.swift,\ MountFujiAttractions.swift,\ BeppuAttractions.swift,\ MatsuyamaAttractions.swift /Users/erders/Documents/TravelTap/TravelTap/Data/Countries/Asia/EastAsia/SouthKorea/Cities/AndongAttractions.swift /Users/erders/Documents/TravelTap/TravelTap/Data/Countries/Asia/EastAsia/SouthKorea/Cities/DaeguAttractions.swift /Users/erders/Documents/TravelTap/TravelTap/Data/Countries/Asia/EastAsia/SouthKorea/Cities/BoryeongAttractions.swift /Users/erders/Documents/TravelTap/TravelTap/Data/Countries/Asia/EastAsia/SouthKorea/Cities/SuwonAttractions.swift /Users/erders/Documents/TravelTap/TravelTap/Data/Countries/Asia/EastAsia/China/Cities/SanyaAttractions.swift /Users/erders/Documents/TravelTap/TravelTap/Data/Countries/Asia/EastAsia/China/Cities/DunhuangAttractions.swift /Users/erders/Documents/TravelTap/TravelTap/Data/Countries/Asia/EastAsia/China/Cities/PingyaoAttractions.swift /Users/erders/Documents/TravelTap/TravelTap/Data/Countries/Asia/EastAsia/China/Cities/NanjingAttractions.swift /Users/erders/Documents/TravelTap/TravelTap/Data/Countries/Asia/EastAsia/China/Cities/MacauAttractions.swift /Users/erders/Documents/TravelTap/TravelTap/Data/Countries/Asia/EastAsia/China/Cities/WuhanAttractions.swift /Users/erders/Documents/TravelTap/TravelTap/Data/Countries/Asia/EastAsia/China/Cities/SilkRoadAttractions.swift /Users/erders/Documents/TravelTap/TravelTap/Data/Countries/Asia/EastAsia/China/Cities/YunnanAttractions.swift /Users/erders/Documents/TravelTap/TravelTap/Data/Countries/Asia/EastAsia/China/Cities/HongKongAttractions.swift /Users/erders/Documents/TravelTap/TravelTap/Data/Countries/Asia/EastAsia/China/Cities/GuangzhouAttractions.swift /Users/erders/Documents/TravelTap/TravelTap/Data/Countries/Asia/EastAsia/China/Cities/HuangshanAttractions.swift /Users/erders/Documents/TravelTap/TravelTap/Data/Countries/Asia/EastAsia/China/Cities/QingdaoAttractions.swift /Users/erders/Documents/TravelTap/TravelTap/Data/Countries/Asia/EastAsia/China/Cities/XiamenAttractions.swift /Users/erders/Documents/TravelTap/TravelTap/Data/Countries/Asia/EastAsia/China/Cities/HarbinAttractions.swift /Users/erders/Documents/TravelTap/TravelTap/Data/Countries/Asia/EastAsia/Japan/Cities/NagasakiAttractions.swift /Users/erders/Documents/TravelTap/TravelTap/Data/Countries/Asia/EastAsia/Japan/Cities/YokohamaAttractions.swift /Users/erders/Documents/TravelTap/TravelTap/Data/Countries/Asia/EastAsia/Japan/Cities/IseAttractions.swift /Users/erders/Documents/TravelTap/TravelTap/Data/Countries/Asia/EastAsia/Japan/Cities/NagoyaAttractions.swift /Users/erders/Documents/TravelTap/TravelTap/Data/Countries/Asia/EastAsia/Japan/Cities/MountFujiAttractions.swift /Users/erders/Documents/TravelTap/TravelTap/Data/Countries/Asia/EastAsia/Japan/Cities/BeppuAttractions.swift /Users/erders/Documents/TravelTap/TravelTap/Data/Countries/Asia/EastAsia/Japan/Cities/MatsuyamaAttractions.swift (in target 'TravelTap' from project 'TravelTap')

SwiftCompile normal arm64 /Users/erders/Documents/TravelTap/TravelTap/Data/Countries/Asia/EastAsia/SouthKorea/Cities/AndongAttractions.swift (in target 'TravelTap' from project 'TravelTap')
    cd /Users/erders/Documents/TravelTap
    

SwiftCompile normal arm64 /Users/erders/Documents/TravelTap/TravelTap/Data/Countries/Asia/EastAsia/SouthKorea/Cities/DaeguAttractions.swift (in target 'TravelTap' from project 'TravelTap')
    cd /Users/erders/Documents/TravelTap
    

SwiftCompile normal arm64 /Users/erders/Documents/TravelTap/TravelTap/Data/Countries/Asia/EastAsia/SouthKorea/Cities/BoryeongAttractions.swift (in target 'TravelTap' from project 'TravelTap')
    cd /Users/erders/Documents/TravelTap
    

SwiftCompile normal arm64 /Users/erders/Documents/TravelTap/TravelTap/Data/Countries/Asia/EastAsia/SouthKorea/Cities/SuwonAttractions.swift (in target 'TravelTap' from project 'TravelTap')
    cd /Users/erders/Documents/TravelTap
    

SwiftCompile normal arm64 /Users/erders/Documents/TravelTap/TravelTap/Data/Countries/Asia/EastAsia/China/Cities/SanyaAttractions.swift (in target 'TravelTap' from project 'TravelTap')
    cd /Users/erders/Documents/TravelTap
    

SwiftCompile normal arm64 /Users/erders/Documents/TravelTap/TravelTap/Data/Countries/Asia/EastAsia/China/Cities/DunhuangAttractions.swift (in target 'TravelTap' from project 'TravelTap')
    cd /Users/erders/Documents/TravelTap
    

SwiftCompile normal arm64 /Users/erders/Documents/TravelTap/TravelTap/Data/Countries/Asia/EastAsia/China/Cities/PingyaoAttractions.swift (in target 'TravelTap' from project 'TravelTap')
    cd /Users/erders/Documents/TravelTap
    

SwiftCompile normal arm64 /Users/erders/Documents/TravelTap/TravelTap/Data/Countries/Asia/EastAsia/China/Cities/NanjingAttractions.swift (in target 'TravelTap' from project 'TravelTap')
    cd /Users/erders/Documents/TravelTap
    

SwiftCompile normal arm64 /Users/erders/Documents/TravelTap/TravelTap/Data/Countries/Asia/EastAsia/China/Cities/MacauAttractions.swift (in target 'TravelTap' from project 'TravelTap')
    cd /Users/erders/Documents/TravelTap
    

SwiftCompile normal arm64 /Users/erders/Documents/TravelTap/TravelTap/Data/Countries/Asia/EastAsia/China/Cities/WuhanAttractions.swift (in target 'TravelTap' from project 'TravelTap')
    cd /Users/erders/Documents/TravelTap
    

SwiftCompile normal arm64 /Users/erders/Documents/TravelTap/TravelTap/Data/Countries/Asia/EastAsia/China/Cities/SilkRoadAttractions.swift (in target 'TravelTap' from project 'TravelTap')
    cd /Users/erders/Documents/TravelTap
    

SwiftCompile normal arm64 /Users/erders/Documents/TravelTap/TravelTap/Data/Countries/Asia/EastAsia/China/Cities/YunnanAttractions.swift (in target 'TravelTap' from project 'TravelTap')
    cd /Users/erders/Documents/TravelTap
    

SwiftCompile normal arm64 /Users/erders/Documents/TravelTap/TravelTap/Data/Countries/Asia/EastAsia/China/Cities/HongKongAttractions.swift (in target 'TravelTap' from project 'TravelTap')
    cd /Users/erders/Documents/TravelTap
    

SwiftCompile normal arm64 /Users/erders/Documents/TravelTap/TravelTap/Data/Countries/Asia/EastAsia/China/Cities/GuangzhouAttractions.swift (in target 'TravelTap' from project 'TravelTap')
    cd /Users/erders/Documents/TravelTap
    

SwiftCompile normal arm64 /Users/erders/Documents/TravelTap/TravelTap/Data/Countries/Asia/EastAsia/China/Cities/HuangshanAttractions.swift (in target 'TravelTap' from project 'TravelTap')
    cd /Users/erders/Documents/TravelTap
    

SwiftCompile normal arm64 /Users/erders/Documents/TravelTap/TravelTap/Data/Countries/Asia/EastAsia/China/Cities/QingdaoAttractions.swift (in target 'TravelTap' from project 'TravelTap')
    cd /Users/erders/Documents/TravelTap
    

SwiftCompile normal arm64 /Users/erders/Documents/TravelTap/TravelTap/Data/Countries/Asia/EastAsia/China/Cities/XiamenAttractions.swift (in target 'TravelTap' from project 'TravelTap')
    cd /Users/erders/Documents/TravelTap
    

SwiftCompile normal arm64 /Users/erders/Documents/TravelTap/TravelTap/Data/Countries/Asia/EastAsia/China/Cities/HarbinAttractions.swift (in target 'TravelTap' from project 'TravelTap')
    cd /Users/erders/Documents/TravelTap
    

SwiftCompile normal arm64 /Users/erders/Documents/TravelTap/TravelTap/Data/Countries/Asia/EastAsia/Japan/Cities/NagasakiAttractions.swift (in target 'TravelTap' from project 'TravelTap')
    cd /Users/erders/Documents/TravelTap
    

SwiftCompile normal arm64 /Users/erders/Documents/TravelTap/TravelTap/Data/Countries/Asia/EastAsia/Japan/Cities/YokohamaAttractions.swift (in target 'TravelTap' from project 'TravelTap')
    cd /Users/erders/Documents/TravelTap
    

SwiftCompile normal arm64 /Users/erders/Documents/TravelTap/TravelTap/Data/Countries/Asia/EastAsia/Japan/Cities/IseAttractions.swift (in target 'TravelTap' from project 'TravelTap')
    cd /Users/erders/Documents/TravelTap
    

SwiftCompile normal arm64 /Users/erders/Documents/TravelTap/TravelTap/Data/Countries/Asia/EastAsia/Japan/Cities/NagoyaAttractions.swift (in target 'TravelTap' from project 'TravelTap')
    cd /Users/erders/Documents/TravelTap
    

SwiftCompile normal arm64 /Users/erders/Documents/TravelTap/TravelTap/Data/Countries/Asia/EastAsia/Japan/Cities/MountFujiAttractions.swift (in target 'TravelTap' from project 'TravelTap')
    cd /Users/erders/Documents/TravelTap
    

SwiftCompile normal arm64 /Users/erders/Documents/TravelTap/TravelTap/Data/Countries/Asia/EastAsia/Japan/Cities/BeppuAttractions.swift (in target 'TravelTap' from project 'TravelTap')
    cd /Users/erders/Documents/TravelTap
    

SwiftCompile normal arm64 /Users/erders/Documents/TravelTap/TravelTap/Data/Countries/Asia/EastAsia/Japan/Cities/MatsuyamaAttractions.swift (in target 'TravelTap' from project 'TravelTap')
    cd /Users/erders/Documents/TravelTap
    

SwiftDriverJobDiscovery normal arm64 Compiling JerashAttractions.swift, IrbidAttractions.swift, KarakAttractions.swift, AzraqAttractions.swift, MadabaAttractions.swift, SaltAttractions.swift, DanaAttractions.swift, ShobakAttractions.swift, NorthernAreasAttractions.swift, TaxilaAttractions.swift, QuettaAttractions.swift, PeshawarAttractions.swift, MultanAttractions.swift, HistoricalSitesAttractions.swift, GilgitBaltistanAttractions.swift, AzadKashmirAttractions.swift, FaisalabadAttractions.swift, GwadarAttractions.swift, PenghuAttractions.swift, TaitungAttractions.swift, OffshoreIslandsAttractions.swift, KentingAttractions.swift, NewTaipeiAttractions.swift, ChiayiAttractions.swift, YilanAttractions.swift (in target 'TravelTap' from project 'TravelTap')

SwiftCompile normal arm64 Compiling\ RotterdamAttractions.swift,\ TheHagueAttractions.swift,\ UtrechtAttractions.swift,\ NetherlandsPackage.swift,\ BitolaAttractions.swift,\ MatkaCanyonAttractions.swift,\ OhridAttractions.swift,\ SkopjeAttractions.swift,\ NorthMacedoniaPackage.swift,\ BelfastAttractions.swift,\ BushmillsAttractions.swift,\ DerryAttractions.swift,\ NorthernIrelandPackage.swift,\ BergenAttractions.swift,\ OsloAttractions.swift,\ StavangerAttractions.swift,\ TromsoAttractions.swift,\ NorwayPackage.swift,\ GdanskAttractions.swift,\ KrakowAttractions.swift,\ WarsawAttractions.swift,\ WroclawAttractions.swift,\ PolandPackage.swift,\ AlgarveAttractions.swift,\ CoimbraAttractions.swift /Users/erders/Documents/TravelTap/TravelTap/Data/Countries/Europe/Netherlands/Cities/RotterdamAttractions.swift /Users/erders/Documents/TravelTap/TravelTap/Data/Countries/Europe/Netherlands/Cities/TheHagueAttractions.swift /Users/erders/Documents/TravelTap/TravelTap/Data/Countries/Europe/Netherlands/Cities/UtrechtAttractions.swift /Users/erders/Documents/TravelTap/TravelTap/Data/Countries/Europe/Netherlands/NetherlandsPackage.swift /Users/erders/Documents/TravelTap/TravelTap/Data/Countries/Europe/NorthMacedonia/Cities/BitolaAttractions.swift /Users/erders/Documents/TravelTap/TravelTap/Data/Countries/Europe/NorthMacedonia/Cities/MatkaCanyonAttractions.swift /Users/erders/Documents/TravelTap/TravelTap/Data/Countries/Europe/NorthMacedonia/Cities/OhridAttractions.swift /Users/erders/Documents/TravelTap/TravelTap/Data/Countries/Europe/NorthMacedonia/Cities/SkopjeAttractions.swift /Users/erders/Documents/TravelTap/TravelTap/Data/Countries/Europe/NorthMacedonia/NorthMacedoniaPackage.swift /Users/erders/Documents/TravelTap/TravelTap/Data/Countries/Europe/NorthernIreland/Cities/BelfastAttractions.swift /Users/erders/Documents/TravelTap/TravelTap/Data/Countries/Europe/NorthernIreland/Cities/BushmillsAttractions.swift /Users/erders/Documents/TravelTap/TravelTap/Data/Countries/Europe/NorthernIreland/Cities/DerryAttractions.swift /Users/erders/Documents/TravelTap/TravelTap/Data/Countries/Europe/NorthernIreland/NorthernIrelandPackage.swift /Users/erders/Documents/TravelTap/TravelTap/Data/Countries/Europe/Norway/Cities/BergenAttractions.swift /Users/erders/Documents/TravelTap/TravelTap/Data/Countries/Europe/Norway/Cities/OsloAttractions.swift /Users/erders/Documents/TravelTap/TravelTap/Data/Countries/Europe/Norway/Cities/StavangerAttractions.swift /Users/erders/Documents/TravelTap/TravelTap/Data/Countries/Europe/Norway/Cities/TromsoAttractions.swift /Users/erders/Documents/TravelTap/TravelTap/Data/Countries/Europe/Norway/NorwayPackage.swift /Users/erders/Documents/TravelTap/TravelTap/Data/Countries/Europe/Poland/Cities/GdanskAttractions.swift /Users/erders/Documents/TravelTap/TravelTap/Data/Countries/Europe/Poland/Cities/KrakowAttractions.swift /Users/erders/Documents/TravelTap/TravelTap/Data/Countries/Europe/Poland/Cities/WarsawAttractions.swift /Users/erders/Documents/TravelTap/TravelTap/Data/Countries/Europe/Poland/Cities/WroclawAttractions.swift /Users/erders/Documents/TravelTap/TravelTap/Data/Countries/Europe/Poland/PolandPackage.swift /Users/erders/Documents/TravelTap/TravelTap/Data/Countries/Europe/Portugal/Cities/AlgarveAttractions.swift /Users/erders/Documents/TravelTap/TravelTap/Data/Countries/Europe/Portugal/Cities/CoimbraAttractions.swift (in target 'TravelTap' from project 'TravelTap')

SwiftCompile normal arm64 /Users/erders/Documents/TravelTap/TravelTap/Data/Countries/Europe/Netherlands/Cities/RotterdamAttractions.swift (in target 'TravelTap' from project 'TravelTap')
    cd /Users/erders/Documents/TravelTap
    

SwiftCompile normal arm64 /Users/erders/Documents/TravelTap/TravelTap/Data/Countries/Europe/Netherlands/Cities/TheHagueAttractions.swift (in target 'TravelTap' from project 'TravelTap')
    cd /Users/erders/Documents/TravelTap
    

SwiftCompile normal arm64 /Users/erders/Documents/TravelTap/TravelTap/Data/Countries/Europe/Netherlands/Cities/UtrechtAttractions.swift (in target 'TravelTap' from project 'TravelTap')
    cd /Users/erders/Documents/TravelTap
    

SwiftCompile normal arm64 /Users/erders/Documents/TravelTap/TravelTap/Data/Countries/Europe/Netherlands/NetherlandsPackage.swift (in target 'TravelTap' from project 'TravelTap')
    cd /Users/erders/Documents/TravelTap
    

SwiftCompile normal arm64 /Users/erders/Documents/TravelTap/TravelTap/Data/Countries/Europe/NorthMacedonia/Cities/BitolaAttractions.swift (in target 'TravelTap' from project 'TravelTap')
    cd /Users/erders/Documents/TravelTap
    

SwiftCompile normal arm64 /Users/erders/Documents/TravelTap/TravelTap/Data/Countries/Europe/NorthMacedonia/Cities/MatkaCanyonAttractions.swift (in target 'TravelTap' from project 'TravelTap')
    cd /Users/erders/Documents/TravelTap
    

SwiftCompile normal arm64 /Users/erders/Documents/TravelTap/TravelTap/Data/Countries/Europe/NorthMacedonia/Cities/OhridAttractions.swift (in target 'TravelTap' from project 'TravelTap')
    cd /Users/erders/Documents/TravelTap
    

SwiftCompile normal arm64 /Users/erders/Documents/TravelTap/TravelTap/Data/Countries/Europe/NorthMacedonia/Cities/SkopjeAttractions.swift (in target 'TravelTap' from project 'TravelTap')
    cd /Users/erders/Documents/TravelTap
    

SwiftCompile normal arm64 /Users/erders/Documents/TravelTap/TravelTap/Data/Countries/Europe/NorthMacedonia/NorthMacedoniaPackage.swift (in target 'TravelTap' from project 'TravelTap')
    cd /Users/erders/Documents/TravelTap
    

SwiftCompile normal arm64 /Users/erders/Documents/TravelTap/TravelTap/Data/Countries/Europe/NorthernIreland/Cities/BelfastAttractions.swift (in target 'TravelTap' from project 'TravelTap')
    cd /Users/erders/Documents/TravelTap
    

SwiftCompile normal arm64 /Users/erders/Documents/TravelTap/TravelTap/Data/Countries/Europe/NorthernIreland/Cities/BushmillsAttractions.swift (in target 'TravelTap' from project 'TravelTap')
    cd /Users/erders/Documents/TravelTap
    

SwiftCompile normal arm64 /Users/erders/Documents/TravelTap/TravelTap/Data/Countries/Europe/NorthernIreland/Cities/DerryAttractions.swift (in target 'TravelTap' from project 'TravelTap')
    cd /Users/erders/Documents/TravelTap
    

SwiftCompile normal arm64 /Users/erders/Documents/TravelTap/TravelTap/Data/Countries/Europe/NorthernIreland/NorthernIrelandPackage.swift (in target 'TravelTap' from project 'TravelTap')
    cd /Users/erders/Documents/TravelTap
    

SwiftCompile normal arm64 /Users/erders/Documents/TravelTap/TravelTap/Data/Countries/Europe/Norway/Cities/BergenAttractions.swift (in target 'TravelTap' from project 'TravelTap')
    cd /Users/erders/Documents/TravelTap
    

SwiftCompile normal arm64 /Users/erders/Documents/TravelTap/TravelTap/Data/Countries/Europe/Norway/Cities/OsloAttractions.swift (in target 'TravelTap' from project 'TravelTap')
    cd /Users/erders/Documents/TravelTap
    

SwiftCompile normal arm64 /Users/erders/Documents/TravelTap/TravelTap/Data/Countries/Europe/Norway/Cities/StavangerAttractions.swift (in target 'TravelTap' from project 'TravelTap')
    cd /Users/erders/Documents/TravelTap
    

SwiftCompile normal arm64 /Users/erders/Documents/TravelTap/TravelTap/Data/Countries/Europe/Norway/Cities/TromsoAttractions.swift (in target 'TravelTap' from project 'TravelTap')
    cd /Users/erders/Documents/TravelTap
    

SwiftCompile normal arm64 /Users/erders/Documents/TravelTap/TravelTap/Data/Countries/Europe/Norway/NorwayPackage.swift (in target 'TravelTap' from project 'TravelTap')
    cd /Users/erders/Documents/TravelTap
    

SwiftCompile normal arm64 /Users/erders/Documents/TravelTap/TravelTap/Data/Countries/Europe/Poland/Cities/GdanskAttractions.swift (in target 'TravelTap' from project 'TravelTap')
    cd /Users/erders/Documents/TravelTap
    

SwiftCompile normal arm64 /Users/erders/Documents/TravelTap/TravelTap/Data/Countries/Europe/Poland/Cities/KrakowAttractions.swift (in target 'TravelTap' from project 'TravelTap')
    cd /Users/erders/Documents/TravelTap
    

SwiftCompile normal arm64 /Users/erders/Documents/TravelTap/TravelTap/Data/Countries/Europe/Poland/Cities/WarsawAttractions.swift (in target 'TravelTap' from project 'TravelTap')
    cd /Users/erders/Documents/TravelTap
    

SwiftCompile normal arm64 /Users/erders/Documents/TravelTap/TravelTap/Data/Countries/Europe/Poland/Cities/WroclawAttractions.swift (in target 'TravelTap' from project 'TravelTap')
    cd /Users/erders/Documents/TravelTap
    

SwiftCompile normal arm64 /Users/erders/Documents/TravelTap/TravelTap/Data/Countries/Europe/Poland/PolandPackage.swift (in target 'TravelTap' from project 'TravelTap')
    cd /Users/erders/Documents/TravelTap
    

SwiftCompile normal arm64 /Users/erders/Documents/TravelTap/TravelTap/Data/Countries/Europe/Portugal/Cities/AlgarveAttractions.swift (in target 'TravelTap' from project 'TravelTap')
    cd /Users/erders/Documents/TravelTap
    

SwiftCompile normal arm64 /Users/erders/Documents/TravelTap/TravelTap/Data/Countries/Europe/Portugal/Cities/CoimbraAttractions.swift (in target 'TravelTap' from project 'TravelTap')
    cd /Users/erders/Documents/TravelTap
    

SwiftDriverJobDiscovery normal arm64 Compiling VelikyNovgorodAttractions.swift, PskovAttractions.swift, KizhiIslandAttractions.swift, VyborgAttractions.swift, VologdaAttractions.swift, ArkhangelskAttractions.swift, MurmanskAttractions.swift, KaliningradAttractions.swift, YekaterinburgAttractions.swift, PermAttractions.swift, LakeBaikalAttractions.swift, VladivostokAttractions.swift, KamchatkaAttractions.swift, KrasnodarRegionAttractions.swift, SanMarinoCityAttractions.swift, SanMarinoPackage.swift, EdinburghAttractions.swift, GlasgowAttractions.swift, InvernessAttractions.swift, StAndrewsAttractions.swift, ScotlandPackage.swift, BelgradeAttractions.swift, NisAttractions.swift, NoviSadAttractions.swift, SuboticaAttractions.swift (in target 'TravelTap' from project 'TravelTap')

LinkAssetCatalog /Users/erders/Documents/TravelTap/TravelTap/Assets.xcassets (in target 'TravelTap' from project 'TravelTap')
    cd /Users/erders/Documents/TravelTap
    builtin-linkAssetCatalog --thinned /Users/erders/Library/Developer/Xcode/DerivedData/TravelTap-aoniybxgcgmexqcgzdslgsqiowxj/Build/Intermediates.noindex/TravelTap.build/Debug-iphonesimulator/TravelTap.build/assetcatalog_output/thinned --thinned-dependencies /Users/erders/Library/Developer/Xcode/DerivedData/TravelTap-aoniybxgcgmexqcgzdslgsqiowxj/Build/Intermediates.noindex/TravelTap.build/Debug-iphonesimulator/TravelTap.build/assetcatalog_dependencies_thinned --thinned-info-plist-content /Users/erders/Library/Developer/Xcode/DerivedData/TravelTap-aoniybxgcgmexqcgzdslgsqiowxj/Build/Intermediates.noindex/TravelTap.build/Debug-iphonesimulator/TravelTap.build/assetcatalog_generated_info.plist_thinned --unthinned /Users/erders/Library/Developer/Xcode/DerivedData/TravelTap-aoniybxgcgmexqcgzdslgsqiowxj/Build/Intermediates.noindex/TravelTap.build/Debug-iphonesimulator/TravelTap.build/assetcatalog_output/unthinned --unthinned-dependencies /Users/erders/Library/Developer/Xcode/DerivedData/TravelTap-aoniybxgcgmexqcgzdslgsqiowxj/Build/Intermediates.noindex/TravelTap.build/Debug-iphonesimulator/TravelTap.build/assetcatalog_dependencies_unthinned --unthinned-info-plist-content /Users/erders/Library/Developer/Xcode/DerivedData/TravelTap-aoniybxgcgmexqcgzdslgsqiowxj/Build/Intermediates.noindex/TravelTap.build/Debug-iphonesimulator/TravelTap.build/assetcatalog_generated_info.plist_unthinned --output /Users/erders/Library/Developer/Xcode/DerivedData/TravelTap-aoniybxgcgmexqcgzdslgsqiowxj/Build/Products/Debug-iphonesimulator/TravelTap.app --plist-output /Users/erders/Library/Developer/Xcode/DerivedData/TravelTap-aoniybxgcgmexqcgzdslgsqiowxj/Build/Intermediates.noindex/TravelTap.build/Debug-iphonesimulator/TravelTap.build/assetcatalog_generated_info.plist
note: Emplaced /Users/erders/Library/Developer/Xcode/DerivedData/TravelTap-aoniybxgcgmexqcgzdslgsqiowxj/Build/Products/Debug-iphonesimulator/TravelTap.app/AppIcon60x60@2x.png (in target 'TravelTap' from project 'TravelTap')
note: Emplaced /Users/erders/Library/Developer/Xcode/DerivedData/TravelTap-aoniybxgcgmexqcgzdslgsqiowxj/Build/Products/Debug-iphonesimulator/TravelTap.app/Assets.car (in target 'TravelTap' from project 'TravelTap')
note: Emplaced /Users/erders/Library/Developer/Xcode/DerivedData/TravelTap-aoniybxgcgmexqcgzdslgsqiowxj/Build/Products/Debug-iphonesimulator/TravelTap.app/AppIcon76x76@2x~ipad.png (in target 'TravelTap' from project 'TravelTap')

SwiftDriverJobDiscovery normal arm64 Compiling ChacoRegionAttractions.swift, CiudadDelEsteAttractions.swift, ConcepcionAttractions.swift, EncarnacionAttractions.swift, JesuitMissionsAttractions.swift, ParaguariRegionAttractions.swift, PiribebuyAttractions.swift, SaltosDelGuairaAttractions.swift, SanBernardinoAttractions.swift, VillarricaAttractions.swift, YbycuiAttractions.swift, ParaguayPackage.swift, ArequipaAttractions.swift, AyacuchoAttractions.swift, CajamarcaAttractions.swift, ChachapoyasAttractions.swift, ChiclayoAttractions.swift, CuscoAttractions.swift, HuacachinaAttractions.swift, HuarazAttractions.swift, IquitosAmazonAttractions.swift, LakeTiticacaAttractions.swift, LimaAttractions.swift, MachuPicchuAttractions.swift, MancoraAttractions.swift (in target 'TravelTap' from project 'TravelTap')

SwiftCompile normal arm64 Compiling\ WhitsundaysAttractions.swift,\ YarraValleyAttractions.swift,\ AitutakiAttractions.swift,\ AtiuAttractions.swift,\ MangaiaAttractions.swift,\ MaukeAttractions.swift,\ MitiaroAttractions.swift,\ RarotongaAttractions.swift,\ CookIslandsPackage.swift,\ CoralCoastAttractions.swift,\ DenarauAttractions.swift,\ KadavuAttractions.swift,\ MamanucaIslandsAttractions.swift,\ NadiAttractions.swift,\ PacificHarbourAttractions.swift,\ SavusavuAttractions.swift,\ SuvaAttractions.swift,\ TaveuniAttractions.swift,\ YasawaIslandsAttractions.swift,\ FijiPackage.swift,\ AustralsAttractions.swift,\ BoraBoraAttractions.swift,\ FakaravaAttractions.swift,\ MarquesasAttractions.swift,\ MooreaAttractions.swift /Users/erders/Documents/TravelTap/TravelTap/Data/Countries/Oceania/Australia/Cities/WhitsundaysAttractions.swift /Users/erders/Documents/TravelTap/TravelTap/Data/Countries/Oceania/Australia/Cities/YarraValleyAttractions.swift /Users/erders/Documents/TravelTap/TravelTap/Data/Countries/Oceania/CookIslands/Cities/AitutakiAttractions.swift /Users/erders/Documents/TravelTap/TravelTap/Data/Countries/Oceania/CookIslands/Cities/AtiuAttractions.swift /Users/erders/Documents/TravelTap/TravelTap/Data/Countries/Oceania/CookIslands/Cities/MangaiaAttractions.swift /Users/erders/Documents/TravelTap/TravelTap/Data/Countries/Oceania/CookIslands/Cities/MaukeAttractions.swift /Users/erders/Documents/TravelTap/TravelTap/Data/Countries/Oceania/CookIslands/Cities/MitiaroAttractions.swift /Users/erders/Documents/TravelTap/TravelTap/Data/Countries/Oceania/CookIslands/Cities/RarotongaAttractions.swift /Users/erders/Documents/TravelTap/TravelTap/Data/Countries/Oceania/CookIslands/CookIslandsPackage.swift /Users/erders/Documents/TravelTap/TravelTap/Data/Countries/Oceania/Fiji/Cities/CoralCoastAttractions.swift /Users/erders/Documents/TravelTap/TravelTap/Data/Countries/Oceania/Fiji/Cities/DenarauAttractions.swift /Users/erders/Documents/TravelTap/TravelTap/Data/Countries/Oceania/Fiji/Cities/KadavuAttractions.swift /Users/erders/Documents/TravelTap/TravelTap/Data/Countries/Oceania/Fiji/Cities/MamanucaIslandsAttractions.swift /Users/erders/Documents/TravelTap/TravelTap/Data/Countries/Oceania/Fiji/Cities/NadiAttractions.swift /Users/erders/Documents/TravelTap/TravelTap/Data/Countries/Oceania/Fiji/Cities/PacificHarbourAttractions.swift /Users/erders/Documents/TravelTap/TravelTap/Data/Countries/Oceania/Fiji/Cities/SavusavuAttractions.swift /Users/erders/Documents/TravelTap/TravelTap/Data/Countries/Oceania/Fiji/Cities/SuvaAttractions.swift /Users/erders/Documents/TravelTap/TravelTap/Data/Countries/Oceania/Fiji/Cities/TaveuniAttractions.swift /Users/erders/Documents/TravelTap/TravelTap/Data/Countries/Oceania/Fiji/Cities/YasawaIslandsAttractions.swift /Users/erders/Documents/TravelTap/TravelTap/Data/Countries/Oceania/Fiji/FijiPackage.swift /Users/erders/Documents/TravelTap/TravelTap/Data/Countries/Oceania/FrenchPolynesia/Cities/AustralsAttractions.swift /Users/erders/Documents/TravelTap/TravelTap/Data/Countries/Oceania/FrenchPolynesia/Cities/BoraBoraAttractions.swift /Users/erders/Documents/TravelTap/TravelTap/Data/Countries/Oceania/FrenchPolynesia/Cities/FakaravaAttractions.swift /Users/erders/Documents/TravelTap/TravelTap/Data/Countries/Oceania/FrenchPolynesia/Cities/MarquesasAttractions.swift /Users/erders/Documents/TravelTap/TravelTap/Data/Countries/Oceania/FrenchPolynesia/Cities/MooreaAttractions.swift (in target 'TravelTap' from project 'TravelTap')

SwiftCompile normal arm64 /Users/erders/Documents/TravelTap/TravelTap/Data/Countries/Oceania/Australia/Cities/WhitsundaysAttractions.swift (in target 'TravelTap' from project 'TravelTap')
    cd /Users/erders/Documents/TravelTap
    

SwiftCompile normal arm64 /Users/erders/Documents/TravelTap/TravelTap/Data/Countries/Oceania/Australia/Cities/YarraValleyAttractions.swift (in target 'TravelTap' from project 'TravelTap')
    cd /Users/erders/Documents/TravelTap
    

SwiftCompile normal arm64 /Users/erders/Documents/TravelTap/TravelTap/Data/Countries/Oceania/CookIslands/Cities/AitutakiAttractions.swift (in target 'TravelTap' from project 'TravelTap')
    cd /Users/erders/Documents/TravelTap
    

SwiftCompile normal arm64 /Users/erders/Documents/TravelTap/TravelTap/Data/Countries/Oceania/CookIslands/Cities/AtiuAttractions.swift (in target 'TravelTap' from project 'TravelTap')
    cd /Users/erders/Documents/TravelTap
    

SwiftCompile normal arm64 /Users/erders/Documents/TravelTap/TravelTap/Data/Countries/Oceania/CookIslands/Cities/MangaiaAttractions.swift (in target 'TravelTap' from project 'TravelTap')
    cd /Users/erders/Documents/TravelTap
    

SwiftCompile normal arm64 /Users/erders/Documents/TravelTap/TravelTap/Data/Countries/Oceania/CookIslands/Cities/MaukeAttractions.swift (in target 'TravelTap' from project 'TravelTap')
    cd /Users/erders/Documents/TravelTap
    

SwiftCompile normal arm64 /Users/erders/Documents/TravelTap/TravelTap/Data/Countries/Oceania/CookIslands/Cities/MitiaroAttractions.swift (in target 'TravelTap' from project 'TravelTap')
    cd /Users/erders/Documents/TravelTap
    

SwiftCompile normal arm64 /Users/erders/Documents/TravelTap/TravelTap/Data/Countries/Oceania/CookIslands/Cities/RarotongaAttractions.swift (in target 'TravelTap' from project 'TravelTap')
    cd /Users/erders/Documents/TravelTap
    

SwiftCompile normal arm64 /Users/erders/Documents/TravelTap/TravelTap/Data/Countries/Oceania/CookIslands/CookIslandsPackage.swift (in target 'TravelTap' from project 'TravelTap')
    cd /Users/erders/Documents/TravelTap
    

SwiftCompile normal arm64 /Users/erders/Documents/TravelTap/TravelTap/Data/Countries/Oceania/Fiji/Cities/CoralCoastAttractions.swift (in target 'TravelTap' from project 'TravelTap')
    cd /Users/erders/Documents/TravelTap
    

SwiftCompile normal arm64 /Users/erders/Documents/TravelTap/TravelTap/Data/Countries/Oceania/Fiji/Cities/DenarauAttractions.swift (in target 'TravelTap' from project 'TravelTap')
    cd /Users/erders/Documents/TravelTap
    

SwiftCompile normal arm64 /Users/erders/Documents/TravelTap/TravelTap/Data/Countries/Oceania/Fiji/Cities/KadavuAttractions.swift (in target 'TravelTap' from project 'TravelTap')
    cd /Users/erders/Documents/TravelTap
    

SwiftCompile normal arm64 /Users/erders/Documents/TravelTap/TravelTap/Data/Countries/Oceania/Fiji/Cities/MamanucaIslandsAttractions.swift (in target 'TravelTap' from project 'TravelTap')
    cd /Users/erders/Documents/TravelTap
    

SwiftCompile normal arm64 /Users/erders/Documents/TravelTap/TravelTap/Data/Countries/Oceania/Fiji/Cities/NadiAttractions.swift (in target 'TravelTap' from project 'TravelTap')
    cd /Users/erders/Documents/TravelTap
    

SwiftCompile normal arm64 /Users/erders/Documents/TravelTap/TravelTap/Data/Countries/Oceania/Fiji/Cities/PacificHarbourAttractions.swift (in target 'TravelTap' from project 'TravelTap')
    cd /Users/erders/Documents/TravelTap
    

SwiftCompile normal arm64 /Users/erders/Documents/TravelTap/TravelTap/Data/Countries/Oceania/Fiji/Cities/SavusavuAttractions.swift (in target 'TravelTap' from project 'TravelTap')
    cd /Users/erders/Documents/TravelTap
    

SwiftCompile normal arm64 /Users/erders/Documents/TravelTap/TravelTap/Data/Countries/Oceania/Fiji/Cities/SuvaAttractions.swift (in target 'TravelTap' from project 'TravelTap')
    cd /Users/erders/Documents/TravelTap
    

SwiftCompile normal arm64 /Users/erders/Documents/TravelTap/TravelTap/Data/Countries/Oceania/Fiji/Cities/TaveuniAttractions.swift (in target 'TravelTap' from project 'TravelTap')
    cd /Users/erders/Documents/TravelTap
    

SwiftCompile normal arm64 /Users/erders/Documents/TravelTap/TravelTap/Data/Countries/Oceania/Fiji/Cities/YasawaIslandsAttractions.swift (in target 'TravelTap' from project 'TravelTap')
    cd /Users/erders/Documents/TravelTap
    

SwiftCompile normal arm64 /Users/erders/Documents/TravelTap/TravelTap/Data/Countries/Oceania/Fiji/FijiPackage.swift (in target 'TravelTap' from project 'TravelTap')
    cd /Users/erders/Documents/TravelTap
    

SwiftCompile normal arm64 /Users/erders/Documents/TravelTap/TravelTap/Data/Countries/Oceania/FrenchPolynesia/Cities/AustralsAttractions.swift (in target 'TravelTap' from project 'TravelTap')
    cd /Users/erders/Documents/TravelTap
    

SwiftCompile normal arm64 /Users/erders/Documents/TravelTap/TravelTap/Data/Countries/Oceania/FrenchPolynesia/Cities/BoraBoraAttractions.swift (in target 'TravelTap' from project 'TravelTap')
    cd /Users/erders/Documents/TravelTap
    

SwiftCompile normal arm64 /Users/erders/Documents/TravelTap/TravelTap/Data/Countries/Oceania/FrenchPolynesia/Cities/FakaravaAttractions.swift (in target 'TravelTap' from project 'TravelTap')
    cd /Users/erders/Documents/TravelTap
    

SwiftCompile normal arm64 /Users/erders/Documents/TravelTap/TravelTap/Data/Countries/Oceania/FrenchPolynesia/Cities/MarquesasAttractions.swift (in target 'TravelTap' from project 'TravelTap')
    cd /Users/erders/Documents/TravelTap
    

SwiftCompile normal arm64 /Users/erders/Documents/TravelTap/TravelTap/Data/Countries/Oceania/FrenchPolynesia/Cities/MooreaAttractions.swift (in target 'TravelTap' from project 'TravelTap')
    cd /Users/erders/Documents/TravelTap
    

ProcessInfoPlistFile /Users/erders/Library/Developer/Xcode/DerivedData/TravelTap-aoniybxgcgmexqcgzdslgsqiowxj/Build/Products/Debug-iphonesimulator/TravelTap.app/Info.plist /Users/erders/Library/Developer/Xcode/DerivedData/TravelTap-aoniybxgcgmexqcgzdslgsqiowxj/Build/Intermediates.noindex/TravelTap.build/Debug-iphonesimulator/TravelTap.build/empty-TravelTap.plist (in target 'TravelTap' from project 'TravelTap')
    cd /Users/erders/Documents/TravelTap
    builtin-infoPlistUtility /Users/erders/Library/Developer/Xcode/DerivedData/TravelTap-aoniybxgcgmexqcgzdslgsqiowxj/Build/Intermediates.noindex/TravelTap.build/Debug-iphonesimulator/TravelTap.build/empty-TravelTap.plist -producttype com.apple.product-type.application -genpkginfo /Users/erders/Library/Developer/Xcode/DerivedData/TravelTap-aoniybxgcgmexqcgzdslgsqiowxj/Build/Products/Debug-iphonesimulator/TravelTap.app/PkgInfo -expandbuildsettings -format binary -platform iphonesimulator -additionalcontentfile /Users/erders/Library/Developer/Xcode/DerivedData/TravelTap-aoniybxgcgmexqcgzdslgsqiowxj/Build/Intermediates.noindex/TravelTap.build/Debug-iphonesimulator/TravelTap.build/assetcatalog_generated_info.plist -o /Users/erders/Library/Developer/Xcode/DerivedData/TravelTap-aoniybxgcgmexqcgzdslgsqiowxj/Build/Products/Debug-iphonesimulator/TravelTap.app/Info.plist

SwiftDriverJobDiscovery normal arm64 Compiling HanoiAttractions.swift, HoChiMinhCityAttractions.swift, VietnamPackage.swift, AntiguaAndBarbudaPackage.swift, AntiguaFalmouthAttractions.swift, AntiguaStJohnsAttractions.swift, AntiguaStPhilipAttractions.swift, BarbudaAttractions.swift, DickensonBayAttractions.swift, EnglishHarbourAttractions.swift, FiveIslandsAttractions.swift, FriarsHillAttractions.swift, JollyHarbourAttractions.swift, ArubaPackage.swift, DruifAttractions.swift, MalmokAttractions.swift, NoordAttractions.swift, OranjestadAttractions.swift, ParaderaAttractions.swift, SanNicolasAttractions.swift, SantaCruzAttractions.swift, SavanetaAttractions.swift, BahamasPackage.swift, AndrosAttractions.swift, BiminiAttractions.swift (in target 'TravelTap' from project 'TravelTap')

SwiftCompile normal arm64 Compiling\ MinasAttractions.swift,\ MontevideoAttractions.swift,\ PaysanduAttractions.swift,\ PiriapolisAttractions.swift,\ PuntaDelDiabloAttractions.swift,\ PuntaDelEsteAttractions.swift,\ SaltoAttractions.swift,\ TacuaremboAttractions.swift,\ UruguayPackage.swift,\ BarquisimetoAttractions.swift,\ CanaimaAttractions.swift,\ CaracasAttractions.swift,\ ChoroniAttractions.swift,\ CiudadBolivarAttractions.swift,\ ColoniaTovarAttractions.swift,\ CoroAttractions.swift,\ GranSabanaAttractions.swift,\ IslaMargaritaAttractions.swift,\ LosRoquesAttractions.swift,\ MaracaiboAttractions.swift,\ MochimaAttractions.swift,\ MorrocoyAttractions.swift,\ OrinocoDeltaAttractions.swift,\ VenezuelaPackage.swift,\ WestBengalAttractions.swift /Users/erders/Documents/TravelTap/TravelTap/Data/Countries/SouthAmerica/Uruguay/Cities/MinasAttractions.swift /Users/erders/Documents/TravelTap/TravelTap/Data/Countries/SouthAmerica/Uruguay/Cities/MontevideoAttractions.swift /Users/erders/Documents/TravelTap/TravelTap/Data/Countries/SouthAmerica/Uruguay/Cities/PaysanduAttractions.swift /Users/erders/Documents/TravelTap/TravelTap/Data/Countries/SouthAmerica/Uruguay/Cities/PiriapolisAttractions.swift /Users/erders/Documents/TravelTap/TravelTap/Data/Countries/SouthAmerica/Uruguay/Cities/PuntaDelDiabloAttractions.swift /Users/erders/Documents/TravelTap/TravelTap/Data/Countries/SouthAmerica/Uruguay/Cities/PuntaDelEsteAttractions.swift /Users/erders/Documents/TravelTap/TravelTap/Data/Countries/SouthAmerica/Uruguay/Cities/SaltoAttractions.swift /Users/erders/Documents/TravelTap/TravelTap/Data/Countries/SouthAmerica/Uruguay/Cities/TacuaremboAttractions.swift /Users/erders/Documents/TravelTap/TravelTap/Data/Countries/SouthAmerica/Uruguay/UruguayPackage.swift /Users/erders/Documents/TravelTap/TravelTap/Data/Countries/SouthAmerica/Venezuela/Cities/BarquisimetoAttractions.swift /Users/erders/Documents/TravelTap/TravelTap/Data/Countries/SouthAmerica/Venezuela/Cities/CanaimaAttractions.swift /Users/erders/Documents/TravelTap/TravelTap/Data/Countries/SouthAmerica/Venezuela/Cities/CaracasAttractions.swift /Users/erders/Documents/TravelTap/TravelTap/Data/Countries/SouthAmerica/Venezuela/Cities/ChoroniAttractions.swift /Users/erders/Documents/TravelTap/TravelTap/Data/Countries/SouthAmerica/Venezuela/Cities/CiudadBolivarAttractions.swift /Users/erders/Documents/TravelTap/TravelTap/Data/Countries/SouthAmerica/Venezuela/Cities/ColoniaTovarAttractions.swift /Users/erders/Documents/TravelTap/TravelTap/Data/Countries/SouthAmerica/Venezuela/Cities/CoroAttractions.swift /Users/erders/Documents/TravelTap/TravelTap/Data/Countries/SouthAmerica/Venezuela/Cities/GranSabanaAttractions.swift /Users/erders/Documents/TravelTap/TravelTap/Data/Countries/SouthAmerica/Venezuela/Cities/IslaMargaritaAttractions.swift /Users/erders/Documents/TravelTap/TravelTap/Data/Countries/SouthAmerica/Venezuela/Cities/LosRoquesAttractions.swift /Users/erders/Documents/TravelTap/TravelTap/Data/Countries/SouthAmerica/Venezuela/Cities/MaracaiboAttractions.swift /Users/erders/Documents/TravelTap/TravelTap/Data/Countries/SouthAmerica/Venezuela/Cities/MochimaAttractions.swift /Users/erders/Documents/TravelTap/TravelTap/Data/Countries/SouthAmerica/Venezuela/Cities/MorrocoyAttractions.swift /Users/erders/Documents/TravelTap/TravelTap/Data/Countries/SouthAmerica/Venezuela/Cities/OrinocoDeltaAttractions.swift /Users/erders/Documents/TravelTap/TravelTap/Data/Countries/SouthAmerica/Venezuela/VenezuelaPackage.swift /Users/erders/Documents/TravelTap/TravelTap/Data/Countries/Asia/SouthAsia/India/Cities/WestBengalAttractions.swift (in target 'TravelTap' from project 'TravelTap')

SwiftCompile normal arm64 /Users/erders/Documents/TravelTap/TravelTap/Data/Countries/SouthAmerica/Uruguay/Cities/MinasAttractions.swift (in target 'TravelTap' from project 'TravelTap')
    cd /Users/erders/Documents/TravelTap
    

SwiftCompile normal arm64 /Users/erders/Documents/TravelTap/TravelTap/Data/Countries/SouthAmerica/Uruguay/Cities/MontevideoAttractions.swift (in target 'TravelTap' from project 'TravelTap')
    cd /Users/erders/Documents/TravelTap
    

SwiftCompile normal arm64 /Users/erders/Documents/TravelTap/TravelTap/Data/Countries/SouthAmerica/Uruguay/Cities/PaysanduAttractions.swift (in target 'TravelTap' from project 'TravelTap')
    cd /Users/erders/Documents/TravelTap
    

SwiftCompile normal arm64 /Users/erders/Documents/TravelTap/TravelTap/Data/Countries/SouthAmerica/Uruguay/Cities/PiriapolisAttractions.swift (in target 'TravelTap' from project 'TravelTap')
    cd /Users/erders/Documents/TravelTap
    

SwiftCompile normal arm64 /Users/erders/Documents/TravelTap/TravelTap/Data/Countries/SouthAmerica/Uruguay/Cities/PuntaDelDiabloAttractions.swift (in target 'TravelTap' from project 'TravelTap')
    cd /Users/erders/Documents/TravelTap
    

SwiftCompile normal arm64 /Users/erders/Documents/TravelTap/TravelTap/Data/Countries/SouthAmerica/Uruguay/Cities/PuntaDelEsteAttractions.swift (in target 'TravelTap' from project 'TravelTap')
    cd /Users/erders/Documents/TravelTap
    

SwiftCompile normal arm64 /Users/erders/Documents/TravelTap/TravelTap/Data/Countries/SouthAmerica/Uruguay/Cities/SaltoAttractions.swift (in target 'TravelTap' from project 'TravelTap')
    cd /Users/erders/Documents/TravelTap
    

SwiftCompile normal arm64 /Users/erders/Documents/TravelTap/TravelTap/Data/Countries/SouthAmerica/Uruguay/Cities/TacuaremboAttractions.swift (in target 'TravelTap' from project 'TravelTap')
    cd /Users/erders/Documents/TravelTap
    

SwiftCompile normal arm64 /Users/erders/Documents/TravelTap/TravelTap/Data/Countries/SouthAmerica/Uruguay/UruguayPackage.swift (in target 'TravelTap' from project 'TravelTap')
    cd /Users/erders/Documents/TravelTap
    

SwiftCompile normal arm64 /Users/erders/Documents/TravelTap/TravelTap/Data/Countries/SouthAmerica/Venezuela/Cities/BarquisimetoAttractions.swift (in target 'TravelTap' from project 'TravelTap')
    cd /Users/erders/Documents/TravelTap
    

SwiftCompile normal arm64 /Users/erders/Documents/TravelTap/TravelTap/Data/Countries/SouthAmerica/Venezuela/Cities/CanaimaAttractions.swift (in target 'TravelTap' from project 'TravelTap')
    cd /Users/erders/Documents/TravelTap
    

SwiftCompile normal arm64 /Users/erders/Documents/TravelTap/TravelTap/Data/Countries/SouthAmerica/Venezuela/Cities/CaracasAttractions.swift (in target 'TravelTap' from project 'TravelTap')
    cd /Users/erders/Documents/TravelTap
    

SwiftCompile normal arm64 /Users/erders/Documents/TravelTap/TravelTap/Data/Countries/SouthAmerica/Venezuela/Cities/ChoroniAttractions.swift (in target 'TravelTap' from project 'TravelTap')
    cd /Users/erders/Documents/TravelTap
    

SwiftCompile normal arm64 /Users/erders/Documents/TravelTap/TravelTap/Data/Countries/SouthAmerica/Venezuela/Cities/CiudadBolivarAttractions.swift (in target 'TravelTap' from project 'TravelTap')
    cd /Users/erders/Documents/TravelTap
    

SwiftCompile normal arm64 /Users/erders/Documents/TravelTap/TravelTap/Data/Countries/SouthAmerica/Venezuela/Cities/ColoniaTovarAttractions.swift (in target 'TravelTap' from project 'TravelTap')
    cd /Users/erders/Documents/TravelTap
    

SwiftCompile normal arm64 /Users/erders/Documents/TravelTap/TravelTap/Data/Countries/SouthAmerica/Venezuela/Cities/CoroAttractions.swift (in target 'TravelTap' from project 'TravelTap')
    cd /Users/erders/Documents/TravelTap
    

SwiftCompile normal arm64 /Users/erders/Documents/TravelTap/TravelTap/Data/Countries/SouthAmerica/Venezuela/Cities/GranSabanaAttractions.swift (in target 'TravelTap' from project 'TravelTap')
    cd /Users/erders/Documents/TravelTap
    

SwiftCompile normal arm64 /Users/erders/Documents/TravelTap/TravelTap/Data/Countries/SouthAmerica/Venezuela/Cities/IslaMargaritaAttractions.swift (in target 'TravelTap' from project 'TravelTap')
    cd /Users/erders/Documents/TravelTap
    

SwiftCompile normal arm64 /Users/erders/Documents/TravelTap/TravelTap/Data/Countries/SouthAmerica/Venezuela/Cities/LosRoquesAttractions.swift (in target 'TravelTap' from project 'TravelTap')
    cd /Users/erders/Documents/TravelTap
    

SwiftCompile normal arm64 /Users/erders/Documents/TravelTap/TravelTap/Data/Countries/SouthAmerica/Venezuela/Cities/MaracaiboAttractions.swift (in target 'TravelTap' from project 'TravelTap')
    cd /Users/erders/Documents/TravelTap
    

SwiftCompile normal arm64 /Users/erders/Documents/TravelTap/TravelTap/Data/Countries/SouthAmerica/Venezuela/Cities/MochimaAttractions.swift (in target 'TravelTap' from project 'TravelTap')
    cd /Users/erders/Documents/TravelTap
    

SwiftCompile normal arm64 /Users/erders/Documents/TravelTap/TravelTap/Data/Countries/SouthAmerica/Venezuela/Cities/MorrocoyAttractions.swift (in target 'TravelTap' from project 'TravelTap')
    cd /Users/erders/Documents/TravelTap
    

SwiftCompile normal arm64 /Users/erders/Documents/TravelTap/TravelTap/Data/Countries/SouthAmerica/Venezuela/Cities/OrinocoDeltaAttractions.swift (in target 'TravelTap' from project 'TravelTap')
    cd /Users/erders/Documents/TravelTap
    

SwiftCompile normal arm64 /Users/erders/Documents/TravelTap/TravelTap/Data/Countries/SouthAmerica/Venezuela/VenezuelaPackage.swift (in target 'TravelTap' from project 'TravelTap')
    cd /Users/erders/Documents/TravelTap
    

SwiftCompile normal arm64 /Users/erders/Documents/TravelTap/TravelTap/Data/Countries/Asia/SouthAsia/India/Cities/WestBengalAttractions.swift (in target 'TravelTap' from project 'TravelTap')
    cd /Users/erders/Documents/TravelTap
    

SwiftCompile normal arm64 Compiling\ EleutheraAttractions.swift,\ ExumaAttractions.swift,\ GrandBahamaAttractions.swift,\ LongIslandAttractions.swift,\ NassauAttractions.swift,\ ParadiseIslandAttractions.swift,\ BarbadosPackage.swift,\ BarbadosStThomasAttractions.swift,\ BridgetownAttractions.swift,\ ChristChurchAttractions.swift,\ StAndrewAttractions.swift,\ StJamesAttractions.swift,\ StJohnAttractions.swift,\ StLucyAttractions.swift,\ StPeterAttractions.swift,\ StPhilipAttractions.swift,\ BelizePackage.swift,\ BelizeCityAttractions.swift,\ CayeCaulkerAttractions.swift,\ HopkinsAttractions.swift,\ OrangeWalkAttractions.swift,\ PlacenciaAttractions.swift,\ PuntaGordaAttractions.swift,\ SanIgnacioAttractions.swift,\ SanPedroAttractions.swift /Users/erders/Documents/TravelTap/TravelTap/Data/Countries/CentralAmerica/Bahamas/Cities/EleutheraAttractions.swift /Users/erders/Documents/TravelTap/TravelTap/Data/Countries/CentralAmerica/Bahamas/Cities/ExumaAttractions.swift /Users/erders/Documents/TravelTap/TravelTap/Data/Countries/CentralAmerica/Bahamas/Cities/GrandBahamaAttractions.swift /Users/erders/Documents/TravelTap/TravelTap/Data/Countries/CentralAmerica/Bahamas/Cities/LongIslandAttractions.swift /Users/erders/Documents/TravelTap/TravelTap/Data/Countries/CentralAmerica/Bahamas/Cities/NassauAttractions.swift /Users/erders/Documents/TravelTap/TravelTap/Data/Countries/CentralAmerica/Bahamas/Cities/ParadiseIslandAttractions.swift /Users/erders/Documents/TravelTap/TravelTap/Data/Countries/CentralAmerica/Barbados/BarbadosPackage.swift /Users/erders/Documents/TravelTap/TravelTap/Data/Countries/CentralAmerica/Barbados/Cities/BarbadosStThomasAttractions.swift /Users/erders/Documents/TravelTap/TravelTap/Data/Countries/CentralAmerica/Barbados/Cities/BridgetownAttractions.swift /Users/erders/Documents/TravelTap/TravelTap/Data/Countries/CentralAmerica/Barbados/Cities/ChristChurchAttractions.swift /Users/erders/Documents/TravelTap/TravelTap/Data/Countries/CentralAmerica/Barbados/Cities/StAndrewAttractions.swift /Users/erders/Documents/TravelTap/TravelTap/Data/Countries/CentralAmerica/Barbados/Cities/StJamesAttractions.swift /Users/erders/Documents/TravelTap/TravelTap/Data/Countries/CentralAmerica/Barbados/Cities/StJohnAttractions.swift /Users/erders/Documents/TravelTap/TravelTap/Data/Countries/CentralAmerica/Barbados/Cities/StLucyAttractions.swift /Users/erders/Documents/TravelTap/TravelTap/Data/Countries/CentralAmerica/Barbados/Cities/StPeterAttractions.swift /Users/erders/Documents/TravelTap/TravelTap/Data/Countries/CentralAmerica/Barbados/Cities/StPhilipAttractions.swift /Users/erders/Documents/TravelTap/TravelTap/Data/Countries/CentralAmerica/Belize/BelizePackage.swift /Users/erders/Documents/TravelTap/TravelTap/Data/Countries/CentralAmerica/Belize/Cities/BelizeCityAttractions.swift /Users/erders/Documents/TravelTap/TravelTap/Data/Countries/CentralAmerica/Belize/Cities/CayeCaulkerAttractions.swift /Users/erders/Documents/TravelTap/TravelTap/Data/Countries/CentralAmerica/Belize/Cities/HopkinsAttractions.swift /Users/erders/Documents/TravelTap/TravelTap/Data/Countries/CentralAmerica/Belize/Cities/OrangeWalkAttractions.swift /Users/erders/Documents/TravelTap/TravelTap/Data/Countries/CentralAmerica/Belize/Cities/PlacenciaAttractions.swift /Users/erders/Documents/TravelTap/TravelTap/Data/Countries/CentralAmerica/Belize/Cities/PuntaGordaAttractions.swift /Users/erders/Documents/TravelTap/TravelTap/Data/Countries/CentralAmerica/Belize/Cities/SanIgnacioAttractions.swift /Users/erders/Documents/TravelTap/TravelTap/Data/Countries/CentralAmerica/Belize/Cities/SanPedroAttractions.swift (in target 'TravelTap' from project 'TravelTap')

SwiftCompile normal arm64 /Users/erders/Documents/TravelTap/TravelTap/Data/Countries/CentralAmerica/Bahamas/Cities/EleutheraAttractions.swift (in target 'TravelTap' from project 'TravelTap')
    cd /Users/erders/Documents/TravelTap
    

SwiftCompile normal arm64 /Users/erders/Documents/TravelTap/TravelTap/Data/Countries/CentralAmerica/Bahamas/Cities/ExumaAttractions.swift (in target 'TravelTap' from project 'TravelTap')
    cd /Users/erders/Documents/TravelTap
    

SwiftCompile normal arm64 /Users/erders/Documents/TravelTap/TravelTap/Data/Countries/CentralAmerica/Bahamas/Cities/GrandBahamaAttractions.swift (in target 'TravelTap' from project 'TravelTap')
    cd /Users/erders/Documents/TravelTap
    

SwiftCompile normal arm64 /Users/erders/Documents/TravelTap/TravelTap/Data/Countries/CentralAmerica/Bahamas/Cities/LongIslandAttractions.swift (in target 'TravelTap' from project 'TravelTap')
    cd /Users/erders/Documents/TravelTap
    

SwiftCompile normal arm64 /Users/erders/Documents/TravelTap/TravelTap/Data/Countries/CentralAmerica/Bahamas/Cities/NassauAttractions.swift (in target 'TravelTap' from project 'TravelTap')
    cd /Users/erders/Documents/TravelTap
    

SwiftCompile normal arm64 /Users/erders/Documents/TravelTap/TravelTap/Data/Countries/CentralAmerica/Bahamas/Cities/ParadiseIslandAttractions.swift (in target 'TravelTap' from project 'TravelTap')
    cd /Users/erders/Documents/TravelTap
    

SwiftCompile normal arm64 /Users/erders/Documents/TravelTap/TravelTap/Data/Countries/CentralAmerica/Barbados/BarbadosPackage.swift (in target 'TravelTap' from project 'TravelTap')
    cd /Users/erders/Documents/TravelTap
    

SwiftCompile normal arm64 /Users/erders/Documents/TravelTap/TravelTap/Data/Countries/CentralAmerica/Barbados/Cities/BarbadosStThomasAttractions.swift (in target 'TravelTap' from project 'TravelTap')
    cd /Users/erders/Documents/TravelTap
    

SwiftCompile normal arm64 /Users/erders/Documents/TravelTap/TravelTap/Data/Countries/CentralAmerica/Barbados/Cities/BridgetownAttractions.swift (in target 'TravelTap' from project 'TravelTap')
    cd /Users/erders/Documents/TravelTap
    

SwiftCompile normal arm64 /Users/erders/Documents/TravelTap/TravelTap/Data/Countries/CentralAmerica/Barbados/Cities/ChristChurchAttractions.swift (in target 'TravelTap' from project 'TravelTap')
    cd /Users/erders/Documents/TravelTap
    

SwiftCompile normal arm64 /Users/erders/Documents/TravelTap/TravelTap/Data/Countries/CentralAmerica/Barbados/Cities/StAndrewAttractions.swift (in target 'TravelTap' from project 'TravelTap')
    cd /Users/erders/Documents/TravelTap
    

SwiftCompile normal arm64 /Users/erders/Documents/TravelTap/TravelTap/Data/Countries/CentralAmerica/Barbados/Cities/StJamesAttractions.swift (in target 'TravelTap' from project 'TravelTap')
    cd /Users/erders/Documents/TravelTap
    

SwiftCompile normal arm64 /Users/erders/Documents/TravelTap/TravelTap/Data/Countries/CentralAmerica/Barbados/Cities/StJohnAttractions.swift (in target 'TravelTap' from project 'TravelTap')
    cd /Users/erders/Documents/TravelTap
    

SwiftCompile normal arm64 /Users/erders/Documents/TravelTap/TravelTap/Data/Countries/CentralAmerica/Barbados/Cities/StLucyAttractions.swift (in target 'TravelTap' from project 'TravelTap')
    cd /Users/erders/Documents/TravelTap
    

SwiftCompile normal arm64 /Users/erders/Documents/TravelTap/TravelTap/Data/Countries/CentralAmerica/Barbados/Cities/StPeterAttractions.swift (in target 'TravelTap' from project 'TravelTap')
    cd /Users/erders/Documents/TravelTap
    

SwiftCompile normal arm64 /Users/erders/Documents/TravelTap/TravelTap/Data/Countries/CentralAmerica/Barbados/Cities/StPhilipAttractions.swift (in target 'TravelTap' from project 'TravelTap')
    cd /Users/erders/Documents/TravelTap
    

SwiftCompile normal arm64 /Users/erders/Documents/TravelTap/TravelTap/Data/Countries/CentralAmerica/Belize/BelizePackage.swift (in target 'TravelTap' from project 'TravelTap')
    cd /Users/erders/Documents/TravelTap
    

SwiftCompile normal arm64 /Users/erders/Documents/TravelTap/TravelTap/Data/Countries/CentralAmerica/Belize/Cities/BelizeCityAttractions.swift (in target 'TravelTap' from project 'TravelTap')
    cd /Users/erders/Documents/TravelTap
    

SwiftCompile normal arm64 /Users/erders/Documents/TravelTap/TravelTap/Data/Countries/CentralAmerica/Belize/Cities/CayeCaulkerAttractions.swift (in target 'TravelTap' from project 'TravelTap')
    cd /Users/erders/Documents/TravelTap
    

SwiftCompile normal arm64 /Users/erders/Documents/TravelTap/TravelTap/Data/Countries/CentralAmerica/Belize/Cities/HopkinsAttractions.swift (in target 'TravelTap' from project 'TravelTap')
    cd /Users/erders/Documents/TravelTap
    

SwiftCompile normal arm64 /Users/erders/Documents/TravelTap/TravelTap/Data/Countries/CentralAmerica/Belize/Cities/OrangeWalkAttractions.swift (in target 'TravelTap' from project 'TravelTap')
    cd /Users/erders/Documents/TravelTap
    

SwiftCompile normal arm64 /Users/erders/Documents/TravelTap/TravelTap/Data/Countries/CentralAmerica/Belize/Cities/PlacenciaAttractions.swift (in target 'TravelTap' from project 'TravelTap')
    cd /Users/erders/Documents/TravelTap
    

SwiftCompile normal arm64 /Users/erders/Documents/TravelTap/TravelTap/Data/Countries/CentralAmerica/Belize/Cities/PuntaGordaAttractions.swift (in target 'TravelTap' from project 'TravelTap')
    cd /Users/erders/Documents/TravelTap
    

SwiftCompile normal arm64 /Users/erders/Documents/TravelTap/TravelTap/Data/Countries/CentralAmerica/Belize/Cities/SanIgnacioAttractions.swift (in target 'TravelTap' from project 'TravelTap')
    cd /Users/erders/Documents/TravelTap
    

SwiftCompile normal arm64 /Users/erders/Documents/TravelTap/TravelTap/Data/Countries/CentralAmerica/Belize/Cities/SanPedroAttractions.swift (in target 'TravelTap' from project 'TravelTap')
    cd /Users/erders/Documents/TravelTap
    

SwiftDriverJobDiscovery normal arm64 Compiling TelAvivAttractions.swift, IsraelPackage.swift, AmmanAttractions.swift, PetraAttractions.swift, JordanPackage.swift, KuwaitCityAttractions.swift, KuwaitPackage.swift, BeirutAttractions.swift, LebanonPackage.swift, MuscatAttractions.swift, OmanPackage.swift, DohaAttractions.swift, QatarPackage.swift, JeddahAttractions.swift, RiyadhAttractions.swift, SaudiArabiaPackage.swift, DamascusAttractions.swift, SyriaPackage.swift, AbuDhabiAttractions.swift, DubaiAttractions.swift, UAEPackage.swift, BangladeshPackage.swift, BandarbanAttractions.swift, ChittagongAttractions.swift, CoxsBazarAttractions.swift (in target 'TravelTap' from project 'TravelTap')

SwiftCompile normal arm64 Compiling\ ToktogulAttractions.swift,\ CholponAtaAttractions.swift,\ TalasAttractions.swift,\ BatkenAttractions.swift,\ AlaArchaNationalParkAttractions.swift,\ JalalAbadAttractions.swift,\ SaryChelekAttractions.swift,\ YanbuAttractions.swift,\ DammamAttractions.swift,\ MeccaAttractions.swift,\ MedinaAttractions.swift,\ AlAhsaAttractions.swift,\ AlKhobarAttractions.swift,\ TaifAttractions.swift,\ HailAttractions.swift,\ AbhaAttractions.swift,\ NajranAttractions.swift,\ TabukAttractions.swift,\ JazanAttractions.swift,\ AlUlaAttractions.swift,\ DeadSeaAttractions.swift,\ BaptismSiteAttractions.swift,\ AqabaAttractions.swift,\ DesertCastlesAttractions.swift,\ WadiRumAttractions.swift /Users/erders/Documents/TravelTap/TravelTap/Data/Countries/Asia/CentralAsia/Kyrgyzstan/Cities/ToktogulAttractions.swift /Users/erders/Documents/TravelTap/TravelTap/Data/Countries/Asia/CentralAsia/Kyrgyzstan/Cities/CholponAtaAttractions.swift /Users/erders/Documents/TravelTap/TravelTap/Data/Countries/Asia/CentralAsia/Kyrgyzstan/Cities/TalasAttractions.swift /Users/erders/Documents/TravelTap/TravelTap/Data/Countries/Asia/CentralAsia/Kyrgyzstan/Cities/BatkenAttractions.swift /Users/erders/Documents/TravelTap/TravelTap/Data/Countries/Asia/CentralAsia/Kyrgyzstan/Cities/AlaArchaNationalParkAttractions.swift /Users/erders/Documents/TravelTap/TravelTap/Data/Countries/Asia/CentralAsia/Kyrgyzstan/Cities/JalalAbadAttractions.swift /Users/erders/Documents/TravelTap/TravelTap/Data/Countries/Asia/CentralAsia/Kyrgyzstan/Cities/SaryChelekAttractions.swift /Users/erders/Documents/TravelTap/TravelTap/Data/Countries/Asia/MiddleEast/SaudiArabia/Cities/YanbuAttractions.swift /Users/erders/Documents/TravelTap/TravelTap/Data/Countries/Asia/MiddleEast/SaudiArabia/Cities/DammamAttractions.swift /Users/erders/Documents/TravelTap/TravelTap/Data/Countries/Asia/MiddleEast/SaudiArabia/Cities/MeccaAttractions.swift /Users/erders/Documents/TravelTap/TravelTap/Data/Countries/Asia/MiddleEast/SaudiArabia/Cities/MedinaAttractions.swift /Users/erders/Documents/TravelTap/TravelTap/Data/Countries/Asia/MiddleEast/SaudiArabia/Cities/AlAhsaAttractions.swift /Users/erders/Documents/TravelTap/TravelTap/Data/Countries/Asia/MiddleEast/SaudiArabia/Cities/AlKhobarAttractions.swift /Users/erders/Documents/TravelTap/TravelTap/Data/Countries/Asia/MiddleEast/SaudiArabia/Cities/TaifAttractions.swift /Users/erders/Documents/TravelTap/TravelTap/Data/Countries/Asia/MiddleEast/SaudiArabia/Cities/HailAttractions.swift /Users/erders/Documents/TravelTap/TravelTap/Data/Countries/Asia/MiddleEast/SaudiArabia/Cities/AbhaAttractions.swift /Users/erders/Documents/TravelTap/TravelTap/Data/Countries/Asia/MiddleEast/SaudiArabia/Cities/NajranAttractions.swift /Users/erders/Documents/TravelTap/TravelTap/Data/Countries/Asia/MiddleEast/SaudiArabia/Cities/TabukAttractions.swift /Users/erders/Documents/TravelTap/TravelTap/Data/Countries/Asia/MiddleEast/SaudiArabia/Cities/JazanAttractions.swift /Users/erders/Documents/TravelTap/TravelTap/Data/Countries/Asia/MiddleEast/SaudiArabia/Cities/AlUlaAttractions.swift /Users/erders/Documents/TravelTap/TravelTap/Data/Countries/Asia/MiddleEast/Jordan/Cities/DeadSeaAttractions.swift /Users/erders/Documents/TravelTap/TravelTap/Data/Countries/Asia/MiddleEast/Jordan/Cities/BaptismSiteAttractions.swift /Users/erders/Documents/TravelTap/TravelTap/Data/Countries/Asia/MiddleEast/Jordan/Cities/AqabaAttractions.swift /Users/erders/Documents/TravelTap/TravelTap/Data/Countries/Asia/MiddleEast/Jordan/Cities/DesertCastlesAttractions.swift /Users/erders/Documents/TravelTap/TravelTap/Data/Countries/Asia/MiddleEast/Jordan/Cities/WadiRumAttractions.swift (in target 'TravelTap' from project 'TravelTap')

SwiftCompile normal arm64 /Users/erders/Documents/TravelTap/TravelTap/Data/Countries/Asia/CentralAsia/Kyrgyzstan/Cities/ToktogulAttractions.swift (in target 'TravelTap' from project 'TravelTap')
    cd /Users/erders/Documents/TravelTap
    

SwiftCompile normal arm64 /Users/erders/Documents/TravelTap/TravelTap/Data/Countries/Asia/CentralAsia/Kyrgyzstan/Cities/CholponAtaAttractions.swift (in target 'TravelTap' from project 'TravelTap')
    cd /Users/erders/Documents/TravelTap
    

SwiftCompile normal arm64 /Users/erders/Documents/TravelTap/TravelTap/Data/Countries/Asia/CentralAsia/Kyrgyzstan/Cities/TalasAttractions.swift (in target 'TravelTap' from project 'TravelTap')
    cd /Users/erders/Documents/TravelTap
    

SwiftCompile normal arm64 /Users/erders/Documents/TravelTap/TravelTap/Data/Countries/Asia/CentralAsia/Kyrgyzstan/Cities/BatkenAttractions.swift (in target 'TravelTap' from project 'TravelTap')
    cd /Users/erders/Documents/TravelTap
    

SwiftCompile normal arm64 /Users/erders/Documents/TravelTap/TravelTap/Data/Countries/Asia/CentralAsia/Kyrgyzstan/Cities/AlaArchaNationalParkAttractions.swift (in target 'TravelTap' from project 'TravelTap')
    cd /Users/erders/Documents/TravelTap
    

SwiftCompile normal arm64 /Users/erders/Documents/TravelTap/TravelTap/Data/Countries/Asia/CentralAsia/Kyrgyzstan/Cities/JalalAbadAttractions.swift (in target 'TravelTap' from project 'TravelTap')
    cd /Users/erders/Documents/TravelTap
    

SwiftCompile normal arm64 /Users/erders/Documents/TravelTap/TravelTap/Data/Countries/Asia/CentralAsia/Kyrgyzstan/Cities/SaryChelekAttractions.swift (in target 'TravelTap' from project 'TravelTap')
    cd /Users/erders/Documents/TravelTap
    

SwiftCompile normal arm64 /Users/erders/Documents/TravelTap/TravelTap/Data/Countries/Asia/MiddleEast/SaudiArabia/Cities/YanbuAttractions.swift (in target 'TravelTap' from project 'TravelTap')
    cd /Users/erders/Documents/TravelTap
    

SwiftCompile normal arm64 /Users/erders/Documents/TravelTap/TravelTap/Data/Countries/Asia/MiddleEast/SaudiArabia/Cities/DammamAttractions.swift (in target 'TravelTap' from project 'TravelTap')
    cd /Users/erders/Documents/TravelTap
    

SwiftCompile normal arm64 /Users/erders/Documents/TravelTap/TravelTap/Data/Countries/Asia/MiddleEast/SaudiArabia/Cities/MeccaAttractions.swift (in target 'TravelTap' from project 'TravelTap')
    cd /Users/erders/Documents/TravelTap
    

SwiftCompile normal arm64 /Users/erders/Documents/TravelTap/TravelTap/Data/Countries/Asia/MiddleEast/SaudiArabia/Cities/MedinaAttractions.swift (in target 'TravelTap' from project 'TravelTap')
    cd /Users/erders/Documents/TravelTap
    

SwiftCompile normal arm64 /Users/erders/Documents/TravelTap/TravelTap/Data/Countries/Asia/MiddleEast/SaudiArabia/Cities/AlAhsaAttractions.swift (in target 'TravelTap' from project 'TravelTap')
    cd /Users/erders/Documents/TravelTap
    

SwiftCompile normal arm64 /Users/erders/Documents/TravelTap/TravelTap/Data/Countries/Asia/MiddleEast/SaudiArabia/Cities/AlKhobarAttractions.swift (in target 'TravelTap' from project 'TravelTap')
    cd /Users/erders/Documents/TravelTap
    

SwiftCompile normal arm64 /Users/erders/Documents/TravelTap/TravelTap/Data/Countries/Asia/MiddleEast/SaudiArabia/Cities/TaifAttractions.swift (in target 'TravelTap' from project 'TravelTap')
    cd /Users/erders/Documents/TravelTap
    

SwiftCompile normal arm64 /Users/erders/Documents/TravelTap/TravelTap/Data/Countries/Asia/MiddleEast/SaudiArabia/Cities/HailAttractions.swift (in target 'TravelTap' from project 'TravelTap')
    cd /Users/erders/Documents/TravelTap
    

SwiftCompile normal arm64 /Users/erders/Documents/TravelTap/TravelTap/Data/Countries/Asia/MiddleEast/SaudiArabia/Cities/AbhaAttractions.swift (in target 'TravelTap' from project 'TravelTap')
    cd /Users/erders/Documents/TravelTap
    

SwiftCompile normal arm64 /Users/erders/Documents/TravelTap/TravelTap/Data/Countries/Asia/MiddleEast/SaudiArabia/Cities/NajranAttractions.swift (in target 'TravelTap' from project 'TravelTap')
    cd /Users/erders/Documents/TravelTap
    

SwiftCompile normal arm64 /Users/erders/Documents/TravelTap/TravelTap/Data/Countries/Asia/MiddleEast/SaudiArabia/Cities/TabukAttractions.swift (in target 'TravelTap' from project 'TravelTap')
    cd /Users/erders/Documents/TravelTap
    

SwiftCompile normal arm64 /Users/erders/Documents/TravelTap/TravelTap/Data/Countries/Asia/MiddleEast/SaudiArabia/Cities/JazanAttractions.swift (in target 'TravelTap' from project 'TravelTap')
    cd /Users/erders/Documents/TravelTap
    

SwiftCompile normal arm64 /Users/erders/Documents/TravelTap/TravelTap/Data/Countries/Asia/MiddleEast/SaudiArabia/Cities/AlUlaAttractions.swift (in target 'TravelTap' from project 'TravelTap')
    cd /Users/erders/Documents/TravelTap
    

SwiftCompile normal arm64 /Users/erders/Documents/TravelTap/TravelTap/Data/Countries/Asia/MiddleEast/Jordan/Cities/DeadSeaAttractions.swift (in target 'TravelTap' from project 'TravelTap')
    cd /Users/erders/Documents/TravelTap
    

SwiftCompile normal arm64 /Users/erders/Documents/TravelTap/TravelTap/Data/Countries/Asia/MiddleEast/Jordan/Cities/BaptismSiteAttractions.swift (in target 'TravelTap' from project 'TravelTap')
    cd /Users/erders/Documents/TravelTap
    

SwiftCompile normal arm64 /Users/erders/Documents/TravelTap/TravelTap/Data/Countries/Asia/MiddleEast/Jordan/Cities/AqabaAttractions.swift (in target 'TravelTap' from project 'TravelTap')
    cd /Users/erders/Documents/TravelTap
    

SwiftCompile normal arm64 /Users/erders/Documents/TravelTap/TravelTap/Data/Countries/Asia/MiddleEast/Jordan/Cities/DesertCastlesAttractions.swift (in target 'TravelTap' from project 'TravelTap')
    cd /Users/erders/Documents/TravelTap
    

SwiftCompile normal arm64 /Users/erders/Documents/TravelTap/TravelTap/Data/Countries/Asia/MiddleEast/Jordan/Cities/WadiRumAttractions.swift (in target 'TravelTap' from project 'TravelTap')
    cd /Users/erders/Documents/TravelTap
    

SwiftDriverJobDiscovery normal arm64 Compiling BordeauxAttractions.swift, BrittanyAttractions.swift, BurgundyAttractions.swift, CannesAttractions.swift, CarcassonneAttractions.swift, CathedralsAttractions.swift, ChamonixAttractions.swift, ColmarAttractions.swift, CorsicaAttractions.swift, DordogneAttractions.swift, LilleAttractions.swift, LoireValleyAttractions.swift, LyonAttractions.swift, MarseilleAttractions.swift, MontSaintMichelAttractions.swift, NancyAttractions.swift, NiceAttractions.swift, NormandyAttractions.swift, ParisAttractions.swift, ProvenceAttractions.swift, ProvinsAttractions.swift, PyreneesAttractions.swift, ReimsAttractions.swift, SaintTropezAttractions.swift, StrasbourgAttractions.swift (in target 'TravelTap' from project 'TravelTap')

SwiftCompile normal arm64 Compiling\ SamalIslandAttractions.swift,\ ViganAttractions.swift,\ SibongaAttractions.swift,\ LeyteAttractions.swift,\ BaguioAttractions.swift,\ SiquijorAttractions.swift,\ BanaueAttractions.swift,\ MakatiAttractions.swift,\ PagudpudAttractions.swift,\ BusuangaAttractions.swift,\ PangasinanAttractions.swift,\ DumagueteAttractions.swift,\ PanglaoAttractions.swift,\ SubicAttractions.swift,\ PhuQuocAttractions.swift,\ NinhBinhAttractions.swift,\ DaNangAttractions.swift,\ DaLatAttractions.swift,\ NhaTrangAttractions.swift,\ MuiNeAttractions.swift,\ HaLongBayAttractions.swift,\ PhongNhaAttractions.swift,\ QuyNhonAttractions.swift,\ ConDaoAttractions.swift,\ HoiAnAttractions.swift /Users/erders/Documents/TravelTap/TravelTap/Data/Countries/Asia/SoutheastAsia/Philippines/Cities/SamalIslandAttractions.swift /Users/erders/Documents/TravelTap/TravelTap/Data/Countries/Asia/SoutheastAsia/Philippines/Cities/ViganAttractions.swift /Users/erders/Documents/TravelTap/TravelTap/Data/Countries/Asia/SoutheastAsia/Philippines/Cities/SibongaAttractions.swift /Users/erders/Documents/TravelTap/TravelTap/Data/Countries/Asia/SoutheastAsia/Philippines/Cities/LeyteAttractions.swift /Users/erders/Documents/TravelTap/TravelTap/Data/Countries/Asia/SoutheastAsia/Philippines/Cities/BaguioAttractions.swift /Users/erders/Documents/TravelTap/TravelTap/Data/Countries/Asia/SoutheastAsia/Philippines/Cities/SiquijorAttractions.swift /Users/erders/Documents/TravelTap/TravelTap/Data/Countries/Asia/SoutheastAsia/Philippines/Cities/BanaueAttractions.swift /Users/erders/Documents/TravelTap/TravelTap/Data/Countries/Asia/SoutheastAsia/Philippines/Cities/MakatiAttractions.swift /Users/erders/Documents/TravelTap/TravelTap/Data/Countries/Asia/SoutheastAsia/Philippines/Cities/PagudpudAttractions.swift /Users/erders/Documents/TravelTap/TravelTap/Data/Countries/Asia/SoutheastAsia/Philippines/Cities/BusuangaAttractions.swift /Users/erders/Documents/TravelTap/TravelTap/Data/Countries/Asia/SoutheastAsia/Philippines/Cities/PangasinanAttractions.swift /Users/erders/Documents/TravelTap/TravelTap/Data/Countries/Asia/SoutheastAsia/Philippines/Cities/DumagueteAttractions.swift /Users/erders/Documents/TravelTap/TravelTap/Data/Countries/Asia/SoutheastAsia/Philippines/Cities/PanglaoAttractions.swift /Users/erders/Documents/TravelTap/TravelTap/Data/Countries/Asia/SoutheastAsia/Philippines/Cities/SubicAttractions.swift /Users/erders/Documents/TravelTap/TravelTap/Data/Countries/Asia/SoutheastAsia/Vietnam/Cities/PhuQuocAttractions.swift /Users/erders/Documents/TravelTap/TravelTap/Data/Countries/Asia/SoutheastAsia/Vietnam/Cities/NinhBinhAttractions.swift /Users/erders/Documents/TravelTap/TravelTap/Data/Countries/Asia/SoutheastAsia/Vietnam/Cities/DaNangAttractions.swift /Users/erders/Documents/TravelTap/TravelTap/Data/Countries/Asia/SoutheastAsia/Vietnam/Cities/DaLatAttractions.swift /Users/erders/Documents/TravelTap/TravelTap/Data/Countries/Asia/SoutheastAsia/Vietnam/Cities/NhaTrangAttractions.swift /Users/erders/Documents/TravelTap/TravelTap/Data/Countries/Asia/SoutheastAsia/Vietnam/Cities/MuiNeAttractions.swift /Users/erders/Documents/TravelTap/TravelTap/Data/Countries/Asia/SoutheastAsia/Vietnam/Cities/HaLongBayAttractions.swift /Users/erders/Documents/TravelTap/TravelTap/Data/Countries/Asia/SoutheastAsia/Vietnam/Cities/PhongNhaAttractions.swift /Users/erders/Documents/TravelTap/TravelTap/Data/Countries/Asia/SoutheastAsia/Vietnam/Cities/QuyNhonAttractions.swift /Users/erders/Documents/TravelTap/TravelTap/Data/Countries/Asia/SoutheastAsia/Vietnam/Cities/ConDaoAttractions.swift /Users/erders/Documents/TravelTap/TravelTap/Data/Countries/Asia/SoutheastAsia/Vietnam/Cities/HoiAnAttractions.swift (in target 'TravelTap' from project 'TravelTap')

SwiftCompile normal arm64 /Users/erders/Documents/TravelTap/TravelTap/Data/Countries/Asia/SoutheastAsia/Philippines/Cities/SamalIslandAttractions.swift (in target 'TravelTap' from project 'TravelTap')
    cd /Users/erders/Documents/TravelTap
    

SwiftCompile normal arm64 /Users/erders/Documents/TravelTap/TravelTap/Data/Countries/Asia/SoutheastAsia/Philippines/Cities/ViganAttractions.swift (in target 'TravelTap' from project 'TravelTap')
    cd /Users/erders/Documents/TravelTap
    

SwiftCompile normal arm64 /Users/erders/Documents/TravelTap/TravelTap/Data/Countries/Asia/SoutheastAsia/Philippines/Cities/SibongaAttractions.swift (in target 'TravelTap' from project 'TravelTap')
    cd /Users/erders/Documents/TravelTap
    

SwiftCompile normal arm64 /Users/erders/Documents/TravelTap/TravelTap/Data/Countries/Asia/SoutheastAsia/Philippines/Cities/LeyteAttractions.swift (in target 'TravelTap' from project 'TravelTap')
    cd /Users/erders/Documents/TravelTap
    

SwiftCompile normal arm64 /Users/erders/Documents/TravelTap/TravelTap/Data/Countries/Asia/SoutheastAsia/Philippines/Cities/BaguioAttractions.swift (in target 'TravelTap' from project 'TravelTap')
    cd /Users/erders/Documents/TravelTap
    

SwiftCompile normal arm64 /Users/erders/Documents/TravelTap/TravelTap/Data/Countries/Asia/SoutheastAsia/Philippines/Cities/SiquijorAttractions.swift (in target 'TravelTap' from project 'TravelTap')
    cd /Users/erders/Documents/TravelTap
    

SwiftCompile normal arm64 /Users/erders/Documents/TravelTap/TravelTap/Data/Countries/Asia/SoutheastAsia/Philippines/Cities/BanaueAttractions.swift (in target 'TravelTap' from project 'TravelTap')
    cd /Users/erders/Documents/TravelTap
    

SwiftCompile normal arm64 /Users/erders/Documents/TravelTap/TravelTap/Data/Countries/Asia/SoutheastAsia/Philippines/Cities/MakatiAttractions.swift (in target 'TravelTap' from project 'TravelTap')
    cd /Users/erders/Documents/TravelTap
    

SwiftCompile normal arm64 /Users/erders/Documents/TravelTap/TravelTap/Data/Countries/Asia/SoutheastAsia/Philippines/Cities/PagudpudAttractions.swift (in target 'TravelTap' from project 'TravelTap')
    cd /Users/erders/Documents/TravelTap
    

SwiftCompile normal arm64 /Users/erders/Documents/TravelTap/TravelTap/Data/Countries/Asia/SoutheastAsia/Philippines/Cities/BusuangaAttractions.swift (in target 'TravelTap' from project 'TravelTap')
    cd /Users/erders/Documents/TravelTap
    

SwiftCompile normal arm64 /Users/erders/Documents/TravelTap/TravelTap/Data/Countries/Asia/SoutheastAsia/Philippines/Cities/PangasinanAttractions.swift (in target 'TravelTap' from project 'TravelTap')
    cd /Users/erders/Documents/TravelTap
    

SwiftCompile normal arm64 /Users/erders/Documents/TravelTap/TravelTap/Data/Countries/Asia/SoutheastAsia/Philippines/Cities/DumagueteAttractions.swift (in target 'TravelTap' from project 'TravelTap')
    cd /Users/erders/Documents/TravelTap
    

SwiftCompile normal arm64 /Users/erders/Documents/TravelTap/TravelTap/Data/Countries/Asia/SoutheastAsia/Philippines/Cities/PanglaoAttractions.swift (in target 'TravelTap' from project 'TravelTap')
    cd /Users/erders/Documents/TravelTap
    

SwiftCompile normal arm64 /Users/erders/Documents/TravelTap/TravelTap/Data/Countries/Asia/SoutheastAsia/Philippines/Cities/SubicAttractions.swift (in target 'TravelTap' from project 'TravelTap')
    cd /Users/erders/Documents/TravelTap
    

SwiftCompile normal arm64 /Users/erders/Documents/TravelTap/TravelTap/Data/Countries/Asia/SoutheastAsia/Vietnam/Cities/PhuQuocAttractions.swift (in target 'TravelTap' from project 'TravelTap')
    cd /Users/erders/Documents/TravelTap
    

SwiftCompile normal arm64 /Users/erders/Documents/TravelTap/TravelTap/Data/Countries/Asia/SoutheastAsia/Vietnam/Cities/NinhBinhAttractions.swift (in target 'TravelTap' from project 'TravelTap')
    cd /Users/erders/Documents/TravelTap
    

SwiftCompile normal arm64 /Users/erders/Documents/TravelTap/TravelTap/Data/Countries/Asia/SoutheastAsia/Vietnam/Cities/DaNangAttractions.swift (in target 'TravelTap' from project 'TravelTap')
    cd /Users/erders/Documents/TravelTap
    

SwiftCompile normal arm64 /Users/erders/Documents/TravelTap/TravelTap/Data/Countries/Asia/SoutheastAsia/Vietnam/Cities/DaLatAttractions.swift (in target 'TravelTap' from project 'TravelTap')
    cd /Users/erders/Documents/TravelTap
    

SwiftCompile normal arm64 /Users/erders/Documents/TravelTap/TravelTap/Data/Countries/Asia/SoutheastAsia/Vietnam/Cities/NhaTrangAttractions.swift (in target 'TravelTap' from project 'TravelTap')
    cd /Users/erders/Documents/TravelTap
    

SwiftCompile normal arm64 /Users/erders/Documents/TravelTap/TravelTap/Data/Countries/Asia/SoutheastAsia/Vietnam/Cities/MuiNeAttractions.swift (in target 'TravelTap' from project 'TravelTap')
    cd /Users/erders/Documents/TravelTap
    

SwiftCompile normal arm64 /Users/erders/Documents/TravelTap/TravelTap/Data/Countries/Asia/SoutheastAsia/Vietnam/Cities/HaLongBayAttractions.swift (in target 'TravelTap' from project 'TravelTap')
    cd /Users/erders/Documents/TravelTap
    

SwiftCompile normal arm64 /Users/erders/Documents/TravelTap/TravelTap/Data/Countries/Asia/SoutheastAsia/Vietnam/Cities/PhongNhaAttractions.swift (in target 'TravelTap' from project 'TravelTap')
    cd /Users/erders/Documents/TravelTap
    

SwiftCompile normal arm64 /Users/erders/Documents/TravelTap/TravelTap/Data/Countries/Asia/SoutheastAsia/Vietnam/Cities/QuyNhonAttractions.swift (in target 'TravelTap' from project 'TravelTap')
    cd /Users/erders/Documents/TravelTap
    

SwiftCompile normal arm64 /Users/erders/Documents/TravelTap/TravelTap/Data/Countries/Asia/SoutheastAsia/Vietnam/Cities/ConDaoAttractions.swift (in target 'TravelTap' from project 'TravelTap')
    cd /Users/erders/Documents/TravelTap
    

SwiftCompile normal arm64 /Users/erders/Documents/TravelTap/TravelTap/Data/Countries/Asia/SoutheastAsia/Vietnam/Cities/HoiAnAttractions.swift (in target 'TravelTap' from project 'TravelTap')
    cd /Users/erders/Documents/TravelTap
    

SwiftDriverJobDiscovery normal arm64 Compiling MindoAttractions.swift, MontanitaPacificCoastAttractions.swift, OtavaloAttractions.swift, QuilotoaAttractions.swift, QuitoAttractions.swift, VilcabambaAttractions.swift, EcuadorPackage.swift, AnnaiAttractions.swift, BarticaAttractions.swift, BerbiceRegionAttractions.swift, EssequiboIslandsAttractions.swift, GeorgetownAttractions.swift, IwokramaForestAttractions.swift, KaieteurFallsAttractions.swift, LethemAttractions.swift, OrinduikFallsAttractions.swift, RupununiSavannahAttractions.swift, SantaMissionAttractions.swift, ShellBeachAttractions.swift, SuramaVillageAttractions.swift, GuyanaPackage.swift, AreguaAttractions.swift, AsuncionAttractions.swift, CaacupeAttractions.swift, CerroCoraAttractions.swift (in target 'TravelTap' from project 'TravelTap')

SwiftCompile normal arm64 Compiling\ GeorgiaPackage.swift,\ AlmatyAttractions.swift,\ AstanaAttractions.swift,\ TurkestanAttractions.swift,\ KazakhstanPackage.swift,\ BishkekAttractions.swift,\ KarakolAttractions.swift,\ NarynAttractions.swift,\ OshAttractions.swift,\ KyrgyzstanPackage.swift,\ AshgabatAttractions.swift,\ DarvazaAttractions.swift,\ KunyaUrgenchAttractions.swift,\ MaryAttractions.swift,\ YangykalaAttractions.swift,\ TurkmenistanPackage.swift,\ BukharaAttractions.swift,\ KhivaAttractions.swift,\ NukusAttractions.swift,\ SamarkandAttractions.swift,\ ShakhrisabzAttractions.swift,\ TashkentAttractions.swift,\ ZaaminAttractions.swift,\ UzbekistanPackage.swift,\ ChinaPackage.swift /Users/erders/Documents/TravelTap/TravelTap/Data/Countries/Asia/CentralAsia/Georgia/GeorgiaPackage.swift /Users/erders/Documents/TravelTap/TravelTap/Data/Countries/Asia/CentralAsia/Kazakhstan/Cities/AlmatyAttractions.swift /Users/erders/Documents/TravelTap/TravelTap/Data/Countries/Asia/CentralAsia/Kazakhstan/Cities/AstanaAttractions.swift /Users/erders/Documents/TravelTap/TravelTap/Data/Countries/Asia/CentralAsia/Kazakhstan/Cities/TurkestanAttractions.swift /Users/erders/Documents/TravelTap/TravelTap/Data/Countries/Asia/CentralAsia/Kazakhstan/KazakhstanPackage.swift /Users/erders/Documents/TravelTap/TravelTap/Data/Countries/Asia/CentralAsia/Kyrgyzstan/Cities/BishkekAttractions.swift /Users/erders/Documents/TravelTap/TravelTap/Data/Countries/Asia/CentralAsia/Kyrgyzstan/Cities/KarakolAttractions.swift /Users/erders/Documents/TravelTap/TravelTap/Data/Countries/Asia/CentralAsia/Kyrgyzstan/Cities/NarynAttractions.swift /Users/erders/Documents/TravelTap/TravelTap/Data/Countries/Asia/CentralAsia/Kyrgyzstan/Cities/OshAttractions.swift /Users/erders/Documents/TravelTap/TravelTap/Data/Countries/Asia/CentralAsia/Kyrgyzstan/KyrgyzstanPackage.swift /Users/erders/Documents/TravelTap/TravelTap/Data/Countries/Asia/CentralAsia/Turkmenistan/Cities/AshgabatAttractions.swift /Users/erders/Documents/TravelTap/TravelTap/Data/Countries/Asia/CentralAsia/Turkmenistan/Cities/DarvazaAttractions.swift /Users/erders/Documents/TravelTap/TravelTap/Data/Countries/Asia/CentralAsia/Turkmenistan/Cities/KunyaUrgenchAttractions.swift /Users/erders/Documents/TravelTap/TravelTap/Data/Countries/Asia/CentralAsia/Turkmenistan/Cities/MaryAttractions.swift /Users/erders/Documents/TravelTap/TravelTap/Data/Countries/Asia/CentralAsia/Turkmenistan/Cities/YangykalaAttractions.swift /Users/erders/Documents/TravelTap/TravelTap/Data/Countries/Asia/CentralAsia/Turkmenistan/TurkmenistanPackage.swift /Users/erders/Documents/TravelTap/TravelTap/Data/Countries/Asia/CentralAsia/Uzbekistan/Cities/BukharaAttractions.swift /Users/erders/Documents/TravelTap/TravelTap/Data/Countries/Asia/CentralAsia/Uzbekistan/Cities/KhivaAttractions.swift /Users/erders/Documents/TravelTap/TravelTap/Data/Countries/Asia/CentralAsia/Uzbekistan/Cities/NukusAttractions.swift /Users/erders/Documents/TravelTap/TravelTap/Data/Countries/Asia/CentralAsia/Uzbekistan/Cities/SamarkandAttractions.swift /Users/erders/Documents/TravelTap/TravelTap/Data/Countries/Asia/CentralAsia/Uzbekistan/Cities/ShakhrisabzAttractions.swift /Users/erders/Documents/TravelTap/TravelTap/Data/Countries/Asia/CentralAsia/Uzbekistan/Cities/TashkentAttractions.swift /Users/erders/Documents/TravelTap/TravelTap/Data/Countries/Asia/CentralAsia/Uzbekistan/Cities/ZaaminAttractions.swift /Users/erders/Documents/TravelTap/TravelTap/Data/Countries/Asia/CentralAsia/Uzbekistan/UzbekistanPackage.swift /Users/erders/Documents/TravelTap/TravelTap/Data/Countries/Asia/EastAsia/China/ChinaPackage.swift (in target 'TravelTap' from project 'TravelTap')

SwiftCompile normal arm64 /Users/erders/Documents/TravelTap/TravelTap/Data/Countries/Asia/CentralAsia/Georgia/GeorgiaPackage.swift (in target 'TravelTap' from project 'TravelTap')
    cd /Users/erders/Documents/TravelTap
    

SwiftCompile normal arm64 /Users/erders/Documents/TravelTap/TravelTap/Data/Countries/Asia/CentralAsia/Kazakhstan/Cities/AlmatyAttractions.swift (in target 'TravelTap' from project 'TravelTap')
    cd /Users/erders/Documents/TravelTap
    

SwiftCompile normal arm64 /Users/erders/Documents/TravelTap/TravelTap/Data/Countries/Asia/CentralAsia/Kazakhstan/Cities/AstanaAttractions.swift (in target 'TravelTap' from project 'TravelTap')
    cd /Users/erders/Documents/TravelTap
    

SwiftCompile normal arm64 /Users/erders/Documents/TravelTap/TravelTap/Data/Countries/Asia/CentralAsia/Kazakhstan/Cities/TurkestanAttractions.swift (in target 'TravelTap' from project 'TravelTap')
    cd /Users/erders/Documents/TravelTap
    

SwiftCompile normal arm64 /Users/erders/Documents/TravelTap/TravelTap/Data/Countries/Asia/CentralAsia/Kazakhstan/KazakhstanPackage.swift (in target 'TravelTap' from project 'TravelTap')
    cd /Users/erders/Documents/TravelTap
    

SwiftCompile normal arm64 /Users/erders/Documents/TravelTap/TravelTap/Data/Countries/Asia/CentralAsia/Kyrgyzstan/Cities/BishkekAttractions.swift (in target 'TravelTap' from project 'TravelTap')
    cd /Users/erders/Documents/TravelTap
    

SwiftCompile normal arm64 /Users/erders/Documents/TravelTap/TravelTap/Data/Countries/Asia/CentralAsia/Kyrgyzstan/Cities/KarakolAttractions.swift (in target 'TravelTap' from project 'TravelTap')
    cd /Users/erders/Documents/TravelTap
    

SwiftCompile normal arm64 /Users/erders/Documents/TravelTap/TravelTap/Data/Countries/Asia/CentralAsia/Kyrgyzstan/Cities/NarynAttractions.swift (in target 'TravelTap' from project 'TravelTap')
    cd /Users/erders/Documents/TravelTap
    

SwiftCompile normal arm64 /Users/erders/Documents/TravelTap/TravelTap/Data/Countries/Asia/CentralAsia/Kyrgyzstan/Cities/OshAttractions.swift (in target 'TravelTap' from project 'TravelTap')
    cd /Users/erders/Documents/TravelTap
    

SwiftCompile normal arm64 /Users/erders/Documents/TravelTap/TravelTap/Data/Countries/Asia/CentralAsia/Kyrgyzstan/KyrgyzstanPackage.swift (in target 'TravelTap' from project 'TravelTap')
    cd /Users/erders/Documents/TravelTap
    

SwiftCompile normal arm64 /Users/erders/Documents/TravelTap/TravelTap/Data/Countries/Asia/CentralAsia/Turkmenistan/Cities/AshgabatAttractions.swift (in target 'TravelTap' from project 'TravelTap')
    cd /Users/erders/Documents/TravelTap
    

SwiftCompile normal arm64 /Users/erders/Documents/TravelTap/TravelTap/Data/Countries/Asia/CentralAsia/Turkmenistan/Cities/DarvazaAttractions.swift (in target 'TravelTap' from project 'TravelTap')
    cd /Users/erders/Documents/TravelTap
    

SwiftCompile normal arm64 /Users/erders/Documents/TravelTap/TravelTap/Data/Countries/Asia/CentralAsia/Turkmenistan/Cities/KunyaUrgenchAttractions.swift (in target 'TravelTap' from project 'TravelTap')
    cd /Users/erders/Documents/TravelTap
    

SwiftCompile normal arm64 /Users/erders/Documents/TravelTap/TravelTap/Data/Countries/Asia/CentralAsia/Turkmenistan/Cities/MaryAttractions.swift (in target 'TravelTap' from project 'TravelTap')
    cd /Users/erders/Documents/TravelTap
    

SwiftCompile normal arm64 /Users/erders/Documents/TravelTap/TravelTap/Data/Countries/Asia/CentralAsia/Turkmenistan/Cities/YangykalaAttractions.swift (in target 'TravelTap' from project 'TravelTap')
    cd /Users/erders/Documents/TravelTap
    

SwiftCompile normal arm64 /Users/erders/Documents/TravelTap/TravelTap/Data/Countries/Asia/CentralAsia/Turkmenistan/TurkmenistanPackage.swift (in target 'TravelTap' from project 'TravelTap')
    cd /Users/erders/Documents/TravelTap
    

SwiftCompile normal arm64 /Users/erders/Documents/TravelTap/TravelTap/Data/Countries/Asia/CentralAsia/Uzbekistan/Cities/BukharaAttractions.swift (in target 'TravelTap' from project 'TravelTap')
    cd /Users/erders/Documents/TravelTap
    

SwiftCompile normal arm64 /Users/erders/Documents/TravelTap/TravelTap/Data/Countries/Asia/CentralAsia/Uzbekistan/Cities/KhivaAttractions.swift (in target 'TravelTap' from project 'TravelTap')
    cd /Users/erders/Documents/TravelTap
    

SwiftCompile normal arm64 /Users/erders/Documents/TravelTap/TravelTap/Data/Countries/Asia/CentralAsia/Uzbekistan/Cities/NukusAttractions.swift (in target 'TravelTap' from project 'TravelTap')
    cd /Users/erders/Documents/TravelTap
    

SwiftCompile normal arm64 /Users/erders/Documents/TravelTap/TravelTap/Data/Countries/Asia/CentralAsia/Uzbekistan/Cities/SamarkandAttractions.swift (in target 'TravelTap' from project 'TravelTap')
    cd /Users/erders/Documents/TravelTap
    

SwiftCompile normal arm64 /Users/erders/Documents/TravelTap/TravelTap/Data/Countries/Asia/CentralAsia/Uzbekistan/Cities/ShakhrisabzAttractions.swift (in target 'TravelTap' from project 'TravelTap')
    cd /Users/erders/Documents/TravelTap
    

SwiftCompile normal arm64 /Users/erders/Documents/TravelTap/TravelTap/Data/Countries/Asia/CentralAsia/Uzbekistan/Cities/TashkentAttractions.swift (in target 'TravelTap' from project 'TravelTap')
    cd /Users/erders/Documents/TravelTap
    

SwiftCompile normal arm64 /Users/erders/Documents/TravelTap/TravelTap/Data/Countries/Asia/CentralAsia/Uzbekistan/Cities/ZaaminAttractions.swift (in target 'TravelTap' from project 'TravelTap')
    cd /Users/erders/Documents/TravelTap
    

SwiftCompile normal arm64 /Users/erders/Documents/TravelTap/TravelTap/Data/Countries/Asia/CentralAsia/Uzbekistan/UzbekistanPackage.swift (in target 'TravelTap' from project 'TravelTap')
    cd /Users/erders/Documents/TravelTap
    

SwiftCompile normal arm64 /Users/erders/Documents/TravelTap/TravelTap/Data/Countries/Asia/EastAsia/China/ChinaPackage.swift (in target 'TravelTap' from project 'TravelTap')
    cd /Users/erders/Documents/TravelTap
    

SwiftDriverJobDiscovery normal arm64 Compiling DhakaAttractions.swift, KhulnaAttractions.swift, RajshahiAttractions.swift, RangamatiAttractions.swift, SonargaonAttractions.swift, SylhetAttractions.swift, BhutanPackage.swift, BumthangAttractions.swift, HaaAttractions.swift, ParoAttractions.swift, PhobjikhaAttractions.swift, PhuentsholingAttractions.swift, PunakhaAttractions.swift, ThimphuAttractions.swift, TrongsaAttractions.swift, AgraAttractions.swift, AmritsarAttractions.swift, DarjeelingAttractions.swift, DelhiAttractions.swift, GoaAttractions.swift, HampiAttractions.swift, HyderabadAttractions.swift, JaipurAttractions.swift, JaisalmerAttractions.swift, KeralaAttractions.swift (in target 'TravelTap' from project 'TravelTap')

SwiftCompile normal arm64 Compiling\ ViandenAttractions.swift,\ LuxembourgPackage.swift,\ MaltaVictoriaAttractions.swift,\ MarsaxlokkAttractions.swift,\ MdinaAttractions.swift,\ StJuliansAttractions.swift,\ VallettaAttractions.swift,\ MaltaPackage.swift,\ ChisinauAttractions.swift,\ CricovaAttractions.swift,\ OrheiulVechiAttractions.swift,\ TiraspolAttractions.swift,\ MoldovaPackage.swift,\ FontvieilleAttractions.swift,\ MonacoVilleAttractions.swift,\ MonteCarloAttractions.swift,\ MonacoPackage.swift,\ BudvaAttractions.swift,\ KotorAttractions.swift,\ PerastAttractions.swift,\ PodgoricaAttractions.swift,\ ZabljakAttractions.swift,\ MontenegroPackage.swift,\ AmsterdamAttractions.swift,\ EindhovenAttractions.swift /Users/erders/Documents/TravelTap/TravelTap/Data/Countries/Europe/Luxembourg/Cities/ViandenAttractions.swift /Users/erders/Documents/TravelTap/TravelTap/Data/Countries/Europe/Luxembourg/LuxembourgPackage.swift /Users/erders/Documents/TravelTap/TravelTap/Data/Countries/Europe/Malta/Cities/MaltaVictoriaAttractions.swift /Users/erders/Documents/TravelTap/TravelTap/Data/Countries/Europe/Malta/Cities/MarsaxlokkAttractions.swift /Users/erders/Documents/TravelTap/TravelTap/Data/Countries/Europe/Malta/Cities/MdinaAttractions.swift /Users/erders/Documents/TravelTap/TravelTap/Data/Countries/Europe/Malta/Cities/StJuliansAttractions.swift /Users/erders/Documents/TravelTap/TravelTap/Data/Countries/Europe/Malta/Cities/VallettaAttractions.swift /Users/erders/Documents/TravelTap/TravelTap/Data/Countries/Europe/Malta/MaltaPackage.swift /Users/erders/Documents/TravelTap/TravelTap/Data/Countries/Europe/Moldova/Cities/ChisinauAttractions.swift /Users/erders/Documents/TravelTap/TravelTap/Data/Countries/Europe/Moldova/Cities/CricovaAttractions.swift /Users/erders/Documents/TravelTap/TravelTap/Data/Countries/Europe/Moldova/Cities/OrheiulVechiAttractions.swift /Users/erders/Documents/TravelTap/TravelTap/Data/Countries/Europe/Moldova/Cities/TiraspolAttractions.swift /Users/erders/Documents/TravelTap/TravelTap/Data/Countries/Europe/Moldova/MoldovaPackage.swift /Users/erders/Documents/TravelTap/TravelTap/Data/Countries/Europe/Monaco/Cities/FontvieilleAttractions.swift /Users/erders/Documents/TravelTap/TravelTap/Data/Countries/Europe/Monaco/Cities/MonacoVilleAttractions.swift /Users/erders/Documents/TravelTap/TravelTap/Data/Countries/Europe/Monaco/Cities/MonteCarloAttractions.swift /Users/erders/Documents/TravelTap/TravelTap/Data/Countries/Europe/Monaco/MonacoPackage.swift /Users/erders/Documents/TravelTap/TravelTap/Data/Countries/Europe/Montenegro/Cities/BudvaAttractions.swift /Users/erders/Documents/TravelTap/TravelTap/Data/Countries/Europe/Montenegro/Cities/KotorAttractions.swift /Users/erders/Documents/TravelTap/TravelTap/Data/Countries/Europe/Montenegro/Cities/PerastAttractions.swift /Users/erders/Documents/TravelTap/TravelTap/Data/Countries/Europe/Montenegro/Cities/PodgoricaAttractions.swift /Users/erders/Documents/TravelTap/TravelTap/Data/Countries/Europe/Montenegro/Cities/ZabljakAttractions.swift /Users/erders/Documents/TravelTap/TravelTap/Data/Countries/Europe/Montenegro/MontenegroPackage.swift /Users/erders/Documents/TravelTap/TravelTap/Data/Countries/Europe/Netherlands/Cities/AmsterdamAttractions.swift /Users/erders/Documents/TravelTap/TravelTap/Data/Countries/Europe/Netherlands/Cities/EindhovenAttractions.swift (in target 'TravelTap' from project 'TravelTap')

SwiftCompile normal arm64 /Users/erders/Documents/TravelTap/TravelTap/Data/Countries/Europe/Luxembourg/Cities/ViandenAttractions.swift (in target 'TravelTap' from project 'TravelTap')
    cd /Users/erders/Documents/TravelTap
    

SwiftCompile normal arm64 /Users/erders/Documents/TravelTap/TravelTap/Data/Countries/Europe/Luxembourg/LuxembourgPackage.swift (in target 'TravelTap' from project 'TravelTap')
    cd /Users/erders/Documents/TravelTap
    

SwiftCompile normal arm64 /Users/erders/Documents/TravelTap/TravelTap/Data/Countries/Europe/Malta/Cities/MaltaVictoriaAttractions.swift (in target 'TravelTap' from project 'TravelTap')
    cd /Users/erders/Documents/TravelTap
    

SwiftCompile normal arm64 /Users/erders/Documents/TravelTap/TravelTap/Data/Countries/Europe/Malta/Cities/MarsaxlokkAttractions.swift (in target 'TravelTap' from project 'TravelTap')
    cd /Users/erders/Documents/TravelTap
    

SwiftCompile normal arm64 /Users/erders/Documents/TravelTap/TravelTap/Data/Countries/Europe/Malta/Cities/MdinaAttractions.swift (in target 'TravelTap' from project 'TravelTap')
    cd /Users/erders/Documents/TravelTap
    

SwiftCompile normal arm64 /Users/erders/Documents/TravelTap/TravelTap/Data/Countries/Europe/Malta/Cities/StJuliansAttractions.swift (in target 'TravelTap' from project 'TravelTap')
    cd /Users/erders/Documents/TravelTap
    

SwiftCompile normal arm64 /Users/erders/Documents/TravelTap/TravelTap/Data/Countries/Europe/Malta/Cities/VallettaAttractions.swift (in target 'TravelTap' from project 'TravelTap')
    cd /Users/erders/Documents/TravelTap
    

SwiftCompile normal arm64 /Users/erders/Documents/TravelTap/TravelTap/Data/Countries/Europe/Malta/MaltaPackage.swift (in target 'TravelTap' from project 'TravelTap')
    cd /Users/erders/Documents/TravelTap
    

SwiftCompile normal arm64 /Users/erders/Documents/TravelTap/TravelTap/Data/Countries/Europe/Moldova/Cities/ChisinauAttractions.swift (in target 'TravelTap' from project 'TravelTap')
    cd /Users/erders/Documents/TravelTap
    

SwiftCompile normal arm64 /Users/erders/Documents/TravelTap/TravelTap/Data/Countries/Europe/Moldova/Cities/CricovaAttractions.swift (in target 'TravelTap' from project 'TravelTap')
    cd /Users/erders/Documents/TravelTap
    

SwiftCompile normal arm64 /Users/erders/Documents/TravelTap/TravelTap/Data/Countries/Europe/Moldova/Cities/OrheiulVechiAttractions.swift (in target 'TravelTap' from project 'TravelTap')
    cd /Users/erders/Documents/TravelTap
    

SwiftCompile normal arm64 /Users/erders/Documents/TravelTap/TravelTap/Data/Countries/Europe/Moldova/Cities/TiraspolAttractions.swift (in target 'TravelTap' from project 'TravelTap')
    cd /Users/erders/Documents/TravelTap
    

SwiftCompile normal arm64 /Users/erders/Documents/TravelTap/TravelTap/Data/Countries/Europe/Moldova/MoldovaPackage.swift (in target 'TravelTap' from project 'TravelTap')
    cd /Users/erders/Documents/TravelTap
    

SwiftCompile normal arm64 /Users/erders/Documents/TravelTap/TravelTap/Data/Countries/Europe/Monaco/Cities/FontvieilleAttractions.swift (in target 'TravelTap' from project 'TravelTap')
    cd /Users/erders/Documents/TravelTap
    

SwiftCompile normal arm64 /Users/erders/Documents/TravelTap/TravelTap/Data/Countries/Europe/Monaco/Cities/MonacoVilleAttractions.swift (in target 'TravelTap' from project 'TravelTap')
    cd /Users/erders/Documents/TravelTap
    

SwiftCompile normal arm64 /Users/erders/Documents/TravelTap/TravelTap/Data/Countries/Europe/Monaco/Cities/MonteCarloAttractions.swift (in target 'TravelTap' from project 'TravelTap')
    cd /Users/erders/Documents/TravelTap
    

SwiftCompile normal arm64 /Users/erders/Documents/TravelTap/TravelTap/Data/Countries/Europe/Monaco/MonacoPackage.swift (in target 'TravelTap' from project 'TravelTap')
    cd /Users/erders/Documents/TravelTap
    

SwiftCompile normal arm64 /Users/erders/Documents/TravelTap/TravelTap/Data/Countries/Europe/Montenegro/Cities/BudvaAttractions.swift (in target 'TravelTap' from project 'TravelTap')
    cd /Users/erders/Documents/TravelTap
    

SwiftCompile normal arm64 /Users/erders/Documents/TravelTap/TravelTap/Data/Countries/Europe/Montenegro/Cities/KotorAttractions.swift (in target 'TravelTap' from project 'TravelTap')
    cd /Users/erders/Documents/TravelTap
    

SwiftCompile normal arm64 /Users/erders/Documents/TravelTap/TravelTap/Data/Countries/Europe/Montenegro/Cities/PerastAttractions.swift (in target 'TravelTap' from project 'TravelTap')
    cd /Users/erders/Documents/TravelTap
    

SwiftCompile normal arm64 /Users/erders/Documents/TravelTap/TravelTap/Data/Countries/Europe/Montenegro/Cities/PodgoricaAttractions.swift (in target 'TravelTap' from project 'TravelTap')
    cd /Users/erders/Documents/TravelTap
    

SwiftCompile normal arm64 /Users/erders/Documents/TravelTap/TravelTap/Data/Countries/Europe/Montenegro/Cities/ZabljakAttractions.swift (in target 'TravelTap' from project 'TravelTap')
    cd /Users/erders/Documents/TravelTap
    

SwiftCompile normal arm64 /Users/erders/Documents/TravelTap/TravelTap/Data/Countries/Europe/Montenegro/MontenegroPackage.swift (in target 'TravelTap' from project 'TravelTap')
    cd /Users/erders/Documents/TravelTap
    

SwiftCompile normal arm64 /Users/erders/Documents/TravelTap/TravelTap/Data/Countries/Europe/Netherlands/Cities/AmsterdamAttractions.swift (in target 'TravelTap' from project 'TravelTap')
    cd /Users/erders/Documents/TravelTap
    

SwiftCompile normal arm64 /Users/erders/Documents/TravelTap/TravelTap/Data/Countries/Europe/Netherlands/Cities/EindhovenAttractions.swift (in target 'TravelTap' from project 'TravelTap')
    cd /Users/erders/Documents/TravelTap
    

SwiftDriverJobDiscovery normal arm64 Compiling AmazonLeticiaAttractions.swift, BaricharaAttractions.swift, BogotaAttractions.swift, CaliAttractions.swift, CapurganaSapzurroAttractions.swift, CartagenaAttractions.swift, CoffeeRegionAttractions.swift, MedellinAttractions.swift, NuquiPacificCoastAttractions.swift, PastoLasLajasAttractions.swift, PopayanAttractions.swift, ProvidenciaIslandAttractions.swift, SanAndresIslandAttractions.swift, SanGilAttractions.swift, SantaMartaAttractions.swift, TatacoaDesertAttractions.swift, VillaDeLeyvaAttractions.swift, ColombiaPackage.swift, AmazonOrienteAttractions.swift, BanosAttractions.swift, ChimborazoAttractions.swift, CotopaxiAttractions.swift, GalapagosIslandsAttractions.swift, GuayaquilAttractions.swift, LojaAttractions.swift (in target 'TravelTap' from project 'TravelTap')

SwiftCompile normal arm64 Compiling\ StubaitalAttractions.swift,\ OtztalAttractions.swift,\ GrossglocknerAttractions.swift,\ EisenstadtAttractions.swift,\ NeusiedlerSeeAttractions.swift,\ CarinthianLakesAttractions.swift,\ TyrolAttractionsAttractions.swift,\ GrazAttractions.swift,\ HallstattAttractions.swift,\ InnsbruckAttractions.swift,\ SalzburgAttractions.swift,\ ViennaAttractions.swift,\ BelarusPackage.swift,\ BrestAttractions.swift,\ GrodnoAttractions.swift,\ MinskAttractions.swift,\ NesvizhAttractions.swift,\ BelgiumPackage.swift,\ AntwerpAttractions.swift,\ BrugesAttractions.swift,\ BrusselsAttractions.swift,\ GhentAttractions.swift,\ LiegeAttractions.swift,\ BosniaPackage.swift,\ BlagajAttractions.swift /Users/erders/Documents/TravelTap/TravelTap/Data/Countries/Europe/Austria/Cities/StubaitalAttractions.swift /Users/erders/Documents/TravelTap/TravelTap/Data/Countries/Europe/Austria/Cities/OtztalAttractions.swift /Users/erders/Documents/TravelTap/TravelTap/Data/Countries/Europe/Austria/Cities/GrossglocknerAttractions.swift /Users/erders/Documents/TravelTap/TravelTap/Data/Countries/Europe/Austria/Cities/EisenstadtAttractions.swift /Users/erders/Documents/TravelTap/TravelTap/Data/Countries/Europe/Austria/Cities/NeusiedlerSeeAttractions.swift /Users/erders/Documents/TravelTap/TravelTap/Data/Countries/Europe/Austria/Cities/CarinthianLakesAttractions.swift /Users/erders/Documents/TravelTap/TravelTap/Data/Countries/Europe/Austria/Cities/TyrolAttractionsAttractions.swift /Users/erders/Documents/TravelTap/TravelTap/Data/Countries/Europe/Austria/Cities/GrazAttractions.swift /Users/erders/Documents/TravelTap/TravelTap/Data/Countries/Europe/Austria/Cities/HallstattAttractions.swift /Users/erders/Documents/TravelTap/TravelTap/Data/Countries/Europe/Austria/Cities/InnsbruckAttractions.swift /Users/erders/Documents/TravelTap/TravelTap/Data/Countries/Europe/Austria/Cities/SalzburgAttractions.swift /Users/erders/Documents/TravelTap/TravelTap/Data/Countries/Europe/Austria/Cities/ViennaAttractions.swift /Users/erders/Documents/TravelTap/TravelTap/Data/Countries/Europe/Belarus/BelarusPackage.swift /Users/erders/Documents/TravelTap/TravelTap/Data/Countries/Europe/Belarus/Cities/BrestAttractions.swift /Users/erders/Documents/TravelTap/TravelTap/Data/Countries/Europe/Belarus/Cities/GrodnoAttractions.swift /Users/erders/Documents/TravelTap/TravelTap/Data/Countries/Europe/Belarus/Cities/MinskAttractions.swift /Users/erders/Documents/TravelTap/TravelTap/Data/Countries/Europe/Belarus/Cities/NesvizhAttractions.swift /Users/erders/Documents/TravelTap/TravelTap/Data/Countries/Europe/Belgium/BelgiumPackage.swift /Users/erders/Documents/TravelTap/TravelTap/Data/Countries/Europe/Belgium/Cities/AntwerpAttractions.swift /Users/erders/Documents/TravelTap/TravelTap/Data/Countries/Europe/Belgium/Cities/BrugesAttractions.swift /Users/erders/Documents/TravelTap/TravelTap/Data/Countries/Europe/Belgium/Cities/BrusselsAttractions.swift /Users/erders/Documents/TravelTap/TravelTap/Data/Countries/Europe/Belgium/Cities/GhentAttractions.swift /Users/erders/Documents/TravelTap/TravelTap/Data/Countries/Europe/Belgium/Cities/LiegeAttractions.swift /Users/erders/Documents/TravelTap/TravelTap/Data/Countries/Europe/Bosnia/BosniaPackage.swift /Users/erders/Documents/TravelTap/TravelTap/Data/Countries/Europe/Bosnia/Cities/BlagajAttractions.swift (in target 'TravelTap' from project 'TravelTap')

SwiftCompile normal arm64 /Users/erders/Documents/TravelTap/TravelTap/Data/Countries/Europe/Austria/Cities/StubaitalAttractions.swift (in target 'TravelTap' from project 'TravelTap')
    cd /Users/erders/Documents/TravelTap
    

SwiftCompile normal arm64 /Users/erders/Documents/TravelTap/TravelTap/Data/Countries/Europe/Austria/Cities/OtztalAttractions.swift (in target 'TravelTap' from project 'TravelTap')
    cd /Users/erders/Documents/TravelTap
    

SwiftCompile normal arm64 /Users/erders/Documents/TravelTap/TravelTap/Data/Countries/Europe/Austria/Cities/GrossglocknerAttractions.swift (in target 'TravelTap' from project 'TravelTap')
    cd /Users/erders/Documents/TravelTap
    

SwiftCompile normal arm64 /Users/erders/Documents/TravelTap/TravelTap/Data/Countries/Europe/Austria/Cities/EisenstadtAttractions.swift (in target 'TravelTap' from project 'TravelTap')
    cd /Users/erders/Documents/TravelTap
    

SwiftCompile normal arm64 /Users/erders/Documents/TravelTap/TravelTap/Data/Countries/Europe/Austria/Cities/NeusiedlerSeeAttractions.swift (in target 'TravelTap' from project 'TravelTap')
    cd /Users/erders/Documents/TravelTap
    

SwiftCompile normal arm64 /Users/erders/Documents/TravelTap/TravelTap/Data/Countries/Europe/Austria/Cities/CarinthianLakesAttractions.swift (in target 'TravelTap' from project 'TravelTap')
    cd /Users/erders/Documents/TravelTap
    

SwiftCompile normal arm64 /Users/erders/Documents/TravelTap/TravelTap/Data/Countries/Europe/Austria/Cities/TyrolAttractionsAttractions.swift (in target 'TravelTap' from project 'TravelTap')
    cd /Users/erders/Documents/TravelTap
    

SwiftCompile normal arm64 /Users/erders/Documents/TravelTap/TravelTap/Data/Countries/Europe/Austria/Cities/GrazAttractions.swift (in target 'TravelTap' from project 'TravelTap')
    cd /Users/erders/Documents/TravelTap
    

SwiftCompile normal arm64 /Users/erders/Documents/TravelTap/TravelTap/Data/Countries/Europe/Austria/Cities/HallstattAttractions.swift (in target 'TravelTap' from project 'TravelTap')
    cd /Users/erders/Documents/TravelTap
    

SwiftCompile normal arm64 /Users/erders/Documents/TravelTap/TravelTap/Data/Countries/Europe/Austria/Cities/InnsbruckAttractions.swift (in target 'TravelTap' from project 'TravelTap')
    cd /Users/erders/Documents/TravelTap
    

SwiftCompile normal arm64 /Users/erders/Documents/TravelTap/TravelTap/Data/Countries/Europe/Austria/Cities/SalzburgAttractions.swift (in target 'TravelTap' from project 'TravelTap')
    cd /Users/erders/Documents/TravelTap
    

SwiftCompile normal arm64 /Users/erders/Documents/TravelTap/TravelTap/Data/Countries/Europe/Austria/Cities/ViennaAttractions.swift (in target 'TravelTap' from project 'TravelTap')
    cd /Users/erders/Documents/TravelTap
    

SwiftCompile normal arm64 /Users/erders/Documents/TravelTap/TravelTap/Data/Countries/Europe/Belarus/BelarusPackage.swift (in target 'TravelTap' from project 'TravelTap')
    cd /Users/erders/Documents/TravelTap
    

SwiftCompile normal arm64 /Users/erders/Documents/TravelTap/TravelTap/Data/Countries/Europe/Belarus/Cities/BrestAttractions.swift (in target 'TravelTap' from project 'TravelTap')
    cd /Users/erders/Documents/TravelTap
    

SwiftCompile normal arm64 /Users/erders/Documents/TravelTap/TravelTap/Data/Countries/Europe/Belarus/Cities/GrodnoAttractions.swift (in target 'TravelTap' from project 'TravelTap')
    cd /Users/erders/Documents/TravelTap
    

SwiftCompile normal arm64 /Users/erders/Documents/TravelTap/TravelTap/Data/Countries/Europe/Belarus/Cities/MinskAttractions.swift (in target 'TravelTap' from project 'TravelTap')
    cd /Users/erders/Documents/TravelTap
    

SwiftCompile normal arm64 /Users/erders/Documents/TravelTap/TravelTap/Data/Countries/Europe/Belarus/Cities/NesvizhAttractions.swift (in target 'TravelTap' from project 'TravelTap')
    cd /Users/erders/Documents/TravelTap
    

SwiftCompile normal arm64 /Users/erders/Documents/TravelTap/TravelTap/Data/Countries/Europe/Belgium/BelgiumPackage.swift (in target 'TravelTap' from project 'TravelTap')
    cd /Users/erders/Documents/TravelTap
    

SwiftCompile normal arm64 /Users/erders/Documents/TravelTap/TravelTap/Data/Countries/Europe/Belgium/Cities/AntwerpAttractions.swift (in target 'TravelTap' from project 'TravelTap')
    cd /Users/erders/Documents/TravelTap
    

SwiftCompile normal arm64 /Users/erders/Documents/TravelTap/TravelTap/Data/Countries/Europe/Belgium/Cities/BrugesAttractions.swift (in target 'TravelTap' from project 'TravelTap')
    cd /Users/erders/Documents/TravelTap
    

SwiftCompile normal arm64 /Users/erders/Documents/TravelTap/TravelTap/Data/Countries/Europe/Belgium/Cities/BrusselsAttractions.swift (in target 'TravelTap' from project 'TravelTap')
    cd /Users/erders/Documents/TravelTap
    

SwiftCompile normal arm64 /Users/erders/Documents/TravelTap/TravelTap/Data/Countries/Europe/Belgium/Cities/GhentAttractions.swift (in target 'TravelTap' from project 'TravelTap')
    cd /Users/erders/Documents/TravelTap
    

SwiftCompile normal arm64 /Users/erders/Documents/TravelTap/TravelTap/Data/Countries/Europe/Belgium/Cities/LiegeAttractions.swift (in target 'TravelTap' from project 'TravelTap')
    cd /Users/erders/Documents/TravelTap
    

SwiftCompile normal arm64 /Users/erders/Documents/TravelTap/TravelTap/Data/Countries/Europe/Bosnia/BosniaPackage.swift (in target 'TravelTap' from project 'TravelTap')
    cd /Users/erders/Documents/TravelTap
    

SwiftCompile normal arm64 /Users/erders/Documents/TravelTap/TravelTap/Data/Countries/Europe/Bosnia/Cities/BlagajAttractions.swift (in target 'TravelTap' from project 'TravelTap')
    cd /Users/erders/Documents/TravelTap
    

SwiftDriverJobDiscovery normal arm64 Compiling WhitsundaysAttractions.swift, YarraValleyAttractions.swift, AitutakiAttractions.swift, AtiuAttractions.swift, MangaiaAttractions.swift, MaukeAttractions.swift, MitiaroAttractions.swift, RarotongaAttractions.swift, CookIslandsPackage.swift, CoralCoastAttractions.swift, DenarauAttractions.swift, KadavuAttractions.swift, MamanucaIslandsAttractions.swift, NadiAttractions.swift, PacificHarbourAttractions.swift, SavusavuAttractions.swift, SuvaAttractions.swift, TaveuniAttractions.swift, YasawaIslandsAttractions.swift, FijiPackage.swift, AustralsAttractions.swift, BoraBoraAttractions.swift, FakaravaAttractions.swift, MarquesasAttractions.swift, MooreaAttractions.swift (in target 'TravelTap' from project 'TravelTap')

SwiftCompile normal arm64 Compiling\ BeijingAttractions.swift,\ ChengduAttractions.swift,\ GuilinAttractions.swift,\ HangzhouAttractions.swift,\ LhasaAttractions.swift,\ ShanghaiAttractions.swift,\ ShenzhenAttractions.swift,\ SuzhouAttractions.swift,\ XianAttractions.swift,\ ZhangjiajieAttractions.swift,\ HongKongPackage.swift,\ FukuokaAttractions.swift,\ HakoneAttractions.swift,\ HiroshimaAttractions.swift,\ KyotoAttractions.swift,\ NaraAttractions.swift,\ NikkoAttractions.swift,\ OkinawaAttractions.swift,\ OsakaAttractions.swift,\ SapporoAttractions.swift,\ TokyoAttractions.swift,\ JapanPackage.swift,\ DalanzadgadAttractions.swift,\ KharkhorinAttractions.swift,\ MurunAttractions.swift /Users/erders/Documents/TravelTap/TravelTap/Data/Countries/Asia/EastAsia/China/Cities/BeijingAttractions.swift /Users/erders/Documents/TravelTap/TravelTap/Data/Countries/Asia/EastAsia/China/Cities/ChengduAttractions.swift /Users/erders/Documents/TravelTap/TravelTap/Data/Countries/Asia/EastAsia/China/Cities/GuilinAttractions.swift /Users/erders/Documents/TravelTap/TravelTap/Data/Countries/Asia/EastAsia/China/Cities/HangzhouAttractions.swift /Users/erders/Documents/TravelTap/TravelTap/Data/Countries/Asia/EastAsia/China/Cities/LhasaAttractions.swift /Users/erders/Documents/TravelTap/TravelTap/Data/Countries/Asia/EastAsia/China/Cities/ShanghaiAttractions.swift /Users/erders/Documents/TravelTap/TravelTap/Data/Countries/Asia/EastAsia/China/Cities/ShenzhenAttractions.swift /Users/erders/Documents/TravelTap/TravelTap/Data/Countries/Asia/EastAsia/China/Cities/SuzhouAttractions.swift /Users/erders/Documents/TravelTap/TravelTap/Data/Countries/Asia/EastAsia/China/Cities/XianAttractions.swift /Users/erders/Documents/TravelTap/TravelTap/Data/Countries/Asia/EastAsia/China/Cities/ZhangjiajieAttractions.swift /Users/erders/Documents/TravelTap/TravelTap/Data/Countries/Asia/EastAsia/HongKong/HongKongPackage.swift /Users/erders/Documents/TravelTap/TravelTap/Data/Countries/Asia/EastAsia/Japan/Cities/FukuokaAttractions.swift /Users/erders/Documents/TravelTap/TravelTap/Data/Countries/Asia/EastAsia/Japan/Cities/HakoneAttractions.swift /Users/erders/Documents/TravelTap/TravelTap/Data/Countries/Asia/EastAsia/Japan/Cities/HiroshimaAttractions.swift /Users/erders/Documents/TravelTap/TravelTap/Data/Countries/Asia/EastAsia/Japan/Cities/KyotoAttractions.swift /Users/erders/Documents/TravelTap/TravelTap/Data/Countries/Asia/EastAsia/Japan/Cities/NaraAttractions.swift /Users/erders/Documents/TravelTap/TravelTap/Data/Countries/Asia/EastAsia/Japan/Cities/NikkoAttractions.swift /Users/erders/Documents/TravelTap/TravelTap/Data/Countries/Asia/EastAsia/Japan/Cities/OkinawaAttractions.swift /Users/erders/Documents/TravelTap/TravelTap/Data/Countries/Asia/EastAsia/Japan/Cities/OsakaAttractions.swift /Users/erders/Documents/TravelTap/TravelTap/Data/Countries/Asia/EastAsia/Japan/Cities/SapporoAttractions.swift /Users/erders/Documents/TravelTap/TravelTap/Data/Countries/Asia/EastAsia/Japan/Cities/TokyoAttractions.swift /Users/erders/Documents/TravelTap/TravelTap/Data/Countries/Asia/EastAsia/Japan/JapanPackage.swift /Users/erders/Documents/TravelTap/TravelTap/Data/Countries/Asia/EastAsia/Mongolia/Cities/DalanzadgadAttractions.swift /Users/erders/Documents/TravelTap/TravelTap/Data/Countries/Asia/EastAsia/Mongolia/Cities/KharkhorinAttractions.swift /Users/erders/Documents/TravelTap/TravelTap/Data/Countries/Asia/EastAsia/Mongolia/Cities/MurunAttractions.swift (in target 'TravelTap' from project 'TravelTap')

SwiftCompile normal arm64 /Users/erders/Documents/TravelTap/TravelTap/Data/Countries/Asia/EastAsia/China/Cities/BeijingAttractions.swift (in target 'TravelTap' from project 'TravelTap')
    cd /Users/erders/Documents/TravelTap
    

SwiftCompile normal arm64 /Users/erders/Documents/TravelTap/TravelTap/Data/Countries/Asia/EastAsia/China/Cities/ChengduAttractions.swift (in target 'TravelTap' from project 'TravelTap')
    cd /Users/erders/Documents/TravelTap
    

SwiftCompile normal arm64 /Users/erders/Documents/TravelTap/TravelTap/Data/Countries/Asia/EastAsia/China/Cities/GuilinAttractions.swift (in target 'TravelTap' from project 'TravelTap')
    cd /Users/erders/Documents/TravelTap
    

SwiftCompile normal arm64 /Users/erders/Documents/TravelTap/TravelTap/Data/Countries/Asia/EastAsia/China/Cities/HangzhouAttractions.swift (in target 'TravelTap' from project 'TravelTap')
    cd /Users/erders/Documents/TravelTap
    

SwiftCompile normal arm64 /Users/erders/Documents/TravelTap/TravelTap/Data/Countries/Asia/EastAsia/China/Cities/LhasaAttractions.swift (in target 'TravelTap' from project 'TravelTap')
    cd /Users/erders/Documents/TravelTap
    

SwiftCompile normal arm64 /Users/erders/Documents/TravelTap/TravelTap/Data/Countries/Asia/EastAsia/China/Cities/ShanghaiAttractions.swift (in target 'TravelTap' from project 'TravelTap')
    cd /Users/erders/Documents/TravelTap
    

SwiftCompile normal arm64 /Users/erders/Documents/TravelTap/TravelTap/Data/Countries/Asia/EastAsia/China/Cities/ShenzhenAttractions.swift (in target 'TravelTap' from project 'TravelTap')
    cd /Users/erders/Documents/TravelTap
    

SwiftCompile normal arm64 /Users/erders/Documents/TravelTap/TravelTap/Data/Countries/Asia/EastAsia/China/Cities/SuzhouAttractions.swift (in target 'TravelTap' from project 'TravelTap')
    cd /Users/erders/Documents/TravelTap
    

SwiftCompile normal arm64 /Users/erders/Documents/TravelTap/TravelTap/Data/Countries/Asia/EastAsia/China/Cities/XianAttractions.swift (in target 'TravelTap' from project 'TravelTap')
    cd /Users/erders/Documents/TravelTap
    

SwiftCompile normal arm64 /Users/erders/Documents/TravelTap/TravelTap/Data/Countries/Asia/EastAsia/China/Cities/ZhangjiajieAttractions.swift (in target 'TravelTap' from project 'TravelTap')
    cd /Users/erders/Documents/TravelTap
    

SwiftCompile normal arm64 /Users/erders/Documents/TravelTap/TravelTap/Data/Countries/Asia/EastAsia/HongKong/HongKongPackage.swift (in target 'TravelTap' from project 'TravelTap')
    cd /Users/erders/Documents/TravelTap
    

SwiftCompile normal arm64 /Users/erders/Documents/TravelTap/TravelTap/Data/Countries/Asia/EastAsia/Japan/Cities/FukuokaAttractions.swift (in target 'TravelTap' from project 'TravelTap')
    cd /Users/erders/Documents/TravelTap
    

SwiftCompile normal arm64 /Users/erders/Documents/TravelTap/TravelTap/Data/Countries/Asia/EastAsia/Japan/Cities/HakoneAttractions.swift (in target 'TravelTap' from project 'TravelTap')
    cd /Users/erders/Documents/TravelTap
    

SwiftCompile normal arm64 /Users/erders/Documents/TravelTap/TravelTap/Data/Countries/Asia/EastAsia/Japan/Cities/HiroshimaAttractions.swift (in target 'TravelTap' from project 'TravelTap')
    cd /Users/erders/Documents/TravelTap
    

SwiftCompile normal arm64 /Users/erders/Documents/TravelTap/TravelTap/Data/Countries/Asia/EastAsia/Japan/Cities/KyotoAttractions.swift (in target 'TravelTap' from project 'TravelTap')
    cd /Users/erders/Documents/TravelTap
    

SwiftCompile normal arm64 /Users/erders/Documents/TravelTap/TravelTap/Data/Countries/Asia/EastAsia/Japan/Cities/NaraAttractions.swift (in target 'TravelTap' from project 'TravelTap')
    cd /Users/erders/Documents/TravelTap
    

SwiftCompile normal arm64 /Users/erders/Documents/TravelTap/TravelTap/Data/Countries/Asia/EastAsia/Japan/Cities/NikkoAttractions.swift (in target 'TravelTap' from project 'TravelTap')
    cd /Users/erders/Documents/TravelTap
    

SwiftCompile normal arm64 /Users/erders/Documents/TravelTap/TravelTap/Data/Countries/Asia/EastAsia/Japan/Cities/OkinawaAttractions.swift (in target 'TravelTap' from project 'TravelTap')
    cd /Users/erders/Documents/TravelTap
    

SwiftCompile normal arm64 /Users/erders/Documents/TravelTap/TravelTap/Data/Countries/Asia/EastAsia/Japan/Cities/OsakaAttractions.swift (in target 'TravelTap' from project 'TravelTap')
    cd /Users/erders/Documents/TravelTap
    

SwiftCompile normal arm64 /Users/erders/Documents/TravelTap/TravelTap/Data/Countries/Asia/EastAsia/Japan/Cities/SapporoAttractions.swift (in target 'TravelTap' from project 'TravelTap')
    cd /Users/erders/Documents/TravelTap
    

SwiftCompile normal arm64 /Users/erders/Documents/TravelTap/TravelTap/Data/Countries/Asia/EastAsia/Japan/Cities/TokyoAttractions.swift (in target 'TravelTap' from project 'TravelTap')
    cd /Users/erders/Documents/TravelTap
    

SwiftCompile normal arm64 /Users/erders/Documents/TravelTap/TravelTap/Data/Countries/Asia/EastAsia/Japan/JapanPackage.swift (in target 'TravelTap' from project 'TravelTap')
    cd /Users/erders/Documents/TravelTap
    

SwiftCompile normal arm64 /Users/erders/Documents/TravelTap/TravelTap/Data/Countries/Asia/EastAsia/Mongolia/Cities/DalanzadgadAttractions.swift (in target 'TravelTap' from project 'TravelTap')
    cd /Users/erders/Documents/TravelTap
    

SwiftCompile normal arm64 /Users/erders/Documents/TravelTap/TravelTap/Data/Countries/Asia/EastAsia/Mongolia/Cities/KharkhorinAttractions.swift (in target 'TravelTap' from project 'TravelTap')
    cd /Users/erders/Documents/TravelTap
    

SwiftCompile normal arm64 /Users/erders/Documents/TravelTap/TravelTap/Data/Countries/Asia/EastAsia/Mongolia/Cities/MurunAttractions.swift (in target 'TravelTap' from project 'TravelTap')
    cd /Users/erders/Documents/TravelTap
    

SwiftDriverJobDiscovery normal arm64 Compiling AndongAttractions.swift, DaeguAttractions.swift, BoryeongAttractions.swift, SuwonAttractions.swift, SanyaAttractions.swift, DunhuangAttractions.swift, PingyaoAttractions.swift, NanjingAttractions.swift, MacauAttractions.swift, WuhanAttractions.swift, SilkRoadAttractions.swift, YunnanAttractions.swift, HongKongAttractions.swift, GuangzhouAttractions.swift, HuangshanAttractions.swift, QingdaoAttractions.swift, XiamenAttractions.swift, HarbinAttractions.swift, NagasakiAttractions.swift, YokohamaAttractions.swift, IseAttractions.swift, NagoyaAttractions.swift, MountFujiAttractions.swift, BeppuAttractions.swift, MatsuyamaAttractions.swift (in target 'TravelTap' from project 'TravelTap')

SwiftCompile normal arm64 Compiling\ DinantAttractions.swift,\ OstendAttractions.swift,\ SpaAttractions.swift,\ HasseltAttractions.swift,\ YpresAttractions.swift,\ MechelenAttractions.swift,\ WaterlooAttractions.swift,\ VillersLaVilleAttractions.swift,\ BlankenbergeAttractions.swift,\ TongerenAttractions.swift,\ BincheAttractions.swift,\ AalstAttractions.swift,\ TournaiAttractions.swift,\ NamurAttractions.swift,\ BornholmAttractions.swift,\ VejleAttractions.swift,\ RoskildeAttractions.swift,\ RebildAttractions.swift,\ ViborgAttractions.swift,\ SilkeborgAttractions.swift,\ FunenAttractions.swift,\ RibeAttractions.swift,\ GreenlandAttractions.swift,\ DanishRivieraAttractions.swift,\ BillundAttractions.swift /Users/erders/Documents/TravelTap/TravelTap/Data/Countries/Europe/Belgium/Cities/DinantAttractions.swift /Users/erders/Documents/TravelTap/TravelTap/Data/Countries/Europe/Belgium/Cities/OstendAttractions.swift /Users/erders/Documents/TravelTap/TravelTap/Data/Countries/Europe/Belgium/Cities/SpaAttractions.swift /Users/erders/Documents/TravelTap/TravelTap/Data/Countries/Europe/Belgium/Cities/HasseltAttractions.swift /Users/erders/Documents/TravelTap/TravelTap/Data/Countries/Europe/Belgium/Cities/YpresAttractions.swift /Users/erders/Documents/TravelTap/TravelTap/Data/Countries/Europe/Belgium/Cities/MechelenAttractions.swift /Users/erders/Documents/TravelTap/TravelTap/Data/Countries/Europe/Belgium/Cities/WaterlooAttractions.swift /Users/erders/Documents/TravelTap/TravelTap/Data/Countries/Europe/Belgium/Cities/VillersLaVilleAttractions.swift /Users/erders/Documents/TravelTap/TravelTap/Data/Countries/Europe/Belgium/Cities/BlankenbergeAttractions.swift /Users/erders/Documents/TravelTap/TravelTap/Data/Countries/Europe/Belgium/Cities/TongerenAttractions.swift /Users/erders/Documents/TravelTap/TravelTap/Data/Countries/Europe/Belgium/Cities/BincheAttractions.swift /Users/erders/Documents/TravelTap/TravelTap/Data/Countries/Europe/Belgium/Cities/AalstAttractions.swift /Users/erders/Documents/TravelTap/TravelTap/Data/Countries/Europe/Belgium/Cities/TournaiAttractions.swift /Users/erders/Documents/TravelTap/TravelTap/Data/Countries/Europe/Belgium/Cities/NamurAttractions.swift /Users/erders/Documents/TravelTap/TravelTap/Data/Countries/Europe/Denmark/Cities/BornholmAttractions.swift /Users/erders/Documents/TravelTap/TravelTap/Data/Countries/Europe/Denmark/Cities/VejleAttractions.swift /Users/erders/Documents/TravelTap/TravelTap/Data/Countries/Europe/Denmark/Cities/RoskildeAttractions.swift /Users/erders/Documents/TravelTap/TravelTap/Data/Countries/Europe/Denmark/Cities/RebildAttractions.swift /Users/erders/Documents/TravelTap/TravelTap/Data/Countries/Europe/Denmark/Cities/ViborgAttractions.swift /Users/erders/Documents/TravelTap/TravelTap/Data/Countries/Europe/Denmark/Cities/SilkeborgAttractions.swift /Users/erders/Documents/TravelTap/TravelTap/Data/Countries/Europe/Denmark/Cities/FunenAttractions.swift /Users/erders/Documents/TravelTap/TravelTap/Data/Countries/Europe/Denmark/Cities/RibeAttractions.swift /Users/erders/Documents/TravelTap/TravelTap/Data/Countries/Europe/Denmark/Cities/GreenlandAttractions.swift /Users/erders/Documents/TravelTap/TravelTap/Data/Countries/Europe/Denmark/Cities/DanishRivieraAttractions.swift /Users/erders/Documents/TravelTap/TravelTap/Data/Countries/Europe/Denmark/Cities/BillundAttractions.swift (in target 'TravelTap' from project 'TravelTap')

SwiftCompile normal arm64 /Users/erders/Documents/TravelTap/TravelTap/Data/Countries/Europe/Belgium/Cities/DinantAttractions.swift (in target 'TravelTap' from project 'TravelTap')
    cd /Users/erders/Documents/TravelTap
    

SwiftCompile normal arm64 /Users/erders/Documents/TravelTap/TravelTap/Data/Countries/Europe/Belgium/Cities/OstendAttractions.swift (in target 'TravelTap' from project 'TravelTap')
    cd /Users/erders/Documents/TravelTap
    

SwiftCompile normal arm64 /Users/erders/Documents/TravelTap/TravelTap/Data/Countries/Europe/Belgium/Cities/SpaAttractions.swift (in target 'TravelTap' from project 'TravelTap')
    cd /Users/erders/Documents/TravelTap
    

SwiftCompile normal arm64 /Users/erders/Documents/TravelTap/TravelTap/Data/Countries/Europe/Belgium/Cities/HasseltAttractions.swift (in target 'TravelTap' from project 'TravelTap')
    cd /Users/erders/Documents/TravelTap
    

SwiftCompile normal arm64 /Users/erders/Documents/TravelTap/TravelTap/Data/Countries/Europe/Belgium/Cities/YpresAttractions.swift (in target 'TravelTap' from project 'TravelTap')
    cd /Users/erders/Documents/TravelTap
    

SwiftCompile normal arm64 /Users/erders/Documents/TravelTap/TravelTap/Data/Countries/Europe/Belgium/Cities/MechelenAttractions.swift (in target 'TravelTap' from project 'TravelTap')
    cd /Users/erders/Documents/TravelTap
    

SwiftCompile normal arm64 /Users/erders/Documents/TravelTap/TravelTap/Data/Countries/Europe/Belgium/Cities/WaterlooAttractions.swift (in target 'TravelTap' from project 'TravelTap')
    cd /Users/erders/Documents/TravelTap
    

SwiftCompile normal arm64 /Users/erders/Documents/TravelTap/TravelTap/Data/Countries/Europe/Belgium/Cities/VillersLaVilleAttractions.swift (in target 'TravelTap' from project 'TravelTap')
    cd /Users/erders/Documents/TravelTap
    

SwiftCompile normal arm64 /Users/erders/Documents/TravelTap/TravelTap/Data/Countries/Europe/Belgium/Cities/BlankenbergeAttractions.swift (in target 'TravelTap' from project 'TravelTap')
    cd /Users/erders/Documents/TravelTap
    

SwiftCompile normal arm64 /Users/erders/Documents/TravelTap/TravelTap/Data/Countries/Europe/Belgium/Cities/TongerenAttractions.swift (in target 'TravelTap' from project 'TravelTap')
    cd /Users/erders/Documents/TravelTap
    

SwiftCompile normal arm64 /Users/erders/Documents/TravelTap/TravelTap/Data/Countries/Europe/Belgium/Cities/BincheAttractions.swift (in target 'TravelTap' from project 'TravelTap')
    cd /Users/erders/Documents/TravelTap
    

SwiftCompile normal arm64 /Users/erders/Documents/TravelTap/TravelTap/Data/Countries/Europe/Belgium/Cities/AalstAttractions.swift (in target 'TravelTap' from project 'TravelTap')
    cd /Users/erders/Documents/TravelTap
    

SwiftCompile normal arm64 /Users/erders/Documents/TravelTap/TravelTap/Data/Countries/Europe/Belgium/Cities/TournaiAttractions.swift (in target 'TravelTap' from project 'TravelTap')
    cd /Users/erders/Documents/TravelTap
    

SwiftCompile normal arm64 /Users/erders/Documents/TravelTap/TravelTap/Data/Countries/Europe/Belgium/Cities/NamurAttractions.swift (in target 'TravelTap' from project 'TravelTap')
    cd /Users/erders/Documents/TravelTap
    

SwiftCompile normal arm64 /Users/erders/Documents/TravelTap/TravelTap/Data/Countries/Europe/Denmark/Cities/BornholmAttractions.swift (in target 'TravelTap' from project 'TravelTap')
    cd /Users/erders/Documents/TravelTap
    

SwiftCompile normal arm64 /Users/erders/Documents/TravelTap/TravelTap/Data/Countries/Europe/Denmark/Cities/VejleAttractions.swift (in target 'TravelTap' from project 'TravelTap')
    cd /Users/erders/Documents/TravelTap
    

SwiftCompile normal arm64 /Users/erders/Documents/TravelTap/TravelTap/Data/Countries/Europe/Denmark/Cities/RoskildeAttractions.swift (in target 'TravelTap' from project 'TravelTap')
    cd /Users/erders/Documents/TravelTap
    

SwiftCompile normal arm64 /Users/erders/Documents/TravelTap/TravelTap/Data/Countries/Europe/Denmark/Cities/RebildAttractions.swift (in target 'TravelTap' from project 'TravelTap')
    cd /Users/erders/Documents/TravelTap
    

SwiftCompile normal arm64 /Users/erders/Documents/TravelTap/TravelTap/Data/Countries/Europe/Denmark/Cities/ViborgAttractions.swift (in target 'TravelTap' from project 'TravelTap')
    cd /Users/erders/Documents/TravelTap
    

SwiftCompile normal arm64 /Users/erders/Documents/TravelTap/TravelTap/Data/Countries/Europe/Denmark/Cities/SilkeborgAttractions.swift (in target 'TravelTap' from project 'TravelTap')
    cd /Users/erders/Documents/TravelTap
    

SwiftCompile normal arm64 /Users/erders/Documents/TravelTap/TravelTap/Data/Countries/Europe/Denmark/Cities/FunenAttractions.swift (in target 'TravelTap' from project 'TravelTap')
    cd /Users/erders/Documents/TravelTap
    

SwiftCompile normal arm64 /Users/erders/Documents/TravelTap/TravelTap/Data/Countries/Europe/Denmark/Cities/RibeAttractions.swift (in target 'TravelTap' from project 'TravelTap')
    cd /Users/erders/Documents/TravelTap
    

SwiftCompile normal arm64 /Users/erders/Documents/TravelTap/TravelTap/Data/Countries/Europe/Denmark/Cities/GreenlandAttractions.swift (in target 'TravelTap' from project 'TravelTap')
    cd /Users/erders/Documents/TravelTap
    

SwiftCompile normal arm64 /Users/erders/Documents/TravelTap/TravelTap/Data/Countries/Europe/Denmark/Cities/DanishRivieraAttractions.swift (in target 'TravelTap' from project 'TravelTap')
    cd /Users/erders/Documents/TravelTap
    

SwiftCompile normal arm64 /Users/erders/Documents/TravelTap/TravelTap/Data/Countries/Europe/Denmark/Cities/BillundAttractions.swift (in target 'TravelTap' from project 'TravelTap')
    cd /Users/erders/Documents/TravelTap
    

SwiftDriverJobDiscovery normal arm64 Compiling MinasAttractions.swift, MontevideoAttractions.swift, PaysanduAttractions.swift, PiriapolisAttractions.swift, PuntaDelDiabloAttractions.swift, PuntaDelEsteAttractions.swift, SaltoAttractions.swift, TacuaremboAttractions.swift, UruguayPackage.swift, BarquisimetoAttractions.swift, CanaimaAttractions.swift, CaracasAttractions.swift, ChoroniAttractions.swift, CiudadBolivarAttractions.swift, ColoniaTovarAttractions.swift, CoroAttractions.swift, GranSabanaAttractions.swift, IslaMargaritaAttractions.swift, LosRoquesAttractions.swift, MaracaiboAttractions.swift, MochimaAttractions.swift, MorrocoyAttractions.swift, OrinocoDeltaAttractions.swift, VenezuelaPackage.swift, WestBengalAttractions.swift (in target 'TravelTap' from project 'TravelTap')

SwiftCompile normal arm64 Compiling\ GoldenCircleAttractions.swift,\ WestfjordsAttractions.swift,\ WestmanIslandsAttractions.swift,\ NorthwestIcelandAttractions.swift,\ EastIcelandAttractions.swift,\ ReykjanesAttractions.swift,\ HighlandsAttractions.swift,\ IcelandHighlandsAttractions.swift,\ MorondavaAttractions.swift,\ FianarantsoaAttractions.swift,\ AndasibeMantadiaAttractions.swift,\ AntsirabeAttractions.swift,\ MasoalaAttractions.swift,\ IleSainteMarieAttractions.swift,\ RanomafanaAttractions.swift,\ MahajangaAttractions.swift,\ FortDauphinAttractions.swift,\ IsaloAttractions.swift,\ NosyBeAttractions.swift,\ AntsirananaAttractions.swift,\ AntananarivoAttractions.swift,\ ToamasinaAttractions.swift,\ ToliaraAttractions.swift,\ CanberraAttractions.swift,\ GreatBarrierReefAttractions.swift /Users/erders/Documents/TravelTap/TravelTap/Data/Countries/Europe/Iceland/Cities/GoldenCircleAttractions.swift /Users/erders/Documents/TravelTap/TravelTap/Data/Countries/Europe/Iceland/Cities/WestfjordsAttractions.swift /Users/erders/Documents/TravelTap/TravelTap/Data/Countries/Europe/Iceland/Cities/WestmanIslandsAttractions.swift /Users/erders/Documents/TravelTap/TravelTap/Data/Countries/Europe/Iceland/Cities/NorthwestIcelandAttractions.swift /Users/erders/Documents/TravelTap/TravelTap/Data/Countries/Europe/Iceland/Cities/EastIcelandAttractions.swift /Users/erders/Documents/TravelTap/TravelTap/Data/Countries/Europe/Iceland/Cities/ReykjanesAttractions.swift /Users/erders/Documents/TravelTap/TravelTap/Data/Countries/Oceania/PapuaNewGuinea/Cities/HighlandsAttractions.swift /Users/erders/Documents/TravelTap/TravelTap/Data/Countries/Europe/Iceland/Cities/IcelandHighlandsAttractions.swift /Users/erders/Documents/TravelTap/TravelTap/Data/Countries/Africa/EastAfrica/Madagascar/Cities/MorondavaAttractions.swift /Users/erders/Documents/TravelTap/TravelTap/Data/Countries/Africa/EastAfrica/Madagascar/Cities/FianarantsoaAttractions.swift /Users/erders/Documents/TravelTap/TravelTap/Data/Countries/Africa/EastAfrica/Madagascar/Cities/AndasibeMantadiaAttractions.swift /Users/erders/Documents/TravelTap/TravelTap/Data/Countries/Africa/EastAfrica/Madagascar/Cities/AntsirabeAttractions.swift /Users/erders/Documents/TravelTap/TravelTap/Data/Countries/Africa/EastAfrica/Madagascar/Cities/MasoalaAttractions.swift /Users/erders/Documents/TravelTap/TravelTap/Data/Countries/Africa/EastAfrica/Madagascar/Cities/IleSainteMarieAttractions.swift /Users/erders/Documents/TravelTap/TravelTap/Data/Countries/Africa/EastAfrica/Madagascar/Cities/RanomafanaAttractions.swift /Users/erders/Documents/TravelTap/TravelTap/Data/Countries/Africa/EastAfrica/Madagascar/Cities/MahajangaAttractions.swift /Users/erders/Documents/TravelTap/TravelTap/Data/Countries/Africa/EastAfrica/Madagascar/Cities/FortDauphinAttractions.swift /Users/erders/Documents/TravelTap/TravelTap/Data/Countries/Africa/EastAfrica/Madagascar/Cities/IsaloAttractions.swift /Users/erders/Documents/TravelTap/TravelTap/Data/Countries/Africa/EastAfrica/Madagascar/Cities/NosyBeAttractions.swift /Users/erders/Documents/TravelTap/TravelTap/Data/Countries/Africa/EastAfrica/Madagascar/Cities/AntsirananaAttractions.swift /Users/erders/Documents/TravelTap/TravelTap/Data/Countries/Africa/EastAfrica/Madagascar/Cities/AntananarivoAttractions.swift /Users/erders/Documents/TravelTap/TravelTap/Data/Countries/Africa/EastAfrica/Madagascar/Cities/ToamasinaAttractions.swift /Users/erders/Documents/TravelTap/TravelTap/Data/Countries/Africa/EastAfrica/Madagascar/Cities/ToliaraAttractions.swift /Users/erders/Documents/TravelTap/TravelTap/Data/Countries/Oceania/Australia/Cities/CanberraAttractions.swift /Users/erders/Documents/TravelTap/TravelTap/Data/Countries/Oceania/Australia/Cities/GreatBarrierReefAttractions.swift (in target 'TravelTap' from project 'TravelTap')

SwiftCompile normal arm64 /Users/erders/Documents/TravelTap/TravelTap/Data/Countries/Europe/Iceland/Cities/GoldenCircleAttractions.swift (in target 'TravelTap' from project 'TravelTap')
    cd /Users/erders/Documents/TravelTap
    

SwiftCompile normal arm64 /Users/erders/Documents/TravelTap/TravelTap/Data/Countries/Europe/Iceland/Cities/WestfjordsAttractions.swift (in target 'TravelTap' from project 'TravelTap')
    cd /Users/erders/Documents/TravelTap
    

SwiftCompile normal arm64 /Users/erders/Documents/TravelTap/TravelTap/Data/Countries/Europe/Iceland/Cities/WestmanIslandsAttractions.swift (in target 'TravelTap' from project 'TravelTap')
    cd /Users/erders/Documents/TravelTap
    

SwiftCompile normal arm64 /Users/erders/Documents/TravelTap/TravelTap/Data/Countries/Europe/Iceland/Cities/NorthwestIcelandAttractions.swift (in target 'TravelTap' from project 'TravelTap')
    cd /Users/erders/Documents/TravelTap
    

SwiftCompile normal arm64 /Users/erders/Documents/TravelTap/TravelTap/Data/Countries/Europe/Iceland/Cities/EastIcelandAttractions.swift (in target 'TravelTap' from project 'TravelTap')
    cd /Users/erders/Documents/TravelTap
    

SwiftCompile normal arm64 /Users/erders/Documents/TravelTap/TravelTap/Data/Countries/Europe/Iceland/Cities/ReykjanesAttractions.swift (in target 'TravelTap' from project 'TravelTap')
    cd /Users/erders/Documents/TravelTap
    

SwiftCompile normal arm64 /Users/erders/Documents/TravelTap/TravelTap/Data/Countries/Oceania/PapuaNewGuinea/Cities/HighlandsAttractions.swift (in target 'TravelTap' from project 'TravelTap')
    cd /Users/erders/Documents/TravelTap
    

SwiftCompile normal arm64 /Users/erders/Documents/TravelTap/TravelTap/Data/Countries/Europe/Iceland/Cities/IcelandHighlandsAttractions.swift (in target 'TravelTap' from project 'TravelTap')
    cd /Users/erders/Documents/TravelTap
    

SwiftCompile normal arm64 /Users/erders/Documents/TravelTap/TravelTap/Data/Countries/Africa/EastAfrica/Madagascar/Cities/MorondavaAttractions.swift (in target 'TravelTap' from project 'TravelTap')
    cd /Users/erders/Documents/TravelTap
    

SwiftCompile normal arm64 /Users/erders/Documents/TravelTap/TravelTap/Data/Countries/Africa/EastAfrica/Madagascar/Cities/FianarantsoaAttractions.swift (in target 'TravelTap' from project 'TravelTap')
    cd /Users/erders/Documents/TravelTap
    

SwiftCompile normal arm64 /Users/erders/Documents/TravelTap/TravelTap/Data/Countries/Africa/EastAfrica/Madagascar/Cities/AndasibeMantadiaAttractions.swift (in target 'TravelTap' from project 'TravelTap')
    cd /Users/erders/Documents/TravelTap
    

SwiftCompile normal arm64 /Users/erders/Documents/TravelTap/TravelTap/Data/Countries/Africa/EastAfrica/Madagascar/Cities/AntsirabeAttractions.swift (in target 'TravelTap' from project 'TravelTap')
    cd /Users/erders/Documents/TravelTap
    

SwiftCompile normal arm64 /Users/erders/Documents/TravelTap/TravelTap/Data/Countries/Africa/EastAfrica/Madagascar/Cities/MasoalaAttractions.swift (in target 'TravelTap' from project 'TravelTap')
    cd /Users/erders/Documents/TravelTap
    

SwiftCompile normal arm64 /Users/erders/Documents/TravelTap/TravelTap/Data/Countries/Africa/EastAfrica/Madagascar/Cities/IleSainteMarieAttractions.swift (in target 'TravelTap' from project 'TravelTap')
    cd /Users/erders/Documents/TravelTap
    

SwiftCompile normal arm64 /Users/erders/Documents/TravelTap/TravelTap/Data/Countries/Africa/EastAfrica/Madagascar/Cities/RanomafanaAttractions.swift (in target 'TravelTap' from project 'TravelTap')
    cd /Users/erders/Documents/TravelTap
    

SwiftCompile normal arm64 /Users/erders/Documents/TravelTap/TravelTap/Data/Countries/Africa/EastAfrica/Madagascar/Cities/MahajangaAttractions.swift (in target 'TravelTap' from project 'TravelTap')
    cd /Users/erders/Documents/TravelTap
    

SwiftCompile normal arm64 /Users/erders/Documents/TravelTap/TravelTap/Data/Countries/Africa/EastAfrica/Madagascar/Cities/FortDauphinAttractions.swift (in target 'TravelTap' from project 'TravelTap')
    cd /Users/erders/Documents/TravelTap
    

SwiftCompile normal arm64 /Users/erders/Documents/TravelTap/TravelTap/Data/Countries/Africa/EastAfrica/Madagascar/Cities/IsaloAttractions.swift (in target 'TravelTap' from project 'TravelTap')
    cd /Users/erders/Documents/TravelTap
    

SwiftCompile normal arm64 /Users/erders/Documents/TravelTap/TravelTap/Data/Countries/Africa/EastAfrica/Madagascar/Cities/NosyBeAttractions.swift (in target 'TravelTap' from project 'TravelTap')
    cd /Users/erders/Documents/TravelTap
    

SwiftCompile normal arm64 /Users/erders/Documents/TravelTap/TravelTap/Data/Countries/Africa/EastAfrica/Madagascar/Cities/AntsirananaAttractions.swift (in target 'TravelTap' from project 'TravelTap')
    cd /Users/erders/Documents/TravelTap
    

SwiftCompile normal arm64 /Users/erders/Documents/TravelTap/TravelTap/Data/Countries/Africa/EastAfrica/Madagascar/Cities/AntananarivoAttractions.swift (in target 'TravelTap' from project 'TravelTap')
    cd /Users/erders/Documents/TravelTap
    

SwiftCompile normal arm64 /Users/erders/Documents/TravelTap/TravelTap/Data/Countries/Africa/EastAfrica/Madagascar/Cities/ToamasinaAttractions.swift (in target 'TravelTap' from project 'TravelTap')
    cd /Users/erders/Documents/TravelTap
    

SwiftCompile normal arm64 /Users/erders/Documents/TravelTap/TravelTap/Data/Countries/Africa/EastAfrica/Madagascar/Cities/ToliaraAttractions.swift (in target 'TravelTap' from project 'TravelTap')
    cd /Users/erders/Documents/TravelTap
    

SwiftCompile normal arm64 /Users/erders/Documents/TravelTap/TravelTap/Data/Countries/Oceania/Australia/Cities/CanberraAttractions.swift (in target 'TravelTap' from project 'TravelTap')
    cd /Users/erders/Documents/TravelTap
    

SwiftCompile normal arm64 /Users/erders/Documents/TravelTap/TravelTap/Data/Countries/Oceania/Australia/Cities/GreatBarrierReefAttractions.swift (in target 'TravelTap' from project 'TravelTap')
    cd /Users/erders/Documents/TravelTap
    

SwiftDriverJobDiscovery normal arm64 Compiling EleutheraAttractions.swift, ExumaAttractions.swift, GrandBahamaAttractions.swift, LongIslandAttractions.swift, NassauAttractions.swift, ParadiseIslandAttractions.swift, BarbadosPackage.swift, BarbadosStThomasAttractions.swift, BridgetownAttractions.swift, ChristChurchAttractions.swift, StAndrewAttractions.swift, StJamesAttractions.swift, StJohnAttractions.swift, StLucyAttractions.swift, StPeterAttractions.swift, StPhilipAttractions.swift, BelizePackage.swift, BelizeCityAttractions.swift, CayeCaulkerAttractions.swift, HopkinsAttractions.swift, OrangeWalkAttractions.swift, PlacenciaAttractions.swift, PuntaGordaAttractions.swift, SanIgnacioAttractions.swift, SanPedroAttractions.swift (in target 'TravelTap' from project 'TravelTap')

SwiftCompile normal arm64 Compiling\ LuccaAttractions.swift,\ VicenzaAttractions.swift,\ PaduaAttractions.swift,\ ChiantiAttractions.swift,\ OrvietoAttractions.swift,\ CapriAttractions.swift,\ ValDOrciaAttractions.swift,\ ModenaAttractions.swift,\ MateraAttractions.swift,\ PompeiiHerculaneumAttractions.swift,\ LakeGardaAttractions.swift,\ GenoaAttractions.swift,\ MantuaAttractions.swift,\ SienaAttractions.swift,\ PerugiaAttractions.swift,\ TriesteAttractions.swift,\ AlesundAttractions.swift,\ NorthCapeAttractions.swift,\ BodoAttractions.swift,\ KristiansandAttractions.swift,\ SognefjordAttractions.swift,\ HardangerfjordAttractions.swift,\ RorosAttractions.swift,\ LillehammerAttractions.swift,\ TrondheimAttractions.swift /Users/erders/Documents/TravelTap/TravelTap/Data/Countries/Europe/Italy/Cities/LuccaAttractions.swift /Users/erders/Documents/TravelTap/TravelTap/Data/Countries/Europe/Italy/Cities/VicenzaAttractions.swift /Users/erders/Documents/TravelTap/TravelTap/Data/Countries/Europe/Italy/Cities/PaduaAttractions.swift /Users/erders/Documents/TravelTap/TravelTap/Data/Countries/Europe/Italy/Cities/ChiantiAttractions.swift /Users/erders/Documents/TravelTap/TravelTap/Data/Countries/Europe/Italy/Cities/OrvietoAttractions.swift /Users/erders/Documents/TravelTap/TravelTap/Data/Countries/Europe/Italy/Cities/CapriAttractions.swift /Users/erders/Documents/TravelTap/TravelTap/Data/Countries/Europe/Italy/Cities/ValDOrciaAttractions.swift /Users/erders/Documents/TravelTap/TravelTap/Data/Countries/Europe/Italy/Cities/ModenaAttractions.swift /Users/erders/Documents/TravelTap/TravelTap/Data/Countries/Europe/Italy/Cities/MateraAttractions.swift /Users/erders/Documents/TravelTap/TravelTap/Data/Countries/Europe/Italy/Cities/PompeiiHerculaneumAttractions.swift /Users/erders/Documents/TravelTap/TravelTap/Data/Countries/Europe/Italy/Cities/LakeGardaAttractions.swift /Users/erders/Documents/TravelTap/TravelTap/Data/Countries/Europe/Italy/Cities/GenoaAttractions.swift /Users/erders/Documents/TravelTap/TravelTap/Data/Countries/Europe/Italy/Cities/MantuaAttractions.swift /Users/erders/Documents/TravelTap/TravelTap/Data/Countries/Europe/Italy/Cities/SienaAttractions.swift /Users/erders/Documents/TravelTap/TravelTap/Data/Countries/Europe/Italy/Cities/PerugiaAttractions.swift /Users/erders/Documents/TravelTap/TravelTap/Data/Countries/Europe/Italy/Cities/TriesteAttractions.swift /Users/erders/Documents/TravelTap/TravelTap/Data/Countries/Europe/Norway/Cities/AlesundAttractions.swift /Users/erders/Documents/TravelTap/TravelTap/Data/Countries/Europe/Norway/Cities/NorthCapeAttractions.swift /Users/erders/Documents/TravelTap/TravelTap/Data/Countries/Europe/Norway/Cities/BodoAttractions.swift /Users/erders/Documents/TravelTap/TravelTap/Data/Countries/Europe/Norway/Cities/KristiansandAttractions.swift /Users/erders/Documents/TravelTap/TravelTap/Data/Countries/Europe/Norway/Cities/SognefjordAttractions.swift /Users/erders/Documents/TravelTap/TravelTap/Data/Countries/Europe/Norway/Cities/HardangerfjordAttractions.swift /Users/erders/Documents/TravelTap/TravelTap/Data/Countries/Europe/Norway/Cities/RorosAttractions.swift /Users/erders/Documents/TravelTap/TravelTap/Data/Countries/Europe/Norway/Cities/LillehammerAttractions.swift /Users/erders/Documents/TravelTap/TravelTap/Data/Countries/Europe/Norway/Cities/TrondheimAttractions.swift (in target 'TravelTap' from project 'TravelTap')

SwiftCompile normal arm64 /Users/erders/Documents/TravelTap/TravelTap/Data/Countries/Europe/Italy/Cities/LuccaAttractions.swift (in target 'TravelTap' from project 'TravelTap')
    cd /Users/erders/Documents/TravelTap
    

SwiftCompile normal arm64 /Users/erders/Documents/TravelTap/TravelTap/Data/Countries/Europe/Italy/Cities/VicenzaAttractions.swift (in target 'TravelTap' from project 'TravelTap')
    cd /Users/erders/Documents/TravelTap
    

SwiftCompile normal arm64 /Users/erders/Documents/TravelTap/TravelTap/Data/Countries/Europe/Italy/Cities/PaduaAttractions.swift (in target 'TravelTap' from project 'TravelTap')
    cd /Users/erders/Documents/TravelTap
    

SwiftCompile normal arm64 /Users/erders/Documents/TravelTap/TravelTap/Data/Countries/Europe/Italy/Cities/ChiantiAttractions.swift (in target 'TravelTap' from project 'TravelTap')
    cd /Users/erders/Documents/TravelTap
    

SwiftCompile normal arm64 /Users/erders/Documents/TravelTap/TravelTap/Data/Countries/Europe/Italy/Cities/OrvietoAttractions.swift (in target 'TravelTap' from project 'TravelTap')
    cd /Users/erders/Documents/TravelTap
    

SwiftCompile normal arm64 /Users/erders/Documents/TravelTap/TravelTap/Data/Countries/Europe/Italy/Cities/CapriAttractions.swift (in target 'TravelTap' from project 'TravelTap')
    cd /Users/erders/Documents/TravelTap
    

SwiftCompile normal arm64 /Users/erders/Documents/TravelTap/TravelTap/Data/Countries/Europe/Italy/Cities/ValDOrciaAttractions.swift (in target 'TravelTap' from project 'TravelTap')
    cd /Users/erders/Documents/TravelTap
    

SwiftCompile normal arm64 /Users/erders/Documents/TravelTap/TravelTap/Data/Countries/Europe/Italy/Cities/ModenaAttractions.swift (in target 'TravelTap' from project 'TravelTap')
    cd /Users/erders/Documents/TravelTap
    

SwiftCompile normal arm64 /Users/erders/Documents/TravelTap/TravelTap/Data/Countries/Europe/Italy/Cities/MateraAttractions.swift (in target 'TravelTap' from project 'TravelTap')
    cd /Users/erders/Documents/TravelTap
    

SwiftCompile normal arm64 /Users/erders/Documents/TravelTap/TravelTap/Data/Countries/Europe/Italy/Cities/PompeiiHerculaneumAttractions.swift (in target 'TravelTap' from project 'TravelTap')
    cd /Users/erders/Documents/TravelTap
    

SwiftCompile normal arm64 /Users/erders/Documents/TravelTap/TravelTap/Data/Countries/Europe/Italy/Cities/LakeGardaAttractions.swift (in target 'TravelTap' from project 'TravelTap')
    cd /Users/erders/Documents/TravelTap
    

SwiftCompile normal arm64 /Users/erders/Documents/TravelTap/TravelTap/Data/Countries/Europe/Italy/Cities/GenoaAttractions.swift (in target 'TravelTap' from project 'TravelTap')
    cd /Users/erders/Documents/TravelTap
    

SwiftCompile normal arm64 /Users/erders/Documents/TravelTap/TravelTap/Data/Countries/Europe/Italy/Cities/MantuaAttractions.swift (in target 'TravelTap' from project 'TravelTap')
    cd /Users/erders/Documents/TravelTap
    

SwiftCompile normal arm64 /Users/erders/Documents/TravelTap/TravelTap/Data/Countries/Europe/Italy/Cities/SienaAttractions.swift (in target 'TravelTap' from project 'TravelTap')
    cd /Users/erders/Documents/TravelTap
    

SwiftCompile normal arm64 /Users/erders/Documents/TravelTap/TravelTap/Data/Countries/Europe/Italy/Cities/PerugiaAttractions.swift (in target 'TravelTap' from project 'TravelTap')
    cd /Users/erders/Documents/TravelTap
    

SwiftCompile normal arm64 /Users/erders/Documents/TravelTap/TravelTap/Data/Countries/Europe/Italy/Cities/TriesteAttractions.swift (in target 'TravelTap' from project 'TravelTap')
    cd /Users/erders/Documents/TravelTap
    

SwiftCompile normal arm64 /Users/erders/Documents/TravelTap/TravelTap/Data/Countries/Europe/Norway/Cities/AlesundAttractions.swift (in target 'TravelTap' from project 'TravelTap')
    cd /Users/erders/Documents/TravelTap
    

SwiftCompile normal arm64 /Users/erders/Documents/TravelTap/TravelTap/Data/Countries/Europe/Norway/Cities/NorthCapeAttractions.swift (in target 'TravelTap' from project 'TravelTap')
    cd /Users/erders/Documents/TravelTap
    

SwiftCompile normal arm64 /Users/erders/Documents/TravelTap/TravelTap/Data/Countries/Europe/Norway/Cities/BodoAttractions.swift (in target 'TravelTap' from project 'TravelTap')
    cd /Users/erders/Documents/TravelTap
    

SwiftCompile normal arm64 /Users/erders/Documents/TravelTap/TravelTap/Data/Countries/Europe/Norway/Cities/KristiansandAttractions.swift (in target 'TravelTap' from project 'TravelTap')
    cd /Users/erders/Documents/TravelTap
    

SwiftCompile normal arm64 /Users/erders/Documents/TravelTap/TravelTap/Data/Countries/Europe/Norway/Cities/SognefjordAttractions.swift (in target 'TravelTap' from project 'TravelTap')
    cd /Users/erders/Documents/TravelTap
    

SwiftCompile normal arm64 /Users/erders/Documents/TravelTap/TravelTap/Data/Countries/Europe/Norway/Cities/HardangerfjordAttractions.swift (in target 'TravelTap' from project 'TravelTap')
    cd /Users/erders/Documents/TravelTap
    

SwiftCompile normal arm64 /Users/erders/Documents/TravelTap/TravelTap/Data/Countries/Europe/Norway/Cities/RorosAttractions.swift (in target 'TravelTap' from project 'TravelTap')
    cd /Users/erders/Documents/TravelTap
    

SwiftCompile normal arm64 /Users/erders/Documents/TravelTap/TravelTap/Data/Countries/Europe/Norway/Cities/LillehammerAttractions.swift (in target 'TravelTap' from project 'TravelTap')
    cd /Users/erders/Documents/TravelTap
    

SwiftCompile normal arm64 /Users/erders/Documents/TravelTap/TravelTap/Data/Countries/Europe/Norway/Cities/TrondheimAttractions.swift (in target 'TravelTap' from project 'TravelTap')
    cd /Users/erders/Documents/TravelTap
    

SwiftDriverJobDiscovery normal arm64 Compiling LisbonAttractions.swift, PortoAttractions.swift, SintraAttractions.swift, PortugalPackage.swift, BrasovAttractions.swift, BucharestAttractions.swift, ClujNapocaAttractions.swift, SibiuAttractions.swift, RomaniaPackage.swift, KazanAttractions.swift, MoscowAttractions.swift, SochiAttractions.swift, StPetersburgAttractions.swift, RussiaPackage.swift, SergievPosadAttractions.swift, VladimirAttractions.swift, SuzdalAttractions.swift, YaroslavlAttractions.swift, KostromaAttractions.swift, RostovVelikyAttractions.swift, PereslavlZalesskyAttractions.swift, NizhnyNovgorodAttractions.swift, VolgogradAttractions.swift, SamaraAttractions.swift, AstrakhanAttractions.swift (in target 'TravelTap' from project 'TravelTap')

SwiftCompile normal arm64 Compiling\ LinkopingAttractions.swift,\ NorrkopingAttractions.swift,\ VasterasAttractions.swift,\ SigtunaAttractions.swift,\ YstadAttractions.swift,\ KristianstadAttractions.swift,\ SundsvallAttractions.swift,\ UmeaAttractions.swift,\ OstersundAttractions.swift,\ BernAttractions.swift,\ GenevaAttractions.swift,\ LucerneAttractions.swift,\ ZermattAttractions.swift,\ ZurichAttractions.swift,\ SwitzerlandPackage.swift,\ AdiyamanAttractions.swift,\ AnkaraAttractions.swift,\ AntalyaAttractions.swift,\ AydinAttractions.swift,\ BursaAttractions.swift,\ CanakkaleAttractions.swift,\ CappadociaAttractions.swift,\ DiyarbakirAttractions.swift,\ EdirneAttractions.swift,\ GaziantepAttractions.swift /Users/erders/Documents/TravelTap/TravelTap/Data/Countries/Europe/Sweden/Cities/LinkopingAttractions.swift /Users/erders/Documents/TravelTap/TravelTap/Data/Countries/Europe/Sweden/Cities/NorrkopingAttractions.swift /Users/erders/Documents/TravelTap/TravelTap/Data/Countries/Europe/Sweden/Cities/VasterasAttractions.swift /Users/erders/Documents/TravelTap/TravelTap/Data/Countries/Europe/Sweden/Cities/SigtunaAttractions.swift /Users/erders/Documents/TravelTap/TravelTap/Data/Countries/Europe/Sweden/Cities/YstadAttractions.swift /Users/erders/Documents/TravelTap/TravelTap/Data/Countries/Europe/Sweden/Cities/KristianstadAttractions.swift /Users/erders/Documents/TravelTap/TravelTap/Data/Countries/Europe/Sweden/Cities/SundsvallAttractions.swift /Users/erders/Documents/TravelTap/TravelTap/Data/Countries/Europe/Sweden/Cities/UmeaAttractions.swift /Users/erders/Documents/TravelTap/TravelTap/Data/Countries/Europe/Sweden/Cities/OstersundAttractions.swift /Users/erders/Documents/TravelTap/TravelTap/Data/Countries/Europe/Switzerland/Cities/BernAttractions.swift /Users/erders/Documents/TravelTap/TravelTap/Data/Countries/Europe/Switzerland/Cities/GenevaAttractions.swift /Users/erders/Documents/TravelTap/TravelTap/Data/Countries/Europe/Switzerland/Cities/LucerneAttractions.swift /Users/erders/Documents/TravelTap/TravelTap/Data/Countries/Europe/Switzerland/Cities/ZermattAttractions.swift /Users/erders/Documents/TravelTap/TravelTap/Data/Countries/Europe/Switzerland/Cities/ZurichAttractions.swift /Users/erders/Documents/TravelTap/TravelTap/Data/Countries/Europe/Switzerland/SwitzerlandPackage.swift /Users/erders/Documents/TravelTap/TravelTap/Data/Countries/Europe/Turkey/Cities/AdiyamanAttractions.swift /Users/erders/Documents/TravelTap/TravelTap/Data/Countries/Europe/Turkey/Cities/AnkaraAttractions.swift /Users/erders/Documents/TravelTap/TravelTap/Data/Countries/Europe/Turkey/Cities/AntalyaAttractions.swift /Users/erders/Documents/TravelTap/TravelTap/Data/Countries/Europe/Turkey/Cities/AydinAttractions.swift /Users/erders/Documents/TravelTap/TravelTap/Data/Countries/Europe/Turkey/Cities/BursaAttractions.swift /Users/erders/Documents/TravelTap/TravelTap/Data/Countries/Europe/Turkey/Cities/CanakkaleAttractions.swift /Users/erders/Documents/TravelTap/TravelTap/Data/Countries/Europe/Turkey/Cities/CappadociaAttractions.swift /Users/erders/Documents/TravelTap/TravelTap/Data/Countries/Europe/Turkey/Cities/DiyarbakirAttractions.swift /Users/erders/Documents/TravelTap/TravelTap/Data/Countries/Europe/Turkey/Cities/EdirneAttractions.swift /Users/erders/Documents/TravelTap/TravelTap/Data/Countries/Europe/Turkey/Cities/GaziantepAttractions.swift (in target 'TravelTap' from project 'TravelTap')

SwiftCompile normal arm64 /Users/erders/Documents/TravelTap/TravelTap/Data/Countries/Europe/Sweden/Cities/LinkopingAttractions.swift (in target 'TravelTap' from project 'TravelTap')
    cd /Users/erders/Documents/TravelTap
    

SwiftCompile normal arm64 /Users/erders/Documents/TravelTap/TravelTap/Data/Countries/Europe/Sweden/Cities/NorrkopingAttractions.swift (in target 'TravelTap' from project 'TravelTap')
    cd /Users/erders/Documents/TravelTap
    

SwiftCompile normal arm64 /Users/erders/Documents/TravelTap/TravelTap/Data/Countries/Europe/Sweden/Cities/VasterasAttractions.swift (in target 'TravelTap' from project 'TravelTap')
    cd /Users/erders/Documents/TravelTap
    

SwiftCompile normal arm64 /Users/erders/Documents/TravelTap/TravelTap/Data/Countries/Europe/Sweden/Cities/SigtunaAttractions.swift (in target 'TravelTap' from project 'TravelTap')
    cd /Users/erders/Documents/TravelTap
    

SwiftCompile normal arm64 /Users/erders/Documents/TravelTap/TravelTap/Data/Countries/Europe/Sweden/Cities/YstadAttractions.swift (in target 'TravelTap' from project 'TravelTap')
    cd /Users/erders/Documents/TravelTap
    

SwiftCompile normal arm64 /Users/erders/Documents/TravelTap/TravelTap/Data/Countries/Europe/Sweden/Cities/KristianstadAttractions.swift (in target 'TravelTap' from project 'TravelTap')
    cd /Users/erders/Documents/TravelTap
    

SwiftCompile normal arm64 /Users/erders/Documents/TravelTap/TravelTap/Data/Countries/Europe/Sweden/Cities/SundsvallAttractions.swift (in target 'TravelTap' from project 'TravelTap')
    cd /Users/erders/Documents/TravelTap
    

SwiftCompile normal arm64 /Users/erders/Documents/TravelTap/TravelTap/Data/Countries/Europe/Sweden/Cities/UmeaAttractions.swift (in target 'TravelTap' from project 'TravelTap')
    cd /Users/erders/Documents/TravelTap
    

SwiftCompile normal arm64 /Users/erders/Documents/TravelTap/TravelTap/Data/Countries/Europe/Sweden/Cities/OstersundAttractions.swift (in target 'TravelTap' from project 'TravelTap')
    cd /Users/erders/Documents/TravelTap
    

SwiftCompile normal arm64 /Users/erders/Documents/TravelTap/TravelTap/Data/Countries/Europe/Switzerland/Cities/BernAttractions.swift (in target 'TravelTap' from project 'TravelTap')
    cd /Users/erders/Documents/TravelTap
    

SwiftCompile normal arm64 /Users/erders/Documents/TravelTap/TravelTap/Data/Countries/Europe/Switzerland/Cities/GenevaAttractions.swift (in target 'TravelTap' from project 'TravelTap')
    cd /Users/erders/Documents/TravelTap
    

SwiftCompile normal arm64 /Users/erders/Documents/TravelTap/TravelTap/Data/Countries/Europe/Switzerland/Cities/LucerneAttractions.swift (in target 'TravelTap' from project 'TravelTap')
    cd /Users/erders/Documents/TravelTap
    

SwiftCompile normal arm64 /Users/erders/Documents/TravelTap/TravelTap/Data/Countries/Europe/Switzerland/Cities/ZermattAttractions.swift (in target 'TravelTap' from project 'TravelTap')
    cd /Users/erders/Documents/TravelTap
    

SwiftCompile normal arm64 /Users/erders/Documents/TravelTap/TravelTap/Data/Countries/Europe/Switzerland/Cities/ZurichAttractions.swift (in target 'TravelTap' from project 'TravelTap')
    cd /Users/erders/Documents/TravelTap
    

SwiftCompile normal arm64 /Users/erders/Documents/TravelTap/TravelTap/Data/Countries/Europe/Switzerland/SwitzerlandPackage.swift (in target 'TravelTap' from project 'TravelTap')
    cd /Users/erders/Documents/TravelTap
    

SwiftCompile normal arm64 /Users/erders/Documents/TravelTap/TravelTap/Data/Countries/Europe/Turkey/Cities/AdiyamanAttractions.swift (in target 'TravelTap' from project 'TravelTap')
    cd /Users/erders/Documents/TravelTap
    

SwiftCompile normal arm64 /Users/erders/Documents/TravelTap/TravelTap/Data/Countries/Europe/Turkey/Cities/AnkaraAttractions.swift (in target 'TravelTap' from project 'TravelTap')
    cd /Users/erders/Documents/TravelTap
    

SwiftCompile normal arm64 /Users/erders/Documents/TravelTap/TravelTap/Data/Countries/Europe/Turkey/Cities/AntalyaAttractions.swift (in target 'TravelTap' from project 'TravelTap')
    cd /Users/erders/Documents/TravelTap
    

SwiftCompile normal arm64 /Users/erders/Documents/TravelTap/TravelTap/Data/Countries/Europe/Turkey/Cities/AydinAttractions.swift (in target 'TravelTap' from project 'TravelTap')
    cd /Users/erders/Documents/TravelTap
    

SwiftCompile normal arm64 /Users/erders/Documents/TravelTap/TravelTap/Data/Countries/Europe/Turkey/Cities/BursaAttractions.swift (in target 'TravelTap' from project 'TravelTap')
    cd /Users/erders/Documents/TravelTap
    

SwiftCompile normal arm64 /Users/erders/Documents/TravelTap/TravelTap/Data/Countries/Europe/Turkey/Cities/CanakkaleAttractions.swift (in target 'TravelTap' from project 'TravelTap')
    cd /Users/erders/Documents/TravelTap
    

SwiftCompile normal arm64 /Users/erders/Documents/TravelTap/TravelTap/Data/Countries/Europe/Turkey/Cities/CappadociaAttractions.swift (in target 'TravelTap' from project 'TravelTap')
    cd /Users/erders/Documents/TravelTap
    

SwiftCompile normal arm64 /Users/erders/Documents/TravelTap/TravelTap/Data/Countries/Europe/Turkey/Cities/DiyarbakirAttractions.swift (in target 'TravelTap' from project 'TravelTap')
    cd /Users/erders/Documents/TravelTap
    

SwiftCompile normal arm64 /Users/erders/Documents/TravelTap/TravelTap/Data/Countries/Europe/Turkey/Cities/EdirneAttractions.swift (in target 'TravelTap' from project 'TravelTap')
    cd /Users/erders/Documents/TravelTap
    

SwiftCompile normal arm64 /Users/erders/Documents/TravelTap/TravelTap/Data/Countries/Europe/Turkey/Cities/GaziantepAttractions.swift (in target 'TravelTap' from project 'TravelTap')
    cd /Users/erders/Documents/TravelTap
    

SwiftDriverJobDiscovery normal arm64 Compiling ToktogulAttractions.swift, CholponAtaAttractions.swift, TalasAttractions.swift, BatkenAttractions.swift, AlaArchaNationalParkAttractions.swift, JalalAbadAttractions.swift, SaryChelekAttractions.swift, YanbuAttractions.swift, DammamAttractions.swift, MeccaAttractions.swift, MedinaAttractions.swift, AlAhsaAttractions.swift, AlKhobarAttractions.swift, TaifAttractions.swift, HailAttractions.swift, AbhaAttractions.swift, NajranAttractions.swift, TabukAttractions.swift, JazanAttractions.swift, AlUlaAttractions.swift, DeadSeaAttractions.swift, BaptismSiteAttractions.swift, AqabaAttractions.swift, DesertCastlesAttractions.swift, WadiRumAttractions.swift (in target 'TravelTap' from project 'TravelTap')

SwiftCompile normal arm64 Compiling\ MariagerAttractions.swift,\ SkagenAttractions.swift,\ SouthZealandAttractions.swift,\ FaroeIslandsAttractions.swift,\ HelsingorAttractions.swift,\ EsbjergAttractions.swift,\ HerningAttractions.swift,\ KoldingAttractions.swift,\ FredericiaAttractions.swift,\ SamsoAttractions.swift,\ NyborgAttractions.swift,\ CausewayCoastAttractions.swift,\ TheBurrenAttractions.swift,\ DinglePeninsulaAttractions.swift,\ KildareAttractions.swift,\ AranIslandsAttractions.swift,\ WicklowAttractions.swift,\ DroghedaAttractions.swift,\ MeathAttractions.swift,\ ConnemaraAttractions.swift,\ SligoAttractions.swift,\ DonegalAttractions.swift,\ RingOfKerryAttractions.swift,\ CashelAttractions.swift,\ KilkennyAttractions.swift /Users/erders/Documents/TravelTap/TravelTap/Data/Countries/Europe/Denmark/Cities/MariagerAttractions.swift /Users/erders/Documents/TravelTap/TravelTap/Data/Countries/Europe/Denmark/Cities/SkagenAttractions.swift /Users/erders/Documents/TravelTap/TravelTap/Data/Countries/Europe/Denmark/Cities/SouthZealandAttractions.swift /Users/erders/Documents/TravelTap/TravelTap/Data/Countries/Europe/Denmark/Cities/FaroeIslandsAttractions.swift /Users/erders/Documents/TravelTap/TravelTap/Data/Countries/Europe/Denmark/Cities/HelsingorAttractions.swift /Users/erders/Documents/TravelTap/TravelTap/Data/Countries/Europe/Denmark/Cities/EsbjergAttractions.swift /Users/erders/Documents/TravelTap/TravelTap/Data/Countries/Europe/Denmark/Cities/HerningAttractions.swift /Users/erders/Documents/TravelTap/TravelTap/Data/Countries/Europe/Denmark/Cities/KoldingAttractions.swift /Users/erders/Documents/TravelTap/TravelTap/Data/Countries/Europe/Denmark/Cities/FredericiaAttractions.swift /Users/erders/Documents/TravelTap/TravelTap/Data/Countries/Europe/Denmark/Cities/SamsoAttractions.swift /Users/erders/Documents/TravelTap/TravelTap/Data/Countries/Europe/Denmark/Cities/NyborgAttractions.swift /Users/erders/Documents/TravelTap/TravelTap/Data/Countries/Europe/NorthernIreland/Cities/CausewayCoastAttractions.swift /Users/erders/Documents/TravelTap/TravelTap/Data/Countries/Europe/Ireland/Cities/TheBurrenAttractions.swift /Users/erders/Documents/TravelTap/TravelTap/Data/Countries/Europe/Ireland/Cities/DinglePeninsulaAttractions.swift /Users/erders/Documents/TravelTap/TravelTap/Data/Countries/Europe/Ireland/Cities/KildareAttractions.swift /Users/erders/Documents/TravelTap/TravelTap/Data/Countries/Europe/Ireland/Cities/AranIslandsAttractions.swift /Users/erders/Documents/TravelTap/TravelTap/Data/Countries/Europe/Ireland/Cities/WicklowAttractions.swift /Users/erders/Documents/TravelTap/TravelTap/Data/Countries/Europe/Ireland/Cities/DroghedaAttractions.swift /Users/erders/Documents/TravelTap/TravelTap/Data/Countries/Europe/Ireland/Cities/MeathAttractions.swift /Users/erders/Documents/TravelTap/TravelTap/Data/Countries/Europe/Ireland/Cities/ConnemaraAttractions.swift /Users/erders/Documents/TravelTap/TravelTap/Data/Countries/Europe/Ireland/Cities/SligoAttractions.swift /Users/erders/Documents/TravelTap/TravelTap/Data/Countries/Europe/Ireland/Cities/DonegalAttractions.swift /Users/erders/Documents/TravelTap/TravelTap/Data/Countries/Europe/Ireland/Cities/RingOfKerryAttractions.swift /Users/erders/Documents/TravelTap/TravelTap/Data/Countries/Europe/Ireland/Cities/CashelAttractions.swift /Users/erders/Documents/TravelTap/TravelTap/Data/Countries/Europe/Ireland/Cities/KilkennyAttractions.swift (in target 'TravelTap' from project 'TravelTap')

SwiftCompile normal arm64 /Users/erders/Documents/TravelTap/TravelTap/Data/Countries/Europe/Denmark/Cities/MariagerAttractions.swift (in target 'TravelTap' from project 'TravelTap')
    cd /Users/erders/Documents/TravelTap
    

SwiftCompile normal arm64 /Users/erders/Documents/TravelTap/TravelTap/Data/Countries/Europe/Denmark/Cities/SkagenAttractions.swift (in target 'TravelTap' from project 'TravelTap')
    cd /Users/erders/Documents/TravelTap
    

SwiftCompile normal arm64 /Users/erders/Documents/TravelTap/TravelTap/Data/Countries/Europe/Denmark/Cities/SouthZealandAttractions.swift (in target 'TravelTap' from project 'TravelTap')
    cd /Users/erders/Documents/TravelTap
    

SwiftCompile normal arm64 /Users/erders/Documents/TravelTap/TravelTap/Data/Countries/Europe/Denmark/Cities/FaroeIslandsAttractions.swift (in target 'TravelTap' from project 'TravelTap')
    cd /Users/erders/Documents/TravelTap
    

SwiftCompile normal arm64 /Users/erders/Documents/TravelTap/TravelTap/Data/Countries/Europe/Denmark/Cities/HelsingorAttractions.swift (in target 'TravelTap' from project 'TravelTap')
    cd /Users/erders/Documents/TravelTap
    

SwiftCompile normal arm64 /Users/erders/Documents/TravelTap/TravelTap/Data/Countries/Europe/Denmark/Cities/EsbjergAttractions.swift (in target 'TravelTap' from project 'TravelTap')
    cd /Users/erders/Documents/TravelTap
    

SwiftCompile normal arm64 /Users/erders/Documents/TravelTap/TravelTap/Data/Countries/Europe/Denmark/Cities/HerningAttractions.swift (in target 'TravelTap' from project 'TravelTap')
    cd /Users/erders/Documents/TravelTap
    

SwiftCompile normal arm64 /Users/erders/Documents/TravelTap/TravelTap/Data/Countries/Europe/Denmark/Cities/KoldingAttractions.swift (in target 'TravelTap' from project 'TravelTap')
    cd /Users/erders/Documents/TravelTap
    

SwiftCompile normal arm64 /Users/erders/Documents/TravelTap/TravelTap/Data/Countries/Europe/Denmark/Cities/FredericiaAttractions.swift (in target 'TravelTap' from project 'TravelTap')
    cd /Users/erders/Documents/TravelTap
    

SwiftCompile normal arm64 /Users/erders/Documents/TravelTap/TravelTap/Data/Countries/Europe/Denmark/Cities/SamsoAttractions.swift (in target 'TravelTap' from project 'TravelTap')
    cd /Users/erders/Documents/TravelTap
    

SwiftCompile normal arm64 /Users/erders/Documents/TravelTap/TravelTap/Data/Countries/Europe/Denmark/Cities/NyborgAttractions.swift (in target 'TravelTap' from project 'TravelTap')
    cd /Users/erders/Documents/TravelTap
    

SwiftCompile normal arm64 /Users/erders/Documents/TravelTap/TravelTap/Data/Countries/Europe/NorthernIreland/Cities/CausewayCoastAttractions.swift (in target 'TravelTap' from project 'TravelTap')
    cd /Users/erders/Documents/TravelTap
    

SwiftCompile normal arm64 /Users/erders/Documents/TravelTap/TravelTap/Data/Countries/Europe/Ireland/Cities/TheBurrenAttractions.swift (in target 'TravelTap' from project 'TravelTap')
    cd /Users/erders/Documents/TravelTap
    

SwiftCompile normal arm64 /Users/erders/Documents/TravelTap/TravelTap/Data/Countries/Europe/Ireland/Cities/DinglePeninsulaAttractions.swift (in target 'TravelTap' from project 'TravelTap')
    cd /Users/erders/Documents/TravelTap
    

SwiftCompile normal arm64 /Users/erders/Documents/TravelTap/TravelTap/Data/Countries/Europe/Ireland/Cities/KildareAttractions.swift (in target 'TravelTap' from project 'TravelTap')
    cd /Users/erders/Documents/TravelTap
    

SwiftCompile normal arm64 /Users/erders/Documents/TravelTap/TravelTap/Data/Countries/Europe/Ireland/Cities/AranIslandsAttractions.swift (in target 'TravelTap' from project 'TravelTap')
    cd /Users/erders/Documents/TravelTap
    

SwiftCompile normal arm64 /Users/erders/Documents/TravelTap/TravelTap/Data/Countries/Europe/Ireland/Cities/WicklowAttractions.swift (in target 'TravelTap' from project 'TravelTap')
    cd /Users/erders/Documents/TravelTap
    

SwiftCompile normal arm64 /Users/erders/Documents/TravelTap/TravelTap/Data/Countries/Europe/Ireland/Cities/DroghedaAttractions.swift (in target 'TravelTap' from project 'TravelTap')
    cd /Users/erders/Documents/TravelTap
    

SwiftCompile normal arm64 /Users/erders/Documents/TravelTap/TravelTap/Data/Countries/Europe/Ireland/Cities/MeathAttractions.swift (in target 'TravelTap' from project 'TravelTap')
    cd /Users/erders/Documents/TravelTap
    

SwiftCompile normal arm64 /Users/erders/Documents/TravelTap/TravelTap/Data/Countries/Europe/Ireland/Cities/ConnemaraAttractions.swift (in target 'TravelTap' from project 'TravelTap')
    cd /Users/erders/Documents/TravelTap
    

SwiftCompile normal arm64 /Users/erders/Documents/TravelTap/TravelTap/Data/Countries/Europe/Ireland/Cities/SligoAttractions.swift (in target 'TravelTap' from project 'TravelTap')
    cd /Users/erders/Documents/TravelTap
    

SwiftCompile normal arm64 /Users/erders/Documents/TravelTap/TravelTap/Data/Countries/Europe/Ireland/Cities/DonegalAttractions.swift (in target 'TravelTap' from project 'TravelTap')
    cd /Users/erders/Documents/TravelTap
    

SwiftCompile normal arm64 /Users/erders/Documents/TravelTap/TravelTap/Data/Countries/Europe/Ireland/Cities/RingOfKerryAttractions.swift (in target 'TravelTap' from project 'TravelTap')
    cd /Users/erders/Documents/TravelTap
    

SwiftCompile normal arm64 /Users/erders/Documents/TravelTap/TravelTap/Data/Countries/Europe/Ireland/Cities/CashelAttractions.swift (in target 'TravelTap' from project 'TravelTap')
    cd /Users/erders/Documents/TravelTap
    

SwiftCompile normal arm64 /Users/erders/Documents/TravelTap/TravelTap/Data/Countries/Europe/Ireland/Cities/KilkennyAttractions.swift (in target 'TravelTap' from project 'TravelTap')
    cd /Users/erders/Documents/TravelTap
    

SwiftDriverJobDiscovery normal arm64 Compiling RotterdamAttractions.swift, TheHagueAttractions.swift, UtrechtAttractions.swift, NetherlandsPackage.swift, BitolaAttractions.swift, MatkaCanyonAttractions.swift, OhridAttractions.swift, SkopjeAttractions.swift, NorthMacedoniaPackage.swift, BelfastAttractions.swift, BushmillsAttractions.swift, DerryAttractions.swift, NorthernIrelandPackage.swift, BergenAttractions.swift, OsloAttractions.swift, StavangerAttractions.swift, TromsoAttractions.swift, NorwayPackage.swift, GdanskAttractions.swift, KrakowAttractions.swift, WarsawAttractions.swift, WroclawAttractions.swift, PolandPackage.swift, AlgarveAttractions.swift, CoimbraAttractions.swift (in target 'TravelTap' from project 'TravelTap')

SwiftCompile normal arm64 Compiling\ LeedsAttractions.swift,\ LiverpoolAttractions.swift,\ LondonAttractions.swift,\ ManchesterAttractions.swift,\ OxfordAttractions.swift,\ EnglandPackage.swift,\ ParnuAttractions.swift,\ TallinnAttractions.swift,\ TartuAttractions.swift,\ EstoniaPackage.swift,\ GasadalurAttractions.swift,\ TorshavnAttractions.swift,\ FaroeIslandsPackage.swift,\ HelsinkiAttractions.swift,\ RovaniemiAttractions.swift,\ TampereAttractions.swift,\ TurkuAttractions.swift,\ FinlandPackage.swift,\ SaariselkaAttractions.swift,\ LeviAttractions.swift,\ InariAttractions.swift,\ MuonioAttractions.swift,\ KemiAttractions.swift,\ KilpisjarviAttractions.swift,\ SallaAttractions.swift /Users/erders/Documents/TravelTap/TravelTap/Data/Countries/Europe/England/Cities/LeedsAttractions.swift /Users/erders/Documents/TravelTap/TravelTap/Data/Countries/Europe/England/Cities/LiverpoolAttractions.swift /Users/erders/Documents/TravelTap/TravelTap/Data/Countries/Europe/England/Cities/LondonAttractions.swift /Users/erders/Documents/TravelTap/TravelTap/Data/Countries/Europe/England/Cities/ManchesterAttractions.swift /Users/erders/Documents/TravelTap/TravelTap/Data/Countries/Europe/England/Cities/OxfordAttractions.swift /Users/erders/Documents/TravelTap/TravelTap/Data/Countries/Europe/England/EnglandPackage.swift /Users/erders/Documents/TravelTap/TravelTap/Data/Countries/Europe/Estonia/Cities/ParnuAttractions.swift /Users/erders/Documents/TravelTap/TravelTap/Data/Countries/Europe/Estonia/Cities/TallinnAttractions.swift /Users/erders/Documents/TravelTap/TravelTap/Data/Countries/Europe/Estonia/Cities/TartuAttractions.swift /Users/erders/Documents/TravelTap/TravelTap/Data/Countries/Europe/Estonia/EstoniaPackage.swift /Users/erders/Documents/TravelTap/TravelTap/Data/Countries/Europe/FaroeIslands/Cities/GasadalurAttractions.swift /Users/erders/Documents/TravelTap/TravelTap/Data/Countries/Europe/FaroeIslands/Cities/TorshavnAttractions.swift /Users/erders/Documents/TravelTap/TravelTap/Data/Countries/Europe/FaroeIslands/FaroeIslandsPackage.swift /Users/erders/Documents/TravelTap/TravelTap/Data/Countries/Europe/Finland/Cities/HelsinkiAttractions.swift /Users/erders/Documents/TravelTap/TravelTap/Data/Countries/Europe/Finland/Cities/RovaniemiAttractions.swift /Users/erders/Documents/TravelTap/TravelTap/Data/Countries/Europe/Finland/Cities/TampereAttractions.swift /Users/erders/Documents/TravelTap/TravelTap/Data/Countries/Europe/Finland/Cities/TurkuAttractions.swift /Users/erders/Documents/TravelTap/TravelTap/Data/Countries/Europe/Finland/FinlandPackage.swift /Users/erders/Documents/TravelTap/TravelTap/Data/Countries/Europe/Finland/Cities/SaariselkaAttractions.swift /Users/erders/Documents/TravelTap/TravelTap/Data/Countries/Europe/Finland/Cities/LeviAttractions.swift /Users/erders/Documents/TravelTap/TravelTap/Data/Countries/Europe/Finland/Cities/InariAttractions.swift /Users/erders/Documents/TravelTap/TravelTap/Data/Countries/Europe/Finland/Cities/MuonioAttractions.swift /Users/erders/Documents/TravelTap/TravelTap/Data/Countries/Europe/Finland/Cities/KemiAttractions.swift /Users/erders/Documents/TravelTap/TravelTap/Data/Countries/Europe/Finland/Cities/KilpisjarviAttractions.swift /Users/erders/Documents/TravelTap/TravelTap/Data/Countries/Europe/Finland/Cities/SallaAttractions.swift (in target 'TravelTap' from project 'TravelTap')

SwiftCompile normal arm64 /Users/erders/Documents/TravelTap/TravelTap/Data/Countries/Europe/England/Cities/LeedsAttractions.swift (in target 'TravelTap' from project 'TravelTap')
    cd /Users/erders/Documents/TravelTap
    

SwiftCompile normal arm64 /Users/erders/Documents/TravelTap/TravelTap/Data/Countries/Europe/England/Cities/LiverpoolAttractions.swift (in target 'TravelTap' from project 'TravelTap')
    cd /Users/erders/Documents/TravelTap
    

SwiftCompile normal arm64 /Users/erders/Documents/TravelTap/TravelTap/Data/Countries/Europe/England/Cities/LondonAttractions.swift (in target 'TravelTap' from project 'TravelTap')
    cd /Users/erders/Documents/TravelTap
    

SwiftCompile normal arm64 /Users/erders/Documents/TravelTap/TravelTap/Data/Countries/Europe/England/Cities/ManchesterAttractions.swift (in target 'TravelTap' from project 'TravelTap')
    cd /Users/erders/Documents/TravelTap
    

SwiftCompile normal arm64 /Users/erders/Documents/TravelTap/TravelTap/Data/Countries/Europe/England/Cities/OxfordAttractions.swift (in target 'TravelTap' from project 'TravelTap')
    cd /Users/erders/Documents/TravelTap
    

SwiftCompile normal arm64 /Users/erders/Documents/TravelTap/TravelTap/Data/Countries/Europe/England/EnglandPackage.swift (in target 'TravelTap' from project 'TravelTap')
    cd /Users/erders/Documents/TravelTap
    

SwiftCompile normal arm64 /Users/erders/Documents/TravelTap/TravelTap/Data/Countries/Europe/Estonia/Cities/ParnuAttractions.swift (in target 'TravelTap' from project 'TravelTap')
    cd /Users/erders/Documents/TravelTap
    

SwiftCompile normal arm64 /Users/erders/Documents/TravelTap/TravelTap/Data/Countries/Europe/Estonia/Cities/TallinnAttractions.swift (in target 'TravelTap' from project 'TravelTap')
    cd /Users/erders/Documents/TravelTap
    

SwiftCompile normal arm64 /Users/erders/Documents/TravelTap/TravelTap/Data/Countries/Europe/Estonia/Cities/TartuAttractions.swift (in target 'TravelTap' from project 'TravelTap')
    cd /Users/erders/Documents/TravelTap
    

SwiftCompile normal arm64 /Users/erders/Documents/TravelTap/TravelTap/Data/Countries/Europe/Estonia/EstoniaPackage.swift (in target 'TravelTap' from project 'TravelTap')
    cd /Users/erders/Documents/TravelTap
    

SwiftCompile normal arm64 /Users/erders/Documents/TravelTap/TravelTap/Data/Countries/Europe/FaroeIslands/Cities/GasadalurAttractions.swift (in target 'TravelTap' from project 'TravelTap')
    cd /Users/erders/Documents/TravelTap
    

SwiftCompile normal arm64 /Users/erders/Documents/TravelTap/TravelTap/Data/Countries/Europe/FaroeIslands/Cities/TorshavnAttractions.swift (in target 'TravelTap' from project 'TravelTap')
    cd /Users/erders/Documents/TravelTap
    

SwiftCompile normal arm64 /Users/erders/Documents/TravelTap/TravelTap/Data/Countries/Europe/FaroeIslands/FaroeIslandsPackage.swift (in target 'TravelTap' from project 'TravelTap')
    cd /Users/erders/Documents/TravelTap
    

SwiftCompile normal arm64 /Users/erders/Documents/TravelTap/TravelTap/Data/Countries/Europe/Finland/Cities/HelsinkiAttractions.swift (in target 'TravelTap' from project 'TravelTap')
    cd /Users/erders/Documents/TravelTap
    

SwiftCompile normal arm64 /Users/erders/Documents/TravelTap/TravelTap/Data/Countries/Europe/Finland/Cities/RovaniemiAttractions.swift (in target 'TravelTap' from project 'TravelTap')
    cd /Users/erders/Documents/TravelTap
    

SwiftCompile normal arm64 /Users/erders/Documents/TravelTap/TravelTap/Data/Countries/Europe/Finland/Cities/TampereAttractions.swift (in target 'TravelTap' from project 'TravelTap')
    cd /Users/erders/Documents/TravelTap
    

SwiftCompile normal arm64 /Users/erders/Documents/TravelTap/TravelTap/Data/Countries/Europe/Finland/Cities/TurkuAttractions.swift (in target 'TravelTap' from project 'TravelTap')
    cd /Users/erders/Documents/TravelTap
    

SwiftCompile normal arm64 /Users/erders/Documents/TravelTap/TravelTap/Data/Countries/Europe/Finland/FinlandPackage.swift (in target 'TravelTap' from project 'TravelTap')
    cd /Users/erders/Documents/TravelTap
    

SwiftCompile normal arm64 /Users/erders/Documents/TravelTap/TravelTap/Data/Countries/Europe/Finland/Cities/SaariselkaAttractions.swift (in target 'TravelTap' from project 'TravelTap')
    cd /Users/erders/Documents/TravelTap
    

SwiftCompile normal arm64 /Users/erders/Documents/TravelTap/TravelTap/Data/Countries/Europe/Finland/Cities/LeviAttractions.swift (in target 'TravelTap' from project 'TravelTap')
    cd /Users/erders/Documents/TravelTap
    

SwiftCompile normal arm64 /Users/erders/Documents/TravelTap/TravelTap/Data/Countries/Europe/Finland/Cities/InariAttractions.swift (in target 'TravelTap' from project 'TravelTap')
    cd /Users/erders/Documents/TravelTap
    

SwiftCompile normal arm64 /Users/erders/Documents/TravelTap/TravelTap/Data/Countries/Europe/Finland/Cities/MuonioAttractions.swift (in target 'TravelTap' from project 'TravelTap')
    cd /Users/erders/Documents/TravelTap
    

SwiftCompile normal arm64 /Users/erders/Documents/TravelTap/TravelTap/Data/Countries/Europe/Finland/Cities/KemiAttractions.swift (in target 'TravelTap' from project 'TravelTap')
    cd /Users/erders/Documents/TravelTap
    

SwiftCompile normal arm64 /Users/erders/Documents/TravelTap/TravelTap/Data/Countries/Europe/Finland/Cities/KilpisjarviAttractions.swift (in target 'TravelTap' from project 'TravelTap')
    cd /Users/erders/Documents/TravelTap
    

SwiftCompile normal arm64 /Users/erders/Documents/TravelTap/TravelTap/Data/Countries/Europe/Finland/Cities/SallaAttractions.swift (in target 'TravelTap' from project 'TravelTap')
    cd /Users/erders/Documents/TravelTap
    

SwiftDriverJobDiscovery normal arm64 Compiling SerbiaPackage.swift, BojniceAttractions.swift, BratislavaAttractions.swift, HighTatrasAttractions.swift, KosiceAttractions.swift, SlovakiaPackage.swift, BledAttractions.swift, LjubljanaAttractions.swift, PiranAttractions.swift, PostojnaAttractions.swift, SloveniaPackage.swift, BarcelonaAttractions.swift, BilbaoAttractions.swift, CanaryIslandsAttractions.swift, CordobaAttractions.swift, GranadaAttractions.swift, HistoricCastileAttractions.swift, MadridAttractions.swift, MallorcaAttractions.swift, NorthernSpainAttractions.swift, SanSebastianAttractions.swift, SevilleAttractions.swift, ToledoAttractions.swift, ValenciaAttractions.swift, SpainPackage.swift (in target 'TravelTap' from project 'TravelTap')

SwiftCompile normal arm64 Compiling\ StThomasBeachesAttractions.swift,\ USVIStJohnAttractions.swift,\ WaterIslandAttractions.swift,\ USVirginIslandsPackage.swift,\ AlbaniaPackage.swift,\ BeratAttractions.swift,\ GjirokasterAttractions.swift,\ SarandeAttractions.swift,\ TiranaAttractions.swift,\ AndorraPackage.swift,\ AndorraLaVellaAttractions.swift,\ EncampAttractions.swift,\ AustriaPackage.swift,\ ZellAmSeeAttractions.swift,\ BadGasteinAttractions.swift,\ KitzbuhelAttractions.swift,\ StAntonAttractions.swift,\ LechZursAttractions.swift,\ WachauValleyAttractions.swift,\ LinzAttractions.swift,\ KlagenfurtAttractions.swift,\ VillachAttractions.swift,\ BregenzAttractions.swift,\ SeefeldAttractions.swift,\ MayrhofenAttractions.swift /Users/erders/Documents/TravelTap/TravelTap/Data/Countries/CentralAmerica/USVirginIslands/Cities/StThomasBeachesAttractions.swift /Users/erders/Documents/TravelTap/TravelTap/Data/Countries/CentralAmerica/USVirginIslands/Cities/USVIStJohnAttractions.swift /Users/erders/Documents/TravelTap/TravelTap/Data/Countries/CentralAmerica/USVirginIslands/Cities/WaterIslandAttractions.swift /Users/erders/Documents/TravelTap/TravelTap/Data/Countries/CentralAmerica/USVirginIslands/USVirginIslandsPackage.swift /Users/erders/Documents/TravelTap/TravelTap/Data/Countries/Europe/Albania/AlbaniaPackage.swift /Users/erders/Documents/TravelTap/TravelTap/Data/Countries/Europe/Albania/Cities/BeratAttractions.swift /Users/erders/Documents/TravelTap/TravelTap/Data/Countries/Europe/Albania/Cities/GjirokasterAttractions.swift /Users/erders/Documents/TravelTap/TravelTap/Data/Countries/Europe/Albania/Cities/SarandeAttractions.swift /Users/erders/Documents/TravelTap/TravelTap/Data/Countries/Europe/Albania/Cities/TiranaAttractions.swift /Users/erders/Documents/TravelTap/TravelTap/Data/Countries/Europe/Andorra/AndorraPackage.swift /Users/erders/Documents/TravelTap/TravelTap/Data/Countries/Europe/Andorra/Cities/AndorraLaVellaAttractions.swift /Users/erders/Documents/TravelTap/TravelTap/Data/Countries/Europe/Andorra/Cities/EncampAttractions.swift /Users/erders/Documents/TravelTap/TravelTap/Data/Countries/Europe/Austria/AustriaPackage.swift /Users/erders/Documents/TravelTap/TravelTap/Data/Countries/Europe/Austria/Cities/ZellAmSeeAttractions.swift /Users/erders/Documents/TravelTap/TravelTap/Data/Countries/Europe/Austria/Cities/BadGasteinAttractions.swift /Users/erders/Documents/TravelTap/TravelTap/Data/Countries/Europe/Austria/Cities/KitzbuhelAttractions.swift /Users/erders/Documents/TravelTap/TravelTap/Data/Countries/Europe/Austria/Cities/StAntonAttractions.swift /Users/erders/Documents/TravelTap/TravelTap/Data/Countries/Europe/Austria/Cities/LechZursAttractions.swift /Users/erders/Documents/TravelTap/TravelTap/Data/Countries/Europe/Austria/Cities/WachauValleyAttractions.swift /Users/erders/Documents/TravelTap/TravelTap/Data/Countries/Europe/Austria/Cities/LinzAttractions.swift /Users/erders/Documents/TravelTap/TravelTap/Data/Countries/Europe/Austria/Cities/KlagenfurtAttractions.swift /Users/erders/Documents/TravelTap/TravelTap/Data/Countries/Europe/Austria/Cities/VillachAttractions.swift /Users/erders/Documents/TravelTap/TravelTap/Data/Countries/Europe/Austria/Cities/BregenzAttractions.swift /Users/erders/Documents/TravelTap/TravelTap/Data/Countries/Europe/Austria/Cities/SeefeldAttractions.swift /Users/erders/Documents/TravelTap/TravelTap/Data/Countries/Europe/Austria/Cities/MayrhofenAttractions.swift (in target 'TravelTap' from project 'TravelTap')
Failed frontend command:
/Applications/Xcode.app/Contents/Developer/Toolchains/XcodeDefault.xctoolchain/usr/bin/swift-frontend -frontend -c -filelist /Users/erders/Library/Developer/Xcode/DerivedData/TravelTap-aoniybxgcgmexqcgzdslgsqiowxj/Build/Intermediates.noindex/TravelTap.build/Debug-iphonesimulator/TravelTap.build/Objects-normal/arm64/sources-1 -primary-file /Users/erders/Documents/TravelTap/TravelTap/Data/Countries/CentralAmerica/USVirginIslands/Cities/StThomasBeachesAttractions.swift -primary-file /Users/erders/Documents/TravelTap/TravelTap/Data/Countries/CentralAmerica/USVirginIslands/Cities/USVIStJohnAttractions.swift -primary-file /Users/erders/Documents/TravelTap/TravelTap/Data/Countries/CentralAmerica/USVirginIslands/Cities/WaterIslandAttractions.swift -primary-file /Users/erders/Documents/TravelTap/TravelTap/Data/Countries/CentralAmerica/USVirginIslands/USVirginIslandsPackage.swift -primary-file /Users/erders/Documents/TravelTap/TravelTap/Data/Countries/Europe/Albania/AlbaniaPackage.swift -primary-file /Users/erders/Documents/TravelTap/TravelTap/Data/Countries/Europe/Albania/Cities/BeratAttractions.swift -primary-file /Users/erders/Documents/TravelTap/TravelTap/Data/Countries/Europe/Albania/Cities/GjirokasterAttractions.swift -primary-file /Users/erders/Documents/TravelTap/TravelTap/Data/Countries/Europe/Albania/Cities/SarandeAttractions.swift -primary-file /Users/erders/Documents/TravelTap/TravelTap/Data/Countries/Europe/Albania/Cities/TiranaAttractions.swift -primary-file /Users/erders/Documents/TravelTap/TravelTap/Data/Countries/Europe/Andorra/AndorraPackage.swift -primary-file /Users/erders/Documents/TravelTap/TravelTap/Data/Countries/Europe/Andorra/Cities/AndorraLaVellaAttractions.swift -primary-file /Users/erders/Documents/TravelTap/TravelTap/Data/Countries/Europe/Andorra/Cities/EncampAttractions.swift -primary-file /Users/erders/Documents/TravelTap/TravelTap/Data/Countries/Europe/Austria/AustriaPackage.swift -primary-file /Users/erders/Documents/TravelTap/TravelTap/Data/Countries/Europe/Austria/Cities/ZellAmSeeAttractions.swift -primary-file /Users/erders/Documents/TravelTap/TravelTap/Data/Countries/Europe/Austria/Cities/BadGasteinAttractions.swift -primary-file /Users/erders/Documents/TravelTap/TravelTap/Data/Countries/Europe/Austria/Cities/KitzbuhelAttractions.swift -primary-file /Users/erders/Documents/TravelTap/TravelTap/Data/Countries/Europe/Austria/Cities/StAntonAttractions.swift -primary-file /Users/erders/Documents/TravelTap/TravelTap/Data/Countries/Europe/Austria/Cities/LechZursAttractions.swift -primary-file /Users/erders/Documents/TravelTap/TravelTap/Data/Countries/Europe/Austria/Cities/WachauValleyAttractions.swift -primary-file /Users/erders/Documents/TravelTap/TravelTap/Data/Countries/Europe/Austria/Cities/LinzAttractions.swift -primary-file /Users/erders/Documents/TravelTap/TravelTap/Data/Countries/Europe/Austria/Cities/KlagenfurtAttractions.swift -primary-file /Users/erders/Documents/TravelTap/TravelTap/Data/Countries/Europe/Austria/Cities/VillachAttractions.swift -primary-file /Users/erders/Documents/TravelTap/TravelTap/Data/Countries/Europe/Austria/Cities/BregenzAttractions.swift -primary-file /Users/erders/Documents/TravelTap/TravelTap/Data/Countries/Europe/Austria/Cities/SeefeldAttractions.swift -primary-file /Users/erders/Documents/TravelTap/TravelTap/Data/Countries/Europe/Austria/Cities/MayrhofenAttractions.swift -supplementary-output-file-map /Users/erders/Library/Developer/Xcode/DerivedData/TravelTap-aoniybxgcgmexqcgzdslgsqiowxj/Build/Intermediates.noindex/TravelTap.build/Debug-iphonesimulator/TravelTap.build/Objects-normal/arm64/supplementaryOutputs-31 -emit-localized-strings -emit-localized-strings-path /Users/erders/Library/Developer/Xcode/DerivedData/TravelTap-aoniybxgcgmexqcgzdslgsqiowxj/Build/Intermediates.noindex/TravelTap.build/Debug-iphonesimulator/TravelTap.build/Objects-normal/arm64 -target arm64-apple-ios17.0-simulator -module-can-import-version DeveloperToolsSupport 23.0.4 23.0.4 -module-can-import-version SwiftUI 7.1.13.1 7.1.13 -module-can-import-version UIKit 9126.1.12.1 9126.1.12 -disable-cross-import-overlay-search -swift-module-cross-import MapKit /Applications/Xcode.app/Contents/Developer/Platforms/iPhoneSimulator.platform/Developer/SDKs/iPhoneSimulator.sdk/System/Library/Frameworks/MapKit.framework/Modules/MapKit.swiftcrossimport/SwiftUI.swiftoverlay -load-resolved-plugin /Applications/Xcode.app/Contents/Developer/Platforms/iPhoneOS.platform/Developer/usr/lib/swift/host/plugins/libFoundationMacros.dylib\#/Applications/Xcode.app/Contents/Developer/Platforms/iPhoneOS.platform/Developer/usr/bin/swift-plugin-server\#FoundationMacros -load-resolved-plugin /Applications/Xcode.app/Contents/Developer/Platforms/iPhoneOS.platform/Developer/usr/lib/swift/host/plugins/libObservationMacros.dylib\#/Applications/Xcode.app/Contents/Developer/Platforms/iPhoneOS.platform/Developer/usr/bin/swift-plugin-server\#ObservationMacros -load-resolved-plugin /Applications/Xcode.app/Contents/Developer/Platforms/iPhoneOS.platform/Developer/usr/lib/swift/host/plugins/libPreviewsMacros.dylib\#/Applications/Xcode.app/Contents/Developer/Platforms/iPhoneOS.platform/Developer/usr/bin/swift-plugin-server\#PreviewsMacros -load-resolved-plugin /Applications/Xcode.app/Contents/Developer/Platforms/iPhoneOS.platform/Developer/usr/lib/swift/host/plugins/libSwiftMacros.dylib\#/Applications/Xcode.app/Contents/Developer/Platforms/iPhoneOS.platform/Developer/usr/bin/swift-plugin-server\#SwiftMacros -load-resolved-plugin /Applications/Xcode.app/Contents/Developer/Platforms/iPhoneOS.platform/Developer/usr/lib/swift/host/plugins/libSwiftUIMacros.dylib\#/Applications/Xcode.app/Contents/Developer/Platforms/iPhoneOS.platform/Developer/usr/bin/swift-plugin-server\#SwiftUIMacros -disable-implicit-swift-modules -Xcc -fno-implicit-modules -Xcc -fno-implicit-module-maps -explicit-swift-module-map-file /Users/erders/Library/Developer/Xcode/DerivedData/TravelTap-aoniybxgcgmexqcgzdslgsqiowxj/Build/Intermediates.noindex/TravelTap.build/Debug-iphonesimulator/TravelTap.build/Objects-normal/arm64/TravelTap-dependencies-1.json -Xllvm -aarch64-use-tbi -enable-objc-interop -sdk /Applications/Xcode.app/Contents/Developer/Platforms/iPhoneSimulator.platform/Developer/SDKs/iPhoneSimulator26.1.sdk -I /Users/erders/Library/Developer/Xcode/DerivedData/TravelTap-aoniybxgcgmexqcgzdslgsqiowxj/Build/Products/Debug-iphonesimulator -F /Users/erders/Library/Developer/Xcode/DerivedData/TravelTap-aoniybxgcgmexqcgzdslgsqiowxj/Build/Products/Debug-iphonesimulator -no-color-diagnostics -Xcc -fno-color-diagnostics -enable-testing -g -debug-info-format\=dwarf -dwarf-version\=4 -module-cache-path /Users/erders/Library/Developer/Xcode/DerivedData/TravelTap-aoniybxgcgmexqcgzdslgsqiowxj/Build/Intermediates.noindex/SwiftExplicitPrecompiledModules -swift-version 5 -enforce-exclusivity\=checked -Onone -D DEBUG -serialize-debugging-options -const-gather-protocols-file /Users/erders/Library/Developer/Xcode/DerivedData/TravelTap-aoniybxgcgmexqcgzdslgsqiowxj/Build/Intermediates.noindex/TravelTap.build/Debug-iphonesimulator/TravelTap.build/Objects-normal/arm64/TravelTap_const_extract_protocols.json -enable-experimental-feature DebugDescriptionMacro -enable-bare-slash-regex -empty-abi-descriptor -validate-clang-modules-once -clang-build-session-file /Users/erders/Library/Developer/Xcode/DerivedData/ModuleCache.noindex/Session.modulevalidation -Xcc -working-directory -Xcc /Users/erders/Documents/TravelTap -enable-anonymous-context-mangled-names -file-compilation-dir /Users/erders/Documents/TravelTap -Xcc -D_LIBCPP_HARDENING_MODE\=_LIBCPP_HARDENING_MODE_DEBUG -Xcc -ivfsstatcache -Xcc /Users/erders/Library/Developer/Xcode/DerivedData/SDKStatCaches.noindex/iphonesimulator26.1-23B77-90cf18a4295e390e64c810bc6bd7acbc.sdkstatcache -Xcc -I/Users/erders/Library/Developer/Xcode/DerivedData/TravelTap-aoniybxgcgmexqcgzdslgsqiowxj/Build/Intermediates.noindex/TravelTap.build/Debug-iphonesimulator/TravelTap.build/swift-overrides.hmap -Xcc -iquote -Xcc /Users/erders/Library/Developer/Xcode/DerivedData/TravelTap-aoniybxgcgmexqcgzdslgsqiowxj/Build/Intermediates.noindex/TravelTap.build/Debug-iphonesimulator/TravelTap.build/TravelTap-generated-files.hmap -Xcc -I/Users/erders/Library/Developer/Xcode/DerivedData/TravelTap-aoniybxgcgmexqcgzdslgsqiowxj/Build/Intermediates.noindex/TravelTap.build/Debug-iphonesimulator/TravelTap.build/TravelTap-own-target-headers.hmap -Xcc -I/Users/erders/Library/Developer/Xcode/DerivedData/TravelTap-aoniybxgcgmexqcgzdslgsqiowxj/Build/Intermediates.noindex/TravelTap.build/Debug-iphonesimulator/TravelTap.build/TravelTap-all-target-headers.hmap -Xcc -iquote -Xcc /Users/erders/Library/Developer/Xcode/DerivedData/TravelTap-aoniybxgcgmexqcgzdslgsqiowxj/Build/Intermediates.noindex/TravelTap.build/Debug-iphonesimulator/TravelTap.build/TravelTap-project-headers.hmap -Xcc -I/Users/erders/Library/Developer/Xcode/DerivedData/TravelTap-aoniybxgcgmexqcgzdslgsqiowxj/Build/Products/Debug-iphonesimulator/include -Xcc -I/Users/erders/Library/Developer/Xcode/DerivedData/TravelTap-aoniybxgcgmexqcgzdslgsqiowxj/Build/Intermediates.noindex/TravelTap.build/Debug-iphonesimulator/TravelTap.build/DerivedSources-normal/arm64 -Xcc -I/Users/erders/Library/Developer/Xcode/DerivedData/TravelTap-aoniybxgcgmexqcgzdslgsqiowxj/Build/Intermediates.noindex/TravelTap.build/Debug-iphonesimulator/TravelTap.build/DerivedSources/arm64 -Xcc -I/Users/erders/Library/Developer/Xcode/DerivedData/TravelTap-aoniybxgcgmexqcgzdslgsqiowxj/Build/Intermediates.noindex/TravelTap.build/Debug-iphonesimulator/TravelTap.build/DerivedSources -Xcc -DDEBUG\=1 -no-auto-bridging-header-chaining -module-name TravelTap -frontend-parseable-output -disable-clang-spi -target-sdk-version 26.1 -target-sdk-name iphonesimulator26.1 -clang-target arm64-apple-ios26.1-simulator -in-process-plugin-server-path /Applications/Xcode.app/Contents/Developer/Toolchains/XcodeDefault.xctoolchain/usr/lib/swift/host/libSwiftInProcPluginServer.dylib -o /Users/erders/Library/Developer/Xcode/DerivedData/TravelTap-aoniybxgcgmexqcgzdslgsqiowxj/Build/Intermediates.noindex/TravelTap.build/Debug-iphonesimulator/TravelTap.build/Objects-normal/arm64/StThomasBeachesAttractions.o -o /Users/erders/Library/Developer/Xcode/DerivedData/TravelTap-aoniybxgcgmexqcgzdslgsqiowxj/Build/Intermediates.noindex/TravelTap.build/Debug-iphonesimulator/TravelTap.build/Objects-normal/arm64/USVIStJohnAttractions.o -o /Users/erders/Library/Developer/Xcode/DerivedData/TravelTap-aoniybxgcgmexqcgzdslgsqiowxj/Build/Intermediates.noindex/TravelTap.build/Debug-iphonesimulator/TravelTap.build/Objects-normal/arm64/WaterIslandAttractions.o -o /Users/erders/Library/Developer/Xcode/DerivedData/TravelTap-aoniybxgcgmexqcgzdslgsqiowxj/Build/Intermediates.noindex/TravelTap.build/Debug-iphonesimulator/TravelTap.build/Objects-normal/arm64/USVirginIslandsPackage.o -o /Users/erders/Library/Developer/Xcode/DerivedData/TravelTap-aoniybxgcgmexqcgzdslgsqiowxj/Build/Intermediates.noindex/TravelTap.build/Debug-iphonesimulator/TravelTap.build/Objects-normal/arm64/AlbaniaPackage.o -o /Users/erders/Library/Developer/Xcode/DerivedData/TravelTap-aoniybxgcgmexqcgzdslgsqiowxj/Build/Intermediates.noindex/TravelTap.build/Debug-iphonesimulator/TravelTap.build/Objects-normal/arm64/BeratAttractions.o -o /Users/erders/Library/Developer/Xcode/DerivedData/TravelTap-aoniybxgcgmexqcgzdslgsqiowxj/Build/Intermediates.noindex/TravelTap.build/Debug-iphonesimulator/TravelTap.build/Objects-normal/arm64/GjirokasterAttractions.o -o /Users/erders/Library/Developer/Xcode/DerivedData/TravelTap-aoniybxgcgmexqcgzdslgsqiowxj/Build/Intermediates.noindex/TravelTap.build/Debug-iphonesimulator/TravelTap.build/Objects-normal/arm64/SarandeAttractions.o -o /Users/erders/Library/Developer/Xcode/DerivedData/TravelTap-aoniybxgcgmexqcgzdslgsqiowxj/Build/Intermediates.noindex/TravelTap.build/Debug-iphonesimulator/TravelTap.build/Objects-normal/arm64/TiranaAttractions.o -o /Users/erders/Library/Developer/Xcode/DerivedData/TravelTap-aoniybxgcgmexqcgzdslgsqiowxj/Build/Intermediates.noindex/TravelTap.build/Debug-iphonesimulator/TravelTap.build/Objects-normal/arm64/AndorraPackage.o -o /Users/erders/Library/Developer/Xcode/DerivedData/TravelTap-aoniybxgcgmexqcgzdslgsqiowxj/Build/Intermediates.noindex/TravelTap.build/Debug-iphonesimulator/TravelTap.build/Objects-normal/arm64/AndorraLaVellaAttractions.o -o /Users/erders/Library/Developer/Xcode/DerivedData/TravelTap-aoniybxgcgmexqcgzdslgsqiowxj/Build/Intermediates.noindex/TravelTap.build/Debug-iphonesimulator/TravelTap.build/Objects-normal/arm64/EncampAttractions.o -o /Users/erders/Library/Developer/Xcode/DerivedData/TravelTap-aoniybxgcgmexqcgzdslgsqiowxj/Build/Intermediates.noindex/TravelTap.build/Debug-iphonesimulator/TravelTap.build/Objects-normal/arm64/AustriaPackage.o -o /Users/erders/Library/Developer/Xcode/DerivedData/TravelTap-aoniybxgcgmexqcgzdslgsqiowxj/Build/Intermediates.noindex/TravelTap.build/Debug-iphonesimulator/TravelTap.build/Objects-normal/arm64/ZellAmSeeAttractions.o -o /Users/erders/Library/Developer/Xcode/DerivedData/TravelTap-aoniybxgcgmexqcgzdslgsqiowxj/Build/Intermediates.noindex/TravelTap.build/Debug-iphonesimulator/TravelTap.build/Objects-normal/arm64/BadGasteinAttractions.o -o /Users/erders/Library/Developer/Xcode/DerivedData/TravelTap-aoniybxgcgmexqcgzdslgsqiowxj/Build/Intermediates.noindex/TravelTap.build/Debug-iphonesimulator/TravelTap.build/Objects-normal/arm64/KitzbuhelAttractions.o -o /Users/erders/Library/Developer/Xcode/DerivedData/TravelTap-aoniybxgcgmexqcgzdslgsqiowxj/Build/Intermediates.noindex/TravelTap.build/Debug-iphonesimulator/TravelTap.build/Objects-normal/arm64/StAntonAttractions.o -o /Users/erders/Library/Developer/Xcode/DerivedData/TravelTap-aoniybxgcgmexqcgzdslgsqiowxj/Build/Intermediates.noindex/TravelTap.build/Debug-iphonesimulator/TravelTap.build/Objects-normal/arm64/LechZursAttractions.o -o /Users/erders/Library/Developer/Xcode/DerivedData/TravelTap-aoniybxgcgmexqcgzdslgsqiowxj/Build/Intermediates.noindex/TravelTap.build/Debug-iphonesimulator/TravelTap.build/Objects-normal/arm64/WachauValleyAttractions.o -o /Users/erders/Library/Developer/Xcode/DerivedData/TravelTap-aoniybxgcgmexqcgzdslgsqiowxj/Build/Intermediates.noindex/TravelTap.build/Debug-iphonesimulator/TravelTap.build/Objects-normal/arm64/LinzAttractions.o -o /Users/erders/Library/Developer/Xcode/DerivedData/TravelTap-aoniybxgcgmexqcgzdslgsqiowxj/Build/Intermediates.noindex/TravelTap.build/Debug-iphonesimulator/TravelTap.build/Objects-normal/arm64/KlagenfurtAttractions.o -o /Users/erders/Library/Developer/Xcode/DerivedData/TravelTap-aoniybxgcgmexqcgzdslgsqiowxj/Build/Intermediates.noindex/TravelTap.build/Debug-iphonesimulator/TravelTap.build/Objects-normal/arm64/VillachAttractions.o -o /Users/erders/Library/Developer/Xcode/DerivedData/TravelTap-aoniybxgcgmexqcgzdslgsqiowxj/Build/Intermediates.noindex/TravelTap.build/Debug-iphonesimulator/TravelTap.build/Objects-normal/arm64/BregenzAttractions.o -o /Users/erders/Library/Developer/Xcode/DerivedData/TravelTap-aoniybxgcgmexqcgzdslgsqiowxj/Build/Intermediates.noindex/TravelTap.build/Debug-iphonesimulator/TravelTap.build/Objects-normal/arm64/SeefeldAttractions.o -o /Users/erders/Library/Developer/Xcode/DerivedData/TravelTap-aoniybxgcgmexqcgzdslgsqiowxj/Build/Intermediates.noindex/TravelTap.build/Debug-iphonesimulator/TravelTap.build/Objects-normal/arm64/MayrhofenAttractions.o -index-unit-output-path /TravelTap.build/Debug-iphonesimulator/TravelTap.build/Objects-normal/arm64/StThomasBeachesAttractions.o -index-unit-output-path /TravelTap.build/Debug-iphonesimulator/TravelTap.build/Objects-normal/arm64/USVIStJohnAttractions.o -index-unit-output-path /TravelTap.build/Debug-iphonesimulator/TravelTap.build/Objects-normal/arm64/WaterIslandAttractions.o -index-unit-output-path /TravelTap.build/Debug-iphonesimulator/TravelTap.build/Objects-normal/arm64/USVirginIslandsPackage.o -index-unit-output-path /TravelTap.build/Debug-iphonesimulator/TravelTap.build/Objects-normal/arm64/AlbaniaPackage.o -index-unit-output-path /TravelTap.build/Debug-iphonesimulator/TravelTap.build/Objects-normal/arm64/BeratAttractions.o -index-unit-output-path /TravelTap.build/Debug-iphonesimulator/TravelTap.build/Objects-normal/arm64/GjirokasterAttractions.o -index-unit-output-path /TravelTap.build/Debug-iphonesimulator/TravelTap.build/Objects-normal/arm64/SarandeAttractions.o -index-unit-output-path /TravelTap.build/Debug-iphonesimulator/TravelTap.build/Objects-normal/arm64/TiranaAttractions.o -index-unit-output-path /TravelTap.build/Debug-iphonesimulator/TravelTap.build/Objects-normal/arm64/AndorraPackage.o -index-unit-output-path /TravelTap.build/Debug-iphonesimulator/TravelTap.build/Objects-normal/arm64/AndorraLaVellaAttractions.o -index-unit-output-path /TravelTap.build/Debug-iphonesimulator/TravelTap.build/Objects-normal/arm64/EncampAttractions.o -index-unit-output-path /TravelTap.build/Debug-iphonesimulator/TravelTap.build/Objects-normal/arm64/AustriaPackage.o -index-unit-output-path /TravelTap.build/Debug-iphonesimulator/TravelTap.build/Objects-normal/arm64/ZellAmSeeAttractions.o -index-unit-output-path /TravelTap.build/Debug-iphonesimulator/TravelTap.build/Objects-normal/arm64/BadGasteinAttractions.o -index-unit-output-path /TravelTap.build/Debug-iphonesimulator/TravelTap.build/Objects-normal/arm64/KitzbuhelAttractions.o -index-unit-output-path /TravelTap.build/Debug-iphonesimulator/TravelTap.build/Objects-normal/arm64/StAntonAttractions.o -index-unit-output-path /TravelTap.build/Debug-iphonesimulator/TravelTap.build/Objects-normal/arm64/LechZursAttractions.o -index-unit-output-path /TravelTap.build/Debug-iphonesimulator/TravelTap.build/Objects-normal/arm64/WachauValleyAttractions.o -index-unit-output-path /TravelTap.build/Debug-iphonesimulator/TravelTap.build/Objects-normal/arm64/LinzAttractions.o -index-unit-output-path /TravelTap.build/Debug-iphonesimulator/TravelTap.build/Objects-normal/arm64/KlagenfurtAttractions.o -index-unit-output-path /TravelTap.build/Debug-iphonesimulator/TravelTap.build/Objects-normal/arm64/VillachAttractions.o -index-unit-output-path /TravelTap.build/Debug-iphonesimulator/TravelTap.build/Objects-normal/arm64/BregenzAttractions.o -index-unit-output-path /TravelTap.build/Debug-iphonesimulator/TravelTap.build/Objects-normal/arm64/SeefeldAttractions.o -index-unit-output-path /TravelTap.build/Debug-iphonesimulator/TravelTap.build/Objects-normal/arm64/MayrhofenAttractions.o -index-store-path /Users/erders/Library/Developer/Xcode/DerivedData/TravelTap-aoniybxgcgmexqcgzdslgsqiowxj/Index.noindex/DataStore -index-system-modules

SwiftCompile normal arm64 /Users/erders/Documents/TravelTap/TravelTap/Data/Countries/CentralAmerica/USVirginIslands/Cities/StThomasBeachesAttractions.swift (in target 'TravelTap' from project 'TravelTap')
    cd /Users/erders/Documents/TravelTap
    

SwiftCompile normal arm64 /Users/erders/Documents/TravelTap/TravelTap/Data/Countries/CentralAmerica/USVirginIslands/Cities/USVIStJohnAttractions.swift (in target 'TravelTap' from project 'TravelTap')
    cd /Users/erders/Documents/TravelTap
    

SwiftCompile normal arm64 /Users/erders/Documents/TravelTap/TravelTap/Data/Countries/CentralAmerica/USVirginIslands/Cities/WaterIslandAttractions.swift (in target 'TravelTap' from project 'TravelTap')
    cd /Users/erders/Documents/TravelTap
    

SwiftCompile normal arm64 /Users/erders/Documents/TravelTap/TravelTap/Data/Countries/CentralAmerica/USVirginIslands/USVirginIslandsPackage.swift (in target 'TravelTap' from project 'TravelTap')
    cd /Users/erders/Documents/TravelTap
    

SwiftCompile normal arm64 /Users/erders/Documents/TravelTap/TravelTap/Data/Countries/Europe/Albania/AlbaniaPackage.swift (in target 'TravelTap' from project 'TravelTap')
    cd /Users/erders/Documents/TravelTap
    

SwiftCompile normal arm64 /Users/erders/Documents/TravelTap/TravelTap/Data/Countries/Europe/Albania/Cities/BeratAttractions.swift (in target 'TravelTap' from project 'TravelTap')
    cd /Users/erders/Documents/TravelTap
    

SwiftCompile normal arm64 /Users/erders/Documents/TravelTap/TravelTap/Data/Countries/Europe/Albania/Cities/GjirokasterAttractions.swift (in target 'TravelTap' from project 'TravelTap')
    cd /Users/erders/Documents/TravelTap
    

SwiftCompile normal arm64 /Users/erders/Documents/TravelTap/TravelTap/Data/Countries/Europe/Albania/Cities/SarandeAttractions.swift (in target 'TravelTap' from project 'TravelTap')
    cd /Users/erders/Documents/TravelTap
    

SwiftCompile normal arm64 /Users/erders/Documents/TravelTap/TravelTap/Data/Countries/Europe/Albania/Cities/TiranaAttractions.swift (in target 'TravelTap' from project 'TravelTap')
    cd /Users/erders/Documents/TravelTap
    

SwiftCompile normal arm64 /Users/erders/Documents/TravelTap/TravelTap/Data/Countries/Europe/Andorra/AndorraPackage.swift (in target 'TravelTap' from project 'TravelTap')
    cd /Users/erders/Documents/TravelTap
    

SwiftCompile normal arm64 /Users/erders/Documents/TravelTap/TravelTap/Data/Countries/Europe/Andorra/Cities/AndorraLaVellaAttractions.swift (in target 'TravelTap' from project 'TravelTap')
    cd /Users/erders/Documents/TravelTap
    

SwiftCompile normal arm64 /Users/erders/Documents/TravelTap/TravelTap/Data/Countries/Europe/Andorra/Cities/EncampAttractions.swift (in target 'TravelTap' from project 'TravelTap')
    cd /Users/erders/Documents/TravelTap
    

SwiftCompile normal arm64 /Users/erders/Documents/TravelTap/TravelTap/Data/Countries/Europe/Austria/AustriaPackage.swift (in target 'TravelTap' from project 'TravelTap')
    cd /Users/erders/Documents/TravelTap
    

SwiftCompile normal arm64 /Users/erders/Documents/TravelTap/TravelTap/Data/Countries/Europe/Austria/Cities/ZellAmSeeAttractions.swift (in target 'TravelTap' from project 'TravelTap')
    cd /Users/erders/Documents/TravelTap
    

SwiftCompile normal arm64 /Users/erders/Documents/TravelTap/TravelTap/Data/Countries/Europe/Austria/Cities/BadGasteinAttractions.swift (in target 'TravelTap' from project 'TravelTap')
    cd /Users/erders/Documents/TravelTap
    

SwiftCompile normal arm64 /Users/erders/Documents/TravelTap/TravelTap/Data/Countries/Europe/Austria/Cities/KitzbuhelAttractions.swift (in target 'TravelTap' from project 'TravelTap')
    cd /Users/erders/Documents/TravelTap
    
/Users/erders/Documents/TravelTap/TravelTap/Data/Countries/Europe/Austria/Cities/KitzbuhelAttractions.swift:110:24: error: type 'AttractionCategory' has no member 'nature'
            category: .nature,
                      ~^~~~~~

SwiftCompile normal arm64 /Users/erders/Documents/TravelTap/TravelTap/Data/Countries/Europe/Austria/Cities/StAntonAttractions.swift (in target 'TravelTap' from project 'TravelTap')
    cd /Users/erders/Documents/TravelTap
    

SwiftCompile normal arm64 /Users/erders/Documents/TravelTap/TravelTap/Data/Countries/Europe/Austria/Cities/LechZursAttractions.swift (in target 'TravelTap' from project 'TravelTap')
    cd /Users/erders/Documents/TravelTap
    

SwiftCompile normal arm64 /Users/erders/Documents/TravelTap/TravelTap/Data/Countries/Europe/Austria/Cities/WachauValleyAttractions.swift (in target 'TravelTap' from project 'TravelTap')
    cd /Users/erders/Documents/TravelTap
    

SwiftCompile normal arm64 /Users/erders/Documents/TravelTap/TravelTap/Data/Countries/Europe/Austria/Cities/LinzAttractions.swift (in target 'TravelTap' from project 'TravelTap')
    cd /Users/erders/Documents/TravelTap
    

SwiftCompile normal arm64 /Users/erders/Documents/TravelTap/TravelTap/Data/Countries/Europe/Austria/Cities/KlagenfurtAttractions.swift (in target 'TravelTap' from project 'TravelTap')
    cd /Users/erders/Documents/TravelTap
    

SwiftCompile normal arm64 /Users/erders/Documents/TravelTap/TravelTap/Data/Countries/Europe/Austria/Cities/VillachAttractions.swift (in target 'TravelTap' from project 'TravelTap')
    cd /Users/erders/Documents/TravelTap
    

SwiftCompile normal arm64 /Users/erders/Documents/TravelTap/TravelTap/Data/Countries/Europe/Austria/Cities/BregenzAttractions.swift (in target 'TravelTap' from project 'TravelTap')
    cd /Users/erders/Documents/TravelTap
    

SwiftCompile normal arm64 /Users/erders/Documents/TravelTap/TravelTap/Data/Countries/Europe/Austria/Cities/SeefeldAttractions.swift (in target 'TravelTap' from project 'TravelTap')
    cd /Users/erders/Documents/TravelTap
    

SwiftCompile normal arm64 /Users/erders/Documents/TravelTap/TravelTap/Data/Countries/Europe/Austria/Cities/MayrhofenAttractions.swift (in target 'TravelTap' from project 'TravelTap')
    cd /Users/erders/Documents/TravelTap
    

SwiftDriverJobDiscovery normal arm64 Compiling SamalIslandAttractions.swift, ViganAttractions.swift, SibongaAttractions.swift, LeyteAttractions.swift, BaguioAttractions.swift, SiquijorAttractions.swift, BanaueAttractions.swift, MakatiAttractions.swift, PagudpudAttractions.swift, BusuangaAttractions.swift, PangasinanAttractions.swift, DumagueteAttractions.swift, PanglaoAttractions.swift, SubicAttractions.swift, PhuQuocAttractions.swift, NinhBinhAttractions.swift, DaNangAttractions.swift, DaLatAttractions.swift, NhaTrangAttractions.swift, MuiNeAttractions.swift, HaLongBayAttractions.swift, PhongNhaAttractions.swift, QuyNhonAttractions.swift, ConDaoAttractions.swift, HoiAnAttractions.swift (in target 'TravelTap' from project 'TravelTap')

SwiftCompile normal arm64 Compiling\ BoqueteAttractions.swift,\ ColonAttractions.swift,\ DarienAttractions.swift,\ ElValleAttractions.swift,\ PanamaCityAttractions.swift,\ PearlIslandsAttractions.swift,\ SanBlasAttractions.swift,\ PanamaPackage.swift,\ CaboRojoAttractions.swift,\ CulebraAttractions.swift,\ ElYunqueAttractions.swift,\ FajardoAttractions.swift,\ PonceAttractions.swift,\ RinconAttractions.swift,\ SanJuanAttractions.swift,\ ViequesAttractions.swift,\ PuertoRicoPackage.swift,\ AnseLaRayeAttractions.swift,\ CastriesAttractions.swift,\ DenneryAttractions.swift,\ GrosIsletAttractions.swift,\ LaborieAttractions.swift,\ MarigotBayAttractions.swift,\ SoufrièreAttractions.swift,\ VieuxFortAttractions.swift /Users/erders/Documents/TravelTap/TravelTap/Data/Countries/CentralAmerica/Panama/Cities/BoqueteAttractions.swift /Users/erders/Documents/TravelTap/TravelTap/Data/Countries/CentralAmerica/Panama/Cities/ColonAttractions.swift /Users/erders/Documents/TravelTap/TravelTap/Data/Countries/CentralAmerica/Panama/Cities/DarienAttractions.swift /Users/erders/Documents/TravelTap/TravelTap/Data/Countries/CentralAmerica/Panama/Cities/ElValleAttractions.swift /Users/erders/Documents/TravelTap/TravelTap/Data/Countries/CentralAmerica/Panama/Cities/PanamaCityAttractions.swift /Users/erders/Documents/TravelTap/TravelTap/Data/Countries/CentralAmerica/Panama/Cities/PearlIslandsAttractions.swift /Users/erders/Documents/TravelTap/TravelTap/Data/Countries/CentralAmerica/Panama/Cities/SanBlasAttractions.swift /Users/erders/Documents/TravelTap/TravelTap/Data/Countries/CentralAmerica/Panama/PanamaPackage.swift /Users/erders/Documents/TravelTap/TravelTap/Data/Countries/CentralAmerica/PuertoRico/Cities/CaboRojoAttractions.swift /Users/erders/Documents/TravelTap/TravelTap/Data/Countries/CentralAmerica/PuertoRico/Cities/CulebraAttractions.swift /Users/erders/Documents/TravelTap/TravelTap/Data/Countries/CentralAmerica/PuertoRico/Cities/ElYunqueAttractions.swift /Users/erders/Documents/TravelTap/TravelTap/Data/Countries/CentralAmerica/PuertoRico/Cities/FajardoAttractions.swift /Users/erders/Documents/TravelTap/TravelTap/Data/Countries/CentralAmerica/PuertoRico/Cities/PonceAttractions.swift /Users/erders/Documents/TravelTap/TravelTap/Data/Countries/CentralAmerica/PuertoRico/Cities/RinconAttractions.swift /Users/erders/Documents/TravelTap/TravelTap/Data/Countries/CentralAmerica/PuertoRico/Cities/SanJuanAttractions.swift /Users/erders/Documents/TravelTap/TravelTap/Data/Countries/CentralAmerica/PuertoRico/Cities/ViequesAttractions.swift /Users/erders/Documents/TravelTap/TravelTap/Data/Countries/CentralAmerica/PuertoRico/PuertoRicoPackage.swift /Users/erders/Documents/TravelTap/TravelTap/Data/Countries/CentralAmerica/SaintLucia/Cities/AnseLaRayeAttractions.swift /Users/erders/Documents/TravelTap/TravelTap/Data/Countries/CentralAmerica/SaintLucia/Cities/CastriesAttractions.swift /Users/erders/Documents/TravelTap/TravelTap/Data/Countries/CentralAmerica/SaintLucia/Cities/DenneryAttractions.swift /Users/erders/Documents/TravelTap/TravelTap/Data/Countries/CentralAmerica/SaintLucia/Cities/GrosIsletAttractions.swift /Users/erders/Documents/TravelTap/TravelTap/Data/Countries/CentralAmerica/SaintLucia/Cities/LaborieAttractions.swift /Users/erders/Documents/TravelTap/TravelTap/Data/Countries/CentralAmerica/SaintLucia/Cities/MarigotBayAttractions.swift /Users/erders/Documents/TravelTap/TravelTap/Data/Countries/CentralAmerica/SaintLucia/Cities/SoufrièreAttractions.swift /Users/erders/Documents/TravelTap/TravelTap/Data/Countries/CentralAmerica/SaintLucia/Cities/VieuxFortAttractions.swift (in target 'TravelTap' from project 'TravelTap')

SwiftCompile normal arm64 /Users/erders/Documents/TravelTap/TravelTap/Data/Countries/CentralAmerica/Panama/Cities/BoqueteAttractions.swift (in target 'TravelTap' from project 'TravelTap')
    cd /Users/erders/Documents/TravelTap
    

SwiftCompile normal arm64 /Users/erders/Documents/TravelTap/TravelTap/Data/Countries/CentralAmerica/Panama/Cities/ColonAttractions.swift (in target 'TravelTap' from project 'TravelTap')
    cd /Users/erders/Documents/TravelTap
    

SwiftCompile normal arm64 /Users/erders/Documents/TravelTap/TravelTap/Data/Countries/CentralAmerica/Panama/Cities/DarienAttractions.swift (in target 'TravelTap' from project 'TravelTap')
    cd /Users/erders/Documents/TravelTap
    

SwiftCompile normal arm64 /Users/erders/Documents/TravelTap/TravelTap/Data/Countries/CentralAmerica/Panama/Cities/ElValleAttractions.swift (in target 'TravelTap' from project 'TravelTap')
    cd /Users/erders/Documents/TravelTap
    

SwiftCompile normal arm64 /Users/erders/Documents/TravelTap/TravelTap/Data/Countries/CentralAmerica/Panama/Cities/PanamaCityAttractions.swift (in target 'TravelTap' from project 'TravelTap')
    cd /Users/erders/Documents/TravelTap
    

SwiftCompile normal arm64 /Users/erders/Documents/TravelTap/TravelTap/Data/Countries/CentralAmerica/Panama/Cities/PearlIslandsAttractions.swift (in target 'TravelTap' from project 'TravelTap')
    cd /Users/erders/Documents/TravelTap
    

SwiftCompile normal arm64 /Users/erders/Documents/TravelTap/TravelTap/Data/Countries/CentralAmerica/Panama/Cities/SanBlasAttractions.swift (in target 'TravelTap' from project 'TravelTap')
    cd /Users/erders/Documents/TravelTap
    

SwiftCompile normal arm64 /Users/erders/Documents/TravelTap/TravelTap/Data/Countries/CentralAmerica/Panama/PanamaPackage.swift (in target 'TravelTap' from project 'TravelTap')
    cd /Users/erders/Documents/TravelTap
    

SwiftCompile normal arm64 /Users/erders/Documents/TravelTap/TravelTap/Data/Countries/CentralAmerica/PuertoRico/Cities/CaboRojoAttractions.swift (in target 'TravelTap' from project 'TravelTap')
    cd /Users/erders/Documents/TravelTap
    

SwiftCompile normal arm64 /Users/erders/Documents/TravelTap/TravelTap/Data/Countries/CentralAmerica/PuertoRico/Cities/CulebraAttractions.swift (in target 'TravelTap' from project 'TravelTap')
    cd /Users/erders/Documents/TravelTap
    

SwiftCompile normal arm64 /Users/erders/Documents/TravelTap/TravelTap/Data/Countries/CentralAmerica/PuertoRico/Cities/ElYunqueAttractions.swift (in target 'TravelTap' from project 'TravelTap')
    cd /Users/erders/Documents/TravelTap
    

SwiftCompile normal arm64 /Users/erders/Documents/TravelTap/TravelTap/Data/Countries/CentralAmerica/PuertoRico/Cities/FajardoAttractions.swift (in target 'TravelTap' from project 'TravelTap')
    cd /Users/erders/Documents/TravelTap
    

SwiftCompile normal arm64 /Users/erders/Documents/TravelTap/TravelTap/Data/Countries/CentralAmerica/PuertoRico/Cities/PonceAttractions.swift (in target 'TravelTap' from project 'TravelTap')
    cd /Users/erders/Documents/TravelTap
    

SwiftCompile normal arm64 /Users/erders/Documents/TravelTap/TravelTap/Data/Countries/CentralAmerica/PuertoRico/Cities/RinconAttractions.swift (in target 'TravelTap' from project 'TravelTap')
    cd /Users/erders/Documents/TravelTap
    

SwiftCompile normal arm64 /Users/erders/Documents/TravelTap/TravelTap/Data/Countries/CentralAmerica/PuertoRico/Cities/SanJuanAttractions.swift (in target 'TravelTap' from project 'TravelTap')
    cd /Users/erders/Documents/TravelTap
    

SwiftCompile normal arm64 /Users/erders/Documents/TravelTap/TravelTap/Data/Countries/CentralAmerica/PuertoRico/Cities/ViequesAttractions.swift (in target 'TravelTap' from project 'TravelTap')
    cd /Users/erders/Documents/TravelTap
    

SwiftCompile normal arm64 /Users/erders/Documents/TravelTap/TravelTap/Data/Countries/CentralAmerica/PuertoRico/PuertoRicoPackage.swift (in target 'TravelTap' from project 'TravelTap')
    cd /Users/erders/Documents/TravelTap
    

SwiftCompile normal arm64 /Users/erders/Documents/TravelTap/TravelTap/Data/Countries/CentralAmerica/SaintLucia/Cities/AnseLaRayeAttractions.swift (in target 'TravelTap' from project 'TravelTap')
    cd /Users/erders/Documents/TravelTap
    

SwiftCompile normal arm64 /Users/erders/Documents/TravelTap/TravelTap/Data/Countries/CentralAmerica/SaintLucia/Cities/CastriesAttractions.swift (in target 'TravelTap' from project 'TravelTap')
    cd /Users/erders/Documents/TravelTap
    

SwiftCompile normal arm64 /Users/erders/Documents/TravelTap/TravelTap/Data/Countries/CentralAmerica/SaintLucia/Cities/DenneryAttractions.swift (in target 'TravelTap' from project 'TravelTap')
    cd /Users/erders/Documents/TravelTap
    

SwiftCompile normal arm64 /Users/erders/Documents/TravelTap/TravelTap/Data/Countries/CentralAmerica/SaintLucia/Cities/GrosIsletAttractions.swift (in target 'TravelTap' from project 'TravelTap')
    cd /Users/erders/Documents/TravelTap
    

SwiftCompile normal arm64 /Users/erders/Documents/TravelTap/TravelTap/Data/Countries/CentralAmerica/SaintLucia/Cities/LaborieAttractions.swift (in target 'TravelTap' from project 'TravelTap')
    cd /Users/erders/Documents/TravelTap
    

SwiftCompile normal arm64 /Users/erders/Documents/TravelTap/TravelTap/Data/Countries/CentralAmerica/SaintLucia/Cities/MarigotBayAttractions.swift (in target 'TravelTap' from project 'TravelTap')
    cd /Users/erders/Documents/TravelTap
    

SwiftCompile normal arm64 /Users/erders/Documents/TravelTap/TravelTap/Data/Countries/CentralAmerica/SaintLucia/Cities/SoufrièreAttractions.swift (in target 'TravelTap' from project 'TravelTap')
    cd /Users/erders/Documents/TravelTap
    

SwiftCompile normal arm64 /Users/erders/Documents/TravelTap/TravelTap/Data/Countries/CentralAmerica/SaintLucia/Cities/VieuxFortAttractions.swift (in target 'TravelTap' from project 'TravelTap')
    cd /Users/erders/Documents/TravelTap
    

SwiftDriverJobDiscovery normal arm64 Compiling GeorgiaPackage.swift, AlmatyAttractions.swift, AstanaAttractions.swift, TurkestanAttractions.swift, KazakhstanPackage.swift, BishkekAttractions.swift, KarakolAttractions.swift, NarynAttractions.swift, OshAttractions.swift, KyrgyzstanPackage.swift, AshgabatAttractions.swift, DarvazaAttractions.swift, KunyaUrgenchAttractions.swift, MaryAttractions.swift, YangykalaAttractions.swift, TurkmenistanPackage.swift, BukharaAttractions.swift, KhivaAttractions.swift, NukusAttractions.swift, SamarkandAttractions.swift, ShakhrisabzAttractions.swift, TashkentAttractions.swift, ZaaminAttractions.swift, UzbekistanPackage.swift, ChinaPackage.swift (in target 'TravelTap' from project 'TravelTap')

SwiftCompile normal arm64 Compiling\ MalagaAttractions.swift,\ LeonAttractions.swift,\ ESPMeridaAttractions.swift,\ ESPCuencaAttractions.swift,\ ESPLeonAttractions.swift,\ CuencaAttractions.swift,\ MeridaAttractions.swift,\ PalermoAttractions.swift,\ AssisiAttractions.swift,\ ParmaAttractions.swift,\ AgrigentoAttractions.swift,\ BolognaAttractions.swift,\ SardiniaAttractions.swift,\ LakeComoAttractions.swift,\ CefaluAttractions.swift,\ SanGimignanoAttractions.swift,\ AeolianIslandsAttractions.swift,\ FerraraAttractions.swift,\ LecceAttractions.swift,\ RavennaAttractions.swift,\ SyracuseAttractions.swift,\ TaorminaAttractions.swift,\ BariAttractions.swift,\ CataniaAttractions.swift,\ TurinAttractions.swift /Users/erders/Documents/TravelTap/TravelTap/Data/Countries/Europe/Spain/Cities/MalagaAttractions.swift /Users/erders/Documents/TravelTap/TravelTap/Data/Countries/CentralAmerica/Nicaragua/Cities/LeonAttractions.swift /Users/erders/Documents/TravelTap/TravelTap/Data/Countries/Europe/Spain/Cities/ESPMeridaAttractions.swift /Users/erders/Documents/TravelTap/TravelTap/Data/Countries/Europe/Spain/Cities/ESPCuencaAttractions.swift /Users/erders/Documents/TravelTap/TravelTap/Data/Countries/Europe/Spain/Cities/ESPLeonAttractions.swift /Users/erders/Documents/TravelTap/TravelTap/Data/Countries/SouthAmerica/Ecuador/Cities/CuencaAttractions.swift /Users/erders/Documents/TravelTap/TravelTap/Data/Countries/SouthAmerica/Venezuela/Cities/MeridaAttractions.swift /Users/erders/Documents/TravelTap/TravelTap/Data/Countries/Europe/Italy/Cities/PalermoAttractions.swift /Users/erders/Documents/TravelTap/TravelTap/Data/Countries/Europe/Italy/Cities/AssisiAttractions.swift /Users/erders/Documents/TravelTap/TravelTap/Data/Countries/Europe/Italy/Cities/ParmaAttractions.swift /Users/erders/Documents/TravelTap/TravelTap/Data/Countries/Europe/Italy/Cities/AgrigentoAttractions.swift /Users/erders/Documents/TravelTap/TravelTap/Data/Countries/Europe/Italy/Cities/BolognaAttractions.swift /Users/erders/Documents/TravelTap/TravelTap/Data/Countries/Europe/Italy/Cities/SardiniaAttractions.swift /Users/erders/Documents/TravelTap/TravelTap/Data/Countries/Europe/Italy/Cities/LakeComoAttractions.swift /Users/erders/Documents/TravelTap/TravelTap/Data/Countries/Europe/Italy/Cities/CefaluAttractions.swift /Users/erders/Documents/TravelTap/TravelTap/Data/Countries/Europe/Italy/Cities/SanGimignanoAttractions.swift /Users/erders/Documents/TravelTap/TravelTap/Data/Countries/Europe/Italy/Cities/AeolianIslandsAttractions.swift /Users/erders/Documents/TravelTap/TravelTap/Data/Countries/Europe/Italy/Cities/FerraraAttractions.swift /Users/erders/Documents/TravelTap/TravelTap/Data/Countries/Europe/Italy/Cities/LecceAttractions.swift /Users/erders/Documents/TravelTap/TravelTap/Data/Countries/Europe/Italy/Cities/RavennaAttractions.swift /Users/erders/Documents/TravelTap/TravelTap/Data/Countries/Europe/Italy/Cities/SyracuseAttractions.swift /Users/erders/Documents/TravelTap/TravelTap/Data/Countries/Europe/Italy/Cities/TaorminaAttractions.swift /Users/erders/Documents/TravelTap/TravelTap/Data/Countries/Europe/Italy/Cities/BariAttractions.swift /Users/erders/Documents/TravelTap/TravelTap/Data/Countries/Europe/Italy/Cities/CataniaAttractions.swift /Users/erders/Documents/TravelTap/TravelTap/Data/Countries/Europe/Italy/Cities/TurinAttractions.swift (in target 'TravelTap' from project 'TravelTap')

SwiftCompile normal arm64 /Users/erders/Documents/TravelTap/TravelTap/Data/Countries/Europe/Spain/Cities/MalagaAttractions.swift (in target 'TravelTap' from project 'TravelTap')
    cd /Users/erders/Documents/TravelTap
    

SwiftCompile normal arm64 /Users/erders/Documents/TravelTap/TravelTap/Data/Countries/CentralAmerica/Nicaragua/Cities/LeonAttractions.swift (in target 'TravelTap' from project 'TravelTap')
    cd /Users/erders/Documents/TravelTap
    

SwiftCompile normal arm64 /Users/erders/Documents/TravelTap/TravelTap/Data/Countries/Europe/Spain/Cities/ESPMeridaAttractions.swift (in target 'TravelTap' from project 'TravelTap')
    cd /Users/erders/Documents/TravelTap
    

SwiftCompile normal arm64 /Users/erders/Documents/TravelTap/TravelTap/Data/Countries/Europe/Spain/Cities/ESPCuencaAttractions.swift (in target 'TravelTap' from project 'TravelTap')
    cd /Users/erders/Documents/TravelTap
    

SwiftCompile normal arm64 /Users/erders/Documents/TravelTap/TravelTap/Data/Countries/Europe/Spain/Cities/ESPLeonAttractions.swift (in target 'TravelTap' from project 'TravelTap')
    cd /Users/erders/Documents/TravelTap
    

SwiftCompile normal arm64 /Users/erders/Documents/TravelTap/TravelTap/Data/Countries/SouthAmerica/Ecuador/Cities/CuencaAttractions.swift (in target 'TravelTap' from project 'TravelTap')
    cd /Users/erders/Documents/TravelTap
    

SwiftCompile normal arm64 /Users/erders/Documents/TravelTap/TravelTap/Data/Countries/SouthAmerica/Venezuela/Cities/MeridaAttractions.swift (in target 'TravelTap' from project 'TravelTap')
    cd /Users/erders/Documents/TravelTap
    

SwiftCompile normal arm64 /Users/erders/Documents/TravelTap/TravelTap/Data/Countries/Europe/Italy/Cities/PalermoAttractions.swift (in target 'TravelTap' from project 'TravelTap')
    cd /Users/erders/Documents/TravelTap
    

SwiftCompile normal arm64 /Users/erders/Documents/TravelTap/TravelTap/Data/Countries/Europe/Italy/Cities/AssisiAttractions.swift (in target 'TravelTap' from project 'TravelTap')
    cd /Users/erders/Documents/TravelTap
    

SwiftCompile normal arm64 /Users/erders/Documents/TravelTap/TravelTap/Data/Countries/Europe/Italy/Cities/ParmaAttractions.swift (in target 'TravelTap' from project 'TravelTap')
    cd /Users/erders/Documents/TravelTap
    

SwiftCompile normal arm64 /Users/erders/Documents/TravelTap/TravelTap/Data/Countries/Europe/Italy/Cities/AgrigentoAttractions.swift (in target 'TravelTap' from project 'TravelTap')
    cd /Users/erders/Documents/TravelTap
    

SwiftCompile normal arm64 /Users/erders/Documents/TravelTap/TravelTap/Data/Countries/Europe/Italy/Cities/BolognaAttractions.swift (in target 'TravelTap' from project 'TravelTap')
    cd /Users/erders/Documents/TravelTap
    

SwiftCompile normal arm64 /Users/erders/Documents/TravelTap/TravelTap/Data/Countries/Europe/Italy/Cities/SardiniaAttractions.swift (in target 'TravelTap' from project 'TravelTap')
    cd /Users/erders/Documents/TravelTap
    

SwiftCompile normal arm64 /Users/erders/Documents/TravelTap/TravelTap/Data/Countries/Europe/Italy/Cities/LakeComoAttractions.swift (in target 'TravelTap' from project 'TravelTap')
    cd /Users/erders/Documents/TravelTap
    

SwiftCompile normal arm64 /Users/erders/Documents/TravelTap/TravelTap/Data/Countries/Europe/Italy/Cities/CefaluAttractions.swift (in target 'TravelTap' from project 'TravelTap')
    cd /Users/erders/Documents/TravelTap
    

SwiftCompile normal arm64 /Users/erders/Documents/TravelTap/TravelTap/Data/Countries/Europe/Italy/Cities/SanGimignanoAttractions.swift (in target 'TravelTap' from project 'TravelTap')
    cd /Users/erders/Documents/TravelTap
    

SwiftCompile normal arm64 /Users/erders/Documents/TravelTap/TravelTap/Data/Countries/Europe/Italy/Cities/AeolianIslandsAttractions.swift (in target 'TravelTap' from project 'TravelTap')
    cd /Users/erders/Documents/TravelTap
    

SwiftCompile normal arm64 /Users/erders/Documents/TravelTap/TravelTap/Data/Countries/Europe/Italy/Cities/FerraraAttractions.swift (in target 'TravelTap' from project 'TravelTap')
    cd /Users/erders/Documents/TravelTap
    

SwiftCompile normal arm64 /Users/erders/Documents/TravelTap/TravelTap/Data/Countries/Europe/Italy/Cities/LecceAttractions.swift (in target 'TravelTap' from project 'TravelTap')
    cd /Users/erders/Documents/TravelTap
    

SwiftCompile normal arm64 /Users/erders/Documents/TravelTap/TravelTap/Data/Countries/Europe/Italy/Cities/RavennaAttractions.swift (in target 'TravelTap' from project 'TravelTap')
    cd /Users/erders/Documents/TravelTap
    

SwiftCompile normal arm64 /Users/erders/Documents/TravelTap/TravelTap/Data/Countries/Europe/Italy/Cities/SyracuseAttractions.swift (in target 'TravelTap' from project 'TravelTap')
    cd /Users/erders/Documents/TravelTap
    

SwiftCompile normal arm64 /Users/erders/Documents/TravelTap/TravelTap/Data/Countries/Europe/Italy/Cities/TaorminaAttractions.swift (in target 'TravelTap' from project 'TravelTap')
    cd /Users/erders/Documents/TravelTap
    

SwiftCompile normal arm64 /Users/erders/Documents/TravelTap/TravelTap/Data/Countries/Europe/Italy/Cities/BariAttractions.swift (in target 'TravelTap' from project 'TravelTap')
    cd /Users/erders/Documents/TravelTap
    

SwiftCompile normal arm64 /Users/erders/Documents/TravelTap/TravelTap/Data/Countries/Europe/Italy/Cities/CataniaAttractions.swift (in target 'TravelTap' from project 'TravelTap')
    cd /Users/erders/Documents/TravelTap
    

SwiftCompile normal arm64 /Users/erders/Documents/TravelTap/TravelTap/Data/Countries/Europe/Italy/Cities/TurinAttractions.swift (in target 'TravelTap' from project 'TravelTap')
    cd /Users/erders/Documents/TravelTap
    

SwiftDriverJobDiscovery normal arm64 Compiling ViandenAttractions.swift, LuxembourgPackage.swift, MaltaVictoriaAttractions.swift, MarsaxlokkAttractions.swift, MdinaAttractions.swift, StJuliansAttractions.swift, VallettaAttractions.swift, MaltaPackage.swift, ChisinauAttractions.swift, CricovaAttractions.swift, OrheiulVechiAttractions.swift, TiraspolAttractions.swift, MoldovaPackage.swift, FontvieilleAttractions.swift, MonacoVilleAttractions.swift, MonteCarloAttractions.swift, MonacoPackage.swift, BudvaAttractions.swift, KotorAttractions.swift, PerastAttractions.swift, PodgoricaAttractions.swift, ZabljakAttractions.swift, MontenegroPackage.swift, AmsterdamAttractions.swift, EindhovenAttractions.swift (in target 'TravelTap' from project 'TravelTap')

SwiftCompile normal arm64 Compiling\ NewZealandPackage.swift,\ BabeldaobAttractions.swift,\ KororAttractions.swift,\ RockIslandsAttractions.swift,\ PalauPackage.swift,\ IslandsAttractions.swift,\ MomaseAttractions.swift,\ PortMoresbyAttractions.swift,\ SouthernAttractions.swift,\ PapuaNewGuineaPackage.swift,\ ApiaAttractions.swift,\ SavaiiAttractions.swift,\ UpoluAttractions.swift,\ SamoaPackage.swift,\ CentralProvinceAttractions.swift,\ GuadalcanalAttractions.swift,\ HoniaraAttractions.swift,\ WesternProvinceAttractions.swift,\ SolomonIslandsPackage.swift,\ EuaAttractions.swift,\ HaapaiAttractions.swift,\ NukualofaAttractions.swift,\ TongatapuAttractions.swift,\ VavauAttractions.swift,\ TongaPackage.swift /Users/erders/Documents/TravelTap/TravelTap/Data/Countries/Oceania/NewZealand/NewZealandPackage.swift /Users/erders/Documents/TravelTap/TravelTap/Data/Countries/Oceania/Palau/Cities/BabeldaobAttractions.swift /Users/erders/Documents/TravelTap/TravelTap/Data/Countries/Oceania/Palau/Cities/KororAttractions.swift /Users/erders/Documents/TravelTap/TravelTap/Data/Countries/Oceania/Palau/Cities/RockIslandsAttractions.swift /Users/erders/Documents/TravelTap/TravelTap/Data/Countries/Oceania/Palau/PalauPackage.swift /Users/erders/Documents/TravelTap/TravelTap/Data/Countries/Oceania/PapuaNewGuinea/Cities/IslandsAttractions.swift /Users/erders/Documents/TravelTap/TravelTap/Data/Countries/Oceania/PapuaNewGuinea/Cities/MomaseAttractions.swift /Users/erders/Documents/TravelTap/TravelTap/Data/Countries/Oceania/PapuaNewGuinea/Cities/PortMoresbyAttractions.swift /Users/erders/Documents/TravelTap/TravelTap/Data/Countries/Oceania/PapuaNewGuinea/Cities/SouthernAttractions.swift /Users/erders/Documents/TravelTap/TravelTap/Data/Countries/Oceania/PapuaNewGuinea/PapuaNewGuineaPackage.swift /Users/erders/Documents/TravelTap/TravelTap/Data/Countries/Oceania/Samoa/Cities/ApiaAttractions.swift /Users/erders/Documents/TravelTap/TravelTap/Data/Countries/Oceania/Samoa/Cities/SavaiiAttractions.swift /Users/erders/Documents/TravelTap/TravelTap/Data/Countries/Oceania/Samoa/Cities/UpoluAttractions.swift /Users/erders/Documents/TravelTap/TravelTap/Data/Countries/Oceania/Samoa/SamoaPackage.swift /Users/erders/Documents/TravelTap/TravelTap/Data/Countries/Oceania/SolomonIslands/Cities/CentralProvinceAttractions.swift /Users/erders/Documents/TravelTap/TravelTap/Data/Countries/Oceania/SolomonIslands/Cities/GuadalcanalAttractions.swift /Users/erders/Documents/TravelTap/TravelTap/Data/Countries/Oceania/SolomonIslands/Cities/HoniaraAttractions.swift /Users/erders/Documents/TravelTap/TravelTap/Data/Countries/Oceania/SolomonIslands/Cities/WesternProvinceAttractions.swift /Users/erders/Documents/TravelTap/TravelTap/Data/Countries/Oceania/SolomonIslands/SolomonIslandsPackage.swift /Users/erders/Documents/TravelTap/TravelTap/Data/Countries/Oceania/Tonga/Cities/EuaAttractions.swift /Users/erders/Documents/TravelTap/TravelTap/Data/Countries/Oceania/Tonga/Cities/HaapaiAttractions.swift /Users/erders/Documents/TravelTap/TravelTap/Data/Countries/Oceania/Tonga/Cities/NukualofaAttractions.swift /Users/erders/Documents/TravelTap/TravelTap/Data/Countries/Oceania/Tonga/Cities/TongatapuAttractions.swift /Users/erders/Documents/TravelTap/TravelTap/Data/Countries/Oceania/Tonga/Cities/VavauAttractions.swift /Users/erders/Documents/TravelTap/TravelTap/Data/Countries/Oceania/Tonga/TongaPackage.swift (in target 'TravelTap' from project 'TravelTap')

SwiftCompile normal arm64 /Users/erders/Documents/TravelTap/TravelTap/Data/Countries/Oceania/NewZealand/NewZealandPackage.swift (in target 'TravelTap' from project 'TravelTap')
    cd /Users/erders/Documents/TravelTap
    

SwiftCompile normal arm64 /Users/erders/Documents/TravelTap/TravelTap/Data/Countries/Oceania/Palau/Cities/BabeldaobAttractions.swift (in target 'TravelTap' from project 'TravelTap')
    cd /Users/erders/Documents/TravelTap
    

SwiftCompile normal arm64 /Users/erders/Documents/TravelTap/TravelTap/Data/Countries/Oceania/Palau/Cities/KororAttractions.swift (in target 'TravelTap' from project 'TravelTap')
    cd /Users/erders/Documents/TravelTap
    

SwiftCompile normal arm64 /Users/erders/Documents/TravelTap/TravelTap/Data/Countries/Oceania/Palau/Cities/RockIslandsAttractions.swift (in target 'TravelTap' from project 'TravelTap')
    cd /Users/erders/Documents/TravelTap
    

SwiftCompile normal arm64 /Users/erders/Documents/TravelTap/TravelTap/Data/Countries/Oceania/Palau/PalauPackage.swift (in target 'TravelTap' from project 'TravelTap')
    cd /Users/erders/Documents/TravelTap
    

SwiftCompile normal arm64 /Users/erders/Documents/TravelTap/TravelTap/Data/Countries/Oceania/PapuaNewGuinea/Cities/IslandsAttractions.swift (in target 'TravelTap' from project 'TravelTap')
    cd /Users/erders/Documents/TravelTap
    

SwiftCompile normal arm64 /Users/erders/Documents/TravelTap/TravelTap/Data/Countries/Oceania/PapuaNewGuinea/Cities/MomaseAttractions.swift (in target 'TravelTap' from project 'TravelTap')
    cd /Users/erders/Documents/TravelTap
    

SwiftCompile normal arm64 /Users/erders/Documents/TravelTap/TravelTap/Data/Countries/Oceania/PapuaNewGuinea/Cities/PortMoresbyAttractions.swift (in target 'TravelTap' from project 'TravelTap')
    cd /Users/erders/Documents/TravelTap
    

SwiftCompile normal arm64 /Users/erders/Documents/TravelTap/TravelTap/Data/Countries/Oceania/PapuaNewGuinea/Cities/SouthernAttractions.swift (in target 'TravelTap' from project 'TravelTap')
    cd /Users/erders/Documents/TravelTap
    

SwiftCompile normal arm64 /Users/erders/Documents/TravelTap/TravelTap/Data/Countries/Oceania/PapuaNewGuinea/PapuaNewGuineaPackage.swift (in target 'TravelTap' from project 'TravelTap')
    cd /Users/erders/Documents/TravelTap
    

SwiftCompile normal arm64 /Users/erders/Documents/TravelTap/TravelTap/Data/Countries/Oceania/Samoa/Cities/ApiaAttractions.swift (in target 'TravelTap' from project 'TravelTap')
    cd /Users/erders/Documents/TravelTap
    

SwiftCompile normal arm64 /Users/erders/Documents/TravelTap/TravelTap/Data/Countries/Oceania/Samoa/Cities/SavaiiAttractions.swift (in target 'TravelTap' from project 'TravelTap')
    cd /Users/erders/Documents/TravelTap
    

SwiftCompile normal arm64 /Users/erders/Documents/TravelTap/TravelTap/Data/Countries/Oceania/Samoa/Cities/UpoluAttractions.swift (in target 'TravelTap' from project 'TravelTap')
    cd /Users/erders/Documents/TravelTap
    

SwiftCompile normal arm64 /Users/erders/Documents/TravelTap/TravelTap/Data/Countries/Oceania/Samoa/SamoaPackage.swift (in target 'TravelTap' from project 'TravelTap')
    cd /Users/erders/Documents/TravelTap
    

SwiftCompile normal arm64 /Users/erders/Documents/TravelTap/TravelTap/Data/Countries/Oceania/SolomonIslands/Cities/CentralProvinceAttractions.swift (in target 'TravelTap' from project 'TravelTap')
    cd /Users/erders/Documents/TravelTap
    

SwiftDriverJobDiscovery normal arm64 Compiling DinantAttractions.swift, OstendAttractions.swift, SpaAttractions.swift, HasseltAttractions.swift, YpresAttractions.swift, MechelenAttractions.swift, WaterlooAttractions.swift, VillersLaVilleAttractions.swift, BlankenbergeAttractions.swift, TongerenAttractions.swift, BincheAttractions.swift, AalstAttractions.swift, TournaiAttractions.swift, NamurAttractions.swift, BornholmAttractions.swift, VejleAttractions.swift, RoskildeAttractions.swift, RebildAttractions.swift, ViborgAttractions.swift, SilkeborgAttractions.swift, FunenAttractions.swift, RibeAttractions.swift, GreenlandAttractions.swift, DanishRivieraAttractions.swift, BillundAttractions.swift (in target 'TravelTap' from project 'TravelTap')

** BUILD FAILED **


The following build commands failed:
	SwiftCompile normal arm64 Compiling\ StThomasBeachesAttractions.swift,\ USVIStJohnAttractions.swift,\ WaterIslandAttractions.swift,\ USVirginIslandsPackage.swift,\ AlbaniaPackage.swift,\ BeratAttractions.swift,\ GjirokasterAttractions.swift,\ SarandeAttractions.swift,\ TiranaAttractions.swift,\ AndorraPackage.swift,\ AndorraLaVellaAttractions.swift,\ EncampAttractions.swift,\ AustriaPackage.swift,\ ZellAmSeeAttractions.swift,\ BadGasteinAttractions.swift,\ KitzbuhelAttractions.swift,\ StAntonAttractions.swift,\ LechZursAttractions.swift,\ WachauValleyAttractions.swift,\ LinzAttractions.swift,\ KlagenfurtAttractions.swift,\ VillachAttractions.swift,\ BregenzAttractions.swift,\ SeefeldAttractions.swift,\ MayrhofenAttractions.swift /Users/erders/Documents/TravelTap/TravelTap/Data/Countries/CentralAmerica/USVirginIslands/Cities/StThomasBeachesAttractions.swift /Users/erders/Documents/TravelTap/TravelTap/Data/Countries/CentralAmerica/USVirginIslands/Cities/USVIStJohnAttractions.swift /Users/erders/Documents/TravelTap/TravelTap/Data/Countries/CentralAmerica/USVirginIslands/Cities/WaterIslandAttractions.swift /Users/erders/Documents/TravelTap/TravelTap/Data/Countries/CentralAmerica/USVirginIslands/USVirginIslandsPackage.swift /Users/erders/Documents/TravelTap/TravelTap/Data/Countries/Europe/Albania/AlbaniaPackage.swift /Users/erders/Documents/TravelTap/TravelTap/Data/Countries/Europe/Albania/Cities/BeratAttractions.swift /Users/erders/Documents/TravelTap/TravelTap/Data/Countries/Europe/Albania/Cities/GjirokasterAttractions.swift /Users/erders/Documents/TravelTap/TravelTap/Data/Countries/Europe/Albania/Cities/SarandeAttractions.swift /Users/erders/Documents/TravelTap/TravelTap/Data/Countries/Europe/Albania/Cities/TiranaAttractions.swift /Users/erders/Documents/TravelTap/TravelTap/Data/Countries/Europe/Andorra/AndorraPackage.swift /Users/erders/Documents/TravelTap/TravelTap/Data/Countries/Europe/Andorra/Cities/AndorraLaVellaAttractions.swift /Users/erders/Documents/TravelTap/TravelTap/Data/Countries/Europe/Andorra/Cities/EncampAttractions.swift /Users/erders/Documents/TravelTap/TravelTap/Data/Countries/Europe/Austria/AustriaPackage.swift /Users/erders/Documents/TravelTap/TravelTap/Data/Countries/Europe/Austria/Cities/ZellAmSeeAttractions.swift /Users/erders/Documents/TravelTap/TravelTap/Data/Countries/Europe/Austria/Cities/BadGasteinAttractions.swift /Users/erders/Documents/TravelTap/TravelTap/Data/Countries/Europe/Austria/Cities/KitzbuhelAttractions.swift /Users/erders/Documents/TravelTap/TravelTap/Data/Countries/Europe/Austria/Cities/StAntonAttractions.swift /Users/erders/Documents/TravelTap/TravelTap/Data/Countries/Europe/Austria/Cities/LechZursAttractions.swift /Users/erders/Documents/TravelTap/TravelTap/Data/Countries/Europe/Austria/Cities/WachauValleyAttractions.swift /Users/erders/Documents/TravelTap/TravelTap/Data/Countries/Europe/Austria/Cities/LinzAttractions.swift /Users/erders/Documents/TravelTap/TravelTap/Data/Countries/Europe/Austria/Cities/KlagenfurtAttractions.swift /Users/erders/Documents/TravelTap/TravelTap/Data/Countries/Europe/Austria/Cities/VillachAttractions.swift /Users/erders/Documents/TravelTap/TravelTap/Data/Countries/Europe/Austria/Cities/BregenzAttractions.swift /Users/erders/Documents/TravelTap/TravelTap/Data/Countries/Europe/Austria/Cities/SeefeldAttractions.swift /Users/erders/Documents/TravelTap/TravelTap/Data/Countries/Europe/Austria/Cities/MayrhofenAttractions.swift (in target 'TravelTap' from project 'TravelTap')
	SwiftCompile normal arm64 /Users/erders/Documents/TravelTap/TravelTap/Data/Countries/Europe/Austria/Cities/KitzbuhelAttractions.swift (in target 'TravelTap' from project 'TravelTap')
	Building project TravelTap with scheme TravelTap
(3 failures)
