Command line invocation:
    /Applications/Xcode.app/Contents/Developer/usr/bin/xcodebuild -scheme TravelTap -destination "platform=iOS Simulator,id=4DCFFD01-7E66-4D14-82A6-88BC979EE8E0" clean build

CreateBuildRequest

SendProjectDescription

CreateBuildOperation

** CLEAN SUCCEEDED **

ComputePackagePrebuildTargetDependencyGraph

Prepare packages

CreateBuildRequest

SendProjectDescription

CreateBuildOperation

ComputeTargetDependencyGraph
note: Building targets in dependency order
note: Target dependency graph (1 target)
    Target 'TravelTap' in project 'TravelTap' (no dependencies)

GatherProvisioningInputs

CreateBuildDescription

ExecuteExternalTool /Applications/Xcode.app/Contents/Developer/Toolchains/XcodeDefault.xctoolchain/usr/bin/clang -v -E -dM -isysroot /Applications/Xcode.app/Contents/Developer/Platforms/iPhoneSimulator.platform/Developer/SDKs/iPhoneSimulator26.2.sdk -x c -c /dev/null

ExecuteExternalTool /Applications/Xcode.app/Contents/Developer/usr/bin/actool --print-asset-tag-combinations --output-format xml1 /Users/erders/Documents/TravelTap/TravelTap/Assets.xcassets

ExecuteExternalTool /Applications/Xcode.app/Contents/Developer/usr/bin/actool --version --output-format xml1

ExecuteExternalTool /Applications/Xcode.app/Contents/Developer/Toolchains/XcodeDefault.xctoolchain/usr/bin/swiftc --version

ExecuteExternalTool /Applications/Xcode.app/Contents/Developer/Toolchains/XcodeDefault.xctoolchain/usr/bin/ld -version_details

Build description signature: 1b3a5d71baa2e4a0f0dd00cb23b9b651
Build description path: /Users/erders/Library/Developer/Xcode/DerivedData/TravelTap-aoniybxgcgmexqcgzdslgsqiowxj/Build/Intermediates.noindex/XCBuildData/1b3a5d71baa2e4a0f0dd00cb23b9b651.xcbuilddata
ClangStatCache /Applications/Xcode.app/Contents/Developer/Toolchains/XcodeDefault.xctoolchain/usr/bin/clang-stat-cache /Applications/Xcode.app/Contents/Developer/Platforms/iPhoneSimulator.platform/Developer/SDKs/iPhoneSimulator26.2.sdk /Users/erders/Library/Developer/Xcode/DerivedData/SDKStatCaches.noindex/iphonesimulator26.2-23C53-7d00a8b37fbd7999ea79df8ebc024bf0.sdkstatcache
    cd /Users/erders/Documents/TravelTap/TravelTap.xcodeproj
    /Applications/Xcode.app/Contents/Developer/Toolchains/XcodeDefault.xctoolchain/usr/bin/clang-stat-cache /Applications/Xcode.app/Contents/Developer/Platforms/iPhoneSimulator.platform/Developer/SDKs/iPhoneSimulator26.2.sdk -o /Users/erders/Library/Developer/Xcode/DerivedData/SDKStatCaches.noindex/iphonesimulator26.2-23C53-7d00a8b37fbd7999ea79df8ebc024bf0.sdkstatcache

CreateBuildDirectory /Users/erders/Library/Developer/Xcode/DerivedData/TravelTap-aoniybxgcgmexqcgzdslgsqiowxj/Build/Products
    cd /Users/erders/Documents/TravelTap/TravelTap.xcodeproj
    builtin-create-build-directory /Users/erders/Library/Developer/Xcode/DerivedData/TravelTap-aoniybxgcgmexqcgzdslgsqiowxj/Build/Products

CreateBuildDirectory /Users/erders/Library/Developer/Xcode/DerivedData/TravelTap-aoniybxgcgmexqcgzdslgsqiowxj/Build/Intermediates.noindex
    cd /Users/erders/Documents/TravelTap/TravelTap.xcodeproj
    builtin-create-build-directory /Users/erders/Library/Developer/Xcode/DerivedData/TravelTap-aoniybxgcgmexqcgzdslgsqiowxj/Build/Intermediates.noindex

CreateBuildDirectory /Users/erders/Library/Developer/Xcode/DerivedData/TravelTap-aoniybxgcgmexqcgzdslgsqiowxj/Build/Products/Debug-iphonesimulator
    cd /Users/erders/Documents/TravelTap/TravelTap.xcodeproj
    builtin-create-build-directory /Users/erders/Library/Developer/Xcode/DerivedData/TravelTap-aoniybxgcgmexqcgzdslgsqiowxj/Build/Products/Debug-iphonesimulator

CreateBuildDirectory /Users/erders/Library/Developer/Xcode/DerivedData/TravelTap-aoniybxgcgmexqcgzdslgsqiowxj/Build/Intermediates.noindex/SwiftExplicitPrecompiledModules
    cd /Users/erders/Documents/TravelTap/TravelTap.xcodeproj
    builtin-create-build-directory /Users/erders/Library/Developer/Xcode/DerivedData/TravelTap-aoniybxgcgmexqcgzdslgsqiowxj/Build/Intermediates.noindex/SwiftExplicitPrecompiledModules

CreateBuildDirectory /Users/erders/Library/Developer/Xcode/DerivedData/TravelTap-aoniybxgcgmexqcgzdslgsqiowxj/Build/Intermediates.noindex/ExplicitPrecompiledModules
    cd /Users/erders/Documents/TravelTap/TravelTap.xcodeproj
    builtin-create-build-directory /Users/erders/Library/Developer/Xcode/DerivedData/TravelTap-aoniybxgcgmexqcgzdslgsqiowxj/Build/Intermediates.noindex/ExplicitPrecompiledModules

CreateBuildDirectory /Users/erders/Library/Developer/Xcode/DerivedData/TravelTap-aoniybxgcgmexqcgzdslgsqiowxj/Build/Intermediates.noindex/EagerLinkingTBDs/Debug-iphonesimulator
    cd /Users/erders/Documents/TravelTap/TravelTap.xcodeproj
    builtin-create-build-directory /Users/erders/Library/Developer/Xcode/DerivedData/TravelTap-aoniybxgcgmexqcgzdslgsqiowxj/Build/Intermediates.noindex/EagerLinkingTBDs/Debug-iphonesimulator

WriteAuxiliaryFile /Users/erders/Library/Developer/Xcode/DerivedData/TravelTap-aoniybxgcgmexqcgzdslgsqiowxj/Build/Intermediates.noindex/TravelTap.build/Debug-iphonesimulator/TravelTap-28cabccc476c4ac6153fbbf682269b5c-VFS-iphonesimulator/all-product-headers.yaml
    cd /Users/erders/Documents/TravelTap/TravelTap.xcodeproj
    write-file /Users/erders/Library/Developer/Xcode/DerivedData/TravelTap-aoniybxgcgmexqcgzdslgsqiowxj/Build/Intermediates.noindex/TravelTap.build/Debug-iphonesimulator/TravelTap-28cabccc476c4ac6153fbbf682269b5c-VFS-iphonesimulator/all-product-headers.yaml

WriteAuxiliaryFile /Users/erders/Library/Developer/Xcode/DerivedData/TravelTap-aoniybxgcgmexqcgzdslgsqiowxj/Build/Intermediates.noindex/TravelTap.build/Debug-iphonesimulator/TravelTap.build/TravelTap-project-headers.hmap (in target 'TravelTap' from project 'TravelTap')
    cd /Users/erders/Documents/TravelTap
    write-file /Users/erders/Library/Developer/Xcode/DerivedData/TravelTap-aoniybxgcgmexqcgzdslgsqiowxj/Build/Intermediates.noindex/TravelTap.build/Debug-iphonesimulator/TravelTap.build/TravelTap-project-headers.hmap

WriteAuxiliaryFile /Users/erders/Library/Developer/Xcode/DerivedData/TravelTap-aoniybxgcgmexqcgzdslgsqiowxj/Build/Intermediates.noindex/TravelTap.build/Debug-iphonesimulator/TravelTap.build/TravelTap.DependencyStaticMetadataFileList (in target 'TravelTap' from project 'TravelTap')
    cd /Users/erders/Documents/TravelTap
    write-file /Users/erders/Library/Developer/Xcode/DerivedData/TravelTap-aoniybxgcgmexqcgzdslgsqiowxj/Build/Intermediates.noindex/TravelTap.build/Debug-iphonesimulator/TravelTap.build/TravelTap.DependencyStaticMetadataFileList

WriteAuxiliaryFile /Users/erders/Library/Developer/Xcode/DerivedData/TravelTap-aoniybxgcgmexqcgzdslgsqiowxj/Build/Intermediates.noindex/TravelTap.build/Debug-iphonesimulator/TravelTap.build/TravelTap-all-non-framework-target-headers.hmap (in target 'TravelTap' from project 'TravelTap')
    cd /Users/erders/Documents/TravelTap
    write-file /Users/erders/Library/Developer/Xcode/DerivedData/TravelTap-aoniybxgcgmexqcgzdslgsqiowxj/Build/Intermediates.noindex/TravelTap.build/Debug-iphonesimulator/TravelTap.build/TravelTap-all-non-framework-target-headers.hmap

WriteAuxiliaryFile /Users/erders/Library/Developer/Xcode/DerivedData/TravelTap-aoniybxgcgmexqcgzdslgsqiowxj/Build/Intermediates.noindex/TravelTap.build/Debug-iphonesimulator/TravelTap.build/TravelTap-generated-files.hmap (in target 'TravelTap' from project 'TravelTap')
    cd /Users/erders/Documents/TravelTap
    write-file /Users/erders/Library/Developer/Xcode/DerivedData/TravelTap-aoniybxgcgmexqcgzdslgsqiowxj/Build/Intermediates.noindex/TravelTap.build/Debug-iphonesimulator/TravelTap.build/TravelTap-generated-files.hmap

WriteAuxiliaryFile /Users/erders/Library/Developer/Xcode/DerivedData/TravelTap-aoniybxgcgmexqcgzdslgsqiowxj/Build/Intermediates.noindex/TravelTap.build/Debug-iphonesimulator/TravelTap.build/TravelTap-all-target-headers.hmap (in target 'TravelTap' from project 'TravelTap')
    cd /Users/erders/Documents/TravelTap
    write-file /Users/erders/Library/Developer/Xcode/DerivedData/TravelTap-aoniybxgcgmexqcgzdslgsqiowxj/Build/Intermediates.noindex/TravelTap.build/Debug-iphonesimulator/TravelTap.build/TravelTap-all-target-headers.hmap

WriteAuxiliaryFile /Users/erders/Library/Developer/Xcode/DerivedData/TravelTap-aoniybxgcgmexqcgzdslgsqiowxj/Build/Intermediates.noindex/TravelTap.build/Debug-iphonesimulator/TravelTap.build/TravelTap.hmap (in target 'TravelTap' from project 'TravelTap')
    cd /Users/erders/Documents/TravelTap
    write-file /Users/erders/Library/Developer/Xcode/DerivedData/TravelTap-aoniybxgcgmexqcgzdslgsqiowxj/Build/Intermediates.noindex/TravelTap.build/Debug-iphonesimulator/TravelTap.build/TravelTap.hmap

WriteAuxiliaryFile /Users/erders/Library/Developer/Xcode/DerivedData/TravelTap-aoniybxgcgmexqcgzdslgsqiowxj/Build/Intermediates.noindex/TravelTap.build/Debug-iphonesimulator/TravelTap.build/TravelTap-DebugDylibPath-normal-arm64.txt (in target 'TravelTap' from project 'TravelTap')
    cd /Users/erders/Documents/TravelTap
    write-file /Users/erders/Library/Developer/Xcode/DerivedData/TravelTap-aoniybxgcgmexqcgzdslgsqiowxj/Build/Intermediates.noindex/TravelTap.build/Debug-iphonesimulator/TravelTap.build/TravelTap-DebugDylibPath-normal-arm64.txt

WriteAuxiliaryFile /Users/erders/Library/Developer/Xcode/DerivedData/TravelTap-aoniybxgcgmexqcgzdslgsqiowxj/Build/Intermediates.noindex/TravelTap.build/Debug-iphonesimulator/TravelTap.build/TravelTap-own-target-headers.hmap (in target 'TravelTap' from project 'TravelTap')
    cd /Users/erders/Documents/TravelTap
    write-file /Users/erders/Library/Developer/Xcode/DerivedData/TravelTap-aoniybxgcgmexqcgzdslgsqiowxj/Build/Intermediates.noindex/TravelTap.build/Debug-iphonesimulator/TravelTap.build/TravelTap-own-target-headers.hmap

WriteAuxiliaryFile /Users/erders/Library/Developer/Xcode/DerivedData/TravelTap-aoniybxgcgmexqcgzdslgsqiowxj/Build/Intermediates.noindex/TravelTap.build/Debug-iphonesimulator/TravelTap.build/TravelTap-DebugDylibInstallName-normal-arm64.txt (in target 'TravelTap' from project 'TravelTap')
    cd /Users/erders/Documents/TravelTap
    write-file /Users/erders/Library/Developer/Xcode/DerivedData/TravelTap-aoniybxgcgmexqcgzdslgsqiowxj/Build/Intermediates.noindex/TravelTap.build/Debug-iphonesimulator/TravelTap.build/TravelTap-DebugDylibInstallName-normal-arm64.txt

WriteAuxiliaryFile /Users/erders/Library/Developer/Xcode/DerivedData/TravelTap-aoniybxgcgmexqcgzdslgsqiowxj/Build/Intermediates.noindex/TravelTap.build/Debug-iphonesimulator/TravelTap.build/Objects-normal/arm64/TravelTap_const_extract_protocols.json (in target 'TravelTap' from project 'TravelTap')
    cd /Users/erders/Documents/TravelTap
    write-file /Users/erders/Library/Developer/Xcode/DerivedData/TravelTap-aoniybxgcgmexqcgzdslgsqiowxj/Build/Intermediates.noindex/TravelTap.build/Debug-iphonesimulator/TravelTap.build/Objects-normal/arm64/TravelTap_const_extract_protocols.json

WriteAuxiliaryFile /Users/erders/Library/Developer/Xcode/DerivedData/TravelTap-aoniybxgcgmexqcgzdslgsqiowxj/Build/Intermediates.noindex/TravelTap.build/Debug-iphonesimulator/TravelTap.build/Objects-normal/arm64/TravelTap-OutputFileMap.json (in target 'TravelTap' from project 'TravelTap')
    cd /Users/erders/Documents/TravelTap
    write-file /Users/erders/Library/Developer/Xcode/DerivedData/TravelTap-aoniybxgcgmexqcgzdslgsqiowxj/Build/Intermediates.noindex/TravelTap.build/Debug-iphonesimulator/TravelTap.build/Objects-normal/arm64/TravelTap-OutputFileMap.json

WriteAuxiliaryFile /Users/erders/Library/Developer/Xcode/DerivedData/TravelTap-aoniybxgcgmexqcgzdslgsqiowxj/Build/Intermediates.noindex/TravelTap.build/Debug-iphonesimulator/TravelTap.build/TravelTap.DependencyMetadataFileList (in target 'TravelTap' from project 'TravelTap')
    cd /Users/erders/Documents/TravelTap
    write-file /Users/erders/Library/Developer/Xcode/DerivedData/TravelTap-aoniybxgcgmexqcgzdslgsqiowxj/Build/Intermediates.noindex/TravelTap.build/Debug-iphonesimulator/TravelTap.build/TravelTap.DependencyMetadataFileList

WriteAuxiliaryFile /Users/erders/Library/Developer/Xcode/DerivedData/TravelTap-aoniybxgcgmexqcgzdslgsqiowxj/Build/Intermediates.noindex/TravelTap.build/Debug-iphonesimulator/TravelTap.build/Objects-normal/arm64/TravelTap.LinkFileList (in target 'TravelTap' from project 'TravelTap')
    cd /Users/erders/Documents/TravelTap
    write-file /Users/erders/Library/Developer/Xcode/DerivedData/TravelTap-aoniybxgcgmexqcgzdslgsqiowxj/Build/Intermediates.noindex/TravelTap.build/Debug-iphonesimulator/TravelTap.build/Objects-normal/arm64/TravelTap.LinkFileList

WriteAuxiliaryFile /Users/erders/Library/Developer/Xcode/DerivedData/TravelTap-aoniybxgcgmexqcgzdslgsqiowxj/Build/Intermediates.noindex/TravelTap.build/Debug-iphonesimulator/TravelTap.build/Objects-normal/arm64/TravelTap.SwiftConstValuesFileList (in target 'TravelTap' from project 'TravelTap')
    cd /Users/erders/Documents/TravelTap
    write-file /Users/erders/Library/Developer/Xcode/DerivedData/TravelTap-aoniybxgcgmexqcgzdslgsqiowxj/Build/Intermediates.noindex/TravelTap.build/Debug-iphonesimulator/TravelTap.build/Objects-normal/arm64/TravelTap.SwiftConstValuesFileList

WriteAuxiliaryFile /Users/erders/Library/Developer/Xcode/DerivedData/TravelTap-aoniybxgcgmexqcgzdslgsqiowxj/Build/Intermediates.noindex/TravelTap.build/Debug-iphonesimulator/TravelTap.build/Objects-normal/arm64/TravelTap.SwiftFileList (in target 'TravelTap' from project 'TravelTap')
    cd /Users/erders/Documents/TravelTap
    write-file /Users/erders/Library/Developer/Xcode/DerivedData/TravelTap-aoniybxgcgmexqcgzdslgsqiowxj/Build/Intermediates.noindex/TravelTap.build/Debug-iphonesimulator/TravelTap.build/Objects-normal/arm64/TravelTap.SwiftFileList

WriteAuxiliaryFile /Users/erders/Library/Developer/Xcode/DerivedData/TravelTap-aoniybxgcgmexqcgzdslgsqiowxj/Build/Intermediates.noindex/TravelTap.build/Debug-iphonesimulator/TravelTap.build/DerivedSources/Entitlements-Simulated.plist (in target 'TravelTap' from project 'TravelTap')
    cd /Users/erders/Documents/TravelTap
    write-file /Users/erders/Library/Developer/Xcode/DerivedData/TravelTap-aoniybxgcgmexqcgzdslgsqiowxj/Build/Intermediates.noindex/TravelTap.build/Debug-iphonesimulator/TravelTap.build/DerivedSources/Entitlements-Simulated.plist

MkDir /Users/erders/Library/Developer/Xcode/DerivedData/TravelTap-aoniybxgcgmexqcgzdslgsqiowxj/Build/Products/Debug-iphonesimulator/TravelTap.app (in target 'TravelTap' from project 'TravelTap')
    cd /Users/erders/Documents/TravelTap
    /bin/mkdir -p /Users/erders/Library/Developer/Xcode/DerivedData/TravelTap-aoniybxgcgmexqcgzdslgsqiowxj/Build/Products/Debug-iphonesimulator/TravelTap.app

ProcessProductPackaging /Users/erders/Documents/TravelTap/TravelTap/TravelTap.entitlements /Users/erders/Library/Developer/Xcode/DerivedData/TravelTap-aoniybxgcgmexqcgzdslgsqiowxj/Build/Intermediates.noindex/TravelTap.build/Debug-iphonesimulator/TravelTap.build/TravelTap.app.xcent (in target 'TravelTap' from project 'TravelTap')
    cd /Users/erders/Documents/TravelTap
    
    Entitlements:
    
    {
}
    
    builtin-productPackagingUtility /Users/erders/Documents/TravelTap/TravelTap/TravelTap.entitlements -entitlements -format xml -o /Users/erders/Library/Developer/Xcode/DerivedData/TravelTap-aoniybxgcgmexqcgzdslgsqiowxj/Build/Intermediates.noindex/TravelTap.build/Debug-iphonesimulator/TravelTap.build/TravelTap.app.xcent

ProcessProductPackaging /Users/erders/Documents/TravelTap/TravelTap/TravelTap.entitlements /Users/erders/Library/Developer/Xcode/DerivedData/TravelTap-aoniybxgcgmexqcgzdslgsqiowxj/Build/Intermediates.noindex/TravelTap.build/Debug-iphonesimulator/TravelTap.build/TravelTap.app-Simulated.xcent (in target 'TravelTap' from project 'TravelTap')
    cd /Users/erders/Documents/TravelTap
    
    Entitlements:
    
    {
    "application-identifier" = "428Z7G6L5F.com.erders.traveltap.app";
    "com.apple.developer.icloud-container-identifiers" =     (
        "iCloud.com.erders.TravelTap"
    );
    "com.apple.developer.icloud-services" =     (
        CloudKit
    );
}
    
    builtin-productPackagingUtility /Users/erders/Documents/TravelTap/TravelTap/TravelTap.entitlements -entitlements -format xml -o /Users/erders/Library/Developer/Xcode/DerivedData/TravelTap-aoniybxgcgmexqcgzdslgsqiowxj/Build/Intermediates.noindex/TravelTap.build/Debug-iphonesimulator/TravelTap.build/TravelTap.app-Simulated.xcent

ProcessProductPackagingDER /Users/erders/Library/Developer/Xcode/DerivedData/TravelTap-aoniybxgcgmexqcgzdslgsqiowxj/Build/Intermediates.noindex/TravelTap.build/Debug-iphonesimulator/TravelTap.build/TravelTap.app-Simulated.xcent /Users/erders/Library/Developer/Xcode/DerivedData/TravelTap-aoniybxgcgmexqcgzdslgsqiowxj/Build/Intermediates.noindex/TravelTap.build/Debug-iphonesimulator/TravelTap.build/TravelTap.app-Simulated.xcent.der (in target 'TravelTap' from project 'TravelTap')
    cd /Users/erders/Documents/TravelTap
    /usr/bin/derq query -f xml -i /Users/erders/Library/Developer/Xcode/DerivedData/TravelTap-aoniybxgcgmexqcgzdslgsqiowxj/Build/Intermediates.noindex/TravelTap.build/Debug-iphonesimulator/TravelTap.build/TravelTap.app-Simulated.xcent -o /Users/erders/Library/Developer/Xcode/DerivedData/TravelTap-aoniybxgcgmexqcgzdslgsqiowxj/Build/Intermediates.noindex/TravelTap.build/Debug-iphonesimulator/TravelTap.build/TravelTap.app-Simulated.xcent.der --raw

ProcessProductPackagingDER /Users/erders/Library/Developer/Xcode/DerivedData/TravelTap-aoniybxgcgmexqcgzdslgsqiowxj/Build/Intermediates.noindex/TravelTap.build/Debug-iphonesimulator/TravelTap.build/TravelTap.app.xcent /Users/erders/Library/Developer/Xcode/DerivedData/TravelTap-aoniybxgcgmexqcgzdslgsqiowxj/Build/Intermediates.noindex/TravelTap.build/Debug-iphonesimulator/TravelTap.build/TravelTap.app.xcent.der (in target 'TravelTap' from project 'TravelTap')
    cd /Users/erders/Documents/TravelTap
    /usr/bin/derq query -f xml -i /Users/erders/Library/Developer/Xcode/DerivedData/TravelTap-aoniybxgcgmexqcgzdslgsqiowxj/Build/Intermediates.noindex/TravelTap.build/Debug-iphonesimulator/TravelTap.build/TravelTap.app.xcent -o /Users/erders/Library/Developer/Xcode/DerivedData/TravelTap-aoniybxgcgmexqcgzdslgsqiowxj/Build/Intermediates.noindex/TravelTap.build/Debug-iphonesimulator/TravelTap.build/TravelTap.app.xcent.der --raw

CpResource /Users/erders/Library/Developer/Xcode/DerivedData/TravelTap-aoniybxgcgmexqcgzdslgsqiowxj/Build/Products/Debug-iphonesimulator/TravelTap.app/Quicksand-Bold.ttf /Users/erders/Documents/TravelTap/TravelTap/Fonts/Quicksand-Bold.ttf (in target 'TravelTap' from project 'TravelTap')
    cd /Users/erders/Documents/TravelTap
    builtin-copy -exclude .DS_Store -exclude CVS -exclude .svn -exclude .git -exclude .hg -resolve-src-symlinks /Users/erders/Documents/TravelTap/TravelTap/Fonts/Quicksand-Bold.ttf /Users/erders/Library/Developer/Xcode/DerivedData/TravelTap-aoniybxgcgmexqcgzdslgsqiowxj/Build/Products/Debug-iphonesimulator/TravelTap.app

CpResource /Users/erders/Library/Developer/Xcode/DerivedData/TravelTap-aoniybxgcgmexqcgzdslgsqiowxj/Build/Products/Debug-iphonesimulator/TravelTap.app/Quicksand-Medium.ttf /Users/erders/Documents/TravelTap/TravelTap/Fonts/Quicksand-Medium.ttf (in target 'TravelTap' from project 'TravelTap')
    cd /Users/erders/Documents/TravelTap
    builtin-copy -exclude .DS_Store -exclude CVS -exclude .svn -exclude .git -exclude .hg -resolve-src-symlinks /Users/erders/Documents/TravelTap/TravelTap/Fonts/Quicksand-Medium.ttf /Users/erders/Library/Developer/Xcode/DerivedData/TravelTap-aoniybxgcgmexqcgzdslgsqiowxj/Build/Products/Debug-iphonesimulator/TravelTap.app

GenerateAssetSymbols /Users/erders/Documents/TravelTap/TravelTap/Assets.xcassets (in target 'TravelTap' from project 'TravelTap')
    cd /Users/erders/Documents/TravelTap
    /Applications/Xcode.app/Contents/Developer/usr/bin/actool /Users/erders/Documents/TravelTap/TravelTap/Assets.xcassets --compile /Users/erders/Library/Developer/Xcode/DerivedData/TravelTap-aoniybxgcgmexqcgzdslgsqiowxj/Build/Products/Debug-iphonesimulator/TravelTap.app --output-format human-readable-text --notices --warnings --export-dependency-info /Users/erders/Library/Developer/Xcode/DerivedData/TravelTap-aoniybxgcgmexqcgzdslgsqiowxj/Build/Intermediates.noindex/TravelTap.build/Debug-iphonesimulator/TravelTap.build/assetcatalog_dependencies --output-partial-info-plist /Users/erders/Library/Developer/Xcode/DerivedData/TravelTap-aoniybxgcgmexqcgzdslgsqiowxj/Build/Intermediates.noindex/TravelTap.build/Debug-iphonesimulator/TravelTap.build/assetcatalog_generated_info.plist --app-icon AppIcon --accent-color AccentColor --compress-pngs --enable-on-demand-resources YES --development-region en --target-device iphone --target-device ipad --minimum-deployment-target 17.0 --platform iphonesimulator --bundle-identifier com.erders.traveltap.app --generate-swift-asset-symbols /Users/erders/Library/Developer/Xcode/DerivedData/TravelTap-aoniybxgcgmexqcgzdslgsqiowxj/Build/Intermediates.noindex/TravelTap.build/Debug-iphonesimulator/TravelTap.build/DerivedSources/GeneratedAssetSymbols.swift --generate-objc-asset-symbols /Users/erders/Library/Developer/Xcode/DerivedData/TravelTap-aoniybxgcgmexqcgzdslgsqiowxj/Build/Intermediates.noindex/TravelTap.build/Debug-iphonesimulator/TravelTap.build/DerivedSources/GeneratedAssetSymbols.h --generate-asset-symbol-index /Users/erders/Library/Developer/Xcode/DerivedData/TravelTap-aoniybxgcgmexqcgzdslgsqiowxj/Build/Intermediates.noindex/TravelTap.build/Debug-iphonesimulator/TravelTap.build/DerivedSources/GeneratedAssetSymbols-Index.plist
/* com.apple.actool.compilation-results */
/Users/erders/Library/Developer/Xcode/DerivedData/TravelTap-aoniybxgcgmexqcgzdslgsqiowxj/Build/Intermediates.noindex/TravelTap.build/Debug-iphonesimulator/TravelTap.build/DerivedSources/GeneratedAssetSymbols-Index.plist
/Users/erders/Library/Developer/Xcode/DerivedData/TravelTap-aoniybxgcgmexqcgzdslgsqiowxj/Build/Intermediates.noindex/TravelTap.build/Debug-iphonesimulator/TravelTap.build/DerivedSources/GeneratedAssetSymbols.h
/Users/erders/Library/Developer/Xcode/DerivedData/TravelTap-aoniybxgcgmexqcgzdslgsqiowxj/Build/Intermediates.noindex/TravelTap.build/Debug-iphonesimulator/TravelTap.build/DerivedSources/GeneratedAssetSymbols.swift


MkDir /Users/erders/Library/Developer/Xcode/DerivedData/TravelTap-aoniybxgcgmexqcgzdslgsqiowxj/Build/Intermediates.noindex/TravelTap.build/Debug-iphonesimulator/TravelTap.build/assetcatalog_output/unthinned (in target 'TravelTap' from project 'TravelTap')
    cd /Users/erders/Documents/TravelTap
    /bin/mkdir -p /Users/erders/Library/Developer/Xcode/DerivedData/TravelTap-aoniybxgcgmexqcgzdslgsqiowxj/Build/Intermediates.noindex/TravelTap.build/Debug-iphonesimulator/TravelTap.build/assetcatalog_output/unthinned

MkDir /Users/erders/Library/Developer/Xcode/DerivedData/TravelTap-aoniybxgcgmexqcgzdslgsqiowxj/Build/Intermediates.noindex/TravelTap.build/Debug-iphonesimulator/TravelTap.build/assetcatalog_output/thinned (in target 'TravelTap' from project 'TravelTap')
    cd /Users/erders/Documents/TravelTap
    /bin/mkdir -p /Users/erders/Library/Developer/Xcode/DerivedData/TravelTap-aoniybxgcgmexqcgzdslgsqiowxj/Build/Intermediates.noindex/TravelTap.build/Debug-iphonesimulator/TravelTap.build/assetcatalog_output/thinned

Ld /Users/erders/Library/Developer/Xcode/DerivedData/TravelTap-aoniybxgcgmexqcgzdslgsqiowxj/Build/Products/Debug-iphonesimulator/TravelTap.app/__preview.dylib normal (in target 'TravelTap' from project 'TravelTap')
    cd /Users/erders/Documents/TravelTap
    /Applications/Xcode.app/Contents/Developer/Toolchains/XcodeDefault.xctoolchain/usr/bin/clang -Xlinker -reproducible -target arm64-apple-ios17.0-simulator -dynamiclib -isysroot /Applications/Xcode.app/Contents/Developer/Platforms/iPhoneSimulator.platform/Developer/SDKs/iPhoneSimulator26.2.sdk -O0 -L/Users/erders/Library/Developer/Xcode/DerivedData/TravelTap-aoniybxgcgmexqcgzdslgsqiowxj/Build/Products/Debug-iphonesimulator -F/Users/erders/Library/Developer/Xcode/DerivedData/TravelTap-aoniybxgcgmexqcgzdslgsqiowxj/Build/Products/Debug-iphonesimulator -install_name @rpath/TravelTap.debug.dylib -dead_strip -rdynamic -Xlinker -no_deduplicate -Xlinker -objc_abi_version -Xlinker 2 -Xlinker -dependency_info -Xlinker /Users/erders/Library/Developer/Xcode/DerivedData/TravelTap-aoniybxgcgmexqcgzdslgsqiowxj/Build/Intermediates.noindex/TravelTap.build/Debug-iphonesimulator/TravelTap.build/Objects-normal/arm64/TravelTap_dependency_info.dat -Xlinker -sectcreate -Xlinker __TEXT -Xlinker __entitlements -Xlinker /Users/erders/Library/Developer/Xcode/DerivedData/TravelTap-aoniybxgcgmexqcgzdslgsqiowxj/Build/Intermediates.noindex/TravelTap.build/Debug-iphonesimulator/TravelTap.build/TravelTap.app-Simulated.xcent -Xlinker -sectcreate -Xlinker __TEXT -Xlinker __ents_der -Xlinker /Users/erders/Library/Developer/Xcode/DerivedData/TravelTap-aoniybxgcgmexqcgzdslgsqiowxj/Build/Intermediates.noindex/TravelTap.build/Debug-iphonesimulator/TravelTap.build/TravelTap.app-Simulated.xcent.der -Xlinker -no_adhoc_codesign -o /Users/erders/Library/Developer/Xcode/DerivedData/TravelTap-aoniybxgcgmexqcgzdslgsqiowxj/Build/Products/Debug-iphonesimulator/TravelTap.app/__preview.dylib

CpResource /Users/erders/Library/Developer/Xcode/DerivedData/TravelTap-aoniybxgcgmexqcgzdslgsqiowxj/Build/Products/Debug-iphonesimulator/TravelTap.app/AttractionPhotos /Users/erders/Documents/TravelTap/TravelTap/AttractionPhotos (in target 'TravelTap' from project 'TravelTap')
    cd /Users/erders/Documents/TravelTap
    builtin-copy -exclude .DS_Store -exclude CVS -exclude .svn -exclude .git -exclude .hg -resolve-src-symlinks /Users/erders/Documents/TravelTap/TravelTap/AttractionPhotos /Users/erders/Library/Developer/Xcode/DerivedData/TravelTap-aoniybxgcgmexqcgzdslgsqiowxj/Build/Products/Debug-iphonesimulator/TravelTap.app

CompileAssetCatalogVariant thinned /Users/erders/Library/Developer/Xcode/DerivedData/TravelTap-aoniybxgcgmexqcgzdslgsqiowxj/Build/Products/Debug-iphonesimulator/TravelTap.app /Users/erders/Documents/TravelTap/TravelTap/Assets.xcassets (in target 'TravelTap' from project 'TravelTap')
    cd /Users/erders/Documents/TravelTap
    /Applications/Xcode.app/Contents/Developer/usr/bin/actool /Users/erders/Documents/TravelTap/TravelTap/Assets.xcassets --compile /Users/erders/Library/Developer/Xcode/DerivedData/TravelTap-aoniybxgcgmexqcgzdslgsqiowxj/Build/Intermediates.noindex/TravelTap.build/Debug-iphonesimulator/TravelTap.build/assetcatalog_output/thinned --output-format human-readable-text --notices --warnings --export-dependency-info /Users/erders/Library/Developer/Xcode/DerivedData/TravelTap-aoniybxgcgmexqcgzdslgsqiowxj/Build/Intermediates.noindex/TravelTap.build/Debug-iphonesimulator/TravelTap.build/assetcatalog_dependencies_thinned --output-partial-info-plist /Users/erders/Library/Developer/Xcode/DerivedData/TravelTap-aoniybxgcgmexqcgzdslgsqiowxj/Build/Intermediates.noindex/TravelTap.build/Debug-iphonesimulator/TravelTap.build/assetcatalog_generated_info.plist_thinned --app-icon AppIcon --accent-color AccentColor --compress-pngs --enable-on-demand-resources YES --filter-for-thinning-device-configuration iPhone18,3 --filter-for-device-os-version 26.2 --development-region en --target-device iphone --target-device ipad --minimum-deployment-target 17.0 --platform iphonesimulator
/* com.apple.actool.compilation-results */
/Users/erders/Library/Developer/Xcode/DerivedData/TravelTap-aoniybxgcgmexqcgzdslgsqiowxj/Build/Intermediates.noindex/TravelTap.build/Debug-iphonesimulator/TravelTap.build/assetcatalog_generated_info.plist_thinned
/Users/erders/Library/Developer/Xcode/DerivedData/TravelTap-aoniybxgcgmexqcgzdslgsqiowxj/Build/Intermediates.noindex/TravelTap.build/Debug-iphonesimulator/TravelTap.build/assetcatalog_output/thinned/AppIcon60x60@2x.png
/Users/erders/Library/Developer/Xcode/DerivedData/TravelTap-aoniybxgcgmexqcgzdslgsqiowxj/Build/Intermediates.noindex/TravelTap.build/Debug-iphonesimulator/TravelTap.build/assetcatalog_output/thinned/AppIcon76x76@2x~ipad.png
/Users/erders/Library/Developer/Xcode/DerivedData/TravelTap-aoniybxgcgmexqcgzdslgsqiowxj/Build/Intermediates.noindex/TravelTap.build/Debug-iphonesimulator/TravelTap.build/assetcatalog_output/thinned/Assets.car


SwiftDriver TravelTap normal arm64 com.apple.xcode.tools.swift.compiler (in target 'TravelTap' from project 'TravelTap')
    cd /Users/erders/Documents/TravelTap
    builtin-SwiftDriver -- /Applications/Xcode.app/Contents/Developer/Toolchains/XcodeDefault.xctoolchain/usr/bin/swiftc -module-name TravelTap -Onone -enforce-exclusivity\=checked @/Users/erders/Library/Developer/Xcode/DerivedData/TravelTap-aoniybxgcgmexqcgzdslgsqiowxj/Build/Intermediates.noindex/TravelTap.build/Debug-iphonesimulator/TravelTap.build/Objects-normal/arm64/TravelTap.SwiftFileList -DDEBUG -enable-bare-slash-regex -enable-experimental-feature DebugDescriptionMacro -sdk /Applications/Xcode.app/Contents/Developer/Platforms/iPhoneSimulator.platform/Developer/SDKs/iPhoneSimulator26.2.sdk -target arm64-apple-ios17.0-simulator -g -module-cache-path /Users/erders/Library/Developer/Xcode/DerivedData/ModuleCache.noindex -Xfrontend -serialize-debugging-options -enable-testing -index-store-path /Users/erders/Library/Developer/Xcode/DerivedData/TravelTap-aoniybxgcgmexqcgzdslgsqiowxj/Index.noindex/DataStore -Xcc -D_LIBCPP_HARDENING_MODE\=_LIBCPP_HARDENING_MODE_DEBUG -swift-version 5 -I /Users/erders/Library/Developer/Xcode/DerivedData/TravelTap-aoniybxgcgmexqcgzdslgsqiowxj/Build/Products/Debug-iphonesimulator -F /Users/erders/Library/Developer/Xcode/DerivedData/TravelTap-aoniybxgcgmexqcgzdslgsqiowxj/Build/Products/Debug-iphonesimulator -emit-localized-strings -emit-localized-strings-path /Users/erders/Library/Developer/Xcode/DerivedData/TravelTap-aoniybxgcgmexqcgzdslgsqiowxj/Build/Intermediates.noindex/TravelTap.build/Debug-iphonesimulator/TravelTap.build/Objects-normal/arm64 -c -j12 -enable-batch-mode -incremental -Xcc -ivfsstatcache -Xcc /Users/erders/Library/Developer/Xcode/DerivedData/SDKStatCaches.noindex/iphonesimulator26.2-23C53-7d00a8b37fbd7999ea79df8ebc024bf0.sdkstatcache -output-file-map /Users/erders/Library/Developer/Xcode/DerivedData/TravelTap-aoniybxgcgmexqcgzdslgsqiowxj/Build/Intermediates.noindex/TravelTap.build/Debug-iphonesimulator/TravelTap.build/Objects-normal/arm64/TravelTap-OutputFileMap.json -use-frontend-parseable-output -save-temps -no-color-diagnostics -explicit-module-build -module-cache-path /Users/erders/Library/Developer/Xcode/DerivedData/TravelTap-aoniybxgcgmexqcgzdslgsqiowxj/Build/Intermediates.noindex/SwiftExplicitPrecompiledModules -clang-scanner-module-cache-path /Users/erders/Library/Developer/Xcode/DerivedData/ModuleCache.noindex -sdk-module-cache-path /Users/erders/Library/Developer/Xcode/DerivedData/ModuleCache.noindex -serialize-diagnostics -emit-dependencies -emit-module -emit-module-path /Users/erders/Library/Developer/Xcode/DerivedData/TravelTap-aoniybxgcgmexqcgzdslgsqiowxj/Build/Intermediates.noindex/TravelTap.build/Debug-iphonesimulator/TravelTap.build/Objects-normal/arm64/TravelTap.swiftmodule -validate-clang-modules-once -clang-build-session-file /Users/erders/Library/Developer/Xcode/DerivedData/ModuleCache.noindex/Session.modulevalidation -Xcc -I/Users/erders/Library/Developer/Xcode/DerivedData/TravelTap-aoniybxgcgmexqcgzdslgsqiowxj/Build/Intermediates.noindex/TravelTap.build/Debug-iphonesimulator/TravelTap.build/swift-overrides.hmap -emit-const-values -Xfrontend -const-gather-protocols-file -Xfrontend /Users/erders/Library/Developer/Xcode/DerivedData/TravelTap-aoniybxgcgmexqcgzdslgsqiowxj/Build/Intermediates.noindex/TravelTap.build/Debug-iphonesimulator/TravelTap.build/Objects-normal/arm64/TravelTap_const_extract_protocols.json -Xcc -iquote -Xcc /Users/erders/Library/Developer/Xcode/DerivedData/TravelTap-aoniybxgcgmexqcgzdslgsqiowxj/Build/Intermediates.noindex/TravelTap.build/Debug-iphonesimulator/TravelTap.build/TravelTap-generated-files.hmap -Xcc -I/Users/erders/Library/Developer/Xcode/DerivedData/TravelTap-aoniybxgcgmexqcgzdslgsqiowxj/Build/Intermediates.noindex/TravelTap.build/Debug-iphonesimulator/TravelTap.build/TravelTap-own-target-headers.hmap -Xcc -I/Users/erders/Library/Developer/Xcode/DerivedData/TravelTap-aoniybxgcgmexqcgzdslgsqiowxj/Build/Intermediates.noindex/TravelTap.build/Debug-iphonesimulator/TravelTap.build/TravelTap-all-target-headers.hmap -Xcc -iquote -Xcc /Users/erders/Library/Developer/Xcode/DerivedData/TravelTap-aoniybxgcgmexqcgzdslgsqiowxj/Build/Intermediates.noindex/TravelTap.build/Debug-iphonesimulator/TravelTap.build/TravelTap-project-headers.hmap -Xcc -I/Users/erders/Library/Developer/Xcode/DerivedData/TravelTap-aoniybxgcgmexqcgzdslgsqiowxj/Build/Products/Debug-iphonesimulator/include -Xcc -I/Users/erders/Library/Developer/Xcode/DerivedData/TravelTap-aoniybxgcgmexqcgzdslgsqiowxj/Build/Intermediates.noindex/TravelTap.build/Debug-iphonesimulator/TravelTap.build/DerivedSources-normal/arm64 -Xcc -I/Users/erders/Library/Developer/Xcode/DerivedData/TravelTap-aoniybxgcgmexqcgzdslgsqiowxj/Build/Intermediates.noindex/TravelTap.build/Debug-iphonesimulator/TravelTap.build/DerivedSources/arm64 -Xcc -I/Users/erders/Library/Developer/Xcode/DerivedData/TravelTap-aoniybxgcgmexqcgzdslgsqiowxj/Build/Intermediates.noindex/TravelTap.build/Debug-iphonesimulator/TravelTap.build/DerivedSources -Xcc -DDEBUG\=1 -emit-objc-header -emit-objc-header-path /Users/erders/Library/Developer/Xcode/DerivedData/TravelTap-aoniybxgcgmexqcgzdslgsqiowxj/Build/Intermediates.noindex/TravelTap.build/Debug-iphonesimulator/TravelTap.build/Objects-normal/arm64/TravelTap-Swift.h -working-directory /Users/erders/Documents/TravelTap -experimental-emit-module-separately -disable-cmo

SwiftCompile normal arm64 Compiling\ PortGentilCoastalAttractions.swift,\ GabonPackage.swift,\ BrazzavilleAttractions.swift,\ NorthernCongoAttractions.swift,\ PointeNoireAttractions.swift,\ SouthernCongoAttractions.swift,\ RepublicoftheCongoPackage.swift,\ PrincipeAttractions.swift,\ SaoTomeCityAttractions.swift,\ SaoTomeNorthCentralAttractions.swift,\ SaoTomeSouthEastAttractions.swift,\ SaoTomeandPrincipePackage.swift,\ BurundiPackage.swift,\ BujumburaAttractions.swift,\ GitegaCentralAttractions.swift,\ NorthernBurundiAttractions.swift,\ SouthernBurundiAttractions.swift,\ AnjouanAttractions.swift,\ GrandeComoreAttractions.swift,\ MoheliAttractions.swift,\ ComorosPackage.swift,\ DjiboutiCityBeachesAttractions.swift,\ DjiboutiSouthWestAttractions.swift,\ TadjouraNorthAttractions.swift,\ DjiboutiPackage.swift /Users/erders/Documents/TravelTap/TravelTap/Data/Countries/Africa/CentralAfrica/Gabon/Cities/PortGentilCoastalAttractions.swift /Users/erders/Documents/TravelTap/TravelTap/Data/Countries/Africa/CentralAfrica/Gabon/GabonPackage.swift /Users/erders/Documents/TravelTap/TravelTap/Data/Countries/Africa/CentralAfrica/RepublicoftheCongo/Cities/BrazzavilleAttractions.swift /Users/erders/Documents/TravelTap/TravelTap/Data/Countries/Africa/CentralAfrica/RepublicoftheCongo/Cities/NorthernCongoAttractions.swift /Users/erders/Documents/TravelTap/TravelTap/Data/Countries/Africa/CentralAfrica/RepublicoftheCongo/Cities/PointeNoireAttractions.swift /Users/erders/Documents/TravelTap/TravelTap/Data/Countries/Africa/CentralAfrica/RepublicoftheCongo/Cities/SouthernCongoAttractions.swift /Users/erders/Documents/TravelTap/TravelTap/Data/Countries/Africa/CentralAfrica/RepublicoftheCongo/RepublicoftheCongoPackage.swift /Users/erders/Documents/TravelTap/TravelTap/Data/Countries/Africa/CentralAfrica/SaoTomeandPrincipe/Cities/PrincipeAttractions.swift /Users/erders/Documents/TravelTap/TravelTap/Data/Countries/Africa/CentralAfrica/SaoTomeandPrincipe/Cities/SaoTomeCityAttractions.swift /Users/erders/Documents/TravelTap/TravelTap/Data/Countries/Africa/CentralAfrica/SaoTomeandPrincipe/Cities/SaoTomeNorthCentralAttractions.swift /Users/erders/Documents/TravelTap/TravelTap/Data/Countries/Africa/CentralAfrica/SaoTomeandPrincipe/Cities/SaoTomeSouthEastAttractions.swift /Users/erders/Documents/TravelTap/TravelTap/Data/Countries/Africa/CentralAfrica/SaoTomeandPrincipe/SaoTomeandPrincipePackage.swift /Users/erders/Documents/TravelTap/TravelTap/Data/Countries/Africa/EastAfrica/Burundi/BurundiPackage.swift /Users/erders/Documents/TravelTap/TravelTap/Data/Countries/Africa/EastAfrica/Burundi/Cities/BujumburaAttractions.swift /Users/erders/Documents/TravelTap/TravelTap/Data/Countries/Africa/EastAfrica/Burundi/Cities/GitegaCentralAttractions.swift /Users/erders/Documents/TravelTap/TravelTap/Data/Countries/Africa/EastAfrica/Burundi/Cities/NorthernBurundiAttractions.swift /Users/erders/Documents/TravelTap/TravelTap/Data/Countries/Africa/EastAfrica/Burundi/Cities/SouthernBurundiAttractions.swift /Users/erders/Documents/TravelTap/TravelTap/Data/Countries/Africa/EastAfrica/Comoros/Cities/AnjouanAttractions.swift /Users/erders/Documents/TravelTap/TravelTap/Data/Countries/Africa/EastAfrica/Comoros/Cities/GrandeComoreAttractions.swift /Users/erders/Documents/TravelTap/TravelTap/Data/Countries/Africa/EastAfrica/Comoros/Cities/MoheliAttractions.swift /Users/erders/Documents/TravelTap/TravelTap/Data/Countries/Africa/EastAfrica/Comoros/ComorosPackage.swift /Users/erders/Documents/TravelTap/TravelTap/Data/Countries/Africa/EastAfrica/Djibouti/Cities/DjiboutiCityBeachesAttractions.swift /Users/erders/Documents/TravelTap/TravelTap/Data/Countries/Africa/EastAfrica/Djibouti/Cities/DjiboutiSouthWestAttractions.swift /Users/erders/Documents/TravelTap/TravelTap/Data/Countries/Africa/EastAfrica/Djibouti/Cities/TadjouraNorthAttractions.swift /Users/erders/Documents/TravelTap/TravelTap/Data/Countries/Africa/EastAfrica/Djibouti/DjiboutiPackage.swift (in target 'TravelTap' from project 'TravelTap')

SwiftCompile normal arm64 /Users/erders/Documents/TravelTap/TravelTap/Data/Countries/Africa/CentralAfrica/Gabon/Cities/PortGentilCoastalAttractions.swift (in target 'TravelTap' from project 'TravelTap')
    cd /Users/erders/Documents/TravelTap
    

SwiftCompile normal arm64 /Users/erders/Documents/TravelTap/TravelTap/Data/Countries/Africa/CentralAfrica/Gabon/GabonPackage.swift (in target 'TravelTap' from project 'TravelTap')
    cd /Users/erders/Documents/TravelTap
    

SwiftCompile normal arm64 /Users/erders/Documents/TravelTap/TravelTap/Data/Countries/Africa/CentralAfrica/RepublicoftheCongo/Cities/BrazzavilleAttractions.swift (in target 'TravelTap' from project 'TravelTap')
    cd /Users/erders/Documents/TravelTap
    

SwiftCompile normal arm64 /Users/erders/Documents/TravelTap/TravelTap/Data/Countries/Africa/CentralAfrica/RepublicoftheCongo/Cities/NorthernCongoAttractions.swift (in target 'TravelTap' from project 'TravelTap')
    cd /Users/erders/Documents/TravelTap
    

SwiftCompile normal arm64 /Users/erders/Documents/TravelTap/TravelTap/Data/Countries/Africa/CentralAfrica/RepublicoftheCongo/Cities/PointeNoireAttractions.swift (in target 'TravelTap' from project 'TravelTap')
    cd /Users/erders/Documents/TravelTap
    

SwiftCompile normal arm64 /Users/erders/Documents/TravelTap/TravelTap/Data/Countries/Africa/CentralAfrica/RepublicoftheCongo/Cities/SouthernCongoAttractions.swift (in target 'TravelTap' from project 'TravelTap')
    cd /Users/erders/Documents/TravelTap
    

SwiftCompile normal arm64 /Users/erders/Documents/TravelTap/TravelTap/Data/Countries/Africa/CentralAfrica/RepublicoftheCongo/RepublicoftheCongoPackage.swift (in target 'TravelTap' from project 'TravelTap')
    cd /Users/erders/Documents/TravelTap
    

SwiftCompile normal arm64 /Users/erders/Documents/TravelTap/TravelTap/Data/Countries/Africa/CentralAfrica/SaoTomeandPrincipe/Cities/PrincipeAttractions.swift (in target 'TravelTap' from project 'TravelTap')
    cd /Users/erders/Documents/TravelTap
    

SwiftCompile normal arm64 /Users/erders/Documents/TravelTap/TravelTap/Data/Countries/Africa/CentralAfrica/SaoTomeandPrincipe/Cities/SaoTomeCityAttractions.swift (in target 'TravelTap' from project 'TravelTap')
    cd /Users/erders/Documents/TravelTap
    

SwiftCompile normal arm64 /Users/erders/Documents/TravelTap/TravelTap/Data/Countries/Africa/CentralAfrica/SaoTomeandPrincipe/Cities/SaoTomeNorthCentralAttractions.swift (in target 'TravelTap' from project 'TravelTap')
    cd /Users/erders/Documents/TravelTap
    

SwiftCompile normal arm64 /Users/erders/Documents/TravelTap/TravelTap/Data/Countries/Africa/CentralAfrica/SaoTomeandPrincipe/Cities/SaoTomeSouthEastAttractions.swift (in target 'TravelTap' from project 'TravelTap')
    cd /Users/erders/Documents/TravelTap
    

SwiftCompile normal arm64 /Users/erders/Documents/TravelTap/TravelTap/Data/Countries/Africa/CentralAfrica/SaoTomeandPrincipe/SaoTomeandPrincipePackage.swift (in target 'TravelTap' from project 'TravelTap')
    cd /Users/erders/Documents/TravelTap
    

SwiftCompile normal arm64 /Users/erders/Documents/TravelTap/TravelTap/Data/Countries/Africa/EastAfrica/Burundi/BurundiPackage.swift (in target 'TravelTap' from project 'TravelTap')
    cd /Users/erders/Documents/TravelTap
    

SwiftCompile normal arm64 /Users/erders/Documents/TravelTap/TravelTap/Data/Countries/Africa/EastAfrica/Burundi/Cities/BujumburaAttractions.swift (in target 'TravelTap' from project 'TravelTap')
    cd /Users/erders/Documents/TravelTap
    

SwiftCompile normal arm64 /Users/erders/Documents/TravelTap/TravelTap/Data/Countries/Africa/EastAfrica/Burundi/Cities/GitegaCentralAttractions.swift (in target 'TravelTap' from project 'TravelTap')
    cd /Users/erders/Documents/TravelTap
    

SwiftCompile normal arm64 /Users/erders/Documents/TravelTap/TravelTap/Data/Countries/Africa/EastAfrica/Burundi/Cities/NorthernBurundiAttractions.swift (in target 'TravelTap' from project 'TravelTap')
    cd /Users/erders/Documents/TravelTap
    

SwiftCompile normal arm64 /Users/erders/Documents/TravelTap/TravelTap/Data/Countries/Africa/EastAfrica/Burundi/Cities/SouthernBurundiAttractions.swift (in target 'TravelTap' from project 'TravelTap')
    cd /Users/erders/Documents/TravelTap
    

SwiftCompile normal arm64 /Users/erders/Documents/TravelTap/TravelTap/Data/Countries/Africa/EastAfrica/Comoros/Cities/AnjouanAttractions.swift (in target 'TravelTap' from project 'TravelTap')
    cd /Users/erders/Documents/TravelTap
    

SwiftCompile normal arm64 /Users/erders/Documents/TravelTap/TravelTap/Data/Countries/Africa/EastAfrica/Comoros/Cities/GrandeComoreAttractions.swift (in target 'TravelTap' from project 'TravelTap')
    cd /Users/erders/Documents/TravelTap
    

SwiftCompile normal arm64 /Users/erders/Documents/TravelTap/TravelTap/Data/Countries/Africa/EastAfrica/Comoros/Cities/MoheliAttractions.swift (in target 'TravelTap' from project 'TravelTap')
    cd /Users/erders/Documents/TravelTap
    

SwiftCompile normal arm64 /Users/erders/Documents/TravelTap/TravelTap/Data/Countries/Africa/EastAfrica/Comoros/ComorosPackage.swift (in target 'TravelTap' from project 'TravelTap')
    cd /Users/erders/Documents/TravelTap
    

SwiftCompile normal arm64 /Users/erders/Documents/TravelTap/TravelTap/Data/Countries/Africa/EastAfrica/Djibouti/Cities/DjiboutiCityBeachesAttractions.swift (in target 'TravelTap' from project 'TravelTap')
    cd /Users/erders/Documents/TravelTap
    

SwiftCompile normal arm64 /Users/erders/Documents/TravelTap/TravelTap/Data/Countries/Africa/EastAfrica/Djibouti/Cities/DjiboutiSouthWestAttractions.swift (in target 'TravelTap' from project 'TravelTap')
    cd /Users/erders/Documents/TravelTap
    

SwiftCompile normal arm64 /Users/erders/Documents/TravelTap/TravelTap/Data/Countries/Africa/EastAfrica/Djibouti/Cities/TadjouraNorthAttractions.swift (in target 'TravelTap' from project 'TravelTap')
    cd /Users/erders/Documents/TravelTap
    

SwiftCompile normal arm64 /Users/erders/Documents/TravelTap/TravelTap/Data/Countries/Africa/EastAfrica/Djibouti/DjiboutiPackage.swift (in target 'TravelTap' from project 'TravelTap')
    cd /Users/erders/Documents/TravelTap
    

SwiftCompile normal arm64 Compiling\ MozNorthIslandsAttractions.swift,\ MozambiquePackage.swift,\ AkageraEastAttractions.swift,\ KigaliCentralAttractions.swift,\ SouthernRwandaAttractions.swift,\ VolcanoesNorthAttractions.swift,\ WesternLakeKivuAttractions.swift,\ RwandaPackage.swift,\ LaDigueAttractions.swift,\ MaheAttractions.swift,\ OuterIslandsSeychellesAttractions.swift,\ PraslinAttractions.swift,\ SeychellesPackage.swift,\ MogadishuBanadirAttractions.swift,\ NorthEastPuntlandAttractions.swift,\ NorthernSomaliaAttractions.swift,\ SouthCentralSomaliaAttractions.swift,\ SomaliaPackage.swift,\ EasternSouthSudanAttractions.swift,\ JubaCentralAttractions.swift,\ NationalParksWildernessAttractions.swift,\ WesternSouthSudanAttractions.swift,\ SouthSudanPackage.swift,\ TanzaniaPackage.swift,\ CentralLakeVictoriaAttractions.swift /Users/erders/Documents/TravelTap/TravelTap/Data/Countries/Africa/EastAfrica/Mozambique/Cities/MozNorthIslandsAttractions.swift /Users/erders/Documents/TravelTap/TravelTap/Data/Countries/Africa/EastAfrica/Mozambique/MozambiquePackage.swift /Users/erders/Documents/TravelTap/TravelTap/Data/Countries/Africa/EastAfrica/Rwanda/Cities/AkageraEastAttractions.swift /Users/erders/Documents/TravelTap/TravelTap/Data/Countries/Africa/EastAfrica/Rwanda/Cities/KigaliCentralAttractions.swift /Users/erders/Documents/TravelTap/TravelTap/Data/Countries/Africa/EastAfrica/Rwanda/Cities/SouthernRwandaAttractions.swift /Users/erders/Documents/TravelTap/TravelTap/Data/Countries/Africa/EastAfrica/Rwanda/Cities/VolcanoesNorthAttractions.swift /Users/erders/Documents/TravelTap/TravelTap/Data/Countries/Africa/EastAfrica/Rwanda/Cities/WesternLakeKivuAttractions.swift /Users/erders/Documents/TravelTap/TravelTap/Data/Countries/Africa/EastAfrica/Rwanda/RwandaPackage.swift /Users/erders/Documents/TravelTap/TravelTap/Data/Countries/Africa/EastAfrica/Seychelles/Cities/LaDigueAttractions.swift /Users/erders/Documents/TravelTap/TravelTap/Data/Countries/Africa/EastAfrica/Seychelles/Cities/MaheAttractions.swift /Users/erders/Documents/TravelTap/TravelTap/Data/Countries/Africa/EastAfrica/Seychelles/Cities/OuterIslandsSeychellesAttractions.swift /Users/erders/Documents/TravelTap/TravelTap/Data/Countries/Africa/EastAfrica/Seychelles/Cities/PraslinAttractions.swift /Users/erders/Documents/TravelTap/TravelTap/Data/Countries/Africa/EastAfrica/Seychelles/SeychellesPackage.swift /Users/erders/Documents/TravelTap/TravelTap/Data/Countries/Africa/EastAfrica/Somalia/Cities/MogadishuBanadirAttractions.swift /Users/erders/Documents/TravelTap/TravelTap/Data/Countries/Africa/EastAfrica/Somalia/Cities/NorthEastPuntlandAttractions.swift /Users/erders/Documents/TravelTap/TravelTap/Data/Countries/Africa/EastAfrica/Somalia/Cities/NorthernSomaliaAttractions.swift /Users/erders/Documents/TravelTap/TravelTap/Data/Countries/Africa/EastAfrica/Somalia/Cities/SouthCentralSomaliaAttractions.swift /Users/erders/Documents/TravelTap/TravelTap/Data/Countries/Africa/EastAfrica/Somalia/SomaliaPackage.swift /Users/erders/Documents/TravelTap/TravelTap/Data/Countries/Africa/EastAfrica/SouthSudan/Cities/EasternSouthSudanAttractions.swift /Users/erders/Documents/TravelTap/TravelTap/Data/Countries/Africa/EastAfrica/SouthSudan/Cities/JubaCentralAttractions.swift /Users/erders/Documents/TravelTap/TravelTap/Data/Countries/Africa/EastAfrica/SouthSudan/Cities/NationalParksWildernessAttractions.swift /Users/erders/Documents/TravelTap/TravelTap/Data/Countries/Africa/EastAfrica/SouthSudan/Cities/WesternSouthSudanAttractions.swift /Users/erders/Documents/TravelTap/TravelTap/Data/Countries/Africa/EastAfrica/SouthSudan/SouthSudanPackage.swift /Users/erders/Documents/TravelTap/TravelTap/Data/Countries/Africa/EastAfrica/Tanzania/TanzaniaPackage.swift /Users/erders/Documents/TravelTap/TravelTap/Data/Countries/Africa/EastAfrica/Uganda/Cities/CentralLakeVictoriaAttractions.swift (in target 'TravelTap' from project 'TravelTap')

SwiftCompile normal arm64 /Users/erders/Documents/TravelTap/TravelTap/Data/Countries/Africa/EastAfrica/Mozambique/Cities/MozNorthIslandsAttractions.swift (in target 'TravelTap' from project 'TravelTap')
    cd /Users/erders/Documents/TravelTap
    

SwiftCompile normal arm64 /Users/erders/Documents/TravelTap/TravelTap/Data/Countries/Africa/EastAfrica/Mozambique/MozambiquePackage.swift (in target 'TravelTap' from project 'TravelTap')
    cd /Users/erders/Documents/TravelTap
    

SwiftCompile normal arm64 /Users/erders/Documents/TravelTap/TravelTap/Data/Countries/Africa/EastAfrica/Rwanda/Cities/AkageraEastAttractions.swift (in target 'TravelTap' from project 'TravelTap')
    cd /Users/erders/Documents/TravelTap
    

SwiftCompile normal arm64 /Users/erders/Documents/TravelTap/TravelTap/Data/Countries/Africa/EastAfrica/Rwanda/Cities/KigaliCentralAttractions.swift (in target 'TravelTap' from project 'TravelTap')
    cd /Users/erders/Documents/TravelTap
    

SwiftCompile normal arm64 /Users/erders/Documents/TravelTap/TravelTap/Data/Countries/Africa/EastAfrica/Rwanda/Cities/SouthernRwandaAttractions.swift (in target 'TravelTap' from project 'TravelTap')
    cd /Users/erders/Documents/TravelTap
    

SwiftCompile normal arm64 /Users/erders/Documents/TravelTap/TravelTap/Data/Countries/Africa/EastAfrica/Rwanda/Cities/VolcanoesNorthAttractions.swift (in target 'TravelTap' from project 'TravelTap')
    cd /Users/erders/Documents/TravelTap
    

SwiftCompile normal arm64 /Users/erders/Documents/TravelTap/TravelTap/Data/Countries/Africa/EastAfrica/Rwanda/Cities/WesternLakeKivuAttractions.swift (in target 'TravelTap' from project 'TravelTap')
    cd /Users/erders/Documents/TravelTap
    

SwiftCompile normal arm64 /Users/erders/Documents/TravelTap/TravelTap/Data/Countries/Africa/EastAfrica/Rwanda/RwandaPackage.swift (in target 'TravelTap' from project 'TravelTap')
    cd /Users/erders/Documents/TravelTap
    

SwiftCompile normal arm64 /Users/erders/Documents/TravelTap/TravelTap/Data/Countries/Africa/EastAfrica/Seychelles/Cities/LaDigueAttractions.swift (in target 'TravelTap' from project 'TravelTap')
    cd /Users/erders/Documents/TravelTap
    

SwiftCompile normal arm64 /Users/erders/Documents/TravelTap/TravelTap/Data/Countries/Africa/EastAfrica/Seychelles/Cities/MaheAttractions.swift (in target 'TravelTap' from project 'TravelTap')
    cd /Users/erders/Documents/TravelTap
    

SwiftCompile normal arm64 /Users/erders/Documents/TravelTap/TravelTap/Data/Countries/Africa/EastAfrica/Seychelles/Cities/OuterIslandsSeychellesAttractions.swift (in target 'TravelTap' from project 'TravelTap')
    cd /Users/erders/Documents/TravelTap
    

SwiftCompile normal arm64 /Users/erders/Documents/TravelTap/TravelTap/Data/Countries/Africa/EastAfrica/Seychelles/Cities/PraslinAttractions.swift (in target 'TravelTap' from project 'TravelTap')
    cd /Users/erders/Documents/TravelTap
    

SwiftCompile normal arm64 /Users/erders/Documents/TravelTap/TravelTap/Data/Countries/Africa/EastAfrica/Seychelles/SeychellesPackage.swift (in target 'TravelTap' from project 'TravelTap')
    cd /Users/erders/Documents/TravelTap
    

SwiftCompile normal arm64 /Users/erders/Documents/TravelTap/TravelTap/Data/Countries/Africa/EastAfrica/Somalia/Cities/MogadishuBanadirAttractions.swift (in target 'TravelTap' from project 'TravelTap')
    cd /Users/erders/Documents/TravelTap
    

SwiftCompile normal arm64 /Users/erders/Documents/TravelTap/TravelTap/Data/Countries/Africa/EastAfrica/Somalia/Cities/NorthEastPuntlandAttractions.swift (in target 'TravelTap' from project 'TravelTap')
    cd /Users/erders/Documents/TravelTap
    

SwiftCompile normal arm64 /Users/erders/Documents/TravelTap/TravelTap/Data/Countries/Africa/EastAfrica/Somalia/Cities/NorthernSomaliaAttractions.swift (in target 'TravelTap' from project 'TravelTap')
    cd /Users/erders/Documents/TravelTap
    

SwiftCompile normal arm64 /Users/erders/Documents/TravelTap/TravelTap/Data/Countries/Africa/EastAfrica/Somalia/Cities/SouthCentralSomaliaAttractions.swift (in target 'TravelTap' from project 'TravelTap')
    cd /Users/erders/Documents/TravelTap
    

SwiftCompile normal arm64 /Users/erders/Documents/TravelTap/TravelTap/Data/Countries/Africa/EastAfrica/Somalia/SomaliaPackage.swift (in target 'TravelTap' from project 'TravelTap')
    cd /Users/erders/Documents/TravelTap
    

SwiftCompile normal arm64 /Users/erders/Documents/TravelTap/TravelTap/Data/Countries/Africa/EastAfrica/SouthSudan/Cities/EasternSouthSudanAttractions.swift (in target 'TravelTap' from project 'TravelTap')
    cd /Users/erders/Documents/TravelTap
    

SwiftCompile normal arm64 /Users/erders/Documents/TravelTap/TravelTap/Data/Countries/Africa/EastAfrica/SouthSudan/Cities/JubaCentralAttractions.swift (in target 'TravelTap' from project 'TravelTap')
    cd /Users/erders/Documents/TravelTap
    

SwiftCompile normal arm64 /Users/erders/Documents/TravelTap/TravelTap/Data/Countries/Africa/EastAfrica/SouthSudan/Cities/NationalParksWildernessAttractions.swift (in target 'TravelTap' from project 'TravelTap')
    cd /Users/erders/Documents/TravelTap
    

SwiftCompile normal arm64 /Users/erders/Documents/TravelTap/TravelTap/Data/Countries/Africa/EastAfrica/SouthSudan/Cities/WesternSouthSudanAttractions.swift (in target 'TravelTap' from project 'TravelTap')
    cd /Users/erders/Documents/TravelTap
    

SwiftCompile normal arm64 /Users/erders/Documents/TravelTap/TravelTap/Data/Countries/Africa/EastAfrica/SouthSudan/SouthSudanPackage.swift (in target 'TravelTap' from project 'TravelTap')
    cd /Users/erders/Documents/TravelTap
    

SwiftCompile normal arm64 /Users/erders/Documents/TravelTap/TravelTap/Data/Countries/Africa/EastAfrica/Tanzania/TanzaniaPackage.swift (in target 'TravelTap' from project 'TravelTap')
    cd /Users/erders/Documents/TravelTap
    

SwiftCompile normal arm64 /Users/erders/Documents/TravelTap/TravelTap/Data/Countries/Africa/EastAfrica/Uganda/Cities/CentralLakeVictoriaAttractions.swift (in target 'TravelTap' from project 'TravelTap')
    cd /Users/erders/Documents/TravelTap
    

SwiftCompile normal arm64 Compiling\ AsmaraAttractions.swift,\ KerenHighlandsAttractions.swift,\ MassawaCoastAttractions.swift,\ SouthArchaeologyAttractions.swift,\ EritreaPackage.swift,\ AddisAbabaAttractions.swift,\ EasternEthiopiaAttractions.swift,\ NorthernEthiopiaAttractions.swift,\ SouthernEthiopiaAttractions.swift,\ EthiopiaPackage.swift,\ KenyaPackage.swift,\ CentralHighlandsAttractions.swift,\ EastRainforestsAttractions.swift,\ NorthIslandsAttractions.swift,\ WestSouthAttractions.swift,\ MadagascarPackage.swift,\ LakeMalawiAttractions.swift,\ LilongweCentralAttractions.swift,\ NorthernMalawiAttractions.swift,\ SouthernMalawiAttractions.swift,\ MalawiPackage.swift,\ MauritiusPackage.swift,\ CentralMozambiqueAttractions.swift,\ InhambaneCoastAttractions.swift,\ MaputoSouthAttractions.swift /Users/erders/Documents/TravelTap/TravelTap/Data/Countries/Africa/EastAfrica/Eritrea/Cities/AsmaraAttractions.swift /Users/erders/Documents/TravelTap/TravelTap/Data/Countries/Africa/EastAfrica/Eritrea/Cities/KerenHighlandsAttractions.swift /Users/erders/Documents/TravelTap/TravelTap/Data/Countries/Africa/EastAfrica/Eritrea/Cities/MassawaCoastAttractions.swift /Users/erders/Documents/TravelTap/TravelTap/Data/Countries/Africa/EastAfrica/Eritrea/Cities/SouthArchaeologyAttractions.swift /Users/erders/Documents/TravelTap/TravelTap/Data/Countries/Africa/EastAfrica/Eritrea/EritreaPackage.swift /Users/erders/Documents/TravelTap/TravelTap/Data/Countries/Africa/EastAfrica/Ethiopia/Cities/AddisAbabaAttractions.swift /Users/erders/Documents/TravelTap/TravelTap/Data/Countries/Africa/EastAfrica/Ethiopia/Cities/EasternEthiopiaAttractions.swift /Users/erders/Documents/TravelTap/TravelTap/Data/Countries/Africa/EastAfrica/Ethiopia/Cities/NorthernEthiopiaAttractions.swift /Users/erders/Documents/TravelTap/TravelTap/Data/Countries/Africa/EastAfrica/Ethiopia/Cities/SouthernEthiopiaAttractions.swift /Users/erders/Documents/TravelTap/TravelTap/Data/Countries/Africa/EastAfrica/Ethiopia/EthiopiaPackage.swift /Users/erders/Documents/TravelTap/TravelTap/Data/Countries/Africa/EastAfrica/Kenya/KenyaPackage.swift /Users/erders/Documents/TravelTap/TravelTap/Data/Countries/Africa/EastAfrica/Madagascar/Cities/CentralHighlandsAttractions.swift /Users/erders/Documents/TravelTap/TravelTap/Data/Countries/Africa/EastAfrica/Madagascar/Cities/EastRainforestsAttractions.swift /Users/erders/Documents/TravelTap/TravelTap/Data/Countries/Africa/EastAfrica/Madagascar/Cities/NorthIslandsAttractions.swift /Users/erders/Documents/TravelTap/TravelTap/Data/Countries/Africa/EastAfrica/Madagascar/Cities/WestSouthAttractions.swift /Users/erders/Documents/TravelTap/TravelTap/Data/Countries/Africa/EastAfrica/Madagascar/MadagascarPackage.swift /Users/erders/Documents/TravelTap/TravelTap/Data/Countries/Africa/EastAfrica/Malawi/Cities/LakeMalawiAttractions.swift /Users/erders/Documents/TravelTap/TravelTap/Data/Countries/Africa/EastAfrica/Malawi/Cities/LilongweCentralAttractions.swift /Users/erders/Documents/TravelTap/TravelTap/Data/Countries/Africa/EastAfrica/Malawi/Cities/NorthernMalawiAttractions.swift /Users/erders/Documents/TravelTap/TravelTap/Data/Countries/Africa/EastAfrica/Malawi/Cities/SouthernMalawiAttractions.swift /Users/erders/Documents/TravelTap/TravelTap/Data/Countries/Africa/EastAfrica/Malawi/MalawiPackage.swift /Users/erders/Documents/TravelTap/TravelTap/Data/Countries/Africa/EastAfrica/Mauritius/MauritiusPackage.swift /Users/erders/Documents/TravelTap/TravelTap/Data/Countries/Africa/EastAfrica/Mozambique/Cities/CentralMozambiqueAttractions.swift /Users/erders/Documents/TravelTap/TravelTap/Data/Countries/Africa/EastAfrica/Mozambique/Cities/InhambaneCoastAttractions.swift /Users/erders/Documents/TravelTap/TravelTap/Data/Countries/Africa/EastAfrica/Mozambique/Cities/MaputoSouthAttractions.swift (in target 'TravelTap' from project 'TravelTap')

SwiftCompile normal arm64 /Users/erders/Documents/TravelTap/TravelTap/Data/Countries/Africa/EastAfrica/Eritrea/Cities/AsmaraAttractions.swift (in target 'TravelTap' from project 'TravelTap')
    cd /Users/erders/Documents/TravelTap
    

SwiftCompile normal arm64 /Users/erders/Documents/TravelTap/TravelTap/Data/Countries/Africa/EastAfrica/Eritrea/Cities/KerenHighlandsAttractions.swift (in target 'TravelTap' from project 'TravelTap')
    cd /Users/erders/Documents/TravelTap
    

SwiftCompile normal arm64 /Users/erders/Documents/TravelTap/TravelTap/Data/Countries/Africa/EastAfrica/Eritrea/Cities/MassawaCoastAttractions.swift (in target 'TravelTap' from project 'TravelTap')
    cd /Users/erders/Documents/TravelTap
    

SwiftCompile normal arm64 /Users/erders/Documents/TravelTap/TravelTap/Data/Countries/Africa/EastAfrica/Eritrea/Cities/SouthArchaeologyAttractions.swift (in target 'TravelTap' from project 'TravelTap')
    cd /Users/erders/Documents/TravelTap
    

SwiftCompile normal arm64 /Users/erders/Documents/TravelTap/TravelTap/Data/Countries/Africa/EastAfrica/Eritrea/EritreaPackage.swift (in target 'TravelTap' from project 'TravelTap')
    cd /Users/erders/Documents/TravelTap
    

SwiftCompile normal arm64 /Users/erders/Documents/TravelTap/TravelTap/Data/Countries/Africa/EastAfrica/Ethiopia/Cities/AddisAbabaAttractions.swift (in target 'TravelTap' from project 'TravelTap')
    cd /Users/erders/Documents/TravelTap
    

SwiftCompile normal arm64 /Users/erders/Documents/TravelTap/TravelTap/Data/Countries/Africa/EastAfrica/Ethiopia/Cities/EasternEthiopiaAttractions.swift (in target 'TravelTap' from project 'TravelTap')
    cd /Users/erders/Documents/TravelTap
    

SwiftCompile normal arm64 /Users/erders/Documents/TravelTap/TravelTap/Data/Countries/Africa/EastAfrica/Ethiopia/Cities/NorthernEthiopiaAttractions.swift (in target 'TravelTap' from project 'TravelTap')
    cd /Users/erders/Documents/TravelTap
    

SwiftCompile normal arm64 /Users/erders/Documents/TravelTap/TravelTap/Data/Countries/Africa/EastAfrica/Ethiopia/Cities/SouthernEthiopiaAttractions.swift (in target 'TravelTap' from project 'TravelTap')
    cd /Users/erders/Documents/TravelTap
    

SwiftCompile normal arm64 /Users/erders/Documents/TravelTap/TravelTap/Data/Countries/Africa/EastAfrica/Ethiopia/EthiopiaPackage.swift (in target 'TravelTap' from project 'TravelTap')
    cd /Users/erders/Documents/TravelTap
    

SwiftCompile normal arm64 /Users/erders/Documents/TravelTap/TravelTap/Data/Countries/Africa/EastAfrica/Kenya/KenyaPackage.swift (in target 'TravelTap' from project 'TravelTap')
    cd /Users/erders/Documents/TravelTap
    

SwiftCompile normal arm64 /Users/erders/Documents/TravelTap/TravelTap/Data/Countries/Africa/EastAfrica/Madagascar/Cities/CentralHighlandsAttractions.swift (in target 'TravelTap' from project 'TravelTap')
    cd /Users/erders/Documents/TravelTap
    

SwiftCompile normal arm64 /Users/erders/Documents/TravelTap/TravelTap/Data/Countries/Africa/EastAfrica/Madagascar/Cities/EastRainforestsAttractions.swift (in target 'TravelTap' from project 'TravelTap')
    cd /Users/erders/Documents/TravelTap
    

SwiftCompile normal arm64 /Users/erders/Documents/TravelTap/TravelTap/Data/Countries/Africa/EastAfrica/Madagascar/Cities/NorthIslandsAttractions.swift (in target 'TravelTap' from project 'TravelTap')
    cd /Users/erders/Documents/TravelTap
    

SwiftCompile normal arm64 /Users/erders/Documents/TravelTap/TravelTap/Data/Countries/Africa/EastAfrica/Madagascar/Cities/WestSouthAttractions.swift (in target 'TravelTap' from project 'TravelTap')
    cd /Users/erders/Documents/TravelTap
    

SwiftCompile normal arm64 /Users/erders/Documents/TravelTap/TravelTap/Data/Countries/Africa/EastAfrica/Madagascar/MadagascarPackage.swift (in target 'TravelTap' from project 'TravelTap')
    cd /Users/erders/Documents/TravelTap
    

SwiftCompile normal arm64 /Users/erders/Documents/TravelTap/TravelTap/Data/Countries/Africa/EastAfrica/Malawi/Cities/LakeMalawiAttractions.swift (in target 'TravelTap' from project 'TravelTap')
    cd /Users/erders/Documents/TravelTap
    

SwiftCompile normal arm64 /Users/erders/Documents/TravelTap/TravelTap/Data/Countries/Africa/EastAfrica/Malawi/Cities/LilongweCentralAttractions.swift (in target 'TravelTap' from project 'TravelTap')
    cd /Users/erders/Documents/TravelTap
    

SwiftCompile normal arm64 /Users/erders/Documents/TravelTap/TravelTap/Data/Countries/Africa/EastAfrica/Malawi/Cities/NorthernMalawiAttractions.swift (in target 'TravelTap' from project 'TravelTap')
    cd /Users/erders/Documents/TravelTap
    

SwiftCompile normal arm64 /Users/erders/Documents/TravelTap/TravelTap/Data/Countries/Africa/EastAfrica/Malawi/Cities/SouthernMalawiAttractions.swift (in target 'TravelTap' from project 'TravelTap')
    cd /Users/erders/Documents/TravelTap
    

SwiftCompile normal arm64 /Users/erders/Documents/TravelTap/TravelTap/Data/Countries/Africa/EastAfrica/Malawi/MalawiPackage.swift (in target 'TravelTap' from project 'TravelTap')
    cd /Users/erders/Documents/TravelTap
    

SwiftCompile normal arm64 /Users/erders/Documents/TravelTap/TravelTap/Data/Countries/Africa/EastAfrica/Mauritius/MauritiusPackage.swift (in target 'TravelTap' from project 'TravelTap')
    cd /Users/erders/Documents/TravelTap
    

SwiftCompile normal arm64 /Users/erders/Documents/TravelTap/TravelTap/Data/Countries/Africa/EastAfrica/Mozambique/Cities/CentralMozambiqueAttractions.swift (in target 'TravelTap' from project 'TravelTap')
    cd /Users/erders/Documents/TravelTap
    

SwiftCompile normal arm64 /Users/erders/Documents/TravelTap/TravelTap/Data/Countries/Africa/EastAfrica/Mozambique/Cities/InhambaneCoastAttractions.swift (in target 'TravelTap' from project 'TravelTap')
    cd /Users/erders/Documents/TravelTap
    

SwiftCompile normal arm64 /Users/erders/Documents/TravelTap/TravelTap/Data/Countries/Africa/EastAfrica/Mozambique/Cities/MaputoSouthAttractions.swift (in target 'TravelTap' from project 'TravelTap')
    cd /Users/erders/Documents/TravelTap
    

SwiftCompile normal arm64 Compiling\ BucketListCityView.swift,\ AppInfoView.swift,\ TravelStatsCardView.swift,\ AngolaPackage.swift,\ BenguelaAttractions.swift,\ HuilaAttractions.swift,\ KwanzaNorteAttractions.swift,\ LuandaAttractions.swift,\ MalanjeAttractions.swift,\ MbanzaKongoAttractions.swift,\ MoxicoAttractions.swift,\ NamibeAttractions.swift,\ CameroonPackage.swift,\ DoualaAttractions.swift,\ NorthAttractions.swift,\ SouthAttractions.swift,\ SouthWestAttractions.swift,\ WestNorthWestAttractions.swift,\ YaoundeAttractions.swift,\ CentralAfricanRepublicPackage.swift,\ BanguiAttractions.swift,\ BoaliAttractions.swift,\ CentralCARAttractions.swift,\ DzangaSanghaAttractions.swift,\ NorthernParksAttractions.swift /Users/erders/Documents/TravelTap/TravelTap/Views/BucketListCityView.swift /Users/erders/Documents/TravelTap/TravelTap/Views/AppInfoView.swift /Users/erders/Documents/TravelTap/TravelTap/Views/TravelStatsCardView.swift /Users/erders/Documents/TravelTap/TravelTap/Data/Countries/Africa/CentralAfrica/Angola/AngolaPackage.swift /Users/erders/Documents/TravelTap/TravelTap/Data/Countries/Africa/CentralAfrica/Angola/Cities/BenguelaAttractions.swift /Users/erders/Documents/TravelTap/TravelTap/Data/Countries/Africa/CentralAfrica/Angola/Cities/HuilaAttractions.swift /Users/erders/Documents/TravelTap/TravelTap/Data/Countries/Africa/CentralAfrica/Angola/Cities/KwanzaNorteAttractions.swift /Users/erders/Documents/TravelTap/TravelTap/Data/Countries/Africa/CentralAfrica/Angola/Cities/LuandaAttractions.swift /Users/erders/Documents/TravelTap/TravelTap/Data/Countries/Africa/CentralAfrica/Angola/Cities/MalanjeAttractions.swift /Users/erders/Documents/TravelTap/TravelTap/Data/Countries/Africa/CentralAfrica/Angola/Cities/MbanzaKongoAttractions.swift /Users/erders/Documents/TravelTap/TravelTap/Data/Countries/Africa/CentralAfrica/Angola/Cities/MoxicoAttractions.swift /Users/erders/Documents/TravelTap/TravelTap/Data/Countries/Africa/CentralAfrica/Angola/Cities/NamibeAttractions.swift /Users/erders/Documents/TravelTap/TravelTap/Data/Countries/Africa/CentralAfrica/Cameroon/CameroonPackage.swift /Users/erders/Documents/TravelTap/TravelTap/Data/Countries/Africa/CentralAfrica/Cameroon/Cities/DoualaAttractions.swift /Users/erders/Documents/TravelTap/TravelTap/Data/Countries/Africa/CentralAfrica/Cameroon/Cities/NorthAttractions.swift /Users/erders/Documents/TravelTap/TravelTap/Data/Countries/Africa/CentralAfrica/Cameroon/Cities/SouthAttractions.swift /Users/erders/Documents/TravelTap/TravelTap/Data/Countries/Africa/CentralAfrica/Cameroon/Cities/SouthWestAttractions.swift /Users/erders/Documents/TravelTap/TravelTap/Data/Countries/Africa/CentralAfrica/Cameroon/Cities/WestNorthWestAttractions.swift /Users/erders/Documents/TravelTap/TravelTap/Data/Countries/Africa/CentralAfrica/Cameroon/Cities/YaoundeAttractions.swift /Users/erders/Documents/TravelTap/TravelTap/Data/Countries/Africa/CentralAfrica/CentralAfricanRepublic/CentralAfricanRepublicPackage.swift /Users/erders/Documents/TravelTap/TravelTap/Data/Countries/Africa/CentralAfrica/CentralAfricanRepublic/Cities/BanguiAttractions.swift /Users/erders/Documents/TravelTap/TravelTap/Data/Countries/Africa/CentralAfrica/CentralAfricanRepublic/Cities/BoaliAttractions.swift /Users/erders/Documents/TravelTap/TravelTap/Data/Countries/Africa/CentralAfrica/CentralAfricanRepublic/Cities/CentralCARAttractions.swift /Users/erders/Documents/TravelTap/TravelTap/Data/Countries/Africa/CentralAfrica/CentralAfricanRepublic/Cities/DzangaSanghaAttractions.swift /Users/erders/Documents/TravelTap/TravelTap/Data/Countries/Africa/CentralAfrica/CentralAfricanRepublic/Cities/NorthernParksAttractions.swift (in target 'TravelTap' from project 'TravelTap')
SwiftCompile normal arm64 /Users/erders/Documents/TravelTap/TravelTap/Views/BucketListCityView.swift (in target 'TravelTap' from project 'TravelTap')
    cd /Users/erders/Documents/TravelTap
    

SwiftCompile normal arm64 /Users/erders/Documents/TravelTap/TravelTap/Views/AppInfoView.swift (in target 'TravelTap' from project 'TravelTap')
    cd /Users/erders/Documents/TravelTap
    

SwiftCompile normal arm64 /Users/erders/Documents/TravelTap/TravelTap/Views/TravelStatsCardView.swift (in target 'TravelTap' from project 'TravelTap')
    cd /Users/erders/Documents/TravelTap
    

SwiftCompile normal arm64 /Users/erders/Documents/TravelTap/TravelTap/Data/Countries/Africa/CentralAfrica/Angola/AngolaPackage.swift (in target 'TravelTap' from project 'TravelTap')
    cd /Users/erders/Documents/TravelTap
    

SwiftCompile normal arm64 /Users/erders/Documents/TravelTap/TravelTap/Data/Countries/Africa/CentralAfrica/Angola/Cities/BenguelaAttractions.swift (in target 'TravelTap' from project 'TravelTap')
    cd /Users/erders/Documents/TravelTap
    

SwiftCompile normal arm64 /Users/erders/Documents/TravelTap/TravelTap/Data/Countries/Africa/CentralAfrica/Angola/Cities/HuilaAttractions.swift (in target 'TravelTap' from project 'TravelTap')
    cd /Users/erders/Documents/TravelTap
    

SwiftCompile normal arm64 /Users/erders/Documents/TravelTap/TravelTap/Data/Countries/Africa/CentralAfrica/Angola/Cities/KwanzaNorteAttractions.swift (in target 'TravelTap' from project 'TravelTap')
    cd /Users/erders/Documents/TravelTap
    

SwiftCompile normal arm64 /Users/erders/Documents/TravelTap/TravelTap/Data/Countries/Africa/CentralAfrica/Angola/Cities/LuandaAttractions.swift (in target 'TravelTap' from project 'TravelTap')
    cd /Users/erders/Documents/TravelTap
    

SwiftCompile normal arm64 /Users/erders/Documents/TravelTap/TravelTap/Data/Countries/Africa/CentralAfrica/Angola/Cities/MalanjeAttractions.swift (in target 'TravelTap' from project 'TravelTap')
    cd /Users/erders/Documents/TravelTap
    

SwiftCompile normal arm64 /Users/erders/Documents/TravelTap/TravelTap/Data/Countries/Africa/CentralAfrica/Angola/Cities/MbanzaKongoAttractions.swift (in target 'TravelTap' from project 'TravelTap')
    cd /Users/erders/Documents/TravelTap
    

SwiftCompile normal arm64 /Users/erders/Documents/TravelTap/TravelTap/Data/Countries/Africa/CentralAfrica/Angola/Cities/MoxicoAttractions.swift (in target 'TravelTap' from project 'TravelTap')
    cd /Users/erders/Documents/TravelTap
    

SwiftCompile normal arm64 /Users/erders/Documents/TravelTap/TravelTap/Data/Countries/Africa/CentralAfrica/Angola/Cities/NamibeAttractions.swift (in target 'TravelTap' from project 'TravelTap')
    cd /Users/erders/Documents/TravelTap
    

SwiftCompile normal arm64 /Users/erders/Documents/TravelTap/TravelTap/Data/Countries/Africa/CentralAfrica/Cameroon/CameroonPackage.swift (in target 'TravelTap' from project 'TravelTap')
    cd /Users/erders/Documents/TravelTap
    

SwiftCompile normal arm64 /Users/erders/Documents/TravelTap/TravelTap/Data/Countries/Africa/CentralAfrica/Cameroon/Cities/DoualaAttractions.swift (in target 'TravelTap' from project 'TravelTap')
    cd /Users/erders/Documents/TravelTap
    

SwiftCompile normal arm64 /Users/erders/Documents/TravelTap/TravelTap/Data/Countries/Africa/CentralAfrica/Cameroon/Cities/NorthAttractions.swift (in target 'TravelTap' from project 'TravelTap')
    cd /Users/erders/Documents/TravelTap
    

SwiftCompile normal arm64 /Users/erders/Documents/TravelTap/TravelTap/Data/Countries/Africa/CentralAfrica/Cameroon/Cities/SouthAttractions.swift (in target 'TravelTap' from project 'TravelTap')
    cd /Users/erders/Documents/TravelTap
    

SwiftCompile normal arm64 /Users/erders/Documents/TravelTap/TravelTap/Data/Countries/Africa/CentralAfrica/Cameroon/Cities/SouthWestAttractions.swift (in target 'TravelTap' from project 'TravelTap')
    cd /Users/erders/Documents/TravelTap
    

SwiftCompile normal arm64 /Users/erders/Documents/TravelTap/TravelTap/Data/Countries/Africa/CentralAfrica/Cameroon/Cities/WestNorthWestAttractions.swift (in target 'TravelTap' from project 'TravelTap')
    cd /Users/erders/Documents/TravelTap
    

SwiftCompile normal arm64 /Users/erders/Documents/TravelTap/TravelTap/Data/Countries/Africa/CentralAfrica/Cameroon/Cities/YaoundeAttractions.swift (in target 'TravelTap' from project 'TravelTap')
    cd /Users/erders/Documents/TravelTap
    

SwiftCompile normal arm64 /Users/erders/Documents/TravelTap/TravelTap/Data/Countries/Africa/CentralAfrica/CentralAfricanRepublic/CentralAfricanRepublicPackage.swift (in target 'TravelTap' from project 'TravelTap')
    cd /Users/erders/Documents/TravelTap
    

SwiftCompile normal arm64 /Users/erders/Documents/TravelTap/TravelTap/Data/Countries/Africa/CentralAfrica/CentralAfricanRepublic/Cities/BanguiAttractions.swift (in target 'TravelTap' from project 'TravelTap')
    cd /Users/erders/Documents/TravelTap
    

SwiftCompile normal arm64 /Users/erders/Documents/TravelTap/TravelTap/Data/Countries/Africa/CentralAfrica/CentralAfricanRepublic/Cities/BoaliAttractions.swift (in target 'TravelTap' from project 'TravelTap')
    cd /Users/erders/Documents/TravelTap
    

SwiftCompile normal arm64 /Users/erders/Documents/TravelTap/TravelTap/Data/Countries/Africa/CentralAfrica/CentralAfricanRepublic/Cities/CentralCARAttractions.swift (in target 'TravelTap' from project 'TravelTap')
    cd /Users/erders/Documents/TravelTap
    

SwiftCompile normal arm64 /Users/erders/Documents/TravelTap/TravelTap/Data/Countries/Africa/CentralAfrica/CentralAfricanRepublic/Cities/DzangaSanghaAttractions.swift (in target 'TravelTap' from project 'TravelTap')
    cd /Users/erders/Documents/TravelTap
    

SwiftCompile normal arm64 /Users/erders/Documents/TravelTap/TravelTap/Data/Countries/Africa/CentralAfrica/CentralAfricanRepublic/Cities/NorthernParksAttractions.swift (in target 'TravelTap' from project 'TravelTap')
    cd /Users/erders/Documents/TravelTap
    

SwiftCompile normal arm64 Compiling\ SouthEastAttractions.swift,\ ChadPackage.swift,\ EnnediOuniangaAttractions.swift,\ LakeChadAttractions.swift,\ NDjamenaAttractions.swift,\ SouthernChadAttractions.swift,\ TibestiAttractions.swift,\ ZakoumaAttractions.swift,\ CentralBasinAttractions.swift,\ DRCNorthEastAttractions.swift,\ KatangaAttractions.swift,\ KinshasaWestAttractions.swift,\ NorthKivuAttractions.swift,\ SouthKivuAttractions.swift,\ DRCPackage.swift,\ BataAttractions.swift,\ BiokoIslandAttractions.swift,\ EquatorialGuineaIslandsAttractions.swift,\ MalaboAttractions.swift,\ NationalParksAttractions.swift,\ RioMuniAttractions.swift,\ EquatorialGuineaPackage.swift,\ GabonInteriorAttractions.swift,\ GabonNationalParksAttractions.swift,\ LibrevilleAttractions.swift /Users/erders/Documents/TravelTap/TravelTap/Data/Countries/Africa/CentralAfrica/CentralAfricanRepublic/Cities/SouthEastAttractions.swift /Users/erders/Documents/TravelTap/TravelTap/Data/Countries/Africa/CentralAfrica/Chad/ChadPackage.swift /Users/erders/Documents/TravelTap/TravelTap/Data/Countries/Africa/CentralAfrica/Chad/Cities/EnnediOuniangaAttractions.swift /Users/erders/Documents/TravelTap/TravelTap/Data/Countries/Africa/CentralAfrica/Chad/Cities/LakeChadAttractions.swift /Users/erders/Documents/TravelTap/TravelTap/Data/Countries/Africa/CentralAfrica/Chad/Cities/NDjamenaAttractions.swift /Users/erders/Documents/TravelTap/TravelTap/Data/Countries/Africa/CentralAfrica/Chad/Cities/SouthernChadAttractions.swift /Users/erders/Documents/TravelTap/TravelTap/Data/Countries/Africa/CentralAfrica/Chad/Cities/TibestiAttractions.swift /Users/erders/Documents/TravelTap/TravelTap/Data/Countries/Africa/CentralAfrica/Chad/Cities/ZakoumaAttractions.swift /Users/erders/Documents/TravelTap/TravelTap/Data/Countries/Africa/CentralAfrica/DRC/Cities/CentralBasinAttractions.swift /Users/erders/Documents/TravelTap/TravelTap/Data/Countries/Africa/CentralAfrica/DRC/Cities/DRCNorthEastAttractions.swift /Users/erders/Documents/TravelTap/TravelTap/Data/Countries/Africa/CentralAfrica/DRC/Cities/KatangaAttractions.swift /Users/erders/Documents/TravelTap/TravelTap/Data/Countries/Africa/CentralAfrica/DRC/Cities/KinshasaWestAttractions.swift /Users/erders/Documents/TravelTap/TravelTap/Data/Countries/Africa/CentralAfrica/DRC/Cities/NorthKivuAttractions.swift /Users/erders/Documents/TravelTap/TravelTap/Data/Countries/Africa/CentralAfrica/DRC/Cities/SouthKivuAttractions.swift /Users/erders/Documents/TravelTap/TravelTap/Data/Countries/Africa/CentralAfrica/DRC/DRCPackage.swift /Users/erders/Documents/TravelTap/TravelTap/Data/Countries/Africa/CentralAfrica/EquatorialGuinea/Cities/BataAttractions.swift /Users/erders/Documents/TravelTap/TravelTap/Data/Countries/Africa/CentralAfrica/EquatorialGuinea/Cities/BiokoIslandAttractions.swift /Users/erders/Documents/TravelTap/TravelTap/Data/Countries/Africa/CentralAfrica/EquatorialGuinea/Cities/EquatorialGuineaIslandsAttractions.swift /Users/erders/Documents/TravelTap/TravelTap/Data/Countries/Africa/CentralAfrica/EquatorialGuinea/Cities/MalaboAttractions.swift /Users/erders/Documents/TravelTap/TravelTap/Data/Countries/Africa/CentralAfrica/EquatorialGuinea/Cities/NationalParksAttractions.swift /Users/erders/Documents/TravelTap/TravelTap/Data/Countries/Africa/CentralAfrica/EquatorialGuinea/Cities/RioMuniAttractions.swift /Users/erders/Documents/TravelTap/TravelTap/Data/Countries/Africa/CentralAfrica/EquatorialGuinea/EquatorialGuineaPackage.swift /Users/erders/Documents/TravelTap/TravelTap/Data/Countries/Africa/CentralAfrica/Gabon/Cities/GabonInteriorAttractions.swift /Users/erders/Documents/TravelTap/TravelTap/Data/Countries/Africa/CentralAfrica/Gabon/Cities/GabonNationalParksAttractions.swift /Users/erders/Documents/TravelTap/TravelTap/Data/Countries/Africa/CentralAfrica/Gabon/Cities/LibrevilleAttractions.swift (in target 'TravelTap' from project 'TravelTap')

SwiftCompile normal arm64 /Users/erders/Documents/TravelTap/TravelTap/Data/Countries/Africa/CentralAfrica/CentralAfricanRepublic/Cities/SouthEastAttractions.swift (in target 'TravelTap' from project 'TravelTap')
    cd /Users/erders/Documents/TravelTap
    

SwiftCompile normal arm64 /Users/erders/Documents/TravelTap/TravelTap/Data/Countries/Africa/CentralAfrica/Chad/ChadPackage.swift (in target 'TravelTap' from project 'TravelTap')
    cd /Users/erders/Documents/TravelTap
    

SwiftCompile normal arm64 /Users/erders/Documents/TravelTap/TravelTap/Data/Countries/Africa/CentralAfrica/Chad/Cities/EnnediOuniangaAttractions.swift (in target 'TravelTap' from project 'TravelTap')
    cd /Users/erders/Documents/TravelTap
    

SwiftCompile normal arm64 /Users/erders/Documents/TravelTap/TravelTap/Data/Countries/Africa/CentralAfrica/Chad/Cities/LakeChadAttractions.swift (in target 'TravelTap' from project 'TravelTap')
    cd /Users/erders/Documents/TravelTap
    

SwiftCompile normal arm64 /Users/erders/Documents/TravelTap/TravelTap/Data/Countries/Africa/CentralAfrica/Chad/Cities/NDjamenaAttractions.swift (in target 'TravelTap' from project 'TravelTap')
    cd /Users/erders/Documents/TravelTap
    

SwiftCompile normal arm64 /Users/erders/Documents/TravelTap/TravelTap/Data/Countries/Africa/CentralAfrica/Chad/Cities/SouthernChadAttractions.swift (in target 'TravelTap' from project 'TravelTap')
    cd /Users/erders/Documents/TravelTap
    

SwiftCompile normal arm64 /Users/erders/Documents/TravelTap/TravelTap/Data/Countries/Africa/CentralAfrica/Chad/Cities/TibestiAttractions.swift (in target 'TravelTap' from project 'TravelTap')
    cd /Users/erders/Documents/TravelTap
    

SwiftCompile normal arm64 /Users/erders/Documents/TravelTap/TravelTap/Data/Countries/Africa/CentralAfrica/Chad/Cities/ZakoumaAttractions.swift (in target 'TravelTap' from project 'TravelTap')
    cd /Users/erders/Documents/TravelTap
    

SwiftCompile normal arm64 /Users/erders/Documents/TravelTap/TravelTap/Data/Countries/Africa/CentralAfrica/DRC/Cities/CentralBasinAttractions.swift (in target 'TravelTap' from project 'TravelTap')
    cd /Users/erders/Documents/TravelTap
    

SwiftCompile normal arm64 /Users/erders/Documents/TravelTap/TravelTap/Data/Countries/Africa/CentralAfrica/DRC/Cities/DRCNorthEastAttractions.swift (in target 'TravelTap' from project 'TravelTap')
    cd /Users/erders/Documents/TravelTap
    

SwiftCompile normal arm64 /Users/erders/Documents/TravelTap/TravelTap/Data/Countries/Africa/CentralAfrica/DRC/Cities/KatangaAttractions.swift (in target 'TravelTap' from project 'TravelTap')
    cd /Users/erders/Documents/TravelTap
    

SwiftCompile normal arm64 /Users/erders/Documents/TravelTap/TravelTap/Data/Countries/Africa/CentralAfrica/DRC/Cities/KinshasaWestAttractions.swift (in target 'TravelTap' from project 'TravelTap')
    cd /Users/erders/Documents/TravelTap
    

SwiftCompile normal arm64 /Users/erders/Documents/TravelTap/TravelTap/Data/Countries/Africa/CentralAfrica/DRC/Cities/NorthKivuAttractions.swift (in target 'TravelTap' from project 'TravelTap')
    cd /Users/erders/Documents/TravelTap
    

SwiftCompile normal arm64 /Users/erders/Documents/TravelTap/TravelTap/Data/Countries/Africa/CentralAfrica/DRC/Cities/SouthKivuAttractions.swift (in target 'TravelTap' from project 'TravelTap')
    cd /Users/erders/Documents/TravelTap
    

SwiftCompile normal arm64 /Users/erders/Documents/TravelTap/TravelTap/Data/Countries/Africa/CentralAfrica/DRC/DRCPackage.swift (in target 'TravelTap' from project 'TravelTap')
    cd /Users/erders/Documents/TravelTap
    

SwiftCompile normal arm64 /Users/erders/Documents/TravelTap/TravelTap/Data/Countries/Africa/CentralAfrica/EquatorialGuinea/Cities/BataAttractions.swift (in target 'TravelTap' from project 'TravelTap')
    cd /Users/erders/Documents/TravelTap
    

SwiftCompile normal arm64 /Users/erders/Documents/TravelTap/TravelTap/Data/Countries/Africa/CentralAfrica/EquatorialGuinea/Cities/BiokoIslandAttractions.swift (in target 'TravelTap' from project 'TravelTap')
    cd /Users/erders/Documents/TravelTap
    

SwiftCompile normal arm64 /Users/erders/Documents/TravelTap/TravelTap/Data/Countries/Africa/CentralAfrica/EquatorialGuinea/Cities/EquatorialGuineaIslandsAttractions.swift (in target 'TravelTap' from project 'TravelTap')
    cd /Users/erders/Documents/TravelTap
    

SwiftCompile normal arm64 /Users/erders/Documents/TravelTap/TravelTap/Data/Countries/Africa/CentralAfrica/EquatorialGuinea/Cities/MalaboAttractions.swift (in target 'TravelTap' from project 'TravelTap')
    cd /Users/erders/Documents/TravelTap
    

SwiftCompile normal arm64 /Users/erders/Documents/TravelTap/TravelTap/Data/Countries/Africa/CentralAfrica/EquatorialGuinea/Cities/NationalParksAttractions.swift (in target 'TravelTap' from project 'TravelTap')
    cd /Users/erders/Documents/TravelTap
    

SwiftCompile normal arm64 /Users/erders/Documents/TravelTap/TravelTap/Data/Countries/Africa/CentralAfrica/EquatorialGuinea/Cities/RioMuniAttractions.swift (in target 'TravelTap' from project 'TravelTap')
    cd /Users/erders/Documents/TravelTap
    

SwiftCompile normal arm64 /Users/erders/Documents/TravelTap/TravelTap/Data/Countries/Africa/CentralAfrica/EquatorialGuinea/EquatorialGuineaPackage.swift (in target 'TravelTap' from project 'TravelTap')
    cd /Users/erders/Documents/TravelTap
    

SwiftCompile normal arm64 /Users/erders/Documents/TravelTap/TravelTap/Data/Countries/Africa/CentralAfrica/Gabon/Cities/GabonInteriorAttractions.swift (in target 'TravelTap' from project 'TravelTap')
    cd /Users/erders/Documents/TravelTap
    

SwiftCompile normal arm64 /Users/erders/Documents/TravelTap/TravelTap/Data/Countries/Africa/CentralAfrica/Gabon/Cities/GabonNationalParksAttractions.swift (in target 'TravelTap' from project 'TravelTap')
    cd /Users/erders/Documents/TravelTap
    

SwiftCompile normal arm64 /Users/erders/Documents/TravelTap/TravelTap/Data/Countries/Africa/CentralAfrica/Gabon/Cities/LibrevilleAttractions.swift (in target 'TravelTap' from project 'TravelTap')
    cd /Users/erders/Documents/TravelTap
    

SwiftCompile normal arm64 Compiling\ SighnaghiAttractions.swift,\ TbilisiAttractions.swift,\ VardziaAttractions.swift,\ GeorgiaPackage.swift,\ AlmatyAttractions.swift,\ AstanaAttractions.swift,\ TurkestanAttractions.swift,\ KazakhstanPackage.swift,\ BishkekAttractions.swift,\ KarakolAttractions.swift,\ NarynAttractions.swift,\ OshAttractions.swift,\ KyrgyzstanPackage.swift,\ AshgabatAttractions.swift,\ DarvazaAttractions.swift,\ KunyaUrgenchAttractions.swift,\ MaryAttractions.swift,\ YangykalaAttractions.swift,\ TurkmenistanPackage.swift,\ BukharaAttractions.swift,\ KhivaAttractions.swift,\ NukusAttractions.swift,\ SamarkandAttractions.swift,\ ShakhrisabzAttractions.swift,\ TashkentAttractions.swift /Users/erders/Documents/TravelTap/TravelTap/Data/Countries/Asia/CentralAsia/Georgia/Cities/SighnaghiAttractions.swift /Users/erders/Documents/TravelTap/TravelTap/Data/Countries/Asia/CentralAsia/Georgia/Cities/TbilisiAttractions.swift /Users/erders/Documents/TravelTap/TravelTap/Data/Countries/Asia/CentralAsia/Georgia/Cities/VardziaAttractions.swift /Users/erders/Documents/TravelTap/TravelTap/Data/Countries/Asia/CentralAsia/Georgia/GeorgiaPackage.swift /Users/erders/Documents/TravelTap/TravelTap/Data/Countries/Asia/CentralAsia/Kazakhstan/Cities/AlmatyAttractions.swift /Users/erders/Documents/TravelTap/TravelTap/Data/Countries/Asia/CentralAsia/Kazakhstan/Cities/AstanaAttractions.swift /Users/erders/Documents/TravelTap/TravelTap/Data/Countries/Asia/CentralAsia/Kazakhstan/Cities/TurkestanAttractions.swift /Users/erders/Documents/TravelTap/TravelTap/Data/Countries/Asia/CentralAsia/Kazakhstan/KazakhstanPackage.swift /Users/erders/Documents/TravelTap/TravelTap/Data/Countries/Asia/CentralAsia/Kyrgyzstan/Cities/BishkekAttractions.swift /Users/erders/Documents/TravelTap/TravelTap/Data/Countries/Asia/CentralAsia/Kyrgyzstan/Cities/KarakolAttractions.swift /Users/erders/Documents/TravelTap/TravelTap/Data/Countries/Asia/CentralAsia/Kyrgyzstan/Cities/NarynAttractions.swift /Users/erders/Documents/TravelTap/TravelTap/Data/Countries/Asia/CentralAsia/Kyrgyzstan/Cities/OshAttractions.swift /Users/erders/Documents/TravelTap/TravelTap/Data/Countries/Asia/CentralAsia/Kyrgyzstan/KyrgyzstanPackage.swift /Users/erders/Documents/TravelTap/TravelTap/Data/Countries/Asia/CentralAsia/Turkmenistan/Cities/AshgabatAttractions.swift /Users/erders/Documents/TravelTap/TravelTap/Data/Countries/Asia/CentralAsia/Turkmenistan/Cities/DarvazaAttractions.swift /Users/erders/Documents/TravelTap/TravelTap/Data/Countries/Asia/CentralAsia/Turkmenistan/Cities/KunyaUrgenchAttractions.swift /Users/erders/Documents/TravelTap/TravelTap/Data/Countries/Asia/CentralAsia/Turkmenistan/Cities/MaryAttractions.swift /Users/erders/Documents/TravelTap/TravelTap/Data/Countries/Asia/CentralAsia/Turkmenistan/Cities/YangykalaAttractions.swift /Users/erders/Documents/TravelTap/TravelTap/Data/Countries/Asia/CentralAsia/Turkmenistan/TurkmenistanPackage.swift /Users/erders/Documents/TravelTap/TravelTap/Data/Countries/Asia/CentralAsia/Uzbekistan/Cities/BukharaAttractions.swift /Users/erders/Documents/TravelTap/TravelTap/Data/Countries/Asia/CentralAsia/Uzbekistan/Cities/KhivaAttractions.swift /Users/erders/Documents/TravelTap/TravelTap/Data/Countries/Asia/CentralAsia/Uzbekistan/Cities/NukusAttractions.swift /Users/erders/Documents/TravelTap/TravelTap/Data/Countries/Asia/CentralAsia/Uzbekistan/Cities/SamarkandAttractions.swift /Users/erders/Documents/TravelTap/TravelTap/Data/Countries/Asia/CentralAsia/Uzbekistan/Cities/ShakhrisabzAttractions.swift /Users/erders/Documents/TravelTap/TravelTap/Data/Countries/Asia/CentralAsia/Uzbekistan/Cities/TashkentAttractions.swift (in target 'TravelTap' from project 'TravelTap')

SwiftCompile normal arm64 /Users/erders/Documents/TravelTap/TravelTap/Data/Countries/Asia/CentralAsia/Georgia/Cities/SighnaghiAttractions.swift (in target 'TravelTap' from project 'TravelTap')
    cd /Users/erders/Documents/TravelTap
    

SwiftCompile normal arm64 /Users/erders/Documents/TravelTap/TravelTap/Data/Countries/Asia/CentralAsia/Georgia/Cities/TbilisiAttractions.swift (in target 'TravelTap' from project 'TravelTap')
    cd /Users/erders/Documents/TravelTap
    

SwiftCompile normal arm64 /Users/erders/Documents/TravelTap/TravelTap/Data/Countries/Asia/CentralAsia/Georgia/Cities/VardziaAttractions.swift (in target 'TravelTap' from project 'TravelTap')
    cd /Users/erders/Documents/TravelTap
    

SwiftCompile normal arm64 /Users/erders/Documents/TravelTap/TravelTap/Data/Countries/Asia/CentralAsia/Georgia/GeorgiaPackage.swift (in target 'TravelTap' from project 'TravelTap')
    cd /Users/erders/Documents/TravelTap
    

SwiftCompile normal arm64 /Users/erders/Documents/TravelTap/TravelTap/Data/Countries/Asia/CentralAsia/Kazakhstan/Cities/AlmatyAttractions.swift (in target 'TravelTap' from project 'TravelTap')
    cd /Users/erders/Documents/TravelTap
    

SwiftCompile normal arm64 /Users/erders/Documents/TravelTap/TravelTap/Data/Countries/Asia/CentralAsia/Kazakhstan/Cities/AstanaAttractions.swift (in target 'TravelTap' from project 'TravelTap')
    cd /Users/erders/Documents/TravelTap
    

SwiftCompile normal arm64 /Users/erders/Documents/TravelTap/TravelTap/Data/Countries/Asia/CentralAsia/Kazakhstan/Cities/TurkestanAttractions.swift (in target 'TravelTap' from project 'TravelTap')
    cd /Users/erders/Documents/TravelTap
    

SwiftCompile normal arm64 /Users/erders/Documents/TravelTap/TravelTap/Data/Countries/Asia/CentralAsia/Kazakhstan/KazakhstanPackage.swift (in target 'TravelTap' from project 'TravelTap')
    cd /Users/erders/Documents/TravelTap
    

SwiftCompile normal arm64 /Users/erders/Documents/TravelTap/TravelTap/Data/Countries/Asia/CentralAsia/Kyrgyzstan/Cities/BishkekAttractions.swift (in target 'TravelTap' from project 'TravelTap')
    cd /Users/erders/Documents/TravelTap
    

SwiftCompile normal arm64 /Users/erders/Documents/TravelTap/TravelTap/Data/Countries/Asia/CentralAsia/Kyrgyzstan/Cities/KarakolAttractions.swift (in target 'TravelTap' from project 'TravelTap')
    cd /Users/erders/Documents/TravelTap
    

SwiftCompile normal arm64 /Users/erders/Documents/TravelTap/TravelTap/Data/Countries/Asia/CentralAsia/Kyrgyzstan/Cities/NarynAttractions.swift (in target 'TravelTap' from project 'TravelTap')
    cd /Users/erders/Documents/TravelTap
    

SwiftCompile normal arm64 /Users/erders/Documents/TravelTap/TravelTap/Data/Countries/Asia/CentralAsia/Kyrgyzstan/Cities/OshAttractions.swift (in target 'TravelTap' from project 'TravelTap')
    cd /Users/erders/Documents/TravelTap
    

SwiftCompile normal arm64 /Users/erders/Documents/TravelTap/TravelTap/Data/Countries/Asia/CentralAsia/Kyrgyzstan/KyrgyzstanPackage.swift (in target 'TravelTap' from project 'TravelTap')
    cd /Users/erders/Documents/TravelTap
    

SwiftCompile normal arm64 /Users/erders/Documents/TravelTap/TravelTap/Data/Countries/Asia/CentralAsia/Turkmenistan/Cities/AshgabatAttractions.swift (in target 'TravelTap' from project 'TravelTap')
    cd /Users/erders/Documents/TravelTap
    

SwiftCompile normal arm64 /Users/erders/Documents/TravelTap/TravelTap/Data/Countries/Asia/CentralAsia/Turkmenistan/Cities/DarvazaAttractions.swift (in target 'TravelTap' from project 'TravelTap')
    cd /Users/erders/Documents/TravelTap
    

SwiftCompile normal arm64 /Users/erders/Documents/TravelTap/TravelTap/Data/Countries/Asia/CentralAsia/Turkmenistan/Cities/KunyaUrgenchAttractions.swift (in target 'TravelTap' from project 'TravelTap')
    cd /Users/erders/Documents/TravelTap
    

SwiftCompile normal arm64 /Users/erders/Documents/TravelTap/TravelTap/Data/Countries/Asia/CentralAsia/Turkmenistan/Cities/MaryAttractions.swift (in target 'TravelTap' from project 'TravelTap')
    cd /Users/erders/Documents/TravelTap
    

SwiftCompile normal arm64 /Users/erders/Documents/TravelTap/TravelTap/Data/Countries/Asia/CentralAsia/Turkmenistan/Cities/YangykalaAttractions.swift (in target 'TravelTap' from project 'TravelTap')
    cd /Users/erders/Documents/TravelTap
    

SwiftCompile normal arm64 /Users/erders/Documents/TravelTap/TravelTap/Data/Countries/Asia/CentralAsia/Turkmenistan/TurkmenistanPackage.swift (in target 'TravelTap' from project 'TravelTap')
    cd /Users/erders/Documents/TravelTap
    

SwiftCompile normal arm64 /Users/erders/Documents/TravelTap/TravelTap/Data/Countries/Asia/CentralAsia/Uzbekistan/Cities/BukharaAttractions.swift (in target 'TravelTap' from project 'TravelTap')
    cd /Users/erders/Documents/TravelTap
    

SwiftCompile normal arm64 /Users/erders/Documents/TravelTap/TravelTap/Data/Countries/Asia/CentralAsia/Uzbekistan/Cities/KhivaAttractions.swift (in target 'TravelTap' from project 'TravelTap')
    cd /Users/erders/Documents/TravelTap
    

SwiftCompile normal arm64 /Users/erders/Documents/TravelTap/TravelTap/Data/Countries/Asia/CentralAsia/Uzbekistan/Cities/NukusAttractions.swift (in target 'TravelTap' from project 'TravelTap')
    cd /Users/erders/Documents/TravelTap
    

SwiftCompile normal arm64 /Users/erders/Documents/TravelTap/TravelTap/Data/Countries/Asia/CentralAsia/Uzbekistan/Cities/SamarkandAttractions.swift (in target 'TravelTap' from project 'TravelTap')
    cd /Users/erders/Documents/TravelTap
    

SwiftCompile normal arm64 /Users/erders/Documents/TravelTap/TravelTap/Data/Countries/Asia/CentralAsia/Uzbekistan/Cities/ShakhrisabzAttractions.swift (in target 'TravelTap' from project 'TravelTap')
    cd /Users/erders/Documents/TravelTap
    

SwiftCompile normal arm64 /Users/erders/Documents/TravelTap/TravelTap/Data/Countries/Asia/CentralAsia/Uzbekistan/Cities/TashkentAttractions.swift (in target 'TravelTap' from project 'TravelTap')
    cd /Users/erders/Documents/TravelTap
    

SwiftCompile normal arm64 Compiling\ HistoricTownsAttractions.swift,\ SaharaWondersAttractions.swift,\ MauritaniaPackage.swift,\ AgadezAirMountainsAttractions.swift,\ NiameySouthwestAttractions.swift,\ TenereDesertNorthAttractions.swift,\ ZinderSouthEastAttractions.swift,\ NigerPackage.swift,\ AbujaCentralAttractions.swift,\ LagosSouthwestAttractions.swift,\ NorthEastWestAttractions.swift,\ SouthEastSouthSouthAttractions.swift,\ NigeriaPackage.swift,\ CasamanceEastAttractions.swift,\ DakarSurroundsAttractions.swift,\ NorthSaintLouisAttractions.swift,\ SaloumCentralAttractions.swift,\ SenegalPackage.swift,\ EastSouthRainforestsAttractions.swift,\ FreetownPeninsulaAttractions.swift,\ IslandsCoastAttractions.swift,\ NorthInteriorAttractions.swift,\ SierraLeonePackage.swift,\ CentralKaraAttractions.swift,\ KpalimePlateauxAttractions.swift /Users/erders/Documents/TravelTap/TravelTap/Data/Countries/Africa/WestAfrica/Mauritania/Cities/HistoricTownsAttractions.swift /Users/erders/Documents/TravelTap/TravelTap/Data/Countries/Africa/WestAfrica/Mauritania/Cities/SaharaWondersAttractions.swift /Users/erders/Documents/TravelTap/TravelTap/Data/Countries/Africa/WestAfrica/Mauritania/MauritaniaPackage.swift /Users/erders/Documents/TravelTap/TravelTap/Data/Countries/Africa/WestAfrica/Niger/Cities/AgadezAirMountainsAttractions.swift /Users/erders/Documents/TravelTap/TravelTap/Data/Countries/Africa/WestAfrica/Niger/Cities/NiameySouthwestAttractions.swift /Users/erders/Documents/TravelTap/TravelTap/Data/Countries/Africa/WestAfrica/Niger/Cities/TenereDesertNorthAttractions.swift /Users/erders/Documents/TravelTap/TravelTap/Data/Countries/Africa/WestAfrica/Niger/Cities/ZinderSouthEastAttractions.swift /Users/erders/Documents/TravelTap/TravelTap/Data/Countries/Africa/WestAfrica/Niger/NigerPackage.swift /Users/erders/Documents/TravelTap/TravelTap/Data/Countries/Africa/WestAfrica/Nigeria/Cities/AbujaCentralAttractions.swift /Users/erders/Documents/TravelTap/TravelTap/Data/Countries/Africa/WestAfrica/Nigeria/Cities/LagosSouthwestAttractions.swift /Users/erders/Documents/TravelTap/TravelTap/Data/Countries/Africa/WestAfrica/Nigeria/Cities/NorthEastWestAttractions.swift /Users/erders/Documents/TravelTap/TravelTap/Data/Countries/Africa/WestAfrica/Nigeria/Cities/SouthEastSouthSouthAttractions.swift /Users/erders/Documents/TravelTap/TravelTap/Data/Countries/Africa/WestAfrica/Nigeria/NigeriaPackage.swift /Users/erders/Documents/TravelTap/TravelTap/Data/Countries/Africa/WestAfrica/Senegal/Cities/CasamanceEastAttractions.swift /Users/erders/Documents/TravelTap/TravelTap/Data/Countries/Africa/WestAfrica/Senegal/Cities/DakarSurroundsAttractions.swift /Users/erders/Documents/TravelTap/TravelTap/Data/Countries/Africa/WestAfrica/Senegal/Cities/NorthSaintLouisAttractions.swift /Users/erders/Documents/TravelTap/TravelTap/Data/Countries/Africa/WestAfrica/Senegal/Cities/SaloumCentralAttractions.swift /Users/erders/Documents/TravelTap/TravelTap/Data/Countries/Africa/WestAfrica/Senegal/SenegalPackage.swift /Users/erders/Documents/TravelTap/TravelTap/Data/Countries/Africa/WestAfrica/SierraLeone/Cities/EastSouthRainforestsAttractions.swift /Users/erders/Documents/TravelTap/TravelTap/Data/Countries/Africa/WestAfrica/SierraLeone/Cities/FreetownPeninsulaAttractions.swift /Users/erders/Documents/TravelTap/TravelTap/Data/Countries/Africa/WestAfrica/SierraLeone/Cities/IslandsCoastAttractions.swift /Users/erders/Documents/TravelTap/TravelTap/Data/Countries/Africa/WestAfrica/SierraLeone/Cities/NorthInteriorAttractions.swift /Users/erders/Documents/TravelTap/TravelTap/Data/Countries/Africa/WestAfrica/SierraLeone/SierraLeonePackage.swift /Users/erders/Documents/TravelTap/TravelTap/Data/Countries/Africa/WestAfrica/Togo/Cities/CentralKaraAttractions.swift /Users/erders/Documents/TravelTap/TravelTap/Data/Countries/Africa/WestAfrica/Togo/Cities/KpalimePlateauxAttractions.swift (in target 'TravelTap' from project 'TravelTap')

SwiftCompile normal arm64 /Users/erders/Documents/TravelTap/TravelTap/Data/Countries/Africa/WestAfrica/Mauritania/Cities/HistoricTownsAttractions.swift (in target 'TravelTap' from project 'TravelTap')
    cd /Users/erders/Documents/TravelTap
    

SwiftCompile normal arm64 /Users/erders/Documents/TravelTap/TravelTap/Data/Countries/Africa/WestAfrica/Mauritania/Cities/SaharaWondersAttractions.swift (in target 'TravelTap' from project 'TravelTap')
    cd /Users/erders/Documents/TravelTap
    

SwiftCompile normal arm64 /Users/erders/Documents/TravelTap/TravelTap/Data/Countries/Africa/WestAfrica/Mauritania/MauritaniaPackage.swift (in target 'TravelTap' from project 'TravelTap')
    cd /Users/erders/Documents/TravelTap
    

SwiftCompile normal arm64 /Users/erders/Documents/TravelTap/TravelTap/Data/Countries/Africa/WestAfrica/Niger/Cities/AgadezAirMountainsAttractions.swift (in target 'TravelTap' from project 'TravelTap')
    cd /Users/erders/Documents/TravelTap
    

SwiftCompile normal arm64 /Users/erders/Documents/TravelTap/TravelTap/Data/Countries/Africa/WestAfrica/Niger/Cities/NiameySouthwestAttractions.swift (in target 'TravelTap' from project 'TravelTap')
    cd /Users/erders/Documents/TravelTap
    

SwiftCompile normal arm64 /Users/erders/Documents/TravelTap/TravelTap/Data/Countries/Africa/WestAfrica/Niger/Cities/TenereDesertNorthAttractions.swift (in target 'TravelTap' from project 'TravelTap')
    cd /Users/erders/Documents/TravelTap
    

SwiftCompile normal arm64 /Users/erders/Documents/TravelTap/TravelTap/Data/Countries/Africa/WestAfrica/Niger/Cities/ZinderSouthEastAttractions.swift (in target 'TravelTap' from project 'TravelTap')
    cd /Users/erders/Documents/TravelTap
    

SwiftCompile normal arm64 /Users/erders/Documents/TravelTap/TravelTap/Data/Countries/Africa/WestAfrica/Niger/NigerPackage.swift (in target 'TravelTap' from project 'TravelTap')
    cd /Users/erders/Documents/TravelTap
    

SwiftCompile normal arm64 /Users/erders/Documents/TravelTap/TravelTap/Data/Countries/Africa/WestAfrica/Nigeria/Cities/AbujaCentralAttractions.swift (in target 'TravelTap' from project 'TravelTap')
    cd /Users/erders/Documents/TravelTap
    

SwiftCompile normal arm64 /Users/erders/Documents/TravelTap/TravelTap/Data/Countries/Africa/WestAfrica/Nigeria/Cities/LagosSouthwestAttractions.swift (in target 'TravelTap' from project 'TravelTap')
    cd /Users/erders/Documents/TravelTap
    

SwiftCompile normal arm64 /Users/erders/Documents/TravelTap/TravelTap/Data/Countries/Africa/WestAfrica/Nigeria/Cities/NorthEastWestAttractions.swift (in target 'TravelTap' from project 'TravelTap')
    cd /Users/erders/Documents/TravelTap
    

SwiftCompile normal arm64 /Users/erders/Documents/TravelTap/TravelTap/Data/Countries/Africa/WestAfrica/Nigeria/Cities/SouthEastSouthSouthAttractions.swift (in target 'TravelTap' from project 'TravelTap')
    cd /Users/erders/Documents/TravelTap
    

SwiftCompile normal arm64 /Users/erders/Documents/TravelTap/TravelTap/Data/Countries/Africa/WestAfrica/Nigeria/NigeriaPackage.swift (in target 'TravelTap' from project 'TravelTap')
    cd /Users/erders/Documents/TravelTap
    

SwiftCompile normal arm64 /Users/erders/Documents/TravelTap/TravelTap/Data/Countries/Africa/WestAfrica/Senegal/Cities/CasamanceEastAttractions.swift (in target 'TravelTap' from project 'TravelTap')
    cd /Users/erders/Documents/TravelTap
    

SwiftCompile normal arm64 /Users/erders/Documents/TravelTap/TravelTap/Data/Countries/Africa/WestAfrica/Senegal/Cities/DakarSurroundsAttractions.swift (in target 'TravelTap' from project 'TravelTap')
    cd /Users/erders/Documents/TravelTap
    

SwiftCompile normal arm64 /Users/erders/Documents/TravelTap/TravelTap/Data/Countries/Africa/WestAfrica/Senegal/Cities/NorthSaintLouisAttractions.swift (in target 'TravelTap' from project 'TravelTap')
    cd /Users/erders/Documents/TravelTap
    

SwiftCompile normal arm64 /Users/erders/Documents/TravelTap/TravelTap/Data/Countries/Africa/WestAfrica/Senegal/Cities/SaloumCentralAttractions.swift (in target 'TravelTap' from project 'TravelTap')
    cd /Users/erders/Documents/TravelTap
    

SwiftCompile normal arm64 /Users/erders/Documents/TravelTap/TravelTap/Data/Countries/Africa/WestAfrica/Senegal/SenegalPackage.swift (in target 'TravelTap' from project 'TravelTap')
    cd /Users/erders/Documents/TravelTap
    

SwiftCompile normal arm64 /Users/erders/Documents/TravelTap/TravelTap/Data/Countries/Africa/WestAfrica/SierraLeone/Cities/EastSouthRainforestsAttractions.swift (in target 'TravelTap' from project 'TravelTap')
    cd /Users/erders/Documents/TravelTap
    

SwiftCompile normal arm64 /Users/erders/Documents/TravelTap/TravelTap/Data/Countries/Africa/WestAfrica/SierraLeone/Cities/FreetownPeninsulaAttractions.swift (in target 'TravelTap' from project 'TravelTap')
    cd /Users/erders/Documents/TravelTap
    

SwiftCompile normal arm64 /Users/erders/Documents/TravelTap/TravelTap/Data/Countries/Africa/WestAfrica/SierraLeone/Cities/IslandsCoastAttractions.swift (in target 'TravelTap' from project 'TravelTap')
    cd /Users/erders/Documents/TravelTap
    

SwiftCompile normal arm64 /Users/erders/Documents/TravelTap/TravelTap/Data/Countries/Africa/WestAfrica/SierraLeone/Cities/NorthInteriorAttractions.swift (in target 'TravelTap' from project 'TravelTap')
    cd /Users/erders/Documents/TravelTap
    

SwiftCompile normal arm64 /Users/erders/Documents/TravelTap/TravelTap/Data/Countries/Africa/WestAfrica/SierraLeone/SierraLeonePackage.swift (in target 'TravelTap' from project 'TravelTap')
    cd /Users/erders/Documents/TravelTap
    

SwiftCompile normal arm64 /Users/erders/Documents/TravelTap/TravelTap/Data/Countries/Africa/WestAfrica/Togo/Cities/CentralKaraAttractions.swift (in target 'TravelTap' from project 'TravelTap')
    cd /Users/erders/Documents/TravelTap
    

SwiftCompile normal arm64 /Users/erders/Documents/TravelTap/TravelTap/Data/Countries/Africa/WestAfrica/Togo/Cities/KpalimePlateauxAttractions.swift (in target 'TravelTap' from project 'TravelTap')
    cd /Users/erders/Documents/TravelTap
    

SwiftCompile normal arm64 Compiling\ CienfuegosAttractions.swift,\ HavanaAttractions.swift,\ SantiagoDeCubaAttractions.swift,\ TrinidadAttractions.swift,\ VaraderoAttractions.swift,\ ViñalesAttractions.swift,\ CubaPackage.swift,\ BandaAbouAttractions.swift,\ BandaAribaAttractions.swift,\ SantaMarthaAttractions.swift,\ SintWillibrordusAttractions.swift,\ SotoAttractions.swift,\ SpanishWaterAttractions.swift,\ WestpuntAttractions.swift,\ WillemstadAttractions.swift,\ CuracaoPackage.swift,\ CabareteAttractions.swift,\ JarabacoaAttractions.swift,\ LaRomanaAttractions.swift,\ PuertoPlataAttractions.swift,\ PuntaCanaAttractions.swift,\ SamanaAttractions.swift,\ SantoDomingoAttractions.swift,\ SosuaAttractions.swift,\ DominicanRepublicPackage.swift /Users/erders/Documents/TravelTap/TravelTap/Data/Countries/CentralAmerica/Cuba/Cities/CienfuegosAttractions.swift /Users/erders/Documents/TravelTap/TravelTap/Data/Countries/CentralAmerica/Cuba/Cities/HavanaAttractions.swift /Users/erders/Documents/TravelTap/TravelTap/Data/Countries/CentralAmerica/Cuba/Cities/SantiagoDeCubaAttractions.swift /Users/erders/Documents/TravelTap/TravelTap/Data/Countries/CentralAmerica/Cuba/Cities/TrinidadAttractions.swift /Users/erders/Documents/TravelTap/TravelTap/Data/Countries/CentralAmerica/Cuba/Cities/VaraderoAttractions.swift /Users/erders/Documents/TravelTap/TravelTap/Data/Countries/CentralAmerica/Cuba/Cities/ViñalesAttractions.swift /Users/erders/Documents/TravelTap/TravelTap/Data/Countries/CentralAmerica/Cuba/CubaPackage.swift /Users/erders/Documents/TravelTap/TravelTap/Data/Countries/CentralAmerica/Curacao/Cities/BandaAbouAttractions.swift /Users/erders/Documents/TravelTap/TravelTap/Data/Countries/CentralAmerica/Curacao/Cities/BandaAribaAttractions.swift /Users/erders/Documents/TravelTap/TravelTap/Data/Countries/CentralAmerica/Curacao/Cities/SantaMarthaAttractions.swift /Users/erders/Documents/TravelTap/TravelTap/Data/Countries/CentralAmerica/Curacao/Cities/SintWillibrordusAttractions.swift /Users/erders/Documents/TravelTap/TravelTap/Data/Countries/CentralAmerica/Curacao/Cities/SotoAttractions.swift /Users/erders/Documents/TravelTap/TravelTap/Data/Countries/CentralAmerica/Curacao/Cities/SpanishWaterAttractions.swift /Users/erders/Documents/TravelTap/TravelTap/Data/Countries/CentralAmerica/Curacao/Cities/WestpuntAttractions.swift /Users/erders/Documents/TravelTap/TravelTap/Data/Countries/CentralAmerica/Curacao/Cities/WillemstadAttractions.swift /Users/erders/Documents/TravelTap/TravelTap/Data/Countries/CentralAmerica/Curacao/CuracaoPackage.swift /Users/erders/Documents/TravelTap/TravelTap/Data/Countries/CentralAmerica/DominicanRepublic/Cities/CabareteAttractions.swift /Users/erders/Documents/TravelTap/TravelTap/Data/Countries/CentralAmerica/DominicanRepublic/Cities/JarabacoaAttractions.swift /Users/erders/Documents/TravelTap/TravelTap/Data/Countries/CentralAmerica/DominicanRepublic/Cities/LaRomanaAttractions.swift /Users/erders/Documents/TravelTap/TravelTap/Data/Countries/CentralAmerica/DominicanRepublic/Cities/PuertoPlataAttractions.swift /Users/erders/Documents/TravelTap/TravelTap/Data/Countries/CentralAmerica/DominicanRepublic/Cities/PuntaCanaAttractions.swift /Users/erders/Documents/TravelTap/TravelTap/Data/Countries/CentralAmerica/DominicanRepublic/Cities/SamanaAttractions.swift /Users/erders/Documents/TravelTap/TravelTap/Data/Countries/CentralAmerica/DominicanRepublic/Cities/SantoDomingoAttractions.swift /Users/erders/Documents/TravelTap/TravelTap/Data/Countries/CentralAmerica/DominicanRepublic/Cities/SosuaAttractions.swift /Users/erders/Documents/TravelTap/TravelTap/Data/Countries/CentralAmerica/DominicanRepublic/DominicanRepublicPackage.swift (in target 'TravelTap' from project 'TravelTap')

SwiftCompile normal arm64 /Users/erders/Documents/TravelTap/TravelTap/Data/Countries/CentralAmerica/Cuba/Cities/CienfuegosAttractions.swift (in target 'TravelTap' from project 'TravelTap')
    cd /Users/erders/Documents/TravelTap
    

SwiftCompile normal arm64 /Users/erders/Documents/TravelTap/TravelTap/Data/Countries/CentralAmerica/Cuba/Cities/HavanaAttractions.swift (in target 'TravelTap' from project 'TravelTap')
    cd /Users/erders/Documents/TravelTap
    

SwiftCompile normal arm64 /Users/erders/Documents/TravelTap/TravelTap/Data/Countries/CentralAmerica/Cuba/Cities/SantiagoDeCubaAttractions.swift (in target 'TravelTap' from project 'TravelTap')
    cd /Users/erders/Documents/TravelTap
    

SwiftCompile normal arm64 /Users/erders/Documents/TravelTap/TravelTap/Data/Countries/CentralAmerica/Cuba/Cities/TrinidadAttractions.swift (in target 'TravelTap' from project 'TravelTap')
    cd /Users/erders/Documents/TravelTap
    

SwiftCompile normal arm64 /Users/erders/Documents/TravelTap/TravelTap/Data/Countries/CentralAmerica/Cuba/Cities/VaraderoAttractions.swift (in target 'TravelTap' from project 'TravelTap')
    cd /Users/erders/Documents/TravelTap
    

SwiftCompile normal arm64 /Users/erders/Documents/TravelTap/TravelTap/Data/Countries/CentralAmerica/Cuba/Cities/ViñalesAttractions.swift (in target 'TravelTap' from project 'TravelTap')
    cd /Users/erders/Documents/TravelTap
    

SwiftCompile normal arm64 /Users/erders/Documents/TravelTap/TravelTap/Data/Countries/CentralAmerica/Cuba/CubaPackage.swift (in target 'TravelTap' from project 'TravelTap')
    cd /Users/erders/Documents/TravelTap
    

SwiftCompile normal arm64 /Users/erders/Documents/TravelTap/TravelTap/Data/Countries/CentralAmerica/Curacao/Cities/BandaAbouAttractions.swift (in target 'TravelTap' from project 'TravelTap')
    cd /Users/erders/Documents/TravelTap
    

SwiftCompile normal arm64 /Users/erders/Documents/TravelTap/TravelTap/Data/Countries/CentralAmerica/Curacao/Cities/BandaAribaAttractions.swift (in target 'TravelTap' from project 'TravelTap')
    cd /Users/erders/Documents/TravelTap
    

SwiftCompile normal arm64 /Users/erders/Documents/TravelTap/TravelTap/Data/Countries/CentralAmerica/Curacao/Cities/SantaMarthaAttractions.swift (in target 'TravelTap' from project 'TravelTap')
    cd /Users/erders/Documents/TravelTap
    

SwiftCompile normal arm64 /Users/erders/Documents/TravelTap/TravelTap/Data/Countries/CentralAmerica/Curacao/Cities/SintWillibrordusAttractions.swift (in target 'TravelTap' from project 'TravelTap')
    cd /Users/erders/Documents/TravelTap
    

SwiftCompile normal arm64 /Users/erders/Documents/TravelTap/TravelTap/Data/Countries/CentralAmerica/Curacao/Cities/SotoAttractions.swift (in target 'TravelTap' from project 'TravelTap')
    cd /Users/erders/Documents/TravelTap
    

SwiftCompile normal arm64 /Users/erders/Documents/TravelTap/TravelTap/Data/Countries/CentralAmerica/Curacao/Cities/SpanishWaterAttractions.swift (in target 'TravelTap' from project 'TravelTap')
    cd /Users/erders/Documents/TravelTap
    

SwiftCompile normal arm64 /Users/erders/Documents/TravelTap/TravelTap/Data/Countries/CentralAmerica/Curacao/Cities/WestpuntAttractions.swift (in target 'TravelTap' from project 'TravelTap')
    cd /Users/erders/Documents/TravelTap
    

SwiftCompile normal arm64 /Users/erders/Documents/TravelTap/TravelTap/Data/Countries/CentralAmerica/Curacao/Cities/WillemstadAttractions.swift (in target 'TravelTap' from project 'TravelTap')
    cd /Users/erders/Documents/TravelTap
    

SwiftCompile normal arm64 /Users/erders/Documents/TravelTap/TravelTap/Data/Countries/CentralAmerica/Curacao/CuracaoPackage.swift (in target 'TravelTap' from project 'TravelTap')
    cd /Users/erders/Documents/TravelTap
    

SwiftCompile normal arm64 /Users/erders/Documents/TravelTap/TravelTap/Data/Countries/CentralAmerica/DominicanRepublic/Cities/CabareteAttractions.swift (in target 'TravelTap' from project 'TravelTap')
    cd /Users/erders/Documents/TravelTap
    

SwiftCompile normal arm64 /Users/erders/Documents/TravelTap/TravelTap/Data/Countries/CentralAmerica/DominicanRepublic/Cities/JarabacoaAttractions.swift (in target 'TravelTap' from project 'TravelTap')
    cd /Users/erders/Documents/TravelTap
    

SwiftCompile normal arm64 /Users/erders/Documents/TravelTap/TravelTap/Data/Countries/CentralAmerica/DominicanRepublic/Cities/LaRomanaAttractions.swift (in target 'TravelTap' from project 'TravelTap')
    cd /Users/erders/Documents/TravelTap
    

SwiftCompile normal arm64 /Users/erders/Documents/TravelTap/TravelTap/Data/Countries/CentralAmerica/DominicanRepublic/Cities/PuertoPlataAttractions.swift (in target 'TravelTap' from project 'TravelTap')
    cd /Users/erders/Documents/TravelTap
    

SwiftCompile normal arm64 /Users/erders/Documents/TravelTap/TravelTap/Data/Countries/CentralAmerica/DominicanRepublic/Cities/PuntaCanaAttractions.swift (in target 'TravelTap' from project 'TravelTap')
    cd /Users/erders/Documents/TravelTap
    

SwiftCompile normal arm64 /Users/erders/Documents/TravelTap/TravelTap/Data/Countries/CentralAmerica/DominicanRepublic/Cities/SamanaAttractions.swift (in target 'TravelTap' from project 'TravelTap')
    cd /Users/erders/Documents/TravelTap
    

SwiftCompile normal arm64 /Users/erders/Documents/TravelTap/TravelTap/Data/Countries/CentralAmerica/DominicanRepublic/Cities/SantoDomingoAttractions.swift (in target 'TravelTap' from project 'TravelTap')
    cd /Users/erders/Documents/TravelTap
    

SwiftCompile normal arm64 /Users/erders/Documents/TravelTap/TravelTap/Data/Countries/CentralAmerica/DominicanRepublic/Cities/SosuaAttractions.swift (in target 'TravelTap' from project 'TravelTap')
    cd /Users/erders/Documents/TravelTap
    

SwiftCompile normal arm64 /Users/erders/Documents/TravelTap/TravelTap/Data/Countries/CentralAmerica/DominicanRepublic/DominicanRepublicPackage.swift (in target 'TravelTap' from project 'TravelTap')
    cd /Users/erders/Documents/TravelTap
    

SwiftCompile normal arm64 Compiling\ SudanPackage.swift,\ TunisiaPackage.swift,\ BotswanaPackage.swift,\ HlaneEastAttractions.swift,\ ManziniSouthAttractions.swift,\ MbabaneEzulwiniAttractions.swift,\ PiggsPeakNorthAttractions.swift,\ EswatiniPackage.swift,\ HighlandsNorthAttractions.swift,\ MaseruCentralAttractions.swift,\ SaniPassEastAttractions.swift,\ SouthQuthingAttractions.swift,\ LesothoPackage.swift,\ CapriviStripAttractions.swift,\ CoastDamaralandAttractions.swift,\ EtoshaNorthAttractions.swift,\ SossusvleiSouthAttractions.swift,\ WindhoekCentralAttractions.swift,\ NamibiaPackage.swift,\ CapeWinelandsDayTripsAttractions.swift,\ GardenRouteEasternCapeAttractions.swift,\ KrugerMpumalangaLimpopoAttractions.swift,\ NorthernCapeFreeStateAttractions.swift,\ SouthAfricaPackage.swift,\ BeninPackage.swift /Users/erders/Documents/TravelTap/TravelTap/Data/Countries/Africa/NorthAfrica/Sudan/SudanPackage.swift /Users/erders/Documents/TravelTap/TravelTap/Data/Countries/Africa/NorthAfrica/Tunisia/TunisiaPackage.swift /Users/erders/Documents/TravelTap/TravelTap/Data/Countries/Africa/SouthernAfrica/Botswana/BotswanaPackage.swift /Users/erders/Documents/TravelTap/TravelTap/Data/Countries/Africa/SouthernAfrica/Eswatini/Cities/HlaneEastAttractions.swift /Users/erders/Documents/TravelTap/TravelTap/Data/Countries/Africa/SouthernAfrica/Eswatini/Cities/ManziniSouthAttractions.swift /Users/erders/Documents/TravelTap/TravelTap/Data/Countries/Africa/SouthernAfrica/Eswatini/Cities/MbabaneEzulwiniAttractions.swift /Users/erders/Documents/TravelTap/TravelTap/Data/Countries/Africa/SouthernAfrica/Eswatini/Cities/PiggsPeakNorthAttractions.swift /Users/erders/Documents/TravelTap/TravelTap/Data/Countries/Africa/SouthernAfrica/Eswatini/EswatiniPackage.swift /Users/erders/Documents/TravelTap/TravelTap/Data/Countries/Africa/SouthernAfrica/Lesotho/Cities/HighlandsNorthAttractions.swift /Users/erders/Documents/TravelTap/TravelTap/Data/Countries/Africa/SouthernAfrica/Lesotho/Cities/MaseruCentralAttractions.swift /Users/erders/Documents/TravelTap/TravelTap/Data/Countries/Africa/SouthernAfrica/Lesotho/Cities/SaniPassEastAttractions.swift /Users/erders/Documents/TravelTap/TravelTap/Data/Countries/Africa/SouthernAfrica/Lesotho/Cities/SouthQuthingAttractions.swift /Users/erders/Documents/TravelTap/TravelTap/Data/Countries/Africa/SouthernAfrica/Lesotho/LesothoPackage.swift /Users/erders/Documents/TravelTap/TravelTap/Data/Countries/Africa/SouthernAfrica/Namibia/Cities/CapriviStripAttractions.swift /Users/erders/Documents/TravelTap/TravelTap/Data/Countries/Africa/SouthernAfrica/Namibia/Cities/CoastDamaralandAttractions.swift /Users/erders/Documents/TravelTap/TravelTap/Data/Countries/Africa/SouthernAfrica/Namibia/Cities/EtoshaNorthAttractions.swift /Users/erders/Documents/TravelTap/TravelTap/Data/Countries/Africa/SouthernAfrica/Namibia/Cities/SossusvleiSouthAttractions.swift /Users/erders/Documents/TravelTap/TravelTap/Data/Countries/Africa/SouthernAfrica/Namibia/Cities/WindhoekCentralAttractions.swift /Users/erders/Documents/TravelTap/TravelTap/Data/Countries/Africa/SouthernAfrica/Namibia/NamibiaPackage.swift /Users/erders/Documents/TravelTap/TravelTap/Data/Countries/Africa/SouthernAfrica/SouthAfrica/Cities/CapeWinelandsDayTripsAttractions.swift /Users/erders/Documents/TravelTap/TravelTap/Data/Countries/Africa/SouthernAfrica/SouthAfrica/Cities/GardenRouteEasternCapeAttractions.swift /Users/erders/Documents/TravelTap/TravelTap/Data/Countries/Africa/SouthernAfrica/SouthAfrica/Cities/KrugerMpumalangaLimpopoAttractions.swift /Users/erders/Documents/TravelTap/TravelTap/Data/Countries/Africa/SouthernAfrica/SouthAfrica/Cities/NorthernCapeFreeStateAttractions.swift /Users/erders/Documents/TravelTap/TravelTap/Data/Countries/Africa/SouthernAfrica/SouthAfrica/SouthAfricaPackage.swift /Users/erders/Documents/TravelTap/TravelTap/Data/Countries/Africa/WestAfrica/Benin/BeninPackage.swift (in target 'TravelTap' from project 'TravelTap')

SwiftCompile normal arm64 /Users/erders/Documents/TravelTap/TravelTap/Data/Countries/Africa/NorthAfrica/Sudan/SudanPackage.swift (in target 'TravelTap' from project 'TravelTap')
    cd /Users/erders/Documents/TravelTap
    

SwiftCompile normal arm64 /Users/erders/Documents/TravelTap/TravelTap/Data/Countries/Africa/NorthAfrica/Tunisia/TunisiaPackage.swift (in target 'TravelTap' from project 'TravelTap')
    cd /Users/erders/Documents/TravelTap
    

SwiftCompile normal arm64 /Users/erders/Documents/TravelTap/TravelTap/Data/Countries/Africa/SouthernAfrica/Botswana/BotswanaPackage.swift (in target 'TravelTap' from project 'TravelTap')
    cd /Users/erders/Documents/TravelTap
    

SwiftCompile normal arm64 /Users/erders/Documents/TravelTap/TravelTap/Data/Countries/Africa/SouthernAfrica/Eswatini/Cities/HlaneEastAttractions.swift (in target 'TravelTap' from project 'TravelTap')
    cd /Users/erders/Documents/TravelTap
    

SwiftCompile normal arm64 /Users/erders/Documents/TravelTap/TravelTap/Data/Countries/Africa/SouthernAfrica/Eswatini/Cities/ManziniSouthAttractions.swift (in target 'TravelTap' from project 'TravelTap')
    cd /Users/erders/Documents/TravelTap
    

SwiftCompile normal arm64 /Users/erders/Documents/TravelTap/TravelTap/Data/Countries/Africa/SouthernAfrica/Eswatini/Cities/MbabaneEzulwiniAttractions.swift (in target 'TravelTap' from project 'TravelTap')
    cd /Users/erders/Documents/TravelTap
    

SwiftCompile normal arm64 /Users/erders/Documents/TravelTap/TravelTap/Data/Countries/Africa/SouthernAfrica/Eswatini/Cities/PiggsPeakNorthAttractions.swift (in target 'TravelTap' from project 'TravelTap')
    cd /Users/erders/Documents/TravelTap
    

SwiftCompile normal arm64 /Users/erders/Documents/TravelTap/TravelTap/Data/Countries/Africa/SouthernAfrica/Eswatini/EswatiniPackage.swift (in target 'TravelTap' from project 'TravelTap')
    cd /Users/erders/Documents/TravelTap
    

SwiftCompile normal arm64 /Users/erders/Documents/TravelTap/TravelTap/Data/Countries/Africa/SouthernAfrica/Lesotho/Cities/HighlandsNorthAttractions.swift (in target 'TravelTap' from project 'TravelTap')
    cd /Users/erders/Documents/TravelTap
    

SwiftCompile normal arm64 /Users/erders/Documents/TravelTap/TravelTap/Data/Countries/Africa/SouthernAfrica/Lesotho/Cities/MaseruCentralAttractions.swift (in target 'TravelTap' from project 'TravelTap')
    cd /Users/erders/Documents/TravelTap
    

SwiftCompile normal arm64 /Users/erders/Documents/TravelTap/TravelTap/Data/Countries/Africa/SouthernAfrica/Lesotho/Cities/SaniPassEastAttractions.swift (in target 'TravelTap' from project 'TravelTap')
    cd /Users/erders/Documents/TravelTap
    

SwiftCompile normal arm64 /Users/erders/Documents/TravelTap/TravelTap/Data/Countries/Africa/SouthernAfrica/Lesotho/Cities/SouthQuthingAttractions.swift (in target 'TravelTap' from project 'TravelTap')
    cd /Users/erders/Documents/TravelTap
    

SwiftCompile normal arm64 /Users/erders/Documents/TravelTap/TravelTap/Data/Countries/Africa/SouthernAfrica/Lesotho/LesothoPackage.swift (in target 'TravelTap' from project 'TravelTap')
    cd /Users/erders/Documents/TravelTap
    

SwiftCompile normal arm64 /Users/erders/Documents/TravelTap/TravelTap/Data/Countries/Africa/SouthernAfrica/Namibia/Cities/CapriviStripAttractions.swift (in target 'TravelTap' from project 'TravelTap')
    cd /Users/erders/Documents/TravelTap
    

SwiftCompile normal arm64 /Users/erders/Documents/TravelTap/TravelTap/Data/Countries/Africa/SouthernAfrica/Namibia/Cities/CoastDamaralandAttractions.swift (in target 'TravelTap' from project 'TravelTap')
    cd /Users/erders/Documents/TravelTap
    

SwiftCompile normal arm64 /Users/erders/Documents/TravelTap/TravelTap/Data/Countries/Africa/SouthernAfrica/Namibia/Cities/EtoshaNorthAttractions.swift (in target 'TravelTap' from project 'TravelTap')
    cd /Users/erders/Documents/TravelTap
    

SwiftCompile normal arm64 /Users/erders/Documents/TravelTap/TravelTap/Data/Countries/Africa/SouthernAfrica/Namibia/Cities/SossusvleiSouthAttractions.swift (in target 'TravelTap' from project 'TravelTap')
    cd /Users/erders/Documents/TravelTap
    

SwiftCompile normal arm64 /Users/erders/Documents/TravelTap/TravelTap/Data/Countries/Africa/SouthernAfrica/Namibia/Cities/WindhoekCentralAttractions.swift (in target 'TravelTap' from project 'TravelTap')
    cd /Users/erders/Documents/TravelTap
    

SwiftCompile normal arm64 /Users/erders/Documents/TravelTap/TravelTap/Data/Countries/Africa/SouthernAfrica/Namibia/NamibiaPackage.swift (in target 'TravelTap' from project 'TravelTap')
    cd /Users/erders/Documents/TravelTap
    

SwiftCompile normal arm64 /Users/erders/Documents/TravelTap/TravelTap/Data/Countries/Africa/SouthernAfrica/SouthAfrica/Cities/CapeWinelandsDayTripsAttractions.swift (in target 'TravelTap' from project 'TravelTap')
    cd /Users/erders/Documents/TravelTap
    

SwiftCompile normal arm64 /Users/erders/Documents/TravelTap/TravelTap/Data/Countries/Africa/SouthernAfrica/SouthAfrica/Cities/GardenRouteEasternCapeAttractions.swift (in target 'TravelTap' from project 'TravelTap')
    cd /Users/erders/Documents/TravelTap
    

SwiftCompile normal arm64 /Users/erders/Documents/TravelTap/TravelTap/Data/Countries/Africa/SouthernAfrica/SouthAfrica/Cities/KrugerMpumalangaLimpopoAttractions.swift (in target 'TravelTap' from project 'TravelTap')
    cd /Users/erders/Documents/TravelTap
    

SwiftCompile normal arm64 /Users/erders/Documents/TravelTap/TravelTap/Data/Countries/Africa/SouthernAfrica/SouthAfrica/Cities/NorthernCapeFreeStateAttractions.swift (in target 'TravelTap' from project 'TravelTap')
    cd /Users/erders/Documents/TravelTap
    

SwiftCompile normal arm64 /Users/erders/Documents/TravelTap/TravelTap/Data/Countries/Africa/SouthernAfrica/SouthAfrica/SouthAfricaPackage.swift (in target 'TravelTap' from project 'TravelTap')
    cd /Users/erders/Documents/TravelTap
    

SwiftCompile normal arm64 /Users/erders/Documents/TravelTap/TravelTap/Data/Countries/Africa/WestAfrica/Benin/BeninPackage.swift (in target 'TravelTap' from project 'TravelTap')
    cd /Users/erders/Documents/TravelTap
    

SwiftCompile normal arm64 Compiling\ LaLibertadAttractions.swift,\ RutaDeLasFloresAttractions.swift,\ SanMiguelESAttractions.swift,\ SanSalvadorAttractions.swift,\ SantaAnaAttractions.swift,\ SuchitotoAttractions.swift,\ ElSalvadorPackage.swift,\ CarriacouAttractions.swift,\ GrandAnseAttractions.swift,\ GrenadaStJohnAttractions.swift,\ PetiteMartiniqueAttractions.swift,\ StDavidAttractions.swift,\ StGeorgesAttractions.swift,\ StMarkAttractions.swift,\ StPatrickAttractions.swift,\ GrenadaPackage.swift,\ GuatemalaAttractions.swift,\ GuatemalaPackage.swift,\ CapHaitienAttractions.swift,\ CotesDesArcadinsAttractions.swift,\ IleAVacheAttractions.swift,\ JacmelAttractions.swift,\ KenscoffAttractions.swift,\ LesCayesAttractions.swift,\ PortAuPrinceAttractions.swift /Users/erders/Documents/TravelTap/TravelTap/Data/Countries/CentralAmerica/ElSalvador/Cities/LaLibertadAttractions.swift /Users/erders/Documents/TravelTap/TravelTap/Data/Countries/CentralAmerica/ElSalvador/Cities/RutaDeLasFloresAttractions.swift /Users/erders/Documents/TravelTap/TravelTap/Data/Countries/CentralAmerica/ElSalvador/Cities/SanMiguelESAttractions.swift /Users/erders/Documents/TravelTap/TravelTap/Data/Countries/CentralAmerica/ElSalvador/Cities/SanSalvadorAttractions.swift /Users/erders/Documents/TravelTap/TravelTap/Data/Countries/CentralAmerica/ElSalvador/Cities/SantaAnaAttractions.swift /Users/erders/Documents/TravelTap/TravelTap/Data/Countries/CentralAmerica/ElSalvador/Cities/SuchitotoAttractions.swift /Users/erders/Documents/TravelTap/TravelTap/Data/Countries/CentralAmerica/ElSalvador/ElSalvadorPackage.swift /Users/erders/Documents/TravelTap/TravelTap/Data/Countries/CentralAmerica/Grenada/Cities/CarriacouAttractions.swift /Users/erders/Documents/TravelTap/TravelTap/Data/Countries/CentralAmerica/Grenada/Cities/GrandAnseAttractions.swift /Users/erders/Documents/TravelTap/TravelTap/Data/Countries/CentralAmerica/Grenada/Cities/GrenadaStJohnAttractions.swift /Users/erders/Documents/TravelTap/TravelTap/Data/Countries/CentralAmerica/Grenada/Cities/PetiteMartiniqueAttractions.swift /Users/erders/Documents/TravelTap/TravelTap/Data/Countries/CentralAmerica/Grenada/Cities/StDavidAttractions.swift /Users/erders/Documents/TravelTap/TravelTap/Data/Countries/CentralAmerica/Grenada/Cities/StGeorgesAttractions.swift /Users/erders/Documents/TravelTap/TravelTap/Data/Countries/CentralAmerica/Grenada/Cities/StMarkAttractions.swift /Users/erders/Documents/TravelTap/TravelTap/Data/Countries/CentralAmerica/Grenada/Cities/StPatrickAttractions.swift /Users/erders/Documents/TravelTap/TravelTap/Data/Countries/CentralAmerica/Grenada/GrenadaPackage.swift /Users/erders/Documents/TravelTap/TravelTap/Data/Countries/CentralAmerica/Guatemala/Cities/GuatemalaAttractions.swift /Users/erders/Documents/TravelTap/TravelTap/Data/Countries/CentralAmerica/Guatemala/GuatemalaPackage.swift /Users/erders/Documents/TravelTap/TravelTap/Data/Countries/CentralAmerica/Haiti/Cities/CapHaitienAttractions.swift /Users/erders/Documents/TravelTap/TravelTap/Data/Countries/CentralAmerica/Haiti/Cities/CotesDesArcadinsAttractions.swift /Users/erders/Documents/TravelTap/TravelTap/Data/Countries/CentralAmerica/Haiti/Cities/IleAVacheAttractions.swift /Users/erders/Documents/TravelTap/TravelTap/Data/Countries/CentralAmerica/Haiti/Cities/JacmelAttractions.swift /Users/erders/Documents/TravelTap/TravelTap/Data/Countries/CentralAmerica/Haiti/Cities/KenscoffAttractions.swift /Users/erders/Documents/TravelTap/TravelTap/Data/Countries/CentralAmerica/Haiti/Cities/LesCayesAttractions.swift /Users/erders/Documents/TravelTap/TravelTap/Data/Countries/CentralAmerica/Haiti/Cities/PortAuPrinceAttractions.swift (in target 'TravelTap' from project 'TravelTap')

SwiftCompile normal arm64 /Users/erders/Documents/TravelTap/TravelTap/Data/Countries/CentralAmerica/ElSalvador/Cities/LaLibertadAttractions.swift (in target 'TravelTap' from project 'TravelTap')
    cd /Users/erders/Documents/TravelTap
    

SwiftCompile normal arm64 /Users/erders/Documents/TravelTap/TravelTap/Data/Countries/CentralAmerica/ElSalvador/Cities/RutaDeLasFloresAttractions.swift (in target 'TravelTap' from project 'TravelTap')
    cd /Users/erders/Documents/TravelTap
    

SwiftCompile normal arm64 /Users/erders/Documents/TravelTap/TravelTap/Data/Countries/CentralAmerica/ElSalvador/Cities/SanMiguelESAttractions.swift (in target 'TravelTap' from project 'TravelTap')
    cd /Users/erders/Documents/TravelTap
    

SwiftCompile normal arm64 /Users/erders/Documents/TravelTap/TravelTap/Data/Countries/CentralAmerica/ElSalvador/Cities/SanSalvadorAttractions.swift (in target 'TravelTap' from project 'TravelTap')
    cd /Users/erders/Documents/TravelTap
    

SwiftCompile normal arm64 /Users/erders/Documents/TravelTap/TravelTap/Data/Countries/CentralAmerica/ElSalvador/Cities/SantaAnaAttractions.swift (in target 'TravelTap' from project 'TravelTap')
    cd /Users/erders/Documents/TravelTap
    

SwiftCompile normal arm64 /Users/erders/Documents/TravelTap/TravelTap/Data/Countries/CentralAmerica/ElSalvador/Cities/SuchitotoAttractions.swift (in target 'TravelTap' from project 'TravelTap')
    cd /Users/erders/Documents/TravelTap
    

SwiftCompile normal arm64 /Users/erders/Documents/TravelTap/TravelTap/Data/Countries/CentralAmerica/ElSalvador/ElSalvadorPackage.swift (in target 'TravelTap' from project 'TravelTap')
    cd /Users/erders/Documents/TravelTap
    

SwiftCompile normal arm64 /Users/erders/Documents/TravelTap/TravelTap/Data/Countries/CentralAmerica/Grenada/Cities/CarriacouAttractions.swift (in target 'TravelTap' from project 'TravelTap')
    cd /Users/erders/Documents/TravelTap
    

SwiftCompile normal arm64 /Users/erders/Documents/TravelTap/TravelTap/Data/Countries/CentralAmerica/Grenada/Cities/GrandAnseAttractions.swift (in target 'TravelTap' from project 'TravelTap')
    cd /Users/erders/Documents/TravelTap
    

SwiftCompile normal arm64 /Users/erders/Documents/TravelTap/TravelTap/Data/Countries/CentralAmerica/Grenada/Cities/GrenadaStJohnAttractions.swift (in target 'TravelTap' from project 'TravelTap')
    cd /Users/erders/Documents/TravelTap
    

SwiftCompile normal arm64 /Users/erders/Documents/TravelTap/TravelTap/Data/Countries/CentralAmerica/Grenada/Cities/PetiteMartiniqueAttractions.swift (in target 'TravelTap' from project 'TravelTap')
    cd /Users/erders/Documents/TravelTap
    

SwiftCompile normal arm64 /Users/erders/Documents/TravelTap/TravelTap/Data/Countries/CentralAmerica/Grenada/Cities/StDavidAttractions.swift (in target 'TravelTap' from project 'TravelTap')
    cd /Users/erders/Documents/TravelTap
    

SwiftCompile normal arm64 /Users/erders/Documents/TravelTap/TravelTap/Data/Countries/CentralAmerica/Grenada/Cities/StGeorgesAttractions.swift (in target 'TravelTap' from project 'TravelTap')
    cd /Users/erders/Documents/TravelTap
    

SwiftCompile normal arm64 /Users/erders/Documents/TravelTap/TravelTap/Data/Countries/CentralAmerica/Grenada/Cities/StMarkAttractions.swift (in target 'TravelTap' from project 'TravelTap')
    cd /Users/erders/Documents/TravelTap
    

SwiftCompile normal arm64 /Users/erders/Documents/TravelTap/TravelTap/Data/Countries/CentralAmerica/Grenada/Cities/StPatrickAttractions.swift (in target 'TravelTap' from project 'TravelTap')
    cd /Users/erders/Documents/TravelTap
    

SwiftCompile normal arm64 /Users/erders/Documents/TravelTap/TravelTap/Data/Countries/CentralAmerica/Grenada/GrenadaPackage.swift (in target 'TravelTap' from project 'TravelTap')
    cd /Users/erders/Documents/TravelTap
    

SwiftCompile normal arm64 /Users/erders/Documents/TravelTap/TravelTap/Data/Countries/CentralAmerica/Guatemala/Cities/GuatemalaAttractions.swift (in target 'TravelTap' from project 'TravelTap')
    cd /Users/erders/Documents/TravelTap
    

SwiftCompile normal arm64 /Users/erders/Documents/TravelTap/TravelTap/Data/Countries/CentralAmerica/Guatemala/GuatemalaPackage.swift (in target 'TravelTap' from project 'TravelTap')
    cd /Users/erders/Documents/TravelTap
    

SwiftCompile normal arm64 /Users/erders/Documents/TravelTap/TravelTap/Data/Countries/CentralAmerica/Haiti/Cities/CapHaitienAttractions.swift (in target 'TravelTap' from project 'TravelTap')
    cd /Users/erders/Documents/TravelTap
    

SwiftCompile normal arm64 /Users/erders/Documents/TravelTap/TravelTap/Data/Countries/CentralAmerica/Haiti/Cities/CotesDesArcadinsAttractions.swift (in target 'TravelTap' from project 'TravelTap')
    cd /Users/erders/Documents/TravelTap
    

SwiftCompile normal arm64 /Users/erders/Documents/TravelTap/TravelTap/Data/Countries/CentralAmerica/Haiti/Cities/IleAVacheAttractions.swift (in target 'TravelTap' from project 'TravelTap')
    cd /Users/erders/Documents/TravelTap
    

SwiftCompile normal arm64 /Users/erders/Documents/TravelTap/TravelTap/Data/Countries/CentralAmerica/Haiti/Cities/JacmelAttractions.swift (in target 'TravelTap' from project 'TravelTap')
    cd /Users/erders/Documents/TravelTap
    

SwiftCompile normal arm64 /Users/erders/Documents/TravelTap/TravelTap/Data/Countries/CentralAmerica/Haiti/Cities/KenscoffAttractions.swift (in target 'TravelTap' from project 'TravelTap')
    cd /Users/erders/Documents/TravelTap
    

SwiftCompile normal arm64 /Users/erders/Documents/TravelTap/TravelTap/Data/Countries/CentralAmerica/Haiti/Cities/LesCayesAttractions.swift (in target 'TravelTap' from project 'TravelTap')
    cd /Users/erders/Documents/TravelTap
    

SwiftCompile normal arm64 /Users/erders/Documents/TravelTap/TravelTap/Data/Countries/CentralAmerica/Haiti/Cities/PortAuPrinceAttractions.swift (in target 'TravelTap' from project 'TravelTap')
    cd /Users/erders/Documents/TravelTap
    

SwiftEmitModule normal arm64 Emitting\ module\ for\ TravelTap (in target 'TravelTap' from project 'TravelTap')
EmitSwiftModule normal arm64 (in target 'TravelTap' from project 'TravelTap')
    cd /Users/erders/Documents/TravelTap
    

SwiftCompile normal arm64 Compiling\ BrownsbergAttractions.swift,\ CentralSurinameAttractions.swift,\ CommewijneAttractions.swift,\ GalibiAttractions.swift,\ KabaleboAttractions.swift,\ NieuwNickerieAttractions.swift,\ ParamariboAttractions.swift,\ SipaliwiniAttractions.swift,\ UpperSurinameAttractions.swift,\ WiaWiaAttractions.swift,\ SurinamePackage.swift,\ CaboPolonioAttractions.swift,\ CarmeloAttractions.swift,\ ColoniaAttractions.swift,\ JoseIgnacioAttractions.swift,\ MaldonadoAttractions.swift,\ MercedesAttractions.swift,\ MinasAttractions.swift,\ MontevideoAttractions.swift,\ PaysanduAttractions.swift,\ PiriapolisAttractions.swift,\ PuntaDelDiabloAttractions.swift,\ PuntaDelEsteAttractions.swift,\ SaltoAttractions.swift,\ TacuaremboAttractions.swift /Users/erders/Documents/TravelTap/TravelTap/Data/Countries/SouthAmerica/Suriname/Cities/BrownsbergAttractions.swift /Users/erders/Documents/TravelTap/TravelTap/Data/Countries/SouthAmerica/Suriname/Cities/CentralSurinameAttractions.swift /Users/erders/Documents/TravelTap/TravelTap/Data/Countries/SouthAmerica/Suriname/Cities/CommewijneAttractions.swift /Users/erders/Documents/TravelTap/TravelTap/Data/Countries/SouthAmerica/Suriname/Cities/GalibiAttractions.swift /Users/erders/Documents/TravelTap/TravelTap/Data/Countries/SouthAmerica/Suriname/Cities/KabaleboAttractions.swift /Users/erders/Documents/TravelTap/TravelTap/Data/Countries/SouthAmerica/Suriname/Cities/NieuwNickerieAttractions.swift /Users/erders/Documents/TravelTap/TravelTap/Data/Countries/SouthAmerica/Suriname/Cities/ParamariboAttractions.swift /Users/erders/Documents/TravelTap/TravelTap/Data/Countries/SouthAmerica/Suriname/Cities/SipaliwiniAttractions.swift /Users/erders/Documents/TravelTap/TravelTap/Data/Countries/SouthAmerica/Suriname/Cities/UpperSurinameAttractions.swift /Users/erders/Documents/TravelTap/TravelTap/Data/Countries/SouthAmerica/Suriname/Cities/WiaWiaAttractions.swift /Users/erders/Documents/TravelTap/TravelTap/Data/Countries/SouthAmerica/Suriname/SurinamePackage.swift /Users/erders/Documents/TravelTap/TravelTap/Data/Countries/SouthAmerica/Uruguay/Cities/CaboPolonioAttractions.swift /Users/erders/Documents/TravelTap/TravelTap/Data/Countries/SouthAmerica/Uruguay/Cities/CarmeloAttractions.swift /Users/erders/Documents/TravelTap/TravelTap/Data/Countries/SouthAmerica/Uruguay/Cities/ColoniaAttractions.swift /Users/erders/Documents/TravelTap/TravelTap/Data/Countries/SouthAmerica/Uruguay/Cities/JoseIgnacioAttractions.swift /Users/erders/Documents/TravelTap/TravelTap/Data/Countries/SouthAmerica/Uruguay/Cities/MaldonadoAttractions.swift /Users/erders/Documents/TravelTap/TravelTap/Data/Countries/SouthAmerica/Uruguay/Cities/MercedesAttractions.swift /Users/erders/Documents/TravelTap/TravelTap/Data/Countries/SouthAmerica/Uruguay/Cities/MinasAttractions.swift /Users/erders/Documents/TravelTap/TravelTap/Data/Countries/SouthAmerica/Uruguay/Cities/MontevideoAttractions.swift /Users/erders/Documents/TravelTap/TravelTap/Data/Countries/SouthAmerica/Uruguay/Cities/PaysanduAttractions.swift /Users/erders/Documents/TravelTap/TravelTap/Data/Countries/SouthAmerica/Uruguay/Cities/PiriapolisAttractions.swift /Users/erders/Documents/TravelTap/TravelTap/Data/Countries/SouthAmerica/Uruguay/Cities/PuntaDelDiabloAttractions.swift /Users/erders/Documents/TravelTap/TravelTap/Data/Countries/SouthAmerica/Uruguay/Cities/PuntaDelEsteAttractions.swift /Users/erders/Documents/TravelTap/TravelTap/Data/Countries/SouthAmerica/Uruguay/Cities/SaltoAttractions.swift /Users/erders/Documents/TravelTap/TravelTap/Data/Countries/SouthAmerica/Uruguay/Cities/TacuaremboAttractions.swift (in target 'TravelTap' from project 'TravelTap')

SwiftCompile normal arm64 /Users/erders/Documents/TravelTap/TravelTap/Data/Countries/SouthAmerica/Suriname/Cities/BrownsbergAttractions.swift (in target 'TravelTap' from project 'TravelTap')
    cd /Users/erders/Documents/TravelTap
    

SwiftCompile normal arm64 /Users/erders/Documents/TravelTap/TravelTap/Data/Countries/SouthAmerica/Suriname/Cities/CentralSurinameAttractions.swift (in target 'TravelTap' from project 'TravelTap')
    cd /Users/erders/Documents/TravelTap
    

SwiftCompile normal arm64 /Users/erders/Documents/TravelTap/TravelTap/Data/Countries/SouthAmerica/Suriname/Cities/CommewijneAttractions.swift (in target 'TravelTap' from project 'TravelTap')
    cd /Users/erders/Documents/TravelTap
    

SwiftCompile normal arm64 /Users/erders/Documents/TravelTap/TravelTap/Data/Countries/SouthAmerica/Suriname/Cities/GalibiAttractions.swift (in target 'TravelTap' from project 'TravelTap')
    cd /Users/erders/Documents/TravelTap
    

SwiftCompile normal arm64 /Users/erders/Documents/TravelTap/TravelTap/Data/Countries/SouthAmerica/Suriname/Cities/KabaleboAttractions.swift (in target 'TravelTap' from project 'TravelTap')
    cd /Users/erders/Documents/TravelTap
    

SwiftCompile normal arm64 /Users/erders/Documents/TravelTap/TravelTap/Data/Countries/SouthAmerica/Suriname/Cities/NieuwNickerieAttractions.swift (in target 'TravelTap' from project 'TravelTap')
    cd /Users/erders/Documents/TravelTap
    

SwiftCompile normal arm64 /Users/erders/Documents/TravelTap/TravelTap/Data/Countries/SouthAmerica/Suriname/Cities/ParamariboAttractions.swift (in target 'TravelTap' from project 'TravelTap')
    cd /Users/erders/Documents/TravelTap
    

SwiftCompile normal arm64 /Users/erders/Documents/TravelTap/TravelTap/Data/Countries/SouthAmerica/Suriname/Cities/SipaliwiniAttractions.swift (in target 'TravelTap' from project 'TravelTap')
    cd /Users/erders/Documents/TravelTap
    

SwiftCompile normal arm64 /Users/erders/Documents/TravelTap/TravelTap/Data/Countries/SouthAmerica/Suriname/Cities/UpperSurinameAttractions.swift (in target 'TravelTap' from project 'TravelTap')
    cd /Users/erders/Documents/TravelTap
    

SwiftCompile normal arm64 /Users/erders/Documents/TravelTap/TravelTap/Data/Countries/SouthAmerica/Suriname/Cities/WiaWiaAttractions.swift (in target 'TravelTap' from project 'TravelTap')
    cd /Users/erders/Documents/TravelTap
    

SwiftCompile normal arm64 /Users/erders/Documents/TravelTap/TravelTap/Data/Countries/SouthAmerica/Suriname/SurinamePackage.swift (in target 'TravelTap' from project 'TravelTap')
    cd /Users/erders/Documents/TravelTap
    

SwiftCompile normal arm64 /Users/erders/Documents/TravelTap/TravelTap/Data/Countries/SouthAmerica/Uruguay/Cities/CaboPolonioAttractions.swift (in target 'TravelTap' from project 'TravelTap')
    cd /Users/erders/Documents/TravelTap
    

SwiftCompile normal arm64 /Users/erders/Documents/TravelTap/TravelTap/Data/Countries/SouthAmerica/Uruguay/Cities/CarmeloAttractions.swift (in target 'TravelTap' from project 'TravelTap')
    cd /Users/erders/Documents/TravelTap
    

SwiftCompile normal arm64 /Users/erders/Documents/TravelTap/TravelTap/Data/Countries/SouthAmerica/Uruguay/Cities/ColoniaAttractions.swift (in target 'TravelTap' from project 'TravelTap')
    cd /Users/erders/Documents/TravelTap
    

SwiftCompile normal arm64 /Users/erders/Documents/TravelTap/TravelTap/Data/Countries/SouthAmerica/Uruguay/Cities/JoseIgnacioAttractions.swift (in target 'TravelTap' from project 'TravelTap')
    cd /Users/erders/Documents/TravelTap
    

SwiftCompile normal arm64 /Users/erders/Documents/TravelTap/TravelTap/Data/Countries/SouthAmerica/Uruguay/Cities/MaldonadoAttractions.swift (in target 'TravelTap' from project 'TravelTap')
    cd /Users/erders/Documents/TravelTap
    

SwiftCompile normal arm64 /Users/erders/Documents/TravelTap/TravelTap/Data/Countries/SouthAmerica/Uruguay/Cities/MercedesAttractions.swift (in target 'TravelTap' from project 'TravelTap')
    cd /Users/erders/Documents/TravelTap
    

SwiftCompile normal arm64 /Users/erders/Documents/TravelTap/TravelTap/Data/Countries/SouthAmerica/Uruguay/Cities/MinasAttractions.swift (in target 'TravelTap' from project 'TravelTap')
    cd /Users/erders/Documents/TravelTap
    

SwiftCompile normal arm64 /Users/erders/Documents/TravelTap/TravelTap/Data/Countries/SouthAmerica/Uruguay/Cities/MontevideoAttractions.swift (in target 'TravelTap' from project 'TravelTap')
    cd /Users/erders/Documents/TravelTap
    

SwiftCompile normal arm64 /Users/erders/Documents/TravelTap/TravelTap/Data/Countries/SouthAmerica/Uruguay/Cities/PaysanduAttractions.swift (in target 'TravelTap' from project 'TravelTap')
    cd /Users/erders/Documents/TravelTap
    

SwiftCompile normal arm64 /Users/erders/Documents/TravelTap/TravelTap/Data/Countries/SouthAmerica/Uruguay/Cities/PiriapolisAttractions.swift (in target 'TravelTap' from project 'TravelTap')
    cd /Users/erders/Documents/TravelTap
    

SwiftCompile normal arm64 /Users/erders/Documents/TravelTap/TravelTap/Data/Countries/SouthAmerica/Uruguay/Cities/PuntaDelDiabloAttractions.swift (in target 'TravelTap' from project 'TravelTap')
    cd /Users/erders/Documents/TravelTap
    

SwiftCompile normal arm64 /Users/erders/Documents/TravelTap/TravelTap/Data/Countries/SouthAmerica/Uruguay/Cities/PuntaDelEsteAttractions.swift (in target 'TravelTap' from project 'TravelTap')
    cd /Users/erders/Documents/TravelTap
    

SwiftCompile normal arm64 /Users/erders/Documents/TravelTap/TravelTap/Data/Countries/SouthAmerica/Uruguay/Cities/SaltoAttractions.swift (in target 'TravelTap' from project 'TravelTap')
    cd /Users/erders/Documents/TravelTap
    

SwiftCompile normal arm64 /Users/erders/Documents/TravelTap/TravelTap/Data/Countries/SouthAmerica/Uruguay/Cities/TacuaremboAttractions.swift (in target 'TravelTap' from project 'TravelTap')
    cd /Users/erders/Documents/TravelTap
    

SwiftDriverJobDiscovery normal arm64 Compiling PortGentilCoastalAttractions.swift, GabonPackage.swift, BrazzavilleAttractions.swift, NorthernCongoAttractions.swift, PointeNoireAttractions.swift, SouthernCongoAttractions.swift, RepublicoftheCongoPackage.swift, PrincipeAttractions.swift, SaoTomeCityAttractions.swift, SaoTomeNorthCentralAttractions.swift, SaoTomeSouthEastAttractions.swift, SaoTomeandPrincipePackage.swift, BurundiPackage.swift, BujumburaAttractions.swift, GitegaCentralAttractions.swift, NorthernBurundiAttractions.swift, SouthernBurundiAttractions.swift, AnjouanAttractions.swift, GrandeComoreAttractions.swift, MoheliAttractions.swift, ComorosPackage.swift, DjiboutiCityBeachesAttractions.swift, DjiboutiSouthWestAttractions.swift, TadjouraNorthAttractions.swift, DjiboutiPackage.swift (in target 'TravelTap' from project 'TravelTap')

SwiftCompile normal arm64 Compiling\ TorunAttractions.swift,\ LodzAttractions.swift,\ LublinAttractions.swift,\ ZakopaneAttractions.swift,\ TatraMountainsAttractions.swift,\ MalborkAttractions.swift,\ CzestochowaAttractions.swift,\ AuschwitzBirkenauAttractions.swift,\ BialowiezaAttractions.swift,\ BieszczadyMountainsAttractions.swift,\ MasurianLakesAttractions.swift,\ SzczecinAttractions.swift,\ KatowiceAttractions.swift,\ WoodenChurchesAttractions.swift,\ KalwariaZebrzydowskaAttractions.swift,\ ZamoscAttractions.swift,\ AlgarveAttractions.swift,\ CoimbraAttractions.swift,\ LisbonAttractions.swift,\ PortoAttractions.swift,\ SintraAttractions.swift,\ PortugalPackage.swift,\ BrasovAttractions.swift,\ BucharestAttractions.swift,\ ClujNapocaAttractions.swift /Users/erders/Documents/TravelTap/TravelTap/Data/Countries/Europe/Poland/Cities/TorunAttractions.swift /Users/erders/Documents/TravelTap/TravelTap/Data/Countries/Europe/Poland/Cities/LodzAttractions.swift /Users/erders/Documents/TravelTap/TravelTap/Data/Countries/Europe/Poland/Cities/LublinAttractions.swift /Users/erders/Documents/TravelTap/TravelTap/Data/Countries/Europe/Poland/Cities/ZakopaneAttractions.swift /Users/erders/Documents/TravelTap/TravelTap/Data/Countries/Europe/Poland/Cities/TatraMountainsAttractions.swift /Users/erders/Documents/TravelTap/TravelTap/Data/Countries/Europe/Poland/Cities/MalborkAttractions.swift /Users/erders/Documents/TravelTap/TravelTap/Data/Countries/Europe/Poland/Cities/CzestochowaAttractions.swift /Users/erders/Documents/TravelTap/TravelTap/Data/Countries/Europe/Poland/Cities/AuschwitzBirkenauAttractions.swift /Users/erders/Documents/TravelTap/TravelTap/Data/Countries/Europe/Poland/Cities/BialowiezaAttractions.swift /Users/erders/Documents/TravelTap/TravelTap/Data/Countries/Europe/Poland/Cities/BieszczadyMountainsAttractions.swift /Users/erders/Documents/TravelTap/TravelTap/Data/Countries/Europe/Poland/Cities/MasurianLakesAttractions.swift /Users/erders/Documents/TravelTap/TravelTap/Data/Countries/Europe/Poland/Cities/SzczecinAttractions.swift /Users/erders/Documents/TravelTap/TravelTap/Data/Countries/Europe/Poland/Cities/KatowiceAttractions.swift /Users/erders/Documents/TravelTap/TravelTap/Data/Countries/Europe/Poland/Cities/WoodenChurchesAttractions.swift /Users/erders/Documents/TravelTap/TravelTap/Data/Countries/Europe/Poland/Cities/KalwariaZebrzydowskaAttractions.swift /Users/erders/Documents/TravelTap/TravelTap/Data/Countries/Europe/Poland/Cities/ZamoscAttractions.swift /Users/erders/Documents/TravelTap/TravelTap/Data/Countries/Europe/Portugal/Cities/AlgarveAttractions.swift /Users/erders/Documents/TravelTap/TravelTap/Data/Countries/Europe/Portugal/Cities/CoimbraAttractions.swift /Users/erders/Documents/TravelTap/TravelTap/Data/Countries/Europe/Portugal/Cities/LisbonAttractions.swift /Users/erders/Documents/TravelTap/TravelTap/Data/Countries/Europe/Portugal/Cities/PortoAttractions.swift /Users/erders/Documents/TravelTap/TravelTap/Data/Countries/Europe/Portugal/Cities/SintraAttractions.swift /Users/erders/Documents/TravelTap/TravelTap/Data/Countries/Europe/Portugal/PortugalPackage.swift /Users/erders/Documents/TravelTap/TravelTap/Data/Countries/Europe/Romania/Cities/BrasovAttractions.swift /Users/erders/Documents/TravelTap/TravelTap/Data/Countries/Europe/Romania/Cities/BucharestAttractions.swift /Users/erders/Documents/TravelTap/TravelTap/Data/Countries/Europe/Romania/Cities/ClujNapocaAttractions.swift (in target 'TravelTap' from project 'TravelTap')

SwiftCompile normal arm64 /Users/erders/Documents/TravelTap/TravelTap/Data/Countries/Europe/Poland/Cities/TorunAttractions.swift (in target 'TravelTap' from project 'TravelTap')
    cd /Users/erders/Documents/TravelTap
    

SwiftCompile normal arm64 /Users/erders/Documents/TravelTap/TravelTap/Data/Countries/Europe/Poland/Cities/LodzAttractions.swift (in target 'TravelTap' from project 'TravelTap')
    cd /Users/erders/Documents/TravelTap
    

SwiftCompile normal arm64 /Users/erders/Documents/TravelTap/TravelTap/Data/Countries/Europe/Poland/Cities/LublinAttractions.swift (in target 'TravelTap' from project 'TravelTap')
    cd /Users/erders/Documents/TravelTap
    

SwiftCompile normal arm64 /Users/erders/Documents/TravelTap/TravelTap/Data/Countries/Europe/Poland/Cities/ZakopaneAttractions.swift (in target 'TravelTap' from project 'TravelTap')
    cd /Users/erders/Documents/TravelTap
    

SwiftCompile normal arm64 /Users/erders/Documents/TravelTap/TravelTap/Data/Countries/Europe/Poland/Cities/TatraMountainsAttractions.swift (in target 'TravelTap' from project 'TravelTap')
    cd /Users/erders/Documents/TravelTap
    

SwiftCompile normal arm64 /Users/erders/Documents/TravelTap/TravelTap/Data/Countries/Europe/Poland/Cities/MalborkAttractions.swift (in target 'TravelTap' from project 'TravelTap')
    cd /Users/erders/Documents/TravelTap
    

SwiftCompile normal arm64 /Users/erders/Documents/TravelTap/TravelTap/Data/Countries/Europe/Poland/Cities/CzestochowaAttractions.swift (in target 'TravelTap' from project 'TravelTap')
    cd /Users/erders/Documents/TravelTap
    

SwiftCompile normal arm64 /Users/erders/Documents/TravelTap/TravelTap/Data/Countries/Europe/Poland/Cities/AuschwitzBirkenauAttractions.swift (in target 'TravelTap' from project 'TravelTap')
    cd /Users/erders/Documents/TravelTap
    

SwiftCompile normal arm64 /Users/erders/Documents/TravelTap/TravelTap/Data/Countries/Europe/Poland/Cities/BialowiezaAttractions.swift (in target 'TravelTap' from project 'TravelTap')
    cd /Users/erders/Documents/TravelTap
    

SwiftCompile normal arm64 /Users/erders/Documents/TravelTap/TravelTap/Data/Countries/Europe/Poland/Cities/BieszczadyMountainsAttractions.swift (in target 'TravelTap' from project 'TravelTap')
    cd /Users/erders/Documents/TravelTap
    

SwiftCompile normal arm64 /Users/erders/Documents/TravelTap/TravelTap/Data/Countries/Europe/Poland/Cities/MasurianLakesAttractions.swift (in target 'TravelTap' from project 'TravelTap')
    cd /Users/erders/Documents/TravelTap
    

SwiftCompile normal arm64 /Users/erders/Documents/TravelTap/TravelTap/Data/Countries/Europe/Poland/Cities/SzczecinAttractions.swift (in target 'TravelTap' from project 'TravelTap')
    cd /Users/erders/Documents/TravelTap
    

SwiftCompile normal arm64 /Users/erders/Documents/TravelTap/TravelTap/Data/Countries/Europe/Poland/Cities/KatowiceAttractions.swift (in target 'TravelTap' from project 'TravelTap')
    cd /Users/erders/Documents/TravelTap
    

SwiftCompile normal arm64 /Users/erders/Documents/TravelTap/TravelTap/Data/Countries/Europe/Poland/Cities/WoodenChurchesAttractions.swift (in target 'TravelTap' from project 'TravelTap')
    cd /Users/erders/Documents/TravelTap
    

SwiftCompile normal arm64 /Users/erders/Documents/TravelTap/TravelTap/Data/Countries/Europe/Poland/Cities/KalwariaZebrzydowskaAttractions.swift (in target 'TravelTap' from project 'TravelTap')
    cd /Users/erders/Documents/TravelTap
    

SwiftCompile normal arm64 /Users/erders/Documents/TravelTap/TravelTap/Data/Countries/Europe/Poland/Cities/ZamoscAttractions.swift (in target 'TravelTap' from project 'TravelTap')
    cd /Users/erders/Documents/TravelTap
    

SwiftCompile normal arm64 /Users/erders/Documents/TravelTap/TravelTap/Data/Countries/Europe/Portugal/Cities/AlgarveAttractions.swift (in target 'TravelTap' from project 'TravelTap')
    cd /Users/erders/Documents/TravelTap
    

SwiftCompile normal arm64 /Users/erders/Documents/TravelTap/TravelTap/Data/Countries/Europe/Portugal/Cities/CoimbraAttractions.swift (in target 'TravelTap' from project 'TravelTap')
    cd /Users/erders/Documents/TravelTap
    

SwiftCompile normal arm64 /Users/erders/Documents/TravelTap/TravelTap/Data/Countries/Europe/Portugal/Cities/LisbonAttractions.swift (in target 'TravelTap' from project 'TravelTap')
    cd /Users/erders/Documents/TravelTap
    

SwiftCompile normal arm64 /Users/erders/Documents/TravelTap/TravelTap/Data/Countries/Europe/Portugal/Cities/PortoAttractions.swift (in target 'TravelTap' from project 'TravelTap')
    cd /Users/erders/Documents/TravelTap
    

SwiftCompile normal arm64 /Users/erders/Documents/TravelTap/TravelTap/Data/Countries/Europe/Portugal/Cities/SintraAttractions.swift (in target 'TravelTap' from project 'TravelTap')
    cd /Users/erders/Documents/TravelTap
    

SwiftCompile normal arm64 /Users/erders/Documents/TravelTap/TravelTap/Data/Countries/Europe/Portugal/PortugalPackage.swift (in target 'TravelTap' from project 'TravelTap')
    cd /Users/erders/Documents/TravelTap
    

SwiftCompile normal arm64 /Users/erders/Documents/TravelTap/TravelTap/Data/Countries/Europe/Romania/Cities/BrasovAttractions.swift (in target 'TravelTap' from project 'TravelTap')
    cd /Users/erders/Documents/TravelTap
    

SwiftCompile normal arm64 /Users/erders/Documents/TravelTap/TravelTap/Data/Countries/Europe/Romania/Cities/BucharestAttractions.swift (in target 'TravelTap' from project 'TravelTap')
    cd /Users/erders/Documents/TravelTap
    

SwiftCompile normal arm64 /Users/erders/Documents/TravelTap/TravelTap/Data/Countries/Europe/Romania/Cities/ClujNapocaAttractions.swift (in target 'TravelTap' from project 'TravelTap')
    cd /Users/erders/Documents/TravelTap
    

SwiftDriverJobDiscovery normal arm64 Compiling CienfuegosAttractions.swift, HavanaAttractions.swift, SantiagoDeCubaAttractions.swift, TrinidadAttractions.swift, VaraderoAttractions.swift, ViñalesAttractions.swift, CubaPackage.swift, BandaAbouAttractions.swift, BandaAribaAttractions.swift, SantaMarthaAttractions.swift, SintWillibrordusAttractions.swift, SotoAttractions.swift, SpanishWaterAttractions.swift, WestpuntAttractions.swift, WillemstadAttractions.swift, CuracaoPackage.swift, CabareteAttractions.swift, JarabacoaAttractions.swift, LaRomanaAttractions.swift, PuertoPlataAttractions.swift, PuntaCanaAttractions.swift, SamanaAttractions.swift, SantoDomingoAttractions.swift, SosuaAttractions.swift, DominicanRepublicPackage.swift (in target 'TravelTap' from project 'TravelTap')

SwiftCompile normal arm64 Compiling\ TarijaAttractions.swift,\ TiwanakuAttractions.swift,\ TupizaAttractions.swift,\ UyuniAttractions.swift,\ BrazilPackage.swift,\ BonitoPantanalAttractions.swift,\ BrasiliaAttractions.swift,\ ChapadaDiamantinaAttractions.swift,\ CuritibaAttractions.swift,\ FernandoDeNoronhaAttractions.swift,\ FlorianopolisAttractions.swift,\ FortalezaAttractions.swift,\ FozDoIguacuAttractions.swift,\ GramadoCanelaAttractions.swift,\ JericoacoaraAttractions.swift,\ LencoisMaranhensesAttractions.swift,\ ManausAttractions.swift,\ NatalAttractions.swift,\ OuroPretoAttractions.swift,\ ParatyIlhaGrandeAttractions.swift,\ RecifeOlindaAttractions.swift,\ RioDeJaneiroAttractions.swift,\ SalvadorAttractions.swift,\ SaoPauloAttractions.swift,\ ChilePackage.swift /Users/erders/Documents/TravelTap/TravelTap/Data/Countries/SouthAmerica/Bolivia/Cities/TarijaAttractions.swift /Users/erders/Documents/TravelTap/TravelTap/Data/Countries/SouthAmerica/Bolivia/Cities/TiwanakuAttractions.swift /Users/erders/Documents/TravelTap/TravelTap/Data/Countries/SouthAmerica/Bolivia/Cities/TupizaAttractions.swift /Users/erders/Documents/TravelTap/TravelTap/Data/Countries/SouthAmerica/Bolivia/Cities/UyuniAttractions.swift /Users/erders/Documents/TravelTap/TravelTap/Data/Countries/SouthAmerica/Brazil/BrazilPackage.swift /Users/erders/Documents/TravelTap/TravelTap/Data/Countries/SouthAmerica/Brazil/Cities/BonitoPantanalAttractions.swift /Users/erders/Documents/TravelTap/TravelTap/Data/Countries/SouthAmerica/Brazil/Cities/BrasiliaAttractions.swift /Users/erders/Documents/TravelTap/TravelTap/Data/Countries/SouthAmerica/Brazil/Cities/ChapadaDiamantinaAttractions.swift /Users/erders/Documents/TravelTap/TravelTap/Data/Countries/SouthAmerica/Brazil/Cities/CuritibaAttractions.swift /Users/erders/Documents/TravelTap/TravelTap/Data/Countries/SouthAmerica/Brazil/Cities/FernandoDeNoronhaAttractions.swift /Users/erders/Documents/TravelTap/TravelTap/Data/Countries/SouthAmerica/Brazil/Cities/FlorianopolisAttractions.swift /Users/erders/Documents/TravelTap/TravelTap/Data/Countries/SouthAmerica/Brazil/Cities/FortalezaAttractions.swift /Users/erders/Documents/TravelTap/TravelTap/Data/Countries/SouthAmerica/Brazil/Cities/FozDoIguacuAttractions.swift /Users/erders/Documents/TravelTap/TravelTap/Data/Countries/SouthAmerica/Brazil/Cities/GramadoCanelaAttractions.swift /Users/erders/Documents/TravelTap/TravelTap/Data/Countries/SouthAmerica/Brazil/Cities/JericoacoaraAttractions.swift /Users/erders/Documents/TravelTap/TravelTap/Data/Countries/SouthAmerica/Brazil/Cities/LencoisMaranhensesAttractions.swift /Users/erders/Documents/TravelTap/TravelTap/Data/Countries/SouthAmerica/Brazil/Cities/ManausAttractions.swift /Users/erders/Documents/TravelTap/TravelTap/Data/Countries/SouthAmerica/Brazil/Cities/NatalAttractions.swift /Users/erders/Documents/TravelTap/TravelTap/Data/Countries/SouthAmerica/Brazil/Cities/OuroPretoAttractions.swift /Users/erders/Documents/TravelTap/TravelTap/Data/Countries/SouthAmerica/Brazil/Cities/ParatyIlhaGrandeAttractions.swift /Users/erders/Documents/TravelTap/TravelTap/Data/Countries/SouthAmerica/Brazil/Cities/RecifeOlindaAttractions.swift /Users/erders/Documents/TravelTap/TravelTap/Data/Countries/SouthAmerica/Brazil/Cities/RioDeJaneiroAttractions.swift /Users/erders/Documents/TravelTap/TravelTap/Data/Countries/SouthAmerica/Brazil/Cities/SalvadorAttractions.swift /Users/erders/Documents/TravelTap/TravelTap/Data/Countries/SouthAmerica/Brazil/Cities/SaoPauloAttractions.swift /Users/erders/Documents/TravelTap/TravelTap/Data/Countries/SouthAmerica/Chile/ChilePackage.swift (in target 'TravelTap' from project 'TravelTap')

SwiftCompile normal arm64 /Users/erders/Documents/TravelTap/TravelTap/Data/Countries/SouthAmerica/Bolivia/Cities/TarijaAttractions.swift (in target 'TravelTap' from project 'TravelTap')
    cd /Users/erders/Documents/TravelTap
    

SwiftCompile normal arm64 /Users/erders/Documents/TravelTap/TravelTap/Data/Countries/SouthAmerica/Bolivia/Cities/TiwanakuAttractions.swift (in target 'TravelTap' from project 'TravelTap')
    cd /Users/erders/Documents/TravelTap
    

SwiftCompile normal arm64 /Users/erders/Documents/TravelTap/TravelTap/Data/Countries/SouthAmerica/Bolivia/Cities/TupizaAttractions.swift (in target 'TravelTap' from project 'TravelTap')
    cd /Users/erders/Documents/TravelTap
    

SwiftCompile normal arm64 /Users/erders/Documents/TravelTap/TravelTap/Data/Countries/SouthAmerica/Bolivia/Cities/UyuniAttractions.swift (in target 'TravelTap' from project 'TravelTap')
    cd /Users/erders/Documents/TravelTap
    

SwiftCompile normal arm64 /Users/erders/Documents/TravelTap/TravelTap/Data/Countries/SouthAmerica/Brazil/BrazilPackage.swift (in target 'TravelTap' from project 'TravelTap')
    cd /Users/erders/Documents/TravelTap
    

SwiftCompile normal arm64 /Users/erders/Documents/TravelTap/TravelTap/Data/Countries/SouthAmerica/Brazil/Cities/BonitoPantanalAttractions.swift (in target 'TravelTap' from project 'TravelTap')
    cd /Users/erders/Documents/TravelTap
    

SwiftCompile normal arm64 /Users/erders/Documents/TravelTap/TravelTap/Data/Countries/SouthAmerica/Brazil/Cities/BrasiliaAttractions.swift (in target 'TravelTap' from project 'TravelTap')
    cd /Users/erders/Documents/TravelTap
    

SwiftCompile normal arm64 /Users/erders/Documents/TravelTap/TravelTap/Data/Countries/SouthAmerica/Brazil/Cities/ChapadaDiamantinaAttractions.swift (in target 'TravelTap' from project 'TravelTap')
    cd /Users/erders/Documents/TravelTap
    

SwiftCompile normal arm64 /Users/erders/Documents/TravelTap/TravelTap/Data/Countries/SouthAmerica/Brazil/Cities/CuritibaAttractions.swift (in target 'TravelTap' from project 'TravelTap')
    cd /Users/erders/Documents/TravelTap
    

SwiftCompile normal arm64 /Users/erders/Documents/TravelTap/TravelTap/Data/Countries/SouthAmerica/Brazil/Cities/FernandoDeNoronhaAttractions.swift (in target 'TravelTap' from project 'TravelTap')
    cd /Users/erders/Documents/TravelTap
    

SwiftCompile normal arm64 /Users/erders/Documents/TravelTap/TravelTap/Data/Countries/SouthAmerica/Brazil/Cities/FlorianopolisAttractions.swift (in target 'TravelTap' from project 'TravelTap')
    cd /Users/erders/Documents/TravelTap
    

SwiftCompile normal arm64 /Users/erders/Documents/TravelTap/TravelTap/Data/Countries/SouthAmerica/Brazil/Cities/FortalezaAttractions.swift (in target 'TravelTap' from project 'TravelTap')
    cd /Users/erders/Documents/TravelTap
    

SwiftCompile normal arm64 /Users/erders/Documents/TravelTap/TravelTap/Data/Countries/SouthAmerica/Brazil/Cities/FozDoIguacuAttractions.swift (in target 'TravelTap' from project 'TravelTap')
    cd /Users/erders/Documents/TravelTap
    

SwiftCompile normal arm64 /Users/erders/Documents/TravelTap/TravelTap/Data/Countries/SouthAmerica/Brazil/Cities/GramadoCanelaAttractions.swift (in target 'TravelTap' from project 'TravelTap')
    cd /Users/erders/Documents/TravelTap
    

SwiftCompile normal arm64 /Users/erders/Documents/TravelTap/TravelTap/Data/Countries/SouthAmerica/Brazil/Cities/JericoacoaraAttractions.swift (in target 'TravelTap' from project 'TravelTap')
    cd /Users/erders/Documents/TravelTap
    

SwiftCompile normal arm64 /Users/erders/Documents/TravelTap/TravelTap/Data/Countries/SouthAmerica/Brazil/Cities/LencoisMaranhensesAttractions.swift (in target 'TravelTap' from project 'TravelTap')
    cd /Users/erders/Documents/TravelTap
    

SwiftCompile normal arm64 /Users/erders/Documents/TravelTap/TravelTap/Data/Countries/SouthAmerica/Brazil/Cities/ManausAttractions.swift (in target 'TravelTap' from project 'TravelTap')
    cd /Users/erders/Documents/TravelTap
    

SwiftCompile normal arm64 /Users/erders/Documents/TravelTap/TravelTap/Data/Countries/SouthAmerica/Brazil/Cities/NatalAttractions.swift (in target 'TravelTap' from project 'TravelTap')
    cd /Users/erders/Documents/TravelTap
    

SwiftCompile normal arm64 /Users/erders/Documents/TravelTap/TravelTap/Data/Countries/SouthAmerica/Brazil/Cities/OuroPretoAttractions.swift (in target 'TravelTap' from project 'TravelTap')
    cd /Users/erders/Documents/TravelTap
    

SwiftCompile normal arm64 /Users/erders/Documents/TravelTap/TravelTap/Data/Countries/SouthAmerica/Brazil/Cities/ParatyIlhaGrandeAttractions.swift (in target 'TravelTap' from project 'TravelTap')
    cd /Users/erders/Documents/TravelTap
    

SwiftCompile normal arm64 /Users/erders/Documents/TravelTap/TravelTap/Data/Countries/SouthAmerica/Brazil/Cities/RecifeOlindaAttractions.swift (in target 'TravelTap' from project 'TravelTap')
    cd /Users/erders/Documents/TravelTap
    

SwiftCompile normal arm64 /Users/erders/Documents/TravelTap/TravelTap/Data/Countries/SouthAmerica/Brazil/Cities/RioDeJaneiroAttractions.swift (in target 'TravelTap' from project 'TravelTap')
    cd /Users/erders/Documents/TravelTap
    

SwiftCompile normal arm64 /Users/erders/Documents/TravelTap/TravelTap/Data/Countries/SouthAmerica/Brazil/Cities/SalvadorAttractions.swift (in target 'TravelTap' from project 'TravelTap')
    cd /Users/erders/Documents/TravelTap
    

SwiftCompile normal arm64 /Users/erders/Documents/TravelTap/TravelTap/Data/Countries/SouthAmerica/Brazil/Cities/SaoPauloAttractions.swift (in target 'TravelTap' from project 'TravelTap')
    cd /Users/erders/Documents/TravelTap
    

SwiftCompile normal arm64 /Users/erders/Documents/TravelTap/TravelTap/Data/Countries/SouthAmerica/Chile/ChilePackage.swift (in target 'TravelTap' from project 'TravelTap')
    cd /Users/erders/Documents/TravelTap
    

SwiftDriverJobDiscovery normal arm64 Compiling LaLibertadAttractions.swift, RutaDeLasFloresAttractions.swift, SanMiguelESAttractions.swift, SanSalvadorAttractions.swift, SantaAnaAttractions.swift, SuchitotoAttractions.swift, ElSalvadorPackage.swift, CarriacouAttractions.swift, GrandAnseAttractions.swift, GrenadaStJohnAttractions.swift, PetiteMartiniqueAttractions.swift, StDavidAttractions.swift, StGeorgesAttractions.swift, StMarkAttractions.swift, StPatrickAttractions.swift, GrenadaPackage.swift, GuatemalaAttractions.swift, GuatemalaPackage.swift, CapHaitienAttractions.swift, CotesDesArcadinsAttractions.swift, IleAVacheAttractions.swift, JacmelAttractions.swift, KenscoffAttractions.swift, LesCayesAttractions.swift, PortAuPrinceAttractions.swift (in target 'TravelTap' from project 'TravelTap')

SwiftCompile normal arm64 Compiling\ WashingtonDCAttractions.swift,\ WyomingAttractions.swift,\ USAPackage.swift,\ AustraliaPackage.swift,\ AdelaideAttractions.swift,\ AliceSpringsAttractions.swift,\ BarossaValleyAttractions.swift,\ BayOfFiresAttractions.swift,\ BlueMountainsAttractions.swift,\ BrisbaneAttractions.swift,\ BroomeAttractions.swift,\ BrunyIslandAttractions.swift,\ CairnsAttractions.swift,\ CentralTasmaniaAttractions.swift,\ CradleMountainAttractions.swift,\ DarwinAttractions.swift,\ EsperanceAttractions.swift,\ FlindersIslandAttractions.swift,\ FlindersRangesAttractions.swift,\ FreycinetAttractions.swift,\ GoldCoastAttractions.swift,\ GreatOceanRoadAttractions.swift,\ HobartAttractions.swift,\ HuonValleyAttractions.swift,\ KakaduAttractions.swift /Users/erders/Documents/TravelTap/TravelTap/Data/Countries/NorthAmerica/USA/Cities/WashingtonDCAttractions.swift /Users/erders/Documents/TravelTap/TravelTap/Data/Countries/NorthAmerica/USA/Cities/WyomingAttractions.swift /Users/erders/Documents/TravelTap/TravelTap/Data/Countries/NorthAmerica/USA/USAPackage.swift /Users/erders/Documents/TravelTap/TravelTap/Data/Countries/Oceania/Australia/AustraliaPackage.swift /Users/erders/Documents/TravelTap/TravelTap/Data/Countries/Oceania/Australia/Cities/AdelaideAttractions.swift /Users/erders/Documents/TravelTap/TravelTap/Data/Countries/Oceania/Australia/Cities/AliceSpringsAttractions.swift /Users/erders/Documents/TravelTap/TravelTap/Data/Countries/Oceania/Australia/Cities/BarossaValleyAttractions.swift /Users/erders/Documents/TravelTap/TravelTap/Data/Countries/Oceania/Australia/Cities/BayOfFiresAttractions.swift /Users/erders/Documents/TravelTap/TravelTap/Data/Countries/Oceania/Australia/Cities/BlueMountainsAttractions.swift /Users/erders/Documents/TravelTap/TravelTap/Data/Countries/Oceania/Australia/Cities/BrisbaneAttractions.swift /Users/erders/Documents/TravelTap/TravelTap/Data/Countries/Oceania/Australia/Cities/BroomeAttractions.swift /Users/erders/Documents/TravelTap/TravelTap/Data/Countries/Oceania/Australia/Cities/BrunyIslandAttractions.swift /Users/erders/Documents/TravelTap/TravelTap/Data/Countries/Oceania/Australia/Cities/CairnsAttractions.swift /Users/erders/Documents/TravelTap/TravelTap/Data/Countries/Oceania/Australia/Cities/CentralTasmaniaAttractions.swift /Users/erders/Documents/TravelTap/TravelTap/Data/Countries/Oceania/Australia/Cities/CradleMountainAttractions.swift /Users/erders/Documents/TravelTap/TravelTap/Data/Countries/Oceania/Australia/Cities/DarwinAttractions.swift /Users/erders/Documents/TravelTap/TravelTap/Data/Countries/Oceania/Australia/Cities/EsperanceAttractions.swift /Users/erders/Documents/TravelTap/TravelTap/Data/Countries/Oceania/Australia/Cities/FlindersIslandAttractions.swift /Users/erders/Documents/TravelTap/TravelTap/Data/Countries/Oceania/Australia/Cities/FlindersRangesAttractions.swift /Users/erders/Documents/TravelTap/TravelTap/Data/Countries/Oceania/Australia/Cities/FreycinetAttractions.swift /Users/erders/Documents/TravelTap/TravelTap/Data/Countries/Oceania/Australia/Cities/GoldCoastAttractions.swift /Users/erders/Documents/TravelTap/TravelTap/Data/Countries/Oceania/Australia/Cities/GreatOceanRoadAttractions.swift /Users/erders/Documents/TravelTap/TravelTap/Data/Countries/Oceania/Australia/Cities/HobartAttractions.swift /Users/erders/Documents/TravelTap/TravelTap/Data/Countries/Oceania/Australia/Cities/HuonValleyAttractions.swift /Users/erders/Documents/TravelTap/TravelTap/Data/Countries/Oceania/Australia/Cities/KakaduAttractions.swift (in target 'TravelTap' from project 'TravelTap')

SwiftCompile normal arm64 /Users/erders/Documents/TravelTap/TravelTap/Data/Countries/NorthAmerica/USA/Cities/WashingtonDCAttractions.swift (in target 'TravelTap' from project 'TravelTap')
    cd /Users/erders/Documents/TravelTap
    

SwiftCompile normal arm64 /Users/erders/Documents/TravelTap/TravelTap/Data/Countries/NorthAmerica/USA/Cities/WyomingAttractions.swift (in target 'TravelTap' from project 'TravelTap')
    cd /Users/erders/Documents/TravelTap
    

SwiftCompile normal arm64 /Users/erders/Documents/TravelTap/TravelTap/Data/Countries/NorthAmerica/USA/USAPackage.swift (in target 'TravelTap' from project 'TravelTap')
    cd /Users/erders/Documents/TravelTap
    

SwiftCompile normal arm64 /Users/erders/Documents/TravelTap/TravelTap/Data/Countries/Oceania/Australia/AustraliaPackage.swift (in target 'TravelTap' from project 'TravelTap')
    cd /Users/erders/Documents/TravelTap
    

SwiftCompile normal arm64 /Users/erders/Documents/TravelTap/TravelTap/Data/Countries/Oceania/Australia/Cities/AdelaideAttractions.swift (in target 'TravelTap' from project 'TravelTap')
    cd /Users/erders/Documents/TravelTap
    

SwiftCompile normal arm64 /Users/erders/Documents/TravelTap/TravelTap/Data/Countries/Oceania/Australia/Cities/AliceSpringsAttractions.swift (in target 'TravelTap' from project 'TravelTap')
    cd /Users/erders/Documents/TravelTap
    

SwiftCompile normal arm64 /Users/erders/Documents/TravelTap/TravelTap/Data/Countries/Oceania/Australia/Cities/BarossaValleyAttractions.swift (in target 'TravelTap' from project 'TravelTap')
    cd /Users/erders/Documents/TravelTap
    

SwiftCompile normal arm64 /Users/erders/Documents/TravelTap/TravelTap/Data/Countries/Oceania/Australia/Cities/BayOfFiresAttractions.swift (in target 'TravelTap' from project 'TravelTap')
    cd /Users/erders/Documents/TravelTap
    

SwiftCompile normal arm64 /Users/erders/Documents/TravelTap/TravelTap/Data/Countries/Oceania/Australia/Cities/BlueMountainsAttractions.swift (in target 'TravelTap' from project 'TravelTap')
    cd /Users/erders/Documents/TravelTap
    

SwiftCompile normal arm64 /Users/erders/Documents/TravelTap/TravelTap/Data/Countries/Oceania/Australia/Cities/BrisbaneAttractions.swift (in target 'TravelTap' from project 'TravelTap')
    cd /Users/erders/Documents/TravelTap
    

SwiftCompile normal arm64 /Users/erders/Documents/TravelTap/TravelTap/Data/Countries/Oceania/Australia/Cities/BroomeAttractions.swift (in target 'TravelTap' from project 'TravelTap')
    cd /Users/erders/Documents/TravelTap
    

SwiftCompile normal arm64 /Users/erders/Documents/TravelTap/TravelTap/Data/Countries/Oceania/Australia/Cities/BrunyIslandAttractions.swift (in target 'TravelTap' from project 'TravelTap')
    cd /Users/erders/Documents/TravelTap
    

SwiftCompile normal arm64 /Users/erders/Documents/TravelTap/TravelTap/Data/Countries/Oceania/Australia/Cities/CairnsAttractions.swift (in target 'TravelTap' from project 'TravelTap')
    cd /Users/erders/Documents/TravelTap
    

SwiftCompile normal arm64 /Users/erders/Documents/TravelTap/TravelTap/Data/Countries/Oceania/Australia/Cities/CentralTasmaniaAttractions.swift (in target 'TravelTap' from project 'TravelTap')
    cd /Users/erders/Documents/TravelTap
    

SwiftCompile normal arm64 /Users/erders/Documents/TravelTap/TravelTap/Data/Countries/Oceania/Australia/Cities/CradleMountainAttractions.swift (in target 'TravelTap' from project 'TravelTap')
    cd /Users/erders/Documents/TravelTap
    

SwiftCompile normal arm64 /Users/erders/Documents/TravelTap/TravelTap/Data/Countries/Oceania/Australia/Cities/DarwinAttractions.swift (in target 'TravelTap' from project 'TravelTap')
    cd /Users/erders/Documents/TravelTap
    

SwiftCompile normal arm64 /Users/erders/Documents/TravelTap/TravelTap/Data/Countries/Oceania/Australia/Cities/EsperanceAttractions.swift (in target 'TravelTap' from project 'TravelTap')
    cd /Users/erders/Documents/TravelTap
    

SwiftCompile normal arm64 /Users/erders/Documents/TravelTap/TravelTap/Data/Countries/Oceania/Australia/Cities/FlindersIslandAttractions.swift (in target 'TravelTap' from project 'TravelTap')
    cd /Users/erders/Documents/TravelTap
    

SwiftCompile normal arm64 /Users/erders/Documents/TravelTap/TravelTap/Data/Countries/Oceania/Australia/Cities/FlindersRangesAttractions.swift (in target 'TravelTap' from project 'TravelTap')
    cd /Users/erders/Documents/TravelTap
    

SwiftCompile normal arm64 /Users/erders/Documents/TravelTap/TravelTap/Data/Countries/Oceania/Australia/Cities/FreycinetAttractions.swift (in target 'TravelTap' from project 'TravelTap')
    cd /Users/erders/Documents/TravelTap
    

SwiftCompile normal arm64 /Users/erders/Documents/TravelTap/TravelTap/Data/Countries/Oceania/Australia/Cities/GoldCoastAttractions.swift (in target 'TravelTap' from project 'TravelTap')
    cd /Users/erders/Documents/TravelTap
    

SwiftCompile normal arm64 /Users/erders/Documents/TravelTap/TravelTap/Data/Countries/Oceania/Australia/Cities/GreatOceanRoadAttractions.swift (in target 'TravelTap' from project 'TravelTap')
    cd /Users/erders/Documents/TravelTap
    

SwiftCompile normal arm64 /Users/erders/Documents/TravelTap/TravelTap/Data/Countries/Oceania/Australia/Cities/HobartAttractions.swift (in target 'TravelTap' from project 'TravelTap')
    cd /Users/erders/Documents/TravelTap
    

SwiftCompile normal arm64 /Users/erders/Documents/TravelTap/TravelTap/Data/Countries/Oceania/Australia/Cities/HuonValleyAttractions.swift (in target 'TravelTap' from project 'TravelTap')
    cd /Users/erders/Documents/TravelTap
    

SwiftCompile normal arm64 /Users/erders/Documents/TravelTap/TravelTap/Data/Countries/Oceania/Australia/Cities/KakaduAttractions.swift (in target 'TravelTap' from project 'TravelTap')
    cd /Users/erders/Documents/TravelTap
    

SwiftDriverJobDiscovery normal arm64 Compiling SouthEastAttractions.swift, ChadPackage.swift, EnnediOuniangaAttractions.swift, LakeChadAttractions.swift, NDjamenaAttractions.swift, SouthernChadAttractions.swift, TibestiAttractions.swift, ZakoumaAttractions.swift, CentralBasinAttractions.swift, DRCNorthEastAttractions.swift, KatangaAttractions.swift, KinshasaWestAttractions.swift, NorthKivuAttractions.swift, SouthKivuAttractions.swift, DRCPackage.swift, BataAttractions.swift, BiokoIslandAttractions.swift, EquatorialGuineaIslandsAttractions.swift, MalaboAttractions.swift, NationalParksAttractions.swift, RioMuniAttractions.swift, EquatorialGuineaPackage.swift, GabonInteriorAttractions.swift, GabonNationalParksAttractions.swift, LibrevilleAttractions.swift (in target 'TravelTap' from project 'TravelTap')

SwiftCompile normal arm64 Compiling\ MilosAttractions.swift,\ IkariaAttractions.swift,\ SkiathosAttractions.swift,\ MeteoraAttractions.swift,\ IosAttractions.swift,\ ParosAttractions.swift,\ DortmundAttractions.swift,\ LeuvenAttractions.swift,\ ArdennesAttractions.swift,\ MonsAttractions.swift,\ BastogneAttractions.swift,\ KnokkeHeistAttractions.swift,\ DeHaanAttractions.swift,\ KortrijkAttractions.swift,\ DinantAttractions.swift,\ OstendAttractions.swift,\ SpaAttractions.swift,\ HasseltAttractions.swift,\ YpresAttractions.swift,\ MechelenAttractions.swift,\ WaterlooAttractions.swift,\ VillersLaVilleAttractions.swift,\ BlankenbergeAttractions.swift,\ TongerenAttractions.swift,\ BincheAttractions.swift /Users/erders/Documents/TravelTap/TravelTap/Data/Countries/Europe/Greece/Cities/MilosAttractions.swift /Users/erders/Documents/TravelTap/TravelTap/Data/Countries/Europe/Greece/Cities/IkariaAttractions.swift /Users/erders/Documents/TravelTap/TravelTap/Data/Countries/Europe/Greece/Cities/SkiathosAttractions.swift /Users/erders/Documents/TravelTap/TravelTap/Data/Countries/Europe/Greece/Cities/MeteoraAttractions.swift /Users/erders/Documents/TravelTap/TravelTap/Data/Countries/Europe/Greece/Cities/IosAttractions.swift /Users/erders/Documents/TravelTap/TravelTap/Data/Countries/Europe/Greece/Cities/ParosAttractions.swift /Users/erders/Documents/TravelTap/TravelTap/Data/Countries/Europe/Germany/Cities/DortmundAttractions.swift /Users/erders/Documents/TravelTap/TravelTap/Data/Countries/Europe/Belgium/Cities/LeuvenAttractions.swift /Users/erders/Documents/TravelTap/TravelTap/Data/Countries/Europe/Belgium/Cities/ArdennesAttractions.swift /Users/erders/Documents/TravelTap/TravelTap/Data/Countries/Europe/Belgium/Cities/MonsAttractions.swift /Users/erders/Documents/TravelTap/TravelTap/Data/Countries/Europe/Belgium/Cities/BastogneAttractions.swift /Users/erders/Documents/TravelTap/TravelTap/Data/Countries/Europe/Belgium/Cities/KnokkeHeistAttractions.swift /Users/erders/Documents/TravelTap/TravelTap/Data/Countries/Europe/Belgium/Cities/DeHaanAttractions.swift /Users/erders/Documents/TravelTap/TravelTap/Data/Countries/Europe/Belgium/Cities/KortrijkAttractions.swift /Users/erders/Documents/TravelTap/TravelTap/Data/Countries/Europe/Belgium/Cities/DinantAttractions.swift /Users/erders/Documents/TravelTap/TravelTap/Data/Countries/Europe/Belgium/Cities/OstendAttractions.swift /Users/erders/Documents/TravelTap/TravelTap/Data/Countries/Europe/Belgium/Cities/SpaAttractions.swift /Users/erders/Documents/TravelTap/TravelTap/Data/Countries/Europe/Belgium/Cities/HasseltAttractions.swift /Users/erders/Documents/TravelTap/TravelTap/Data/Countries/Europe/Belgium/Cities/YpresAttractions.swift /Users/erders/Documents/TravelTap/TravelTap/Data/Countries/Europe/Belgium/Cities/MechelenAttractions.swift /Users/erders/Documents/TravelTap/TravelTap/Data/Countries/Europe/Belgium/Cities/WaterlooAttractions.swift /Users/erders/Documents/TravelTap/TravelTap/Data/Countries/Europe/Belgium/Cities/VillersLaVilleAttractions.swift /Users/erders/Documents/TravelTap/TravelTap/Data/Countries/Europe/Belgium/Cities/BlankenbergeAttractions.swift /Users/erders/Documents/TravelTap/TravelTap/Data/Countries/Europe/Belgium/Cities/TongerenAttractions.swift /Users/erders/Documents/TravelTap/TravelTap/Data/Countries/Europe/Belgium/Cities/BincheAttractions.swift (in target 'TravelTap' from project 'TravelTap')

SwiftCompile normal arm64 /Users/erders/Documents/TravelTap/TravelTap/Data/Countries/Europe/Greece/Cities/MilosAttractions.swift (in target 'TravelTap' from project 'TravelTap')
    cd /Users/erders/Documents/TravelTap
    

SwiftCompile normal arm64 /Users/erders/Documents/TravelTap/TravelTap/Data/Countries/Europe/Greece/Cities/IkariaAttractions.swift (in target 'TravelTap' from project 'TravelTap')
    cd /Users/erders/Documents/TravelTap
    

SwiftCompile normal arm64 /Users/erders/Documents/TravelTap/TravelTap/Data/Countries/Europe/Greece/Cities/SkiathosAttractions.swift (in target 'TravelTap' from project 'TravelTap')
    cd /Users/erders/Documents/TravelTap
    

SwiftCompile normal arm64 /Users/erders/Documents/TravelTap/TravelTap/Data/Countries/Europe/Greece/Cities/MeteoraAttractions.swift (in target 'TravelTap' from project 'TravelTap')
    cd /Users/erders/Documents/TravelTap
    

SwiftCompile normal arm64 /Users/erders/Documents/TravelTap/TravelTap/Data/Countries/Europe/Greece/Cities/IosAttractions.swift (in target 'TravelTap' from project 'TravelTap')
    cd /Users/erders/Documents/TravelTap
    

SwiftCompile normal arm64 /Users/erders/Documents/TravelTap/TravelTap/Data/Countries/Europe/Greece/Cities/ParosAttractions.swift (in target 'TravelTap' from project 'TravelTap')
    cd /Users/erders/Documents/TravelTap
    

SwiftCompile normal arm64 /Users/erders/Documents/TravelTap/TravelTap/Data/Countries/Europe/Germany/Cities/DortmundAttractions.swift (in target 'TravelTap' from project 'TravelTap')
    cd /Users/erders/Documents/TravelTap
    

SwiftCompile normal arm64 /Users/erders/Documents/TravelTap/TravelTap/Data/Countries/Europe/Belgium/Cities/LeuvenAttractions.swift (in target 'TravelTap' from project 'TravelTap')
    cd /Users/erders/Documents/TravelTap
    

SwiftCompile normal arm64 /Users/erders/Documents/TravelTap/TravelTap/Data/Countries/Europe/Belgium/Cities/ArdennesAttractions.swift (in target 'TravelTap' from project 'TravelTap')
    cd /Users/erders/Documents/TravelTap
    

SwiftCompile normal arm64 /Users/erders/Documents/TravelTap/TravelTap/Data/Countries/Europe/Belgium/Cities/MonsAttractions.swift (in target 'TravelTap' from project 'TravelTap')
    cd /Users/erders/Documents/TravelTap
    

SwiftCompile normal arm64 /Users/erders/Documents/TravelTap/TravelTap/Data/Countries/Europe/Belgium/Cities/BastogneAttractions.swift (in target 'TravelTap' from project 'TravelTap')
    cd /Users/erders/Documents/TravelTap
    

SwiftCompile normal arm64 /Users/erders/Documents/TravelTap/TravelTap/Data/Countries/Europe/Belgium/Cities/KnokkeHeistAttractions.swift (in target 'TravelTap' from project 'TravelTap')
    cd /Users/erders/Documents/TravelTap
    

SwiftCompile normal arm64 /Users/erders/Documents/TravelTap/TravelTap/Data/Countries/Europe/Belgium/Cities/DeHaanAttractions.swift (in target 'TravelTap' from project 'TravelTap')
    cd /Users/erders/Documents/TravelTap
    

SwiftCompile normal arm64 /Users/erders/Documents/TravelTap/TravelTap/Data/Countries/Europe/Belgium/Cities/KortrijkAttractions.swift (in target 'TravelTap' from project 'TravelTap')
    cd /Users/erders/Documents/TravelTap
    

SwiftCompile normal arm64 /Users/erders/Documents/TravelTap/TravelTap/Data/Countries/Europe/Belgium/Cities/DinantAttractions.swift (in target 'TravelTap' from project 'TravelTap')
    cd /Users/erders/Documents/TravelTap
    

SwiftCompile normal arm64 /Users/erders/Documents/TravelTap/TravelTap/Data/Countries/Europe/Belgium/Cities/OstendAttractions.swift (in target 'TravelTap' from project 'TravelTap')
    cd /Users/erders/Documents/TravelTap
    

SwiftCompile normal arm64 /Users/erders/Documents/TravelTap/TravelTap/Data/Countries/Europe/Belgium/Cities/SpaAttractions.swift (in target 'TravelTap' from project 'TravelTap')
    cd /Users/erders/Documents/TravelTap
    

SwiftCompile normal arm64 /Users/erders/Documents/TravelTap/TravelTap/Data/Countries/Europe/Belgium/Cities/HasseltAttractions.swift (in target 'TravelTap' from project 'TravelTap')
    cd /Users/erders/Documents/TravelTap
    

SwiftCompile normal arm64 /Users/erders/Documents/TravelTap/TravelTap/Data/Countries/Europe/Belgium/Cities/YpresAttractions.swift (in target 'TravelTap' from project 'TravelTap')
    cd /Users/erders/Documents/TravelTap
    

SwiftCompile normal arm64 /Users/erders/Documents/TravelTap/TravelTap/Data/Countries/Europe/Belgium/Cities/MechelenAttractions.swift (in target 'TravelTap' from project 'TravelTap')
    cd /Users/erders/Documents/TravelTap
    

SwiftCompile normal arm64 /Users/erders/Documents/TravelTap/TravelTap/Data/Countries/Europe/Belgium/Cities/WaterlooAttractions.swift (in target 'TravelTap' from project 'TravelTap')
    cd /Users/erders/Documents/TravelTap
    

SwiftCompile normal arm64 /Users/erders/Documents/TravelTap/TravelTap/Data/Countries/Europe/Belgium/Cities/VillersLaVilleAttractions.swift (in target 'TravelTap' from project 'TravelTap')
    cd /Users/erders/Documents/TravelTap
    

SwiftCompile normal arm64 /Users/erders/Documents/TravelTap/TravelTap/Data/Countries/Europe/Belgium/Cities/BlankenbergeAttractions.swift (in target 'TravelTap' from project 'TravelTap')
    cd /Users/erders/Documents/TravelTap
    

SwiftCompile normal arm64 /Users/erders/Documents/TravelTap/TravelTap/Data/Countries/Europe/Belgium/Cities/TongerenAttractions.swift (in target 'TravelTap' from project 'TravelTap')
    cd /Users/erders/Documents/TravelTap
    

SwiftCompile normal arm64 /Users/erders/Documents/TravelTap/TravelTap/Data/Countries/Europe/Belgium/Cities/BincheAttractions.swift (in target 'TravelTap' from project 'TravelTap')
    cd /Users/erders/Documents/TravelTap
    

SwiftCompile normal arm64 Compiling\ SzekesfehervarAttractions.swift,\ VeszpremAttractions.swift,\ AkureyriAttractions.swift,\ ReykjavikAttractions.swift,\ VikAttractions.swift,\ IcelandPackage.swift,\ CorkAttractions.swift,\ DublinAttractions.swift,\ GalwayAttractions.swift,\ KillarneyAttractions.swift,\ LimerickAttractions.swift,\ IrelandPackage.swift,\ AmalfiCoastAttractions.swift,\ CentralItalyAttractions.swift,\ CinqueTerreAttractions.swift,\ DolomitesAttractions.swift,\ FlorenceAttractions.swift,\ MilanAttractions.swift,\ NaplesAttractions.swift,\ PisaAttractions.swift,\ RomeAttractions.swift,\ SicilyAttractions.swift,\ SouthernItalyAttractions.swift,\ TuscanyRegionAttractions.swift,\ VeniceAttractions.swift /Users/erders/Documents/TravelTap/TravelTap/Data/Countries/Europe/Hungary/Cities/SzekesfehervarAttractions.swift /Users/erders/Documents/TravelTap/TravelTap/Data/Countries/Europe/Hungary/Cities/VeszpremAttractions.swift /Users/erders/Documents/TravelTap/TravelTap/Data/Countries/Europe/Iceland/Cities/AkureyriAttractions.swift /Users/erders/Documents/TravelTap/TravelTap/Data/Countries/Europe/Iceland/Cities/ReykjavikAttractions.swift /Users/erders/Documents/TravelTap/TravelTap/Data/Countries/Europe/Iceland/Cities/VikAttractions.swift /Users/erders/Documents/TravelTap/TravelTap/Data/Countries/Europe/Iceland/IcelandPackage.swift /Users/erders/Documents/TravelTap/TravelTap/Data/Countries/Europe/Ireland/Cities/CorkAttractions.swift /Users/erders/Documents/TravelTap/TravelTap/Data/Countries/Europe/Ireland/Cities/DublinAttractions.swift /Users/erders/Documents/TravelTap/TravelTap/Data/Countries/Europe/Ireland/Cities/GalwayAttractions.swift /Users/erders/Documents/TravelTap/TravelTap/Data/Countries/Europe/Ireland/Cities/KillarneyAttractions.swift /Users/erders/Documents/TravelTap/TravelTap/Data/Countries/Europe/Ireland/Cities/LimerickAttractions.swift /Users/erders/Documents/TravelTap/TravelTap/Data/Countries/Europe/Ireland/IrelandPackage.swift /Users/erders/Documents/TravelTap/TravelTap/Data/Countries/Europe/Italy/Cities/AmalfiCoastAttractions.swift /Users/erders/Documents/TravelTap/TravelTap/Data/Countries/Europe/Italy/Cities/CentralItalyAttractions.swift /Users/erders/Documents/TravelTap/TravelTap/Data/Countries/Europe/Italy/Cities/CinqueTerreAttractions.swift /Users/erders/Documents/TravelTap/TravelTap/Data/Countries/Europe/Italy/Cities/DolomitesAttractions.swift /Users/erders/Documents/TravelTap/TravelTap/Data/Countries/Europe/Italy/Cities/FlorenceAttractions.swift /Users/erders/Documents/TravelTap/TravelTap/Data/Countries/Europe/Italy/Cities/MilanAttractions.swift /Users/erders/Documents/TravelTap/TravelTap/Data/Countries/Europe/Italy/Cities/NaplesAttractions.swift /Users/erders/Documents/TravelTap/TravelTap/Data/Countries/Europe/Italy/Cities/PisaAttractions.swift /Users/erders/Documents/TravelTap/TravelTap/Data/Countries/Europe/Italy/Cities/RomeAttractions.swift /Users/erders/Documents/TravelTap/TravelTap/Data/Countries/Europe/Italy/Cities/SicilyAttractions.swift /Users/erders/Documents/TravelTap/TravelTap/Data/Countries/Europe/Italy/Cities/SouthernItalyAttractions.swift /Users/erders/Documents/TravelTap/TravelTap/Data/Countries/Europe/Italy/Cities/TuscanyRegionAttractions.swift /Users/erders/Documents/TravelTap/TravelTap/Data/Countries/Europe/Italy/Cities/VeniceAttractions.swift (in target 'TravelTap' from project 'TravelTap')

SwiftCompile normal arm64 /Users/erders/Documents/TravelTap/TravelTap/Data/Countries/Europe/Hungary/Cities/SzekesfehervarAttractions.swift (in target 'TravelTap' from project 'TravelTap')
    cd /Users/erders/Documents/TravelTap
    

SwiftCompile normal arm64 /Users/erders/Documents/TravelTap/TravelTap/Data/Countries/Europe/Hungary/Cities/VeszpremAttractions.swift (in target 'TravelTap' from project 'TravelTap')
    cd /Users/erders/Documents/TravelTap
    

SwiftCompile normal arm64 /Users/erders/Documents/TravelTap/TravelTap/Data/Countries/Europe/Iceland/Cities/AkureyriAttractions.swift (in target 'TravelTap' from project 'TravelTap')
    cd /Users/erders/Documents/TravelTap
    

SwiftCompile normal arm64 /Users/erders/Documents/TravelTap/TravelTap/Data/Countries/Europe/Iceland/Cities/ReykjavikAttractions.swift (in target 'TravelTap' from project 'TravelTap')
    cd /Users/erders/Documents/TravelTap
    

SwiftCompile normal arm64 /Users/erders/Documents/TravelTap/TravelTap/Data/Countries/Europe/Iceland/Cities/VikAttractions.swift (in target 'TravelTap' from project 'TravelTap')
    cd /Users/erders/Documents/TravelTap
    

SwiftCompile normal arm64 /Users/erders/Documents/TravelTap/TravelTap/Data/Countries/Europe/Iceland/IcelandPackage.swift (in target 'TravelTap' from project 'TravelTap')
    cd /Users/erders/Documents/TravelTap
    

SwiftCompile normal arm64 /Users/erders/Documents/TravelTap/TravelTap/Data/Countries/Europe/Ireland/Cities/CorkAttractions.swift (in target 'TravelTap' from project 'TravelTap')
    cd /Users/erders/Documents/TravelTap
    

SwiftCompile normal arm64 /Users/erders/Documents/TravelTap/TravelTap/Data/Countries/Europe/Ireland/Cities/DublinAttractions.swift (in target 'TravelTap' from project 'TravelTap')
    cd /Users/erders/Documents/TravelTap
    

SwiftCompile normal arm64 /Users/erders/Documents/TravelTap/TravelTap/Data/Countries/Europe/Ireland/Cities/GalwayAttractions.swift (in target 'TravelTap' from project 'TravelTap')
    cd /Users/erders/Documents/TravelTap
    

SwiftCompile normal arm64 /Users/erders/Documents/TravelTap/TravelTap/Data/Countries/Europe/Ireland/Cities/KillarneyAttractions.swift (in target 'TravelTap' from project 'TravelTap')
    cd /Users/erders/Documents/TravelTap
    

SwiftCompile normal arm64 /Users/erders/Documents/TravelTap/TravelTap/Data/Countries/Europe/Ireland/Cities/LimerickAttractions.swift (in target 'TravelTap' from project 'TravelTap')
    cd /Users/erders/Documents/TravelTap
    

SwiftCompile normal arm64 /Users/erders/Documents/TravelTap/TravelTap/Data/Countries/Europe/Ireland/IrelandPackage.swift (in target 'TravelTap' from project 'TravelTap')
    cd /Users/erders/Documents/TravelTap
    

SwiftCompile normal arm64 /Users/erders/Documents/TravelTap/TravelTap/Data/Countries/Europe/Italy/Cities/AmalfiCoastAttractions.swift (in target 'TravelTap' from project 'TravelTap')
    cd /Users/erders/Documents/TravelTap
    

SwiftCompile normal arm64 /Users/erders/Documents/TravelTap/TravelTap/Data/Countries/Europe/Italy/Cities/CentralItalyAttractions.swift (in target 'TravelTap' from project 'TravelTap')
    cd /Users/erders/Documents/TravelTap
    

SwiftCompile normal arm64 /Users/erders/Documents/TravelTap/TravelTap/Data/Countries/Europe/Italy/Cities/CinqueTerreAttractions.swift (in target 'TravelTap' from project 'TravelTap')
    cd /Users/erders/Documents/TravelTap
    

SwiftCompile normal arm64 /Users/erders/Documents/TravelTap/TravelTap/Data/Countries/Europe/Italy/Cities/DolomitesAttractions.swift (in target 'TravelTap' from project 'TravelTap')
    cd /Users/erders/Documents/TravelTap
    

SwiftCompile normal arm64 /Users/erders/Documents/TravelTap/TravelTap/Data/Countries/Europe/Italy/Cities/FlorenceAttractions.swift (in target 'TravelTap' from project 'TravelTap')
    cd /Users/erders/Documents/TravelTap
    

SwiftCompile normal arm64 /Users/erders/Documents/TravelTap/TravelTap/Data/Countries/Europe/Italy/Cities/MilanAttractions.swift (in target 'TravelTap' from project 'TravelTap')
    cd /Users/erders/Documents/TravelTap
    

SwiftCompile normal arm64 /Users/erders/Documents/TravelTap/TravelTap/Data/Countries/Europe/Italy/Cities/NaplesAttractions.swift (in target 'TravelTap' from project 'TravelTap')
    cd /Users/erders/Documents/TravelTap
    

SwiftCompile normal arm64 /Users/erders/Documents/TravelTap/TravelTap/Data/Countries/Europe/Italy/Cities/PisaAttractions.swift (in target 'TravelTap' from project 'TravelTap')
    cd /Users/erders/Documents/TravelTap
    

SwiftCompile normal arm64 /Users/erders/Documents/TravelTap/TravelTap/Data/Countries/Europe/Italy/Cities/RomeAttractions.swift (in target 'TravelTap' from project 'TravelTap')
    cd /Users/erders/Documents/TravelTap
    

SwiftCompile normal arm64 /Users/erders/Documents/TravelTap/TravelTap/Data/Countries/Europe/Italy/Cities/SicilyAttractions.swift (in target 'TravelTap' from project 'TravelTap')
    cd /Users/erders/Documents/TravelTap
    

SwiftCompile normal arm64 /Users/erders/Documents/TravelTap/TravelTap/Data/Countries/Europe/Italy/Cities/SouthernItalyAttractions.swift (in target 'TravelTap' from project 'TravelTap')
    cd /Users/erders/Documents/TravelTap
    

SwiftCompile normal arm64 /Users/erders/Documents/TravelTap/TravelTap/Data/Countries/Europe/Italy/Cities/TuscanyRegionAttractions.swift (in target 'TravelTap' from project 'TravelTap')
    cd /Users/erders/Documents/TravelTap
    

SwiftCompile normal arm64 /Users/erders/Documents/TravelTap/TravelTap/Data/Countries/Europe/Italy/Cities/VeniceAttractions.swift (in target 'TravelTap' from project 'TravelTap')
    cd /Users/erders/Documents/TravelTap
    

SwiftDriverJobDiscovery normal arm64 Compiling SighnaghiAttractions.swift, TbilisiAttractions.swift, VardziaAttractions.swift, GeorgiaPackage.swift, AlmatyAttractions.swift, AstanaAttractions.swift, TurkestanAttractions.swift, KazakhstanPackage.swift, BishkekAttractions.swift, KarakolAttractions.swift, NarynAttractions.swift, OshAttractions.swift, KyrgyzstanPackage.swift, AshgabatAttractions.swift, DarvazaAttractions.swift, KunyaUrgenchAttractions.swift, MaryAttractions.swift, YangykalaAttractions.swift, TurkmenistanPackage.swift, BukharaAttractions.swift, KhivaAttractions.swift, NukusAttractions.swift, SamarkandAttractions.swift, ShakhrisabzAttractions.swift, TashkentAttractions.swift (in target 'TravelTap' from project 'TravelTap')

SwiftCompile normal arm64 Compiling\ LlangollenAttractions.swift,\ AberystwythAttractions.swift,\ CaernarfonAttractions.swift,\ CricciethAttractions.swift,\ PembrokeshireCoastAttractions.swift,\ BreconBeaconsAttractions.swift,\ BeaumarisAttractions.swift,\ WrexhamAttractions.swift,\ CaerphillyAttractions.swift,\ LaugharneAttractions.swift,\ TinternAttractions.swift,\ HarlechAttractions.swift,\ KavadartsiAttractions.swift,\ VelesAttractions.swift,\ StobiAttractions.swift,\ StrugaAttractions.swift,\ PrilepAttractions.swift,\ TetovoAttractions.swift,\ LakePrespaAttractions.swift,\ MavrovoAttractions.swift,\ KrusevoAttractions.swift,\ GostivarAttractions.swift,\ ShtipAttractions.swift,\ DebarAttractions.swift,\ KumanovoAttractions.swift /Users/erders/Documents/TravelTap/TravelTap/Data/Countries/Europe/Wales/Cities/LlangollenAttractions.swift /Users/erders/Documents/TravelTap/TravelTap/Data/Countries/Europe/Wales/Cities/AberystwythAttractions.swift /Users/erders/Documents/TravelTap/TravelTap/Data/Countries/Europe/Wales/Cities/CaernarfonAttractions.swift /Users/erders/Documents/TravelTap/TravelTap/Data/Countries/Europe/Wales/Cities/CricciethAttractions.swift /Users/erders/Documents/TravelTap/TravelTap/Data/Countries/Europe/Wales/Cities/PembrokeshireCoastAttractions.swift /Users/erders/Documents/TravelTap/TravelTap/Data/Countries/Europe/Wales/Cities/BreconBeaconsAttractions.swift /Users/erders/Documents/TravelTap/TravelTap/Data/Countries/Europe/Wales/Cities/BeaumarisAttractions.swift /Users/erders/Documents/TravelTap/TravelTap/Data/Countries/Europe/Wales/Cities/WrexhamAttractions.swift /Users/erders/Documents/TravelTap/TravelTap/Data/Countries/Europe/Wales/Cities/CaerphillyAttractions.swift /Users/erders/Documents/TravelTap/TravelTap/Data/Countries/Europe/Wales/Cities/LaugharneAttractions.swift /Users/erders/Documents/TravelTap/TravelTap/Data/Countries/Europe/Wales/Cities/TinternAttractions.swift /Users/erders/Documents/TravelTap/TravelTap/Data/Countries/Europe/Wales/Cities/HarlechAttractions.swift /Users/erders/Documents/TravelTap/TravelTap/Data/Countries/Europe/NorthMacedonia/Cities/KavadartsiAttractions.swift /Users/erders/Documents/TravelTap/TravelTap/Data/Countries/Europe/NorthMacedonia/Cities/VelesAttractions.swift /Users/erders/Documents/TravelTap/TravelTap/Data/Countries/Europe/NorthMacedonia/Cities/StobiAttractions.swift /Users/erders/Documents/TravelTap/TravelTap/Data/Countries/Europe/NorthMacedonia/Cities/StrugaAttractions.swift /Users/erders/Documents/TravelTap/TravelTap/Data/Countries/Europe/NorthMacedonia/Cities/PrilepAttractions.swift /Users/erders/Documents/TravelTap/TravelTap/Data/Countries/Europe/NorthMacedonia/Cities/TetovoAttractions.swift /Users/erders/Documents/TravelTap/TravelTap/Data/Countries/Europe/NorthMacedonia/Cities/LakePrespaAttractions.swift /Users/erders/Documents/TravelTap/TravelTap/Data/Countries/Europe/NorthMacedonia/Cities/MavrovoAttractions.swift /Users/erders/Documents/TravelTap/TravelTap/Data/Countries/Europe/NorthMacedonia/Cities/KrusevoAttractions.swift /Users/erders/Documents/TravelTap/TravelTap/Data/Countries/Europe/NorthMacedonia/Cities/GostivarAttractions.swift /Users/erders/Documents/TravelTap/TravelTap/Data/Countries/Europe/NorthMacedonia/Cities/ShtipAttractions.swift /Users/erders/Documents/TravelTap/TravelTap/Data/Countries/Europe/NorthMacedonia/Cities/DebarAttractions.swift /Users/erders/Documents/TravelTap/TravelTap/Data/Countries/Europe/NorthMacedonia/Cities/KumanovoAttractions.swift (in target 'TravelTap' from project 'TravelTap')

SwiftCompile normal arm64 /Users/erders/Documents/TravelTap/TravelTap/Data/Countries/Europe/Wales/Cities/LlangollenAttractions.swift (in target 'TravelTap' from project 'TravelTap')
    cd /Users/erders/Documents/TravelTap
    

SwiftCompile normal arm64 /Users/erders/Documents/TravelTap/TravelTap/Data/Countries/Europe/Wales/Cities/AberystwythAttractions.swift (in target 'TravelTap' from project 'TravelTap')
    cd /Users/erders/Documents/TravelTap
    

SwiftCompile normal arm64 /Users/erders/Documents/TravelTap/TravelTap/Data/Countries/Europe/Wales/Cities/CaernarfonAttractions.swift (in target 'TravelTap' from project 'TravelTap')
    cd /Users/erders/Documents/TravelTap
    

SwiftCompile normal arm64 /Users/erders/Documents/TravelTap/TravelTap/Data/Countries/Europe/Wales/Cities/CricciethAttractions.swift (in target 'TravelTap' from project 'TravelTap')
    cd /Users/erders/Documents/TravelTap
    

SwiftCompile normal arm64 /Users/erders/Documents/TravelTap/TravelTap/Data/Countries/Europe/Wales/Cities/PembrokeshireCoastAttractions.swift (in target 'TravelTap' from project 'TravelTap')
    cd /Users/erders/Documents/TravelTap
    

SwiftCompile normal arm64 /Users/erders/Documents/TravelTap/TravelTap/Data/Countries/Europe/Wales/Cities/BreconBeaconsAttractions.swift (in target 'TravelTap' from project 'TravelTap')
    cd /Users/erders/Documents/TravelTap
    

SwiftCompile normal arm64 /Users/erders/Documents/TravelTap/TravelTap/Data/Countries/Europe/Wales/Cities/BeaumarisAttractions.swift (in target 'TravelTap' from project 'TravelTap')
    cd /Users/erders/Documents/TravelTap
    

SwiftCompile normal arm64 /Users/erders/Documents/TravelTap/TravelTap/Data/Countries/Europe/Wales/Cities/WrexhamAttractions.swift (in target 'TravelTap' from project 'TravelTap')
    cd /Users/erders/Documents/TravelTap
    

SwiftCompile normal arm64 /Users/erders/Documents/TravelTap/TravelTap/Data/Countries/Europe/Wales/Cities/CaerphillyAttractions.swift (in target 'TravelTap' from project 'TravelTap')
    cd /Users/erders/Documents/TravelTap
    

SwiftCompile normal arm64 /Users/erders/Documents/TravelTap/TravelTap/Data/Countries/Europe/Wales/Cities/LaugharneAttractions.swift (in target 'TravelTap' from project 'TravelTap')
    cd /Users/erders/Documents/TravelTap
    

SwiftCompile normal arm64 /Users/erders/Documents/TravelTap/TravelTap/Data/Countries/Europe/Wales/Cities/TinternAttractions.swift (in target 'TravelTap' from project 'TravelTap')
    cd /Users/erders/Documents/TravelTap
    

SwiftCompile normal arm64 /Users/erders/Documents/TravelTap/TravelTap/Data/Countries/Europe/Wales/Cities/HarlechAttractions.swift (in target 'TravelTap' from project 'TravelTap')
    cd /Users/erders/Documents/TravelTap
    

SwiftCompile normal arm64 /Users/erders/Documents/TravelTap/TravelTap/Data/Countries/Europe/NorthMacedonia/Cities/KavadartsiAttractions.swift (in target 'TravelTap' from project 'TravelTap')
    cd /Users/erders/Documents/TravelTap
    

SwiftCompile normal arm64 /Users/erders/Documents/TravelTap/TravelTap/Data/Countries/Europe/NorthMacedonia/Cities/VelesAttractions.swift (in target 'TravelTap' from project 'TravelTap')
    cd /Users/erders/Documents/TravelTap
    

SwiftCompile normal arm64 /Users/erders/Documents/TravelTap/TravelTap/Data/Countries/Europe/NorthMacedonia/Cities/StobiAttractions.swift (in target 'TravelTap' from project 'TravelTap')
    cd /Users/erders/Documents/TravelTap
    

SwiftCompile normal arm64 /Users/erders/Documents/TravelTap/TravelTap/Data/Countries/Europe/NorthMacedonia/Cities/StrugaAttractions.swift (in target 'TravelTap' from project 'TravelTap')
    cd /Users/erders/Documents/TravelTap
    

SwiftCompile normal arm64 /Users/erders/Documents/TravelTap/TravelTap/Data/Countries/Europe/NorthMacedonia/Cities/PrilepAttractions.swift (in target 'TravelTap' from project 'TravelTap')
    cd /Users/erders/Documents/TravelTap
    

SwiftCompile normal arm64 /Users/erders/Documents/TravelTap/TravelTap/Data/Countries/Europe/NorthMacedonia/Cities/TetovoAttractions.swift (in target 'TravelTap' from project 'TravelTap')
    cd /Users/erders/Documents/TravelTap
    

SwiftCompile normal arm64 /Users/erders/Documents/TravelTap/TravelTap/Data/Countries/Europe/NorthMacedonia/Cities/LakePrespaAttractions.swift (in target 'TravelTap' from project 'TravelTap')
    cd /Users/erders/Documents/TravelTap
    

SwiftCompile normal arm64 /Users/erders/Documents/TravelTap/TravelTap/Data/Countries/Europe/NorthMacedonia/Cities/MavrovoAttractions.swift (in target 'TravelTap' from project 'TravelTap')
    cd /Users/erders/Documents/TravelTap
    

SwiftCompile normal arm64 /Users/erders/Documents/TravelTap/TravelTap/Data/Countries/Europe/NorthMacedonia/Cities/KrusevoAttractions.swift (in target 'TravelTap' from project 'TravelTap')
    cd /Users/erders/Documents/TravelTap
    

SwiftCompile normal arm64 /Users/erders/Documents/TravelTap/TravelTap/Data/Countries/Europe/NorthMacedonia/Cities/GostivarAttractions.swift (in target 'TravelTap' from project 'TravelTap')
    cd /Users/erders/Documents/TravelTap
    

SwiftCompile normal arm64 /Users/erders/Documents/TravelTap/TravelTap/Data/Countries/Europe/NorthMacedonia/Cities/ShtipAttractions.swift (in target 'TravelTap' from project 'TravelTap')
    cd /Users/erders/Documents/TravelTap
    

SwiftCompile normal arm64 /Users/erders/Documents/TravelTap/TravelTap/Data/Countries/Europe/NorthMacedonia/Cities/DebarAttractions.swift (in target 'TravelTap' from project 'TravelTap')
    cd /Users/erders/Documents/TravelTap
    

SwiftCompile normal arm64 /Users/erders/Documents/TravelTap/TravelTap/Data/Countries/Europe/NorthMacedonia/Cities/KumanovoAttractions.swift (in target 'TravelTap' from project 'TravelTap')
    cd /Users/erders/Documents/TravelTap
    

SwiftDriverJobDiscovery normal arm64 Compiling HistoricTownsAttractions.swift, SaharaWondersAttractions.swift, MauritaniaPackage.swift, AgadezAirMountainsAttractions.swift, NiameySouthwestAttractions.swift, TenereDesertNorthAttractions.swift, ZinderSouthEastAttractions.swift, NigerPackage.swift, AbujaCentralAttractions.swift, LagosSouthwestAttractions.swift, NorthEastWestAttractions.swift, SouthEastSouthSouthAttractions.swift, NigeriaPackage.swift, CasamanceEastAttractions.swift, DakarSurroundsAttractions.swift, NorthSaintLouisAttractions.swift, SaloumCentralAttractions.swift, SenegalPackage.swift, EastSouthRainforestsAttractions.swift, FreetownPeninsulaAttractions.swift, IslandsCoastAttractions.swift, NorthInteriorAttractions.swift, SierraLeonePackage.swift, CentralKaraAttractions.swift, KpalimePlateauxAttractions.swift (in target 'TravelTap' from project 'TravelTap')

SwiftDriverJobDiscovery normal arm64 Compiling AsmaraAttractions.swift, KerenHighlandsAttractions.swift, MassawaCoastAttractions.swift, SouthArchaeologyAttractions.swift, EritreaPackage.swift, AddisAbabaAttractions.swift, EasternEthiopiaAttractions.swift, NorthernEthiopiaAttractions.swift, SouthernEthiopiaAttractions.swift, EthiopiaPackage.swift, KenyaPackage.swift, CentralHighlandsAttractions.swift, EastRainforestsAttractions.swift, NorthIslandsAttractions.swift, WestSouthAttractions.swift, MadagascarPackage.swift, LakeMalawiAttractions.swift, LilongweCentralAttractions.swift, NorthernMalawiAttractions.swift, SouthernMalawiAttractions.swift, MalawiPackage.swift, MauritiusPackage.swift, CentralMozambiqueAttractions.swift, InhambaneCoastAttractions.swift, MaputoSouthAttractions.swift (in target 'TravelTap' from project 'TravelTap')

SwiftCompile normal arm64 Compiling\ VisAttractions.swift,\ MljetAttractions.swift,\ OpatijaAttractions.swift,\ RijekaAttractions.swift,\ PorecAttractions.swift,\ MotovunAttractions.swift,\ GroznjanAttractions.swift,\ IstrianHillTownsAttractions.swift,\ PaklenicaAttractions.swift,\ NorthernVelebitAttractions.swift,\ SamoborAttractions.swift,\ VarazdinAttractions.swift,\ OsijekAttractions.swift,\ CroatianBeachesAttractions.swift,\ BrnoAttractions.swift,\ CeskyKrumlovAttractions.swift,\ KarlovyVaryAttractions.swift,\ PragueAttractions.swift,\ CzechiaPackage.swift,\ AalborgAttractions.swift,\ AarhusAttractions.swift,\ CopenhagenAttractions.swift,\ OdenseAttractions.swift,\ DenmarkPackage.swift,\ BirminghamAttractions.swift /Users/erders/Documents/TravelTap/TravelTap/Data/Countries/Europe/Croatia/Cities/VisAttractions.swift /Users/erders/Documents/TravelTap/TravelTap/Data/Countries/Europe/Croatia/Cities/MljetAttractions.swift /Users/erders/Documents/TravelTap/TravelTap/Data/Countries/Europe/Croatia/Cities/OpatijaAttractions.swift /Users/erders/Documents/TravelTap/TravelTap/Data/Countries/Europe/Croatia/Cities/RijekaAttractions.swift /Users/erders/Documents/TravelTap/TravelTap/Data/Countries/Europe/Croatia/Cities/PorecAttractions.swift /Users/erders/Documents/TravelTap/TravelTap/Data/Countries/Europe/Croatia/Cities/MotovunAttractions.swift /Users/erders/Documents/TravelTap/TravelTap/Data/Countries/Europe/Croatia/Cities/GroznjanAttractions.swift /Users/erders/Documents/TravelTap/TravelTap/Data/Countries/Europe/Croatia/Cities/IstrianHillTownsAttractions.swift /Users/erders/Documents/TravelTap/TravelTap/Data/Countries/Europe/Croatia/Cities/PaklenicaAttractions.swift /Users/erders/Documents/TravelTap/TravelTap/Data/Countries/Europe/Croatia/Cities/NorthernVelebitAttractions.swift /Users/erders/Documents/TravelTap/TravelTap/Data/Countries/Europe/Croatia/Cities/SamoborAttractions.swift /Users/erders/Documents/TravelTap/TravelTap/Data/Countries/Europe/Croatia/Cities/VarazdinAttractions.swift /Users/erders/Documents/TravelTap/TravelTap/Data/Countries/Europe/Croatia/Cities/OsijekAttractions.swift /Users/erders/Documents/TravelTap/TravelTap/Data/Countries/Europe/Croatia/Cities/CroatianBeachesAttractions.swift /Users/erders/Documents/TravelTap/TravelTap/Data/Countries/Europe/Czechia/Cities/BrnoAttractions.swift /Users/erders/Documents/TravelTap/TravelTap/Data/Countries/Europe/Czechia/Cities/CeskyKrumlovAttractions.swift /Users/erders/Documents/TravelTap/TravelTap/Data/Countries/Europe/Czechia/Cities/KarlovyVaryAttractions.swift /Users/erders/Documents/TravelTap/TravelTap/Data/Countries/Europe/Czechia/Cities/PragueAttractions.swift /Users/erders/Documents/TravelTap/TravelTap/Data/Countries/Europe/Czechia/CzechiaPackage.swift /Users/erders/Documents/TravelTap/TravelTap/Data/Countries/Europe/Denmark/Cities/AalborgAttractions.swift /Users/erders/Documents/TravelTap/TravelTap/Data/Countries/Europe/Denmark/Cities/AarhusAttractions.swift /Users/erders/Documents/TravelTap/TravelTap/Data/Countries/Europe/Denmark/Cities/CopenhagenAttractions.swift /Users/erders/Documents/TravelTap/TravelTap/Data/Countries/Europe/Denmark/Cities/OdenseAttractions.swift /Users/erders/Documents/TravelTap/TravelTap/Data/Countries/Europe/Denmark/DenmarkPackage.swift /Users/erders/Documents/TravelTap/TravelTap/Data/Countries/Europe/England/Cities/BirminghamAttractions.swift (in target 'TravelTap' from project 'TravelTap')

SwiftCompile normal arm64 /Users/erders/Documents/TravelTap/TravelTap/Data/Countries/Europe/Croatia/Cities/VisAttractions.swift (in target 'TravelTap' from project 'TravelTap')
    cd /Users/erders/Documents/TravelTap
    

SwiftCompile normal arm64 /Users/erders/Documents/TravelTap/TravelTap/Data/Countries/Europe/Croatia/Cities/MljetAttractions.swift (in target 'TravelTap' from project 'TravelTap')
    cd /Users/erders/Documents/TravelTap
    

SwiftCompile normal arm64 /Users/erders/Documents/TravelTap/TravelTap/Data/Countries/Europe/Croatia/Cities/OpatijaAttractions.swift (in target 'TravelTap' from project 'TravelTap')
    cd /Users/erders/Documents/TravelTap
    

SwiftCompile normal arm64 /Users/erders/Documents/TravelTap/TravelTap/Data/Countries/Europe/Croatia/Cities/RijekaAttractions.swift (in target 'TravelTap' from project 'TravelTap')
    cd /Users/erders/Documents/TravelTap
    

SwiftCompile normal arm64 /Users/erders/Documents/TravelTap/TravelTap/Data/Countries/Europe/Croatia/Cities/PorecAttractions.swift (in target 'TravelTap' from project 'TravelTap')
    cd /Users/erders/Documents/TravelTap
    

SwiftCompile normal arm64 /Users/erders/Documents/TravelTap/TravelTap/Data/Countries/Europe/Croatia/Cities/MotovunAttractions.swift (in target 'TravelTap' from project 'TravelTap')
    cd /Users/erders/Documents/TravelTap
    

SwiftCompile normal arm64 /Users/erders/Documents/TravelTap/TravelTap/Data/Countries/Europe/Croatia/Cities/GroznjanAttractions.swift (in target 'TravelTap' from project 'TravelTap')
    cd /Users/erders/Documents/TravelTap
    

SwiftCompile normal arm64 /Users/erders/Documents/TravelTap/TravelTap/Data/Countries/Europe/Croatia/Cities/IstrianHillTownsAttractions.swift (in target 'TravelTap' from project 'TravelTap')
    cd /Users/erders/Documents/TravelTap
    

SwiftCompile normal arm64 /Users/erders/Documents/TravelTap/TravelTap/Data/Countries/Europe/Croatia/Cities/PaklenicaAttractions.swift (in target 'TravelTap' from project 'TravelTap')
    cd /Users/erders/Documents/TravelTap
    

SwiftCompile normal arm64 /Users/erders/Documents/TravelTap/TravelTap/Data/Countries/Europe/Croatia/Cities/NorthernVelebitAttractions.swift (in target 'TravelTap' from project 'TravelTap')
    cd /Users/erders/Documents/TravelTap
    

SwiftCompile normal arm64 /Users/erders/Documents/TravelTap/TravelTap/Data/Countries/Europe/Croatia/Cities/SamoborAttractions.swift (in target 'TravelTap' from project 'TravelTap')
    cd /Users/erders/Documents/TravelTap
    

SwiftCompile normal arm64 /Users/erders/Documents/TravelTap/TravelTap/Data/Countries/Europe/Croatia/Cities/VarazdinAttractions.swift (in target 'TravelTap' from project 'TravelTap')
    cd /Users/erders/Documents/TravelTap
    

SwiftCompile normal arm64 /Users/erders/Documents/TravelTap/TravelTap/Data/Countries/Europe/Croatia/Cities/OsijekAttractions.swift (in target 'TravelTap' from project 'TravelTap')
    cd /Users/erders/Documents/TravelTap
    

SwiftCompile normal arm64 /Users/erders/Documents/TravelTap/TravelTap/Data/Countries/Europe/Croatia/Cities/CroatianBeachesAttractions.swift (in target 'TravelTap' from project 'TravelTap')
    cd /Users/erders/Documents/TravelTap
    

SwiftCompile normal arm64 /Users/erders/Documents/TravelTap/TravelTap/Data/Countries/Europe/Czechia/Cities/BrnoAttractions.swift (in target 'TravelTap' from project 'TravelTap')
    cd /Users/erders/Documents/TravelTap
    

SwiftCompile normal arm64 /Users/erders/Documents/TravelTap/TravelTap/Data/Countries/Europe/Czechia/Cities/CeskyKrumlovAttractions.swift (in target 'TravelTap' from project 'TravelTap')
    cd /Users/erders/Documents/TravelTap
    

SwiftCompile normal arm64 /Users/erders/Documents/TravelTap/TravelTap/Data/Countries/Europe/Czechia/Cities/KarlovyVaryAttractions.swift (in target 'TravelTap' from project 'TravelTap')
    cd /Users/erders/Documents/TravelTap
    

SwiftCompile normal arm64 /Users/erders/Documents/TravelTap/TravelTap/Data/Countries/Europe/Czechia/Cities/PragueAttractions.swift (in target 'TravelTap' from project 'TravelTap')
    cd /Users/erders/Documents/TravelTap
    

SwiftCompile normal arm64 /Users/erders/Documents/TravelTap/TravelTap/Data/Countries/Europe/Czechia/CzechiaPackage.swift (in target 'TravelTap' from project 'TravelTap')
    cd /Users/erders/Documents/TravelTap
    

SwiftCompile normal arm64 /Users/erders/Documents/TravelTap/TravelTap/Data/Countries/Europe/Denmark/Cities/AalborgAttractions.swift (in target 'TravelTap' from project 'TravelTap')
    cd /Users/erders/Documents/TravelTap
    

SwiftCompile normal arm64 /Users/erders/Documents/TravelTap/TravelTap/Data/Countries/Europe/Denmark/Cities/AarhusAttractions.swift (in target 'TravelTap' from project 'TravelTap')
    cd /Users/erders/Documents/TravelTap
    

SwiftCompile normal arm64 /Users/erders/Documents/TravelTap/TravelTap/Data/Countries/Europe/Denmark/Cities/CopenhagenAttractions.swift (in target 'TravelTap' from project 'TravelTap')
    cd /Users/erders/Documents/TravelTap
    

SwiftCompile normal arm64 /Users/erders/Documents/TravelTap/TravelTap/Data/Countries/Europe/Denmark/Cities/OdenseAttractions.swift (in target 'TravelTap' from project 'TravelTap')
    cd /Users/erders/Documents/TravelTap
    

SwiftCompile normal arm64 /Users/erders/Documents/TravelTap/TravelTap/Data/Countries/Europe/Denmark/DenmarkPackage.swift (in target 'TravelTap' from project 'TravelTap')
    cd /Users/erders/Documents/TravelTap
    

SwiftCompile normal arm64 /Users/erders/Documents/TravelTap/TravelTap/Data/Countries/Europe/England/Cities/BirminghamAttractions.swift (in target 'TravelTap' from project 'TravelTap')
    cd /Users/erders/Documents/TravelTap
    

SwiftDriverJobDiscovery normal arm64 Compiling SudanPackage.swift, TunisiaPackage.swift, BotswanaPackage.swift, HlaneEastAttractions.swift, ManziniSouthAttractions.swift, MbabaneEzulwiniAttractions.swift, PiggsPeakNorthAttractions.swift, EswatiniPackage.swift, HighlandsNorthAttractions.swift, MaseruCentralAttractions.swift, SaniPassEastAttractions.swift, SouthQuthingAttractions.swift, LesothoPackage.swift, CapriviStripAttractions.swift, CoastDamaralandAttractions.swift, EtoshaNorthAttractions.swift, SossusvleiSouthAttractions.swift, WindhoekCentralAttractions.swift, NamibiaPackage.swift, CapeWinelandsDayTripsAttractions.swift, GardenRouteEasternCapeAttractions.swift, KrugerMpumalangaLimpopoAttractions.swift, NorthernCapeFreeStateAttractions.swift, SouthAfricaPackage.swift, BeninPackage.swift (in target 'TravelTap' from project 'TravelTap')

SwiftCompile normal arm64 Compiling\ CookIslandsPackage.swift,\ CoralCoastAttractions.swift,\ DenarauAttractions.swift,\ KadavuAttractions.swift,\ MamanucaIslandsAttractions.swift,\ NadiAttractions.swift,\ PacificHarbourAttractions.swift,\ SavusavuAttractions.swift,\ SuvaAttractions.swift,\ TaveuniAttractions.swift,\ YasawaIslandsAttractions.swift,\ FijiPackage.swift,\ AustralsAttractions.swift,\ BoraBoraAttractions.swift,\ FakaravaAttractions.swift,\ MarquesasAttractions.swift,\ MooreaAttractions.swift,\ PapeeteAttractions.swift,\ RaiateaAttractions.swift,\ RangiroaAttractions.swift,\ SocietyIslandsAttractions.swift,\ FrenchPolynesiaPackage.swift,\ HagatnaAttractions.swift,\ GuamPackage.swift,\ ChuukAttractions.swift /Users/erders/Documents/TravelTap/TravelTap/Data/Countries/Oceania/CookIslands/CookIslandsPackage.swift /Users/erders/Documents/TravelTap/TravelTap/Data/Countries/Oceania/Fiji/Cities/CoralCoastAttractions.swift /Users/erders/Documents/TravelTap/TravelTap/Data/Countries/Oceania/Fiji/Cities/DenarauAttractions.swift /Users/erders/Documents/TravelTap/TravelTap/Data/Countries/Oceania/Fiji/Cities/KadavuAttractions.swift /Users/erders/Documents/TravelTap/TravelTap/Data/Countries/Oceania/Fiji/Cities/MamanucaIslandsAttractions.swift /Users/erders/Documents/TravelTap/TravelTap/Data/Countries/Oceania/Fiji/Cities/NadiAttractions.swift /Users/erders/Documents/TravelTap/TravelTap/Data/Countries/Oceania/Fiji/Cities/PacificHarbourAttractions.swift /Users/erders/Documents/TravelTap/TravelTap/Data/Countries/Oceania/Fiji/Cities/SavusavuAttractions.swift /Users/erders/Documents/TravelTap/TravelTap/Data/Countries/Oceania/Fiji/Cities/SuvaAttractions.swift /Users/erders/Documents/TravelTap/TravelTap/Data/Countries/Oceania/Fiji/Cities/TaveuniAttractions.swift /Users/erders/Documents/TravelTap/TravelTap/Data/Countries/Oceania/Fiji/Cities/YasawaIslandsAttractions.swift /Users/erders/Documents/TravelTap/TravelTap/Data/Countries/Oceania/Fiji/FijiPackage.swift /Users/erders/Documents/TravelTap/TravelTap/Data/Countries/Oceania/FrenchPolynesia/Cities/AustralsAttractions.swift /Users/erders/Documents/TravelTap/TravelTap/Data/Countries/Oceania/FrenchPolynesia/Cities/BoraBoraAttractions.swift /Users/erders/Documents/TravelTap/TravelTap/Data/Countries/Oceania/FrenchPolynesia/Cities/FakaravaAttractions.swift /Users/erders/Documents/TravelTap/TravelTap/Data/Countries/Oceania/FrenchPolynesia/Cities/MarquesasAttractions.swift /Users/erders/Documents/TravelTap/TravelTap/Data/Countries/Oceania/FrenchPolynesia/Cities/MooreaAttractions.swift /Users/erders/Documents/TravelTap/TravelTap/Data/Countries/Oceania/FrenchPolynesia/Cities/PapeeteAttractions.swift /Users/erders/Documents/TravelTap/TravelTap/Data/Countries/Oceania/FrenchPolynesia/Cities/RaiateaAttractions.swift /Users/erders/Documents/TravelTap/TravelTap/Data/Countries/Oceania/FrenchPolynesia/Cities/RangiroaAttractions.swift /Users/erders/Documents/TravelTap/TravelTap/Data/Countries/Oceania/FrenchPolynesia/Cities/SocietyIslandsAttractions.swift /Users/erders/Documents/TravelTap/TravelTap/Data/Countries/Oceania/FrenchPolynesia/FrenchPolynesiaPackage.swift /Users/erders/Documents/TravelTap/TravelTap/Data/Countries/Oceania/Guam/Cities/HagatnaAttractions.swift /Users/erders/Documents/TravelTap/TravelTap/Data/Countries/Oceania/Guam/GuamPackage.swift /Users/erders/Documents/TravelTap/TravelTap/Data/Countries/Oceania/Micronesia/Cities/ChuukAttractions.swift (in target 'TravelTap' from project 'TravelTap')

SwiftCompile normal arm64 /Users/erders/Documents/TravelTap/TravelTap/Data/Countries/Oceania/CookIslands/CookIslandsPackage.swift (in target 'TravelTap' from project 'TravelTap')
    cd /Users/erders/Documents/TravelTap
    

SwiftCompile normal arm64 /Users/erders/Documents/TravelTap/TravelTap/Data/Countries/Oceania/Fiji/Cities/CoralCoastAttractions.swift (in target 'TravelTap' from project 'TravelTap')
    cd /Users/erders/Documents/TravelTap
    

SwiftCompile normal arm64 /Users/erders/Documents/TravelTap/TravelTap/Data/Countries/Oceania/Fiji/Cities/DenarauAttractions.swift (in target 'TravelTap' from project 'TravelTap')
    cd /Users/erders/Documents/TravelTap
    

SwiftCompile normal arm64 /Users/erders/Documents/TravelTap/TravelTap/Data/Countries/Oceania/Fiji/Cities/KadavuAttractions.swift (in target 'TravelTap' from project 'TravelTap')
    cd /Users/erders/Documents/TravelTap
    

SwiftCompile normal arm64 /Users/erders/Documents/TravelTap/TravelTap/Data/Countries/Oceania/Fiji/Cities/MamanucaIslandsAttractions.swift (in target 'TravelTap' from project 'TravelTap')
    cd /Users/erders/Documents/TravelTap
    

SwiftCompile normal arm64 /Users/erders/Documents/TravelTap/TravelTap/Data/Countries/Oceania/Fiji/Cities/NadiAttractions.swift (in target 'TravelTap' from project 'TravelTap')
    cd /Users/erders/Documents/TravelTap
    

SwiftCompile normal arm64 /Users/erders/Documents/TravelTap/TravelTap/Data/Countries/Oceania/Fiji/Cities/PacificHarbourAttractions.swift (in target 'TravelTap' from project 'TravelTap')
    cd /Users/erders/Documents/TravelTap
    

SwiftCompile normal arm64 /Users/erders/Documents/TravelTap/TravelTap/Data/Countries/Oceania/Fiji/Cities/SavusavuAttractions.swift (in target 'TravelTap' from project 'TravelTap')
    cd /Users/erders/Documents/TravelTap
    

SwiftCompile normal arm64 /Users/erders/Documents/TravelTap/TravelTap/Data/Countries/Oceania/Fiji/Cities/SuvaAttractions.swift (in target 'TravelTap' from project 'TravelTap')
    cd /Users/erders/Documents/TravelTap
    

SwiftCompile normal arm64 /Users/erders/Documents/TravelTap/TravelTap/Data/Countries/Oceania/Fiji/Cities/TaveuniAttractions.swift (in target 'TravelTap' from project 'TravelTap')
    cd /Users/erders/Documents/TravelTap
    

SwiftCompile normal arm64 /Users/erders/Documents/TravelTap/TravelTap/Data/Countries/Oceania/Fiji/Cities/YasawaIslandsAttractions.swift (in target 'TravelTap' from project 'TravelTap')
    cd /Users/erders/Documents/TravelTap
    

SwiftCompile normal arm64 /Users/erders/Documents/TravelTap/TravelTap/Data/Countries/Oceania/Fiji/FijiPackage.swift (in target 'TravelTap' from project 'TravelTap')
    cd /Users/erders/Documents/TravelTap
    

SwiftCompile normal arm64 /Users/erders/Documents/TravelTap/TravelTap/Data/Countries/Oceania/FrenchPolynesia/Cities/AustralsAttractions.swift (in target 'TravelTap' from project 'TravelTap')
    cd /Users/erders/Documents/TravelTap
    

SwiftCompile normal arm64 /Users/erders/Documents/TravelTap/TravelTap/Data/Countries/Oceania/FrenchPolynesia/Cities/BoraBoraAttractions.swift (in target 'TravelTap' from project 'TravelTap')
    cd /Users/erders/Documents/TravelTap
    

SwiftCompile normal arm64 /Users/erders/Documents/TravelTap/TravelTap/Data/Countries/Oceania/FrenchPolynesia/Cities/FakaravaAttractions.swift (in target 'TravelTap' from project 'TravelTap')
    cd /Users/erders/Documents/TravelTap
    

SwiftCompile normal arm64 /Users/erders/Documents/TravelTap/TravelTap/Data/Countries/Oceania/FrenchPolynesia/Cities/MarquesasAttractions.swift (in target 'TravelTap' from project 'TravelTap')
    cd /Users/erders/Documents/TravelTap
    

SwiftCompile normal arm64 /Users/erders/Documents/TravelTap/TravelTap/Data/Countries/Oceania/FrenchPolynesia/Cities/MooreaAttractions.swift (in target 'TravelTap' from project 'TravelTap')
    cd /Users/erders/Documents/TravelTap
    

SwiftCompile normal arm64 /Users/erders/Documents/TravelTap/TravelTap/Data/Countries/Oceania/FrenchPolynesia/Cities/PapeeteAttractions.swift (in target 'TravelTap' from project 'TravelTap')
    cd /Users/erders/Documents/TravelTap
    

SwiftCompile normal arm64 /Users/erders/Documents/TravelTap/TravelTap/Data/Countries/Oceania/FrenchPolynesia/Cities/RaiateaAttractions.swift (in target 'TravelTap' from project 'TravelTap')
    cd /Users/erders/Documents/TravelTap
    

SwiftCompile normal arm64 /Users/erders/Documents/TravelTap/TravelTap/Data/Countries/Oceania/FrenchPolynesia/Cities/RangiroaAttractions.swift (in target 'TravelTap' from project 'TravelTap')
    cd /Users/erders/Documents/TravelTap
    

SwiftCompile normal arm64 /Users/erders/Documents/TravelTap/TravelTap/Data/Countries/Oceania/FrenchPolynesia/Cities/SocietyIslandsAttractions.swift (in target 'TravelTap' from project 'TravelTap')
    cd /Users/erders/Documents/TravelTap
    

SwiftCompile normal arm64 /Users/erders/Documents/TravelTap/TravelTap/Data/Countries/Oceania/FrenchPolynesia/FrenchPolynesiaPackage.swift (in target 'TravelTap' from project 'TravelTap')
    cd /Users/erders/Documents/TravelTap
    

SwiftCompile normal arm64 /Users/erders/Documents/TravelTap/TravelTap/Data/Countries/Oceania/Guam/Cities/HagatnaAttractions.swift (in target 'TravelTap' from project 'TravelTap')
    cd /Users/erders/Documents/TravelTap
    

SwiftCompile normal arm64 /Users/erders/Documents/TravelTap/TravelTap/Data/Countries/Oceania/Guam/GuamPackage.swift (in target 'TravelTap' from project 'TravelTap')
    cd /Users/erders/Documents/TravelTap
    

SwiftCompile normal arm64 /Users/erders/Documents/TravelTap/TravelTap/Data/Countries/Oceania/Micronesia/Cities/ChuukAttractions.swift (in target 'TravelTap' from project 'TravelTap')
    cd /Users/erders/Documents/TravelTap
    

SwiftDriverJobDiscovery normal arm64 Compiling MozNorthIslandsAttractions.swift, MozambiquePackage.swift, AkageraEastAttractions.swift, KigaliCentralAttractions.swift, SouthernRwandaAttractions.swift, VolcanoesNorthAttractions.swift, WesternLakeKivuAttractions.swift, RwandaPackage.swift, LaDigueAttractions.swift, MaheAttractions.swift, OuterIslandsSeychellesAttractions.swift, PraslinAttractions.swift, SeychellesPackage.swift, MogadishuBanadirAttractions.swift, NorthEastPuntlandAttractions.swift, NorthernSomaliaAttractions.swift, SouthCentralSomaliaAttractions.swift, SomaliaPackage.swift, EasternSouthSudanAttractions.swift, JubaCentralAttractions.swift, NationalParksWildernessAttractions.swift, WesternSouthSudanAttractions.swift, SouthSudanPackage.swift, TanzaniaPackage.swift, CentralLakeVictoriaAttractions.swift (in target 'TravelTap' from project 'TravelTap')

SwiftCompile normal arm64 Compiling\ BarilocheAttractions.swift,\ BuenosAiresAttractions.swift,\ ElBolsonAttractions.swift,\ ElCalafateAttractions.swift,\ ElChaltenAttractions.swift,\ IberaWetlandsAttractions.swift,\ JujuyAttractions.swift,\ MarDelPlataAttractions.swift,\ MendozaAttractions.swift,\ PuertoIguazuAttractions.swift,\ PuertoMadrynAttractions.swift,\ RosarioAttractions.swift,\ SaltaCityAttractions.swift,\ SanRafaelAttractions.swift,\ UshuaiaAttractions.swift,\ BoliviaPackage.swift,\ BoliviaSantaCruzAttractions.swift,\ CochabambaAttractions.swift,\ CopacabanaAttractions.swift,\ CoroicoAttractions.swift,\ LaPazAttractions.swift,\ OruroAttractions.swift,\ PotosiAttractions.swift,\ RurrenabaqueAttractions.swift,\ SucreAttractions.swift /Users/erders/Documents/TravelTap/TravelTap/Data/Countries/SouthAmerica/Argentina/Cities/BarilocheAttractions.swift /Users/erders/Documents/TravelTap/TravelTap/Data/Countries/SouthAmerica/Argentina/Cities/BuenosAiresAttractions.swift /Users/erders/Documents/TravelTap/TravelTap/Data/Countries/SouthAmerica/Argentina/Cities/ElBolsonAttractions.swift /Users/erders/Documents/TravelTap/TravelTap/Data/Countries/SouthAmerica/Argentina/Cities/ElCalafateAttractions.swift /Users/erders/Documents/TravelTap/TravelTap/Data/Countries/SouthAmerica/Argentina/Cities/ElChaltenAttractions.swift /Users/erders/Documents/TravelTap/TravelTap/Data/Countries/SouthAmerica/Argentina/Cities/IberaWetlandsAttractions.swift /Users/erders/Documents/TravelTap/TravelTap/Data/Countries/SouthAmerica/Argentina/Cities/JujuyAttractions.swift /Users/erders/Documents/TravelTap/TravelTap/Data/Countries/SouthAmerica/Argentina/Cities/MarDelPlataAttractions.swift /Users/erders/Documents/TravelTap/TravelTap/Data/Countries/SouthAmerica/Argentina/Cities/MendozaAttractions.swift /Users/erders/Documents/TravelTap/TravelTap/Data/Countries/SouthAmerica/Argentina/Cities/PuertoIguazuAttractions.swift /Users/erders/Documents/TravelTap/TravelTap/Data/Countries/SouthAmerica/Argentina/Cities/PuertoMadrynAttractions.swift /Users/erders/Documents/TravelTap/TravelTap/Data/Countries/SouthAmerica/Argentina/Cities/RosarioAttractions.swift /Users/erders/Documents/TravelTap/TravelTap/Data/Countries/SouthAmerica/Argentina/Cities/SaltaCityAttractions.swift /Users/erders/Documents/TravelTap/TravelTap/Data/Countries/SouthAmerica/Argentina/Cities/SanRafaelAttractions.swift /Users/erders/Documents/TravelTap/TravelTap/Data/Countries/SouthAmerica/Argentina/Cities/UshuaiaAttractions.swift /Users/erders/Documents/TravelTap/TravelTap/Data/Countries/SouthAmerica/Bolivia/BoliviaPackage.swift /Users/erders/Documents/TravelTap/TravelTap/Data/Countries/SouthAmerica/Bolivia/Cities/BoliviaSantaCruzAttractions.swift /Users/erders/Documents/TravelTap/TravelTap/Data/Countries/SouthAmerica/Bolivia/Cities/CochabambaAttractions.swift /Users/erders/Documents/TravelTap/TravelTap/Data/Countries/SouthAmerica/Bolivia/Cities/CopacabanaAttractions.swift /Users/erders/Documents/TravelTap/TravelTap/Data/Countries/SouthAmerica/Bolivia/Cities/CoroicoAttractions.swift /Users/erders/Documents/TravelTap/TravelTap/Data/Countries/SouthAmerica/Bolivia/Cities/LaPazAttractions.swift /Users/erders/Documents/TravelTap/TravelTap/Data/Countries/SouthAmerica/Bolivia/Cities/OruroAttractions.swift /Users/erders/Documents/TravelTap/TravelTap/Data/Countries/SouthAmerica/Bolivia/Cities/PotosiAttractions.swift /Users/erders/Documents/TravelTap/TravelTap/Data/Countries/SouthAmerica/Bolivia/Cities/RurrenabaqueAttractions.swift /Users/erders/Documents/TravelTap/TravelTap/Data/Countries/SouthAmerica/Bolivia/Cities/SucreAttractions.swift (in target 'TravelTap' from project 'TravelTap')

SwiftCompile normal arm64 /Users/erders/Documents/TravelTap/TravelTap/Data/Countries/SouthAmerica/Argentina/Cities/BarilocheAttractions.swift (in target 'TravelTap' from project 'TravelTap')
    cd /Users/erders/Documents/TravelTap
    

SwiftCompile normal arm64 /Users/erders/Documents/TravelTap/TravelTap/Data/Countries/SouthAmerica/Argentina/Cities/BuenosAiresAttractions.swift (in target 'TravelTap' from project 'TravelTap')
    cd /Users/erders/Documents/TravelTap
    

SwiftCompile normal arm64 /Users/erders/Documents/TravelTap/TravelTap/Data/Countries/SouthAmerica/Argentina/Cities/ElBolsonAttractions.swift (in target 'TravelTap' from project 'TravelTap')
    cd /Users/erders/Documents/TravelTap
    

SwiftCompile normal arm64 /Users/erders/Documents/TravelTap/TravelTap/Data/Countries/SouthAmerica/Argentina/Cities/ElCalafateAttractions.swift (in target 'TravelTap' from project 'TravelTap')
    cd /Users/erders/Documents/TravelTap
    

SwiftCompile normal arm64 /Users/erders/Documents/TravelTap/TravelTap/Data/Countries/SouthAmerica/Argentina/Cities/ElChaltenAttractions.swift (in target 'TravelTap' from project 'TravelTap')
    cd /Users/erders/Documents/TravelTap
    

SwiftCompile normal arm64 /Users/erders/Documents/TravelTap/TravelTap/Data/Countries/SouthAmerica/Argentina/Cities/IberaWetlandsAttractions.swift (in target 'TravelTap' from project 'TravelTap')
    cd /Users/erders/Documents/TravelTap
    

SwiftCompile normal arm64 /Users/erders/Documents/TravelTap/TravelTap/Data/Countries/SouthAmerica/Argentina/Cities/JujuyAttractions.swift (in target 'TravelTap' from project 'TravelTap')
    cd /Users/erders/Documents/TravelTap
    

SwiftCompile normal arm64 /Users/erders/Documents/TravelTap/TravelTap/Data/Countries/SouthAmerica/Argentina/Cities/MarDelPlataAttractions.swift (in target 'TravelTap' from project 'TravelTap')
    cd /Users/erders/Documents/TravelTap
    

SwiftCompile normal arm64 /Users/erders/Documents/TravelTap/TravelTap/Data/Countries/SouthAmerica/Argentina/Cities/MendozaAttractions.swift (in target 'TravelTap' from project 'TravelTap')
    cd /Users/erders/Documents/TravelTap
    

SwiftCompile normal arm64 /Users/erders/Documents/TravelTap/TravelTap/Data/Countries/SouthAmerica/Argentina/Cities/PuertoIguazuAttractions.swift (in target 'TravelTap' from project 'TravelTap')
    cd /Users/erders/Documents/TravelTap
    

SwiftCompile normal arm64 /Users/erders/Documents/TravelTap/TravelTap/Data/Countries/SouthAmerica/Argentina/Cities/PuertoMadrynAttractions.swift (in target 'TravelTap' from project 'TravelTap')
    cd /Users/erders/Documents/TravelTap
    

SwiftCompile normal arm64 /Users/erders/Documents/TravelTap/TravelTap/Data/Countries/SouthAmerica/Argentina/Cities/RosarioAttractions.swift (in target 'TravelTap' from project 'TravelTap')
    cd /Users/erders/Documents/TravelTap
    

SwiftCompile normal arm64 /Users/erders/Documents/TravelTap/TravelTap/Data/Countries/SouthAmerica/Argentina/Cities/SaltaCityAttractions.swift (in target 'TravelTap' from project 'TravelTap')
    cd /Users/erders/Documents/TravelTap
    

SwiftCompile normal arm64 /Users/erders/Documents/TravelTap/TravelTap/Data/Countries/SouthAmerica/Argentina/Cities/SanRafaelAttractions.swift (in target 'TravelTap' from project 'TravelTap')
    cd /Users/erders/Documents/TravelTap
    

SwiftCompile normal arm64 /Users/erders/Documents/TravelTap/TravelTap/Data/Countries/SouthAmerica/Argentina/Cities/UshuaiaAttractions.swift (in target 'TravelTap' from project 'TravelTap')
    cd /Users/erders/Documents/TravelTap
    

SwiftCompile normal arm64 /Users/erders/Documents/TravelTap/TravelTap/Data/Countries/SouthAmerica/Bolivia/BoliviaPackage.swift (in target 'TravelTap' from project 'TravelTap')
    cd /Users/erders/Documents/TravelTap
    

SwiftCompile normal arm64 /Users/erders/Documents/TravelTap/TravelTap/Data/Countries/SouthAmerica/Bolivia/Cities/BoliviaSantaCruzAttractions.swift (in target 'TravelTap' from project 'TravelTap')
    cd /Users/erders/Documents/TravelTap
    

SwiftCompile normal arm64 /Users/erders/Documents/TravelTap/TravelTap/Data/Countries/SouthAmerica/Bolivia/Cities/CochabambaAttractions.swift (in target 'TravelTap' from project 'TravelTap')
    cd /Users/erders/Documents/TravelTap
    

SwiftCompile normal arm64 /Users/erders/Documents/TravelTap/TravelTap/Data/Countries/SouthAmerica/Bolivia/Cities/CopacabanaAttractions.swift (in target 'TravelTap' from project 'TravelTap')
    cd /Users/erders/Documents/TravelTap
    

SwiftCompile normal arm64 /Users/erders/Documents/TravelTap/TravelTap/Data/Countries/SouthAmerica/Bolivia/Cities/CoroicoAttractions.swift (in target 'TravelTap' from project 'TravelTap')
    cd /Users/erders/Documents/TravelTap
    

SwiftCompile normal arm64 /Users/erders/Documents/TravelTap/TravelTap/Data/Countries/SouthAmerica/Bolivia/Cities/LaPazAttractions.swift (in target 'TravelTap' from project 'TravelTap')
    cd /Users/erders/Documents/TravelTap
    

SwiftCompile normal arm64 /Users/erders/Documents/TravelTap/TravelTap/Data/Countries/SouthAmerica/Bolivia/Cities/OruroAttractions.swift (in target 'TravelTap' from project 'TravelTap')
    cd /Users/erders/Documents/TravelTap
    

SwiftCompile normal arm64 /Users/erders/Documents/TravelTap/TravelTap/Data/Countries/SouthAmerica/Bolivia/Cities/PotosiAttractions.swift (in target 'TravelTap' from project 'TravelTap')
    cd /Users/erders/Documents/TravelTap
    

SwiftCompile normal arm64 /Users/erders/Documents/TravelTap/TravelTap/Data/Countries/SouthAmerica/Bolivia/Cities/RurrenabaqueAttractions.swift (in target 'TravelTap' from project 'TravelTap')
    cd /Users/erders/Documents/TravelTap
    

SwiftCompile normal arm64 /Users/erders/Documents/TravelTap/TravelTap/Data/Countries/SouthAmerica/Bolivia/Cities/SucreAttractions.swift (in target 'TravelTap' from project 'TravelTap')
    cd /Users/erders/Documents/TravelTap
    

SwiftCompile normal arm64 Compiling\ HikingTrailsAttractions.swift,\ TuenMunYuenLongAttractions.swift,\ CheungChauAttractions.swift,\ PengChauAttractions.swift,\ ShaTinAttractions.swift,\ LammaAttractions.swift,\ WanChaiAttractions.swift,\ CausewayBayAttractions.swift,\ LantauAttractions.swift,\ KowloonCityAttractions.swift,\ CentralWesternAttractions.swift,\ KuchingAttractions.swift,\ SandakanAttractions.swift,\ KotaKinabaluAttractions.swift,\ CameronHighlandsAttractions.swift,\ IpohAttractions.swift,\ SempornaAttractions.swift,\ MiriAttractions.swift,\ GentingHighlandsAttractions.swift,\ JohorBahruAttractions.swift,\ PutrajayaAttractions.swift,\ TamanNegaraAttractions.swift,\ RedangAttractions.swift,\ PerhentianIslandsAttractions.swift,\ TiomanAttractions.swift /Users/erders/Documents/TravelTap/TravelTap/Data/Countries/Asia/EastAsia/HongKong/Cities/HikingTrailsAttractions.swift /Users/erders/Documents/TravelTap/TravelTap/Data/Countries/Asia/EastAsia/HongKong/Cities/TuenMunYuenLongAttractions.swift /Users/erders/Documents/TravelTap/TravelTap/Data/Countries/Asia/EastAsia/HongKong/Cities/CheungChauAttractions.swift /Users/erders/Documents/TravelTap/TravelTap/Data/Countries/Asia/EastAsia/HongKong/Cities/PengChauAttractions.swift /Users/erders/Documents/TravelTap/TravelTap/Data/Countries/Asia/EastAsia/HongKong/Cities/ShaTinAttractions.swift /Users/erders/Documents/TravelTap/TravelTap/Data/Countries/Asia/EastAsia/HongKong/Cities/LammaAttractions.swift /Users/erders/Documents/TravelTap/TravelTap/Data/Countries/Asia/EastAsia/HongKong/Cities/WanChaiAttractions.swift /Users/erders/Documents/TravelTap/TravelTap/Data/Countries/Asia/EastAsia/HongKong/Cities/CausewayBayAttractions.swift /Users/erders/Documents/TravelTap/TravelTap/Data/Countries/Asia/EastAsia/HongKong/Cities/LantauAttractions.swift /Users/erders/Documents/TravelTap/TravelTap/Data/Countries/Asia/EastAsia/HongKong/Cities/KowloonCityAttractions.swift /Users/erders/Documents/TravelTap/TravelTap/Data/Countries/Asia/EastAsia/HongKong/Cities/CentralWesternAttractions.swift /Users/erders/Documents/TravelTap/TravelTap/Data/Countries/Asia/SoutheastAsia/Malaysia/Cities/KuchingAttractions.swift /Users/erders/Documents/TravelTap/TravelTap/Data/Countries/Asia/SoutheastAsia/Malaysia/Cities/SandakanAttractions.swift /Users/erders/Documents/TravelTap/TravelTap/Data/Countries/Asia/SoutheastAsia/Malaysia/Cities/KotaKinabaluAttractions.swift /Users/erders/Documents/TravelTap/TravelTap/Data/Countries/Asia/SoutheastAsia/Malaysia/Cities/CameronHighlandsAttractions.swift /Users/erders/Documents/TravelTap/TravelTap/Data/Countries/Asia/SoutheastAsia/Malaysia/Cities/IpohAttractions.swift /Users/erders/Documents/TravelTap/TravelTap/Data/Countries/Asia/SoutheastAsia/Malaysia/Cities/SempornaAttractions.swift /Users/erders/Documents/TravelTap/TravelTap/Data/Countries/Asia/SoutheastAsia/Malaysia/Cities/MiriAttractions.swift /Users/erders/Documents/TravelTap/TravelTap/Data/Countries/Asia/SoutheastAsia/Malaysia/Cities/GentingHighlandsAttractions.swift /Users/erders/Documents/TravelTap/TravelTap/Data/Countries/Asia/SoutheastAsia/Malaysia/Cities/JohorBahruAttractions.swift /Users/erders/Documents/TravelTap/TravelTap/Data/Countries/Asia/SoutheastAsia/Malaysia/Cities/PutrajayaAttractions.swift /Users/erders/Documents/TravelTap/TravelTap/Data/Countries/Asia/SoutheastAsia/Malaysia/Cities/TamanNegaraAttractions.swift /Users/erders/Documents/TravelTap/TravelTap/Data/Countries/Asia/SoutheastAsia/Malaysia/Cities/RedangAttractions.swift /Users/erders/Documents/TravelTap/TravelTap/Data/Countries/Asia/SoutheastAsia/Malaysia/Cities/PerhentianIslandsAttractions.swift /Users/erders/Documents/TravelTap/TravelTap/Data/Countries/Asia/SoutheastAsia/Malaysia/Cities/TiomanAttractions.swift (in target 'TravelTap' from project 'TravelTap')

SwiftCompile normal arm64 /Users/erders/Documents/TravelTap/TravelTap/Data/Countries/Asia/EastAsia/HongKong/Cities/HikingTrailsAttractions.swift (in target 'TravelTap' from project 'TravelTap')
    cd /Users/erders/Documents/TravelTap
    

SwiftCompile normal arm64 /Users/erders/Documents/TravelTap/TravelTap/Data/Countries/Asia/EastAsia/HongKong/Cities/TuenMunYuenLongAttractions.swift (in target 'TravelTap' from project 'TravelTap')
    cd /Users/erders/Documents/TravelTap
    

SwiftCompile normal arm64 /Users/erders/Documents/TravelTap/TravelTap/Data/Countries/Asia/EastAsia/HongKong/Cities/CheungChauAttractions.swift (in target 'TravelTap' from project 'TravelTap')
    cd /Users/erders/Documents/TravelTap
    

SwiftCompile normal arm64 /Users/erders/Documents/TravelTap/TravelTap/Data/Countries/Asia/EastAsia/HongKong/Cities/PengChauAttractions.swift (in target 'TravelTap' from project 'TravelTap')
    cd /Users/erders/Documents/TravelTap
    

SwiftCompile normal arm64 /Users/erders/Documents/TravelTap/TravelTap/Data/Countries/Asia/EastAsia/HongKong/Cities/ShaTinAttractions.swift (in target 'TravelTap' from project 'TravelTap')
    cd /Users/erders/Documents/TravelTap
    

SwiftCompile normal arm64 /Users/erders/Documents/TravelTap/TravelTap/Data/Countries/Asia/EastAsia/HongKong/Cities/LammaAttractions.swift (in target 'TravelTap' from project 'TravelTap')
    cd /Users/erders/Documents/TravelTap
    

SwiftCompile normal arm64 /Users/erders/Documents/TravelTap/TravelTap/Data/Countries/Asia/EastAsia/HongKong/Cities/WanChaiAttractions.swift (in target 'TravelTap' from project 'TravelTap')
    cd /Users/erders/Documents/TravelTap
    

SwiftCompile normal arm64 /Users/erders/Documents/TravelTap/TravelTap/Data/Countries/Asia/EastAsia/HongKong/Cities/CausewayBayAttractions.swift (in target 'TravelTap' from project 'TravelTap')
    cd /Users/erders/Documents/TravelTap
    

SwiftCompile normal arm64 /Users/erders/Documents/TravelTap/TravelTap/Data/Countries/Asia/EastAsia/HongKong/Cities/LantauAttractions.swift (in target 'TravelTap' from project 'TravelTap')
    cd /Users/erders/Documents/TravelTap
    

SwiftCompile normal arm64 /Users/erders/Documents/TravelTap/TravelTap/Data/Countries/Asia/EastAsia/HongKong/Cities/KowloonCityAttractions.swift (in target 'TravelTap' from project 'TravelTap')
    cd /Users/erders/Documents/TravelTap
    

SwiftCompile normal arm64 /Users/erders/Documents/TravelTap/TravelTap/Data/Countries/Asia/EastAsia/HongKong/Cities/CentralWesternAttractions.swift (in target 'TravelTap' from project 'TravelTap')
    cd /Users/erders/Documents/TravelTap
    

SwiftCompile normal arm64 /Users/erders/Documents/TravelTap/TravelTap/Data/Countries/Asia/SoutheastAsia/Malaysia/Cities/KuchingAttractions.swift (in target 'TravelTap' from project 'TravelTap')
    cd /Users/erders/Documents/TravelTap
    

SwiftCompile normal arm64 /Users/erders/Documents/TravelTap/TravelTap/Data/Countries/Asia/SoutheastAsia/Malaysia/Cities/SandakanAttractions.swift (in target 'TravelTap' from project 'TravelTap')
    cd /Users/erders/Documents/TravelTap
    

SwiftCompile normal arm64 /Users/erders/Documents/TravelTap/TravelTap/Data/Countries/Asia/SoutheastAsia/Malaysia/Cities/KotaKinabaluAttractions.swift (in target 'TravelTap' from project 'TravelTap')
    cd /Users/erders/Documents/TravelTap
    

SwiftCompile normal arm64 /Users/erders/Documents/TravelTap/TravelTap/Data/Countries/Asia/SoutheastAsia/Malaysia/Cities/CameronHighlandsAttractions.swift (in target 'TravelTap' from project 'TravelTap')
    cd /Users/erders/Documents/TravelTap
    

SwiftCompile normal arm64 /Users/erders/Documents/TravelTap/TravelTap/Data/Countries/Asia/SoutheastAsia/Malaysia/Cities/IpohAttractions.swift (in target 'TravelTap' from project 'TravelTap')
    cd /Users/erders/Documents/TravelTap
    

SwiftCompile normal arm64 /Users/erders/Documents/TravelTap/TravelTap/Data/Countries/Asia/SoutheastAsia/Malaysia/Cities/SempornaAttractions.swift (in target 'TravelTap' from project 'TravelTap')
    cd /Users/erders/Documents/TravelTap
    

SwiftCompile normal arm64 /Users/erders/Documents/TravelTap/TravelTap/Data/Countries/Asia/SoutheastAsia/Malaysia/Cities/MiriAttractions.swift (in target 'TravelTap' from project 'TravelTap')
    cd /Users/erders/Documents/TravelTap
    

SwiftCompile normal arm64 /Users/erders/Documents/TravelTap/TravelTap/Data/Countries/Asia/SoutheastAsia/Malaysia/Cities/GentingHighlandsAttractions.swift (in target 'TravelTap' from project 'TravelTap')
    cd /Users/erders/Documents/TravelTap
    

SwiftCompile normal arm64 /Users/erders/Documents/TravelTap/TravelTap/Data/Countries/Asia/SoutheastAsia/Malaysia/Cities/JohorBahruAttractions.swift (in target 'TravelTap' from project 'TravelTap')
    cd /Users/erders/Documents/TravelTap
    

SwiftCompile normal arm64 /Users/erders/Documents/TravelTap/TravelTap/Data/Countries/Asia/SoutheastAsia/Malaysia/Cities/PutrajayaAttractions.swift (in target 'TravelTap' from project 'TravelTap')
    cd /Users/erders/Documents/TravelTap
    

SwiftCompile normal arm64 /Users/erders/Documents/TravelTap/TravelTap/Data/Countries/Asia/SoutheastAsia/Malaysia/Cities/TamanNegaraAttractions.swift (in target 'TravelTap' from project 'TravelTap')
    cd /Users/erders/Documents/TravelTap
    

SwiftCompile normal arm64 /Users/erders/Documents/TravelTap/TravelTap/Data/Countries/Asia/SoutheastAsia/Malaysia/Cities/RedangAttractions.swift (in target 'TravelTap' from project 'TravelTap')
    cd /Users/erders/Documents/TravelTap
    

SwiftCompile normal arm64 /Users/erders/Documents/TravelTap/TravelTap/Data/Countries/Asia/SoutheastAsia/Malaysia/Cities/PerhentianIslandsAttractions.swift (in target 'TravelTap' from project 'TravelTap')
    cd /Users/erders/Documents/TravelTap
    

SwiftCompile normal arm64 /Users/erders/Documents/TravelTap/TravelTap/Data/Countries/Asia/SoutheastAsia/Malaysia/Cities/TiomanAttractions.swift (in target 'TravelTap' from project 'TravelTap')
    cd /Users/erders/Documents/TravelTap
    

SwiftDriverJobDiscovery normal arm64 Compiling BrownsbergAttractions.swift, CentralSurinameAttractions.swift, CommewijneAttractions.swift, GalibiAttractions.swift, KabaleboAttractions.swift, NieuwNickerieAttractions.swift, ParamariboAttractions.swift, SipaliwiniAttractions.swift, UpperSurinameAttractions.swift, WiaWiaAttractions.swift, SurinamePackage.swift, CaboPolonioAttractions.swift, CarmeloAttractions.swift, ColoniaAttractions.swift, JoseIgnacioAttractions.swift, MaldonadoAttractions.swift, MercedesAttractions.swift, MinasAttractions.swift, MontevideoAttractions.swift, PaysanduAttractions.swift, PiriapolisAttractions.swift, PuntaDelDiabloAttractions.swift, PuntaDelEsteAttractions.swift, SaltoAttractions.swift, TacuaremboAttractions.swift (in target 'TravelTap' from project 'TravelTap')

SwiftCompile normal arm64 Compiling\ HighAtlasAttractions.swift,\ EssaouiraAttractions.swift,\ DahabAttractions.swift,\ SharmElSheikhAttractions.swift,\ DenderaAbydosAttractions.swift,\ AlexandriaAttractions.swift,\ CairoAttractions.swift,\ SaqqaraAttractions.swift,\ FayoumAttractions.swift,\ LuxorAttractions.swift,\ AbuSimbelAttractions.swift,\ AswanAttractions.swift,\ SiwaAttractions.swift,\ EdfuKomOmboAttractions.swift,\ BahariyaFarafraAttractions.swift,\ SinaiAttractions.swift,\ HurghadaAttractions.swift,\ TunisAttractions.swift,\ CarthageAttractions.swift,\ SidiBouSaidAttractions.swift,\ KairouanAttractions.swift,\ SousseAttractions.swift,\ HammametAttractions.swift,\ DjerbaAttractions.swift /Users/erders/Documents/TravelTap/TravelTap/Data/Countries/Africa/NorthAfrica/Morocco/Cities/HighAtlasAttractions.swift /Users/erders/Documents/TravelTap/TravelTap/Data/Countries/Africa/NorthAfrica/Morocco/Cities/EssaouiraAttractions.swift /Users/erders/Documents/TravelTap/TravelTap/Data/Countries/Africa/NorthAfrica/Egypt/Cities/DahabAttractions.swift /Users/erders/Documents/TravelTap/TravelTap/Data/Countries/Africa/NorthAfrica/Egypt/Cities/SharmElSheikhAttractions.swift /Users/erders/Documents/TravelTap/TravelTap/Data/Countries/Africa/NorthAfrica/Egypt/Cities/DenderaAbydosAttractions.swift /Users/erders/Documents/TravelTap/TravelTap/Data/Countries/Africa/NorthAfrica/Egypt/Cities/AlexandriaAttractions.swift /Users/erders/Documents/TravelTap/TravelTap/Data/Countries/Africa/NorthAfrica/Egypt/Cities/CairoAttractions.swift /Users/erders/Documents/TravelTap/TravelTap/Data/Countries/Africa/NorthAfrica/Egypt/Cities/SaqqaraAttractions.swift /Users/erders/Documents/TravelTap/TravelTap/Data/Countries/Africa/NorthAfrica/Egypt/Cities/FayoumAttractions.swift /Users/erders/Documents/TravelTap/TravelTap/Data/Countries/Africa/NorthAfrica/Egypt/Cities/LuxorAttractions.swift /Users/erders/Documents/TravelTap/TravelTap/Data/Countries/Africa/NorthAfrica/Egypt/Cities/AbuSimbelAttractions.swift /Users/erders/Documents/TravelTap/TravelTap/Data/Countries/Africa/NorthAfrica/Egypt/Cities/AswanAttractions.swift /Users/erders/Documents/TravelTap/TravelTap/Data/Countries/Africa/NorthAfrica/Egypt/Cities/SiwaAttractions.swift /Users/erders/Documents/TravelTap/TravelTap/Data/Countries/Africa/NorthAfrica/Egypt/Cities/EdfuKomOmboAttractions.swift /Users/erders/Documents/TravelTap/TravelTap/Data/Countries/Africa/NorthAfrica/Egypt/Cities/BahariyaFarafraAttractions.swift /Users/erders/Documents/TravelTap/TravelTap/Data/Countries/Africa/NorthAfrica/Egypt/Cities/SinaiAttractions.swift /Users/erders/Documents/TravelTap/TravelTap/Data/Countries/Africa/NorthAfrica/Egypt/Cities/HurghadaAttractions.swift /Users/erders/Documents/TravelTap/TravelTap/Data/Countries/Africa/NorthAfrica/Tunisia/Cities/TunisAttractions.swift /Users/erders/Documents/TravelTap/TravelTap/Data/Countries/Africa/NorthAfrica/Tunisia/Cities/CarthageAttractions.swift /Users/erders/Documents/TravelTap/TravelTap/Data/Countries/Africa/NorthAfrica/Tunisia/Cities/SidiBouSaidAttractions.swift /Users/erders/Documents/TravelTap/TravelTap/Data/Countries/Africa/NorthAfrica/Tunisia/Cities/KairouanAttractions.swift /Users/erders/Documents/TravelTap/TravelTap/Data/Countries/Africa/NorthAfrica/Tunisia/Cities/SousseAttractions.swift /Users/erders/Documents/TravelTap/TravelTap/Data/Countries/Africa/NorthAfrica/Tunisia/Cities/HammametAttractions.swift /Users/erders/Documents/TravelTap/TravelTap/Data/Countries/Africa/NorthAfrica/Tunisia/Cities/DjerbaAttractions.swift (in target 'TravelTap' from project 'TravelTap')

SwiftCompile normal arm64 /Users/erders/Documents/TravelTap/TravelTap/Data/Countries/Africa/NorthAfrica/Morocco/Cities/HighAtlasAttractions.swift (in target 'TravelTap' from project 'TravelTap')
    cd /Users/erders/Documents/TravelTap
    

SwiftCompile normal arm64 /Users/erders/Documents/TravelTap/TravelTap/Data/Countries/Africa/NorthAfrica/Morocco/Cities/EssaouiraAttractions.swift (in target 'TravelTap' from project 'TravelTap')
    cd /Users/erders/Documents/TravelTap
    

SwiftCompile normal arm64 /Users/erders/Documents/TravelTap/TravelTap/Data/Countries/Africa/NorthAfrica/Egypt/Cities/DahabAttractions.swift (in target 'TravelTap' from project 'TravelTap')
    cd /Users/erders/Documents/TravelTap
    

SwiftCompile normal arm64 /Users/erders/Documents/TravelTap/TravelTap/Data/Countries/Africa/NorthAfrica/Egypt/Cities/SharmElSheikhAttractions.swift (in target 'TravelTap' from project 'TravelTap')
    cd /Users/erders/Documents/TravelTap
    

SwiftCompile normal arm64 /Users/erders/Documents/TravelTap/TravelTap/Data/Countries/Africa/NorthAfrica/Egypt/Cities/DenderaAbydosAttractions.swift (in target 'TravelTap' from project 'TravelTap')
    cd /Users/erders/Documents/TravelTap
    

SwiftCompile normal arm64 /Users/erders/Documents/TravelTap/TravelTap/Data/Countries/Africa/NorthAfrica/Egypt/Cities/AlexandriaAttractions.swift (in target 'TravelTap' from project 'TravelTap')
    cd /Users/erders/Documents/TravelTap
    

SwiftCompile normal arm64 /Users/erders/Documents/TravelTap/TravelTap/Data/Countries/Africa/NorthAfrica/Egypt/Cities/CairoAttractions.swift (in target 'TravelTap' from project 'TravelTap')
    cd /Users/erders/Documents/TravelTap
    

SwiftCompile normal arm64 /Users/erders/Documents/TravelTap/TravelTap/Data/Countries/Africa/NorthAfrica/Egypt/Cities/SaqqaraAttractions.swift (in target 'TravelTap' from project 'TravelTap')
    cd /Users/erders/Documents/TravelTap
    

SwiftCompile normal arm64 /Users/erders/Documents/TravelTap/TravelTap/Data/Countries/Africa/NorthAfrica/Egypt/Cities/FayoumAttractions.swift (in target 'TravelTap' from project 'TravelTap')
    cd /Users/erders/Documents/TravelTap
    

SwiftCompile normal arm64 /Users/erders/Documents/TravelTap/TravelTap/Data/Countries/Africa/NorthAfrica/Egypt/Cities/LuxorAttractions.swift (in target 'TravelTap' from project 'TravelTap')
    cd /Users/erders/Documents/TravelTap
    

SwiftCompile normal arm64 /Users/erders/Documents/TravelTap/TravelTap/Data/Countries/Africa/NorthAfrica/Egypt/Cities/AbuSimbelAttractions.swift (in target 'TravelTap' from project 'TravelTap')
    cd /Users/erders/Documents/TravelTap
    

SwiftCompile normal arm64 /Users/erders/Documents/TravelTap/TravelTap/Data/Countries/Africa/NorthAfrica/Egypt/Cities/AswanAttractions.swift (in target 'TravelTap' from project 'TravelTap')
    cd /Users/erders/Documents/TravelTap
    

SwiftCompile normal arm64 /Users/erders/Documents/TravelTap/TravelTap/Data/Countries/Africa/NorthAfrica/Egypt/Cities/SiwaAttractions.swift (in target 'TravelTap' from project 'TravelTap')
    cd /Users/erders/Documents/TravelTap
    

SwiftCompile normal arm64 /Users/erders/Documents/TravelTap/TravelTap/Data/Countries/Africa/NorthAfrica/Egypt/Cities/EdfuKomOmboAttractions.swift (in target 'TravelTap' from project 'TravelTap')
    cd /Users/erders/Documents/TravelTap
    

SwiftCompile normal arm64 /Users/erders/Documents/TravelTap/TravelTap/Data/Countries/Africa/NorthAfrica/Egypt/Cities/BahariyaFarafraAttractions.swift (in target 'TravelTap' from project 'TravelTap')
    cd /Users/erders/Documents/TravelTap
    

SwiftCompile normal arm64 /Users/erders/Documents/TravelTap/TravelTap/Data/Countries/Africa/NorthAfrica/Egypt/Cities/SinaiAttractions.swift (in target 'TravelTap' from project 'TravelTap')
    cd /Users/erders/Documents/TravelTap
    

SwiftCompile normal arm64 /Users/erders/Documents/TravelTap/TravelTap/Data/Countries/Africa/NorthAfrica/Egypt/Cities/HurghadaAttractions.swift (in target 'TravelTap' from project 'TravelTap')
    cd /Users/erders/Documents/TravelTap
    

SwiftCompile normal arm64 /Users/erders/Documents/TravelTap/TravelTap/Data/Countries/Africa/NorthAfrica/Tunisia/Cities/TunisAttractions.swift (in target 'TravelTap' from project 'TravelTap')
    cd /Users/erders/Documents/TravelTap
    

SwiftCompile normal arm64 /Users/erders/Documents/TravelTap/TravelTap/Data/Countries/Africa/NorthAfrica/Tunisia/Cities/CarthageAttractions.swift (in target 'TravelTap' from project 'TravelTap')
    cd /Users/erders/Documents/TravelTap
    

SwiftCompile normal arm64 /Users/erders/Documents/TravelTap/TravelTap/Data/Countries/Africa/NorthAfrica/Tunisia/Cities/SidiBouSaidAttractions.swift (in target 'TravelTap' from project 'TravelTap')
    cd /Users/erders/Documents/TravelTap
    

SwiftCompile normal arm64 /Users/erders/Documents/TravelTap/TravelTap/Data/Countries/Africa/NorthAfrica/Tunisia/Cities/KairouanAttractions.swift (in target 'TravelTap' from project 'TravelTap')
    cd /Users/erders/Documents/TravelTap
    

SwiftCompile normal arm64 /Users/erders/Documents/TravelTap/TravelTap/Data/Countries/Africa/NorthAfrica/Tunisia/Cities/SousseAttractions.swift (in target 'TravelTap' from project 'TravelTap')
    cd /Users/erders/Documents/TravelTap
    

SwiftCompile normal arm64 /Users/erders/Documents/TravelTap/TravelTap/Data/Countries/Africa/NorthAfrica/Tunisia/Cities/HammametAttractions.swift (in target 'TravelTap' from project 'TravelTap')
    cd /Users/erders/Documents/TravelTap
    

SwiftCompile normal arm64 /Users/erders/Documents/TravelTap/TravelTap/Data/Countries/Africa/NorthAfrica/Tunisia/Cities/DjerbaAttractions.swift (in target 'TravelTap' from project 'TravelTap')
    cd /Users/erders/Documents/TravelTap
    

SwiftDriverJobDiscovery normal arm64 Compiling MilosAttractions.swift, IkariaAttractions.swift, SkiathosAttractions.swift, MeteoraAttractions.swift, IosAttractions.swift, ParosAttractions.swift, DortmundAttractions.swift, LeuvenAttractions.swift, ArdennesAttractions.swift, MonsAttractions.swift, BastogneAttractions.swift, KnokkeHeistAttractions.swift, DeHaanAttractions.swift, KortrijkAttractions.swift, DinantAttractions.swift, OstendAttractions.swift, SpaAttractions.swift, HasseltAttractions.swift, YpresAttractions.swift, MechelenAttractions.swift, WaterlooAttractions.swift, VillersLaVilleAttractions.swift, BlankenbergeAttractions.swift, TongerenAttractions.swift, BincheAttractions.swift (in target 'TravelTap' from project 'TravelTap')

SwiftCompile normal arm64 Compiling\ ObidosAttractions.swift,\ TomarAttractions.swift,\ GuimaraesAttractions.swift,\ VianaDoCasteloAttractions.swift,\ MadeiraAttractions.swift,\ CascaisAttractions.swift,\ AveiroAttractions.swift,\ NotablePlacesPortugalAttractions.swift,\ AzoresAttractions.swift,\ EvoraAttractions.swift,\ BragaAttractions.swift,\ BatalhaAttractions.swift,\ NazareAttractions.swift,\ GiethoornAttractions.swift,\ AlkmaarAttractions.swift,\ KeukenhofAttractions.swift,\ MaastrichtAttractions.swift,\ LeidenAttractions.swift,\ ArnhemAttractions.swift,\ DelftAttractions.swift,\ MiddelburgAttractions.swift,\ DenBoschAttractions.swift,\ NijmegenAttractions.swift,\ TexelAttractions.swift,\ ZwolleAttractions.swift /Users/erders/Documents/TravelTap/TravelTap/Data/Countries/Europe/Portugal/Cities/ObidosAttractions.swift /Users/erders/Documents/TravelTap/TravelTap/Data/Countries/Europe/Portugal/Cities/TomarAttractions.swift /Users/erders/Documents/TravelTap/TravelTap/Data/Countries/Europe/Portugal/Cities/GuimaraesAttractions.swift /Users/erders/Documents/TravelTap/TravelTap/Data/Countries/Europe/Portugal/Cities/VianaDoCasteloAttractions.swift /Users/erders/Documents/TravelTap/TravelTap/Data/Countries/Europe/Portugal/Cities/MadeiraAttractions.swift /Users/erders/Documents/TravelTap/TravelTap/Data/Countries/Europe/Portugal/Cities/CascaisAttractions.swift /Users/erders/Documents/TravelTap/TravelTap/Data/Countries/Europe/Portugal/Cities/AveiroAttractions.swift /Users/erders/Documents/TravelTap/TravelTap/Data/Countries/Europe/Portugal/Cities/NotablePlacesPortugalAttractions.swift /Users/erders/Documents/TravelTap/TravelTap/Data/Countries/Europe/Portugal/Cities/AzoresAttractions.swift /Users/erders/Documents/TravelTap/TravelTap/Data/Countries/Europe/Portugal/Cities/EvoraAttractions.swift /Users/erders/Documents/TravelTap/TravelTap/Data/Countries/Europe/Portugal/Cities/BragaAttractions.swift /Users/erders/Documents/TravelTap/TravelTap/Data/Countries/Europe/Portugal/Cities/BatalhaAttractions.swift /Users/erders/Documents/TravelTap/TravelTap/Data/Countries/Europe/Portugal/Cities/NazareAttractions.swift /Users/erders/Documents/TravelTap/TravelTap/Data/Countries/Europe/Netherlands/Cities/GiethoornAttractions.swift /Users/erders/Documents/TravelTap/TravelTap/Data/Countries/Europe/Netherlands/Cities/AlkmaarAttractions.swift /Users/erders/Documents/TravelTap/TravelTap/Data/Countries/Europe/Netherlands/Cities/KeukenhofAttractions.swift /Users/erders/Documents/TravelTap/TravelTap/Data/Countries/Europe/Netherlands/Cities/MaastrichtAttractions.swift /Users/erders/Documents/TravelTap/TravelTap/Data/Countries/Europe/Netherlands/Cities/LeidenAttractions.swift /Users/erders/Documents/TravelTap/TravelTap/Data/Countries/Europe/Netherlands/Cities/ArnhemAttractions.swift /Users/erders/Documents/TravelTap/TravelTap/Data/Countries/Europe/Netherlands/Cities/DelftAttractions.swift /Users/erders/Documents/TravelTap/TravelTap/Data/Countries/Europe/Netherlands/Cities/MiddelburgAttractions.swift /Users/erders/Documents/TravelTap/TravelTap/Data/Countries/Europe/Netherlands/Cities/DenBoschAttractions.swift /Users/erders/Documents/TravelTap/TravelTap/Data/Countries/Europe/Netherlands/Cities/NijmegenAttractions.swift /Users/erders/Documents/TravelTap/TravelTap/Data/Countries/Europe/Netherlands/Cities/TexelAttractions.swift /Users/erders/Documents/TravelTap/TravelTap/Data/Countries/Europe/Netherlands/Cities/ZwolleAttractions.swift (in target 'TravelTap' from project 'TravelTap')

SwiftCompile normal arm64 /Users/erders/Documents/TravelTap/TravelTap/Data/Countries/Europe/Portugal/Cities/ObidosAttractions.swift (in target 'TravelTap' from project 'TravelTap')
    cd /Users/erders/Documents/TravelTap
    

SwiftCompile normal arm64 /Users/erders/Documents/TravelTap/TravelTap/Data/Countries/Europe/Portugal/Cities/TomarAttractions.swift (in target 'TravelTap' from project 'TravelTap')
    cd /Users/erders/Documents/TravelTap
    

SwiftCompile normal arm64 /Users/erders/Documents/TravelTap/TravelTap/Data/Countries/Europe/Portugal/Cities/GuimaraesAttractions.swift (in target 'TravelTap' from project 'TravelTap')
    cd /Users/erders/Documents/TravelTap
    

SwiftCompile normal arm64 /Users/erders/Documents/TravelTap/TravelTap/Data/Countries/Europe/Portugal/Cities/VianaDoCasteloAttractions.swift (in target 'TravelTap' from project 'TravelTap')
    cd /Users/erders/Documents/TravelTap
    

SwiftCompile normal arm64 /Users/erders/Documents/TravelTap/TravelTap/Data/Countries/Europe/Portugal/Cities/MadeiraAttractions.swift (in target 'TravelTap' from project 'TravelTap')
    cd /Users/erders/Documents/TravelTap
    

SwiftCompile normal arm64 /Users/erders/Documents/TravelTap/TravelTap/Data/Countries/Europe/Portugal/Cities/CascaisAttractions.swift (in target 'TravelTap' from project 'TravelTap')
    cd /Users/erders/Documents/TravelTap
    

SwiftCompile normal arm64 /Users/erders/Documents/TravelTap/TravelTap/Data/Countries/Europe/Portugal/Cities/AveiroAttractions.swift (in target 'TravelTap' from project 'TravelTap')
    cd /Users/erders/Documents/TravelTap
    

SwiftCompile normal arm64 /Users/erders/Documents/TravelTap/TravelTap/Data/Countries/Europe/Portugal/Cities/NotablePlacesPortugalAttractions.swift (in target 'TravelTap' from project 'TravelTap')
    cd /Users/erders/Documents/TravelTap
    

SwiftCompile normal arm64 /Users/erders/Documents/TravelTap/TravelTap/Data/Countries/Europe/Portugal/Cities/AzoresAttractions.swift (in target 'TravelTap' from project 'TravelTap')
    cd /Users/erders/Documents/TravelTap
    

SwiftCompile normal arm64 /Users/erders/Documents/TravelTap/TravelTap/Data/Countries/Europe/Portugal/Cities/EvoraAttractions.swift (in target 'TravelTap' from project 'TravelTap')
    cd /Users/erders/Documents/TravelTap
    

SwiftCompile normal arm64 /Users/erders/Documents/TravelTap/TravelTap/Data/Countries/Europe/Portugal/Cities/BragaAttractions.swift (in target 'TravelTap' from project 'TravelTap')
    cd /Users/erders/Documents/TravelTap
    

SwiftCompile normal arm64 /Users/erders/Documents/TravelTap/TravelTap/Data/Countries/Europe/Portugal/Cities/BatalhaAttractions.swift (in target 'TravelTap' from project 'TravelTap')
    cd /Users/erders/Documents/TravelTap
    

SwiftCompile normal arm64 /Users/erders/Documents/TravelTap/TravelTap/Data/Countries/Europe/Portugal/Cities/NazareAttractions.swift (in target 'TravelTap' from project 'TravelTap')
    cd /Users/erders/Documents/TravelTap
    

SwiftCompile normal arm64 /Users/erders/Documents/TravelTap/TravelTap/Data/Countries/Europe/Netherlands/Cities/GiethoornAttractions.swift (in target 'TravelTap' from project 'TravelTap')
    cd /Users/erders/Documents/TravelTap
    

SwiftCompile normal arm64 /Users/erders/Documents/TravelTap/TravelTap/Data/Countries/Europe/Netherlands/Cities/AlkmaarAttractions.swift (in target 'TravelTap' from project 'TravelTap')
    cd /Users/erders/Documents/TravelTap
    

SwiftCompile normal arm64 /Users/erders/Documents/TravelTap/TravelTap/Data/Countries/Europe/Netherlands/Cities/KeukenhofAttractions.swift (in target 'TravelTap' from project 'TravelTap')
    cd /Users/erders/Documents/TravelTap
    

SwiftCompile normal arm64 /Users/erders/Documents/TravelTap/TravelTap/Data/Countries/Europe/Netherlands/Cities/MaastrichtAttractions.swift (in target 'TravelTap' from project 'TravelTap')
    cd /Users/erders/Documents/TravelTap
    

SwiftCompile normal arm64 /Users/erders/Documents/TravelTap/TravelTap/Data/Countries/Europe/Netherlands/Cities/LeidenAttractions.swift (in target 'TravelTap' from project 'TravelTap')
    cd /Users/erders/Documents/TravelTap
    

SwiftCompile normal arm64 /Users/erders/Documents/TravelTap/TravelTap/Data/Countries/Europe/Netherlands/Cities/ArnhemAttractions.swift (in target 'TravelTap' from project 'TravelTap')
    cd /Users/erders/Documents/TravelTap
    

SwiftCompile normal arm64 /Users/erders/Documents/TravelTap/TravelTap/Data/Countries/Europe/Netherlands/Cities/DelftAttractions.swift (in target 'TravelTap' from project 'TravelTap')
    cd /Users/erders/Documents/TravelTap
    

SwiftCompile normal arm64 /Users/erders/Documents/TravelTap/TravelTap/Data/Countries/Europe/Netherlands/Cities/MiddelburgAttractions.swift (in target 'TravelTap' from project 'TravelTap')
    cd /Users/erders/Documents/TravelTap
    

SwiftCompile normal arm64 /Users/erders/Documents/TravelTap/TravelTap/Data/Countries/Europe/Netherlands/Cities/DenBoschAttractions.swift (in target 'TravelTap' from project 'TravelTap')
    cd /Users/erders/Documents/TravelTap
    

SwiftCompile normal arm64 /Users/erders/Documents/TravelTap/TravelTap/Data/Countries/Europe/Netherlands/Cities/NijmegenAttractions.swift (in target 'TravelTap' from project 'TravelTap')
    cd /Users/erders/Documents/TravelTap
    

SwiftCompile normal arm64 /Users/erders/Documents/TravelTap/TravelTap/Data/Countries/Europe/Netherlands/Cities/TexelAttractions.swift (in target 'TravelTap' from project 'TravelTap')
    cd /Users/erders/Documents/TravelTap
    

SwiftCompile normal arm64 /Users/erders/Documents/TravelTap/TravelTap/Data/Countries/Europe/Netherlands/Cities/ZwolleAttractions.swift (in target 'TravelTap' from project 'TravelTap')
    cd /Users/erders/Documents/TravelTap
    

SwiftDriverJobDiscovery normal arm64 Compiling LlangollenAttractions.swift, AberystwythAttractions.swift, CaernarfonAttractions.swift, CricciethAttractions.swift, PembrokeshireCoastAttractions.swift, BreconBeaconsAttractions.swift, BeaumarisAttractions.swift, WrexhamAttractions.swift, CaerphillyAttractions.swift, LaugharneAttractions.swift, TinternAttractions.swift, HarlechAttractions.swift, KavadartsiAttractions.swift, VelesAttractions.swift, StobiAttractions.swift, StrugaAttractions.swift, PrilepAttractions.swift, TetovoAttractions.swift, LakePrespaAttractions.swift, MavrovoAttractions.swift, KrusevoAttractions.swift, GostivarAttractions.swift, ShtipAttractions.swift, DebarAttractions.swift, KumanovoAttractions.swift (in target 'TravelTap' from project 'TravelTap')

SwiftCompile normal arm64 Compiling\ SmolyanAttractions.swift,\ MadaraAttractions.swift,\ ShumenAttractions.swift,\ BelogradchikAttractions.swift,\ PerperikonAttractions.swift,\ RousseAttractions.swift,\ KardzhaliAttractions.swift,\ PamporovoAttractions.swift,\ LovechAttractions.swift,\ HisaryaAttractions.swift,\ NessebarAttractions.swift,\ BorovetsAttractions.swift,\ MelnikAttractions.swift,\ SunnyBeachAttractions.swift,\ KazanlakAttractions.swift,\ SozopolAttractions.swift,\ RilaAttractions.swift,\ BanskoAttractions.swift,\ BurgasAttractions.swift,\ TryavnaAttractions.swift,\ KoprivshtitsaAttractions.swift,\ TransfagarasanAttractions.swift,\ AlbaIuliaAttractions.swift,\ BicazAttractions.swift /Users/erders/Documents/TravelTap/TravelTap/Data/Countries/Europe/Bulgaria/Cities/SmolyanAttractions.swift /Users/erders/Documents/TravelTap/TravelTap/Data/Countries/Europe/Bulgaria/Cities/MadaraAttractions.swift /Users/erders/Documents/TravelTap/TravelTap/Data/Countries/Europe/Bulgaria/Cities/ShumenAttractions.swift /Users/erders/Documents/TravelTap/TravelTap/Data/Countries/Europe/Bulgaria/Cities/BelogradchikAttractions.swift /Users/erders/Documents/TravelTap/TravelTap/Data/Countries/Europe/Bulgaria/Cities/PerperikonAttractions.swift /Users/erders/Documents/TravelTap/TravelTap/Data/Countries/Europe/Bulgaria/Cities/RousseAttractions.swift /Users/erders/Documents/TravelTap/TravelTap/Data/Countries/Europe/Bulgaria/Cities/KardzhaliAttractions.swift /Users/erders/Documents/TravelTap/TravelTap/Data/Countries/Europe/Bulgaria/Cities/PamporovoAttractions.swift /Users/erders/Documents/TravelTap/TravelTap/Data/Countries/Europe/Bulgaria/Cities/LovechAttractions.swift /Users/erders/Documents/TravelTap/TravelTap/Data/Countries/Europe/Bulgaria/Cities/HisaryaAttractions.swift /Users/erders/Documents/TravelTap/TravelTap/Data/Countries/Europe/Bulgaria/Cities/NessebarAttractions.swift /Users/erders/Documents/TravelTap/TravelTap/Data/Countries/Europe/Bulgaria/Cities/BorovetsAttractions.swift /Users/erders/Documents/TravelTap/TravelTap/Data/Countries/Europe/Bulgaria/Cities/MelnikAttractions.swift /Users/erders/Documents/TravelTap/TravelTap/Data/Countries/Europe/Bulgaria/Cities/SunnyBeachAttractions.swift /Users/erders/Documents/TravelTap/TravelTap/Data/Countries/Europe/Bulgaria/Cities/KazanlakAttractions.swift /Users/erders/Documents/TravelTap/TravelTap/Data/Countries/Europe/Bulgaria/Cities/SozopolAttractions.swift /Users/erders/Documents/TravelTap/TravelTap/Data/Countries/Europe/Bulgaria/Cities/RilaAttractions.swift /Users/erders/Documents/TravelTap/TravelTap/Data/Countries/Europe/Bulgaria/Cities/BanskoAttractions.swift /Users/erders/Documents/TravelTap/TravelTap/Data/Countries/Europe/Bulgaria/Cities/BurgasAttractions.swift /Users/erders/Documents/TravelTap/TravelTap/Data/Countries/Europe/Bulgaria/Cities/TryavnaAttractions.swift /Users/erders/Documents/TravelTap/TravelTap/Data/Countries/Europe/Bulgaria/Cities/KoprivshtitsaAttractions.swift /Users/erders/Documents/TravelTap/TravelTap/Data/Countries/Europe/Romania/Cities/TransfagarasanAttractions.swift /Users/erders/Documents/TravelTap/TravelTap/Data/Countries/Europe/Romania/Cities/AlbaIuliaAttractions.swift /Users/erders/Documents/TravelTap/TravelTap/Data/Countries/Europe/Romania/Cities/BicazAttractions.swift (in target 'TravelTap' from project 'TravelTap')

SwiftCompile normal arm64 /Users/erders/Documents/TravelTap/TravelTap/Data/Countries/Europe/Bulgaria/Cities/SmolyanAttractions.swift (in target 'TravelTap' from project 'TravelTap')
    cd /Users/erders/Documents/TravelTap
    

SwiftCompile normal arm64 /Users/erders/Documents/TravelTap/TravelTap/Data/Countries/Europe/Bulgaria/Cities/MadaraAttractions.swift (in target 'TravelTap' from project 'TravelTap')
    cd /Users/erders/Documents/TravelTap
    

SwiftCompile normal arm64 /Users/erders/Documents/TravelTap/TravelTap/Data/Countries/Europe/Bulgaria/Cities/ShumenAttractions.swift (in target 'TravelTap' from project 'TravelTap')
    cd /Users/erders/Documents/TravelTap
    

SwiftCompile normal arm64 /Users/erders/Documents/TravelTap/TravelTap/Data/Countries/Europe/Bulgaria/Cities/BelogradchikAttractions.swift (in target 'TravelTap' from project 'TravelTap')
    cd /Users/erders/Documents/TravelTap
    

SwiftCompile normal arm64 /Users/erders/Documents/TravelTap/TravelTap/Data/Countries/Europe/Bulgaria/Cities/PerperikonAttractions.swift (in target 'TravelTap' from project 'TravelTap')
    cd /Users/erders/Documents/TravelTap
    

SwiftCompile normal arm64 /Users/erders/Documents/TravelTap/TravelTap/Data/Countries/Europe/Bulgaria/Cities/RousseAttractions.swift (in target 'TravelTap' from project 'TravelTap')
    cd /Users/erders/Documents/TravelTap
    

SwiftCompile normal arm64 /Users/erders/Documents/TravelTap/TravelTap/Data/Countries/Europe/Bulgaria/Cities/KardzhaliAttractions.swift (in target 'TravelTap' from project 'TravelTap')
    cd /Users/erders/Documents/TravelTap
    

SwiftCompile normal arm64 /Users/erders/Documents/TravelTap/TravelTap/Data/Countries/Europe/Bulgaria/Cities/PamporovoAttractions.swift (in target 'TravelTap' from project 'TravelTap')
    cd /Users/erders/Documents/TravelTap
    

SwiftCompile normal arm64 /Users/erders/Documents/TravelTap/TravelTap/Data/Countries/Europe/Bulgaria/Cities/LovechAttractions.swift (in target 'TravelTap' from project 'TravelTap')
    cd /Users/erders/Documents/TravelTap
    

SwiftCompile normal arm64 /Users/erders/Documents/TravelTap/TravelTap/Data/Countries/Europe/Bulgaria/Cities/HisaryaAttractions.swift (in target 'TravelTap' from project 'TravelTap')
    cd /Users/erders/Documents/TravelTap
    

SwiftCompile normal arm64 /Users/erders/Documents/TravelTap/TravelTap/Data/Countries/Europe/Bulgaria/Cities/NessebarAttractions.swift (in target 'TravelTap' from project 'TravelTap')
    cd /Users/erders/Documents/TravelTap
    

SwiftCompile normal arm64 /Users/erders/Documents/TravelTap/TravelTap/Data/Countries/Europe/Bulgaria/Cities/BorovetsAttractions.swift (in target 'TravelTap' from project 'TravelTap')
    cd /Users/erders/Documents/TravelTap
    

SwiftCompile normal arm64 /Users/erders/Documents/TravelTap/TravelTap/Data/Countries/Europe/Bulgaria/Cities/MelnikAttractions.swift (in target 'TravelTap' from project 'TravelTap')
    cd /Users/erders/Documents/TravelTap
    

SwiftCompile normal arm64 /Users/erders/Documents/TravelTap/TravelTap/Data/Countries/Europe/Bulgaria/Cities/SunnyBeachAttractions.swift (in target 'TravelTap' from project 'TravelTap')
    cd /Users/erders/Documents/TravelTap
    

SwiftCompile normal arm64 /Users/erders/Documents/TravelTap/TravelTap/Data/Countries/Europe/Bulgaria/Cities/KazanlakAttractions.swift (in target 'TravelTap' from project 'TravelTap')
    cd /Users/erders/Documents/TravelTap
    

SwiftCompile normal arm64 /Users/erders/Documents/TravelTap/TravelTap/Data/Countries/Europe/Bulgaria/Cities/SozopolAttractions.swift (in target 'TravelTap' from project 'TravelTap')
    cd /Users/erders/Documents/TravelTap
    

SwiftCompile normal arm64 /Users/erders/Documents/TravelTap/TravelTap/Data/Countries/Europe/Bulgaria/Cities/RilaAttractions.swift (in target 'TravelTap' from project 'TravelTap')
    cd /Users/erders/Documents/TravelTap
    

SwiftCompile normal arm64 /Users/erders/Documents/TravelTap/TravelTap/Data/Countries/Europe/Bulgaria/Cities/BanskoAttractions.swift (in target 'TravelTap' from project 'TravelTap')
    cd /Users/erders/Documents/TravelTap
    

SwiftCompile normal arm64 /Users/erders/Documents/TravelTap/TravelTap/Data/Countries/Europe/Bulgaria/Cities/BurgasAttractions.swift (in target 'TravelTap' from project 'TravelTap')
    cd /Users/erders/Documents/TravelTap
    

SwiftCompile normal arm64 /Users/erders/Documents/TravelTap/TravelTap/Data/Countries/Europe/Bulgaria/Cities/TryavnaAttractions.swift (in target 'TravelTap' from project 'TravelTap')
    cd /Users/erders/Documents/TravelTap
    

SwiftCompile normal arm64 /Users/erders/Documents/TravelTap/TravelTap/Data/Countries/Europe/Bulgaria/Cities/KoprivshtitsaAttractions.swift (in target 'TravelTap' from project 'TravelTap')
    cd /Users/erders/Documents/TravelTap
    

SwiftCompile normal arm64 /Users/erders/Documents/TravelTap/TravelTap/Data/Countries/Europe/Romania/Cities/TransfagarasanAttractions.swift (in target 'TravelTap' from project 'TravelTap')
    cd /Users/erders/Documents/TravelTap
    

SwiftCompile normal arm64 /Users/erders/Documents/TravelTap/TravelTap/Data/Countries/Europe/Romania/Cities/AlbaIuliaAttractions.swift (in target 'TravelTap' from project 'TravelTap')
    cd /Users/erders/Documents/TravelTap
    

SwiftCompile normal arm64 /Users/erders/Documents/TravelTap/TravelTap/Data/Countries/Europe/Romania/Cities/BicazAttractions.swift (in target 'TravelTap' from project 'TravelTap')
    cd /Users/erders/Documents/TravelTap
    

SwiftDriverJobDiscovery normal arm64 Compiling CookIslandsPackage.swift, CoralCoastAttractions.swift, DenarauAttractions.swift, KadavuAttractions.swift, MamanucaIslandsAttractions.swift, NadiAttractions.swift, PacificHarbourAttractions.swift, SavusavuAttractions.swift, SuvaAttractions.swift, TaveuniAttractions.swift, YasawaIslandsAttractions.swift, FijiPackage.swift, AustralsAttractions.swift, BoraBoraAttractions.swift, FakaravaAttractions.swift, MarquesasAttractions.swift, MooreaAttractions.swift, PapeeteAttractions.swift, RaiateaAttractions.swift, RangiroaAttractions.swift, SocietyIslandsAttractions.swift, FrenchPolynesiaPackage.swift, HagatnaAttractions.swift, GuamPackage.swift, ChuukAttractions.swift (in target 'TravelTap' from project 'TravelTap')

SwiftCompile normal arm64 Compiling\ LogarValleyAttractions.swift,\ BovecAttractions.swift,\ CeljeAttractions.swift,\ MariborAttractions.swift,\ KobaridAttractions.swift,\ VelikaPlaninaAttractions.swift,\ TuzlaAttractions.swift,\ TrebinjeAttractions.swift,\ StecciAttractions.swift,\ LukomirAttractions.swift,\ BanjaLukaAttractions.swift,\ ProkoskoLakeAttractions.swift,\ BijeljinaAttractions.swift,\ UnaNationalParkAttractions.swift,\ StolacAttractions.swift,\ JablanicaAttractions.swift,\ KonjicAttractions.swift,\ HutovoBlatoAttractions.swift,\ ZenicaAttractions.swift,\ PociteljAttractions.swift,\ TravnikAttractions.swift,\ NeumAttractions.swift,\ KraviceWaterfallsAttractions.swift,\ SutjeskaNationalParkAttractions.swift /Users/erders/Documents/TravelTap/TravelTap/Data/Countries/Europe/Slovenia/Cities/LogarValleyAttractions.swift /Users/erders/Documents/TravelTap/TravelTap/Data/Countries/Europe/Slovenia/Cities/BovecAttractions.swift /Users/erders/Documents/TravelTap/TravelTap/Data/Countries/Europe/Slovenia/Cities/CeljeAttractions.swift /Users/erders/Documents/TravelTap/TravelTap/Data/Countries/Europe/Slovenia/Cities/MariborAttractions.swift /Users/erders/Documents/TravelTap/TravelTap/Data/Countries/Europe/Slovenia/Cities/KobaridAttractions.swift /Users/erders/Documents/TravelTap/TravelTap/Data/Countries/Europe/Slovenia/Cities/VelikaPlaninaAttractions.swift /Users/erders/Documents/TravelTap/TravelTap/Data/Countries/Europe/Bosnia/Cities/TuzlaAttractions.swift /Users/erders/Documents/TravelTap/TravelTap/Data/Countries/Europe/Bosnia/Cities/TrebinjeAttractions.swift /Users/erders/Documents/TravelTap/TravelTap/Data/Countries/Europe/Bosnia/Cities/StecciAttractions.swift /Users/erders/Documents/TravelTap/TravelTap/Data/Countries/Europe/Bosnia/Cities/LukomirAttractions.swift /Users/erders/Documents/TravelTap/TravelTap/Data/Countries/Europe/Bosnia/Cities/BanjaLukaAttractions.swift /Users/erders/Documents/TravelTap/TravelTap/Data/Countries/Europe/Bosnia/Cities/ProkoskoLakeAttractions.swift /Users/erders/Documents/TravelTap/TravelTap/Data/Countries/Europe/Bosnia/Cities/BijeljinaAttractions.swift /Users/erders/Documents/TravelTap/TravelTap/Data/Countries/Europe/Bosnia/Cities/UnaNationalParkAttractions.swift /Users/erders/Documents/TravelTap/TravelTap/Data/Countries/Europe/Bosnia/Cities/StolacAttractions.swift /Users/erders/Documents/TravelTap/TravelTap/Data/Countries/Europe/Bosnia/Cities/JablanicaAttractions.swift /Users/erders/Documents/TravelTap/TravelTap/Data/Countries/Europe/Bosnia/Cities/KonjicAttractions.swift /Users/erders/Documents/TravelTap/TravelTap/Data/Countries/Europe/Bosnia/Cities/HutovoBlatoAttractions.swift /Users/erders/Documents/TravelTap/TravelTap/Data/Countries/Europe/Bosnia/Cities/ZenicaAttractions.swift /Users/erders/Documents/TravelTap/TravelTap/Data/Countries/Europe/Bosnia/Cities/PociteljAttractions.swift /Users/erders/Documents/TravelTap/TravelTap/Data/Countries/Europe/Bosnia/Cities/TravnikAttractions.swift /Users/erders/Documents/TravelTap/TravelTap/Data/Countries/Europe/Bosnia/Cities/NeumAttractions.swift /Users/erders/Documents/TravelTap/TravelTap/Data/Countries/Europe/Bosnia/Cities/KraviceWaterfallsAttractions.swift /Users/erders/Documents/TravelTap/TravelTap/Data/Countries/Europe/Bosnia/Cities/SutjeskaNationalParkAttractions.swift (in target 'TravelTap' from project 'TravelTap')

SwiftCompile normal arm64 /Users/erders/Documents/TravelTap/TravelTap/Data/Countries/Europe/Slovenia/Cities/LogarValleyAttractions.swift (in target 'TravelTap' from project 'TravelTap')
    cd /Users/erders/Documents/TravelTap
    

SwiftCompile normal arm64 /Users/erders/Documents/TravelTap/TravelTap/Data/Countries/Europe/Slovenia/Cities/BovecAttractions.swift (in target 'TravelTap' from project 'TravelTap')
    cd /Users/erders/Documents/TravelTap
    

SwiftCompile normal arm64 /Users/erders/Documents/TravelTap/TravelTap/Data/Countries/Europe/Slovenia/Cities/CeljeAttractions.swift (in target 'TravelTap' from project 'TravelTap')
    cd /Users/erders/Documents/TravelTap
    

SwiftCompile normal arm64 /Users/erders/Documents/TravelTap/TravelTap/Data/Countries/Europe/Slovenia/Cities/MariborAttractions.swift (in target 'TravelTap' from project 'TravelTap')
    cd /Users/erders/Documents/TravelTap
    

SwiftCompile normal arm64 /Users/erders/Documents/TravelTap/TravelTap/Data/Countries/Europe/Slovenia/Cities/KobaridAttractions.swift (in target 'TravelTap' from project 'TravelTap')
    cd /Users/erders/Documents/TravelTap
    

SwiftCompile normal arm64 /Users/erders/Documents/TravelTap/TravelTap/Data/Countries/Europe/Slovenia/Cities/VelikaPlaninaAttractions.swift (in target 'TravelTap' from project 'TravelTap')
    cd /Users/erders/Documents/TravelTap
    

SwiftCompile normal arm64 /Users/erders/Documents/TravelTap/TravelTap/Data/Countries/Europe/Bosnia/Cities/TuzlaAttractions.swift (in target 'TravelTap' from project 'TravelTap')
    cd /Users/erders/Documents/TravelTap
    

SwiftCompile normal arm64 /Users/erders/Documents/TravelTap/TravelTap/Data/Countries/Europe/Bosnia/Cities/TrebinjeAttractions.swift (in target 'TravelTap' from project 'TravelTap')
    cd /Users/erders/Documents/TravelTap
    

SwiftCompile normal arm64 /Users/erders/Documents/TravelTap/TravelTap/Data/Countries/Europe/Bosnia/Cities/StecciAttractions.swift (in target 'TravelTap' from project 'TravelTap')
    cd /Users/erders/Documents/TravelTap
    

SwiftCompile normal arm64 /Users/erders/Documents/TravelTap/TravelTap/Data/Countries/Europe/Bosnia/Cities/LukomirAttractions.swift (in target 'TravelTap' from project 'TravelTap')
    cd /Users/erders/Documents/TravelTap
    

SwiftCompile normal arm64 /Users/erders/Documents/TravelTap/TravelTap/Data/Countries/Europe/Bosnia/Cities/BanjaLukaAttractions.swift (in target 'TravelTap' from project 'TravelTap')
    cd /Users/erders/Documents/TravelTap
    

SwiftCompile normal arm64 /Users/erders/Documents/TravelTap/TravelTap/Data/Countries/Europe/Bosnia/Cities/ProkoskoLakeAttractions.swift (in target 'TravelTap' from project 'TravelTap')
    cd /Users/erders/Documents/TravelTap
    

SwiftCompile normal arm64 /Users/erders/Documents/TravelTap/TravelTap/Data/Countries/Europe/Bosnia/Cities/BijeljinaAttractions.swift (in target 'TravelTap' from project 'TravelTap')
    cd /Users/erders/Documents/TravelTap
    

SwiftCompile normal arm64 /Users/erders/Documents/TravelTap/TravelTap/Data/Countries/Europe/Bosnia/Cities/UnaNationalParkAttractions.swift (in target 'TravelTap' from project 'TravelTap')
    cd /Users/erders/Documents/TravelTap
    

SwiftCompile normal arm64 /Users/erders/Documents/TravelTap/TravelTap/Data/Countries/Europe/Bosnia/Cities/StolacAttractions.swift (in target 'TravelTap' from project 'TravelTap')
    cd /Users/erders/Documents/TravelTap
    

SwiftCompile normal arm64 /Users/erders/Documents/TravelTap/TravelTap/Data/Countries/Europe/Bosnia/Cities/JablanicaAttractions.swift (in target 'TravelTap' from project 'TravelTap')
    cd /Users/erders/Documents/TravelTap
    

SwiftCompile normal arm64 /Users/erders/Documents/TravelTap/TravelTap/Data/Countries/Europe/Bosnia/Cities/KonjicAttractions.swift (in target 'TravelTap' from project 'TravelTap')
    cd /Users/erders/Documents/TravelTap
    

SwiftCompile normal arm64 /Users/erders/Documents/TravelTap/TravelTap/Data/Countries/Europe/Bosnia/Cities/HutovoBlatoAttractions.swift (in target 'TravelTap' from project 'TravelTap')
    cd /Users/erders/Documents/TravelTap
    

SwiftCompile normal arm64 /Users/erders/Documents/TravelTap/TravelTap/Data/Countries/Europe/Bosnia/Cities/ZenicaAttractions.swift (in target 'TravelTap' from project 'TravelTap')
    cd /Users/erders/Documents/TravelTap
    

SwiftCompile normal arm64 /Users/erders/Documents/TravelTap/TravelTap/Data/Countries/Europe/Bosnia/Cities/PociteljAttractions.swift (in target 'TravelTap' from project 'TravelTap')
    cd /Users/erders/Documents/TravelTap
    

SwiftCompile normal arm64 /Users/erders/Documents/TravelTap/TravelTap/Data/Countries/Europe/Bosnia/Cities/TravnikAttractions.swift (in target 'TravelTap' from project 'TravelTap')
    cd /Users/erders/Documents/TravelTap
    

SwiftCompile normal arm64 /Users/erders/Documents/TravelTap/TravelTap/Data/Countries/Europe/Bosnia/Cities/NeumAttractions.swift (in target 'TravelTap' from project 'TravelTap')
    cd /Users/erders/Documents/TravelTap
    

SwiftCompile normal arm64 /Users/erders/Documents/TravelTap/TravelTap/Data/Countries/Europe/Bosnia/Cities/KraviceWaterfallsAttractions.swift (in target 'TravelTap' from project 'TravelTap')
    cd /Users/erders/Documents/TravelTap
    

SwiftCompile normal arm64 /Users/erders/Documents/TravelTap/TravelTap/Data/Countries/Europe/Bosnia/Cities/SutjeskaNationalParkAttractions.swift (in target 'TravelTap' from project 'TravelTap')
    cd /Users/erders/Documents/TravelTap
    

SwiftDriverJobDiscovery normal arm64 Compiling BarilocheAttractions.swift, BuenosAiresAttractions.swift, ElBolsonAttractions.swift, ElCalafateAttractions.swift, ElChaltenAttractions.swift, IberaWetlandsAttractions.swift, JujuyAttractions.swift, MarDelPlataAttractions.swift, MendozaAttractions.swift, PuertoIguazuAttractions.swift, PuertoMadrynAttractions.swift, RosarioAttractions.swift, SaltaCityAttractions.swift, SanRafaelAttractions.swift, UshuaiaAttractions.swift, BoliviaPackage.swift, BoliviaSantaCruzAttractions.swift, CochabambaAttractions.swift, CopacabanaAttractions.swift, CoroicoAttractions.swift, LaPazAttractions.swift, OruroAttractions.swift, PotosiAttractions.swift, RurrenabaqueAttractions.swift, SucreAttractions.swift (in target 'TravelTap' from project 'TravelTap')

SwiftCompile normal arm64 Compiling\ TheHagueAttractions.swift,\ UtrechtAttractions.swift,\ NetherlandsPackage.swift,\ BitolaAttractions.swift,\ MatkaCanyonAttractions.swift,\ OhridAttractions.swift,\ SkopjeAttractions.swift,\ NorthMacedoniaPackage.swift,\ BelfastAttractions.swift,\ BushmillsAttractions.swift,\ DerryAttractions.swift,\ NorthernIrelandPackage.swift,\ BergenAttractions.swift,\ OsloAttractions.swift,\ StavangerAttractions.swift,\ TromsoAttractions.swift,\ NorwayPackage.swift,\ GdanskAttractions.swift,\ KrakowAttractions.swift,\ WarsawAttractions.swift,\ WroclawAttractions.swift,\ PolandPackage.swift,\ SopotAttractions.swift,\ GdyniaAttractions.swift,\ PoznanAttractions.swift /Users/erders/Documents/TravelTap/TravelTap/Data/Countries/Europe/Netherlands/Cities/TheHagueAttractions.swift /Users/erders/Documents/TravelTap/TravelTap/Data/Countries/Europe/Netherlands/Cities/UtrechtAttractions.swift /Users/erders/Documents/TravelTap/TravelTap/Data/Countries/Europe/Netherlands/NetherlandsPackage.swift /Users/erders/Documents/TravelTap/TravelTap/Data/Countries/Europe/NorthMacedonia/Cities/BitolaAttractions.swift /Users/erders/Documents/TravelTap/TravelTap/Data/Countries/Europe/NorthMacedonia/Cities/MatkaCanyonAttractions.swift /Users/erders/Documents/TravelTap/TravelTap/Data/Countries/Europe/NorthMacedonia/Cities/OhridAttractions.swift /Users/erders/Documents/TravelTap/TravelTap/Data/Countries/Europe/NorthMacedonia/Cities/SkopjeAttractions.swift /Users/erders/Documents/TravelTap/TravelTap/Data/Countries/Europe/NorthMacedonia/NorthMacedoniaPackage.swift /Users/erders/Documents/TravelTap/TravelTap/Data/Countries/Europe/NorthernIreland/Cities/BelfastAttractions.swift /Users/erders/Documents/TravelTap/TravelTap/Data/Countries/Europe/NorthernIreland/Cities/BushmillsAttractions.swift /Users/erders/Documents/TravelTap/TravelTap/Data/Countries/Europe/NorthernIreland/Cities/DerryAttractions.swift /Users/erders/Documents/TravelTap/TravelTap/Data/Countries/Europe/NorthernIreland/NorthernIrelandPackage.swift /Users/erders/Documents/TravelTap/TravelTap/Data/Countries/Europe/Norway/Cities/BergenAttractions.swift /Users/erders/Documents/TravelTap/TravelTap/Data/Countries/Europe/Norway/Cities/OsloAttractions.swift /Users/erders/Documents/TravelTap/TravelTap/Data/Countries/Europe/Norway/Cities/StavangerAttractions.swift /Users/erders/Documents/TravelTap/TravelTap/Data/Countries/Europe/Norway/Cities/TromsoAttractions.swift /Users/erders/Documents/TravelTap/TravelTap/Data/Countries/Europe/Norway/NorwayPackage.swift /Users/erders/Documents/TravelTap/TravelTap/Data/Countries/Europe/Poland/Cities/GdanskAttractions.swift /Users/erders/Documents/TravelTap/TravelTap/Data/Countries/Europe/Poland/Cities/KrakowAttractions.swift /Users/erders/Documents/TravelTap/TravelTap/Data/Countries/Europe/Poland/Cities/WarsawAttractions.swift /Users/erders/Documents/TravelTap/TravelTap/Data/Countries/Europe/Poland/Cities/WroclawAttractions.swift /Users/erders/Documents/TravelTap/TravelTap/Data/Countries/Europe/Poland/PolandPackage.swift /Users/erders/Documents/TravelTap/TravelTap/Data/Countries/Europe/Poland/Cities/SopotAttractions.swift /Users/erders/Documents/TravelTap/TravelTap/Data/Countries/Europe/Poland/Cities/GdyniaAttractions.swift /Users/erders/Documents/TravelTap/TravelTap/Data/Countries/Europe/Poland/Cities/PoznanAttractions.swift (in target 'TravelTap' from project 'TravelTap')

SwiftCompile normal arm64 /Users/erders/Documents/TravelTap/TravelTap/Data/Countries/Europe/Netherlands/Cities/TheHagueAttractions.swift (in target 'TravelTap' from project 'TravelTap')
    cd /Users/erders/Documents/TravelTap
    

SwiftCompile normal arm64 /Users/erders/Documents/TravelTap/TravelTap/Data/Countries/Europe/Netherlands/Cities/UtrechtAttractions.swift (in target 'TravelTap' from project 'TravelTap')
    cd /Users/erders/Documents/TravelTap
    

SwiftCompile normal arm64 /Users/erders/Documents/TravelTap/TravelTap/Data/Countries/Europe/Netherlands/NetherlandsPackage.swift (in target 'TravelTap' from project 'TravelTap')
    cd /Users/erders/Documents/TravelTap
    

SwiftCompile normal arm64 /Users/erders/Documents/TravelTap/TravelTap/Data/Countries/Europe/NorthMacedonia/Cities/BitolaAttractions.swift (in target 'TravelTap' from project 'TravelTap')
    cd /Users/erders/Documents/TravelTap
    

SwiftCompile normal arm64 /Users/erders/Documents/TravelTap/TravelTap/Data/Countries/Europe/NorthMacedonia/Cities/MatkaCanyonAttractions.swift (in target 'TravelTap' from project 'TravelTap')
    cd /Users/erders/Documents/TravelTap
    

SwiftCompile normal arm64 /Users/erders/Documents/TravelTap/TravelTap/Data/Countries/Europe/NorthMacedonia/Cities/OhridAttractions.swift (in target 'TravelTap' from project 'TravelTap')
    cd /Users/erders/Documents/TravelTap
    

SwiftCompile normal arm64 /Users/erders/Documents/TravelTap/TravelTap/Data/Countries/Europe/NorthMacedonia/Cities/SkopjeAttractions.swift (in target 'TravelTap' from project 'TravelTap')
    cd /Users/erders/Documents/TravelTap
    

SwiftCompile normal arm64 /Users/erders/Documents/TravelTap/TravelTap/Data/Countries/Europe/NorthMacedonia/NorthMacedoniaPackage.swift (in target 'TravelTap' from project 'TravelTap')
    cd /Users/erders/Documents/TravelTap
    

SwiftCompile normal arm64 /Users/erders/Documents/TravelTap/TravelTap/Data/Countries/Europe/NorthernIreland/Cities/BelfastAttractions.swift (in target 'TravelTap' from project 'TravelTap')
    cd /Users/erders/Documents/TravelTap
    

SwiftCompile normal arm64 /Users/erders/Documents/TravelTap/TravelTap/Data/Countries/Europe/NorthernIreland/Cities/BushmillsAttractions.swift (in target 'TravelTap' from project 'TravelTap')
    cd /Users/erders/Documents/TravelTap
    

SwiftCompile normal arm64 /Users/erders/Documents/TravelTap/TravelTap/Data/Countries/Europe/NorthernIreland/Cities/DerryAttractions.swift (in target 'TravelTap' from project 'TravelTap')
    cd /Users/erders/Documents/TravelTap
    

SwiftCompile normal arm64 /Users/erders/Documents/TravelTap/TravelTap/Data/Countries/Europe/NorthernIreland/NorthernIrelandPackage.swift (in target 'TravelTap' from project 'TravelTap')
    cd /Users/erders/Documents/TravelTap
    

SwiftCompile normal arm64 /Users/erders/Documents/TravelTap/TravelTap/Data/Countries/Europe/Norway/Cities/BergenAttractions.swift (in target 'TravelTap' from project 'TravelTap')
    cd /Users/erders/Documents/TravelTap
    

SwiftCompile normal arm64 /Users/erders/Documents/TravelTap/TravelTap/Data/Countries/Europe/Norway/Cities/OsloAttractions.swift (in target 'TravelTap' from project 'TravelTap')
    cd /Users/erders/Documents/TravelTap
    

SwiftCompile normal arm64 /Users/erders/Documents/TravelTap/TravelTap/Data/Countries/Europe/Norway/Cities/StavangerAttractions.swift (in target 'TravelTap' from project 'TravelTap')
    cd /Users/erders/Documents/TravelTap
    

SwiftCompile normal arm64 /Users/erders/Documents/TravelTap/TravelTap/Data/Countries/Europe/Norway/Cities/TromsoAttractions.swift (in target 'TravelTap' from project 'TravelTap')
    cd /Users/erders/Documents/TravelTap
    

SwiftCompile normal arm64 /Users/erders/Documents/TravelTap/TravelTap/Data/Countries/Europe/Norway/NorwayPackage.swift (in target 'TravelTap' from project 'TravelTap')
    cd /Users/erders/Documents/TravelTap
    

SwiftCompile normal arm64 /Users/erders/Documents/TravelTap/TravelTap/Data/Countries/Europe/Poland/Cities/GdanskAttractions.swift (in target 'TravelTap' from project 'TravelTap')
    cd /Users/erders/Documents/TravelTap
    

SwiftCompile normal arm64 /Users/erders/Documents/TravelTap/TravelTap/Data/Countries/Europe/Poland/Cities/KrakowAttractions.swift (in target 'TravelTap' from project 'TravelTap')
    cd /Users/erders/Documents/TravelTap
    

SwiftCompile normal arm64 /Users/erders/Documents/TravelTap/TravelTap/Data/Countries/Europe/Poland/Cities/WarsawAttractions.swift (in target 'TravelTap' from project 'TravelTap')
    cd /Users/erders/Documents/TravelTap
    

SwiftCompile normal arm64 /Users/erders/Documents/TravelTap/TravelTap/Data/Countries/Europe/Poland/Cities/WroclawAttractions.swift (in target 'TravelTap' from project 'TravelTap')
    cd /Users/erders/Documents/TravelTap
    

SwiftCompile normal arm64 /Users/erders/Documents/TravelTap/TravelTap/Data/Countries/Europe/Poland/PolandPackage.swift (in target 'TravelTap' from project 'TravelTap')
    cd /Users/erders/Documents/TravelTap
    

SwiftCompile normal arm64 /Users/erders/Documents/TravelTap/TravelTap/Data/Countries/Europe/Poland/Cities/SopotAttractions.swift (in target 'TravelTap' from project 'TravelTap')
    cd /Users/erders/Documents/TravelTap
    

SwiftCompile normal arm64 /Users/erders/Documents/TravelTap/TravelTap/Data/Countries/Europe/Poland/Cities/GdyniaAttractions.swift (in target 'TravelTap' from project 'TravelTap')
    cd /Users/erders/Documents/TravelTap
    

SwiftCompile normal arm64 /Users/erders/Documents/TravelTap/TravelTap/Data/Countries/Europe/Poland/Cities/PoznanAttractions.swift (in target 'TravelTap' from project 'TravelTap')
    cd /Users/erders/Documents/TravelTap
    

SwiftDriverJobDiscovery normal arm64 Compiling TorunAttractions.swift, LodzAttractions.swift, LublinAttractions.swift, ZakopaneAttractions.swift, TatraMountainsAttractions.swift, MalborkAttractions.swift, CzestochowaAttractions.swift, AuschwitzBirkenauAttractions.swift, BialowiezaAttractions.swift, BieszczadyMountainsAttractions.swift, MasurianLakesAttractions.swift, SzczecinAttractions.swift, KatowiceAttractions.swift, WoodenChurchesAttractions.swift, KalwariaZebrzydowskaAttractions.swift, ZamoscAttractions.swift, AlgarveAttractions.swift, CoimbraAttractions.swift, LisbonAttractions.swift, PortoAttractions.swift, SintraAttractions.swift, PortugalPackage.swift, BrasovAttractions.swift, BucharestAttractions.swift, ClujNapocaAttractions.swift (in target 'TravelTap' from project 'TravelTap')

SwiftCompile normal arm64 Compiling\ AntsirabeAttractions.swift,\ MasoalaAttractions.swift,\ IleSainteMarieAttractions.swift,\ RanomafanaAttractions.swift,\ MahajangaAttractions.swift,\ FortDauphinAttractions.swift,\ IsaloAttractions.swift,\ NosyBeAttractions.swift,\ AntsirananaAttractions.swift,\ AntananarivoAttractions.swift,\ ToamasinaAttractions.swift,\ ToliaraAttractions.swift,\ CanberraAttractions.swift,\ GreatBarrierReefAttractions.swift,\ NapierHawkesBayAttractions.swift,\ CoromandelAttractions.swift,\ BayOfIslandsAttractions.swift,\ MarlboroughAttractions.swift,\ DunedinAttractions.swift,\ NelsonAbelTasmanAttractions.swift,\ WestCoastAttractions.swift,\ WanakaAttractions.swift,\ StewartIslandAttractions.swift,\ MilfordSoundAttractions.swift,\ TaupoAttractions.swift /Users/erders/Documents/TravelTap/TravelTap/Data/Countries/Africa/EastAfrica/Madagascar/Cities/AntsirabeAttractions.swift /Users/erders/Documents/TravelTap/TravelTap/Data/Countries/Africa/EastAfrica/Madagascar/Cities/MasoalaAttractions.swift /Users/erders/Documents/TravelTap/TravelTap/Data/Countries/Africa/EastAfrica/Madagascar/Cities/IleSainteMarieAttractions.swift /Users/erders/Documents/TravelTap/TravelTap/Data/Countries/Africa/EastAfrica/Madagascar/Cities/RanomafanaAttractions.swift /Users/erders/Documents/TravelTap/TravelTap/Data/Countries/Africa/EastAfrica/Madagascar/Cities/MahajangaAttractions.swift /Users/erders/Documents/TravelTap/TravelTap/Data/Countries/Africa/EastAfrica/Madagascar/Cities/FortDauphinAttractions.swift /Users/erders/Documents/TravelTap/TravelTap/Data/Countries/Africa/EastAfrica/Madagascar/Cities/IsaloAttractions.swift /Users/erders/Documents/TravelTap/TravelTap/Data/Countries/Africa/EastAfrica/Madagascar/Cities/NosyBeAttractions.swift /Users/erders/Documents/TravelTap/TravelTap/Data/Countries/Africa/EastAfrica/Madagascar/Cities/AntsirananaAttractions.swift /Users/erders/Documents/TravelTap/TravelTap/Data/Countries/Africa/EastAfrica/Madagascar/Cities/AntananarivoAttractions.swift /Users/erders/Documents/TravelTap/TravelTap/Data/Countries/Africa/EastAfrica/Madagascar/Cities/ToamasinaAttractions.swift /Users/erders/Documents/TravelTap/TravelTap/Data/Countries/Africa/EastAfrica/Madagascar/Cities/ToliaraAttractions.swift /Users/erders/Documents/TravelTap/TravelTap/Data/Countries/Oceania/Australia/Cities/CanberraAttractions.swift /Users/erders/Documents/TravelTap/TravelTap/Data/Countries/Oceania/Australia/Cities/GreatBarrierReefAttractions.swift /Users/erders/Documents/TravelTap/TravelTap/Data/Countries/Oceania/NewZealand/Cities/NapierHawkesBayAttractions.swift /Users/erders/Documents/TravelTap/TravelTap/Data/Countries/Oceania/NewZealand/Cities/CoromandelAttractions.swift /Users/erders/Documents/TravelTap/TravelTap/Data/Countries/Oceania/NewZealand/Cities/BayOfIslandsAttractions.swift /Users/erders/Documents/TravelTap/TravelTap/Data/Countries/Oceania/NewZealand/Cities/MarlboroughAttractions.swift /Users/erders/Documents/TravelTap/TravelTap/Data/Countries/Oceania/NewZealand/Cities/DunedinAttractions.swift /Users/erders/Documents/TravelTap/TravelTap/Data/Countries/Oceania/NewZealand/Cities/NelsonAbelTasmanAttractions.swift /Users/erders/Documents/TravelTap/TravelTap/Data/Countries/Oceania/NewZealand/Cities/WestCoastAttractions.swift /Users/erders/Documents/TravelTap/TravelTap/Data/Countries/Oceania/NewZealand/Cities/WanakaAttractions.swift /Users/erders/Documents/TravelTap/TravelTap/Data/Countries/Oceania/NewZealand/Cities/StewartIslandAttractions.swift /Users/erders/Documents/TravelTap/TravelTap/Data/Countries/Oceania/NewZealand/Cities/MilfordSoundAttractions.swift /Users/erders/Documents/TravelTap/TravelTap/Data/Countries/Oceania/NewZealand/Cities/TaupoAttractions.swift (in target 'TravelTap' from project 'TravelTap')

SwiftCompile normal arm64 /Users/erders/Documents/TravelTap/TravelTap/Data/Countries/Africa/EastAfrica/Madagascar/Cities/AntsirabeAttractions.swift (in target 'TravelTap' from project 'TravelTap')
    cd /Users/erders/Documents/TravelTap
    

SwiftCompile normal arm64 /Users/erders/Documents/TravelTap/TravelTap/Data/Countries/Africa/EastAfrica/Madagascar/Cities/MasoalaAttractions.swift (in target 'TravelTap' from project 'TravelTap')
    cd /Users/erders/Documents/TravelTap
    

SwiftCompile normal arm64 /Users/erders/Documents/TravelTap/TravelTap/Data/Countries/Africa/EastAfrica/Madagascar/Cities/IleSainteMarieAttractions.swift (in target 'TravelTap' from project 'TravelTap')
    cd /Users/erders/Documents/TravelTap
    

SwiftCompile normal arm64 /Users/erders/Documents/TravelTap/TravelTap/Data/Countries/Africa/EastAfrica/Madagascar/Cities/RanomafanaAttractions.swift (in target 'TravelTap' from project 'TravelTap')
    cd /Users/erders/Documents/TravelTap
    

SwiftCompile normal arm64 /Users/erders/Documents/TravelTap/TravelTap/Data/Countries/Africa/EastAfrica/Madagascar/Cities/MahajangaAttractions.swift (in target 'TravelTap' from project 'TravelTap')
    cd /Users/erders/Documents/TravelTap
    

SwiftCompile normal arm64 /Users/erders/Documents/TravelTap/TravelTap/Data/Countries/Africa/EastAfrica/Madagascar/Cities/FortDauphinAttractions.swift (in target 'TravelTap' from project 'TravelTap')
    cd /Users/erders/Documents/TravelTap
    

SwiftCompile normal arm64 /Users/erders/Documents/TravelTap/TravelTap/Data/Countries/Africa/EastAfrica/Madagascar/Cities/IsaloAttractions.swift (in target 'TravelTap' from project 'TravelTap')
    cd /Users/erders/Documents/TravelTap
    

SwiftCompile normal arm64 /Users/erders/Documents/TravelTap/TravelTap/Data/Countries/Africa/EastAfrica/Madagascar/Cities/NosyBeAttractions.swift (in target 'TravelTap' from project 'TravelTap')
    cd /Users/erders/Documents/TravelTap
    

SwiftCompile normal arm64 /Users/erders/Documents/TravelTap/TravelTap/Data/Countries/Africa/EastAfrica/Madagascar/Cities/AntsirananaAttractions.swift (in target 'TravelTap' from project 'TravelTap')
    cd /Users/erders/Documents/TravelTap
    

SwiftCompile normal arm64 /Users/erders/Documents/TravelTap/TravelTap/Data/Countries/Africa/EastAfrica/Madagascar/Cities/AntananarivoAttractions.swift (in target 'TravelTap' from project 'TravelTap')
    cd /Users/erders/Documents/TravelTap
    

SwiftCompile normal arm64 /Users/erders/Documents/TravelTap/TravelTap/Data/Countries/Africa/EastAfrica/Madagascar/Cities/ToamasinaAttractions.swift (in target 'TravelTap' from project 'TravelTap')
    cd /Users/erders/Documents/TravelTap
    

SwiftCompile normal arm64 /Users/erders/Documents/TravelTap/TravelTap/Data/Countries/Africa/EastAfrica/Madagascar/Cities/ToliaraAttractions.swift (in target 'TravelTap' from project 'TravelTap')
    cd /Users/erders/Documents/TravelTap
    

SwiftCompile normal arm64 /Users/erders/Documents/TravelTap/TravelTap/Data/Countries/Oceania/Australia/Cities/CanberraAttractions.swift (in target 'TravelTap' from project 'TravelTap')
    cd /Users/erders/Documents/TravelTap
    

SwiftCompile normal arm64 /Users/erders/Documents/TravelTap/TravelTap/Data/Countries/Oceania/Australia/Cities/GreatBarrierReefAttractions.swift (in target 'TravelTap' from project 'TravelTap')
    cd /Users/erders/Documents/TravelTap
    

SwiftCompile normal arm64 /Users/erders/Documents/TravelTap/TravelTap/Data/Countries/Oceania/NewZealand/Cities/NapierHawkesBayAttractions.swift (in target 'TravelTap' from project 'TravelTap')
    cd /Users/erders/Documents/TravelTap
    

SwiftCompile normal arm64 /Users/erders/Documents/TravelTap/TravelTap/Data/Countries/Oceania/NewZealand/Cities/CoromandelAttractions.swift (in target 'TravelTap' from project 'TravelTap')
    cd /Users/erders/Documents/TravelTap
    

SwiftCompile normal arm64 /Users/erders/Documents/TravelTap/TravelTap/Data/Countries/Oceania/NewZealand/Cities/BayOfIslandsAttractions.swift (in target 'TravelTap' from project 'TravelTap')
    cd /Users/erders/Documents/TravelTap
    

SwiftCompile normal arm64 /Users/erders/Documents/TravelTap/TravelTap/Data/Countries/Oceania/NewZealand/Cities/MarlboroughAttractions.swift (in target 'TravelTap' from project 'TravelTap')
    cd /Users/erders/Documents/TravelTap
    

SwiftCompile normal arm64 /Users/erders/Documents/TravelTap/TravelTap/Data/Countries/Oceania/NewZealand/Cities/DunedinAttractions.swift (in target 'TravelTap' from project 'TravelTap')
    cd /Users/erders/Documents/TravelTap
    

SwiftCompile normal arm64 /Users/erders/Documents/TravelTap/TravelTap/Data/Countries/Oceania/NewZealand/Cities/NelsonAbelTasmanAttractions.swift (in target 'TravelTap' from project 'TravelTap')
    cd /Users/erders/Documents/TravelTap
    

SwiftCompile normal arm64 /Users/erders/Documents/TravelTap/TravelTap/Data/Countries/Oceania/NewZealand/Cities/WestCoastAttractions.swift (in target 'TravelTap' from project 'TravelTap')
    cd /Users/erders/Documents/TravelTap
    

SwiftCompile normal arm64 /Users/erders/Documents/TravelTap/TravelTap/Data/Countries/Oceania/NewZealand/Cities/WanakaAttractions.swift (in target 'TravelTap' from project 'TravelTap')
    cd /Users/erders/Documents/TravelTap
    

SwiftCompile normal arm64 /Users/erders/Documents/TravelTap/TravelTap/Data/Countries/Oceania/NewZealand/Cities/StewartIslandAttractions.swift (in target 'TravelTap' from project 'TravelTap')
    cd /Users/erders/Documents/TravelTap
    

SwiftCompile normal arm64 /Users/erders/Documents/TravelTap/TravelTap/Data/Countries/Oceania/NewZealand/Cities/MilfordSoundAttractions.swift (in target 'TravelTap' from project 'TravelTap')
    cd /Users/erders/Documents/TravelTap
    

SwiftCompile normal arm64 /Users/erders/Documents/TravelTap/TravelTap/Data/Countries/Oceania/NewZealand/Cities/TaupoAttractions.swift (in target 'TravelTap' from project 'TravelTap')
    cd /Users/erders/Documents/TravelTap
    

SwiftDriverJobDiscovery normal arm64 Compiling TarijaAttractions.swift, TiwanakuAttractions.swift, TupizaAttractions.swift, UyuniAttractions.swift, BrazilPackage.swift, BonitoPantanalAttractions.swift, BrasiliaAttractions.swift, ChapadaDiamantinaAttractions.swift, CuritibaAttractions.swift, FernandoDeNoronhaAttractions.swift, FlorianopolisAttractions.swift, FortalezaAttractions.swift, FozDoIguacuAttractions.swift, GramadoCanelaAttractions.swift, JericoacoaraAttractions.swift, LencoisMaranhensesAttractions.swift, ManausAttractions.swift, NatalAttractions.swift, OuroPretoAttractions.swift, ParatyIlhaGrandeAttractions.swift, RecifeOlindaAttractions.swift, RioDeJaneiroAttractions.swift, SalvadorAttractions.swift, SaoPauloAttractions.swift, ChilePackage.swift (in target 'TravelTap' from project 'TravelTap')

SwiftCompile normal arm64 Compiling\ SanBernardinoAttractions.swift,\ VillarricaAttractions.swift,\ YbycuiAttractions.swift,\ ParaguayPackage.swift,\ ArequipaAttractions.swift,\ AyacuchoAttractions.swift,\ CajamarcaAttractions.swift,\ ChachapoyasAttractions.swift,\ ChiclayoAttractions.swift,\ CuscoAttractions.swift,\ HuacachinaAttractions.swift,\ HuarazAttractions.swift,\ IquitosAmazonAttractions.swift,\ LakeTiticacaAttractions.swift,\ LimaAttractions.swift,\ MachuPicchuAttractions.swift,\ MancoraAttractions.swift,\ NazcaAttractions.swift,\ ParacasAttractions.swift,\ PuertoMaldonadoAmazonAttractions.swift,\ SacredValleyAttractions.swift,\ TrujilloAttractions.swift,\ PeruPackage.swift,\ AlbinaAttractions.swift,\ BrokopondoAttractions.swift /Users/erders/Documents/TravelTap/TravelTap/Data/Countries/SouthAmerica/Paraguay/Cities/SanBernardinoAttractions.swift /Users/erders/Documents/TravelTap/TravelTap/Data/Countries/SouthAmerica/Paraguay/Cities/VillarricaAttractions.swift /Users/erders/Documents/TravelTap/TravelTap/Data/Countries/SouthAmerica/Paraguay/Cities/YbycuiAttractions.swift /Users/erders/Documents/TravelTap/TravelTap/Data/Countries/SouthAmerica/Paraguay/ParaguayPackage.swift /Users/erders/Documents/TravelTap/TravelTap/Data/Countries/SouthAmerica/Peru/Cities/ArequipaAttractions.swift /Users/erders/Documents/TravelTap/TravelTap/Data/Countries/SouthAmerica/Peru/Cities/AyacuchoAttractions.swift /Users/erders/Documents/TravelTap/TravelTap/Data/Countries/SouthAmerica/Peru/Cities/CajamarcaAttractions.swift /Users/erders/Documents/TravelTap/TravelTap/Data/Countries/SouthAmerica/Peru/Cities/ChachapoyasAttractions.swift /Users/erders/Documents/TravelTap/TravelTap/Data/Countries/SouthAmerica/Peru/Cities/ChiclayoAttractions.swift /Users/erders/Documents/TravelTap/TravelTap/Data/Countries/SouthAmerica/Peru/Cities/CuscoAttractions.swift /Users/erders/Documents/TravelTap/TravelTap/Data/Countries/SouthAmerica/Peru/Cities/HuacachinaAttractions.swift /Users/erders/Documents/TravelTap/TravelTap/Data/Countries/SouthAmerica/Peru/Cities/HuarazAttractions.swift /Users/erders/Documents/TravelTap/TravelTap/Data/Countries/SouthAmerica/Peru/Cities/IquitosAmazonAttractions.swift /Users/erders/Documents/TravelTap/TravelTap/Data/Countries/SouthAmerica/Peru/Cities/LakeTiticacaAttractions.swift /Users/erders/Documents/TravelTap/TravelTap/Data/Countries/SouthAmerica/Peru/Cities/LimaAttractions.swift /Users/erders/Documents/TravelTap/TravelTap/Data/Countries/SouthAmerica/Peru/Cities/MachuPicchuAttractions.swift /Users/erders/Documents/TravelTap/TravelTap/Data/Countries/SouthAmerica/Peru/Cities/MancoraAttractions.swift /Users/erders/Documents/TravelTap/TravelTap/Data/Countries/SouthAmerica/Peru/Cities/NazcaAttractions.swift /Users/erders/Documents/TravelTap/TravelTap/Data/Countries/SouthAmerica/Peru/Cities/ParacasAttractions.swift /Users/erders/Documents/TravelTap/TravelTap/Data/Countries/SouthAmerica/Peru/Cities/PuertoMaldonadoAmazonAttractions.swift /Users/erders/Documents/TravelTap/TravelTap/Data/Countries/SouthAmerica/Peru/Cities/SacredValleyAttractions.swift /Users/erders/Documents/TravelTap/TravelTap/Data/Countries/SouthAmerica/Peru/Cities/TrujilloAttractions.swift /Users/erders/Documents/TravelTap/TravelTap/Data/Countries/SouthAmerica/Peru/PeruPackage.swift /Users/erders/Documents/TravelTap/TravelTap/Data/Countries/SouthAmerica/Suriname/Cities/AlbinaAttractions.swift /Users/erders/Documents/TravelTap/TravelTap/Data/Countries/SouthAmerica/Suriname/Cities/BrokopondoAttractions.swift (in target 'TravelTap' from project 'TravelTap')

SwiftCompile normal arm64 /Users/erders/Documents/TravelTap/TravelTap/Data/Countries/SouthAmerica/Paraguay/Cities/SanBernardinoAttractions.swift (in target 'TravelTap' from project 'TravelTap')
    cd /Users/erders/Documents/TravelTap
    

SwiftCompile normal arm64 /Users/erders/Documents/TravelTap/TravelTap/Data/Countries/SouthAmerica/Paraguay/Cities/VillarricaAttractions.swift (in target 'TravelTap' from project 'TravelTap')
    cd /Users/erders/Documents/TravelTap
    

SwiftCompile normal arm64 /Users/erders/Documents/TravelTap/TravelTap/Data/Countries/SouthAmerica/Paraguay/Cities/YbycuiAttractions.swift (in target 'TravelTap' from project 'TravelTap')
    cd /Users/erders/Documents/TravelTap
    

SwiftCompile normal arm64 /Users/erders/Documents/TravelTap/TravelTap/Data/Countries/SouthAmerica/Paraguay/ParaguayPackage.swift (in target 'TravelTap' from project 'TravelTap')
    cd /Users/erders/Documents/TravelTap
    

SwiftCompile normal arm64 /Users/erders/Documents/TravelTap/TravelTap/Data/Countries/SouthAmerica/Peru/Cities/ArequipaAttractions.swift (in target 'TravelTap' from project 'TravelTap')
    cd /Users/erders/Documents/TravelTap
    

SwiftCompile normal arm64 /Users/erders/Documents/TravelTap/TravelTap/Data/Countries/SouthAmerica/Peru/Cities/AyacuchoAttractions.swift (in target 'TravelTap' from project 'TravelTap')
    cd /Users/erders/Documents/TravelTap
    

SwiftCompile normal arm64 /Users/erders/Documents/TravelTap/TravelTap/Data/Countries/SouthAmerica/Peru/Cities/CajamarcaAttractions.swift (in target 'TravelTap' from project 'TravelTap')
    cd /Users/erders/Documents/TravelTap
    

SwiftCompile normal arm64 /Users/erders/Documents/TravelTap/TravelTap/Data/Countries/SouthAmerica/Peru/Cities/ChachapoyasAttractions.swift (in target 'TravelTap' from project 'TravelTap')
    cd /Users/erders/Documents/TravelTap
    

SwiftCompile normal arm64 /Users/erders/Documents/TravelTap/TravelTap/Data/Countries/SouthAmerica/Peru/Cities/ChiclayoAttractions.swift (in target 'TravelTap' from project 'TravelTap')
    cd /Users/erders/Documents/TravelTap
    

SwiftCompile normal arm64 /Users/erders/Documents/TravelTap/TravelTap/Data/Countries/SouthAmerica/Peru/Cities/CuscoAttractions.swift (in target 'TravelTap' from project 'TravelTap')
    cd /Users/erders/Documents/TravelTap
    

SwiftCompile normal arm64 /Users/erders/Documents/TravelTap/TravelTap/Data/Countries/SouthAmerica/Peru/Cities/HuacachinaAttractions.swift (in target 'TravelTap' from project 'TravelTap')
    cd /Users/erders/Documents/TravelTap
    

SwiftCompile normal arm64 /Users/erders/Documents/TravelTap/TravelTap/Data/Countries/SouthAmerica/Peru/Cities/HuarazAttractions.swift (in target 'TravelTap' from project 'TravelTap')
    cd /Users/erders/Documents/TravelTap
    

SwiftCompile normal arm64 /Users/erders/Documents/TravelTap/TravelTap/Data/Countries/SouthAmerica/Peru/Cities/IquitosAmazonAttractions.swift (in target 'TravelTap' from project 'TravelTap')
    cd /Users/erders/Documents/TravelTap
    

SwiftCompile normal arm64 /Users/erders/Documents/TravelTap/TravelTap/Data/Countries/SouthAmerica/Peru/Cities/LakeTiticacaAttractions.swift (in target 'TravelTap' from project 'TravelTap')
    cd /Users/erders/Documents/TravelTap
    

SwiftCompile normal arm64 /Users/erders/Documents/TravelTap/TravelTap/Data/Countries/SouthAmerica/Peru/Cities/LimaAttractions.swift (in target 'TravelTap' from project 'TravelTap')
    cd /Users/erders/Documents/TravelTap
    

SwiftCompile normal arm64 /Users/erders/Documents/TravelTap/TravelTap/Data/Countries/SouthAmerica/Peru/Cities/MachuPicchuAttractions.swift (in target 'TravelTap' from project 'TravelTap')
    cd /Users/erders/Documents/TravelTap
    

SwiftCompile normal arm64 /Users/erders/Documents/TravelTap/TravelTap/Data/Countries/SouthAmerica/Peru/Cities/MancoraAttractions.swift (in target 'TravelTap' from project 'TravelTap')
    cd /Users/erders/Documents/TravelTap
    

SwiftCompile normal arm64 /Users/erders/Documents/TravelTap/TravelTap/Data/Countries/SouthAmerica/Peru/Cities/NazcaAttractions.swift (in target 'TravelTap' from project 'TravelTap')
    cd /Users/erders/Documents/TravelTap
    

SwiftCompile normal arm64 /Users/erders/Documents/TravelTap/TravelTap/Data/Countries/SouthAmerica/Peru/Cities/ParacasAttractions.swift (in target 'TravelTap' from project 'TravelTap')
    cd /Users/erders/Documents/TravelTap
    

SwiftCompile normal arm64 /Users/erders/Documents/TravelTap/TravelTap/Data/Countries/SouthAmerica/Peru/Cities/PuertoMaldonadoAmazonAttractions.swift (in target 'TravelTap' from project 'TravelTap')
    cd /Users/erders/Documents/TravelTap
    

SwiftCompile normal arm64 /Users/erders/Documents/TravelTap/TravelTap/Data/Countries/SouthAmerica/Peru/Cities/SacredValleyAttractions.swift (in target 'TravelTap' from project 'TravelTap')
    cd /Users/erders/Documents/TravelTap
    

SwiftCompile normal arm64 /Users/erders/Documents/TravelTap/TravelTap/Data/Countries/SouthAmerica/Peru/Cities/TrujilloAttractions.swift (in target 'TravelTap' from project 'TravelTap')
    cd /Users/erders/Documents/TravelTap
    

SwiftCompile normal arm64 /Users/erders/Documents/TravelTap/TravelTap/Data/Countries/SouthAmerica/Peru/PeruPackage.swift (in target 'TravelTap' from project 'TravelTap')
    cd /Users/erders/Documents/TravelTap
    

SwiftCompile normal arm64 /Users/erders/Documents/TravelTap/TravelTap/Data/Countries/SouthAmerica/Suriname/Cities/AlbinaAttractions.swift (in target 'TravelTap' from project 'TravelTap')
    cd /Users/erders/Documents/TravelTap
    

SwiftCompile normal arm64 /Users/erders/Documents/TravelTap/TravelTap/Data/Countries/SouthAmerica/Suriname/Cities/BrokopondoAttractions.swift (in target 'TravelTap' from project 'TravelTap')
    cd /Users/erders/Documents/TravelTap
    

SwiftDriverJobDiscovery normal arm64 Compiling VisAttractions.swift, MljetAttractions.swift, OpatijaAttractions.swift, RijekaAttractions.swift, PorecAttractions.swift, MotovunAttractions.swift, GroznjanAttractions.swift, IstrianHillTownsAttractions.swift, PaklenicaAttractions.swift, NorthernVelebitAttractions.swift, SamoborAttractions.swift, VarazdinAttractions.swift, OsijekAttractions.swift, CroatianBeachesAttractions.swift, BrnoAttractions.swift, CeskyKrumlovAttractions.swift, KarlovyVaryAttractions.swift, PragueAttractions.swift, CzechiaPackage.swift, AalborgAttractions.swift, AarhusAttractions.swift, CopenhagenAttractions.swift, OdenseAttractions.swift, DenmarkPackage.swift, BirminghamAttractions.swift (in target 'TravelTap' from project 'TravelTap')

SwiftCompile normal arm64 Compiling\ PerthshireAttractions.swift,\ PitlochryAttractions.swift,\ DundeeAttractions.swift,\ OuterHebridesAttractions.swift,\ IsleOfSkyeAttractions.swift,\ GlencoeAttractions.swift,\ LochNessAttractions.swift,\ DumfriesAndGallowayAttractions.swift,\ CairngormsAttractions.swift,\ ScottishBordersAttractions.swift,\ FortWilliamAttractions.swift,\ LochLomondAttractions.swift,\ BohemianSwitzerlandAttractions.swift,\ ZnojmoAttractions.swift,\ HradecKraloveAttractions.swift,\ HlubokaAttractions.swift,\ TrebicAttractions.swift,\ LoketAttractions.swift,\ KonopisteAttractions.swift,\ LitomyslAttractions.swift,\ OstravaAttractions.swift,\ RoudniceAttractions.swift,\ MikulovAttractions.swift,\ KutnaHoraAttractions.swift,\ LiberecAttractions.swift /Users/erders/Documents/TravelTap/TravelTap/Data/Countries/Europe/Scotland/Cities/PerthshireAttractions.swift /Users/erders/Documents/TravelTap/TravelTap/Data/Countries/Europe/Scotland/Cities/PitlochryAttractions.swift /Users/erders/Documents/TravelTap/TravelTap/Data/Countries/Europe/Scotland/Cities/DundeeAttractions.swift /Users/erders/Documents/TravelTap/TravelTap/Data/Countries/Europe/Scotland/Cities/OuterHebridesAttractions.swift /Users/erders/Documents/TravelTap/TravelTap/Data/Countries/Europe/Scotland/Cities/IsleOfSkyeAttractions.swift /Users/erders/Documents/TravelTap/TravelTap/Data/Countries/Europe/Scotland/Cities/GlencoeAttractions.swift /Users/erders/Documents/TravelTap/TravelTap/Data/Countries/Europe/Scotland/Cities/LochNessAttractions.swift /Users/erders/Documents/TravelTap/TravelTap/Data/Countries/Europe/Scotland/Cities/DumfriesAndGallowayAttractions.swift /Users/erders/Documents/TravelTap/TravelTap/Data/Countries/Europe/Scotland/Cities/CairngormsAttractions.swift /Users/erders/Documents/TravelTap/TravelTap/Data/Countries/Europe/Scotland/Cities/ScottishBordersAttractions.swift /Users/erders/Documents/TravelTap/TravelTap/Data/Countries/Europe/Scotland/Cities/FortWilliamAttractions.swift /Users/erders/Documents/TravelTap/TravelTap/Data/Countries/Europe/Scotland/Cities/LochLomondAttractions.swift /Users/erders/Documents/TravelTap/TravelTap/Data/Countries/Europe/Czechia/Cities/BohemianSwitzerlandAttractions.swift /Users/erders/Documents/TravelTap/TravelTap/Data/Countries/Europe/Czechia/Cities/ZnojmoAttractions.swift /Users/erders/Documents/TravelTap/TravelTap/Data/Countries/Europe/Czechia/Cities/HradecKraloveAttractions.swift /Users/erders/Documents/TravelTap/TravelTap/Data/Countries/Europe/Czechia/Cities/HlubokaAttractions.swift /Users/erders/Documents/TravelTap/TravelTap/Data/Countries/Europe/Czechia/Cities/TrebicAttractions.swift /Users/erders/Documents/TravelTap/TravelTap/Data/Countries/Europe/Czechia/Cities/LoketAttractions.swift /Users/erders/Documents/TravelTap/TravelTap/Data/Countries/Europe/Czechia/Cities/KonopisteAttractions.swift /Users/erders/Documents/TravelTap/TravelTap/Data/Countries/Europe/Czechia/Cities/LitomyslAttractions.swift /Users/erders/Documents/TravelTap/TravelTap/Data/Countries/Europe/Czechia/Cities/OstravaAttractions.swift /Users/erders/Documents/TravelTap/TravelTap/Data/Countries/Europe/Czechia/Cities/RoudniceAttractions.swift /Users/erders/Documents/TravelTap/TravelTap/Data/Countries/Europe/Czechia/Cities/MikulovAttractions.swift /Users/erders/Documents/TravelTap/TravelTap/Data/Countries/Europe/Czechia/Cities/KutnaHoraAttractions.swift /Users/erders/Documents/TravelTap/TravelTap/Data/Countries/Europe/Czechia/Cities/LiberecAttractions.swift (in target 'TravelTap' from project 'TravelTap')

SwiftCompile normal arm64 /Users/erders/Documents/TravelTap/TravelTap/Data/Countries/Europe/Scotland/Cities/PerthshireAttractions.swift (in target 'TravelTap' from project 'TravelTap')
    cd /Users/erders/Documents/TravelTap
    

SwiftCompile normal arm64 /Users/erders/Documents/TravelTap/TravelTap/Data/Countries/Europe/Scotland/Cities/PitlochryAttractions.swift (in target 'TravelTap' from project 'TravelTap')
    cd /Users/erders/Documents/TravelTap
    

SwiftCompile normal arm64 /Users/erders/Documents/TravelTap/TravelTap/Data/Countries/Europe/Scotland/Cities/DundeeAttractions.swift (in target 'TravelTap' from project 'TravelTap')
    cd /Users/erders/Documents/TravelTap
    

SwiftCompile normal arm64 /Users/erders/Documents/TravelTap/TravelTap/Data/Countries/Europe/Scotland/Cities/OuterHebridesAttractions.swift (in target 'TravelTap' from project 'TravelTap')
    cd /Users/erders/Documents/TravelTap
    

SwiftCompile normal arm64 /Users/erders/Documents/TravelTap/TravelTap/Data/Countries/Europe/Scotland/Cities/IsleOfSkyeAttractions.swift (in target 'TravelTap' from project 'TravelTap')
    cd /Users/erders/Documents/TravelTap
    

SwiftCompile normal arm64 /Users/erders/Documents/TravelTap/TravelTap/Data/Countries/Europe/Scotland/Cities/GlencoeAttractions.swift (in target 'TravelTap' from project 'TravelTap')
    cd /Users/erders/Documents/TravelTap
    

SwiftCompile normal arm64 /Users/erders/Documents/TravelTap/TravelTap/Data/Countries/Europe/Scotland/Cities/LochNessAttractions.swift (in target 'TravelTap' from project 'TravelTap')
    cd /Users/erders/Documents/TravelTap
    

SwiftCompile normal arm64 /Users/erders/Documents/TravelTap/TravelTap/Data/Countries/Europe/Scotland/Cities/DumfriesAndGallowayAttractions.swift (in target 'TravelTap' from project 'TravelTap')
    cd /Users/erders/Documents/TravelTap
    

SwiftCompile normal arm64 /Users/erders/Documents/TravelTap/TravelTap/Data/Countries/Europe/Scotland/Cities/CairngormsAttractions.swift (in target 'TravelTap' from project 'TravelTap')
    cd /Users/erders/Documents/TravelTap
    

SwiftCompile normal arm64 /Users/erders/Documents/TravelTap/TravelTap/Data/Countries/Europe/Scotland/Cities/ScottishBordersAttractions.swift (in target 'TravelTap' from project 'TravelTap')
    cd /Users/erders/Documents/TravelTap
    

SwiftCompile normal arm64 /Users/erders/Documents/TravelTap/TravelTap/Data/Countries/Europe/Scotland/Cities/FortWilliamAttractions.swift (in target 'TravelTap' from project 'TravelTap')
    cd /Users/erders/Documents/TravelTap
    

SwiftCompile normal arm64 /Users/erders/Documents/TravelTap/TravelTap/Data/Countries/Europe/Scotland/Cities/LochLomondAttractions.swift (in target 'TravelTap' from project 'TravelTap')
    cd /Users/erders/Documents/TravelTap
    

SwiftCompile normal arm64 /Users/erders/Documents/TravelTap/TravelTap/Data/Countries/Europe/Czechia/Cities/BohemianSwitzerlandAttractions.swift (in target 'TravelTap' from project 'TravelTap')
    cd /Users/erders/Documents/TravelTap
    

SwiftCompile normal arm64 /Users/erders/Documents/TravelTap/TravelTap/Data/Countries/Europe/Czechia/Cities/ZnojmoAttractions.swift (in target 'TravelTap' from project 'TravelTap')
    cd /Users/erders/Documents/TravelTap
    

SwiftCompile normal arm64 /Users/erders/Documents/TravelTap/TravelTap/Data/Countries/Europe/Czechia/Cities/HradecKraloveAttractions.swift (in target 'TravelTap' from project 'TravelTap')
    cd /Users/erders/Documents/TravelTap
    

SwiftCompile normal arm64 /Users/erders/Documents/TravelTap/TravelTap/Data/Countries/Europe/Czechia/Cities/HlubokaAttractions.swift (in target 'TravelTap' from project 'TravelTap')
    cd /Users/erders/Documents/TravelTap
    

SwiftCompile normal arm64 /Users/erders/Documents/TravelTap/TravelTap/Data/Countries/Europe/Czechia/Cities/TrebicAttractions.swift (in target 'TravelTap' from project 'TravelTap')
    cd /Users/erders/Documents/TravelTap
    

SwiftCompile normal arm64 /Users/erders/Documents/TravelTap/TravelTap/Data/Countries/Europe/Czechia/Cities/LoketAttractions.swift (in target 'TravelTap' from project 'TravelTap')
    cd /Users/erders/Documents/TravelTap
    

SwiftCompile normal arm64 /Users/erders/Documents/TravelTap/TravelTap/Data/Countries/Europe/Czechia/Cities/KonopisteAttractions.swift (in target 'TravelTap' from project 'TravelTap')
    cd /Users/erders/Documents/TravelTap
    

SwiftCompile normal arm64 /Users/erders/Documents/TravelTap/TravelTap/Data/Countries/Europe/Czechia/Cities/LitomyslAttractions.swift (in target 'TravelTap' from project 'TravelTap')
    cd /Users/erders/Documents/TravelTap
    

SwiftCompile normal arm64 /Users/erders/Documents/TravelTap/TravelTap/Data/Countries/Europe/Czechia/Cities/OstravaAttractions.swift (in target 'TravelTap' from project 'TravelTap')
    cd /Users/erders/Documents/TravelTap
    

SwiftCompile normal arm64 /Users/erders/Documents/TravelTap/TravelTap/Data/Countries/Europe/Czechia/Cities/RoudniceAttractions.swift (in target 'TravelTap' from project 'TravelTap')
    cd /Users/erders/Documents/TravelTap
    

SwiftCompile normal arm64 /Users/erders/Documents/TravelTap/TravelTap/Data/Countries/Europe/Czechia/Cities/MikulovAttractions.swift (in target 'TravelTap' from project 'TravelTap')
    cd /Users/erders/Documents/TravelTap
    

SwiftCompile normal arm64 /Users/erders/Documents/TravelTap/TravelTap/Data/Countries/Europe/Czechia/Cities/KutnaHoraAttractions.swift (in target 'TravelTap' from project 'TravelTap')
    cd /Users/erders/Documents/TravelTap
    

SwiftCompile normal arm64 /Users/erders/Documents/TravelTap/TravelTap/Data/Countries/Europe/Czechia/Cities/LiberecAttractions.swift (in target 'TravelTap' from project 'TravelTap')
    cd /Users/erders/Documents/TravelTap
    

SwiftDriverJobDiscovery normal arm64 Compiling WashingtonDCAttractions.swift, WyomingAttractions.swift, USAPackage.swift, AustraliaPackage.swift, AdelaideAttractions.swift, AliceSpringsAttractions.swift, BarossaValleyAttractions.swift, BayOfFiresAttractions.swift, BlueMountainsAttractions.swift, BrisbaneAttractions.swift, BroomeAttractions.swift, BrunyIslandAttractions.swift, CairnsAttractions.swift, CentralTasmaniaAttractions.swift, CradleMountainAttractions.swift, DarwinAttractions.swift, EsperanceAttractions.swift, FlindersIslandAttractions.swift, FlindersRangesAttractions.swift, FreycinetAttractions.swift, GoldCoastAttractions.swift, GreatOceanRoadAttractions.swift, HobartAttractions.swift, HuonValleyAttractions.swift, KakaduAttractions.swift (in target 'TravelTap' from project 'TravelTap')

SwiftCompile normal arm64 Compiling\ CausewayCoastAttractions.swift,\ TheBurrenAttractions.swift,\ DinglePeninsulaAttractions.swift,\ KildareAttractions.swift,\ AranIslandsAttractions.swift,\ WicklowAttractions.swift,\ DroghedaAttractions.swift,\ MeathAttractions.swift,\ ConnemaraAttractions.swift,\ SligoAttractions.swift,\ DonegalAttractions.swift,\ RingOfKerryAttractions.swift,\ CashelAttractions.swift,\ KilkennyAttractions.swift,\ CliffsOfMoherAttractions.swift,\ WexfordAttractions.swift,\ ClonmacnoiseAttractions.swift,\ WaterfordAttractions.swift,\ StirlingAttractions.swift,\ IslayAttractions.swift,\ AyrAttractions.swift,\ ObanAttractions.swift,\ OrkneyIslandsAttractions.swift,\ AberdeenAttractions.swift,\ ShetlandIslandsAttractions.swift /Users/erders/Documents/TravelTap/TravelTap/Data/Countries/Europe/NorthernIreland/Cities/CausewayCoastAttractions.swift /Users/erders/Documents/TravelTap/TravelTap/Data/Countries/Europe/Ireland/Cities/TheBurrenAttractions.swift /Users/erders/Documents/TravelTap/TravelTap/Data/Countries/Europe/Ireland/Cities/DinglePeninsulaAttractions.swift /Users/erders/Documents/TravelTap/TravelTap/Data/Countries/Europe/Ireland/Cities/KildareAttractions.swift /Users/erders/Documents/TravelTap/TravelTap/Data/Countries/Europe/Ireland/Cities/AranIslandsAttractions.swift /Users/erders/Documents/TravelTap/TravelTap/Data/Countries/Europe/Ireland/Cities/WicklowAttractions.swift /Users/erders/Documents/TravelTap/TravelTap/Data/Countries/Europe/Ireland/Cities/DroghedaAttractions.swift /Users/erders/Documents/TravelTap/TravelTap/Data/Countries/Europe/Ireland/Cities/MeathAttractions.swift /Users/erders/Documents/TravelTap/TravelTap/Data/Countries/Europe/Ireland/Cities/ConnemaraAttractions.swift /Users/erders/Documents/TravelTap/TravelTap/Data/Countries/Europe/Ireland/Cities/SligoAttractions.swift /Users/erders/Documents/TravelTap/TravelTap/Data/Countries/Europe/Ireland/Cities/DonegalAttractions.swift /Users/erders/Documents/TravelTap/TravelTap/Data/Countries/Europe/Ireland/Cities/RingOfKerryAttractions.swift /Users/erders/Documents/TravelTap/TravelTap/Data/Countries/Europe/Ireland/Cities/CashelAttractions.swift /Users/erders/Documents/TravelTap/TravelTap/Data/Countries/Europe/Ireland/Cities/KilkennyAttractions.swift /Users/erders/Documents/TravelTap/TravelTap/Data/Countries/Europe/Ireland/Cities/CliffsOfMoherAttractions.swift /Users/erders/Documents/TravelTap/TravelTap/Data/Countries/Europe/Ireland/Cities/WexfordAttractions.swift /Users/erders/Documents/TravelTap/TravelTap/Data/Countries/Europe/Ireland/Cities/ClonmacnoiseAttractions.swift /Users/erders/Documents/TravelTap/TravelTap/Data/Countries/Europe/Ireland/Cities/WaterfordAttractions.swift /Users/erders/Documents/TravelTap/TravelTap/Data/Countries/Europe/Scotland/Cities/StirlingAttractions.swift /Users/erders/Documents/TravelTap/TravelTap/Data/Countries/Europe/Scotland/Cities/IslayAttractions.swift /Users/erders/Documents/TravelTap/TravelTap/Data/Countries/Europe/Scotland/Cities/AyrAttractions.swift /Users/erders/Documents/TravelTap/TravelTap/Data/Countries/Europe/Scotland/Cities/ObanAttractions.swift /Users/erders/Documents/TravelTap/TravelTap/Data/Countries/Europe/Scotland/Cities/OrkneyIslandsAttractions.swift /Users/erders/Documents/TravelTap/TravelTap/Data/Countries/Europe/Scotland/Cities/AberdeenAttractions.swift /Users/erders/Documents/TravelTap/TravelTap/Data/Countries/Europe/Scotland/Cities/ShetlandIslandsAttractions.swift (in target 'TravelTap' from project 'TravelTap')

SwiftCompile normal arm64 /Users/erders/Documents/TravelTap/TravelTap/Data/Countries/Europe/NorthernIreland/Cities/CausewayCoastAttractions.swift (in target 'TravelTap' from project 'TravelTap')
    cd /Users/erders/Documents/TravelTap
    

SwiftCompile normal arm64 /Users/erders/Documents/TravelTap/TravelTap/Data/Countries/Europe/Ireland/Cities/TheBurrenAttractions.swift (in target 'TravelTap' from project 'TravelTap')
    cd /Users/erders/Documents/TravelTap
    

SwiftCompile normal arm64 /Users/erders/Documents/TravelTap/TravelTap/Data/Countries/Europe/Ireland/Cities/DinglePeninsulaAttractions.swift (in target 'TravelTap' from project 'TravelTap')
    cd /Users/erders/Documents/TravelTap
    

SwiftCompile normal arm64 /Users/erders/Documents/TravelTap/TravelTap/Data/Countries/Europe/Ireland/Cities/KildareAttractions.swift (in target 'TravelTap' from project 'TravelTap')
    cd /Users/erders/Documents/TravelTap
    

SwiftCompile normal arm64 /Users/erders/Documents/TravelTap/TravelTap/Data/Countries/Europe/Ireland/Cities/AranIslandsAttractions.swift (in target 'TravelTap' from project 'TravelTap')
    cd /Users/erders/Documents/TravelTap
    

SwiftCompile normal arm64 /Users/erders/Documents/TravelTap/TravelTap/Data/Countries/Europe/Ireland/Cities/WicklowAttractions.swift (in target 'TravelTap' from project 'TravelTap')
    cd /Users/erders/Documents/TravelTap
    

SwiftCompile normal arm64 /Users/erders/Documents/TravelTap/TravelTap/Data/Countries/Europe/Ireland/Cities/DroghedaAttractions.swift (in target 'TravelTap' from project 'TravelTap')
    cd /Users/erders/Documents/TravelTap
    

SwiftCompile normal arm64 /Users/erders/Documents/TravelTap/TravelTap/Data/Countries/Europe/Ireland/Cities/MeathAttractions.swift (in target 'TravelTap' from project 'TravelTap')
    cd /Users/erders/Documents/TravelTap
    

SwiftCompile normal arm64 /Users/erders/Documents/TravelTap/TravelTap/Data/Countries/Europe/Ireland/Cities/ConnemaraAttractions.swift (in target 'TravelTap' from project 'TravelTap')
    cd /Users/erders/Documents/TravelTap
    

SwiftCompile normal arm64 /Users/erders/Documents/TravelTap/TravelTap/Data/Countries/Europe/Ireland/Cities/SligoAttractions.swift (in target 'TravelTap' from project 'TravelTap')
    cd /Users/erders/Documents/TravelTap
    

SwiftCompile normal arm64 /Users/erders/Documents/TravelTap/TravelTap/Data/Countries/Europe/Ireland/Cities/DonegalAttractions.swift (in target 'TravelTap' from project 'TravelTap')
    cd /Users/erders/Documents/TravelTap
    

SwiftCompile normal arm64 /Users/erders/Documents/TravelTap/TravelTap/Data/Countries/Europe/Ireland/Cities/RingOfKerryAttractions.swift (in target 'TravelTap' from project 'TravelTap')
    cd /Users/erders/Documents/TravelTap
    

SwiftCompile normal arm64 /Users/erders/Documents/TravelTap/TravelTap/Data/Countries/Europe/Ireland/Cities/CashelAttractions.swift (in target 'TravelTap' from project 'TravelTap')
    cd /Users/erders/Documents/TravelTap
    

SwiftCompile normal arm64 /Users/erders/Documents/TravelTap/TravelTap/Data/Countries/Europe/Ireland/Cities/KilkennyAttractions.swift (in target 'TravelTap' from project 'TravelTap')
    cd /Users/erders/Documents/TravelTap
    

SwiftCompile normal arm64 /Users/erders/Documents/TravelTap/TravelTap/Data/Countries/Europe/Ireland/Cities/CliffsOfMoherAttractions.swift (in target 'TravelTap' from project 'TravelTap')
    cd /Users/erders/Documents/TravelTap
    

SwiftCompile normal arm64 /Users/erders/Documents/TravelTap/TravelTap/Data/Countries/Europe/Ireland/Cities/WexfordAttractions.swift (in target 'TravelTap' from project 'TravelTap')
    cd /Users/erders/Documents/TravelTap
    

SwiftCompile normal arm64 /Users/erders/Documents/TravelTap/TravelTap/Data/Countries/Europe/Ireland/Cities/ClonmacnoiseAttractions.swift (in target 'TravelTap' from project 'TravelTap')
    cd /Users/erders/Documents/TravelTap
    

SwiftCompile normal arm64 /Users/erders/Documents/TravelTap/TravelTap/Data/Countries/Europe/Ireland/Cities/WaterfordAttractions.swift (in target 'TravelTap' from project 'TravelTap')
    cd /Users/erders/Documents/TravelTap
    

SwiftCompile normal arm64 /Users/erders/Documents/TravelTap/TravelTap/Data/Countries/Europe/Scotland/Cities/StirlingAttractions.swift (in target 'TravelTap' from project 'TravelTap')
    cd /Users/erders/Documents/TravelTap
    

SwiftCompile normal arm64 /Users/erders/Documents/TravelTap/TravelTap/Data/Countries/Europe/Scotland/Cities/IslayAttractions.swift (in target 'TravelTap' from project 'TravelTap')
    cd /Users/erders/Documents/TravelTap
    

SwiftCompile normal arm64 /Users/erders/Documents/TravelTap/TravelTap/Data/Countries/Europe/Scotland/Cities/AyrAttractions.swift (in target 'TravelTap' from project 'TravelTap')
    cd /Users/erders/Documents/TravelTap
    

SwiftCompile normal arm64 /Users/erders/Documents/TravelTap/TravelTap/Data/Countries/Europe/Scotland/Cities/ObanAttractions.swift (in target 'TravelTap' from project 'TravelTap')
    cd /Users/erders/Documents/TravelTap
    

SwiftCompile normal arm64 /Users/erders/Documents/TravelTap/TravelTap/Data/Countries/Europe/Scotland/Cities/OrkneyIslandsAttractions.swift (in target 'TravelTap' from project 'TravelTap')
    cd /Users/erders/Documents/TravelTap
    

SwiftCompile normal arm64 /Users/erders/Documents/TravelTap/TravelTap/Data/Countries/Europe/Scotland/Cities/AberdeenAttractions.swift (in target 'TravelTap' from project 'TravelTap')
    cd /Users/erders/Documents/TravelTap
    

SwiftCompile normal arm64 /Users/erders/Documents/TravelTap/TravelTap/Data/Countries/Europe/Scotland/Cities/ShetlandIslandsAttractions.swift (in target 'TravelTap' from project 'TravelTap')
    cd /Users/erders/Documents/TravelTap
    

SwiftDriverJobDiscovery normal arm64 Compiling SzekesfehervarAttractions.swift, VeszpremAttractions.swift, AkureyriAttractions.swift, ReykjavikAttractions.swift, VikAttractions.swift, IcelandPackage.swift, CorkAttractions.swift, DublinAttractions.swift, GalwayAttractions.swift, KillarneyAttractions.swift, LimerickAttractions.swift, IrelandPackage.swift, AmalfiCoastAttractions.swift, CentralItalyAttractions.swift, CinqueTerreAttractions.swift, DolomitesAttractions.swift, FlorenceAttractions.swift, MilanAttractions.swift, NaplesAttractions.swift, PisaAttractions.swift, RomeAttractions.swift, SicilyAttractions.swift, SouthernItalyAttractions.swift, TuscanyRegionAttractions.swift, VeniceAttractions.swift (in target 'TravelTap' from project 'TravelTap')

SwiftCompile normal arm64 Compiling\ StudenicaAttractions.swift,\ ZrenjaninAttractions.swift,\ SomborAttractions.swift,\ ManasijaAttractions.swift,\ DjavoljaVarosAttractions.swift,\ GolubacAttractions.swift,\ VrnjackaBanjaAttractions.swift,\ SremskaMitrovicaAttractions.swift,\ TaraAttractions.swift,\ KrusevacAttractions.swift,\ OplenacAttractions.swift,\ SmederevoAttractions.swift,\ KopaonikAttractions.swift,\ DjerdapAttractions.swift,\ PrijepoljeAttractions.swift,\ ZlatiborAttractions.swift,\ HimareAttractions.swift,\ VloreAttractions.swift,\ DurresAttractions.swift,\ ApolloniaAttractions.swift,\ ThethAttractions.swift,\ KrujeAttractions.swift,\ ValbonaAttractions.swift,\ KorceAttractions.swift /Users/erders/Documents/TravelTap/TravelTap/Data/Countries/Europe/Serbia/Cities/StudenicaAttractions.swift /Users/erders/Documents/TravelTap/TravelTap/Data/Countries/Europe/Serbia/Cities/ZrenjaninAttractions.swift /Users/erders/Documents/TravelTap/TravelTap/Data/Countries/Europe/Serbia/Cities/SomborAttractions.swift /Users/erders/Documents/TravelTap/TravelTap/Data/Countries/Europe/Serbia/Cities/ManasijaAttractions.swift /Users/erders/Documents/TravelTap/TravelTap/Data/Countries/Europe/Serbia/Cities/DjavoljaVarosAttractions.swift /Users/erders/Documents/TravelTap/TravelTap/Data/Countries/Europe/Serbia/Cities/GolubacAttractions.swift /Users/erders/Documents/TravelTap/TravelTap/Data/Countries/Europe/Serbia/Cities/VrnjackaBanjaAttractions.swift /Users/erders/Documents/TravelTap/TravelTap/Data/Countries/Europe/Serbia/Cities/SremskaMitrovicaAttractions.swift /Users/erders/Documents/TravelTap/TravelTap/Data/Countries/Europe/Serbia/Cities/TaraAttractions.swift /Users/erders/Documents/TravelTap/TravelTap/Data/Countries/Europe/Serbia/Cities/KrusevacAttractions.swift /Users/erders/Documents/TravelTap/TravelTap/Data/Countries/Europe/Serbia/Cities/OplenacAttractions.swift /Users/erders/Documents/TravelTap/TravelTap/Data/Countries/Europe/Serbia/Cities/SmederevoAttractions.swift /Users/erders/Documents/TravelTap/TravelTap/Data/Countries/Europe/Serbia/Cities/KopaonikAttractions.swift /Users/erders/Documents/TravelTap/TravelTap/Data/Countries/Europe/Serbia/Cities/DjerdapAttractions.swift /Users/erders/Documents/TravelTap/TravelTap/Data/Countries/Europe/Serbia/Cities/PrijepoljeAttractions.swift /Users/erders/Documents/TravelTap/TravelTap/Data/Countries/Europe/Serbia/Cities/ZlatiborAttractions.swift /Users/erders/Documents/TravelTap/TravelTap/Data/Countries/Europe/Albania/Cities/HimareAttractions.swift /Users/erders/Documents/TravelTap/TravelTap/Data/Countries/Europe/Albania/Cities/VloreAttractions.swift /Users/erders/Documents/TravelTap/TravelTap/Data/Countries/Europe/Albania/Cities/DurresAttractions.swift /Users/erders/Documents/TravelTap/TravelTap/Data/Countries/Europe/Albania/Cities/ApolloniaAttractions.swift /Users/erders/Documents/TravelTap/TravelTap/Data/Countries/Europe/Albania/Cities/ThethAttractions.swift /Users/erders/Documents/TravelTap/TravelTap/Data/Countries/Europe/Albania/Cities/KrujeAttractions.swift /Users/erders/Documents/TravelTap/TravelTap/Data/Countries/Europe/Albania/Cities/ValbonaAttractions.swift /Users/erders/Documents/TravelTap/TravelTap/Data/Countries/Europe/Albania/Cities/KorceAttractions.swift (in target 'TravelTap' from project 'TravelTap')

SwiftCompile normal arm64 /Users/erders/Documents/TravelTap/TravelTap/Data/Countries/Europe/Serbia/Cities/StudenicaAttractions.swift (in target 'TravelTap' from project 'TravelTap')
    cd /Users/erders/Documents/TravelTap
    

SwiftCompile normal arm64 /Users/erders/Documents/TravelTap/TravelTap/Data/Countries/Europe/Serbia/Cities/ZrenjaninAttractions.swift (in target 'TravelTap' from project 'TravelTap')
    cd /Users/erders/Documents/TravelTap
    

SwiftCompile normal arm64 /Users/erders/Documents/TravelTap/TravelTap/Data/Countries/Europe/Serbia/Cities/SomborAttractions.swift (in target 'TravelTap' from project 'TravelTap')
    cd /Users/erders/Documents/TravelTap
    

SwiftCompile normal arm64 /Users/erders/Documents/TravelTap/TravelTap/Data/Countries/Europe/Serbia/Cities/ManasijaAttractions.swift (in target 'TravelTap' from project 'TravelTap')
    cd /Users/erders/Documents/TravelTap
    

SwiftCompile normal arm64 /Users/erders/Documents/TravelTap/TravelTap/Data/Countries/Europe/Serbia/Cities/DjavoljaVarosAttractions.swift (in target 'TravelTap' from project 'TravelTap')
    cd /Users/erders/Documents/TravelTap
    

SwiftCompile normal arm64 /Users/erders/Documents/TravelTap/TravelTap/Data/Countries/Europe/Serbia/Cities/GolubacAttractions.swift (in target 'TravelTap' from project 'TravelTap')
    cd /Users/erders/Documents/TravelTap
    

SwiftCompile normal arm64 /Users/erders/Documents/TravelTap/TravelTap/Data/Countries/Europe/Serbia/Cities/VrnjackaBanjaAttractions.swift (in target 'TravelTap' from project 'TravelTap')
    cd /Users/erders/Documents/TravelTap
    

SwiftCompile normal arm64 /Users/erders/Documents/TravelTap/TravelTap/Data/Countries/Europe/Serbia/Cities/SremskaMitrovicaAttractions.swift (in target 'TravelTap' from project 'TravelTap')
    cd /Users/erders/Documents/TravelTap
    

SwiftCompile normal arm64 /Users/erders/Documents/TravelTap/TravelTap/Data/Countries/Europe/Serbia/Cities/TaraAttractions.swift (in target 'TravelTap' from project 'TravelTap')
    cd /Users/erders/Documents/TravelTap
    

SwiftCompile normal arm64 /Users/erders/Documents/TravelTap/TravelTap/Data/Countries/Europe/Serbia/Cities/KrusevacAttractions.swift (in target 'TravelTap' from project 'TravelTap')
    cd /Users/erders/Documents/TravelTap
    

SwiftCompile normal arm64 /Users/erders/Documents/TravelTap/TravelTap/Data/Countries/Europe/Serbia/Cities/OplenacAttractions.swift (in target 'TravelTap' from project 'TravelTap')
    cd /Users/erders/Documents/TravelTap
    

SwiftCompile normal arm64 /Users/erders/Documents/TravelTap/TravelTap/Data/Countries/Europe/Serbia/Cities/SmederevoAttractions.swift (in target 'TravelTap' from project 'TravelTap')
    cd /Users/erders/Documents/TravelTap
    

SwiftCompile normal arm64 /Users/erders/Documents/TravelTap/TravelTap/Data/Countries/Europe/Serbia/Cities/KopaonikAttractions.swift (in target 'TravelTap' from project 'TravelTap')
    cd /Users/erders/Documents/TravelTap
    

SwiftCompile normal arm64 /Users/erders/Documents/TravelTap/TravelTap/Data/Countries/Europe/Serbia/Cities/DjerdapAttractions.swift (in target 'TravelTap' from project 'TravelTap')
    cd /Users/erders/Documents/TravelTap
    

SwiftCompile normal arm64 /Users/erders/Documents/TravelTap/TravelTap/Data/Countries/Europe/Serbia/Cities/PrijepoljeAttractions.swift (in target 'TravelTap' from project 'TravelTap')
    cd /Users/erders/Documents/TravelTap
    

SwiftCompile normal arm64 /Users/erders/Documents/TravelTap/TravelTap/Data/Countries/Europe/Serbia/Cities/ZlatiborAttractions.swift (in target 'TravelTap' from project 'TravelTap')
    cd /Users/erders/Documents/TravelTap
    

SwiftCompile normal arm64 /Users/erders/Documents/TravelTap/TravelTap/Data/Countries/Europe/Albania/Cities/HimareAttractions.swift (in target 'TravelTap' from project 'TravelTap')
    cd /Users/erders/Documents/TravelTap
    

SwiftCompile normal arm64 /Users/erders/Documents/TravelTap/TravelTap/Data/Countries/Europe/Albania/Cities/VloreAttractions.swift (in target 'TravelTap' from project 'TravelTap')
    cd /Users/erders/Documents/TravelTap
    

SwiftCompile normal arm64 /Users/erders/Documents/TravelTap/TravelTap/Data/Countries/Europe/Albania/Cities/DurresAttractions.swift (in target 'TravelTap' from project 'TravelTap')
    cd /Users/erders/Documents/TravelTap
    

SwiftCompile normal arm64 /Users/erders/Documents/TravelTap/TravelTap/Data/Countries/Europe/Albania/Cities/ApolloniaAttractions.swift (in target 'TravelTap' from project 'TravelTap')
    cd /Users/erders/Documents/TravelTap
    

SwiftCompile normal arm64 /Users/erders/Documents/TravelTap/TravelTap/Data/Countries/Europe/Albania/Cities/ThethAttractions.swift (in target 'TravelTap' from project 'TravelTap')
    cd /Users/erders/Documents/TravelTap
    

SwiftCompile normal arm64 /Users/erders/Documents/TravelTap/TravelTap/Data/Countries/Europe/Albania/Cities/KrujeAttractions.swift (in target 'TravelTap' from project 'TravelTap')
    cd /Users/erders/Documents/TravelTap
    

SwiftCompile normal arm64 /Users/erders/Documents/TravelTap/TravelTap/Data/Countries/Europe/Albania/Cities/ValbonaAttractions.swift (in target 'TravelTap' from project 'TravelTap')
    cd /Users/erders/Documents/TravelTap
    

SwiftCompile normal arm64 /Users/erders/Documents/TravelTap/TravelTap/Data/Countries/Europe/Albania/Cities/KorceAttractions.swift (in target 'TravelTap' from project 'TravelTap')
    cd /Users/erders/Documents/TravelTap
    

SwiftDriverJobDiscovery normal arm64 Compiling HikingTrailsAttractions.swift, TuenMunYuenLongAttractions.swift, CheungChauAttractions.swift, PengChauAttractions.swift, ShaTinAttractions.swift, LammaAttractions.swift, WanChaiAttractions.swift, CausewayBayAttractions.swift, LantauAttractions.swift, KowloonCityAttractions.swift, CentralWesternAttractions.swift, KuchingAttractions.swift, SandakanAttractions.swift, KotaKinabaluAttractions.swift, CameronHighlandsAttractions.swift, IpohAttractions.swift, SempornaAttractions.swift, MiriAttractions.swift, GentingHighlandsAttractions.swift, JohorBahruAttractions.swift, PutrajayaAttractions.swift, TamanNegaraAttractions.swift, RedangAttractions.swift, PerhentianIslandsAttractions.swift, TiomanAttractions.swift (in target 'TravelTap' from project 'TravelTap')

SwiftCompile normal arm64 Compiling\ CambridgeAttractions.swift,\ LeedsAttractions.swift,\ LiverpoolAttractions.swift,\ LondonAttractions.swift,\ ManchesterAttractions.swift,\ OxfordAttractions.swift,\ EnglandPackage.swift,\ ParnuAttractions.swift,\ TallinnAttractions.swift,\ TartuAttractions.swift,\ EstoniaPackage.swift,\ GasadalurAttractions.swift,\ TorshavnAttractions.swift,\ FaroeIslandsPackage.swift,\ HelsinkiAttractions.swift,\ RovaniemiAttractions.swift,\ TampereAttractions.swift,\ TurkuAttractions.swift,\ FinlandPackage.swift,\ SaariselkaAttractions.swift,\ LeviAttractions.swift,\ InariAttractions.swift,\ MuonioAttractions.swift,\ KemiAttractions.swift,\ KilpisjarviAttractions.swift /Users/erders/Documents/TravelTap/TravelTap/Data/Countries/Europe/England/Cities/CambridgeAttractions.swift /Users/erders/Documents/TravelTap/TravelTap/Data/Countries/Europe/England/Cities/LeedsAttractions.swift /Users/erders/Documents/TravelTap/TravelTap/Data/Countries/Europe/England/Cities/LiverpoolAttractions.swift /Users/erders/Documents/TravelTap/TravelTap/Data/Countries/Europe/England/Cities/LondonAttractions.swift /Users/erders/Documents/TravelTap/TravelTap/Data/Countries/Europe/England/Cities/ManchesterAttractions.swift /Users/erders/Documents/TravelTap/TravelTap/Data/Countries/Europe/England/Cities/OxfordAttractions.swift /Users/erders/Documents/TravelTap/TravelTap/Data/Countries/Europe/England/EnglandPackage.swift /Users/erders/Documents/TravelTap/TravelTap/Data/Countries/Europe/Estonia/Cities/ParnuAttractions.swift /Users/erders/Documents/TravelTap/TravelTap/Data/Countries/Europe/Estonia/Cities/TallinnAttractions.swift /Users/erders/Documents/TravelTap/TravelTap/Data/Countries/Europe/Estonia/Cities/TartuAttractions.swift /Users/erders/Documents/TravelTap/TravelTap/Data/Countries/Europe/Estonia/EstoniaPackage.swift /Users/erders/Documents/TravelTap/TravelTap/Data/Countries/Europe/FaroeIslands/Cities/GasadalurAttractions.swift /Users/erders/Documents/TravelTap/TravelTap/Data/Countries/Europe/FaroeIslands/Cities/TorshavnAttractions.swift /Users/erders/Documents/TravelTap/TravelTap/Data/Countries/Europe/FaroeIslands/FaroeIslandsPackage.swift /Users/erders/Documents/TravelTap/TravelTap/Data/Countries/Europe/Finland/Cities/HelsinkiAttractions.swift /Users/erders/Documents/TravelTap/TravelTap/Data/Countries/Europe/Finland/Cities/RovaniemiAttractions.swift /Users/erders/Documents/TravelTap/TravelTap/Data/Countries/Europe/Finland/Cities/TampereAttractions.swift /Users/erders/Documents/TravelTap/TravelTap/Data/Countries/Europe/Finland/Cities/TurkuAttractions.swift /Users/erders/Documents/TravelTap/TravelTap/Data/Countries/Europe/Finland/FinlandPackage.swift /Users/erders/Documents/TravelTap/TravelTap/Data/Countries/Europe/Finland/Cities/SaariselkaAttractions.swift /Users/erders/Documents/TravelTap/TravelTap/Data/Countries/Europe/Finland/Cities/LeviAttractions.swift /Users/erders/Documents/TravelTap/TravelTap/Data/Countries/Europe/Finland/Cities/InariAttractions.swift /Users/erders/Documents/TravelTap/TravelTap/Data/Countries/Europe/Finland/Cities/MuonioAttractions.swift /Users/erders/Documents/TravelTap/TravelTap/Data/Countries/Europe/Finland/Cities/KemiAttractions.swift /Users/erders/Documents/TravelTap/TravelTap/Data/Countries/Europe/Finland/Cities/KilpisjarviAttractions.swift (in target 'TravelTap' from project 'TravelTap')

SwiftCompile normal arm64 /Users/erders/Documents/TravelTap/TravelTap/Data/Countries/Europe/England/Cities/CambridgeAttractions.swift (in target 'TravelTap' from project 'TravelTap')
    cd /Users/erders/Documents/TravelTap
    

SwiftCompile normal arm64 /Users/erders/Documents/TravelTap/TravelTap/Data/Countries/Europe/England/Cities/LeedsAttractions.swift (in target 'TravelTap' from project 'TravelTap')
    cd /Users/erders/Documents/TravelTap
    

SwiftCompile normal arm64 /Users/erders/Documents/TravelTap/TravelTap/Data/Countries/Europe/England/Cities/LiverpoolAttractions.swift (in target 'TravelTap' from project 'TravelTap')
    cd /Users/erders/Documents/TravelTap
    

SwiftCompile normal arm64 /Users/erders/Documents/TravelTap/TravelTap/Data/Countries/Europe/England/Cities/LondonAttractions.swift (in target 'TravelTap' from project 'TravelTap')
    cd /Users/erders/Documents/TravelTap
    

SwiftCompile normal arm64 /Users/erders/Documents/TravelTap/TravelTap/Data/Countries/Europe/England/Cities/ManchesterAttractions.swift (in target 'TravelTap' from project 'TravelTap')
    cd /Users/erders/Documents/TravelTap
    

SwiftCompile normal arm64 /Users/erders/Documents/TravelTap/TravelTap/Data/Countries/Europe/England/Cities/OxfordAttractions.swift (in target 'TravelTap' from project 'TravelTap')
    cd /Users/erders/Documents/TravelTap
    

SwiftCompile normal arm64 /Users/erders/Documents/TravelTap/TravelTap/Data/Countries/Europe/England/EnglandPackage.swift (in target 'TravelTap' from project 'TravelTap')
    cd /Users/erders/Documents/TravelTap
    

SwiftCompile normal arm64 /Users/erders/Documents/TravelTap/TravelTap/Data/Countries/Europe/Estonia/Cities/ParnuAttractions.swift (in target 'TravelTap' from project 'TravelTap')
    cd /Users/erders/Documents/TravelTap
    

SwiftCompile normal arm64 /Users/erders/Documents/TravelTap/TravelTap/Data/Countries/Europe/Estonia/Cities/TallinnAttractions.swift (in target 'TravelTap' from project 'TravelTap')
    cd /Users/erders/Documents/TravelTap
    

SwiftCompile normal arm64 /Users/erders/Documents/TravelTap/TravelTap/Data/Countries/Europe/Estonia/Cities/TartuAttractions.swift (in target 'TravelTap' from project 'TravelTap')
    cd /Users/erders/Documents/TravelTap
    

SwiftCompile normal arm64 /Users/erders/Documents/TravelTap/TravelTap/Data/Countries/Europe/Estonia/EstoniaPackage.swift (in target 'TravelTap' from project 'TravelTap')
    cd /Users/erders/Documents/TravelTap
    

SwiftCompile normal arm64 /Users/erders/Documents/TravelTap/TravelTap/Data/Countries/Europe/FaroeIslands/Cities/GasadalurAttractions.swift (in target 'TravelTap' from project 'TravelTap')
    cd /Users/erders/Documents/TravelTap
    

SwiftCompile normal arm64 /Users/erders/Documents/TravelTap/TravelTap/Data/Countries/Europe/FaroeIslands/Cities/TorshavnAttractions.swift (in target 'TravelTap' from project 'TravelTap')
    cd /Users/erders/Documents/TravelTap
    

SwiftCompile normal arm64 /Users/erders/Documents/TravelTap/TravelTap/Data/Countries/Europe/FaroeIslands/FaroeIslandsPackage.swift (in target 'TravelTap' from project 'TravelTap')
    cd /Users/erders/Documents/TravelTap
    

SwiftCompile normal arm64 /Users/erders/Documents/TravelTap/TravelTap/Data/Countries/Europe/Finland/Cities/HelsinkiAttractions.swift (in target 'TravelTap' from project 'TravelTap')
    cd /Users/erders/Documents/TravelTap
    

SwiftCompile normal arm64 /Users/erders/Documents/TravelTap/TravelTap/Data/Countries/Europe/Finland/Cities/RovaniemiAttractions.swift (in target 'TravelTap' from project 'TravelTap')
    cd /Users/erders/Documents/TravelTap
    

SwiftCompile normal arm64 /Users/erders/Documents/TravelTap/TravelTap/Data/Countries/Europe/Finland/Cities/TampereAttractions.swift (in target 'TravelTap' from project 'TravelTap')
    cd /Users/erders/Documents/TravelTap
    

SwiftCompile normal arm64 /Users/erders/Documents/TravelTap/TravelTap/Data/Countries/Europe/Finland/Cities/TurkuAttractions.swift (in target 'TravelTap' from project 'TravelTap')
    cd /Users/erders/Documents/TravelTap
    

SwiftCompile normal arm64 /Users/erders/Documents/TravelTap/TravelTap/Data/Countries/Europe/Finland/FinlandPackage.swift (in target 'TravelTap' from project 'TravelTap')
    cd /Users/erders/Documents/TravelTap
    

SwiftCompile normal arm64 /Users/erders/Documents/TravelTap/TravelTap/Data/Countries/Europe/Finland/Cities/SaariselkaAttractions.swift (in target 'TravelTap' from project 'TravelTap')
    cd /Users/erders/Documents/TravelTap
    

SwiftCompile normal arm64 /Users/erders/Documents/TravelTap/TravelTap/Data/Countries/Europe/Finland/Cities/LeviAttractions.swift (in target 'TravelTap' from project 'TravelTap')
    cd /Users/erders/Documents/TravelTap
    

SwiftCompile normal arm64 /Users/erders/Documents/TravelTap/TravelTap/Data/Countries/Europe/Finland/Cities/InariAttractions.swift (in target 'TravelTap' from project 'TravelTap')
    cd /Users/erders/Documents/TravelTap
    

SwiftCompile normal arm64 /Users/erders/Documents/TravelTap/TravelTap/Data/Countries/Europe/Finland/Cities/MuonioAttractions.swift (in target 'TravelTap' from project 'TravelTap')
    cd /Users/erders/Documents/TravelTap
    

SwiftCompile normal arm64 /Users/erders/Documents/TravelTap/TravelTap/Data/Countries/Europe/Finland/Cities/KemiAttractions.swift (in target 'TravelTap' from project 'TravelTap')
    cd /Users/erders/Documents/TravelTap
    

SwiftCompile normal arm64 /Users/erders/Documents/TravelTap/TravelTap/Data/Countries/Europe/Finland/Cities/KilpisjarviAttractions.swift (in target 'TravelTap' from project 'TravelTap')
    cd /Users/erders/Documents/TravelTap
    

SwiftDriverJobDiscovery normal arm64 Compiling ObidosAttractions.swift, TomarAttractions.swift, GuimaraesAttractions.swift, VianaDoCasteloAttractions.swift, MadeiraAttractions.swift, CascaisAttractions.swift, AveiroAttractions.swift, NotablePlacesPortugalAttractions.swift, AzoresAttractions.swift, EvoraAttractions.swift, BragaAttractions.swift, BatalhaAttractions.swift, NazareAttractions.swift, GiethoornAttractions.swift, AlkmaarAttractions.swift, KeukenhofAttractions.swift, MaastrichtAttractions.swift, LeidenAttractions.swift, ArnhemAttractions.swift, DelftAttractions.swift, MiddelburgAttractions.swift, DenBoschAttractions.swift, NijmegenAttractions.swift, TexelAttractions.swift, ZwolleAttractions.swift (in target 'TravelTap' from project 'TravelTap')

SwiftCompile normal arm64 Compiling\ SouthernAttractions.swift,\ PapuaNewGuineaPackage.swift,\ ApiaAttractions.swift,\ SavaiiAttractions.swift,\ UpoluAttractions.swift,\ SamoaPackage.swift,\ CentralProvinceAttractions.swift,\ GuadalcanalAttractions.swift,\ HoniaraAttractions.swift,\ WesternProvinceAttractions.swift,\ SolomonIslandsPackage.swift,\ EuaAttractions.swift,\ HaapaiAttractions.swift,\ NukualofaAttractions.swift,\ TongatapuAttractions.swift,\ VavauAttractions.swift,\ TongaPackage.swift,\ EfateAttractions.swift,\ EspirituSantoAttractions.swift,\ PentecostAttractions.swift,\ PortVilaAttractions.swift,\ TannaAttractions.swift,\ VanuatuPackage.swift,\ ArgentinaPackage.swift,\ ArgentinaCordobaAttractions.swift /Users/erders/Documents/TravelTap/TravelTap/Data/Countries/Oceania/PapuaNewGuinea/Cities/SouthernAttractions.swift /Users/erders/Documents/TravelTap/TravelTap/Data/Countries/Oceania/PapuaNewGuinea/PapuaNewGuineaPackage.swift /Users/erders/Documents/TravelTap/TravelTap/Data/Countries/Oceania/Samoa/Cities/ApiaAttractions.swift /Users/erders/Documents/TravelTap/TravelTap/Data/Countries/Oceania/Samoa/Cities/SavaiiAttractions.swift /Users/erders/Documents/TravelTap/TravelTap/Data/Countries/Oceania/Samoa/Cities/UpoluAttractions.swift /Users/erders/Documents/TravelTap/TravelTap/Data/Countries/Oceania/Samoa/SamoaPackage.swift /Users/erders/Documents/TravelTap/TravelTap/Data/Countries/Oceania/SolomonIslands/Cities/CentralProvinceAttractions.swift /Users/erders/Documents/TravelTap/TravelTap/Data/Countries/Oceania/SolomonIslands/Cities/GuadalcanalAttractions.swift /Users/erders/Documents/TravelTap/TravelTap/Data/Countries/Oceania/SolomonIslands/Cities/HoniaraAttractions.swift /Users/erders/Documents/TravelTap/TravelTap/Data/Countries/Oceania/SolomonIslands/Cities/WesternProvinceAttractions.swift /Users/erders/Documents/TravelTap/TravelTap/Data/Countries/Oceania/SolomonIslands/SolomonIslandsPackage.swift /Users/erders/Documents/TravelTap/TravelTap/Data/Countries/Oceania/Tonga/Cities/EuaAttractions.swift /Users/erders/Documents/TravelTap/TravelTap/Data/Countries/Oceania/Tonga/Cities/HaapaiAttractions.swift /Users/erders/Documents/TravelTap/TravelTap/Data/Countries/Oceania/Tonga/Cities/NukualofaAttractions.swift /Users/erders/Documents/TravelTap/TravelTap/Data/Countries/Oceania/Tonga/Cities/TongatapuAttractions.swift /Users/erders/Documents/TravelTap/TravelTap/Data/Countries/Oceania/Tonga/Cities/VavauAttractions.swift /Users/erders/Documents/TravelTap/TravelTap/Data/Countries/Oceania/Tonga/TongaPackage.swift /Users/erders/Documents/TravelTap/TravelTap/Data/Countries/Oceania/Vanuatu/Cities/EfateAttractions.swift /Users/erders/Documents/TravelTap/TravelTap/Data/Countries/Oceania/Vanuatu/Cities/EspirituSantoAttractions.swift /Users/erders/Documents/TravelTap/TravelTap/Data/Countries/Oceania/Vanuatu/Cities/PentecostAttractions.swift /Users/erders/Documents/TravelTap/TravelTap/Data/Countries/Oceania/Vanuatu/Cities/PortVilaAttractions.swift /Users/erders/Documents/TravelTap/TravelTap/Data/Countries/Oceania/Vanuatu/Cities/TannaAttractions.swift /Users/erders/Documents/TravelTap/TravelTap/Data/Countries/Oceania/Vanuatu/VanuatuPackage.swift /Users/erders/Documents/TravelTap/TravelTap/Data/Countries/SouthAmerica/Argentina/ArgentinaPackage.swift /Users/erders/Documents/TravelTap/TravelTap/Data/Countries/SouthAmerica/Argentina/Cities/ArgentinaCordobaAttractions.swift (in target 'TravelTap' from project 'TravelTap')

SwiftCompile normal arm64 /Users/erders/Documents/TravelTap/TravelTap/Data/Countries/Oceania/PapuaNewGuinea/Cities/SouthernAttractions.swift (in target 'TravelTap' from project 'TravelTap')
    cd /Users/erders/Documents/TravelTap
    

SwiftCompile normal arm64 /Users/erders/Documents/TravelTap/TravelTap/Data/Countries/Oceania/PapuaNewGuinea/PapuaNewGuineaPackage.swift (in target 'TravelTap' from project 'TravelTap')
    cd /Users/erders/Documents/TravelTap
    

SwiftCompile normal arm64 /Users/erders/Documents/TravelTap/TravelTap/Data/Countries/Oceania/Samoa/Cities/ApiaAttractions.swift (in target 'TravelTap' from project 'TravelTap')
    cd /Users/erders/Documents/TravelTap
    

SwiftCompile normal arm64 /Users/erders/Documents/TravelTap/TravelTap/Data/Countries/Oceania/Samoa/Cities/SavaiiAttractions.swift (in target 'TravelTap' from project 'TravelTap')
    cd /Users/erders/Documents/TravelTap
    

SwiftCompile normal arm64 /Users/erders/Documents/TravelTap/TravelTap/Data/Countries/Oceania/Samoa/Cities/UpoluAttractions.swift (in target 'TravelTap' from project 'TravelTap')
    cd /Users/erders/Documents/TravelTap
    

SwiftCompile normal arm64 /Users/erders/Documents/TravelTap/TravelTap/Data/Countries/Oceania/Samoa/SamoaPackage.swift (in target 'TravelTap' from project 'TravelTap')
    cd /Users/erders/Documents/TravelTap
    

SwiftCompile normal arm64 /Users/erders/Documents/TravelTap/TravelTap/Data/Countries/Oceania/SolomonIslands/Cities/CentralProvinceAttractions.swift (in target 'TravelTap' from project 'TravelTap')
    cd /Users/erders/Documents/TravelTap
    

SwiftCompile normal arm64 /Users/erders/Documents/TravelTap/TravelTap/Data/Countries/Oceania/SolomonIslands/Cities/GuadalcanalAttractions.swift (in target 'TravelTap' from project 'TravelTap')
    cd /Users/erders/Documents/TravelTap
    

SwiftCompile normal arm64 /Users/erders/Documents/TravelTap/TravelTap/Data/Countries/Oceania/SolomonIslands/Cities/HoniaraAttractions.swift (in target 'TravelTap' from project 'TravelTap')
    cd /Users/erders/Documents/TravelTap
    

SwiftCompile normal arm64 /Users/erders/Documents/TravelTap/TravelTap/Data/Countries/Oceania/SolomonIslands/Cities/WesternProvinceAttractions.swift (in target 'TravelTap' from project 'TravelTap')
    cd /Users/erders/Documents/TravelTap
    

SwiftCompile normal arm64 /Users/erders/Documents/TravelTap/TravelTap/Data/Countries/Oceania/SolomonIslands/SolomonIslandsPackage.swift (in target 'TravelTap' from project 'TravelTap')
    cd /Users/erders/Documents/TravelTap
    

SwiftCompile normal arm64 /Users/erders/Documents/TravelTap/TravelTap/Data/Countries/Oceania/Tonga/Cities/EuaAttractions.swift (in target 'TravelTap' from project 'TravelTap')
    cd /Users/erders/Documents/TravelTap
    

SwiftCompile normal arm64 /Users/erders/Documents/TravelTap/TravelTap/Data/Countries/Oceania/Tonga/Cities/HaapaiAttractions.swift (in target 'TravelTap' from project 'TravelTap')
    cd /Users/erders/Documents/TravelTap
    

SwiftCompile normal arm64 /Users/erders/Documents/TravelTap/TravelTap/Data/Countries/Oceania/Tonga/Cities/NukualofaAttractions.swift (in target 'TravelTap' from project 'TravelTap')
    cd /Users/erders/Documents/TravelTap
    

SwiftCompile normal arm64 /Users/erders/Documents/TravelTap/TravelTap/Data/Countries/Oceania/Tonga/Cities/TongatapuAttractions.swift (in target 'TravelTap' from project 'TravelTap')
    cd /Users/erders/Documents/TravelTap
    

SwiftCompile normal arm64 /Users/erders/Documents/TravelTap/TravelTap/Data/Countries/Oceania/Tonga/Cities/VavauAttractions.swift (in target 'TravelTap' from project 'TravelTap')
    cd /Users/erders/Documents/TravelTap
    

SwiftCompile normal arm64 /Users/erders/Documents/TravelTap/TravelTap/Data/Countries/Oceania/Tonga/TongaPackage.swift (in target 'TravelTap' from project 'TravelTap')
    cd /Users/erders/Documents/TravelTap
    

SwiftCompile normal arm64 /Users/erders/Documents/TravelTap/TravelTap/Data/Countries/Oceania/Vanuatu/Cities/EfateAttractions.swift (in target 'TravelTap' from project 'TravelTap')
    cd /Users/erders/Documents/TravelTap
    

SwiftCompile normal arm64 /Users/erders/Documents/TravelTap/TravelTap/Data/Countries/Oceania/Vanuatu/Cities/EspirituSantoAttractions.swift (in target 'TravelTap' from project 'TravelTap')
    cd /Users/erders/Documents/TravelTap
    

SwiftCompile normal arm64 /Users/erders/Documents/TravelTap/TravelTap/Data/Countries/Oceania/Vanuatu/Cities/PentecostAttractions.swift (in target 'TravelTap' from project 'TravelTap')
    cd /Users/erders/Documents/TravelTap
    

SwiftCompile normal arm64 /Users/erders/Documents/TravelTap/TravelTap/Data/Countries/Oceania/Vanuatu/Cities/PortVilaAttractions.swift (in target 'TravelTap' from project 'TravelTap')
    cd /Users/erders/Documents/TravelTap
    

SwiftCompile normal arm64 /Users/erders/Documents/TravelTap/TravelTap/Data/Countries/Oceania/Vanuatu/Cities/TannaAttractions.swift (in target 'TravelTap' from project 'TravelTap')
    cd /Users/erders/Documents/TravelTap
    

SwiftCompile normal arm64 /Users/erders/Documents/TravelTap/TravelTap/Data/Countries/Oceania/Vanuatu/VanuatuPackage.swift (in target 'TravelTap' from project 'TravelTap')
    cd /Users/erders/Documents/TravelTap
    

SwiftCompile normal arm64 /Users/erders/Documents/TravelTap/TravelTap/Data/Countries/SouthAmerica/Argentina/ArgentinaPackage.swift (in target 'TravelTap' from project 'TravelTap')
    cd /Users/erders/Documents/TravelTap
    

SwiftCompile normal arm64 /Users/erders/Documents/TravelTap/TravelTap/Data/Countries/SouthAmerica/Argentina/Cities/ArgentinaCordobaAttractions.swift (in target 'TravelTap' from project 'TravelTap')
    cd /Users/erders/Documents/TravelTap
    

SwiftDriverJobDiscovery normal arm64 Compiling LogarValleyAttractions.swift, BovecAttractions.swift, CeljeAttractions.swift, MariborAttractions.swift, KobaridAttractions.swift, VelikaPlaninaAttractions.swift, TuzlaAttractions.swift, TrebinjeAttractions.swift, StecciAttractions.swift, LukomirAttractions.swift, BanjaLukaAttractions.swift, ProkoskoLakeAttractions.swift, BijeljinaAttractions.swift, UnaNationalParkAttractions.swift, StolacAttractions.swift, JablanicaAttractions.swift, KonjicAttractions.swift, HutovoBlatoAttractions.swift, ZenicaAttractions.swift, PociteljAttractions.swift, TravnikAttractions.swift, NeumAttractions.swift, KraviceWaterfallsAttractions.swift, SutjeskaNationalParkAttractions.swift (in target 'TravelTap' from project 'TravelTap')

SwiftCompile normal arm64 Compiling\ SigiriyaAttractions.swift,\ RatnapuraAttractions.swift,\ DambullaAttractions.swift,\ NagarkotAttractions.swift,\ NepalAdventureAttractions.swift,\ TrekkingPeaksAttractions.swift,\ BardiaAttractions.swift,\ RaraAttractions.swift,\ PatanAttractions.swift,\ JanakpurAttractions.swift,\ BhaktapurAttractions.swift,\ ManakamanaAttractions.swift,\ TansenAttractions.swift,\ BandipurAttractions.swift,\ IlamAttractions.swift,\ LangtangAttractions.swift,\ GorkhaAttractions.swift,\ NorthEastAttractions.swift,\ PuertoPrincesaAttractions.swift,\ ElNidoAttractions.swift,\ DavaoCityAttractions.swift,\ SagadaAttractions.swift,\ TubbatahaAttractions.swift,\ BantayanAttractions.swift,\ SanVicenteAttractions.swift /Users/erders/Documents/TravelTap/TravelTap/Data/Countries/Asia/SouthAsia/SriLanka/Cities/SigiriyaAttractions.swift /Users/erders/Documents/TravelTap/TravelTap/Data/Countries/Asia/SouthAsia/SriLanka/Cities/RatnapuraAttractions.swift /Users/erders/Documents/TravelTap/TravelTap/Data/Countries/Asia/SouthAsia/SriLanka/Cities/DambullaAttractions.swift /Users/erders/Documents/TravelTap/TravelTap/Data/Countries/Asia/SouthAsia/Nepal/Cities/NagarkotAttractions.swift /Users/erders/Documents/TravelTap/TravelTap/Data/Countries/Asia/SouthAsia/Nepal/Cities/NepalAdventureAttractions.swift /Users/erders/Documents/TravelTap/TravelTap/Data/Countries/Asia/SouthAsia/Nepal/Cities/TrekkingPeaksAttractions.swift /Users/erders/Documents/TravelTap/TravelTap/Data/Countries/Asia/SouthAsia/Nepal/Cities/BardiaAttractions.swift /Users/erders/Documents/TravelTap/TravelTap/Data/Countries/Asia/SouthAsia/Nepal/Cities/RaraAttractions.swift /Users/erders/Documents/TravelTap/TravelTap/Data/Countries/Asia/SouthAsia/Nepal/Cities/PatanAttractions.swift /Users/erders/Documents/TravelTap/TravelTap/Data/Countries/Asia/SouthAsia/Nepal/Cities/JanakpurAttractions.swift /Users/erders/Documents/TravelTap/TravelTap/Data/Countries/Asia/SouthAsia/Nepal/Cities/BhaktapurAttractions.swift /Users/erders/Documents/TravelTap/TravelTap/Data/Countries/Asia/SouthAsia/Nepal/Cities/ManakamanaAttractions.swift /Users/erders/Documents/TravelTap/TravelTap/Data/Countries/Asia/SouthAsia/Nepal/Cities/TansenAttractions.swift /Users/erders/Documents/TravelTap/TravelTap/Data/Countries/Asia/SouthAsia/Nepal/Cities/BandipurAttractions.swift /Users/erders/Documents/TravelTap/TravelTap/Data/Countries/Asia/SouthAsia/Nepal/Cities/IlamAttractions.swift /Users/erders/Documents/TravelTap/TravelTap/Data/Countries/Asia/SouthAsia/Nepal/Cities/LangtangAttractions.swift /Users/erders/Documents/TravelTap/TravelTap/Data/Countries/Asia/SouthAsia/Nepal/Cities/GorkhaAttractions.swift /Users/erders/Documents/TravelTap/TravelTap/Data/Countries/Asia/SouthAsia/SriLanka/Cities/NorthEastAttractions.swift /Users/erders/Documents/TravelTap/TravelTap/Data/Countries/Asia/SoutheastAsia/Philippines/Cities/PuertoPrincesaAttractions.swift /Users/erders/Documents/TravelTap/TravelTap/Data/Countries/Asia/SoutheastAsia/Philippines/Cities/ElNidoAttractions.swift /Users/erders/Documents/TravelTap/TravelTap/Data/Countries/Asia/SoutheastAsia/Philippines/Cities/DavaoCityAttractions.swift /Users/erders/Documents/TravelTap/TravelTap/Data/Countries/Asia/SoutheastAsia/Philippines/Cities/SagadaAttractions.swift /Users/erders/Documents/TravelTap/TravelTap/Data/Countries/Asia/SoutheastAsia/Philippines/Cities/TubbatahaAttractions.swift /Users/erders/Documents/TravelTap/TravelTap/Data/Countries/Asia/SoutheastAsia/Philippines/Cities/BantayanAttractions.swift /Users/erders/Documents/TravelTap/TravelTap/Data/Countries/Asia/SoutheastAsia/Philippines/Cities/SanVicenteAttractions.swift (in target 'TravelTap' from project 'TravelTap')

SwiftCompile normal arm64 /Users/erders/Documents/TravelTap/TravelTap/Data/Countries/Asia/SouthAsia/SriLanka/Cities/SigiriyaAttractions.swift (in target 'TravelTap' from project 'TravelTap')
    cd /Users/erders/Documents/TravelTap
    

SwiftCompile normal arm64 /Users/erders/Documents/TravelTap/TravelTap/Data/Countries/Asia/SouthAsia/SriLanka/Cities/RatnapuraAttractions.swift (in target 'TravelTap' from project 'TravelTap')
    cd /Users/erders/Documents/TravelTap
    

SwiftCompile normal arm64 /Users/erders/Documents/TravelTap/TravelTap/Data/Countries/Asia/SouthAsia/SriLanka/Cities/DambullaAttractions.swift (in target 'TravelTap' from project 'TravelTap')
    cd /Users/erders/Documents/TravelTap
    

SwiftCompile normal arm64 /Users/erders/Documents/TravelTap/TravelTap/Data/Countries/Asia/SouthAsia/Nepal/Cities/NagarkotAttractions.swift (in target 'TravelTap' from project 'TravelTap')
    cd /Users/erders/Documents/TravelTap
    

SwiftCompile normal arm64 /Users/erders/Documents/TravelTap/TravelTap/Data/Countries/Asia/SouthAsia/Nepal/Cities/NepalAdventureAttractions.swift (in target 'TravelTap' from project 'TravelTap')
    cd /Users/erders/Documents/TravelTap
    

SwiftCompile normal arm64 /Users/erders/Documents/TravelTap/TravelTap/Data/Countries/Asia/SouthAsia/Nepal/Cities/TrekkingPeaksAttractions.swift (in target 'TravelTap' from project 'TravelTap')
    cd /Users/erders/Documents/TravelTap
    

SwiftCompile normal arm64 /Users/erders/Documents/TravelTap/TravelTap/Data/Countries/Asia/SouthAsia/Nepal/Cities/BardiaAttractions.swift (in target 'TravelTap' from project 'TravelTap')
    cd /Users/erders/Documents/TravelTap
    

SwiftCompile normal arm64 /Users/erders/Documents/TravelTap/TravelTap/Data/Countries/Asia/SouthAsia/Nepal/Cities/RaraAttractions.swift (in target 'TravelTap' from project 'TravelTap')
    cd /Users/erders/Documents/TravelTap
    

SwiftCompile normal arm64 /Users/erders/Documents/TravelTap/TravelTap/Data/Countries/Asia/SouthAsia/Nepal/Cities/PatanAttractions.swift (in target 'TravelTap' from project 'TravelTap')
    cd /Users/erders/Documents/TravelTap
    

SwiftCompile normal arm64 /Users/erders/Documents/TravelTap/TravelTap/Data/Countries/Asia/SouthAsia/Nepal/Cities/JanakpurAttractions.swift (in target 'TravelTap' from project 'TravelTap')
    cd /Users/erders/Documents/TravelTap
    

SwiftCompile normal arm64 /Users/erders/Documents/TravelTap/TravelTap/Data/Countries/Asia/SouthAsia/Nepal/Cities/BhaktapurAttractions.swift (in target 'TravelTap' from project 'TravelTap')
    cd /Users/erders/Documents/TravelTap
    

SwiftCompile normal arm64 /Users/erders/Documents/TravelTap/TravelTap/Data/Countries/Asia/SouthAsia/Nepal/Cities/ManakamanaAttractions.swift (in target 'TravelTap' from project 'TravelTap')
    cd /Users/erders/Documents/TravelTap
    

SwiftCompile normal arm64 /Users/erders/Documents/TravelTap/TravelTap/Data/Countries/Asia/SouthAsia/Nepal/Cities/TansenAttractions.swift (in target 'TravelTap' from project 'TravelTap')
    cd /Users/erders/Documents/TravelTap
    

SwiftCompile normal arm64 /Users/erders/Documents/TravelTap/TravelTap/Data/Countries/Asia/SouthAsia/Nepal/Cities/BandipurAttractions.swift (in target 'TravelTap' from project 'TravelTap')
    cd /Users/erders/Documents/TravelTap
    

SwiftCompile normal arm64 /Users/erders/Documents/TravelTap/TravelTap/Data/Countries/Asia/SouthAsia/Nepal/Cities/IlamAttractions.swift (in target 'TravelTap' from project 'TravelTap')
    cd /Users/erders/Documents/TravelTap
    

SwiftCompile normal arm64 /Users/erders/Documents/TravelTap/TravelTap/Data/Countries/Asia/SouthAsia/Nepal/Cities/LangtangAttractions.swift (in target 'TravelTap' from project 'TravelTap')
    cd /Users/erders/Documents/TravelTap
    

SwiftCompile normal arm64 /Users/erders/Documents/TravelTap/TravelTap/Data/Countries/Asia/SouthAsia/Nepal/Cities/GorkhaAttractions.swift (in target 'TravelTap' from project 'TravelTap')
    cd /Users/erders/Documents/TravelTap
    

SwiftCompile normal arm64 /Users/erders/Documents/TravelTap/TravelTap/Data/Countries/Asia/SouthAsia/SriLanka/Cities/NorthEastAttractions.swift (in target 'TravelTap' from project 'TravelTap')
    cd /Users/erders/Documents/TravelTap
    

SwiftCompile normal arm64 /Users/erders/Documents/TravelTap/TravelTap/Data/Countries/Asia/SoutheastAsia/Philippines/Cities/PuertoPrincesaAttractions.swift (in target 'TravelTap' from project 'TravelTap')
    cd /Users/erders/Documents/TravelTap
    

SwiftCompile normal arm64 /Users/erders/Documents/TravelTap/TravelTap/Data/Countries/Asia/SoutheastAsia/Philippines/Cities/ElNidoAttractions.swift (in target 'TravelTap' from project 'TravelTap')
    cd /Users/erders/Documents/TravelTap
    

SwiftCompile normal arm64 /Users/erders/Documents/TravelTap/TravelTap/Data/Countries/Asia/SoutheastAsia/Philippines/Cities/DavaoCityAttractions.swift (in target 'TravelTap' from project 'TravelTap')
    cd /Users/erders/Documents/TravelTap
    

SwiftCompile normal arm64 /Users/erders/Documents/TravelTap/TravelTap/Data/Countries/Asia/SoutheastAsia/Philippines/Cities/SagadaAttractions.swift (in target 'TravelTap' from project 'TravelTap')
    cd /Users/erders/Documents/TravelTap
    

SwiftCompile normal arm64 /Users/erders/Documents/TravelTap/TravelTap/Data/Countries/Asia/SoutheastAsia/Philippines/Cities/TubbatahaAttractions.swift (in target 'TravelTap' from project 'TravelTap')
    cd /Users/erders/Documents/TravelTap
    

SwiftCompile normal arm64 /Users/erders/Documents/TravelTap/TravelTap/Data/Countries/Asia/SoutheastAsia/Philippines/Cities/BantayanAttractions.swift (in target 'TravelTap' from project 'TravelTap')
    cd /Users/erders/Documents/TravelTap
    

SwiftCompile normal arm64 /Users/erders/Documents/TravelTap/TravelTap/Data/Countries/Asia/SoutheastAsia/Philippines/Cities/SanVicenteAttractions.swift (in target 'TravelTap' from project 'TravelTap')
    cd /Users/erders/Documents/TravelTap
    

SwiftDriverJobDiscovery normal arm64 Compiling HighAtlasAttractions.swift, EssaouiraAttractions.swift, DahabAttractions.swift, SharmElSheikhAttractions.swift, DenderaAbydosAttractions.swift, AlexandriaAttractions.swift, CairoAttractions.swift, SaqqaraAttractions.swift, FayoumAttractions.swift, LuxorAttractions.swift, AbuSimbelAttractions.swift, AswanAttractions.swift, SiwaAttractions.swift, EdfuKomOmboAttractions.swift, BahariyaFarafraAttractions.swift, SinaiAttractions.swift, HurghadaAttractions.swift, TunisAttractions.swift, CarthageAttractions.swift, SidiBouSaidAttractions.swift, KairouanAttractions.swift, SousseAttractions.swift, HammametAttractions.swift, DjerbaAttractions.swift (in target 'TravelTap' from project 'TravelTap')

SwiftCompile normal arm64 Compiling\ CrimeaAttractions.swift,\ CardiffAttractions.swift,\ ConwyAttractions.swift,\ SnowdoniaAttractions.swift,\ TenbyAttractions.swift,\ WalesPackage.swift,\ CanadaPackage.swift,\ BanffAttractions.swift,\ CanadaVictoriaAttractions.swift,\ CharlottetownAttractions.swift,\ ChurchillAttractions.swift,\ DrumhellerAttractions.swift,\ GrosMorneAttractions.swift,\ HalifaxAttractions.swift,\ JasperAttractions.swift,\ KelownaAttractions.swift,\ MonctonAttractions.swift,\ MontrealAttractions.swift,\ OttawaAttractions.swift,\ QuebecCityAttractions.swift,\ RevelstokeAttractions.swift,\ SaguenayAttractions.swift,\ SaskatoonAttractions.swift,\ StJohnsAttractions.swift,\ TobermoryAttractions.swift /Users/erders/Documents/TravelTap/TravelTap/Data/Countries/Europe/Ukraine/Cities/CrimeaAttractions.swift /Users/erders/Documents/TravelTap/TravelTap/Data/Countries/Europe/Wales/Cities/CardiffAttractions.swift /Users/erders/Documents/TravelTap/TravelTap/Data/Countries/Europe/Wales/Cities/ConwyAttractions.swift /Users/erders/Documents/TravelTap/TravelTap/Data/Countries/Europe/Wales/Cities/SnowdoniaAttractions.swift /Users/erders/Documents/TravelTap/TravelTap/Data/Countries/Europe/Wales/Cities/TenbyAttractions.swift /Users/erders/Documents/TravelTap/TravelTap/Data/Countries/Europe/Wales/WalesPackage.swift /Users/erders/Documents/TravelTap/TravelTap/Data/Countries/NorthAmerica/Canada/CanadaPackage.swift /Users/erders/Documents/TravelTap/TravelTap/Data/Countries/NorthAmerica/Canada/Cities/BanffAttractions.swift /Users/erders/Documents/TravelTap/TravelTap/Data/Countries/NorthAmerica/Canada/Cities/CanadaVictoriaAttractions.swift /Users/erders/Documents/TravelTap/TravelTap/Data/Countries/NorthAmerica/Canada/Cities/CharlottetownAttractions.swift /Users/erders/Documents/TravelTap/TravelTap/Data/Countries/NorthAmerica/Canada/Cities/ChurchillAttractions.swift /Users/erders/Documents/TravelTap/TravelTap/Data/Countries/NorthAmerica/Canada/Cities/DrumhellerAttractions.swift /Users/erders/Documents/TravelTap/TravelTap/Data/Countries/NorthAmerica/Canada/Cities/GrosMorneAttractions.swift /Users/erders/Documents/TravelTap/TravelTap/Data/Countries/NorthAmerica/Canada/Cities/HalifaxAttractions.swift /Users/erders/Documents/TravelTap/TravelTap/Data/Countries/NorthAmerica/Canada/Cities/JasperAttractions.swift /Users/erders/Documents/TravelTap/TravelTap/Data/Countries/NorthAmerica/Canada/Cities/KelownaAttractions.swift /Users/erders/Documents/TravelTap/TravelTap/Data/Countries/NorthAmerica/Canada/Cities/MonctonAttractions.swift /Users/erders/Documents/TravelTap/TravelTap/Data/Countries/NorthAmerica/Canada/Cities/MontrealAttractions.swift /Users/erders/Documents/TravelTap/TravelTap/Data/Countries/NorthAmerica/Canada/Cities/OttawaAttractions.swift /Users/erders/Documents/TravelTap/TravelTap/Data/Countries/NorthAmerica/Canada/Cities/QuebecCityAttractions.swift /Users/erders/Documents/TravelTap/TravelTap/Data/Countries/NorthAmerica/Canada/Cities/RevelstokeAttractions.swift /Users/erders/Documents/TravelTap/TravelTap/Data/Countries/NorthAmerica/Canada/Cities/SaguenayAttractions.swift /Users/erders/Documents/TravelTap/TravelTap/Data/Countries/NorthAmerica/Canada/Cities/SaskatoonAttractions.swift /Users/erders/Documents/TravelTap/TravelTap/Data/Countries/NorthAmerica/Canada/Cities/StJohnsAttractions.swift /Users/erders/Documents/TravelTap/TravelTap/Data/Countries/NorthAmerica/Canada/Cities/TobermoryAttractions.swift (in target 'TravelTap' from project 'TravelTap')

SwiftCompile normal arm64 /Users/erders/Documents/TravelTap/TravelTap/Data/Countries/Europe/Ukraine/Cities/CrimeaAttractions.swift (in target 'TravelTap' from project 'TravelTap')
    cd /Users/erders/Documents/TravelTap
    

SwiftCompile normal arm64 /Users/erders/Documents/TravelTap/TravelTap/Data/Countries/Europe/Wales/Cities/CardiffAttractions.swift (in target 'TravelTap' from project 'TravelTap')
    cd /Users/erders/Documents/TravelTap
    

SwiftCompile normal arm64 /Users/erders/Documents/TravelTap/TravelTap/Data/Countries/Europe/Wales/Cities/ConwyAttractions.swift (in target 'TravelTap' from project 'TravelTap')
    cd /Users/erders/Documents/TravelTap
    

SwiftCompile normal arm64 /Users/erders/Documents/TravelTap/TravelTap/Data/Countries/Europe/Wales/Cities/SnowdoniaAttractions.swift (in target 'TravelTap' from project 'TravelTap')
    cd /Users/erders/Documents/TravelTap
    

SwiftCompile normal arm64 /Users/erders/Documents/TravelTap/TravelTap/Data/Countries/Europe/Wales/Cities/TenbyAttractions.swift (in target 'TravelTap' from project 'TravelTap')
    cd /Users/erders/Documents/TravelTap
    

SwiftCompile normal arm64 /Users/erders/Documents/TravelTap/TravelTap/Data/Countries/Europe/Wales/WalesPackage.swift (in target 'TravelTap' from project 'TravelTap')
    cd /Users/erders/Documents/TravelTap
    

SwiftCompile normal arm64 /Users/erders/Documents/TravelTap/TravelTap/Data/Countries/NorthAmerica/Canada/CanadaPackage.swift (in target 'TravelTap' from project 'TravelTap')
    cd /Users/erders/Documents/TravelTap
    

SwiftCompile normal arm64 /Users/erders/Documents/TravelTap/TravelTap/Data/Countries/NorthAmerica/Canada/Cities/BanffAttractions.swift (in target 'TravelTap' from project 'TravelTap')
    cd /Users/erders/Documents/TravelTap
    

SwiftCompile normal arm64 /Users/erders/Documents/TravelTap/TravelTap/Data/Countries/NorthAmerica/Canada/Cities/CanadaVictoriaAttractions.swift (in target 'TravelTap' from project 'TravelTap')
    cd /Users/erders/Documents/TravelTap
    

SwiftCompile normal arm64 /Users/erders/Documents/TravelTap/TravelTap/Data/Countries/NorthAmerica/Canada/Cities/CharlottetownAttractions.swift (in target 'TravelTap' from project 'TravelTap')
    cd /Users/erders/Documents/TravelTap
    

SwiftCompile normal arm64 /Users/erders/Documents/TravelTap/TravelTap/Data/Countries/NorthAmerica/Canada/Cities/ChurchillAttractions.swift (in target 'TravelTap' from project 'TravelTap')
    cd /Users/erders/Documents/TravelTap
    

SwiftCompile normal arm64 /Users/erders/Documents/TravelTap/TravelTap/Data/Countries/NorthAmerica/Canada/Cities/DrumhellerAttractions.swift (in target 'TravelTap' from project 'TravelTap')
    cd /Users/erders/Documents/TravelTap
    

SwiftCompile normal arm64 /Users/erders/Documents/TravelTap/TravelTap/Data/Countries/NorthAmerica/Canada/Cities/GrosMorneAttractions.swift (in target 'TravelTap' from project 'TravelTap')
    cd /Users/erders/Documents/TravelTap
    

SwiftCompile normal arm64 /Users/erders/Documents/TravelTap/TravelTap/Data/Countries/NorthAmerica/Canada/Cities/HalifaxAttractions.swift (in target 'TravelTap' from project 'TravelTap')
    cd /Users/erders/Documents/TravelTap
    

SwiftCompile normal arm64 /Users/erders/Documents/TravelTap/TravelTap/Data/Countries/NorthAmerica/Canada/Cities/JasperAttractions.swift (in target 'TravelTap' from project 'TravelTap')
    cd /Users/erders/Documents/TravelTap
    

SwiftCompile normal arm64 /Users/erders/Documents/TravelTap/TravelTap/Data/Countries/NorthAmerica/Canada/Cities/KelownaAttractions.swift (in target 'TravelTap' from project 'TravelTap')
    cd /Users/erders/Documents/TravelTap
    

SwiftCompile normal arm64 /Users/erders/Documents/TravelTap/TravelTap/Data/Countries/NorthAmerica/Canada/Cities/MonctonAttractions.swift (in target 'TravelTap' from project 'TravelTap')
    cd /Users/erders/Documents/TravelTap
    

SwiftCompile normal arm64 /Users/erders/Documents/TravelTap/TravelTap/Data/Countries/NorthAmerica/Canada/Cities/MontrealAttractions.swift (in target 'TravelTap' from project 'TravelTap')
    cd /Users/erders/Documents/TravelTap
    

SwiftCompile normal arm64 /Users/erders/Documents/TravelTap/TravelTap/Data/Countries/NorthAmerica/Canada/Cities/OttawaAttractions.swift (in target 'TravelTap' from project 'TravelTap')
    cd /Users/erders/Documents/TravelTap
    

SwiftCompile normal arm64 /Users/erders/Documents/TravelTap/TravelTap/Data/Countries/NorthAmerica/Canada/Cities/QuebecCityAttractions.swift (in target 'TravelTap' from project 'TravelTap')
    cd /Users/erders/Documents/TravelTap
    

SwiftCompile normal arm64 /Users/erders/Documents/TravelTap/TravelTap/Data/Countries/NorthAmerica/Canada/Cities/RevelstokeAttractions.swift (in target 'TravelTap' from project 'TravelTap')
    cd /Users/erders/Documents/TravelTap
    

SwiftCompile normal arm64 /Users/erders/Documents/TravelTap/TravelTap/Data/Countries/NorthAmerica/Canada/Cities/SaguenayAttractions.swift (in target 'TravelTap' from project 'TravelTap')
    cd /Users/erders/Documents/TravelTap
    

SwiftCompile normal arm64 /Users/erders/Documents/TravelTap/TravelTap/Data/Countries/NorthAmerica/Canada/Cities/SaskatoonAttractions.swift (in target 'TravelTap' from project 'TravelTap')
    cd /Users/erders/Documents/TravelTap
    

SwiftCompile normal arm64 /Users/erders/Documents/TravelTap/TravelTap/Data/Countries/NorthAmerica/Canada/Cities/StJohnsAttractions.swift (in target 'TravelTap' from project 'TravelTap')
    cd /Users/erders/Documents/TravelTap
    

SwiftCompile normal arm64 /Users/erders/Documents/TravelTap/TravelTap/Data/Countries/NorthAmerica/Canada/Cities/TobermoryAttractions.swift (in target 'TravelTap' from project 'TravelTap')
    cd /Users/erders/Documents/TravelTap
    

SwiftDriverJobDiscovery normal arm64 Compiling SmolyanAttractions.swift, MadaraAttractions.swift, ShumenAttractions.swift, BelogradchikAttractions.swift, PerperikonAttractions.swift, RousseAttractions.swift, KardzhaliAttractions.swift, PamporovoAttractions.swift, LovechAttractions.swift, HisaryaAttractions.swift, NessebarAttractions.swift, BorovetsAttractions.swift, MelnikAttractions.swift, SunnyBeachAttractions.swift, KazanlakAttractions.swift, SozopolAttractions.swift, RilaAttractions.swift, BanskoAttractions.swift, BurgasAttractions.swift, TryavnaAttractions.swift, KoprivshtitsaAttractions.swift, TransfagarasanAttractions.swift, AlbaIuliaAttractions.swift, BicazAttractions.swift (in target 'TravelTap' from project 'TravelTap')

SwiftCompile normal arm64 Compiling\ LuxembourgPackage.swift,\ MaltaVictoriaAttractions.swift,\ MarsaxlokkAttractions.swift,\ MdinaAttractions.swift,\ StJuliansAttractions.swift,\ VallettaAttractions.swift,\ MaltaPackage.swift,\ ChisinauAttractions.swift,\ CricovaAttractions.swift,\ OrheiulVechiAttractions.swift,\ TiraspolAttractions.swift,\ MoldovaPackage.swift,\ FontvieilleAttractions.swift,\ MonacoVilleAttractions.swift,\ MonteCarloAttractions.swift,\ MonacoPackage.swift,\ BudvaAttractions.swift,\ KotorAttractions.swift,\ PerastAttractions.swift,\ PodgoricaAttractions.swift,\ ZabljakAttractions.swift,\ MontenegroPackage.swift,\ AmsterdamAttractions.swift,\ EindhovenAttractions.swift,\ RotterdamAttractions.swift /Users/erders/Documents/TravelTap/TravelTap/Data/Countries/Europe/Luxembourg/LuxembourgPackage.swift /Users/erders/Documents/TravelTap/TravelTap/Data/Countries/Europe/Malta/Cities/MaltaVictoriaAttractions.swift /Users/erders/Documents/TravelTap/TravelTap/Data/Countries/Europe/Malta/Cities/MarsaxlokkAttractions.swift /Users/erders/Documents/TravelTap/TravelTap/Data/Countries/Europe/Malta/Cities/MdinaAttractions.swift /Users/erders/Documents/TravelTap/TravelTap/Data/Countries/Europe/Malta/Cities/StJuliansAttractions.swift /Users/erders/Documents/TravelTap/TravelTap/Data/Countries/Europe/Malta/Cities/VallettaAttractions.swift /Users/erders/Documents/TravelTap/TravelTap/Data/Countries/Europe/Malta/MaltaPackage.swift /Users/erders/Documents/TravelTap/TravelTap/Data/Countries/Europe/Moldova/Cities/ChisinauAttractions.swift /Users/erders/Documents/TravelTap/TravelTap/Data/Countries/Europe/Moldova/Cities/CricovaAttractions.swift /Users/erders/Documents/TravelTap/TravelTap/Data/Countries/Europe/Moldova/Cities/OrheiulVechiAttractions.swift /Users/erders/Documents/TravelTap/TravelTap/Data/Countries/Europe/Moldova/Cities/TiraspolAttractions.swift /Users/erders/Documents/TravelTap/TravelTap/Data/Countries/Europe/Moldova/MoldovaPackage.swift /Users/erders/Documents/TravelTap/TravelTap/Data/Countries/Europe/Monaco/Cities/FontvieilleAttractions.swift /Users/erders/Documents/TravelTap/TravelTap/Data/Countries/Europe/Monaco/Cities/MonacoVilleAttractions.swift /Users/erders/Documents/TravelTap/TravelTap/Data/Countries/Europe/Monaco/Cities/MonteCarloAttractions.swift /Users/erders/Documents/TravelTap/TravelTap/Data/Countries/Europe/Monaco/MonacoPackage.swift /Users/erders/Documents/TravelTap/TravelTap/Data/Countries/Europe/Montenegro/Cities/BudvaAttractions.swift /Users/erders/Documents/TravelTap/TravelTap/Data/Countries/Europe/Montenegro/Cities/KotorAttractions.swift /Users/erders/Documents/TravelTap/TravelTap/Data/Countries/Europe/Montenegro/Cities/PerastAttractions.swift /Users/erders/Documents/TravelTap/TravelTap/Data/Countries/Europe/Montenegro/Cities/PodgoricaAttractions.swift /Users/erders/Documents/TravelTap/TravelTap/Data/Countries/Europe/Montenegro/Cities/ZabljakAttractions.swift /Users/erders/Documents/TravelTap/TravelTap/Data/Countries/Europe/Montenegro/MontenegroPackage.swift /Users/erders/Documents/TravelTap/TravelTap/Data/Countries/Europe/Netherlands/Cities/AmsterdamAttractions.swift /Users/erders/Documents/TravelTap/TravelTap/Data/Countries/Europe/Netherlands/Cities/EindhovenAttractions.swift /Users/erders/Documents/TravelTap/TravelTap/Data/Countries/Europe/Netherlands/Cities/RotterdamAttractions.swift (in target 'TravelTap' from project 'TravelTap')

SwiftCompile normal arm64 /Users/erders/Documents/TravelTap/TravelTap/Data/Countries/Europe/Luxembourg/LuxembourgPackage.swift (in target 'TravelTap' from project 'TravelTap')
    cd /Users/erders/Documents/TravelTap
    

SwiftCompile normal arm64 /Users/erders/Documents/TravelTap/TravelTap/Data/Countries/Europe/Malta/Cities/MaltaVictoriaAttractions.swift (in target 'TravelTap' from project 'TravelTap')
    cd /Users/erders/Documents/TravelTap
    

SwiftCompile normal arm64 /Users/erders/Documents/TravelTap/TravelTap/Data/Countries/Europe/Malta/Cities/MarsaxlokkAttractions.swift (in target 'TravelTap' from project 'TravelTap')
    cd /Users/erders/Documents/TravelTap
    

SwiftCompile normal arm64 /Users/erders/Documents/TravelTap/TravelTap/Data/Countries/Europe/Malta/Cities/MdinaAttractions.swift (in target 'TravelTap' from project 'TravelTap')
    cd /Users/erders/Documents/TravelTap
    

SwiftCompile normal arm64 /Users/erders/Documents/TravelTap/TravelTap/Data/Countries/Europe/Malta/Cities/StJuliansAttractions.swift (in target 'TravelTap' from project 'TravelTap')
    cd /Users/erders/Documents/TravelTap
    

SwiftCompile normal arm64 /Users/erders/Documents/TravelTap/TravelTap/Data/Countries/Europe/Malta/Cities/VallettaAttractions.swift (in target 'TravelTap' from project 'TravelTap')
    cd /Users/erders/Documents/TravelTap
    

SwiftCompile normal arm64 /Users/erders/Documents/TravelTap/TravelTap/Data/Countries/Europe/Malta/MaltaPackage.swift (in target 'TravelTap' from project 'TravelTap')
    cd /Users/erders/Documents/TravelTap
    

SwiftCompile normal arm64 /Users/erders/Documents/TravelTap/TravelTap/Data/Countries/Europe/Moldova/Cities/ChisinauAttractions.swift (in target 'TravelTap' from project 'TravelTap')
    cd /Users/erders/Documents/TravelTap
    

SwiftCompile normal arm64 /Users/erders/Documents/TravelTap/TravelTap/Data/Countries/Europe/Moldova/Cities/CricovaAttractions.swift (in target 'TravelTap' from project 'TravelTap')
    cd /Users/erders/Documents/TravelTap
    

SwiftCompile normal arm64 /Users/erders/Documents/TravelTap/TravelTap/Data/Countries/Europe/Moldova/Cities/OrheiulVechiAttractions.swift (in target 'TravelTap' from project 'TravelTap')
    cd /Users/erders/Documents/TravelTap
    

SwiftCompile normal arm64 /Users/erders/Documents/TravelTap/TravelTap/Data/Countries/Europe/Moldova/Cities/TiraspolAttractions.swift (in target 'TravelTap' from project 'TravelTap')
    cd /Users/erders/Documents/TravelTap
    

SwiftCompile normal arm64 /Users/erders/Documents/TravelTap/TravelTap/Data/Countries/Europe/Moldova/MoldovaPackage.swift (in target 'TravelTap' from project 'TravelTap')
    cd /Users/erders/Documents/TravelTap
    

SwiftCompile normal arm64 /Users/erders/Documents/TravelTap/TravelTap/Data/Countries/Europe/Monaco/Cities/FontvieilleAttractions.swift (in target 'TravelTap' from project 'TravelTap')
    cd /Users/erders/Documents/TravelTap
    

SwiftCompile normal arm64 /Users/erders/Documents/TravelTap/TravelTap/Data/Countries/Europe/Monaco/Cities/MonacoVilleAttractions.swift (in target 'TravelTap' from project 'TravelTap')
    cd /Users/erders/Documents/TravelTap
    

SwiftCompile normal arm64 /Users/erders/Documents/TravelTap/TravelTap/Data/Countries/Europe/Monaco/Cities/MonteCarloAttractions.swift (in target 'TravelTap' from project 'TravelTap')
    cd /Users/erders/Documents/TravelTap
    

SwiftCompile normal arm64 /Users/erders/Documents/TravelTap/TravelTap/Data/Countries/Europe/Monaco/MonacoPackage.swift (in target 'TravelTap' from project 'TravelTap')
    cd /Users/erders/Documents/TravelTap
    

SwiftCompile normal arm64 /Users/erders/Documents/TravelTap/TravelTap/Data/Countries/Europe/Montenegro/Cities/BudvaAttractions.swift (in target 'TravelTap' from project 'TravelTap')
    cd /Users/erders/Documents/TravelTap
    

SwiftCompile normal arm64 /Users/erders/Documents/TravelTap/TravelTap/Data/Countries/Europe/Montenegro/Cities/KotorAttractions.swift (in target 'TravelTap' from project 'TravelTap')
    cd /Users/erders/Documents/TravelTap
    

SwiftCompile normal arm64 /Users/erders/Documents/TravelTap/TravelTap/Data/Countries/Europe/Montenegro/Cities/PerastAttractions.swift (in target 'TravelTap' from project 'TravelTap')
    cd /Users/erders/Documents/TravelTap
    

SwiftCompile normal arm64 /Users/erders/Documents/TravelTap/TravelTap/Data/Countries/Europe/Montenegro/Cities/PodgoricaAttractions.swift (in target 'TravelTap' from project 'TravelTap')
    cd /Users/erders/Documents/TravelTap
    

SwiftCompile normal arm64 /Users/erders/Documents/TravelTap/TravelTap/Data/Countries/Europe/Montenegro/Cities/ZabljakAttractions.swift (in target 'TravelTap' from project 'TravelTap')
    cd /Users/erders/Documents/TravelTap
    

SwiftCompile normal arm64 /Users/erders/Documents/TravelTap/TravelTap/Data/Countries/Europe/Montenegro/MontenegroPackage.swift (in target 'TravelTap' from project 'TravelTap')
    cd /Users/erders/Documents/TravelTap
    

SwiftCompile normal arm64 /Users/erders/Documents/TravelTap/TravelTap/Data/Countries/Europe/Netherlands/Cities/AmsterdamAttractions.swift (in target 'TravelTap' from project 'TravelTap')
    cd /Users/erders/Documents/TravelTap
    

SwiftCompile normal arm64 /Users/erders/Documents/TravelTap/TravelTap/Data/Countries/Europe/Netherlands/Cities/EindhovenAttractions.swift (in target 'TravelTap' from project 'TravelTap')
    cd /Users/erders/Documents/TravelTap
    

SwiftCompile normal arm64 /Users/erders/Documents/TravelTap/TravelTap/Data/Countries/Europe/Netherlands/Cities/RotterdamAttractions.swift (in target 'TravelTap' from project 'TravelTap')
    cd /Users/erders/Documents/TravelTap
    

SwiftDriverJobDiscovery normal arm64 Compiling SanBernardinoAttractions.swift, VillarricaAttractions.swift, YbycuiAttractions.swift, ParaguayPackage.swift, ArequipaAttractions.swift, AyacuchoAttractions.swift, CajamarcaAttractions.swift, ChachapoyasAttractions.swift, ChiclayoAttractions.swift, CuscoAttractions.swift, HuacachinaAttractions.swift, HuarazAttractions.swift, IquitosAmazonAttractions.swift, LakeTiticacaAttractions.swift, LimaAttractions.swift, MachuPicchuAttractions.swift, MancoraAttractions.swift, NazcaAttractions.swift, ParacasAttractions.swift, PuertoMaldonadoAmazonAttractions.swift, SacredValleyAttractions.swift, TrujilloAttractions.swift, PeruPackage.swift, AlbinaAttractions.swift, BrokopondoAttractions.swift (in target 'TravelTap' from project 'TravelTap')

SwiftCompile normal arm64 Compiling\ AtlanticCoastAttractions.swift,\ BordeauxAttractions.swift,\ BrittanyAttractions.swift,\ BurgundyAttractions.swift,\ CannesAttractions.swift,\ CarcassonneAttractions.swift,\ CathedralsAttractions.swift,\ ChamonixAttractions.swift,\ ColmarAttractions.swift,\ CorsicaAttractions.swift,\ DordogneAttractions.swift,\ LilleAttractions.swift,\ LoireValleyAttractions.swift,\ LyonAttractions.swift,\ MarseilleAttractions.swift,\ MontSaintMichelAttractions.swift,\ NancyAttractions.swift,\ NiceAttractions.swift,\ NormandyAttractions.swift,\ ParisAttractions.swift,\ ProvenceAttractions.swift,\ ProvinsAttractions.swift,\ PyreneesAttractions.swift,\ ReimsAttractions.swift,\ SaintTropezAttractions.swift /Users/erders/Documents/TravelTap/TravelTap/Data/Countries/Europe/France/Cities/AtlanticCoastAttractions.swift /Users/erders/Documents/TravelTap/TravelTap/Data/Countries/Europe/France/Cities/BordeauxAttractions.swift /Users/erders/Documents/TravelTap/TravelTap/Data/Countries/Europe/France/Cities/BrittanyAttractions.swift /Users/erders/Documents/TravelTap/TravelTap/Data/Countries/Europe/France/Cities/BurgundyAttractions.swift /Users/erders/Documents/TravelTap/TravelTap/Data/Countries/Europe/France/Cities/CannesAttractions.swift /Users/erders/Documents/TravelTap/TravelTap/Data/Countries/Europe/France/Cities/CarcassonneAttractions.swift /Users/erders/Documents/TravelTap/TravelTap/Data/Countries/Europe/France/Cities/CathedralsAttractions.swift /Users/erders/Documents/TravelTap/TravelTap/Data/Countries/Europe/France/Cities/ChamonixAttractions.swift /Users/erders/Documents/TravelTap/TravelTap/Data/Countries/Europe/France/Cities/ColmarAttractions.swift /Users/erders/Documents/TravelTap/TravelTap/Data/Countries/Europe/France/Cities/CorsicaAttractions.swift /Users/erders/Documents/TravelTap/TravelTap/Data/Countries/Europe/France/Cities/DordogneAttractions.swift /Users/erders/Documents/TravelTap/TravelTap/Data/Countries/Europe/France/Cities/LilleAttractions.swift /Users/erders/Documents/TravelTap/TravelTap/Data/Countries/Europe/France/Cities/LoireValleyAttractions.swift /Users/erders/Documents/TravelTap/TravelTap/Data/Countries/Europe/France/Cities/LyonAttractions.swift /Users/erders/Documents/TravelTap/TravelTap/Data/Countries/Europe/France/Cities/MarseilleAttractions.swift /Users/erders/Documents/TravelTap/TravelTap/Data/Countries/Europe/France/Cities/MontSaintMichelAttractions.swift /Users/erders/Documents/TravelTap/TravelTap/Data/Countries/Europe/France/Cities/NancyAttractions.swift /Users/erders/Documents/TravelTap/TravelTap/Data/Countries/Europe/France/Cities/NiceAttractions.swift /Users/erders/Documents/TravelTap/TravelTap/Data/Countries/Europe/France/Cities/NormandyAttractions.swift /Users/erders/Documents/TravelTap/TravelTap/Data/Countries/Europe/France/Cities/ParisAttractions.swift /Users/erders/Documents/TravelTap/TravelTap/Data/Countries/Europe/France/Cities/ProvenceAttractions.swift /Users/erders/Documents/TravelTap/TravelTap/Data/Countries/Europe/France/Cities/ProvinsAttractions.swift /Users/erders/Documents/TravelTap/TravelTap/Data/Countries/Europe/France/Cities/PyreneesAttractions.swift /Users/erders/Documents/TravelTap/TravelTap/Data/Countries/Europe/France/Cities/ReimsAttractions.swift /Users/erders/Documents/TravelTap/TravelTap/Data/Countries/Europe/France/Cities/SaintTropezAttractions.swift (in target 'TravelTap' from project 'TravelTap')

SwiftCompile normal arm64 /Users/erders/Documents/TravelTap/TravelTap/Data/Countries/Europe/France/Cities/AtlanticCoastAttractions.swift (in target 'TravelTap' from project 'TravelTap')
    cd /Users/erders/Documents/TravelTap
    

SwiftCompile normal arm64 /Users/erders/Documents/TravelTap/TravelTap/Data/Countries/Europe/France/Cities/BordeauxAttractions.swift (in target 'TravelTap' from project 'TravelTap')
    cd /Users/erders/Documents/TravelTap
    

SwiftCompile normal arm64 /Users/erders/Documents/TravelTap/TravelTap/Data/Countries/Europe/France/Cities/BrittanyAttractions.swift (in target 'TravelTap' from project 'TravelTap')
    cd /Users/erders/Documents/TravelTap
    

SwiftCompile normal arm64 /Users/erders/Documents/TravelTap/TravelTap/Data/Countries/Europe/France/Cities/BurgundyAttractions.swift (in target 'TravelTap' from project 'TravelTap')
    cd /Users/erders/Documents/TravelTap
    

SwiftCompile normal arm64 /Users/erders/Documents/TravelTap/TravelTap/Data/Countries/Europe/France/Cities/CannesAttractions.swift (in target 'TravelTap' from project 'TravelTap')
    cd /Users/erders/Documents/TravelTap
    

SwiftCompile normal arm64 /Users/erders/Documents/TravelTap/TravelTap/Data/Countries/Europe/France/Cities/CarcassonneAttractions.swift (in target 'TravelTap' from project 'TravelTap')
    cd /Users/erders/Documents/TravelTap
    

SwiftCompile normal arm64 /Users/erders/Documents/TravelTap/TravelTap/Data/Countries/Europe/France/Cities/CathedralsAttractions.swift (in target 'TravelTap' from project 'TravelTap')
    cd /Users/erders/Documents/TravelTap
    

SwiftCompile normal arm64 /Users/erders/Documents/TravelTap/TravelTap/Data/Countries/Europe/France/Cities/ChamonixAttractions.swift (in target 'TravelTap' from project 'TravelTap')
    cd /Users/erders/Documents/TravelTap
    

SwiftCompile normal arm64 /Users/erders/Documents/TravelTap/TravelTap/Data/Countries/Europe/France/Cities/ColmarAttractions.swift (in target 'TravelTap' from project 'TravelTap')
    cd /Users/erders/Documents/TravelTap
    

SwiftCompile normal arm64 /Users/erders/Documents/TravelTap/TravelTap/Data/Countries/Europe/France/Cities/CorsicaAttractions.swift (in target 'TravelTap' from project 'TravelTap')
    cd /Users/erders/Documents/TravelTap
    

SwiftCompile normal arm64 /Users/erders/Documents/TravelTap/TravelTap/Data/Countries/Europe/France/Cities/DordogneAttractions.swift (in target 'TravelTap' from project 'TravelTap')
    cd /Users/erders/Documents/TravelTap
    

SwiftCompile normal arm64 /Users/erders/Documents/TravelTap/TravelTap/Data/Countries/Europe/France/Cities/LilleAttractions.swift (in target 'TravelTap' from project 'TravelTap')
    cd /Users/erders/Documents/TravelTap
    

SwiftCompile normal arm64 /Users/erders/Documents/TravelTap/TravelTap/Data/Countries/Europe/France/Cities/LoireValleyAttractions.swift (in target 'TravelTap' from project 'TravelTap')
    cd /Users/erders/Documents/TravelTap
    

SwiftCompile normal arm64 /Users/erders/Documents/TravelTap/TravelTap/Data/Countries/Europe/France/Cities/LyonAttractions.swift (in target 'TravelTap' from project 'TravelTap')
    cd /Users/erders/Documents/TravelTap
    

SwiftCompile normal arm64 /Users/erders/Documents/TravelTap/TravelTap/Data/Countries/Europe/France/Cities/MarseilleAttractions.swift (in target 'TravelTap' from project 'TravelTap')
    cd /Users/erders/Documents/TravelTap
    

SwiftCompile normal arm64 /Users/erders/Documents/TravelTap/TravelTap/Data/Countries/Europe/France/Cities/MontSaintMichelAttractions.swift (in target 'TravelTap' from project 'TravelTap')
    cd /Users/erders/Documents/TravelTap
    

SwiftCompile normal arm64 /Users/erders/Documents/TravelTap/TravelTap/Data/Countries/Europe/France/Cities/NancyAttractions.swift (in target 'TravelTap' from project 'TravelTap')
    cd /Users/erders/Documents/TravelTap
    

SwiftCompile normal arm64 /Users/erders/Documents/TravelTap/TravelTap/Data/Countries/Europe/France/Cities/NiceAttractions.swift (in target 'TravelTap' from project 'TravelTap')
    cd /Users/erders/Documents/TravelTap
    

SwiftCompile normal arm64 /Users/erders/Documents/TravelTap/TravelTap/Data/Countries/Europe/France/Cities/NormandyAttractions.swift (in target 'TravelTap' from project 'TravelTap')
    cd /Users/erders/Documents/TravelTap
    

SwiftCompile normal arm64 /Users/erders/Documents/TravelTap/TravelTap/Data/Countries/Europe/France/Cities/ParisAttractions.swift (in target 'TravelTap' from project 'TravelTap')
    cd /Users/erders/Documents/TravelTap
    

SwiftCompile normal arm64 /Users/erders/Documents/TravelTap/TravelTap/Data/Countries/Europe/France/Cities/ProvenceAttractions.swift (in target 'TravelTap' from project 'TravelTap')
    cd /Users/erders/Documents/TravelTap
    

SwiftCompile normal arm64 /Users/erders/Documents/TravelTap/TravelTap/Data/Countries/Europe/France/Cities/ProvinsAttractions.swift (in target 'TravelTap' from project 'TravelTap')
    cd /Users/erders/Documents/TravelTap
    

SwiftCompile normal arm64 /Users/erders/Documents/TravelTap/TravelTap/Data/Countries/Europe/France/Cities/PyreneesAttractions.swift (in target 'TravelTap' from project 'TravelTap')
    cd /Users/erders/Documents/TravelTap
    

SwiftCompile normal arm64 /Users/erders/Documents/TravelTap/TravelTap/Data/Countries/Europe/France/Cities/ReimsAttractions.swift (in target 'TravelTap' from project 'TravelTap')
    cd /Users/erders/Documents/TravelTap
    

SwiftCompile normal arm64 /Users/erders/Documents/TravelTap/TravelTap/Data/Countries/Europe/France/Cities/SaintTropezAttractions.swift (in target 'TravelTap' from project 'TravelTap')
    cd /Users/erders/Documents/TravelTap
    

SwiftDriverJobDiscovery normal arm64 Compiling PerthshireAttractions.swift, PitlochryAttractions.swift, DundeeAttractions.swift, OuterHebridesAttractions.swift, IsleOfSkyeAttractions.swift, GlencoeAttractions.swift, LochNessAttractions.swift, DumfriesAndGallowayAttractions.swift, CairngormsAttractions.swift, ScottishBordersAttractions.swift, FortWilliamAttractions.swift, LochLomondAttractions.swift, BohemianSwitzerlandAttractions.swift, ZnojmoAttractions.swift, HradecKraloveAttractions.swift, HlubokaAttractions.swift, TrebicAttractions.swift, LoketAttractions.swift, KonopisteAttractions.swift, LitomyslAttractions.swift, OstravaAttractions.swift, RoudniceAttractions.swift, MikulovAttractions.swift, KutnaHoraAttractions.swift, LiberecAttractions.swift (in target 'TravelTap' from project 'TravelTap')

SwiftCompile normal arm64 Compiling\ LaRiojaAttractions.swift,\ GijonAttractions.swift,\ SalamancaAttractions.swift,\ BurgosAttractions.swift,\ RondaAttractions.swift,\ CadizAttractions.swift,\ MarbellaAttractions.swift,\ OviedoAttractions.swift,\ ZaragozaAttractions.swift,\ IbizaAttractions.swift,\ SegoviaAttractions.swift,\ SantanderAttractions.swift,\ SantiagoDeCompostelaAttractions.swift,\ TarragonaAttractions.swift,\ MalagaAttractions.swift,\ LeonAttractions.swift,\ ESPMeridaAttractions.swift,\ ESPCuencaAttractions.swift,\ ESPLeonAttractions.swift,\ CuencaAttractions.swift,\ MeridaAttractions.swift,\ PalermoAttractions.swift,\ AssisiAttractions.swift,\ ParmaAttractions.swift,\ AgrigentoAttractions.swift /Users/erders/Documents/TravelTap/TravelTap/Data/Countries/Europe/Spain/Cities/LaRiojaAttractions.swift /Users/erders/Documents/TravelTap/TravelTap/Data/Countries/Europe/Spain/Cities/GijonAttractions.swift /Users/erders/Documents/TravelTap/TravelTap/Data/Countries/Europe/Spain/Cities/SalamancaAttractions.swift /Users/erders/Documents/TravelTap/TravelTap/Data/Countries/Europe/Spain/Cities/BurgosAttractions.swift /Users/erders/Documents/TravelTap/TravelTap/Data/Countries/Europe/Spain/Cities/RondaAttractions.swift /Users/erders/Documents/TravelTap/TravelTap/Data/Countries/Europe/Spain/Cities/CadizAttractions.swift /Users/erders/Documents/TravelTap/TravelTap/Data/Countries/Europe/Spain/Cities/MarbellaAttractions.swift /Users/erders/Documents/TravelTap/TravelTap/Data/Countries/Europe/Spain/Cities/OviedoAttractions.swift /Users/erders/Documents/TravelTap/TravelTap/Data/Countries/Europe/Spain/Cities/ZaragozaAttractions.swift /Users/erders/Documents/TravelTap/TravelTap/Data/Countries/Europe/Spain/Cities/IbizaAttractions.swift /Users/erders/Documents/TravelTap/TravelTap/Data/Countries/Europe/Spain/Cities/SegoviaAttractions.swift /Users/erders/Documents/TravelTap/TravelTap/Data/Countries/Europe/Spain/Cities/SantanderAttractions.swift /Users/erders/Documents/TravelTap/TravelTap/Data/Countries/Europe/Spain/Cities/SantiagoDeCompostelaAttractions.swift /Users/erders/Documents/TravelTap/TravelTap/Data/Countries/Europe/Spain/Cities/TarragonaAttractions.swift /Users/erders/Documents/TravelTap/TravelTap/Data/Countries/Europe/Spain/Cities/MalagaAttractions.swift /Users/erders/Documents/TravelTap/TravelTap/Data/Countries/CentralAmerica/Nicaragua/Cities/LeonAttractions.swift /Users/erders/Documents/TravelTap/TravelTap/Data/Countries/Europe/Spain/Cities/ESPMeridaAttractions.swift /Users/erders/Documents/TravelTap/TravelTap/Data/Countries/Europe/Spain/Cities/ESPCuencaAttractions.swift /Users/erders/Documents/TravelTap/TravelTap/Data/Countries/Europe/Spain/Cities/ESPLeonAttractions.swift /Users/erders/Documents/TravelTap/TravelTap/Data/Countries/SouthAmerica/Ecuador/Cities/CuencaAttractions.swift /Users/erders/Documents/TravelTap/TravelTap/Data/Countries/SouthAmerica/Venezuela/Cities/MeridaAttractions.swift /Users/erders/Documents/TravelTap/TravelTap/Data/Countries/Europe/Italy/Cities/PalermoAttractions.swift /Users/erders/Documents/TravelTap/TravelTap/Data/Countries/Europe/Italy/Cities/AssisiAttractions.swift /Users/erders/Documents/TravelTap/TravelTap/Data/Countries/Europe/Italy/Cities/ParmaAttractions.swift /Users/erders/Documents/TravelTap/TravelTap/Data/Countries/Europe/Italy/Cities/AgrigentoAttractions.swift (in target 'TravelTap' from project 'TravelTap')

SwiftCompile normal arm64 /Users/erders/Documents/TravelTap/TravelTap/Data/Countries/Europe/Spain/Cities/LaRiojaAttractions.swift (in target 'TravelTap' from project 'TravelTap')
    cd /Users/erders/Documents/TravelTap
    

SwiftCompile normal arm64 /Users/erders/Documents/TravelTap/TravelTap/Data/Countries/Europe/Spain/Cities/GijonAttractions.swift (in target 'TravelTap' from project 'TravelTap')
    cd /Users/erders/Documents/TravelTap
    

SwiftCompile normal arm64 /Users/erders/Documents/TravelTap/TravelTap/Data/Countries/Europe/Spain/Cities/SalamancaAttractions.swift (in target 'TravelTap' from project 'TravelTap')
    cd /Users/erders/Documents/TravelTap
    

SwiftCompile normal arm64 /Users/erders/Documents/TravelTap/TravelTap/Data/Countries/Europe/Spain/Cities/BurgosAttractions.swift (in target 'TravelTap' from project 'TravelTap')
    cd /Users/erders/Documents/TravelTap
    

SwiftCompile normal arm64 /Users/erders/Documents/TravelTap/TravelTap/Data/Countries/Europe/Spain/Cities/RondaAttractions.swift (in target 'TravelTap' from project 'TravelTap')
    cd /Users/erders/Documents/TravelTap
    

SwiftCompile normal arm64 /Users/erders/Documents/TravelTap/TravelTap/Data/Countries/Europe/Spain/Cities/CadizAttractions.swift (in target 'TravelTap' from project 'TravelTap')
    cd /Users/erders/Documents/TravelTap
    

SwiftCompile normal arm64 /Users/erders/Documents/TravelTap/TravelTap/Data/Countries/Europe/Spain/Cities/MarbellaAttractions.swift (in target 'TravelTap' from project 'TravelTap')
    cd /Users/erders/Documents/TravelTap
    

SwiftCompile normal arm64 /Users/erders/Documents/TravelTap/TravelTap/Data/Countries/Europe/Spain/Cities/OviedoAttractions.swift (in target 'TravelTap' from project 'TravelTap')
    cd /Users/erders/Documents/TravelTap
    

SwiftCompile normal arm64 /Users/erders/Documents/TravelTap/TravelTap/Data/Countries/Europe/Spain/Cities/ZaragozaAttractions.swift (in target 'TravelTap' from project 'TravelTap')
    cd /Users/erders/Documents/TravelTap
    

SwiftCompile normal arm64 /Users/erders/Documents/TravelTap/TravelTap/Data/Countries/Europe/Spain/Cities/IbizaAttractions.swift (in target 'TravelTap' from project 'TravelTap')
    cd /Users/erders/Documents/TravelTap
    

SwiftCompile normal arm64 /Users/erders/Documents/TravelTap/TravelTap/Data/Countries/Europe/Spain/Cities/SegoviaAttractions.swift (in target 'TravelTap' from project 'TravelTap')
    cd /Users/erders/Documents/TravelTap
    

SwiftCompile normal arm64 /Users/erders/Documents/TravelTap/TravelTap/Data/Countries/Europe/Spain/Cities/SantanderAttractions.swift (in target 'TravelTap' from project 'TravelTap')
    cd /Users/erders/Documents/TravelTap
    

SwiftCompile normal arm64 /Users/erders/Documents/TravelTap/TravelTap/Data/Countries/Europe/Spain/Cities/SantiagoDeCompostelaAttractions.swift (in target 'TravelTap' from project 'TravelTap')
    cd /Users/erders/Documents/TravelTap
    

SwiftCompile normal arm64 /Users/erders/Documents/TravelTap/TravelTap/Data/Countries/Europe/Spain/Cities/TarragonaAttractions.swift (in target 'TravelTap' from project 'TravelTap')
    cd /Users/erders/Documents/TravelTap
    

SwiftCompile normal arm64 /Users/erders/Documents/TravelTap/TravelTap/Data/Countries/Europe/Spain/Cities/MalagaAttractions.swift (in target 'TravelTap' from project 'TravelTap')
    cd /Users/erders/Documents/TravelTap
    

SwiftCompile normal arm64 /Users/erders/Documents/TravelTap/TravelTap/Data/Countries/CentralAmerica/Nicaragua/Cities/LeonAttractions.swift (in target 'TravelTap' from project 'TravelTap')
    cd /Users/erders/Documents/TravelTap
    

SwiftCompile normal arm64 /Users/erders/Documents/TravelTap/TravelTap/Data/Countries/Europe/Spain/Cities/ESPMeridaAttractions.swift (in target 'TravelTap' from project 'TravelTap')
    cd /Users/erders/Documents/TravelTap
    

SwiftCompile normal arm64 /Users/erders/Documents/TravelTap/TravelTap/Data/Countries/Europe/Spain/Cities/ESPCuencaAttractions.swift (in target 'TravelTap' from project 'TravelTap')
    cd /Users/erders/Documents/TravelTap
    

SwiftCompile normal arm64 /Users/erders/Documents/TravelTap/TravelTap/Data/Countries/Europe/Spain/Cities/ESPLeonAttractions.swift (in target 'TravelTap' from project 'TravelTap')
    cd /Users/erders/Documents/TravelTap
    

SwiftCompile normal arm64 /Users/erders/Documents/TravelTap/TravelTap/Data/Countries/SouthAmerica/Ecuador/Cities/CuencaAttractions.swift (in target 'TravelTap' from project 'TravelTap')
    cd /Users/erders/Documents/TravelTap
    

SwiftCompile normal arm64 /Users/erders/Documents/TravelTap/TravelTap/Data/Countries/SouthAmerica/Venezuela/Cities/MeridaAttractions.swift (in target 'TravelTap' from project 'TravelTap')
    cd /Users/erders/Documents/TravelTap
    

SwiftCompile normal arm64 /Users/erders/Documents/TravelTap/TravelTap/Data/Countries/Europe/Italy/Cities/PalermoAttractions.swift (in target 'TravelTap' from project 'TravelTap')
    cd /Users/erders/Documents/TravelTap
    

SwiftCompile normal arm64 /Users/erders/Documents/TravelTap/TravelTap/Data/Countries/Europe/Italy/Cities/AssisiAttractions.swift (in target 'TravelTap' from project 'TravelTap')
    cd /Users/erders/Documents/TravelTap
    

SwiftCompile normal arm64 /Users/erders/Documents/TravelTap/TravelTap/Data/Countries/Europe/Italy/Cities/ParmaAttractions.swift (in target 'TravelTap' from project 'TravelTap')
    cd /Users/erders/Documents/TravelTap
    

SwiftCompile normal arm64 /Users/erders/Documents/TravelTap/TravelTap/Data/Countries/Europe/Italy/Cities/AgrigentoAttractions.swift (in target 'TravelTap' from project 'TravelTap')
    cd /Users/erders/Documents/TravelTap
    

SwiftDriverJobDiscovery normal arm64 Compiling AntsirabeAttractions.swift, MasoalaAttractions.swift, IleSainteMarieAttractions.swift, RanomafanaAttractions.swift, MahajangaAttractions.swift, FortDauphinAttractions.swift, IsaloAttractions.swift, NosyBeAttractions.swift, AntsirananaAttractions.swift, AntananarivoAttractions.swift, ToamasinaAttractions.swift, ToliaraAttractions.swift, CanberraAttractions.swift, GreatBarrierReefAttractions.swift, NapierHawkesBayAttractions.swift, CoromandelAttractions.swift, BayOfIslandsAttractions.swift, MarlboroughAttractions.swift, DunedinAttractions.swift, NelsonAbelTasmanAttractions.swift, WestCoastAttractions.swift, WanakaAttractions.swift, StewartIslandAttractions.swift, MilfordSoundAttractions.swift, TaupoAttractions.swift (in target 'TravelTap' from project 'TravelTap')

SwiftCompile normal arm64 Compiling\ BusuangaAttractions.swift,\ PangasinanAttractions.swift,\ DumagueteAttractions.swift,\ PanglaoAttractions.swift,\ SubicAttractions.swift,\ PhuQuocAttractions.swift,\ NinhBinhAttractions.swift,\ DaNangAttractions.swift,\ DaLatAttractions.swift,\ NhaTrangAttractions.swift,\ MuiNeAttractions.swift,\ HaLongBayAttractions.swift,\ PhongNhaAttractions.swift,\ QuyNhonAttractions.swift,\ ConDaoAttractions.swift,\ HoiAnAttractions.swift,\ CanThoAttractions.swift,\ HueAttractions.swift,\ ChauDocAttractions.swift,\ SapaAttractions.swift,\ BukitLawangAttractions.swift,\ BintanAttractions.swift,\ AcehAttractions.swift,\ BromoAttractions.swift,\ JakartaAttractions.swift /Users/erders/Documents/TravelTap/TravelTap/Data/Countries/Asia/SoutheastAsia/Philippines/Cities/BusuangaAttractions.swift /Users/erders/Documents/TravelTap/TravelTap/Data/Countries/Asia/SoutheastAsia/Philippines/Cities/PangasinanAttractions.swift /Users/erders/Documents/TravelTap/TravelTap/Data/Countries/Asia/SoutheastAsia/Philippines/Cities/DumagueteAttractions.swift /Users/erders/Documents/TravelTap/TravelTap/Data/Countries/Asia/SoutheastAsia/Philippines/Cities/PanglaoAttractions.swift /Users/erders/Documents/TravelTap/TravelTap/Data/Countries/Asia/SoutheastAsia/Philippines/Cities/SubicAttractions.swift /Users/erders/Documents/TravelTap/TravelTap/Data/Countries/Asia/SoutheastAsia/Vietnam/Cities/PhuQuocAttractions.swift /Users/erders/Documents/TravelTap/TravelTap/Data/Countries/Asia/SoutheastAsia/Vietnam/Cities/NinhBinhAttractions.swift /Users/erders/Documents/TravelTap/TravelTap/Data/Countries/Asia/SoutheastAsia/Vietnam/Cities/DaNangAttractions.swift /Users/erders/Documents/TravelTap/TravelTap/Data/Countries/Asia/SoutheastAsia/Vietnam/Cities/DaLatAttractions.swift /Users/erders/Documents/TravelTap/TravelTap/Data/Countries/Asia/SoutheastAsia/Vietnam/Cities/NhaTrangAttractions.swift /Users/erders/Documents/TravelTap/TravelTap/Data/Countries/Asia/SoutheastAsia/Vietnam/Cities/MuiNeAttractions.swift /Users/erders/Documents/TravelTap/TravelTap/Data/Countries/Asia/SoutheastAsia/Vietnam/Cities/HaLongBayAttractions.swift /Users/erders/Documents/TravelTap/TravelTap/Data/Countries/Asia/SoutheastAsia/Vietnam/Cities/PhongNhaAttractions.swift /Users/erders/Documents/TravelTap/TravelTap/Data/Countries/Asia/SoutheastAsia/Vietnam/Cities/QuyNhonAttractions.swift /Users/erders/Documents/TravelTap/TravelTap/Data/Countries/Asia/SoutheastAsia/Vietnam/Cities/ConDaoAttractions.swift /Users/erders/Documents/TravelTap/TravelTap/Data/Countries/Asia/SoutheastAsia/Vietnam/Cities/HoiAnAttractions.swift /Users/erders/Documents/TravelTap/TravelTap/Data/Countries/Asia/SoutheastAsia/Vietnam/Cities/CanThoAttractions.swift /Users/erders/Documents/TravelTap/TravelTap/Data/Countries/Asia/SoutheastAsia/Vietnam/Cities/HueAttractions.swift /Users/erders/Documents/TravelTap/TravelTap/Data/Countries/Asia/SoutheastAsia/Vietnam/Cities/ChauDocAttractions.swift /Users/erders/Documents/TravelTap/TravelTap/Data/Countries/Asia/SoutheastAsia/Vietnam/Cities/SapaAttractions.swift /Users/erders/Documents/TravelTap/TravelTap/Data/Countries/Asia/SoutheastAsia/Indonesia/Cities/BukitLawangAttractions.swift /Users/erders/Documents/TravelTap/TravelTap/Data/Countries/Asia/SoutheastAsia/Indonesia/Cities/BintanAttractions.swift /Users/erders/Documents/TravelTap/TravelTap/Data/Countries/Asia/SoutheastAsia/Indonesia/Cities/AcehAttractions.swift /Users/erders/Documents/TravelTap/TravelTap/Data/Countries/Asia/SoutheastAsia/Indonesia/Cities/BromoAttractions.swift /Users/erders/Documents/TravelTap/TravelTap/Data/Countries/Asia/SoutheastAsia/Indonesia/Cities/JakartaAttractions.swift (in target 'TravelTap' from project 'TravelTap')

SwiftCompile normal arm64 /Users/erders/Documents/TravelTap/TravelTap/Data/Countries/Asia/SoutheastAsia/Philippines/Cities/BusuangaAttractions.swift (in target 'TravelTap' from project 'TravelTap')
    cd /Users/erders/Documents/TravelTap
    

SwiftCompile normal arm64 /Users/erders/Documents/TravelTap/TravelTap/Data/Countries/Asia/SoutheastAsia/Philippines/Cities/PangasinanAttractions.swift (in target 'TravelTap' from project 'TravelTap')
    cd /Users/erders/Documents/TravelTap
    

SwiftCompile normal arm64 /Users/erders/Documents/TravelTap/TravelTap/Data/Countries/Asia/SoutheastAsia/Philippines/Cities/DumagueteAttractions.swift (in target 'TravelTap' from project 'TravelTap')
    cd /Users/erders/Documents/TravelTap
    

SwiftCompile normal arm64 /Users/erders/Documents/TravelTap/TravelTap/Data/Countries/Asia/SoutheastAsia/Philippines/Cities/PanglaoAttractions.swift (in target 'TravelTap' from project 'TravelTap')
    cd /Users/erders/Documents/TravelTap
    

SwiftCompile normal arm64 /Users/erders/Documents/TravelTap/TravelTap/Data/Countries/Asia/SoutheastAsia/Philippines/Cities/SubicAttractions.swift (in target 'TravelTap' from project 'TravelTap')
    cd /Users/erders/Documents/TravelTap
    

SwiftCompile normal arm64 /Users/erders/Documents/TravelTap/TravelTap/Data/Countries/Asia/SoutheastAsia/Vietnam/Cities/PhuQuocAttractions.swift (in target 'TravelTap' from project 'TravelTap')
    cd /Users/erders/Documents/TravelTap
    

SwiftCompile normal arm64 /Users/erders/Documents/TravelTap/TravelTap/Data/Countries/Asia/SoutheastAsia/Vietnam/Cities/NinhBinhAttractions.swift (in target 'TravelTap' from project 'TravelTap')
    cd /Users/erders/Documents/TravelTap
    

SwiftCompile normal arm64 /Users/erders/Documents/TravelTap/TravelTap/Data/Countries/Asia/SoutheastAsia/Vietnam/Cities/DaNangAttractions.swift (in target 'TravelTap' from project 'TravelTap')
    cd /Users/erders/Documents/TravelTap
    

SwiftCompile normal arm64 /Users/erders/Documents/TravelTap/TravelTap/Data/Countries/Asia/SoutheastAsia/Vietnam/Cities/DaLatAttractions.swift (in target 'TravelTap' from project 'TravelTap')
    cd /Users/erders/Documents/TravelTap
    

SwiftCompile normal arm64 /Users/erders/Documents/TravelTap/TravelTap/Data/Countries/Asia/SoutheastAsia/Vietnam/Cities/NhaTrangAttractions.swift (in target 'TravelTap' from project 'TravelTap')
    cd /Users/erders/Documents/TravelTap
    

SwiftCompile normal arm64 /Users/erders/Documents/TravelTap/TravelTap/Data/Countries/Asia/SoutheastAsia/Vietnam/Cities/MuiNeAttractions.swift (in target 'TravelTap' from project 'TravelTap')
    cd /Users/erders/Documents/TravelTap
    

SwiftCompile normal arm64 /Users/erders/Documents/TravelTap/TravelTap/Data/Countries/Asia/SoutheastAsia/Vietnam/Cities/HaLongBayAttractions.swift (in target 'TravelTap' from project 'TravelTap')
    cd /Users/erders/Documents/TravelTap
    

SwiftCompile normal arm64 /Users/erders/Documents/TravelTap/TravelTap/Data/Countries/Asia/SoutheastAsia/Vietnam/Cities/PhongNhaAttractions.swift (in target 'TravelTap' from project 'TravelTap')
    cd /Users/erders/Documents/TravelTap
    

SwiftCompile normal arm64 /Users/erders/Documents/TravelTap/TravelTap/Data/Countries/Asia/SoutheastAsia/Vietnam/Cities/QuyNhonAttractions.swift (in target 'TravelTap' from project 'TravelTap')
    cd /Users/erders/Documents/TravelTap
    

SwiftCompile normal arm64 /Users/erders/Documents/TravelTap/TravelTap/Data/Countries/Asia/SoutheastAsia/Vietnam/Cities/ConDaoAttractions.swift (in target 'TravelTap' from project 'TravelTap')
    cd /Users/erders/Documents/TravelTap
    

SwiftCompile normal arm64 /Users/erders/Documents/TravelTap/TravelTap/Data/Countries/Asia/SoutheastAsia/Vietnam/Cities/HoiAnAttractions.swift (in target 'TravelTap' from project 'TravelTap')
    cd /Users/erders/Documents/TravelTap
    

SwiftCompile normal arm64 /Users/erders/Documents/TravelTap/TravelTap/Data/Countries/Asia/SoutheastAsia/Vietnam/Cities/CanThoAttractions.swift (in target 'TravelTap' from project 'TravelTap')
    cd /Users/erders/Documents/TravelTap
    

SwiftCompile normal arm64 /Users/erders/Documents/TravelTap/TravelTap/Data/Countries/Asia/SoutheastAsia/Vietnam/Cities/HueAttractions.swift (in target 'TravelTap' from project 'TravelTap')
    cd /Users/erders/Documents/TravelTap
    

SwiftCompile normal arm64 /Users/erders/Documents/TravelTap/TravelTap/Data/Countries/Asia/SoutheastAsia/Vietnam/Cities/ChauDocAttractions.swift (in target 'TravelTap' from project 'TravelTap')
    cd /Users/erders/Documents/TravelTap
    

SwiftCompile normal arm64 /Users/erders/Documents/TravelTap/TravelTap/Data/Countries/Asia/SoutheastAsia/Vietnam/Cities/SapaAttractions.swift (in target 'TravelTap' from project 'TravelTap')
    cd /Users/erders/Documents/TravelTap
    

SwiftCompile normal arm64 /Users/erders/Documents/TravelTap/TravelTap/Data/Countries/Asia/SoutheastAsia/Indonesia/Cities/BukitLawangAttractions.swift (in target 'TravelTap' from project 'TravelTap')
    cd /Users/erders/Documents/TravelTap
    

SwiftCompile normal arm64 /Users/erders/Documents/TravelTap/TravelTap/Data/Countries/Asia/SoutheastAsia/Indonesia/Cities/BintanAttractions.swift (in target 'TravelTap' from project 'TravelTap')
    cd /Users/erders/Documents/TravelTap
    

SwiftCompile normal arm64 /Users/erders/Documents/TravelTap/TravelTap/Data/Countries/Asia/SoutheastAsia/Indonesia/Cities/AcehAttractions.swift (in target 'TravelTap' from project 'TravelTap')
    cd /Users/erders/Documents/TravelTap
    

SwiftCompile normal arm64 /Users/erders/Documents/TravelTap/TravelTap/Data/Countries/Asia/SoutheastAsia/Indonesia/Cities/BromoAttractions.swift (in target 'TravelTap' from project 'TravelTap')
    cd /Users/erders/Documents/TravelTap
    

SwiftCompile normal arm64 /Users/erders/Documents/TravelTap/TravelTap/Data/Countries/Asia/SoutheastAsia/Indonesia/Cities/JakartaAttractions.swift (in target 'TravelTap' from project 'TravelTap')
    cd /Users/erders/Documents/TravelTap
    

SwiftDriverJobDiscovery normal arm64 Compiling CausewayCoastAttractions.swift, TheBurrenAttractions.swift, DinglePeninsulaAttractions.swift, KildareAttractions.swift, AranIslandsAttractions.swift, WicklowAttractions.swift, DroghedaAttractions.swift, MeathAttractions.swift, ConnemaraAttractions.swift, SligoAttractions.swift, DonegalAttractions.swift, RingOfKerryAttractions.swift, CashelAttractions.swift, KilkennyAttractions.swift, CliffsOfMoherAttractions.swift, WexfordAttractions.swift, ClonmacnoiseAttractions.swift, WaterfordAttractions.swift, StirlingAttractions.swift, IslayAttractions.swift, AyrAttractions.swift, ObanAttractions.swift, OrkneyIslandsAttractions.swift, AberdeenAttractions.swift, ShetlandIslandsAttractions.swift (in target 'TravelTap' from project 'TravelTap')

SwiftCompile normal arm64 Compiling\ MacauAttractions.swift,\ WuhanAttractions.swift,\ YunnanAttractions.swift,\ HongKongAttractions.swift,\ GuangzhouAttractions.swift,\ HuangshanAttractions.swift,\ QingdaoAttractions.swift,\ XiamenAttractions.swift,\ HarbinAttractions.swift,\ NagasakiAttractions.swift,\ YokohamaAttractions.swift,\ IseAttractions.swift,\ NagoyaAttractions.swift,\ MountFujiAttractions.swift,\ BeppuAttractions.swift,\ MatsuyamaAttractions.swift,\ KamakuraAttractions.swift,\ KobeAttractions.swift,\ MatsumotoAttractions.swift,\ TakayamaAttractions.swift,\ KanazawaAttractions.swift,\ WakayamaAttractions.swift,\ OkayamaAttractions.swift,\ AltaiAttractions.swift,\ EasternMongoliaAttractions.swift /Users/erders/Documents/TravelTap/TravelTap/Data/Countries/Asia/EastAsia/China/Cities/MacauAttractions.swift /Users/erders/Documents/TravelTap/TravelTap/Data/Countries/Asia/EastAsia/China/Cities/WuhanAttractions.swift /Users/erders/Documents/TravelTap/TravelTap/Data/Countries/Asia/EastAsia/China/Cities/YunnanAttractions.swift /Users/erders/Documents/TravelTap/TravelTap/Data/Countries/Asia/EastAsia/China/Cities/HongKongAttractions.swift /Users/erders/Documents/TravelTap/TravelTap/Data/Countries/Asia/EastAsia/China/Cities/GuangzhouAttractions.swift /Users/erders/Documents/TravelTap/TravelTap/Data/Countries/Asia/EastAsia/China/Cities/HuangshanAttractions.swift /Users/erders/Documents/TravelTap/TravelTap/Data/Countries/Asia/EastAsia/China/Cities/QingdaoAttractions.swift /Users/erders/Documents/TravelTap/TravelTap/Data/Countries/Asia/EastAsia/China/Cities/XiamenAttractions.swift /Users/erders/Documents/TravelTap/TravelTap/Data/Countries/Asia/EastAsia/China/Cities/HarbinAttractions.swift /Users/erders/Documents/TravelTap/TravelTap/Data/Countries/Asia/EastAsia/Japan/Cities/NagasakiAttractions.swift /Users/erders/Documents/TravelTap/TravelTap/Data/Countries/Asia/EastAsia/Japan/Cities/YokohamaAttractions.swift /Users/erders/Documents/TravelTap/TravelTap/Data/Countries/Asia/EastAsia/Japan/Cities/IseAttractions.swift /Users/erders/Documents/TravelTap/TravelTap/Data/Countries/Asia/EastAsia/Japan/Cities/NagoyaAttractions.swift /Users/erders/Documents/TravelTap/TravelTap/Data/Countries/Asia/EastAsia/Japan/Cities/MountFujiAttractions.swift /Users/erders/Documents/TravelTap/TravelTap/Data/Countries/Asia/EastAsia/Japan/Cities/BeppuAttractions.swift /Users/erders/Documents/TravelTap/TravelTap/Data/Countries/Asia/EastAsia/Japan/Cities/MatsuyamaAttractions.swift /Users/erders/Documents/TravelTap/TravelTap/Data/Countries/Asia/EastAsia/Japan/Cities/KamakuraAttractions.swift /Users/erders/Documents/TravelTap/TravelTap/Data/Countries/Asia/EastAsia/Japan/Cities/KobeAttractions.swift /Users/erders/Documents/TravelTap/TravelTap/Data/Countries/Asia/EastAsia/Japan/Cities/MatsumotoAttractions.swift /Users/erders/Documents/TravelTap/TravelTap/Data/Countries/Asia/EastAsia/Japan/Cities/TakayamaAttractions.swift /Users/erders/Documents/TravelTap/TravelTap/Data/Countries/Asia/EastAsia/Japan/Cities/KanazawaAttractions.swift /Users/erders/Documents/TravelTap/TravelTap/Data/Countries/Asia/EastAsia/Japan/Cities/WakayamaAttractions.swift /Users/erders/Documents/TravelTap/TravelTap/Data/Countries/Asia/EastAsia/Japan/Cities/OkayamaAttractions.swift /Users/erders/Documents/TravelTap/TravelTap/Data/Countries/Asia/EastAsia/Mongolia/Cities/AltaiAttractions.swift /Users/erders/Documents/TravelTap/TravelTap/Data/Countries/Asia/EastAsia/Mongolia/Cities/EasternMongoliaAttractions.swift (in target 'TravelTap' from project 'TravelTap')

SwiftCompile normal arm64 /Users/erders/Documents/TravelTap/TravelTap/Data/Countries/Asia/EastAsia/China/Cities/MacauAttractions.swift (in target 'TravelTap' from project 'TravelTap')
    cd /Users/erders/Documents/TravelTap
    

SwiftCompile normal arm64 /Users/erders/Documents/TravelTap/TravelTap/Data/Countries/Asia/EastAsia/China/Cities/WuhanAttractions.swift (in target 'TravelTap' from project 'TravelTap')
    cd /Users/erders/Documents/TravelTap
    

SwiftCompile normal arm64 /Users/erders/Documents/TravelTap/TravelTap/Data/Countries/Asia/EastAsia/China/Cities/YunnanAttractions.swift (in target 'TravelTap' from project 'TravelTap')
    cd /Users/erders/Documents/TravelTap
    

SwiftCompile normal arm64 /Users/erders/Documents/TravelTap/TravelTap/Data/Countries/Asia/EastAsia/China/Cities/HongKongAttractions.swift (in target 'TravelTap' from project 'TravelTap')
    cd /Users/erders/Documents/TravelTap
    

SwiftCompile normal arm64 /Users/erders/Documents/TravelTap/TravelTap/Data/Countries/Asia/EastAsia/China/Cities/GuangzhouAttractions.swift (in target 'TravelTap' from project 'TravelTap')
    cd /Users/erders/Documents/TravelTap
    

SwiftCompile normal arm64 /Users/erders/Documents/TravelTap/TravelTap/Data/Countries/Asia/EastAsia/China/Cities/HuangshanAttractions.swift (in target 'TravelTap' from project 'TravelTap')
    cd /Users/erders/Documents/TravelTap
    

SwiftCompile normal arm64 /Users/erders/Documents/TravelTap/TravelTap/Data/Countries/Asia/EastAsia/China/Cities/QingdaoAttractions.swift (in target 'TravelTap' from project 'TravelTap')
    cd /Users/erders/Documents/TravelTap
    

SwiftCompile normal arm64 /Users/erders/Documents/TravelTap/TravelTap/Data/Countries/Asia/EastAsia/China/Cities/XiamenAttractions.swift (in target 'TravelTap' from project 'TravelTap')
    cd /Users/erders/Documents/TravelTap
    

SwiftCompile normal arm64 /Users/erders/Documents/TravelTap/TravelTap/Data/Countries/Asia/EastAsia/China/Cities/HarbinAttractions.swift (in target 'TravelTap' from project 'TravelTap')
    cd /Users/erders/Documents/TravelTap
    

SwiftCompile normal arm64 /Users/erders/Documents/TravelTap/TravelTap/Data/Countries/Asia/EastAsia/Japan/Cities/NagasakiAttractions.swift (in target 'TravelTap' from project 'TravelTap')
    cd /Users/erders/Documents/TravelTap
    

SwiftCompile normal arm64 /Users/erders/Documents/TravelTap/TravelTap/Data/Countries/Asia/EastAsia/Japan/Cities/YokohamaAttractions.swift (in target 'TravelTap' from project 'TravelTap')
    cd /Users/erders/Documents/TravelTap
    

SwiftCompile normal arm64 /Users/erders/Documents/TravelTap/TravelTap/Data/Countries/Asia/EastAsia/Japan/Cities/IseAttractions.swift (in target 'TravelTap' from project 'TravelTap')
    cd /Users/erders/Documents/TravelTap
    

SwiftCompile normal arm64 /Users/erders/Documents/TravelTap/TravelTap/Data/Countries/Asia/EastAsia/Japan/Cities/NagoyaAttractions.swift (in target 'TravelTap' from project 'TravelTap')
    cd /Users/erders/Documents/TravelTap
    

SwiftCompile normal arm64 /Users/erders/Documents/TravelTap/TravelTap/Data/Countries/Asia/EastAsia/Japan/Cities/MountFujiAttractions.swift (in target 'TravelTap' from project 'TravelTap')
    cd /Users/erders/Documents/TravelTap
    

SwiftCompile normal arm64 /Users/erders/Documents/TravelTap/TravelTap/Data/Countries/Asia/EastAsia/Japan/Cities/BeppuAttractions.swift (in target 'TravelTap' from project 'TravelTap')
    cd /Users/erders/Documents/TravelTap
    

SwiftCompile normal arm64 /Users/erders/Documents/TravelTap/TravelTap/Data/Countries/Asia/EastAsia/Japan/Cities/MatsuyamaAttractions.swift (in target 'TravelTap' from project 'TravelTap')
    cd /Users/erders/Documents/TravelTap
    

SwiftCompile normal arm64 /Users/erders/Documents/TravelTap/TravelTap/Data/Countries/Asia/EastAsia/Japan/Cities/KamakuraAttractions.swift (in target 'TravelTap' from project 'TravelTap')
    cd /Users/erders/Documents/TravelTap
    

SwiftCompile normal arm64 /Users/erders/Documents/TravelTap/TravelTap/Data/Countries/Asia/EastAsia/Japan/Cities/KobeAttractions.swift (in target 'TravelTap' from project 'TravelTap')
    cd /Users/erders/Documents/TravelTap
    

SwiftCompile normal arm64 /Users/erders/Documents/TravelTap/TravelTap/Data/Countries/Asia/EastAsia/Japan/Cities/MatsumotoAttractions.swift (in target 'TravelTap' from project 'TravelTap')
    cd /Users/erders/Documents/TravelTap
    

SwiftCompile normal arm64 /Users/erders/Documents/TravelTap/TravelTap/Data/Countries/Asia/EastAsia/Japan/Cities/TakayamaAttractions.swift (in target 'TravelTap' from project 'TravelTap')
    cd /Users/erders/Documents/TravelTap
    

SwiftCompile normal arm64 /Users/erders/Documents/TravelTap/TravelTap/Data/Countries/Asia/EastAsia/Japan/Cities/KanazawaAttractions.swift (in target 'TravelTap' from project 'TravelTap')
    cd /Users/erders/Documents/TravelTap
    

SwiftCompile normal arm64 /Users/erders/Documents/TravelTap/TravelTap/Data/Countries/Asia/EastAsia/Japan/Cities/WakayamaAttractions.swift (in target 'TravelTap' from project 'TravelTap')
    cd /Users/erders/Documents/TravelTap
    

SwiftCompile normal arm64 /Users/erders/Documents/TravelTap/TravelTap/Data/Countries/Asia/EastAsia/Japan/Cities/OkayamaAttractions.swift (in target 'TravelTap' from project 'TravelTap')
    cd /Users/erders/Documents/TravelTap
    

SwiftCompile normal arm64 /Users/erders/Documents/TravelTap/TravelTap/Data/Countries/Asia/EastAsia/Mongolia/Cities/AltaiAttractions.swift (in target 'TravelTap' from project 'TravelTap')
    cd /Users/erders/Documents/TravelTap
    

SwiftCompile normal arm64 /Users/erders/Documents/TravelTap/TravelTap/Data/Countries/Asia/EastAsia/Mongolia/Cities/EasternMongoliaAttractions.swift (in target 'TravelTap' from project 'TravelTap')
    cd /Users/erders/Documents/TravelTap
    

SwiftDriverJobDiscovery normal arm64 Compiling TheHagueAttractions.swift, UtrechtAttractions.swift, NetherlandsPackage.swift, BitolaAttractions.swift, MatkaCanyonAttractions.swift, OhridAttractions.swift, SkopjeAttractions.swift, NorthMacedoniaPackage.swift, BelfastAttractions.swift, BushmillsAttractions.swift, DerryAttractions.swift, NorthernIrelandPackage.swift, BergenAttractions.swift, OsloAttractions.swift, StavangerAttractions.swift, TromsoAttractions.swift, NorwayPackage.swift, GdanskAttractions.swift, KrakowAttractions.swift, WarsawAttractions.swift, WroclawAttractions.swift, PolandPackage.swift, SopotAttractions.swift, GdyniaAttractions.swift, PoznanAttractions.swift (in target 'TravelTap' from project 'TravelTap')

SwiftCompile normal arm64 Compiling\ EtretatAttractions.swift,\ AntibesAttractions.swift,\ AixEnProvenceAttractions.swift,\ NimesAttractions.swift,\ BiarritzAttractions.swift,\ SaintMaloAttractions.swift,\ VersaillesAttractions.swift,\ NantesAttractions.swift,\ BayonneAttractions.swift,\ RouenAttractions.swift,\ MontpellierAttractions.swift,\ DijonAttractions.swift,\ RennesAttractions.swift,\ ArlesAttractions.swift,\ AvignonAttractions.swift,\ BrightonAttractions.swift,\ PeakDistrictAttractions.swift,\ DurhamAttractions.swift,\ PortsmouthAttractions.swift,\ StratfordUponAvonAttractions.swift,\ BristolAttractions.swift,\ PlymouthAttractions.swift,\ NorwichAttractions.swift,\ ExeterAttractions.swift,\ BathAttractions.swift /Users/erders/Documents/TravelTap/TravelTap/Data/Countries/Europe/France/Cities/EtretatAttractions.swift /Users/erders/Documents/TravelTap/TravelTap/Data/Countries/Europe/France/Cities/AntibesAttractions.swift /Users/erders/Documents/TravelTap/TravelTap/Data/Countries/Europe/France/Cities/AixEnProvenceAttractions.swift /Users/erders/Documents/TravelTap/TravelTap/Data/Countries/Europe/France/Cities/NimesAttractions.swift /Users/erders/Documents/TravelTap/TravelTap/Data/Countries/Europe/France/Cities/BiarritzAttractions.swift /Users/erders/Documents/TravelTap/TravelTap/Data/Countries/Europe/France/Cities/SaintMaloAttractions.swift /Users/erders/Documents/TravelTap/TravelTap/Data/Countries/Europe/France/Cities/VersaillesAttractions.swift /Users/erders/Documents/TravelTap/TravelTap/Data/Countries/Europe/France/Cities/NantesAttractions.swift /Users/erders/Documents/TravelTap/TravelTap/Data/Countries/Europe/France/Cities/BayonneAttractions.swift /Users/erders/Documents/TravelTap/TravelTap/Data/Countries/Europe/France/Cities/RouenAttractions.swift /Users/erders/Documents/TravelTap/TravelTap/Data/Countries/Europe/France/Cities/MontpellierAttractions.swift /Users/erders/Documents/TravelTap/TravelTap/Data/Countries/Europe/France/Cities/DijonAttractions.swift /Users/erders/Documents/TravelTap/TravelTap/Data/Countries/Europe/France/Cities/RennesAttractions.swift /Users/erders/Documents/TravelTap/TravelTap/Data/Countries/Europe/France/Cities/ArlesAttractions.swift /Users/erders/Documents/TravelTap/TravelTap/Data/Countries/Europe/France/Cities/AvignonAttractions.swift /Users/erders/Documents/TravelTap/TravelTap/Data/Countries/Europe/England/Cities/BrightonAttractions.swift /Users/erders/Documents/TravelTap/TravelTap/Data/Countries/Europe/England/Cities/PeakDistrictAttractions.swift /Users/erders/Documents/TravelTap/TravelTap/Data/Countries/Europe/England/Cities/DurhamAttractions.swift /Users/erders/Documents/TravelTap/TravelTap/Data/Countries/Europe/England/Cities/PortsmouthAttractions.swift /Users/erders/Documents/TravelTap/TravelTap/Data/Countries/Europe/England/Cities/StratfordUponAvonAttractions.swift /Users/erders/Documents/TravelTap/TravelTap/Data/Countries/Europe/England/Cities/BristolAttractions.swift /Users/erders/Documents/TravelTap/TravelTap/Data/Countries/Europe/England/Cities/PlymouthAttractions.swift /Users/erders/Documents/TravelTap/TravelTap/Data/Countries/Europe/England/Cities/NorwichAttractions.swift /Users/erders/Documents/TravelTap/TravelTap/Data/Countries/Europe/England/Cities/ExeterAttractions.swift /Users/erders/Documents/TravelTap/TravelTap/Data/Countries/Europe/England/Cities/BathAttractions.swift (in target 'TravelTap' from project 'TravelTap')

SwiftCompile normal arm64 /Users/erders/Documents/TravelTap/TravelTap/Data/Countries/Europe/France/Cities/EtretatAttractions.swift (in target 'TravelTap' from project 'TravelTap')
    cd /Users/erders/Documents/TravelTap
    

SwiftCompile normal arm64 /Users/erders/Documents/TravelTap/TravelTap/Data/Countries/Europe/France/Cities/AntibesAttractions.swift (in target 'TravelTap' from project 'TravelTap')
    cd /Users/erders/Documents/TravelTap
    

SwiftCompile normal arm64 /Users/erders/Documents/TravelTap/TravelTap/Data/Countries/Europe/France/Cities/AixEnProvenceAttractions.swift (in target 'TravelTap' from project 'TravelTap')
    cd /Users/erders/Documents/TravelTap
    

SwiftCompile normal arm64 /Users/erders/Documents/TravelTap/TravelTap/Data/Countries/Europe/France/Cities/NimesAttractions.swift (in target 'TravelTap' from project 'TravelTap')
    cd /Users/erders/Documents/TravelTap
    

SwiftCompile normal arm64 /Users/erders/Documents/TravelTap/TravelTap/Data/Countries/Europe/France/Cities/BiarritzAttractions.swift (in target 'TravelTap' from project 'TravelTap')
    cd /Users/erders/Documents/TravelTap
    

SwiftCompile normal arm64 /Users/erders/Documents/TravelTap/TravelTap/Data/Countries/Europe/France/Cities/SaintMaloAttractions.swift (in target 'TravelTap' from project 'TravelTap')
    cd /Users/erders/Documents/TravelTap
    

SwiftCompile normal arm64 /Users/erders/Documents/TravelTap/TravelTap/Data/Countries/Europe/France/Cities/VersaillesAttractions.swift (in target 'TravelTap' from project 'TravelTap')
    cd /Users/erders/Documents/TravelTap
    

SwiftCompile normal arm64 /Users/erders/Documents/TravelTap/TravelTap/Data/Countries/Europe/France/Cities/NantesAttractions.swift (in target 'TravelTap' from project 'TravelTap')
    cd /Users/erders/Documents/TravelTap
    

SwiftCompile normal arm64 /Users/erders/Documents/TravelTap/TravelTap/Data/Countries/Europe/France/Cities/BayonneAttractions.swift (in target 'TravelTap' from project 'TravelTap')
    cd /Users/erders/Documents/TravelTap
    

SwiftCompile normal arm64 /Users/erders/Documents/TravelTap/TravelTap/Data/Countries/Europe/France/Cities/RouenAttractions.swift (in target 'TravelTap' from project 'TravelTap')
    cd /Users/erders/Documents/TravelTap
    

SwiftCompile normal arm64 /Users/erders/Documents/TravelTap/TravelTap/Data/Countries/Europe/France/Cities/MontpellierAttractions.swift (in target 'TravelTap' from project 'TravelTap')
    cd /Users/erders/Documents/TravelTap
    

SwiftCompile normal arm64 /Users/erders/Documents/TravelTap/TravelTap/Data/Countries/Europe/France/Cities/DijonAttractions.swift (in target 'TravelTap' from project 'TravelTap')
    cd /Users/erders/Documents/TravelTap
    

SwiftCompile normal arm64 /Users/erders/Documents/TravelTap/TravelTap/Data/Countries/Europe/France/Cities/RennesAttractions.swift (in target 'TravelTap' from project 'TravelTap')
    cd /Users/erders/Documents/TravelTap
    

SwiftCompile normal arm64 /Users/erders/Documents/TravelTap/TravelTap/Data/Countries/Europe/France/Cities/ArlesAttractions.swift (in target 'TravelTap' from project 'TravelTap')
    cd /Users/erders/Documents/TravelTap
    

SwiftCompile normal arm64 /Users/erders/Documents/TravelTap/TravelTap/Data/Countries/Europe/France/Cities/AvignonAttractions.swift (in target 'TravelTap' from project 'TravelTap')
    cd /Users/erders/Documents/TravelTap
    

SwiftCompile normal arm64 /Users/erders/Documents/TravelTap/TravelTap/Data/Countries/Europe/England/Cities/BrightonAttractions.swift (in target 'TravelTap' from project 'TravelTap')
    cd /Users/erders/Documents/TravelTap
    

SwiftCompile normal arm64 /Users/erders/Documents/TravelTap/TravelTap/Data/Countries/Europe/England/Cities/PeakDistrictAttractions.swift (in target 'TravelTap' from project 'TravelTap')
    cd /Users/erders/Documents/TravelTap
    

SwiftCompile normal arm64 /Users/erders/Documents/TravelTap/TravelTap/Data/Countries/Europe/England/Cities/DurhamAttractions.swift (in target 'TravelTap' from project 'TravelTap')
    cd /Users/erders/Documents/TravelTap
    

SwiftCompile normal arm64 /Users/erders/Documents/TravelTap/TravelTap/Data/Countries/Europe/England/Cities/PortsmouthAttractions.swift (in target 'TravelTap' from project 'TravelTap')
    cd /Users/erders/Documents/TravelTap
    

SwiftCompile normal arm64 /Users/erders/Documents/TravelTap/TravelTap/Data/Countries/Europe/England/Cities/StratfordUponAvonAttractions.swift (in target 'TravelTap' from project 'TravelTap')
    cd /Users/erders/Documents/TravelTap
    

SwiftCompile normal arm64 /Users/erders/Documents/TravelTap/TravelTap/Data/Countries/Europe/England/Cities/BristolAttractions.swift (in target 'TravelTap' from project 'TravelTap')
    cd /Users/erders/Documents/TravelTap
    

SwiftCompile normal arm64 /Users/erders/Documents/TravelTap/TravelTap/Data/Countries/Europe/England/Cities/PlymouthAttractions.swift (in target 'TravelTap' from project 'TravelTap')
    cd /Users/erders/Documents/TravelTap
    

SwiftCompile normal arm64 /Users/erders/Documents/TravelTap/TravelTap/Data/Countries/Europe/England/Cities/NorwichAttractions.swift (in target 'TravelTap' from project 'TravelTap')
    cd /Users/erders/Documents/TravelTap
    

SwiftCompile normal arm64 /Users/erders/Documents/TravelTap/TravelTap/Data/Countries/Europe/England/Cities/ExeterAttractions.swift (in target 'TravelTap' from project 'TravelTap')
    cd /Users/erders/Documents/TravelTap
    

SwiftCompile normal arm64 /Users/erders/Documents/TravelTap/TravelTap/Data/Countries/Europe/England/Cities/BathAttractions.swift (in target 'TravelTap' from project 'TravelTap')
    cd /Users/erders/Documents/TravelTap
    

SwiftDriverJobDiscovery normal arm64 Compiling StudenicaAttractions.swift, ZrenjaninAttractions.swift, SomborAttractions.swift, ManasijaAttractions.swift, DjavoljaVarosAttractions.swift, GolubacAttractions.swift, VrnjackaBanjaAttractions.swift, SremskaMitrovicaAttractions.swift, TaraAttractions.swift, KrusevacAttractions.swift, OplenacAttractions.swift, SmederevoAttractions.swift, KopaonikAttractions.swift, DjerdapAttractions.swift, PrijepoljeAttractions.swift, ZlatiborAttractions.swift, HimareAttractions.swift, VloreAttractions.swift, DurresAttractions.swift, ApolloniaAttractions.swift, ThethAttractions.swift, KrujeAttractions.swift, ValbonaAttractions.swift, KorceAttractions.swift (in target 'TravelTap' from project 'TravelTap')

SwiftCompile normal arm64 Compiling\ SallaAttractions.swift,\ SavonlinnaAttractions.swift,\ KuopioAttractions.swift,\ JyvaskylaAttractions.swift,\ MikkeliAttractions.swift,\ LappeenrantaAttractions.swift,\ PorvooAttractions.swift,\ RaumaAttractions.swift,\ OuluAttractions.swift,\ VaasaAttractions.swift,\ AlandAttractions.swift,\ HankoAttractions.swift,\ FiskarsAttractions.swift,\ KotkaAttractions.swift,\ HaminaAttractions.swift,\ LahtiAttractions.swift,\ NaantaliAttractions.swift,\ HameenlinnaAttractions.swift,\ KoliAttractions.swift,\ RepovesiAttractions.swift,\ LemmenjokiAttractions.swift,\ OulankaAttractions.swift,\ NuuksioAttractions.swift,\ AlbiAttractions.swift,\ AnnecyAttractions.swift /Users/erders/Documents/TravelTap/TravelTap/Data/Countries/Europe/Finland/Cities/SallaAttractions.swift /Users/erders/Documents/TravelTap/TravelTap/Data/Countries/Europe/Finland/Cities/SavonlinnaAttractions.swift /Users/erders/Documents/TravelTap/TravelTap/Data/Countries/Europe/Finland/Cities/KuopioAttractions.swift /Users/erders/Documents/TravelTap/TravelTap/Data/Countries/Europe/Finland/Cities/JyvaskylaAttractions.swift /Users/erders/Documents/TravelTap/TravelTap/Data/Countries/Europe/Finland/Cities/MikkeliAttractions.swift /Users/erders/Documents/TravelTap/TravelTap/Data/Countries/Europe/Finland/Cities/LappeenrantaAttractions.swift /Users/erders/Documents/TravelTap/TravelTap/Data/Countries/Europe/Finland/Cities/PorvooAttractions.swift /Users/erders/Documents/TravelTap/TravelTap/Data/Countries/Europe/Finland/Cities/RaumaAttractions.swift /Users/erders/Documents/TravelTap/TravelTap/Data/Countries/Europe/Finland/Cities/OuluAttractions.swift /Users/erders/Documents/TravelTap/TravelTap/Data/Countries/Europe/Finland/Cities/VaasaAttractions.swift /Users/erders/Documents/TravelTap/TravelTap/Data/Countries/Europe/Finland/Cities/AlandAttractions.swift /Users/erders/Documents/TravelTap/TravelTap/Data/Countries/Europe/Finland/Cities/HankoAttractions.swift /Users/erders/Documents/TravelTap/TravelTap/Data/Countries/Europe/Finland/Cities/FiskarsAttractions.swift /Users/erders/Documents/TravelTap/TravelTap/Data/Countries/Europe/Finland/Cities/KotkaAttractions.swift /Users/erders/Documents/TravelTap/TravelTap/Data/Countries/Europe/Finland/Cities/HaminaAttractions.swift /Users/erders/Documents/TravelTap/TravelTap/Data/Countries/Europe/Finland/Cities/LahtiAttractions.swift /Users/erders/Documents/TravelTap/TravelTap/Data/Countries/Europe/Finland/Cities/NaantaliAttractions.swift /Users/erders/Documents/TravelTap/TravelTap/Data/Countries/Europe/Finland/Cities/HameenlinnaAttractions.swift /Users/erders/Documents/TravelTap/TravelTap/Data/Countries/Europe/Finland/Cities/KoliAttractions.swift /Users/erders/Documents/TravelTap/TravelTap/Data/Countries/Europe/Finland/Cities/RepovesiAttractions.swift /Users/erders/Documents/TravelTap/TravelTap/Data/Countries/Europe/Finland/Cities/LemmenjokiAttractions.swift /Users/erders/Documents/TravelTap/TravelTap/Data/Countries/Europe/Finland/Cities/OulankaAttractions.swift /Users/erders/Documents/TravelTap/TravelTap/Data/Countries/Europe/Finland/Cities/NuuksioAttractions.swift /Users/erders/Documents/TravelTap/TravelTap/Data/Countries/Europe/France/Cities/AlbiAttractions.swift /Users/erders/Documents/TravelTap/TravelTap/Data/Countries/Europe/France/Cities/AnnecyAttractions.swift (in target 'TravelTap' from project 'TravelTap')

SwiftCompile normal arm64 /Users/erders/Documents/TravelTap/TravelTap/Data/Countries/Europe/Finland/Cities/SallaAttractions.swift (in target 'TravelTap' from project 'TravelTap')
    cd /Users/erders/Documents/TravelTap
    

SwiftCompile normal arm64 /Users/erders/Documents/TravelTap/TravelTap/Data/Countries/Europe/Finland/Cities/SavonlinnaAttractions.swift (in target 'TravelTap' from project 'TravelTap')
    cd /Users/erders/Documents/TravelTap
    

SwiftCompile normal arm64 /Users/erders/Documents/TravelTap/TravelTap/Data/Countries/Europe/Finland/Cities/KuopioAttractions.swift (in target 'TravelTap' from project 'TravelTap')
    cd /Users/erders/Documents/TravelTap
    

SwiftCompile normal arm64 /Users/erders/Documents/TravelTap/TravelTap/Data/Countries/Europe/Finland/Cities/JyvaskylaAttractions.swift (in target 'TravelTap' from project 'TravelTap')
    cd /Users/erders/Documents/TravelTap
    

SwiftCompile normal arm64 /Users/erders/Documents/TravelTap/TravelTap/Data/Countries/Europe/Finland/Cities/MikkeliAttractions.swift (in target 'TravelTap' from project 'TravelTap')
    cd /Users/erders/Documents/TravelTap
    

SwiftCompile normal arm64 /Users/erders/Documents/TravelTap/TravelTap/Data/Countries/Europe/Finland/Cities/LappeenrantaAttractions.swift (in target 'TravelTap' from project 'TravelTap')
    cd /Users/erders/Documents/TravelTap
    

SwiftCompile normal arm64 /Users/erders/Documents/TravelTap/TravelTap/Data/Countries/Europe/Finland/Cities/PorvooAttractions.swift (in target 'TravelTap' from project 'TravelTap')
    cd /Users/erders/Documents/TravelTap
    

SwiftCompile normal arm64 /Users/erders/Documents/TravelTap/TravelTap/Data/Countries/Europe/Finland/Cities/RaumaAttractions.swift (in target 'TravelTap' from project 'TravelTap')
    cd /Users/erders/Documents/TravelTap
    

SwiftCompile normal arm64 /Users/erders/Documents/TravelTap/TravelTap/Data/Countries/Europe/Finland/Cities/OuluAttractions.swift (in target 'TravelTap' from project 'TravelTap')
    cd /Users/erders/Documents/TravelTap
    

SwiftCompile normal arm64 /Users/erders/Documents/TravelTap/TravelTap/Data/Countries/Europe/Finland/Cities/VaasaAttractions.swift (in target 'TravelTap' from project 'TravelTap')
    cd /Users/erders/Documents/TravelTap
    

SwiftCompile normal arm64 /Users/erders/Documents/TravelTap/TravelTap/Data/Countries/Europe/Finland/Cities/AlandAttractions.swift (in target 'TravelTap' from project 'TravelTap')
    cd /Users/erders/Documents/TravelTap
    

SwiftCompile normal arm64 /Users/erders/Documents/TravelTap/TravelTap/Data/Countries/Europe/Finland/Cities/HankoAttractions.swift (in target 'TravelTap' from project 'TravelTap')
    cd /Users/erders/Documents/TravelTap
    

SwiftCompile normal arm64 /Users/erders/Documents/TravelTap/TravelTap/Data/Countries/Europe/Finland/Cities/FiskarsAttractions.swift (in target 'TravelTap' from project 'TravelTap')
    cd /Users/erders/Documents/TravelTap
    

SwiftCompile normal arm64 /Users/erders/Documents/TravelTap/TravelTap/Data/Countries/Europe/Finland/Cities/KotkaAttractions.swift (in target 'TravelTap' from project 'TravelTap')
    cd /Users/erders/Documents/TravelTap
    

SwiftCompile normal arm64 /Users/erders/Documents/TravelTap/TravelTap/Data/Countries/Europe/Finland/Cities/HaminaAttractions.swift (in target 'TravelTap' from project 'TravelTap')
    cd /Users/erders/Documents/TravelTap
    

SwiftCompile normal arm64 /Users/erders/Documents/TravelTap/TravelTap/Data/Countries/Europe/Finland/Cities/LahtiAttractions.swift (in target 'TravelTap' from project 'TravelTap')
    cd /Users/erders/Documents/TravelTap
    

SwiftCompile normal arm64 /Users/erders/Documents/TravelTap/TravelTap/Data/Countries/Europe/Finland/Cities/NaantaliAttractions.swift (in target 'TravelTap' from project 'TravelTap')
    cd /Users/erders/Documents/TravelTap
    

SwiftCompile normal arm64 /Users/erders/Documents/TravelTap/TravelTap/Data/Countries/Europe/Finland/Cities/HameenlinnaAttractions.swift (in target 'TravelTap' from project 'TravelTap')
    cd /Users/erders/Documents/TravelTap
    

SwiftCompile normal arm64 /Users/erders/Documents/TravelTap/TravelTap/Data/Countries/Europe/Finland/Cities/KoliAttractions.swift (in target 'TravelTap' from project 'TravelTap')
    cd /Users/erders/Documents/TravelTap
    

SwiftCompile normal arm64 /Users/erders/Documents/TravelTap/TravelTap/Data/Countries/Europe/Finland/Cities/RepovesiAttractions.swift (in target 'TravelTap' from project 'TravelTap')
    cd /Users/erders/Documents/TravelTap
    

SwiftCompile normal arm64 /Users/erders/Documents/TravelTap/TravelTap/Data/Countries/Europe/Finland/Cities/LemmenjokiAttractions.swift (in target 'TravelTap' from project 'TravelTap')
    cd /Users/erders/Documents/TravelTap
    

SwiftCompile normal arm64 /Users/erders/Documents/TravelTap/TravelTap/Data/Countries/Europe/Finland/Cities/OulankaAttractions.swift (in target 'TravelTap' from project 'TravelTap')
    cd /Users/erders/Documents/TravelTap
    

SwiftCompile normal arm64 /Users/erders/Documents/TravelTap/TravelTap/Data/Countries/Europe/Finland/Cities/NuuksioAttractions.swift (in target 'TravelTap' from project 'TravelTap')
    cd /Users/erders/Documents/TravelTap
    

SwiftCompile normal arm64 /Users/erders/Documents/TravelTap/TravelTap/Data/Countries/Europe/France/Cities/AlbiAttractions.swift (in target 'TravelTap' from project 'TravelTap')
    cd /Users/erders/Documents/TravelTap
    

SwiftCompile normal arm64 /Users/erders/Documents/TravelTap/TravelTap/Data/Countries/Europe/France/Cities/AnnecyAttractions.swift (in target 'TravelTap' from project 'TravelTap')
    cd /Users/erders/Documents/TravelTap
    

SwiftDriverJobDiscovery normal arm64 Compiling SigiriyaAttractions.swift, RatnapuraAttractions.swift, DambullaAttractions.swift, NagarkotAttractions.swift, NepalAdventureAttractions.swift, TrekkingPeaksAttractions.swift, BardiaAttractions.swift, RaraAttractions.swift, PatanAttractions.swift, JanakpurAttractions.swift, BhaktapurAttractions.swift, ManakamanaAttractions.swift, TansenAttractions.swift, BandipurAttractions.swift, IlamAttractions.swift, LangtangAttractions.swift, GorkhaAttractions.swift, NorthEastAttractions.swift, PuertoPrincesaAttractions.swift, ElNidoAttractions.swift, DavaoCityAttractions.swift, SagadaAttractions.swift, TubbatahaAttractions.swift, BantayanAttractions.swift, SanVicenteAttractions.swift (in target 'TravelTap' from project 'TravelTap')

LinkAssetCatalog /Users/erders/Documents/TravelTap/TravelTap/Assets.xcassets (in target 'TravelTap' from project 'TravelTap')
    cd /Users/erders/Documents/TravelTap
    builtin-linkAssetCatalog --thinned /Users/erders/Library/Developer/Xcode/DerivedData/TravelTap-aoniybxgcgmexqcgzdslgsqiowxj/Build/Intermediates.noindex/TravelTap.build/Debug-iphonesimulator/TravelTap.build/assetcatalog_output/thinned --thinned-dependencies /Users/erders/Library/Developer/Xcode/DerivedData/TravelTap-aoniybxgcgmexqcgzdslgsqiowxj/Build/Intermediates.noindex/TravelTap.build/Debug-iphonesimulator/TravelTap.build/assetcatalog_dependencies_thinned --thinned-info-plist-content /Users/erders/Library/Developer/Xcode/DerivedData/TravelTap-aoniybxgcgmexqcgzdslgsqiowxj/Build/Intermediates.noindex/TravelTap.build/Debug-iphonesimulator/TravelTap.build/assetcatalog_generated_info.plist_thinned --unthinned /Users/erders/Library/Developer/Xcode/DerivedData/TravelTap-aoniybxgcgmexqcgzdslgsqiowxj/Build/Intermediates.noindex/TravelTap.build/Debug-iphonesimulator/TravelTap.build/assetcatalog_output/unthinned --unthinned-dependencies /Users/erders/Library/Developer/Xcode/DerivedData/TravelTap-aoniybxgcgmexqcgzdslgsqiowxj/Build/Intermediates.noindex/TravelTap.build/Debug-iphonesimulator/TravelTap.build/assetcatalog_dependencies_unthinned --unthinned-info-plist-content /Users/erders/Library/Developer/Xcode/DerivedData/TravelTap-aoniybxgcgmexqcgzdslgsqiowxj/Build/Intermediates.noindex/TravelTap.build/Debug-iphonesimulator/TravelTap.build/assetcatalog_generated_info.plist_unthinned --output /Users/erders/Library/Developer/Xcode/DerivedData/TravelTap-aoniybxgcgmexqcgzdslgsqiowxj/Build/Products/Debug-iphonesimulator/TravelTap.app --plist-output /Users/erders/Library/Developer/Xcode/DerivedData/TravelTap-aoniybxgcgmexqcgzdslgsqiowxj/Build/Intermediates.noindex/TravelTap.build/Debug-iphonesimulator/TravelTap.build/assetcatalog_generated_info.plist
note: Emplaced /Users/erders/Library/Developer/Xcode/DerivedData/TravelTap-aoniybxgcgmexqcgzdslgsqiowxj/Build/Products/Debug-iphonesimulator/TravelTap.app/AppIcon60x60@2x.png (in target 'TravelTap' from project 'TravelTap')
note: Emplaced /Users/erders/Library/Developer/Xcode/DerivedData/TravelTap-aoniybxgcgmexqcgzdslgsqiowxj/Build/Products/Debug-iphonesimulator/TravelTap.app/AppIcon76x76@2x~ipad.png (in target 'TravelTap' from project 'TravelTap')
note: Emplaced /Users/erders/Library/Developer/Xcode/DerivedData/TravelTap-aoniybxgcgmexqcgzdslgsqiowxj/Build/Products/Debug-iphonesimulator/TravelTap.app/Assets.car (in target 'TravelTap' from project 'TravelTap')

SwiftDriverJobDiscovery normal arm64 Compiling SouthernAttractions.swift, PapuaNewGuineaPackage.swift, ApiaAttractions.swift, SavaiiAttractions.swift, UpoluAttractions.swift, SamoaPackage.swift, CentralProvinceAttractions.swift, GuadalcanalAttractions.swift, HoniaraAttractions.swift, WesternProvinceAttractions.swift, SolomonIslandsPackage.swift, EuaAttractions.swift, HaapaiAttractions.swift, NukualofaAttractions.swift, TongatapuAttractions.swift, VavauAttractions.swift, TongaPackage.swift, EfateAttractions.swift, EspirituSantoAttractions.swift, PentecostAttractions.swift, PortVilaAttractions.swift, TannaAttractions.swift, VanuatuPackage.swift, ArgentinaPackage.swift, ArgentinaCordobaAttractions.swift (in target 'TravelTap' from project 'TravelTap')

SwiftCompile normal arm64 Compiling\ VeronaAttractions.swift,\ ItalyPackage.swift,\ GjakovaAttractions.swift,\ PejaAttractions.swift,\ PristinaAttractions.swift,\ PrizrenAttractions.swift,\ KosovoPackage.swift,\ CesisAttractions.swift,\ JurmalaAttractions.swift,\ RigaAttractions.swift,\ SiguldaAttractions.swift,\ LatviaPackage.swift,\ BalzersAttractions.swift,\ MalbunAttractions.swift,\ VaduzAttractions.swift,\ LiechtensteinPackage.swift,\ KaunasAttractions.swift,\ KlaipedaAttractions.swift,\ SiauliaiAttractions.swift,\ TrakaiAttractions.swift,\ VilniusAttractions.swift,\ LithuaniaPackage.swift,\ EchternachAttractions.swift,\ LuxembourgCityAttractions.swift,\ ViandenAttractions.swift /Users/erders/Documents/TravelTap/TravelTap/Data/Countries/Europe/Italy/Cities/VeronaAttractions.swift /Users/erders/Documents/TravelTap/TravelTap/Data/Countries/Europe/Italy/ItalyPackage.swift /Users/erders/Documents/TravelTap/TravelTap/Data/Countries/Europe/Kosovo/Cities/GjakovaAttractions.swift /Users/erders/Documents/TravelTap/TravelTap/Data/Countries/Europe/Kosovo/Cities/PejaAttractions.swift /Users/erders/Documents/TravelTap/TravelTap/Data/Countries/Europe/Kosovo/Cities/PristinaAttractions.swift /Users/erders/Documents/TravelTap/TravelTap/Data/Countries/Europe/Kosovo/Cities/PrizrenAttractions.swift /Users/erders/Documents/TravelTap/TravelTap/Data/Countries/Europe/Kosovo/KosovoPackage.swift /Users/erders/Documents/TravelTap/TravelTap/Data/Countries/Europe/Latvia/Cities/CesisAttractions.swift /Users/erders/Documents/TravelTap/TravelTap/Data/Countries/Europe/Latvia/Cities/JurmalaAttractions.swift /Users/erders/Documents/TravelTap/TravelTap/Data/Countries/Europe/Latvia/Cities/RigaAttractions.swift /Users/erders/Documents/TravelTap/TravelTap/Data/Countries/Europe/Latvia/Cities/SiguldaAttractions.swift /Users/erders/Documents/TravelTap/TravelTap/Data/Countries/Europe/Latvia/LatviaPackage.swift /Users/erders/Documents/TravelTap/TravelTap/Data/Countries/Europe/Liechtenstein/Cities/BalzersAttractions.swift /Users/erders/Documents/TravelTap/TravelTap/Data/Countries/Europe/Liechtenstein/Cities/MalbunAttractions.swift /Users/erders/Documents/TravelTap/TravelTap/Data/Countries/Europe/Liechtenstein/Cities/VaduzAttractions.swift /Users/erders/Documents/TravelTap/TravelTap/Data/Countries/Europe/Liechtenstein/LiechtensteinPackage.swift /Users/erders/Documents/TravelTap/TravelTap/Data/Countries/Europe/Lithuania/Cities/KaunasAttractions.swift /Users/erders/Documents/TravelTap/TravelTap/Data/Countries/Europe/Lithuania/Cities/KlaipedaAttractions.swift /Users/erders/Documents/TravelTap/TravelTap/Data/Countries/Europe/Lithuania/Cities/SiauliaiAttractions.swift /Users/erders/Documents/TravelTap/TravelTap/Data/Countries/Europe/Lithuania/Cities/TrakaiAttractions.swift /Users/erders/Documents/TravelTap/TravelTap/Data/Countries/Europe/Lithuania/Cities/VilniusAttractions.swift /Users/erders/Documents/TravelTap/TravelTap/Data/Countries/Europe/Lithuania/LithuaniaPackage.swift /Users/erders/Documents/TravelTap/TravelTap/Data/Countries/Europe/Luxembourg/Cities/EchternachAttractions.swift /Users/erders/Documents/TravelTap/TravelTap/Data/Countries/Europe/Luxembourg/Cities/LuxembourgCityAttractions.swift /Users/erders/Documents/TravelTap/TravelTap/Data/Countries/Europe/Luxembourg/Cities/ViandenAttractions.swift (in target 'TravelTap' from project 'TravelTap')

SwiftCompile normal arm64 /Users/erders/Documents/TravelTap/TravelTap/Data/Countries/Europe/Italy/Cities/VeronaAttractions.swift (in target 'TravelTap' from project 'TravelTap')
    cd /Users/erders/Documents/TravelTap
    

SwiftCompile normal arm64 /Users/erders/Documents/TravelTap/TravelTap/Data/Countries/Europe/Italy/ItalyPackage.swift (in target 'TravelTap' from project 'TravelTap')
    cd /Users/erders/Documents/TravelTap
    

SwiftCompile normal arm64 /Users/erders/Documents/TravelTap/TravelTap/Data/Countries/Europe/Kosovo/Cities/GjakovaAttractions.swift (in target 'TravelTap' from project 'TravelTap')
    cd /Users/erders/Documents/TravelTap
    

SwiftCompile normal arm64 /Users/erders/Documents/TravelTap/TravelTap/Data/Countries/Europe/Kosovo/Cities/PejaAttractions.swift (in target 'TravelTap' from project 'TravelTap')
    cd /Users/erders/Documents/TravelTap
    

SwiftCompile normal arm64 /Users/erders/Documents/TravelTap/TravelTap/Data/Countries/Europe/Kosovo/Cities/PristinaAttractions.swift (in target 'TravelTap' from project 'TravelTap')
    cd /Users/erders/Documents/TravelTap
    

SwiftCompile normal arm64 /Users/erders/Documents/TravelTap/TravelTap/Data/Countries/Europe/Kosovo/Cities/PrizrenAttractions.swift (in target 'TravelTap' from project 'TravelTap')
    cd /Users/erders/Documents/TravelTap
    

SwiftCompile normal arm64 /Users/erders/Documents/TravelTap/TravelTap/Data/Countries/Europe/Kosovo/KosovoPackage.swift (in target 'TravelTap' from project 'TravelTap')
    cd /Users/erders/Documents/TravelTap
    

SwiftCompile normal arm64 /Users/erders/Documents/TravelTap/TravelTap/Data/Countries/Europe/Latvia/Cities/CesisAttractions.swift (in target 'TravelTap' from project 'TravelTap')
    cd /Users/erders/Documents/TravelTap
    

SwiftCompile normal arm64 /Users/erders/Documents/TravelTap/TravelTap/Data/Countries/Europe/Latvia/Cities/JurmalaAttractions.swift (in target 'TravelTap' from project 'TravelTap')
    cd /Users/erders/Documents/TravelTap
    

SwiftCompile normal arm64 /Users/erders/Documents/TravelTap/TravelTap/Data/Countries/Europe/Latvia/Cities/RigaAttractions.swift (in target 'TravelTap' from project 'TravelTap')
    cd /Users/erders/Documents/TravelTap
    

SwiftCompile normal arm64 /Users/erders/Documents/TravelTap/TravelTap/Data/Countries/Europe/Latvia/Cities/SiguldaAttractions.swift (in target 'TravelTap' from project 'TravelTap')
    cd /Users/erders/Documents/TravelTap
    

SwiftCompile normal arm64 /Users/erders/Documents/TravelTap/TravelTap/Data/Countries/Europe/Latvia/LatviaPackage.swift (in target 'TravelTap' from project 'TravelTap')
    cd /Users/erders/Documents/TravelTap
    

SwiftCompile normal arm64 /Users/erders/Documents/TravelTap/TravelTap/Data/Countries/Europe/Liechtenstein/Cities/BalzersAttractions.swift (in target 'TravelTap' from project 'TravelTap')
    cd /Users/erders/Documents/TravelTap
    

SwiftCompile normal arm64 /Users/erders/Documents/TravelTap/TravelTap/Data/Countries/Europe/Liechtenstein/Cities/MalbunAttractions.swift (in target 'TravelTap' from project 'TravelTap')
    cd /Users/erders/Documents/TravelTap
    

SwiftCompile normal arm64 /Users/erders/Documents/TravelTap/TravelTap/Data/Countries/Europe/Liechtenstein/Cities/VaduzAttractions.swift (in target 'TravelTap' from project 'TravelTap')
    cd /Users/erders/Documents/TravelTap
    

SwiftCompile normal arm64 /Users/erders/Documents/TravelTap/TravelTap/Data/Countries/Europe/Liechtenstein/LiechtensteinPackage.swift (in target 'TravelTap' from project 'TravelTap')
    cd /Users/erders/Documents/TravelTap
    

SwiftCompile normal arm64 /Users/erders/Documents/TravelTap/TravelTap/Data/Countries/Europe/Lithuania/Cities/KaunasAttractions.swift (in target 'TravelTap' from project 'TravelTap')
    cd /Users/erders/Documents/TravelTap
    

SwiftCompile normal arm64 /Users/erders/Documents/TravelTap/TravelTap/Data/Countries/Europe/Lithuania/Cities/KlaipedaAttractions.swift (in target 'TravelTap' from project 'TravelTap')
    cd /Users/erders/Documents/TravelTap
    

SwiftCompile normal arm64 /Users/erders/Documents/TravelTap/TravelTap/Data/Countries/Europe/Lithuania/Cities/SiauliaiAttractions.swift (in target 'TravelTap' from project 'TravelTap')
    cd /Users/erders/Documents/TravelTap
    

SwiftCompile normal arm64 /Users/erders/Documents/TravelTap/TravelTap/Data/Countries/Europe/Lithuania/Cities/TrakaiAttractions.swift (in target 'TravelTap' from project 'TravelTap')
    cd /Users/erders/Documents/TravelTap
    

SwiftCompile normal arm64 /Users/erders/Documents/TravelTap/TravelTap/Data/Countries/Europe/Lithuania/Cities/VilniusAttractions.swift (in target 'TravelTap' from project 'TravelTap')
    cd /Users/erders/Documents/TravelTap
    

SwiftCompile normal arm64 /Users/erders/Documents/TravelTap/TravelTap/Data/Countries/Europe/Lithuania/LithuaniaPackage.swift (in target 'TravelTap' from project 'TravelTap')
    cd /Users/erders/Documents/TravelTap
    

SwiftCompile normal arm64 /Users/erders/Documents/TravelTap/TravelTap/Data/Countries/Europe/Luxembourg/Cities/EchternachAttractions.swift (in target 'TravelTap' from project 'TravelTap')
    cd /Users/erders/Documents/TravelTap
    

SwiftCompile normal arm64 /Users/erders/Documents/TravelTap/TravelTap/Data/Countries/Europe/Luxembourg/Cities/LuxembourgCityAttractions.swift (in target 'TravelTap' from project 'TravelTap')
    cd /Users/erders/Documents/TravelTap
    

SwiftCompile normal arm64 /Users/erders/Documents/TravelTap/TravelTap/Data/Countries/Europe/Luxembourg/Cities/ViandenAttractions.swift (in target 'TravelTap' from project 'TravelTap')
    cd /Users/erders/Documents/TravelTap
    

ProcessInfoPlistFile /Users/erders/Library/Developer/Xcode/DerivedData/TravelTap-aoniybxgcgmexqcgzdslgsqiowxj/Build/Products/Debug-iphonesimulator/TravelTap.app/Info.plist /Users/erders/Documents/TravelTap/TravelTap/Info.plist (in target 'TravelTap' from project 'TravelTap')
    cd /Users/erders/Documents/TravelTap
    builtin-infoPlistUtility /Users/erders/Documents/TravelTap/TravelTap/Info.plist -producttype com.apple.product-type.application -genpkginfo /Users/erders/Library/Developer/Xcode/DerivedData/TravelTap-aoniybxgcgmexqcgzdslgsqiowxj/Build/Products/Debug-iphonesimulator/TravelTap.app/PkgInfo -expandbuildsettings -format binary -platform iphonesimulator -additionalcontentfile /Users/erders/Library/Developer/Xcode/DerivedData/TravelTap-aoniybxgcgmexqcgzdslgsqiowxj/Build/Intermediates.noindex/TravelTap.build/Debug-iphonesimulator/TravelTap.build/assetcatalog_generated_info.plist -o /Users/erders/Library/Developer/Xcode/DerivedData/TravelTap-aoniybxgcgmexqcgzdslgsqiowxj/Build/Products/Debug-iphonesimulator/TravelTap.app/Info.plist

SwiftDriverJobDiscovery normal arm64 Compiling LuxembourgPackage.swift, MaltaVictoriaAttractions.swift, MarsaxlokkAttractions.swift, MdinaAttractions.swift, StJuliansAttractions.swift, VallettaAttractions.swift, MaltaPackage.swift, ChisinauAttractions.swift, CricovaAttractions.swift, OrheiulVechiAttractions.swift, TiraspolAttractions.swift, MoldovaPackage.swift, FontvieilleAttractions.swift, MonacoVilleAttractions.swift, MonteCarloAttractions.swift, MonacoPackage.swift, BudvaAttractions.swift, KotorAttractions.swift, PerastAttractions.swift, PodgoricaAttractions.swift, ZabljakAttractions.swift, MontenegroPackage.swift, AmsterdamAttractions.swift, EindhovenAttractions.swift, RotterdamAttractions.swift (in target 'TravelTap' from project 'TravelTap')

SwiftCompile normal arm64 Compiling\ GenoaAttractions.swift,\ MantuaAttractions.swift,\ SienaAttractions.swift,\ PerugiaAttractions.swift,\ TriesteAttractions.swift,\ AlesundAttractions.swift,\ NorthCapeAttractions.swift,\ BodoAttractions.swift,\ KristiansandAttractions.swift,\ SognefjordAttractions.swift,\ HardangerfjordAttractions.swift,\ RorosAttractions.swift,\ LillehammerAttractions.swift,\ TrondheimAttractions.swift,\ GeirangerfjordAttractions.swift,\ NationalParksNorwayAttractions.swift,\ HammerfestAttractions.swift,\ StaveChurchesNorwayAttractions.swift,\ FredrikstadAttractions.swift,\ ScenicRoutesNorwayAttractions.swift,\ SvalbardAttractions.swift,\ AltaAttractions.swift,\ LofotenIslandsAttractions.swift,\ AlcobacaAttractions.swift,\ DouroValleyAttractions.swift /Users/erders/Documents/TravelTap/TravelTap/Data/Countries/Europe/Italy/Cities/GenoaAttractions.swift /Users/erders/Documents/TravelTap/TravelTap/Data/Countries/Europe/Italy/Cities/MantuaAttractions.swift /Users/erders/Documents/TravelTap/TravelTap/Data/Countries/Europe/Italy/Cities/SienaAttractions.swift /Users/erders/Documents/TravelTap/TravelTap/Data/Countries/Europe/Italy/Cities/PerugiaAttractions.swift /Users/erders/Documents/TravelTap/TravelTap/Data/Countries/Europe/Italy/Cities/TriesteAttractions.swift /Users/erders/Documents/TravelTap/TravelTap/Data/Countries/Europe/Norway/Cities/AlesundAttractions.swift /Users/erders/Documents/TravelTap/TravelTap/Data/Countries/Europe/Norway/Cities/NorthCapeAttractions.swift /Users/erders/Documents/TravelTap/TravelTap/Data/Countries/Europe/Norway/Cities/BodoAttractions.swift /Users/erders/Documents/TravelTap/TravelTap/Data/Countries/Europe/Norway/Cities/KristiansandAttractions.swift /Users/erders/Documents/TravelTap/TravelTap/Data/Countries/Europe/Norway/Cities/SognefjordAttractions.swift /Users/erders/Documents/TravelTap/TravelTap/Data/Countries/Europe/Norway/Cities/HardangerfjordAttractions.swift /Users/erders/Documents/TravelTap/TravelTap/Data/Countries/Europe/Norway/Cities/RorosAttractions.swift /Users/erders/Documents/TravelTap/TravelTap/Data/Countries/Europe/Norway/Cities/LillehammerAttractions.swift /Users/erders/Documents/TravelTap/TravelTap/Data/Countries/Europe/Norway/Cities/TrondheimAttractions.swift /Users/erders/Documents/TravelTap/TravelTap/Data/Countries/Europe/Norway/Cities/GeirangerfjordAttractions.swift /Users/erders/Documents/TravelTap/TravelTap/Data/Countries/Europe/Norway/Cities/NationalParksNorwayAttractions.swift /Users/erders/Documents/TravelTap/TravelTap/Data/Countries/Europe/Norway/Cities/HammerfestAttractions.swift /Users/erders/Documents/TravelTap/TravelTap/Data/Countries/Europe/Norway/Cities/StaveChurchesNorwayAttractions.swift /Users/erders/Documents/TravelTap/TravelTap/Data/Countries/Europe/Norway/Cities/FredrikstadAttractions.swift /Users/erders/Documents/TravelTap/TravelTap/Data/Countries/Europe/Norway/Cities/ScenicRoutesNorwayAttractions.swift /Users/erders/Documents/TravelTap/TravelTap/Data/Countries/Europe/Norway/Cities/SvalbardAttractions.swift /Users/erders/Documents/TravelTap/TravelTap/Data/Countries/Europe/Norway/Cities/AltaAttractions.swift /Users/erders/Documents/TravelTap/TravelTap/Data/Countries/Europe/Norway/Cities/LofotenIslandsAttractions.swift /Users/erders/Documents/TravelTap/TravelTap/Data/Countries/Europe/Portugal/Cities/AlcobacaAttractions.swift /Users/erders/Documents/TravelTap/TravelTap/Data/Countries/Europe/Portugal/Cities/DouroValleyAttractions.swift (in target 'TravelTap' from project 'TravelTap')

SwiftCompile normal arm64 /Users/erders/Documents/TravelTap/TravelTap/Data/Countries/Europe/Italy/Cities/GenoaAttractions.swift (in target 'TravelTap' from project 'TravelTap')
    cd /Users/erders/Documents/TravelTap
    

SwiftCompile normal arm64 /Users/erders/Documents/TravelTap/TravelTap/Data/Countries/Europe/Italy/Cities/MantuaAttractions.swift (in target 'TravelTap' from project 'TravelTap')
    cd /Users/erders/Documents/TravelTap
    

SwiftCompile normal arm64 /Users/erders/Documents/TravelTap/TravelTap/Data/Countries/Europe/Italy/Cities/SienaAttractions.swift (in target 'TravelTap' from project 'TravelTap')
    cd /Users/erders/Documents/TravelTap
    

SwiftCompile normal arm64 /Users/erders/Documents/TravelTap/TravelTap/Data/Countries/Europe/Italy/Cities/PerugiaAttractions.swift (in target 'TravelTap' from project 'TravelTap')
    cd /Users/erders/Documents/TravelTap
    

SwiftCompile normal arm64 /Users/erders/Documents/TravelTap/TravelTap/Data/Countries/Europe/Italy/Cities/TriesteAttractions.swift (in target 'TravelTap' from project 'TravelTap')
    cd /Users/erders/Documents/TravelTap
    

SwiftCompile normal arm64 /Users/erders/Documents/TravelTap/TravelTap/Data/Countries/Europe/Norway/Cities/AlesundAttractions.swift (in target 'TravelTap' from project 'TravelTap')
    cd /Users/erders/Documents/TravelTap
    

SwiftCompile normal arm64 /Users/erders/Documents/TravelTap/TravelTap/Data/Countries/Europe/Norway/Cities/NorthCapeAttractions.swift (in target 'TravelTap' from project 'TravelTap')
    cd /Users/erders/Documents/TravelTap
    

SwiftCompile normal arm64 /Users/erders/Documents/TravelTap/TravelTap/Data/Countries/Europe/Norway/Cities/BodoAttractions.swift (in target 'TravelTap' from project 'TravelTap')
    cd /Users/erders/Documents/TravelTap
    

SwiftCompile normal arm64 /Users/erders/Documents/TravelTap/TravelTap/Data/Countries/Europe/Norway/Cities/KristiansandAttractions.swift (in target 'TravelTap' from project 'TravelTap')
    cd /Users/erders/Documents/TravelTap
    

SwiftCompile normal arm64 /Users/erders/Documents/TravelTap/TravelTap/Data/Countries/Europe/Norway/Cities/SognefjordAttractions.swift (in target 'TravelTap' from project 'TravelTap')
    cd /Users/erders/Documents/TravelTap
    

SwiftCompile normal arm64 /Users/erders/Documents/TravelTap/TravelTap/Data/Countries/Europe/Norway/Cities/HardangerfjordAttractions.swift (in target 'TravelTap' from project 'TravelTap')
    cd /Users/erders/Documents/TravelTap
    

SwiftCompile normal arm64 /Users/erders/Documents/TravelTap/TravelTap/Data/Countries/Europe/Norway/Cities/RorosAttractions.swift (in target 'TravelTap' from project 'TravelTap')
    cd /Users/erders/Documents/TravelTap
    

SwiftCompile normal arm64 /Users/erders/Documents/TravelTap/TravelTap/Data/Countries/Europe/Norway/Cities/LillehammerAttractions.swift (in target 'TravelTap' from project 'TravelTap')
    cd /Users/erders/Documents/TravelTap
    

SwiftCompile normal arm64 /Users/erders/Documents/TravelTap/TravelTap/Data/Countries/Europe/Norway/Cities/TrondheimAttractions.swift (in target 'TravelTap' from project 'TravelTap')
    cd /Users/erders/Documents/TravelTap
    

SwiftCompile normal arm64 /Users/erders/Documents/TravelTap/TravelTap/Data/Countries/Europe/Norway/Cities/GeirangerfjordAttractions.swift (in target 'TravelTap' from project 'TravelTap')
    cd /Users/erders/Documents/TravelTap
    

SwiftCompile normal arm64 /Users/erders/Documents/TravelTap/TravelTap/Data/Countries/Europe/Norway/Cities/NationalParksNorwayAttractions.swift (in target 'TravelTap' from project 'TravelTap')
    cd /Users/erders/Documents/TravelTap
    

SwiftCompile normal arm64 /Users/erders/Documents/TravelTap/TravelTap/Data/Countries/Europe/Norway/Cities/HammerfestAttractions.swift (in target 'TravelTap' from project 'TravelTap')
    cd /Users/erders/Documents/TravelTap
    

SwiftCompile normal arm64 /Users/erders/Documents/TravelTap/TravelTap/Data/Countries/Europe/Norway/Cities/StaveChurchesNorwayAttractions.swift (in target 'TravelTap' from project 'TravelTap')
    cd /Users/erders/Documents/TravelTap
    

SwiftCompile normal arm64 /Users/erders/Documents/TravelTap/TravelTap/Data/Countries/Europe/Norway/Cities/FredrikstadAttractions.swift (in target 'TravelTap' from project 'TravelTap')
    cd /Users/erders/Documents/TravelTap
    

SwiftCompile normal arm64 /Users/erders/Documents/TravelTap/TravelTap/Data/Countries/Europe/Norway/Cities/ScenicRoutesNorwayAttractions.swift (in target 'TravelTap' from project 'TravelTap')
    cd /Users/erders/Documents/TravelTap
    

SwiftCompile normal arm64 /Users/erders/Documents/TravelTap/TravelTap/Data/Countries/Europe/Norway/Cities/SvalbardAttractions.swift (in target 'TravelTap' from project 'TravelTap')
    cd /Users/erders/Documents/TravelTap
    

SwiftCompile normal arm64 /Users/erders/Documents/TravelTap/TravelTap/Data/Countries/Europe/Norway/Cities/AltaAttractions.swift (in target 'TravelTap' from project 'TravelTap')
    cd /Users/erders/Documents/TravelTap
    

SwiftCompile normal arm64 /Users/erders/Documents/TravelTap/TravelTap/Data/Countries/Europe/Norway/Cities/LofotenIslandsAttractions.swift (in target 'TravelTap' from project 'TravelTap')
    cd /Users/erders/Documents/TravelTap
    

SwiftCompile normal arm64 /Users/erders/Documents/TravelTap/TravelTap/Data/Countries/Europe/Portugal/Cities/AlcobacaAttractions.swift (in target 'TravelTap' from project 'TravelTap')
    cd /Users/erders/Documents/TravelTap
    

SwiftCompile normal arm64 /Users/erders/Documents/TravelTap/TravelTap/Data/Countries/Europe/Portugal/Cities/DouroValleyAttractions.swift (in target 'TravelTap' from project 'TravelTap')
    cd /Users/erders/Documents/TravelTap
    

SwiftDriverJobDiscovery normal arm64 Compiling AtlanticCoastAttractions.swift, BordeauxAttractions.swift, BrittanyAttractions.swift, BurgundyAttractions.swift, CannesAttractions.swift, CarcassonneAttractions.swift, CathedralsAttractions.swift, ChamonixAttractions.swift, ColmarAttractions.swift, CorsicaAttractions.swift, DordogneAttractions.swift, LilleAttractions.swift, LoireValleyAttractions.swift, LyonAttractions.swift, MarseilleAttractions.swift, MontSaintMichelAttractions.swift, NancyAttractions.swift, NiceAttractions.swift, NormandyAttractions.swift, ParisAttractions.swift, ProvenceAttractions.swift, ProvinsAttractions.swift, PyreneesAttractions.swift, ReimsAttractions.swift, SaintTropezAttractions.swift (in target 'TravelTap' from project 'TravelTap')

SwiftCompile normal arm64 Compiling\ TofinoAttractions.swift,\ TorontoAttractions.swift,\ VancouverAttractions.swift,\ WhistlerAttractions.swift,\ WhitehorseAttractions.swift,\ WinnipegAttractions.swift,\ YellowknifeAttractions.swift,\ YohoAttractions.swift,\ BajaCaliforniaAttractions.swift,\ CancunAttractions.swift,\ CentralMexicoAttractions.swift,\ ChiapasAttractions.swift,\ GuadalajaraAttractions.swift,\ MexicoCityAttractions.swift,\ OaxacaAttractions.swift,\ PuertoVallartaAttractions.swift,\ SanMiguelAttractions.swift,\ YucatanAttractions.swift,\ MexicoPackage.swift,\ AlaskaAttractions.swift,\ AppalachiaAttractions.swift,\ ArizonaAttractions.swift,\ AtlantaAttractions.swift,\ BostonAttractions.swift,\ CaliforniaParksAttractions.swift /Users/erders/Documents/TravelTap/TravelTap/Data/Countries/NorthAmerica/Canada/Cities/TofinoAttractions.swift /Users/erders/Documents/TravelTap/TravelTap/Data/Countries/NorthAmerica/Canada/Cities/TorontoAttractions.swift /Users/erders/Documents/TravelTap/TravelTap/Data/Countries/NorthAmerica/Canada/Cities/VancouverAttractions.swift /Users/erders/Documents/TravelTap/TravelTap/Data/Countries/NorthAmerica/Canada/Cities/WhistlerAttractions.swift /Users/erders/Documents/TravelTap/TravelTap/Data/Countries/NorthAmerica/Canada/Cities/WhitehorseAttractions.swift /Users/erders/Documents/TravelTap/TravelTap/Data/Countries/NorthAmerica/Canada/Cities/WinnipegAttractions.swift /Users/erders/Documents/TravelTap/TravelTap/Data/Countries/NorthAmerica/Canada/Cities/YellowknifeAttractions.swift /Users/erders/Documents/TravelTap/TravelTap/Data/Countries/NorthAmerica/Canada/Cities/YohoAttractions.swift /Users/erders/Documents/TravelTap/TravelTap/Data/Countries/NorthAmerica/Mexico/Cities/BajaCaliforniaAttractions.swift /Users/erders/Documents/TravelTap/TravelTap/Data/Countries/NorthAmerica/Mexico/Cities/CancunAttractions.swift /Users/erders/Documents/TravelTap/TravelTap/Data/Countries/NorthAmerica/Mexico/Cities/CentralMexicoAttractions.swift /Users/erders/Documents/TravelTap/TravelTap/Data/Countries/NorthAmerica/Mexico/Cities/ChiapasAttractions.swift /Users/erders/Documents/TravelTap/TravelTap/Data/Countries/NorthAmerica/Mexico/Cities/GuadalajaraAttractions.swift /Users/erders/Documents/TravelTap/TravelTap/Data/Countries/NorthAmerica/Mexico/Cities/MexicoCityAttractions.swift /Users/erders/Documents/TravelTap/TravelTap/Data/Countries/NorthAmerica/Mexico/Cities/OaxacaAttractions.swift /Users/erders/Documents/TravelTap/TravelTap/Data/Countries/NorthAmerica/Mexico/Cities/PuertoVallartaAttractions.swift /Users/erders/Documents/TravelTap/TravelTap/Data/Countries/NorthAmerica/Mexico/Cities/SanMiguelAttractions.swift /Users/erders/Documents/TravelTap/TravelTap/Data/Countries/NorthAmerica/Mexico/Cities/YucatanAttractions.swift /Users/erders/Documents/TravelTap/TravelTap/Data/Countries/NorthAmerica/Mexico/MexicoPackage.swift /Users/erders/Documents/TravelTap/TravelTap/Data/Countries/NorthAmerica/USA/Cities/AlaskaAttractions.swift /Users/erders/Documents/TravelTap/TravelTap/Data/Countries/NorthAmerica/USA/Cities/AppalachiaAttractions.swift /Users/erders/Documents/TravelTap/TravelTap/Data/Countries/NorthAmerica/USA/Cities/ArizonaAttractions.swift /Users/erders/Documents/TravelTap/TravelTap/Data/Countries/NorthAmerica/USA/Cities/AtlantaAttractions.swift /Users/erders/Documents/TravelTap/TravelTap/Data/Countries/NorthAmerica/USA/Cities/BostonAttractions.swift /Users/erders/Documents/TravelTap/TravelTap/Data/Countries/NorthAmerica/USA/Cities/CaliforniaParksAttractions.swift (in target 'TravelTap' from project 'TravelTap')

SwiftCompile normal arm64 /Users/erders/Documents/TravelTap/TravelTap/Data/Countries/NorthAmerica/Canada/Cities/TofinoAttractions.swift (in target 'TravelTap' from project 'TravelTap')
    cd /Users/erders/Documents/TravelTap
    

SwiftCompile normal arm64 /Users/erders/Documents/TravelTap/TravelTap/Data/Countries/NorthAmerica/Canada/Cities/TorontoAttractions.swift (in target 'TravelTap' from project 'TravelTap')
    cd /Users/erders/Documents/TravelTap
    

SwiftCompile normal arm64 /Users/erders/Documents/TravelTap/TravelTap/Data/Countries/NorthAmerica/Canada/Cities/VancouverAttractions.swift (in target 'TravelTap' from project 'TravelTap')
    cd /Users/erders/Documents/TravelTap
    

SwiftCompile normal arm64 /Users/erders/Documents/TravelTap/TravelTap/Data/Countries/NorthAmerica/Canada/Cities/WhistlerAttractions.swift (in target 'TravelTap' from project 'TravelTap')
    cd /Users/erders/Documents/TravelTap
    

SwiftCompile normal arm64 /Users/erders/Documents/TravelTap/TravelTap/Data/Countries/NorthAmerica/Canada/Cities/WhitehorseAttractions.swift (in target 'TravelTap' from project 'TravelTap')
    cd /Users/erders/Documents/TravelTap
    

SwiftCompile normal arm64 /Users/erders/Documents/TravelTap/TravelTap/Data/Countries/NorthAmerica/Canada/Cities/WinnipegAttractions.swift (in target 'TravelTap' from project 'TravelTap')
    cd /Users/erders/Documents/TravelTap
    

SwiftCompile normal arm64 /Users/erders/Documents/TravelTap/TravelTap/Data/Countries/NorthAmerica/Canada/Cities/YellowknifeAttractions.swift (in target 'TravelTap' from project 'TravelTap')
    cd /Users/erders/Documents/TravelTap
    

SwiftCompile normal arm64 /Users/erders/Documents/TravelTap/TravelTap/Data/Countries/NorthAmerica/Canada/Cities/YohoAttractions.swift (in target 'TravelTap' from project 'TravelTap')
    cd /Users/erders/Documents/TravelTap
    

SwiftCompile normal arm64 /Users/erders/Documents/TravelTap/TravelTap/Data/Countries/NorthAmerica/Mexico/Cities/BajaCaliforniaAttractions.swift (in target 'TravelTap' from project 'TravelTap')
    cd /Users/erders/Documents/TravelTap
    

SwiftCompile normal arm64 /Users/erders/Documents/TravelTap/TravelTap/Data/Countries/NorthAmerica/Mexico/Cities/CancunAttractions.swift (in target 'TravelTap' from project 'TravelTap')
    cd /Users/erders/Documents/TravelTap
    

SwiftCompile normal arm64 /Users/erders/Documents/TravelTap/TravelTap/Data/Countries/NorthAmerica/Mexico/Cities/CentralMexicoAttractions.swift (in target 'TravelTap' from project 'TravelTap')
    cd /Users/erders/Documents/TravelTap
    

SwiftCompile normal arm64 /Users/erders/Documents/TravelTap/TravelTap/Data/Countries/NorthAmerica/Mexico/Cities/ChiapasAttractions.swift (in target 'TravelTap' from project 'TravelTap')
    cd /Users/erders/Documents/TravelTap
    

SwiftCompile normal arm64 /Users/erders/Documents/TravelTap/TravelTap/Data/Countries/NorthAmerica/Mexico/Cities/GuadalajaraAttractions.swift (in target 'TravelTap' from project 'TravelTap')
    cd /Users/erders/Documents/TravelTap
    

SwiftCompile normal arm64 /Users/erders/Documents/TravelTap/TravelTap/Data/Countries/NorthAmerica/Mexico/Cities/MexicoCityAttractions.swift (in target 'TravelTap' from project 'TravelTap')
    cd /Users/erders/Documents/TravelTap
    

SwiftCompile normal arm64 /Users/erders/Documents/TravelTap/TravelTap/Data/Countries/NorthAmerica/Mexico/Cities/OaxacaAttractions.swift (in target 'TravelTap' from project 'TravelTap')
    cd /Users/erders/Documents/TravelTap
    

SwiftCompile normal arm64 /Users/erders/Documents/TravelTap/TravelTap/Data/Countries/NorthAmerica/Mexico/Cities/PuertoVallartaAttractions.swift (in target 'TravelTap' from project 'TravelTap')
    cd /Users/erders/Documents/TravelTap
    

SwiftCompile normal arm64 /Users/erders/Documents/TravelTap/TravelTap/Data/Countries/NorthAmerica/Mexico/Cities/SanMiguelAttractions.swift (in target 'TravelTap' from project 'TravelTap')
    cd /Users/erders/Documents/TravelTap
    

SwiftCompile normal arm64 /Users/erders/Documents/TravelTap/TravelTap/Data/Countries/NorthAmerica/Mexico/Cities/YucatanAttractions.swift (in target 'TravelTap' from project 'TravelTap')
    cd /Users/erders/Documents/TravelTap
    

SwiftCompile normal arm64 /Users/erders/Documents/TravelTap/TravelTap/Data/Countries/NorthAmerica/Mexico/MexicoPackage.swift (in target 'TravelTap' from project 'TravelTap')
    cd /Users/erders/Documents/TravelTap
    

SwiftCompile normal arm64 /Users/erders/Documents/TravelTap/TravelTap/Data/Countries/NorthAmerica/USA/Cities/AlaskaAttractions.swift (in target 'TravelTap' from project 'TravelTap')
    cd /Users/erders/Documents/TravelTap
    

SwiftCompile normal arm64 /Users/erders/Documents/TravelTap/TravelTap/Data/Countries/NorthAmerica/USA/Cities/AppalachiaAttractions.swift (in target 'TravelTap' from project 'TravelTap')
    cd /Users/erders/Documents/TravelTap
    

SwiftCompile normal arm64 /Users/erders/Documents/TravelTap/TravelTap/Data/Countries/NorthAmerica/USA/Cities/ArizonaAttractions.swift (in target 'TravelTap' from project 'TravelTap')
    cd /Users/erders/Documents/TravelTap
    

SwiftCompile normal arm64 /Users/erders/Documents/TravelTap/TravelTap/Data/Countries/NorthAmerica/USA/Cities/AtlantaAttractions.swift (in target 'TravelTap' from project 'TravelTap')
    cd /Users/erders/Documents/TravelTap
    

SwiftCompile normal arm64 /Users/erders/Documents/TravelTap/TravelTap/Data/Countries/NorthAmerica/USA/Cities/BostonAttractions.swift (in target 'TravelTap' from project 'TravelTap')
    cd /Users/erders/Documents/TravelTap
    

SwiftCompile normal arm64 /Users/erders/Documents/TravelTap/TravelTap/Data/Countries/NorthAmerica/USA/Cities/CaliforniaParksAttractions.swift (in target 'TravelTap' from project 'TravelTap')
    cd /Users/erders/Documents/TravelTap
    

SwiftCompile normal arm64 Compiling\ KocaniAttractions.swift,\ StrumicaAttractions.swift,\ BerovoAttractions.swift,\ KratovoAttractions.swift,\ UlcinjAttractions.swift,\ TivatAttractions.swift,\ PetrovacAttractions.swift,\ CetinjeAttractions.swift,\ KolasinAttractions.swift,\ HercegNoviAttractions.swift,\ SvetiStefanAttractions.swift,\ OstrogMonasteryAttractions.swift,\ BarAttractions.swift,\ LipaCaveAttractions.swift,\ LovcenNationalParkAttractions.swift,\ SkadarLakeAttractions.swift,\ BiogradskaGoraAttractions.swift,\ RisanAttractions.swift,\ ZicaAttractions.swift,\ VranjeAttractions.swift,\ ValjevoAttractions.swift,\ KragujevacAttractions.swift,\ SokobanjaAttractions.swift,\ ArandjelovacAttractions.swift /Users/erders/Documents/TravelTap/TravelTap/Data/Countries/Europe/NorthMacedonia/Cities/KocaniAttractions.swift /Users/erders/Documents/TravelTap/TravelTap/Data/Countries/Europe/NorthMacedonia/Cities/StrumicaAttractions.swift /Users/erders/Documents/TravelTap/TravelTap/Data/Countries/Europe/NorthMacedonia/Cities/BerovoAttractions.swift /Users/erders/Documents/TravelTap/TravelTap/Data/Countries/Europe/NorthMacedonia/Cities/KratovoAttractions.swift /Users/erders/Documents/TravelTap/TravelTap/Data/Countries/Europe/Montenegro/Cities/UlcinjAttractions.swift /Users/erders/Documents/TravelTap/TravelTap/Data/Countries/Europe/Montenegro/Cities/TivatAttractions.swift /Users/erders/Documents/TravelTap/TravelTap/Data/Countries/Europe/Montenegro/Cities/PetrovacAttractions.swift /Users/erders/Documents/TravelTap/TravelTap/Data/Countries/Europe/Montenegro/Cities/CetinjeAttractions.swift /Users/erders/Documents/TravelTap/TravelTap/Data/Countries/Europe/Montenegro/Cities/KolasinAttractions.swift /Users/erders/Documents/TravelTap/TravelTap/Data/Countries/Europe/Montenegro/Cities/HercegNoviAttractions.swift /Users/erders/Documents/TravelTap/TravelTap/Data/Countries/Europe/Montenegro/Cities/SvetiStefanAttractions.swift /Users/erders/Documents/TravelTap/TravelTap/Data/Countries/Europe/Montenegro/Cities/OstrogMonasteryAttractions.swift /Users/erders/Documents/TravelTap/TravelTap/Data/Countries/Europe/Montenegro/Cities/BarAttractions.swift /Users/erders/Documents/TravelTap/TravelTap/Data/Countries/Europe/Montenegro/Cities/LipaCaveAttractions.swift /Users/erders/Documents/TravelTap/TravelTap/Data/Countries/Europe/Montenegro/Cities/LovcenNationalParkAttractions.swift /Users/erders/Documents/TravelTap/TravelTap/Data/Countries/Europe/Montenegro/Cities/SkadarLakeAttractions.swift /Users/erders/Documents/TravelTap/TravelTap/Data/Countries/Europe/Montenegro/Cities/BiogradskaGoraAttractions.swift /Users/erders/Documents/TravelTap/TravelTap/Data/Countries/Europe/Montenegro/Cities/RisanAttractions.swift /Users/erders/Documents/TravelTap/TravelTap/Data/Countries/Europe/Serbia/Cities/ZicaAttractions.swift /Users/erders/Documents/TravelTap/TravelTap/Data/Countries/Europe/Serbia/Cities/VranjeAttractions.swift /Users/erders/Documents/TravelTap/TravelTap/Data/Countries/Europe/Serbia/Cities/ValjevoAttractions.swift /Users/erders/Documents/TravelTap/TravelTap/Data/Countries/Europe/Serbia/Cities/KragujevacAttractions.swift /Users/erders/Documents/TravelTap/TravelTap/Data/Countries/Europe/Serbia/Cities/SokobanjaAttractions.swift /Users/erders/Documents/TravelTap/TravelTap/Data/Countries/Europe/Serbia/Cities/ArandjelovacAttractions.swift (in target 'TravelTap' from project 'TravelTap')

SwiftCompile normal arm64 /Users/erders/Documents/TravelTap/TravelTap/Data/Countries/Europe/NorthMacedonia/Cities/KocaniAttractions.swift (in target 'TravelTap' from project 'TravelTap')
    cd /Users/erders/Documents/TravelTap
    

SwiftCompile normal arm64 /Users/erders/Documents/TravelTap/TravelTap/Data/Countries/Europe/NorthMacedonia/Cities/StrumicaAttractions.swift (in target 'TravelTap' from project 'TravelTap')
    cd /Users/erders/Documents/TravelTap
    

SwiftCompile normal arm64 /Users/erders/Documents/TravelTap/TravelTap/Data/Countries/Europe/NorthMacedonia/Cities/BerovoAttractions.swift (in target 'TravelTap' from project 'TravelTap')
    cd /Users/erders/Documents/TravelTap
    

SwiftCompile normal arm64 /Users/erders/Documents/TravelTap/TravelTap/Data/Countries/Europe/NorthMacedonia/Cities/KratovoAttractions.swift (in target 'TravelTap' from project 'TravelTap')
    cd /Users/erders/Documents/TravelTap
    

SwiftCompile normal arm64 /Users/erders/Documents/TravelTap/TravelTap/Data/Countries/Europe/Montenegro/Cities/UlcinjAttractions.swift (in target 'TravelTap' from project 'TravelTap')
    cd /Users/erders/Documents/TravelTap
    

SwiftCompile normal arm64 /Users/erders/Documents/TravelTap/TravelTap/Data/Countries/Europe/Montenegro/Cities/TivatAttractions.swift (in target 'TravelTap' from project 'TravelTap')
    cd /Users/erders/Documents/TravelTap
    

SwiftCompile normal arm64 /Users/erders/Documents/TravelTap/TravelTap/Data/Countries/Europe/Montenegro/Cities/PetrovacAttractions.swift (in target 'TravelTap' from project 'TravelTap')
    cd /Users/erders/Documents/TravelTap
    

SwiftCompile normal arm64 /Users/erders/Documents/TravelTap/TravelTap/Data/Countries/Europe/Montenegro/Cities/CetinjeAttractions.swift (in target 'TravelTap' from project 'TravelTap')
    cd /Users/erders/Documents/TravelTap
    

SwiftCompile normal arm64 /Users/erders/Documents/TravelTap/TravelTap/Data/Countries/Europe/Montenegro/Cities/KolasinAttractions.swift (in target 'TravelTap' from project 'TravelTap')
    cd /Users/erders/Documents/TravelTap
    

SwiftCompile normal arm64 /Users/erders/Documents/TravelTap/TravelTap/Data/Countries/Europe/Montenegro/Cities/HercegNoviAttractions.swift (in target 'TravelTap' from project 'TravelTap')
    cd /Users/erders/Documents/TravelTap
    

SwiftCompile normal arm64 /Users/erders/Documents/TravelTap/TravelTap/Data/Countries/Europe/Montenegro/Cities/SvetiStefanAttractions.swift (in target 'TravelTap' from project 'TravelTap')
    cd /Users/erders/Documents/TravelTap
    

SwiftCompile normal arm64 /Users/erders/Documents/TravelTap/TravelTap/Data/Countries/Europe/Montenegro/Cities/OstrogMonasteryAttractions.swift (in target 'TravelTap' from project 'TravelTap')
    cd /Users/erders/Documents/TravelTap
    

SwiftCompile normal arm64 /Users/erders/Documents/TravelTap/TravelTap/Data/Countries/Europe/Montenegro/Cities/BarAttractions.swift (in target 'TravelTap' from project 'TravelTap')
    cd /Users/erders/Documents/TravelTap
    

SwiftCompile normal arm64 /Users/erders/Documents/TravelTap/TravelTap/Data/Countries/Europe/Montenegro/Cities/LipaCaveAttractions.swift (in target 'TravelTap' from project 'TravelTap')
    cd /Users/erders/Documents/TravelTap
    

SwiftCompile normal arm64 /Users/erders/Documents/TravelTap/TravelTap/Data/Countries/Europe/Montenegro/Cities/LovcenNationalParkAttractions.swift (in target 'TravelTap' from project 'TravelTap')
    cd /Users/erders/Documents/TravelTap
    

SwiftCompile normal arm64 /Users/erders/Documents/TravelTap/TravelTap/Data/Countries/Europe/Montenegro/Cities/SkadarLakeAttractions.swift (in target 'TravelTap' from project 'TravelTap')
    cd /Users/erders/Documents/TravelTap
    

SwiftCompile normal arm64 /Users/erders/Documents/TravelTap/TravelTap/Data/Countries/Europe/Montenegro/Cities/BiogradskaGoraAttractions.swift (in target 'TravelTap' from project 'TravelTap')
    cd /Users/erders/Documents/TravelTap
    

SwiftCompile normal arm64 /Users/erders/Documents/TravelTap/TravelTap/Data/Countries/Europe/Montenegro/Cities/RisanAttractions.swift (in target 'TravelTap' from project 'TravelTap')
    cd /Users/erders/Documents/TravelTap
    

SwiftCompile normal arm64 /Users/erders/Documents/TravelTap/TravelTap/Data/Countries/Europe/Serbia/Cities/ZicaAttractions.swift (in target 'TravelTap' from project 'TravelTap')
    cd /Users/erders/Documents/TravelTap
    

SwiftCompile normal arm64 /Users/erders/Documents/TravelTap/TravelTap/Data/Countries/Europe/Serbia/Cities/VranjeAttractions.swift (in target 'TravelTap' from project 'TravelTap')
    cd /Users/erders/Documents/TravelTap
    

SwiftCompile normal arm64 /Users/erders/Documents/TravelTap/TravelTap/Data/Countries/Europe/Serbia/Cities/ValjevoAttractions.swift (in target 'TravelTap' from project 'TravelTap')
    cd /Users/erders/Documents/TravelTap
    

SwiftCompile normal arm64 /Users/erders/Documents/TravelTap/TravelTap/Data/Countries/Europe/Serbia/Cities/KragujevacAttractions.swift (in target 'TravelTap' from project 'TravelTap')
    cd /Users/erders/Documents/TravelTap
    

SwiftCompile normal arm64 /Users/erders/Documents/TravelTap/TravelTap/Data/Countries/Europe/Serbia/Cities/SokobanjaAttractions.swift (in target 'TravelTap' from project 'TravelTap')
    cd /Users/erders/Documents/TravelTap
    

SwiftCompile normal arm64 /Users/erders/Documents/TravelTap/TravelTap/Data/Countries/Europe/Serbia/Cities/ArandjelovacAttractions.swift (in target 'TravelTap' from project 'TravelTap')
    cd /Users/erders/Documents/TravelTap
    

SwiftDriverJobDiscovery normal arm64 Compiling CrimeaAttractions.swift, CardiffAttractions.swift, ConwyAttractions.swift, SnowdoniaAttractions.swift, TenbyAttractions.swift, WalesPackage.swift, CanadaPackage.swift, BanffAttractions.swift, CanadaVictoriaAttractions.swift, CharlottetownAttractions.swift, ChurchillAttractions.swift, DrumhellerAttractions.swift, GrosMorneAttractions.swift, HalifaxAttractions.swift, JasperAttractions.swift, KelownaAttractions.swift, MonctonAttractions.swift, MontrealAttractions.swift, OttawaAttractions.swift, QuebecCityAttractions.swift, RevelstokeAttractions.swift, SaguenayAttractions.swift, SaskatoonAttractions.swift, StJohnsAttractions.swift, TobermoryAttractions.swift (in target 'TravelTap' from project 'TravelTap')

SwiftCompile normal arm64 Compiling\ EgerAttractions.swift,\ PecsAttractions.swift,\ SzentendreAttractions.swift,\ HungaryPackage.swift,\ DebrecenAttractions.swift,\ SzegedAttractions.swift,\ GyorAttractions.swift,\ SopronAttractions.swift,\ EsztergomAttractions.swift,\ VisegradAttractions.swift,\ VacAttractions.swift,\ HollokoAttractions.swift,\ AggtelekAttractions.swift,\ BalatonfuredAttractions.swift,\ TihanyAttractions.swift,\ SiofokAttractions.swift,\ KeszthelyAttractions.swift,\ BadacsonyAttractions.swift,\ TokajAttractions.swift,\ MiskolcAttractions.swift,\ KecskemetAttractions.swift,\ GyulaAttractions.swift,\ KalocsaAttractions.swift,\ PannonhalmaAttractions.swift,\ FertodAttractions.swift /Users/erders/Documents/TravelTap/TravelTap/Data/Countries/Europe/Hungary/Cities/EgerAttractions.swift /Users/erders/Documents/TravelTap/TravelTap/Data/Countries/Europe/Hungary/Cities/PecsAttractions.swift /Users/erders/Documents/TravelTap/TravelTap/Data/Countries/Europe/Hungary/Cities/SzentendreAttractions.swift /Users/erders/Documents/TravelTap/TravelTap/Data/Countries/Europe/Hungary/HungaryPackage.swift /Users/erders/Documents/TravelTap/TravelTap/Data/Countries/Europe/Hungary/Cities/DebrecenAttractions.swift /Users/erders/Documents/TravelTap/TravelTap/Data/Countries/Europe/Hungary/Cities/SzegedAttractions.swift /Users/erders/Documents/TravelTap/TravelTap/Data/Countries/Europe/Hungary/Cities/GyorAttractions.swift /Users/erders/Documents/TravelTap/TravelTap/Data/Countries/Europe/Hungary/Cities/SopronAttractions.swift /Users/erders/Documents/TravelTap/TravelTap/Data/Countries/Europe/Hungary/Cities/EsztergomAttractions.swift /Users/erders/Documents/TravelTap/TravelTap/Data/Countries/Europe/Hungary/Cities/VisegradAttractions.swift /Users/erders/Documents/TravelTap/TravelTap/Data/Countries/Europe/Hungary/Cities/VacAttractions.swift /Users/erders/Documents/TravelTap/TravelTap/Data/Countries/Europe/Hungary/Cities/HollokoAttractions.swift /Users/erders/Documents/TravelTap/TravelTap/Data/Countries/Europe/Hungary/Cities/AggtelekAttractions.swift /Users/erders/Documents/TravelTap/TravelTap/Data/Countries/Europe/Hungary/Cities/BalatonfuredAttractions.swift /Users/erders/Documents/TravelTap/TravelTap/Data/Countries/Europe/Hungary/Cities/TihanyAttractions.swift /Users/erders/Documents/TravelTap/TravelTap/Data/Countries/Europe/Hungary/Cities/SiofokAttractions.swift /Users/erders/Documents/TravelTap/TravelTap/Data/Countries/Europe/Hungary/Cities/KeszthelyAttractions.swift /Users/erders/Documents/TravelTap/TravelTap/Data/Countries/Europe/Hungary/Cities/BadacsonyAttractions.swift /Users/erders/Documents/TravelTap/TravelTap/Data/Countries/Europe/Hungary/Cities/TokajAttractions.swift /Users/erders/Documents/TravelTap/TravelTap/Data/Countries/Europe/Hungary/Cities/MiskolcAttractions.swift /Users/erders/Documents/TravelTap/TravelTap/Data/Countries/Europe/Hungary/Cities/KecskemetAttractions.swift /Users/erders/Documents/TravelTap/TravelTap/Data/Countries/Europe/Hungary/Cities/GyulaAttractions.swift /Users/erders/Documents/TravelTap/TravelTap/Data/Countries/Europe/Hungary/Cities/KalocsaAttractions.swift /Users/erders/Documents/TravelTap/TravelTap/Data/Countries/Europe/Hungary/Cities/PannonhalmaAttractions.swift /Users/erders/Documents/TravelTap/TravelTap/Data/Countries/Europe/Hungary/Cities/FertodAttractions.swift (in target 'TravelTap' from project 'TravelTap')

SwiftCompile normal arm64 /Users/erders/Documents/TravelTap/TravelTap/Data/Countries/Europe/Hungary/Cities/EgerAttractions.swift (in target 'TravelTap' from project 'TravelTap')
    cd /Users/erders/Documents/TravelTap
    

SwiftCompile normal arm64 /Users/erders/Documents/TravelTap/TravelTap/Data/Countries/Europe/Hungary/Cities/PecsAttractions.swift (in target 'TravelTap' from project 'TravelTap')
    cd /Users/erders/Documents/TravelTap
    

SwiftCompile normal arm64 /Users/erders/Documents/TravelTap/TravelTap/Data/Countries/Europe/Hungary/Cities/SzentendreAttractions.swift (in target 'TravelTap' from project 'TravelTap')
    cd /Users/erders/Documents/TravelTap
    

SwiftCompile normal arm64 /Users/erders/Documents/TravelTap/TravelTap/Data/Countries/Europe/Hungary/HungaryPackage.swift (in target 'TravelTap' from project 'TravelTap')
    cd /Users/erders/Documents/TravelTap
    

SwiftCompile normal arm64 /Users/erders/Documents/TravelTap/TravelTap/Data/Countries/Europe/Hungary/Cities/DebrecenAttractions.swift (in target 'TravelTap' from project 'TravelTap')
    cd /Users/erders/Documents/TravelTap
    

SwiftCompile normal arm64 /Users/erders/Documents/TravelTap/TravelTap/Data/Countries/Europe/Hungary/Cities/SzegedAttractions.swift (in target 'TravelTap' from project 'TravelTap')
    cd /Users/erders/Documents/TravelTap
    

SwiftCompile normal arm64 /Users/erders/Documents/TravelTap/TravelTap/Data/Countries/Europe/Hungary/Cities/GyorAttractions.swift (in target 'TravelTap' from project 'TravelTap')
    cd /Users/erders/Documents/TravelTap
    

SwiftCompile normal arm64 /Users/erders/Documents/TravelTap/TravelTap/Data/Countries/Europe/Hungary/Cities/SopronAttractions.swift (in target 'TravelTap' from project 'TravelTap')
    cd /Users/erders/Documents/TravelTap
    

SwiftCompile normal arm64 /Users/erders/Documents/TravelTap/TravelTap/Data/Countries/Europe/Hungary/Cities/EsztergomAttractions.swift (in target 'TravelTap' from project 'TravelTap')
    cd /Users/erders/Documents/TravelTap
    

SwiftCompile normal arm64 /Users/erders/Documents/TravelTap/TravelTap/Data/Countries/Europe/Hungary/Cities/VisegradAttractions.swift (in target 'TravelTap' from project 'TravelTap')
    cd /Users/erders/Documents/TravelTap
    

SwiftCompile normal arm64 /Users/erders/Documents/TravelTap/TravelTap/Data/Countries/Europe/Hungary/Cities/VacAttractions.swift (in target 'TravelTap' from project 'TravelTap')
    cd /Users/erders/Documents/TravelTap
    

SwiftCompile normal arm64 /Users/erders/Documents/TravelTap/TravelTap/Data/Countries/Europe/Hungary/Cities/HollokoAttractions.swift (in target 'TravelTap' from project 'TravelTap')
    cd /Users/erders/Documents/TravelTap
    

SwiftCompile normal arm64 /Users/erders/Documents/TravelTap/TravelTap/Data/Countries/Europe/Hungary/Cities/AggtelekAttractions.swift (in target 'TravelTap' from project 'TravelTap')
    cd /Users/erders/Documents/TravelTap
    

SwiftCompile normal arm64 /Users/erders/Documents/TravelTap/TravelTap/Data/Countries/Europe/Hungary/Cities/BalatonfuredAttractions.swift (in target 'TravelTap' from project 'TravelTap')
    cd /Users/erders/Documents/TravelTap
    

SwiftCompile normal arm64 /Users/erders/Documents/TravelTap/TravelTap/Data/Countries/Europe/Hungary/Cities/TihanyAttractions.swift (in target 'TravelTap' from project 'TravelTap')
    cd /Users/erders/Documents/TravelTap
    

SwiftCompile normal arm64 /Users/erders/Documents/TravelTap/TravelTap/Data/Countries/Europe/Hungary/Cities/SiofokAttractions.swift (in target 'TravelTap' from project 'TravelTap')
    cd /Users/erders/Documents/TravelTap
    

SwiftCompile normal arm64 /Users/erders/Documents/TravelTap/TravelTap/Data/Countries/Europe/Hungary/Cities/KeszthelyAttractions.swift (in target 'TravelTap' from project 'TravelTap')
    cd /Users/erders/Documents/TravelTap
    

SwiftCompile normal arm64 /Users/erders/Documents/TravelTap/TravelTap/Data/Countries/Europe/Hungary/Cities/BadacsonyAttractions.swift (in target 'TravelTap' from project 'TravelTap')
    cd /Users/erders/Documents/TravelTap
    

SwiftCompile normal arm64 /Users/erders/Documents/TravelTap/TravelTap/Data/Countries/Europe/Hungary/Cities/TokajAttractions.swift (in target 'TravelTap' from project 'TravelTap')
    cd /Users/erders/Documents/TravelTap
    

SwiftCompile normal arm64 /Users/erders/Documents/TravelTap/TravelTap/Data/Countries/Europe/Hungary/Cities/MiskolcAttractions.swift (in target 'TravelTap' from project 'TravelTap')
    cd /Users/erders/Documents/TravelTap
    

SwiftCompile normal arm64 /Users/erders/Documents/TravelTap/TravelTap/Data/Countries/Europe/Hungary/Cities/KecskemetAttractions.swift (in target 'TravelTap' from project 'TravelTap')
    cd /Users/erders/Documents/TravelTap
    

SwiftCompile normal arm64 /Users/erders/Documents/TravelTap/TravelTap/Data/Countries/Europe/Hungary/Cities/GyulaAttractions.swift (in target 'TravelTap' from project 'TravelTap')
    cd /Users/erders/Documents/TravelTap
    

SwiftCompile normal arm64 /Users/erders/Documents/TravelTap/TravelTap/Data/Countries/Europe/Hungary/Cities/KalocsaAttractions.swift (in target 'TravelTap' from project 'TravelTap')
    cd /Users/erders/Documents/TravelTap
    

SwiftCompile normal arm64 /Users/erders/Documents/TravelTap/TravelTap/Data/Countries/Europe/Hungary/Cities/PannonhalmaAttractions.swift (in target 'TravelTap' from project 'TravelTap')
    cd /Users/erders/Documents/TravelTap
    

SwiftCompile normal arm64 /Users/erders/Documents/TravelTap/TravelTap/Data/Countries/Europe/Hungary/Cities/FertodAttractions.swift (in target 'TravelTap' from project 'TravelTap')
    cd /Users/erders/Documents/TravelTap
    

SwiftDriverJobDiscovery normal arm64 Compiling MacauAttractions.swift, WuhanAttractions.swift, YunnanAttractions.swift, HongKongAttractions.swift, GuangzhouAttractions.swift, HuangshanAttractions.swift, QingdaoAttractions.swift, XiamenAttractions.swift, HarbinAttractions.swift, NagasakiAttractions.swift, YokohamaAttractions.swift, IseAttractions.swift, NagoyaAttractions.swift, MountFujiAttractions.swift, BeppuAttractions.swift, MatsuyamaAttractions.swift, KamakuraAttractions.swift, KobeAttractions.swift, MatsumotoAttractions.swift, TakayamaAttractions.swift, KanazawaAttractions.swift, WakayamaAttractions.swift, OkayamaAttractions.swift, AltaiAttractions.swift, EasternMongoliaAttractions.swift (in target 'TravelTap' from project 'TravelTap')

SwiftCompile normal arm64 Compiling\ MoalboalAttractions.swift,\ BoholAttractions.swift,\ LaoagAttractions.swift,\ OslobAttractions.swift,\ CebuCityAttractions.swift,\ BatanesAttractions.swift,\ BacolodAttractions.swift,\ PinatuboAttractions.swift,\ MalapascuaAttractions.swift,\ SurigaoDelSurAttractions.swift,\ TaguigAttractions.swift,\ ManilaCityAttractions.swift,\ ZambalesAttractions.swift,\ CoronAttractions.swift,\ SamarAttractions.swift,\ BoracayAttractions.swift,\ SamalIslandAttractions.swift,\ ViganAttractions.swift,\ SibongaAttractions.swift,\ LeyteAttractions.swift,\ BaguioAttractions.swift,\ SiquijorAttractions.swift,\ BanaueAttractions.swift,\ MakatiAttractions.swift,\ PagudpudAttractions.swift /Users/erders/Documents/TravelTap/TravelTap/Data/Countries/Asia/SoutheastAsia/Philippines/Cities/MoalboalAttractions.swift /Users/erders/Documents/TravelTap/TravelTap/Data/Countries/Asia/SoutheastAsia/Philippines/Cities/BoholAttractions.swift /Users/erders/Documents/TravelTap/TravelTap/Data/Countries/Asia/SoutheastAsia/Philippines/Cities/LaoagAttractions.swift /Users/erders/Documents/TravelTap/TravelTap/Data/Countries/Asia/SoutheastAsia/Philippines/Cities/OslobAttractions.swift /Users/erders/Documents/TravelTap/TravelTap/Data/Countries/Asia/SoutheastAsia/Philippines/Cities/CebuCityAttractions.swift /Users/erders/Documents/TravelTap/TravelTap/Data/Countries/Asia/SoutheastAsia/Philippines/Cities/BatanesAttractions.swift /Users/erders/Documents/TravelTap/TravelTap/Data/Countries/Asia/SoutheastAsia/Philippines/Cities/BacolodAttractions.swift /Users/erders/Documents/TravelTap/TravelTap/Data/Countries/Asia/SoutheastAsia/Philippines/Cities/PinatuboAttractions.swift /Users/erders/Documents/TravelTap/TravelTap/Data/Countries/Asia/SoutheastAsia/Philippines/Cities/MalapascuaAttractions.swift /Users/erders/Documents/TravelTap/TravelTap/Data/Countries/Asia/SoutheastAsia/Philippines/Cities/SurigaoDelSurAttractions.swift /Users/erders/Documents/TravelTap/TravelTap/Data/Countries/Asia/SoutheastAsia/Philippines/Cities/TaguigAttractions.swift /Users/erders/Documents/TravelTap/TravelTap/Data/Countries/Asia/SoutheastAsia/Philippines/Cities/ManilaCityAttractions.swift /Users/erders/Documents/TravelTap/TravelTap/Data/Countries/Asia/SoutheastAsia/Philippines/Cities/ZambalesAttractions.swift /Users/erders/Documents/TravelTap/TravelTap/Data/Countries/Asia/SoutheastAsia/Philippines/Cities/CoronAttractions.swift /Users/erders/Documents/TravelTap/TravelTap/Data/Countries/Asia/SoutheastAsia/Philippines/Cities/SamarAttractions.swift /Users/erders/Documents/TravelTap/TravelTap/Data/Countries/Asia/SoutheastAsia/Philippines/Cities/BoracayAttractions.swift /Users/erders/Documents/TravelTap/TravelTap/Data/Countries/Asia/SoutheastAsia/Philippines/Cities/SamalIslandAttractions.swift /Users/erders/Documents/TravelTap/TravelTap/Data/Countries/Asia/SoutheastAsia/Philippines/Cities/ViganAttractions.swift /Users/erders/Documents/TravelTap/TravelTap/Data/Countries/Asia/SoutheastAsia/Philippines/Cities/SibongaAttractions.swift /Users/erders/Documents/TravelTap/TravelTap/Data/Countries/Asia/SoutheastAsia/Philippines/Cities/LeyteAttractions.swift /Users/erders/Documents/TravelTap/TravelTap/Data/Countries/Asia/SoutheastAsia/Philippines/Cities/BaguioAttractions.swift /Users/erders/Documents/TravelTap/TravelTap/Data/Countries/Asia/SoutheastAsia/Philippines/Cities/SiquijorAttractions.swift /Users/erders/Documents/TravelTap/TravelTap/Data/Countries/Asia/SoutheastAsia/Philippines/Cities/BanaueAttractions.swift /Users/erders/Documents/TravelTap/TravelTap/Data/Countries/Asia/SoutheastAsia/Philippines/Cities/MakatiAttractions.swift /Users/erders/Documents/TravelTap/TravelTap/Data/Countries/Asia/SoutheastAsia/Philippines/Cities/PagudpudAttractions.swift (in target 'TravelTap' from project 'TravelTap')

SwiftCompile normal arm64 /Users/erders/Documents/TravelTap/TravelTap/Data/Countries/Asia/SoutheastAsia/Philippines/Cities/MoalboalAttractions.swift (in target 'TravelTap' from project 'TravelTap')
    cd /Users/erders/Documents/TravelTap
    

SwiftCompile normal arm64 /Users/erders/Documents/TravelTap/TravelTap/Data/Countries/Asia/SoutheastAsia/Philippines/Cities/BoholAttractions.swift (in target 'TravelTap' from project 'TravelTap')
    cd /Users/erders/Documents/TravelTap
    

SwiftCompile normal arm64 /Users/erders/Documents/TravelTap/TravelTap/Data/Countries/Asia/SoutheastAsia/Philippines/Cities/LaoagAttractions.swift (in target 'TravelTap' from project 'TravelTap')
    cd /Users/erders/Documents/TravelTap
    

SwiftCompile normal arm64 /Users/erders/Documents/TravelTap/TravelTap/Data/Countries/Asia/SoutheastAsia/Philippines/Cities/OslobAttractions.swift (in target 'TravelTap' from project 'TravelTap')
    cd /Users/erders/Documents/TravelTap
    

SwiftCompile normal arm64 /Users/erders/Documents/TravelTap/TravelTap/Data/Countries/Asia/SoutheastAsia/Philippines/Cities/CebuCityAttractions.swift (in target 'TravelTap' from project 'TravelTap')
    cd /Users/erders/Documents/TravelTap
    

SwiftCompile normal arm64 /Users/erders/Documents/TravelTap/TravelTap/Data/Countries/Asia/SoutheastAsia/Philippines/Cities/BatanesAttractions.swift (in target 'TravelTap' from project 'TravelTap')
    cd /Users/erders/Documents/TravelTap
    

SwiftCompile normal arm64 /Users/erders/Documents/TravelTap/TravelTap/Data/Countries/Asia/SoutheastAsia/Philippines/Cities/BacolodAttractions.swift (in target 'TravelTap' from project 'TravelTap')
    cd /Users/erders/Documents/TravelTap
    

SwiftCompile normal arm64 /Users/erders/Documents/TravelTap/TravelTap/Data/Countries/Asia/SoutheastAsia/Philippines/Cities/PinatuboAttractions.swift (in target 'TravelTap' from project 'TravelTap')
    cd /Users/erders/Documents/TravelTap
    

SwiftCompile normal arm64 /Users/erders/Documents/TravelTap/TravelTap/Data/Countries/Asia/SoutheastAsia/Philippines/Cities/MalapascuaAttractions.swift (in target 'TravelTap' from project 'TravelTap')
    cd /Users/erders/Documents/TravelTap
    

SwiftCompile normal arm64 /Users/erders/Documents/TravelTap/TravelTap/Data/Countries/Asia/SoutheastAsia/Philippines/Cities/SurigaoDelSurAttractions.swift (in target 'TravelTap' from project 'TravelTap')
    cd /Users/erders/Documents/TravelTap
    

SwiftCompile normal arm64 /Users/erders/Documents/TravelTap/TravelTap/Data/Countries/Asia/SoutheastAsia/Philippines/Cities/TaguigAttractions.swift (in target 'TravelTap' from project 'TravelTap')
    cd /Users/erders/Documents/TravelTap
    

SwiftCompile normal arm64 /Users/erders/Documents/TravelTap/TravelTap/Data/Countries/Asia/SoutheastAsia/Philippines/Cities/ManilaCityAttractions.swift (in target 'TravelTap' from project 'TravelTap')
    cd /Users/erders/Documents/TravelTap
    

SwiftCompile normal arm64 /Users/erders/Documents/TravelTap/TravelTap/Data/Countries/Asia/SoutheastAsia/Philippines/Cities/ZambalesAttractions.swift (in target 'TravelTap' from project 'TravelTap')
    cd /Users/erders/Documents/TravelTap
    

SwiftCompile normal arm64 /Users/erders/Documents/TravelTap/TravelTap/Data/Countries/Asia/SoutheastAsia/Philippines/Cities/CoronAttractions.swift (in target 'TravelTap' from project 'TravelTap')
    cd /Users/erders/Documents/TravelTap
    

SwiftCompile normal arm64 /Users/erders/Documents/TravelTap/TravelTap/Data/Countries/Asia/SoutheastAsia/Philippines/Cities/SamarAttractions.swift (in target 'TravelTap' from project 'TravelTap')
    cd /Users/erders/Documents/TravelTap
    

SwiftCompile normal arm64 /Users/erders/Documents/TravelTap/TravelTap/Data/Countries/Asia/SoutheastAsia/Philippines/Cities/BoracayAttractions.swift (in target 'TravelTap' from project 'TravelTap')
    cd /Users/erders/Documents/TravelTap
    

SwiftCompile normal arm64 /Users/erders/Documents/TravelTap/TravelTap/Data/Countries/Asia/SoutheastAsia/Philippines/Cities/SamalIslandAttractions.swift (in target 'TravelTap' from project 'TravelTap')
    cd /Users/erders/Documents/TravelTap
    

SwiftCompile normal arm64 /Users/erders/Documents/TravelTap/TravelTap/Data/Countries/Asia/SoutheastAsia/Philippines/Cities/ViganAttractions.swift (in target 'TravelTap' from project 'TravelTap')
    cd /Users/erders/Documents/TravelTap
    

SwiftCompile normal arm64 /Users/erders/Documents/TravelTap/TravelTap/Data/Countries/Asia/SoutheastAsia/Philippines/Cities/SibongaAttractions.swift (in target 'TravelTap' from project 'TravelTap')
    cd /Users/erders/Documents/TravelTap
    

SwiftCompile normal arm64 /Users/erders/Documents/TravelTap/TravelTap/Data/Countries/Asia/SoutheastAsia/Philippines/Cities/LeyteAttractions.swift (in target 'TravelTap' from project 'TravelTap')
    cd /Users/erders/Documents/TravelTap
    

SwiftCompile normal arm64 /Users/erders/Documents/TravelTap/TravelTap/Data/Countries/Asia/SoutheastAsia/Philippines/Cities/BaguioAttractions.swift (in target 'TravelTap' from project 'TravelTap')
    cd /Users/erders/Documents/TravelTap
    

SwiftCompile normal arm64 /Users/erders/Documents/TravelTap/TravelTap/Data/Countries/Asia/SoutheastAsia/Philippines/Cities/SiquijorAttractions.swift (in target 'TravelTap' from project 'TravelTap')
    cd /Users/erders/Documents/TravelTap
    

SwiftCompile normal arm64 /Users/erders/Documents/TravelTap/TravelTap/Data/Countries/Asia/SoutheastAsia/Philippines/Cities/BanaueAttractions.swift (in target 'TravelTap' from project 'TravelTap')
    cd /Users/erders/Documents/TravelTap
    

SwiftCompile normal arm64 /Users/erders/Documents/TravelTap/TravelTap/Data/Countries/Asia/SoutheastAsia/Philippines/Cities/MakatiAttractions.swift (in target 'TravelTap' from project 'TravelTap')
    cd /Users/erders/Documents/TravelTap
    

SwiftCompile normal arm64 /Users/erders/Documents/TravelTap/TravelTap/Data/Countries/Asia/SoutheastAsia/Philippines/Cities/PagudpudAttractions.swift (in target 'TravelTap' from project 'TravelTap')
    cd /Users/erders/Documents/TravelTap
    

SwiftDriverJobDiscovery normal arm64 Compiling EtretatAttractions.swift, AntibesAttractions.swift, AixEnProvenceAttractions.swift, NimesAttractions.swift, BiarritzAttractions.swift, SaintMaloAttractions.swift, VersaillesAttractions.swift, NantesAttractions.swift, BayonneAttractions.swift, RouenAttractions.swift, MontpellierAttractions.swift, DijonAttractions.swift, RennesAttractions.swift, ArlesAttractions.swift, AvignonAttractions.swift, BrightonAttractions.swift, PeakDistrictAttractions.swift, DurhamAttractions.swift, PortsmouthAttractions.swift, StratfordUponAvonAttractions.swift, BristolAttractions.swift, PlymouthAttractions.swift, NorwichAttractions.swift, ExeterAttractions.swift, BathAttractions.swift (in target 'TravelTap' from project 'TravelTap')

SwiftCompile normal arm64 Compiling\ KataviAttractions.swift,\ MafiaIslandAttractions.swift,\ LakeEyasiAttractions.swift,\ LakeNatronAttractions.swift,\ DaresSalaamAttractions.swift,\ ArushaAttractions.swift,\ SelousNyerereAttractions.swift,\ NgorongoroAttractions.swift,\ SerengetiRegionAttractions.swift,\ DodomaAttractions.swift,\ ZanzibarStoneTownAttractions.swift,\ TarangireAttractions.swift,\ PembaIslandAttractions.swift,\ KilwaAttractions.swift,\ ZanzibarBeachesNatureAttractions.swift,\ NairobiAttractions.swift,\ PortLouisNorthAttractions.swift,\ MauritiusWestSouthAttractions.swift,\ CentralEastAttractions.swift,\ SouthEastRodriguesAttractions.swift,\ BlackRiverAttractions.swift,\ UnsplashModels.swift,\ UnsplashManager.swift,\ GeneratedAssetSymbols.swift /Users/erders/Documents/TravelTap/TravelTap/Data/Countries/Africa/EastAfrica/Tanzania/Cities/KataviAttractions.swift /Users/erders/Documents/TravelTap/TravelTap/Data/Countries/Africa/EastAfrica/Tanzania/Cities/MafiaIslandAttractions.swift /Users/erders/Documents/TravelTap/TravelTap/Data/Countries/Africa/EastAfrica/Tanzania/Cities/LakeEyasiAttractions.swift /Users/erders/Documents/TravelTap/TravelTap/Data/Countries/Africa/EastAfrica/Tanzania/Cities/LakeNatronAttractions.swift /Users/erders/Documents/TravelTap/TravelTap/Data/Countries/Africa/EastAfrica/Tanzania/Cities/DaresSalaamAttractions.swift /Users/erders/Documents/TravelTap/TravelTap/Data/Countries/Africa/EastAfrica/Tanzania/Cities/ArushaAttractions.swift /Users/erders/Documents/TravelTap/TravelTap/Data/Countries/Africa/EastAfrica/Tanzania/Cities/SelousNyerereAttractions.swift /Users/erders/Documents/TravelTap/TravelTap/Data/Countries/Africa/EastAfrica/Tanzania/Cities/NgorongoroAttractions.swift /Users/erders/Documents/TravelTap/TravelTap/Data/Countries/Africa/EastAfrica/Tanzania/Cities/SerengetiRegionAttractions.swift /Users/erders/Documents/TravelTap/TravelTap/Data/Countries/Africa/EastAfrica/Tanzania/Cities/DodomaAttractions.swift /Users/erders/Documents/TravelTap/TravelTap/Data/Countries/Africa/EastAfrica/Tanzania/Cities/ZanzibarStoneTownAttractions.swift /Users/erders/Documents/TravelTap/TravelTap/Data/Countries/Africa/EastAfrica/Tanzania/Cities/TarangireAttractions.swift /Users/erders/Documents/TravelTap/TravelTap/Data/Countries/Africa/EastAfrica/Tanzania/Cities/PembaIslandAttractions.swift /Users/erders/Documents/TravelTap/TravelTap/Data/Countries/Africa/EastAfrica/Tanzania/Cities/KilwaAttractions.swift /Users/erders/Documents/TravelTap/TravelTap/Data/Countries/Africa/EastAfrica/Tanzania/Cities/ZanzibarBeachesNatureAttractions.swift /Users/erders/Documents/TravelTap/TravelTap/Data/Countries/Africa/EastAfrica/Kenya/Cities/NairobiAttractions.swift /Users/erders/Documents/TravelTap/TravelTap/Data/Countries/Africa/EastAfrica/Mauritius/Cities/PortLouisNorthAttractions.swift /Users/erders/Documents/TravelTap/TravelTap/Data/Countries/Africa/EastAfrica/Mauritius/Cities/MauritiusWestSouthAttractions.swift /Users/erders/Documents/TravelTap/TravelTap/Data/Countries/Africa/EastAfrica/Mauritius/Cities/CentralEastAttractions.swift /Users/erders/Documents/TravelTap/TravelTap/Data/Countries/Africa/EastAfrica/Mauritius/Cities/SouthEastRodriguesAttractions.swift /Users/erders/Documents/TravelTap/TravelTap/Data/Countries/CentralAmerica/Jamaica/Cities/BlackRiverAttractions.swift /Users/erders/Documents/TravelTap/TravelTap/Services/UnsplashModels.swift /Users/erders/Documents/TravelTap/TravelTap/Services/UnsplashManager.swift /Users/erders/Library/Developer/Xcode/DerivedData/TravelTap-aoniybxgcgmexqcgzdslgsqiowxj/Build/Intermediates.noindex/TravelTap.build/Debug-iphonesimulator/TravelTap.build/DerivedSources/GeneratedAssetSymbols.swift (in target 'TravelTap' from project 'TravelTap')

SwiftCompile normal arm64 /Users/erders/Documents/TravelTap/TravelTap/Data/Countries/Africa/EastAfrica/Tanzania/Cities/KataviAttractions.swift (in target 'TravelTap' from project 'TravelTap')
    cd /Users/erders/Documents/TravelTap
    

SwiftCompile normal arm64 /Users/erders/Documents/TravelTap/TravelTap/Data/Countries/Africa/EastAfrica/Tanzania/Cities/MafiaIslandAttractions.swift (in target 'TravelTap' from project 'TravelTap')
    cd /Users/erders/Documents/TravelTap
    

SwiftCompile normal arm64 /Users/erders/Documents/TravelTap/TravelTap/Data/Countries/Africa/EastAfrica/Tanzania/Cities/LakeEyasiAttractions.swift (in target 'TravelTap' from project 'TravelTap')
    cd /Users/erders/Documents/TravelTap
    

SwiftCompile normal arm64 /Users/erders/Documents/TravelTap/TravelTap/Data/Countries/Africa/EastAfrica/Tanzania/Cities/LakeNatronAttractions.swift (in target 'TravelTap' from project 'TravelTap')
    cd /Users/erders/Documents/TravelTap
    

SwiftCompile normal arm64 /Users/erders/Documents/TravelTap/TravelTap/Data/Countries/Africa/EastAfrica/Tanzania/Cities/DaresSalaamAttractions.swift (in target 'TravelTap' from project 'TravelTap')
    cd /Users/erders/Documents/TravelTap
    

SwiftCompile normal arm64 /Users/erders/Documents/TravelTap/TravelTap/Data/Countries/Africa/EastAfrica/Tanzania/Cities/ArushaAttractions.swift (in target 'TravelTap' from project 'TravelTap')
    cd /Users/erders/Documents/TravelTap
    

SwiftCompile normal arm64 /Users/erders/Documents/TravelTap/TravelTap/Data/Countries/Africa/EastAfrica/Tanzania/Cities/SelousNyerereAttractions.swift (in target 'TravelTap' from project 'TravelTap')
    cd /Users/erders/Documents/TravelTap
    

SwiftCompile normal arm64 /Users/erders/Documents/TravelTap/TravelTap/Data/Countries/Africa/EastAfrica/Tanzania/Cities/NgorongoroAttractions.swift (in target 'TravelTap' from project 'TravelTap')
    cd /Users/erders/Documents/TravelTap
    

SwiftCompile normal arm64 /Users/erders/Documents/TravelTap/TravelTap/Data/Countries/Africa/EastAfrica/Tanzania/Cities/SerengetiRegionAttractions.swift (in target 'TravelTap' from project 'TravelTap')
    cd /Users/erders/Documents/TravelTap
    

SwiftCompile normal arm64 /Users/erders/Documents/TravelTap/TravelTap/Data/Countries/Africa/EastAfrica/Tanzania/Cities/DodomaAttractions.swift (in target 'TravelTap' from project 'TravelTap')
    cd /Users/erders/Documents/TravelTap
    

SwiftCompile normal arm64 /Users/erders/Documents/TravelTap/TravelTap/Data/Countries/Africa/EastAfrica/Tanzania/Cities/ZanzibarStoneTownAttractions.swift (in target 'TravelTap' from project 'TravelTap')
    cd /Users/erders/Documents/TravelTap
    

SwiftCompile normal arm64 /Users/erders/Documents/TravelTap/TravelTap/Data/Countries/Africa/EastAfrica/Tanzania/Cities/TarangireAttractions.swift (in target 'TravelTap' from project 'TravelTap')
    cd /Users/erders/Documents/TravelTap
    

SwiftCompile normal arm64 /Users/erders/Documents/TravelTap/TravelTap/Data/Countries/Africa/EastAfrica/Tanzania/Cities/PembaIslandAttractions.swift (in target 'TravelTap' from project 'TravelTap')
    cd /Users/erders/Documents/TravelTap
    

SwiftCompile normal arm64 /Users/erders/Documents/TravelTap/TravelTap/Data/Countries/Africa/EastAfrica/Tanzania/Cities/KilwaAttractions.swift (in target 'TravelTap' from project 'TravelTap')
    cd /Users/erders/Documents/TravelTap
    

SwiftCompile normal arm64 /Users/erders/Documents/TravelTap/TravelTap/Data/Countries/Africa/EastAfrica/Tanzania/Cities/ZanzibarBeachesNatureAttractions.swift (in target 'TravelTap' from project 'TravelTap')
    cd /Users/erders/Documents/TravelTap
    

SwiftCompile normal arm64 /Users/erders/Documents/TravelTap/TravelTap/Data/Countries/Africa/EastAfrica/Kenya/Cities/NairobiAttractions.swift (in target 'TravelTap' from project 'TravelTap')
    cd /Users/erders/Documents/TravelTap
    

SwiftCompile normal arm64 /Users/erders/Documents/TravelTap/TravelTap/Data/Countries/Africa/EastAfrica/Mauritius/Cities/PortLouisNorthAttractions.swift (in target 'TravelTap' from project 'TravelTap')
    cd /Users/erders/Documents/TravelTap
    

SwiftCompile normal arm64 /Users/erders/Documents/TravelTap/TravelTap/Data/Countries/Africa/EastAfrica/Mauritius/Cities/MauritiusWestSouthAttractions.swift (in target 'TravelTap' from project 'TravelTap')
    cd /Users/erders/Documents/TravelTap
    

SwiftCompile normal arm64 /Users/erders/Documents/TravelTap/TravelTap/Data/Countries/Africa/EastAfrica/Mauritius/Cities/CentralEastAttractions.swift (in target 'TravelTap' from project 'TravelTap')
    cd /Users/erders/Documents/TravelTap
    

SwiftCompile normal arm64 /Users/erders/Documents/TravelTap/TravelTap/Data/Countries/Africa/EastAfrica/Mauritius/Cities/SouthEastRodriguesAttractions.swift (in target 'TravelTap' from project 'TravelTap')
    cd /Users/erders/Documents/TravelTap
    

SwiftCompile normal arm64 /Users/erders/Documents/TravelTap/TravelTap/Data/Countries/CentralAmerica/Jamaica/Cities/BlackRiverAttractions.swift (in target 'TravelTap' from project 'TravelTap')
    cd /Users/erders/Documents/TravelTap
    

SwiftCompile normal arm64 /Users/erders/Documents/TravelTap/TravelTap/Services/UnsplashModels.swift (in target 'TravelTap' from project 'TravelTap')
    cd /Users/erders/Documents/TravelTap
    

SwiftCompile normal arm64 /Users/erders/Documents/TravelTap/TravelTap/Services/UnsplashManager.swift (in target 'TravelTap' from project 'TravelTap')
    cd /Users/erders/Documents/TravelTap
    

SwiftCompile normal arm64 /Users/erders/Library/Developer/Xcode/DerivedData/TravelTap-aoniybxgcgmexqcgzdslgsqiowxj/Build/Intermediates.noindex/TravelTap.build/Debug-iphonesimulator/TravelTap.build/DerivedSources/GeneratedAssetSymbols.swift (in target 'TravelTap' from project 'TravelTap')
    cd /Users/erders/Documents/TravelTap
    

SwiftDriverJobDiscovery normal arm64 Compiling BusuangaAttractions.swift, PangasinanAttractions.swift, DumagueteAttractions.swift, PanglaoAttractions.swift, SubicAttractions.swift, PhuQuocAttractions.swift, NinhBinhAttractions.swift, DaNangAttractions.swift, DaLatAttractions.swift, NhaTrangAttractions.swift, MuiNeAttractions.swift, HaLongBayAttractions.swift, PhongNhaAttractions.swift, QuyNhonAttractions.swift, ConDaoAttractions.swift, HoiAnAttractions.swift, CanThoAttractions.swift, HueAttractions.swift, ChauDocAttractions.swift, SapaAttractions.swift, BukitLawangAttractions.swift, BintanAttractions.swift, AcehAttractions.swift, BromoAttractions.swift, JakartaAttractions.swift (in target 'TravelTap' from project 'TravelTap')

SwiftCompile normal arm64 Compiling\ LakeDistrictAttractions.swift,\ WinchesterAttractions.swift,\ CoventryAttractions.swift,\ LincolnAttractions.swift,\ NorthYorkshireAttractions.swift,\ SheffieldAttractions.swift,\ SalisburyAttractions.swift,\ CornwallAttractions.swift,\ YorkAttractions.swift,\ NewcastleAttractions.swift,\ DevonAttractions.swift,\ LeicesterAttractions.swift,\ CanterburyAttractions.swift,\ ChesterAttractions.swift,\ CotswoldsAttractions.swift,\ NottinghamAttractions.swift,\ DenverAttractions.swift,\ DetroitAttractions.swift,\ AustinAttractions.swift,\ MinneapolisAttractions.swift,\ PhoenixAttractions.swift,\ SanAntonioAttractions.swift,\ EdmontonAttractions.swift,\ CalgaryAttractions.swift,\ NiagaraFallsCanadaAttractions.swift /Users/erders/Documents/TravelTap/TravelTap/Data/Countries/Europe/England/Cities/LakeDistrictAttractions.swift /Users/erders/Documents/TravelTap/TravelTap/Data/Countries/Europe/England/Cities/WinchesterAttractions.swift /Users/erders/Documents/TravelTap/TravelTap/Data/Countries/Europe/England/Cities/CoventryAttractions.swift /Users/erders/Documents/TravelTap/TravelTap/Data/Countries/Europe/England/Cities/LincolnAttractions.swift /Users/erders/Documents/TravelTap/TravelTap/Data/Countries/Europe/England/Cities/NorthYorkshireAttractions.swift /Users/erders/Documents/TravelTap/TravelTap/Data/Countries/Europe/England/Cities/SheffieldAttractions.swift /Users/erders/Documents/TravelTap/TravelTap/Data/Countries/Europe/England/Cities/SalisburyAttractions.swift /Users/erders/Documents/TravelTap/TravelTap/Data/Countries/Europe/England/Cities/CornwallAttractions.swift /Users/erders/Documents/TravelTap/TravelTap/Data/Countries/Europe/England/Cities/YorkAttractions.swift /Users/erders/Documents/TravelTap/TravelTap/Data/Countries/Europe/England/Cities/NewcastleAttractions.swift /Users/erders/Documents/TravelTap/TravelTap/Data/Countries/Europe/England/Cities/DevonAttractions.swift /Users/erders/Documents/TravelTap/TravelTap/Data/Countries/Europe/England/Cities/LeicesterAttractions.swift /Users/erders/Documents/TravelTap/TravelTap/Data/Countries/Europe/England/Cities/CanterburyAttractions.swift /Users/erders/Documents/TravelTap/TravelTap/Data/Countries/Europe/England/Cities/ChesterAttractions.swift /Users/erders/Documents/TravelTap/TravelTap/Data/Countries/Europe/England/Cities/CotswoldsAttractions.swift /Users/erders/Documents/TravelTap/TravelTap/Data/Countries/Europe/England/Cities/NottinghamAttractions.swift /Users/erders/Documents/TravelTap/TravelTap/Data/Countries/NorthAmerica/USA/Cities/DenverAttractions.swift /Users/erders/Documents/TravelTap/TravelTap/Data/Countries/NorthAmerica/USA/Cities/DetroitAttractions.swift /Users/erders/Documents/TravelTap/TravelTap/Data/Countries/NorthAmerica/USA/Cities/AustinAttractions.swift /Users/erders/Documents/TravelTap/TravelTap/Data/Countries/NorthAmerica/USA/Cities/MinneapolisAttractions.swift /Users/erders/Documents/TravelTap/TravelTap/Data/Countries/NorthAmerica/USA/Cities/PhoenixAttractions.swift /Users/erders/Documents/TravelTap/TravelTap/Data/Countries/NorthAmerica/USA/Cities/SanAntonioAttractions.swift /Users/erders/Documents/TravelTap/TravelTap/Data/Countries/NorthAmerica/Canada/Cities/EdmontonAttractions.swift /Users/erders/Documents/TravelTap/TravelTap/Data/Countries/NorthAmerica/Canada/Cities/CalgaryAttractions.swift /Users/erders/Documents/TravelTap/TravelTap/Data/Countries/NorthAmerica/Canada/Cities/NiagaraFallsCanadaAttractions.swift (in target 'TravelTap' from project 'TravelTap')

SwiftCompile normal arm64 /Users/erders/Documents/TravelTap/TravelTap/Data/Countries/Europe/England/Cities/LakeDistrictAttractions.swift (in target 'TravelTap' from project 'TravelTap')
    cd /Users/erders/Documents/TravelTap
    

SwiftCompile normal arm64 /Users/erders/Documents/TravelTap/TravelTap/Data/Countries/Europe/England/Cities/WinchesterAttractions.swift (in target 'TravelTap' from project 'TravelTap')
    cd /Users/erders/Documents/TravelTap
    

SwiftCompile normal arm64 /Users/erders/Documents/TravelTap/TravelTap/Data/Countries/Europe/England/Cities/CoventryAttractions.swift (in target 'TravelTap' from project 'TravelTap')
    cd /Users/erders/Documents/TravelTap
    

SwiftCompile normal arm64 /Users/erders/Documents/TravelTap/TravelTap/Data/Countries/Europe/England/Cities/LincolnAttractions.swift (in target 'TravelTap' from project 'TravelTap')
    cd /Users/erders/Documents/TravelTap
    

SwiftCompile normal arm64 /Users/erders/Documents/TravelTap/TravelTap/Data/Countries/Europe/England/Cities/NorthYorkshireAttractions.swift (in target 'TravelTap' from project 'TravelTap')
    cd /Users/erders/Documents/TravelTap
    

SwiftCompile normal arm64 /Users/erders/Documents/TravelTap/TravelTap/Data/Countries/Europe/England/Cities/SheffieldAttractions.swift (in target 'TravelTap' from project 'TravelTap')
    cd /Users/erders/Documents/TravelTap
    

SwiftCompile normal arm64 /Users/erders/Documents/TravelTap/TravelTap/Data/Countries/Europe/England/Cities/SalisburyAttractions.swift (in target 'TravelTap' from project 'TravelTap')
    cd /Users/erders/Documents/TravelTap
    

SwiftCompile normal arm64 /Users/erders/Documents/TravelTap/TravelTap/Data/Countries/Europe/England/Cities/CornwallAttractions.swift (in target 'TravelTap' from project 'TravelTap')
    cd /Users/erders/Documents/TravelTap
    

SwiftCompile normal arm64 /Users/erders/Documents/TravelTap/TravelTap/Data/Countries/Europe/England/Cities/YorkAttractions.swift (in target 'TravelTap' from project 'TravelTap')
    cd /Users/erders/Documents/TravelTap
    

SwiftCompile normal arm64 /Users/erders/Documents/TravelTap/TravelTap/Data/Countries/Europe/England/Cities/NewcastleAttractions.swift (in target 'TravelTap' from project 'TravelTap')
    cd /Users/erders/Documents/TravelTap
    

SwiftCompile normal arm64 /Users/erders/Documents/TravelTap/TravelTap/Data/Countries/Europe/England/Cities/DevonAttractions.swift (in target 'TravelTap' from project 'TravelTap')
    cd /Users/erders/Documents/TravelTap
    

SwiftCompile normal arm64 /Users/erders/Documents/TravelTap/TravelTap/Data/Countries/Europe/England/Cities/LeicesterAttractions.swift (in target 'TravelTap' from project 'TravelTap')
    cd /Users/erders/Documents/TravelTap
    

SwiftCompile normal arm64 /Users/erders/Documents/TravelTap/TravelTap/Data/Countries/Europe/England/Cities/CanterburyAttractions.swift (in target 'TravelTap' from project 'TravelTap')
    cd /Users/erders/Documents/TravelTap
    

SwiftCompile normal arm64 /Users/erders/Documents/TravelTap/TravelTap/Data/Countries/Europe/England/Cities/ChesterAttractions.swift (in target 'TravelTap' from project 'TravelTap')
    cd /Users/erders/Documents/TravelTap
    

SwiftCompile normal arm64 /Users/erders/Documents/TravelTap/TravelTap/Data/Countries/Europe/England/Cities/CotswoldsAttractions.swift (in target 'TravelTap' from project 'TravelTap')
    cd /Users/erders/Documents/TravelTap
    

SwiftCompile normal arm64 /Users/erders/Documents/TravelTap/TravelTap/Data/Countries/Europe/England/Cities/NottinghamAttractions.swift (in target 'TravelTap' from project 'TravelTap')
    cd /Users/erders/Documents/TravelTap
    

SwiftCompile normal arm64 /Users/erders/Documents/TravelTap/TravelTap/Data/Countries/NorthAmerica/USA/Cities/DenverAttractions.swift (in target 'TravelTap' from project 'TravelTap')
    cd /Users/erders/Documents/TravelTap
    

SwiftCompile normal arm64 /Users/erders/Documents/TravelTap/TravelTap/Data/Countries/NorthAmerica/USA/Cities/DetroitAttractions.swift (in target 'TravelTap' from project 'TravelTap')
    cd /Users/erders/Documents/TravelTap
    

SwiftCompile normal arm64 /Users/erders/Documents/TravelTap/TravelTap/Data/Countries/NorthAmerica/USA/Cities/AustinAttractions.swift (in target 'TravelTap' from project 'TravelTap')
    cd /Users/erders/Documents/TravelTap
    

SwiftCompile normal arm64 /Users/erders/Documents/TravelTap/TravelTap/Data/Countries/NorthAmerica/USA/Cities/MinneapolisAttractions.swift (in target 'TravelTap' from project 'TravelTap')
    cd /Users/erders/Documents/TravelTap
    

SwiftCompile normal arm64 /Users/erders/Documents/TravelTap/TravelTap/Data/Countries/NorthAmerica/USA/Cities/PhoenixAttractions.swift (in target 'TravelTap' from project 'TravelTap')
    cd /Users/erders/Documents/TravelTap
    

SwiftCompile normal arm64 /Users/erders/Documents/TravelTap/TravelTap/Data/Countries/NorthAmerica/USA/Cities/SanAntonioAttractions.swift (in target 'TravelTap' from project 'TravelTap')
    cd /Users/erders/Documents/TravelTap
    

SwiftCompile normal arm64 /Users/erders/Documents/TravelTap/TravelTap/Data/Countries/NorthAmerica/Canada/Cities/EdmontonAttractions.swift (in target 'TravelTap' from project 'TravelTap')
    cd /Users/erders/Documents/TravelTap
    

SwiftCompile normal arm64 /Users/erders/Documents/TravelTap/TravelTap/Data/Countries/NorthAmerica/Canada/Cities/CalgaryAttractions.swift (in target 'TravelTap' from project 'TravelTap')
    cd /Users/erders/Documents/TravelTap
    

SwiftCompile normal arm64 /Users/erders/Documents/TravelTap/TravelTap/Data/Countries/NorthAmerica/Canada/Cities/NiagaraFallsCanadaAttractions.swift (in target 'TravelTap' from project 'TravelTap')
    cd /Users/erders/Documents/TravelTap
    

SwiftDriverJobDiscovery normal arm64 Compiling CambridgeAttractions.swift, LeedsAttractions.swift, LiverpoolAttractions.swift, LondonAttractions.swift, ManchesterAttractions.swift, OxfordAttractions.swift, EnglandPackage.swift, ParnuAttractions.swift, TallinnAttractions.swift, TartuAttractions.swift, EstoniaPackage.swift, GasadalurAttractions.swift, TorshavnAttractions.swift, FaroeIslandsPackage.swift, HelsinkiAttractions.swift, RovaniemiAttractions.swift, TampereAttractions.swift, TurkuAttractions.swift, FinlandPackage.swift, SaariselkaAttractions.swift, LeviAttractions.swift, InariAttractions.swift, MuonioAttractions.swift, KemiAttractions.swift, KilpisjarviAttractions.swift (in target 'TravelTap' from project 'TravelTap')

SwiftCompile normal arm64 Compiling\ GunGaluutAttractions.swift,\ KhustainAttractions.swift,\ KhovsgolAttractions.swift,\ WesternMongoliaAttractions.swift,\ NorthernMongoliaAttractions.swift,\ TereljAttractions.swift,\ GobiAttractions.swift,\ MongoliaExperiencesAttractions.swift,\ JaffnaAttractions.swift,\ AdamsPeakAttractions.swift,\ NuwaraEliyaAttractions.swift,\ YalaAttractions.swift,\ MihintaleAttractions.swift,\ ArugamBayAttractions.swift,\ TrincomaleeAttractions.swift,\ PolonnaruwaAttractions.swift,\ MirissaAttractions.swift,\ KitulgalaAttractions.swift,\ GalleAttractions.swift,\ HikkaduwaAttractions.swift,\ YapahuwaAttractions.swift,\ EllaAttractions.swift,\ BatticaloaAttractions.swift,\ AnuradhapuraAttractions.swift,\ PinnawalaAttractions.swift /Users/erders/Documents/TravelTap/TravelTap/Data/Countries/Asia/EastAsia/Mongolia/Cities/GunGaluutAttractions.swift /Users/erders/Documents/TravelTap/TravelTap/Data/Countries/Asia/EastAsia/Mongolia/Cities/KhustainAttractions.swift /Users/erders/Documents/TravelTap/TravelTap/Data/Countries/Asia/EastAsia/Mongolia/Cities/KhovsgolAttractions.swift /Users/erders/Documents/TravelTap/TravelTap/Data/Countries/Asia/EastAsia/Mongolia/Cities/WesternMongoliaAttractions.swift /Users/erders/Documents/TravelTap/TravelTap/Data/Countries/Asia/EastAsia/Mongolia/Cities/NorthernMongoliaAttractions.swift /Users/erders/Documents/TravelTap/TravelTap/Data/Countries/Asia/EastAsia/Mongolia/Cities/TereljAttractions.swift /Users/erders/Documents/TravelTap/TravelTap/Data/Countries/Asia/EastAsia/Mongolia/Cities/GobiAttractions.swift /Users/erders/Documents/TravelTap/TravelTap/Data/Countries/Asia/EastAsia/Mongolia/Cities/MongoliaExperiencesAttractions.swift /Users/erders/Documents/TravelTap/TravelTap/Data/Countries/Asia/SouthAsia/SriLanka/Cities/JaffnaAttractions.swift /Users/erders/Documents/TravelTap/TravelTap/Data/Countries/Asia/SouthAsia/SriLanka/Cities/AdamsPeakAttractions.swift /Users/erders/Documents/TravelTap/TravelTap/Data/Countries/Asia/SouthAsia/SriLanka/Cities/NuwaraEliyaAttractions.swift /Users/erders/Documents/TravelTap/TravelTap/Data/Countries/Asia/SouthAsia/SriLanka/Cities/YalaAttractions.swift /Users/erders/Documents/TravelTap/TravelTap/Data/Countries/Asia/SouthAsia/SriLanka/Cities/MihintaleAttractions.swift /Users/erders/Documents/TravelTap/TravelTap/Data/Countries/Asia/SouthAsia/SriLanka/Cities/ArugamBayAttractions.swift /Users/erders/Documents/TravelTap/TravelTap/Data/Countries/Asia/SouthAsia/SriLanka/Cities/TrincomaleeAttractions.swift /Users/erders/Documents/TravelTap/TravelTap/Data/Countries/Asia/SouthAsia/SriLanka/Cities/PolonnaruwaAttractions.swift /Users/erders/Documents/TravelTap/TravelTap/Data/Countries/Asia/SouthAsia/SriLanka/Cities/MirissaAttractions.swift /Users/erders/Documents/TravelTap/TravelTap/Data/Countries/Asia/SouthAsia/SriLanka/Cities/KitulgalaAttractions.swift /Users/erders/Documents/TravelTap/TravelTap/Data/Countries/Asia/SouthAsia/SriLanka/Cities/GalleAttractions.swift /Users/erders/Documents/TravelTap/TravelTap/Data/Countries/Asia/SouthAsia/SriLanka/Cities/HikkaduwaAttractions.swift /Users/erders/Documents/TravelTap/TravelTap/Data/Countries/Asia/SouthAsia/SriLanka/Cities/YapahuwaAttractions.swift /Users/erders/Documents/TravelTap/TravelTap/Data/Countries/Asia/SouthAsia/SriLanka/Cities/EllaAttractions.swift /Users/erders/Documents/TravelTap/TravelTap/Data/Countries/Asia/SouthAsia/SriLanka/Cities/BatticaloaAttractions.swift /Users/erders/Documents/TravelTap/TravelTap/Data/Countries/Asia/SouthAsia/SriLanka/Cities/AnuradhapuraAttractions.swift /Users/erders/Documents/TravelTap/TravelTap/Data/Countries/Asia/SouthAsia/SriLanka/Cities/PinnawalaAttractions.swift (in target 'TravelTap' from project 'TravelTap')

SwiftCompile normal arm64 /Users/erders/Documents/TravelTap/TravelTap/Data/Countries/Asia/EastAsia/Mongolia/Cities/GunGaluutAttractions.swift (in target 'TravelTap' from project 'TravelTap')
    cd /Users/erders/Documents/TravelTap
    

SwiftCompile normal arm64 /Users/erders/Documents/TravelTap/TravelTap/Data/Countries/Asia/EastAsia/Mongolia/Cities/KhustainAttractions.swift (in target 'TravelTap' from project 'TravelTap')
    cd /Users/erders/Documents/TravelTap
    

SwiftCompile normal arm64 /Users/erders/Documents/TravelTap/TravelTap/Data/Countries/Asia/EastAsia/Mongolia/Cities/KhovsgolAttractions.swift (in target 'TravelTap' from project 'TravelTap')
    cd /Users/erders/Documents/TravelTap
    

SwiftCompile normal arm64 /Users/erders/Documents/TravelTap/TravelTap/Data/Countries/Asia/EastAsia/Mongolia/Cities/WesternMongoliaAttractions.swift (in target 'TravelTap' from project 'TravelTap')
    cd /Users/erders/Documents/TravelTap
    

SwiftCompile normal arm64 /Users/erders/Documents/TravelTap/TravelTap/Data/Countries/Asia/EastAsia/Mongolia/Cities/NorthernMongoliaAttractions.swift (in target 'TravelTap' from project 'TravelTap')
    cd /Users/erders/Documents/TravelTap
    

SwiftCompile normal arm64 /Users/erders/Documents/TravelTap/TravelTap/Data/Countries/Asia/EastAsia/Mongolia/Cities/TereljAttractions.swift (in target 'TravelTap' from project 'TravelTap')
    cd /Users/erders/Documents/TravelTap
    

SwiftCompile normal arm64 /Users/erders/Documents/TravelTap/TravelTap/Data/Countries/Asia/EastAsia/Mongolia/Cities/GobiAttractions.swift (in target 'TravelTap' from project 'TravelTap')
    cd /Users/erders/Documents/TravelTap
    

SwiftCompile normal arm64 /Users/erders/Documents/TravelTap/TravelTap/Data/Countries/Asia/EastAsia/Mongolia/Cities/MongoliaExperiencesAttractions.swift (in target 'TravelTap' from project 'TravelTap')
    cd /Users/erders/Documents/TravelTap
    

SwiftCompile normal arm64 /Users/erders/Documents/TravelTap/TravelTap/Data/Countries/Asia/SouthAsia/SriLanka/Cities/JaffnaAttractions.swift (in target 'TravelTap' from project 'TravelTap')
    cd /Users/erders/Documents/TravelTap
    

SwiftCompile normal arm64 /Users/erders/Documents/TravelTap/TravelTap/Data/Countries/Asia/SouthAsia/SriLanka/Cities/AdamsPeakAttractions.swift (in target 'TravelTap' from project 'TravelTap')
    cd /Users/erders/Documents/TravelTap
    

SwiftCompile normal arm64 /Users/erders/Documents/TravelTap/TravelTap/Data/Countries/Asia/SouthAsia/SriLanka/Cities/NuwaraEliyaAttractions.swift (in target 'TravelTap' from project 'TravelTap')
    cd /Users/erders/Documents/TravelTap
    

SwiftCompile normal arm64 /Users/erders/Documents/TravelTap/TravelTap/Data/Countries/Asia/SouthAsia/SriLanka/Cities/YalaAttractions.swift (in target 'TravelTap' from project 'TravelTap')
    cd /Users/erders/Documents/TravelTap
    

SwiftCompile normal arm64 /Users/erders/Documents/TravelTap/TravelTap/Data/Countries/Asia/SouthAsia/SriLanka/Cities/MihintaleAttractions.swift (in target 'TravelTap' from project 'TravelTap')
    cd /Users/erders/Documents/TravelTap
    

SwiftCompile normal arm64 /Users/erders/Documents/TravelTap/TravelTap/Data/Countries/Asia/SouthAsia/SriLanka/Cities/ArugamBayAttractions.swift (in target 'TravelTap' from project 'TravelTap')
    cd /Users/erders/Documents/TravelTap
    

SwiftCompile normal arm64 /Users/erders/Documents/TravelTap/TravelTap/Data/Countries/Asia/SouthAsia/SriLanka/Cities/TrincomaleeAttractions.swift (in target 'TravelTap' from project 'TravelTap')
    cd /Users/erders/Documents/TravelTap
    

SwiftCompile normal arm64 /Users/erders/Documents/TravelTap/TravelTap/Data/Countries/Asia/SouthAsia/SriLanka/Cities/PolonnaruwaAttractions.swift (in target 'TravelTap' from project 'TravelTap')
    cd /Users/erders/Documents/TravelTap
    

SwiftCompile normal arm64 /Users/erders/Documents/TravelTap/TravelTap/Data/Countries/Asia/SouthAsia/SriLanka/Cities/MirissaAttractions.swift (in target 'TravelTap' from project 'TravelTap')
    cd /Users/erders/Documents/TravelTap
    

SwiftCompile normal arm64 /Users/erders/Documents/TravelTap/TravelTap/Data/Countries/Asia/SouthAsia/SriLanka/Cities/KitulgalaAttractions.swift (in target 'TravelTap' from project 'TravelTap')
    cd /Users/erders/Documents/TravelTap
    

SwiftCompile normal arm64 /Users/erders/Documents/TravelTap/TravelTap/Data/Countries/Asia/SouthAsia/SriLanka/Cities/GalleAttractions.swift (in target 'TravelTap' from project 'TravelTap')
    cd /Users/erders/Documents/TravelTap
    

SwiftCompile normal arm64 /Users/erders/Documents/TravelTap/TravelTap/Data/Countries/Asia/SouthAsia/SriLanka/Cities/HikkaduwaAttractions.swift (in target 'TravelTap' from project 'TravelTap')
    cd /Users/erders/Documents/TravelTap
    

SwiftCompile normal arm64 /Users/erders/Documents/TravelTap/TravelTap/Data/Countries/Asia/SouthAsia/SriLanka/Cities/YapahuwaAttractions.swift (in target 'TravelTap' from project 'TravelTap')
    cd /Users/erders/Documents/TravelTap
    

SwiftCompile normal arm64 /Users/erders/Documents/TravelTap/TravelTap/Data/Countries/Asia/SouthAsia/SriLanka/Cities/EllaAttractions.swift (in target 'TravelTap' from project 'TravelTap')
    cd /Users/erders/Documents/TravelTap
    

SwiftCompile normal arm64 /Users/erders/Documents/TravelTap/TravelTap/Data/Countries/Asia/SouthAsia/SriLanka/Cities/BatticaloaAttractions.swift (in target 'TravelTap' from project 'TravelTap')
    cd /Users/erders/Documents/TravelTap
    

SwiftCompile normal arm64 /Users/erders/Documents/TravelTap/TravelTap/Data/Countries/Asia/SouthAsia/SriLanka/Cities/AnuradhapuraAttractions.swift (in target 'TravelTap' from project 'TravelTap')
    cd /Users/erders/Documents/TravelTap
    

SwiftCompile normal arm64 /Users/erders/Documents/TravelTap/TravelTap/Data/Countries/Asia/SouthAsia/SriLanka/Cities/PinnawalaAttractions.swift (in target 'TravelTap' from project 'TravelTap')
    cd /Users/erders/Documents/TravelTap
    

SwiftDriverJobDiscovery normal arm64 Compiling LaRiojaAttractions.swift, GijonAttractions.swift, SalamancaAttractions.swift, BurgosAttractions.swift, RondaAttractions.swift, CadizAttractions.swift, MarbellaAttractions.swift, OviedoAttractions.swift, ZaragozaAttractions.swift, IbizaAttractions.swift, SegoviaAttractions.swift, SantanderAttractions.swift, SantiagoDeCompostelaAttractions.swift, TarragonaAttractions.swift, MalagaAttractions.swift, LeonAttractions.swift, ESPMeridaAttractions.swift, ESPCuencaAttractions.swift, ESPLeonAttractions.swift, CuencaAttractions.swift, MeridaAttractions.swift, PalermoAttractions.swift, AssisiAttractions.swift, ParmaAttractions.swift, AgrigentoAttractions.swift (in target 'TravelTap' from project 'TravelTap')

SwiftCompile normal arm64 Compiling\ TravelTapApp.swift,\ ContentView.swift,\ Attraction.swift,\ CountryPackage.swift,\ AttractionData.swift,\ WorldMapView.swift,\ TravelMapView.swift,\ CountryMapView.swift,\ AttractionInfoCard.swift,\ AttractionDetailView.swift,\ BundledPhotoManager.swift,\ CityMapView.swift,\ MapAnnotationView.swift,\ RatingManager.swift,\ GooglePlacesManager.swift,\ PhotoDiskCache.swift,\ TierVoteManager.swift,\ BrandColors.swift,\ StarRatingView.swift,\ ShareSheet.swift,\ VisitedAttractionsManager.swift,\ BucketListView.swift,\ SplashScreenView.swift,\ WelcomeView.swift,\ AttractionsListView.swift /Users/erders/Documents/TravelTap/TravelTap/TravelTapApp.swift /Users/erders/Documents/TravelTap/TravelTap/ContentView.swift /Users/erders/Documents/TravelTap/TravelTap/Models/Attraction.swift /Users/erders/Documents/TravelTap/TravelTap/Models/CountryPackage.swift /Users/erders/Documents/TravelTap/TravelTap/Data/AttractionData.swift /Users/erders/Documents/TravelTap/TravelTap/Views/WorldMapView.swift /Users/erders/Documents/TravelTap/TravelTap/Views/TravelMapView.swift /Users/erders/Documents/TravelTap/TravelTap/Views/CountryMapView.swift /Users/erders/Documents/TravelTap/TravelTap/Views/AttractionInfoCard.swift /Users/erders/Documents/TravelTap/TravelTap/Views/AttractionDetailView.swift /Users/erders/Documents/TravelTap/TravelTap/Services/BundledPhotoManager.swift /Users/erders/Documents/TravelTap/TravelTap/Views/CityMapView.swift /Users/erders/Documents/TravelTap/TravelTap/Views/MapAnnotationView.swift /Users/erders/Documents/TravelTap/TravelTap/Services/RatingManager.swift /Users/erders/Documents/TravelTap/TravelTap/Services/GooglePlacesManager.swift /Users/erders/Documents/TravelTap/TravelTap/Services/PhotoDiskCache.swift /Users/erders/Documents/TravelTap/TravelTap/Services/TierVoteManager.swift /Users/erders/Documents/TravelTap/TravelTap/Services/BrandColors.swift /Users/erders/Documents/TravelTap/TravelTap/Views/StarRatingView.swift /Users/erders/Documents/TravelTap/TravelTap/Views/ShareSheet.swift /Users/erders/Documents/TravelTap/TravelTap/Services/VisitedAttractionsManager.swift /Users/erders/Documents/TravelTap/TravelTap/Views/BucketListView.swift /Users/erders/Documents/TravelTap/TravelTap/Views/SplashScreenView.swift /Users/erders/Documents/TravelTap/TravelTap/Views/WelcomeView.swift /Users/erders/Documents/TravelTap/TravelTap/Views/AttractionsListView.swift (in target 'TravelTap' from project 'TravelTap')
Failed frontend command:
/Applications/Xcode.app/Contents/Developer/Toolchains/XcodeDefault.xctoolchain/usr/bin/swift-frontend -frontend -c -filelist /Users/erders/Library/Developer/Xcode/DerivedData/TravelTap-aoniybxgcgmexqcgzdslgsqiowxj/Build/Intermediates.noindex/TravelTap.build/Debug-iphonesimulator/TravelTap.build/Objects-normal/arm64/sources-1 -primary-file /Users/erders/Documents/TravelTap/TravelTap/TravelTapApp.swift -primary-file /Users/erders/Documents/TravelTap/TravelTap/ContentView.swift -primary-file /Users/erders/Documents/TravelTap/TravelTap/Models/Attraction.swift -primary-file /Users/erders/Documents/TravelTap/TravelTap/Models/CountryPackage.swift -primary-file /Users/erders/Documents/TravelTap/TravelTap/Data/AttractionData.swift -primary-file /Users/erders/Documents/TravelTap/TravelTap/Views/WorldMapView.swift -primary-file /Users/erders/Documents/TravelTap/TravelTap/Views/TravelMapView.swift -primary-file /Users/erders/Documents/TravelTap/TravelTap/Views/CountryMapView.swift -primary-file /Users/erders/Documents/TravelTap/TravelTap/Views/AttractionInfoCard.swift -primary-file /Users/erders/Documents/TravelTap/TravelTap/Views/AttractionDetailView.swift -primary-file /Users/erders/Documents/TravelTap/TravelTap/Services/BundledPhotoManager.swift -primary-file /Users/erders/Documents/TravelTap/TravelTap/Views/CityMapView.swift -primary-file /Users/erders/Documents/TravelTap/TravelTap/Views/MapAnnotationView.swift -primary-file /Users/erders/Documents/TravelTap/TravelTap/Services/RatingManager.swift -primary-file /Users/erders/Documents/TravelTap/TravelTap/Services/GooglePlacesManager.swift -primary-file /Users/erders/Documents/TravelTap/TravelTap/Services/PhotoDiskCache.swift -primary-file /Users/erders/Documents/TravelTap/TravelTap/Services/TierVoteManager.swift -primary-file /Users/erders/Documents/TravelTap/TravelTap/Services/BrandColors.swift -primary-file /Users/erders/Documents/TravelTap/TravelTap/Views/StarRatingView.swift -primary-file /Users/erders/Documents/TravelTap/TravelTap/Views/ShareSheet.swift -primary-file /Users/erders/Documents/TravelTap/TravelTap/Services/VisitedAttractionsManager.swift -primary-file /Users/erders/Documents/TravelTap/TravelTap/Views/BucketListView.swift -primary-file /Users/erders/Documents/TravelTap/TravelTap/Views/SplashScreenView.swift -primary-file /Users/erders/Documents/TravelTap/TravelTap/Views/WelcomeView.swift -primary-file /Users/erders/Documents/TravelTap/TravelTap/Views/AttractionsListView.swift -supplementary-output-file-map /Users/erders/Library/Developer/Xcode/DerivedData/TravelTap-aoniybxgcgmexqcgzdslgsqiowxj/Build/Intermediates.noindex/TravelTap.build/Debug-iphonesimulator/TravelTap.build/Objects-normal/arm64/supplementaryOutputs-1 -emit-localized-strings -emit-localized-strings-path /Users/erders/Library/Developer/Xcode/DerivedData/TravelTap-aoniybxgcgmexqcgzdslgsqiowxj/Build/Intermediates.noindex/TravelTap.build/Debug-iphonesimulator/TravelTap.build/Objects-normal/arm64 -target arm64-apple-ios17.0-simulator -module-can-import-version DeveloperToolsSupport 23.0.4 23.0.4 -module-can-import-version SwiftUI 7.2.5.1 7.2.5 -module-can-import-version UIKit 9126.2.4.1 9126.2.4 -disable-cross-import-overlay-search -swift-module-cross-import MapKit /Applications/Xcode.app/Contents/Developer/Platforms/iPhoneSimulator.platform/Developer/SDKs/iPhoneSimulator.sdk/System/Library/Frameworks/MapKit.framework/Modules/MapKit.swiftcrossimport/SwiftUI.swiftoverlay -load-resolved-plugin /Applications/Xcode.app/Contents/Developer/Platforms/iPhoneOS.platform/Developer/usr/lib/swift/host/plugins/libFoundationMacros.dylib\#/Applications/Xcode.app/Contents/Developer/Platforms/iPhoneOS.platform/Developer/usr/bin/swift-plugin-server\#FoundationMacros -load-resolved-plugin /Applications/Xcode.app/Contents/Developer/Platforms/iPhoneOS.platform/Developer/usr/lib/swift/host/plugins/libObservationMacros.dylib\#/Applications/Xcode.app/Contents/Developer/Platforms/iPhoneOS.platform/Developer/usr/bin/swift-plugin-server\#ObservationMacros -load-resolved-plugin /Applications/Xcode.app/Contents/Developer/Platforms/iPhoneOS.platform/Developer/usr/lib/swift/host/plugins/libPreviewsMacros.dylib\#/Applications/Xcode.app/Contents/Developer/Platforms/iPhoneOS.platform/Developer/usr/bin/swift-plugin-server\#PreviewsMacros -load-resolved-plugin /Applications/Xcode.app/Contents/Developer/Platforms/iPhoneOS.platform/Developer/usr/lib/swift/host/plugins/libSwiftMacros.dylib\#/Applications/Xcode.app/Contents/Developer/Platforms/iPhoneOS.platform/Developer/usr/bin/swift-plugin-server\#SwiftMacros -load-resolved-plugin /Applications/Xcode.app/Contents/Developer/Platforms/iPhoneOS.platform/Developer/usr/lib/swift/host/plugins/libSwiftUIMacros.dylib\#/Applications/Xcode.app/Contents/Developer/Platforms/iPhoneOS.platform/Developer/usr/bin/swift-plugin-server\#SwiftUIMacros -disable-implicit-swift-modules -Xcc -fno-implicit-modules -Xcc -fno-implicit-module-maps -explicit-swift-module-map-file /Users/erders/Library/Developer/Xcode/DerivedData/TravelTap-aoniybxgcgmexqcgzdslgsqiowxj/Build/Intermediates.noindex/TravelTap.build/Debug-iphonesimulator/TravelTap.build/Objects-normal/arm64/TravelTap-dependencies-1.json -Xllvm -aarch64-use-tbi -enable-objc-interop -sdk /Applications/Xcode.app/Contents/Developer/Platforms/iPhoneSimulator.platform/Developer/SDKs/iPhoneSimulator26.2.sdk -I /Users/erders/Library/Developer/Xcode/DerivedData/TravelTap-aoniybxgcgmexqcgzdslgsqiowxj/Build/Products/Debug-iphonesimulator -F /Users/erders/Library/Developer/Xcode/DerivedData/TravelTap-aoniybxgcgmexqcgzdslgsqiowxj/Build/Products/Debug-iphonesimulator -no-color-diagnostics -Xcc -fno-color-diagnostics -enable-testing -g -debug-info-format\=dwarf -dwarf-version\=4 -module-cache-path /Users/erders/Library/Developer/Xcode/DerivedData/TravelTap-aoniybxgcgmexqcgzdslgsqiowxj/Build/Intermediates.noindex/SwiftExplicitPrecompiledModules -swift-version 5 -enforce-exclusivity\=checked -Onone -D DEBUG -serialize-debugging-options -const-gather-protocols-file /Users/erders/Library/Developer/Xcode/DerivedData/TravelTap-aoniybxgcgmexqcgzdslgsqiowxj/Build/Intermediates.noindex/TravelTap.build/Debug-iphonesimulator/TravelTap.build/Objects-normal/arm64/TravelTap_const_extract_protocols.json -enable-experimental-feature DebugDescriptionMacro -enable-bare-slash-regex -empty-abi-descriptor -validate-clang-modules-once -clang-build-session-file /Users/erders/Library/Developer/Xcode/DerivedData/ModuleCache.noindex/Session.modulevalidation -Xcc -working-directory -Xcc /Users/erders/Documents/TravelTap -enable-anonymous-context-mangled-names -file-compilation-dir /Users/erders/Documents/TravelTap -Xcc -D_LIBCPP_HARDENING_MODE\=_LIBCPP_HARDENING_MODE_DEBUG -Xcc -ivfsstatcache -Xcc /Users/erders/Library/Developer/Xcode/DerivedData/SDKStatCaches.noindex/iphonesimulator26.2-23C53-7d00a8b37fbd7999ea79df8ebc024bf0.sdkstatcache -Xcc -I/Users/erders/Library/Developer/Xcode/DerivedData/TravelTap-aoniybxgcgmexqcgzdslgsqiowxj/Build/Intermediates.noindex/TravelTap.build/Debug-iphonesimulator/TravelTap.build/swift-overrides.hmap -Xcc -iquote -Xcc /Users/erders/Library/Developer/Xcode/DerivedData/TravelTap-aoniybxgcgmexqcgzdslgsqiowxj/Build/Intermediates.noindex/TravelTap.build/Debug-iphonesimulator/TravelTap.build/TravelTap-generated-files.hmap -Xcc -I/Users/erders/Library/Developer/Xcode/DerivedData/TravelTap-aoniybxgcgmexqcgzdslgsqiowxj/Build/Intermediates.noindex/TravelTap.build/Debug-iphonesimulator/TravelTap.build/TravelTap-own-target-headers.hmap -Xcc -I/Users/erders/Library/Developer/Xcode/DerivedData/TravelTap-aoniybxgcgmexqcgzdslgsqiowxj/Build/Intermediates.noindex/TravelTap.build/Debug-iphonesimulator/TravelTap.build/TravelTap-all-target-headers.hmap -Xcc -iquote -Xcc /Users/erders/Library/Developer/Xcode/DerivedData/TravelTap-aoniybxgcgmexqcgzdslgsqiowxj/Build/Intermediates.noindex/TravelTap.build/Debug-iphonesimulator/TravelTap.build/TravelTap-project-headers.hmap -Xcc -I/Users/erders/Library/Developer/Xcode/DerivedData/TravelTap-aoniybxgcgmexqcgzdslgsqiowxj/Build/Products/Debug-iphonesimulator/include -Xcc -I/Users/erders/Library/Developer/Xcode/DerivedData/TravelTap-aoniybxgcgmexqcgzdslgsqiowxj/Build/Intermediates.noindex/TravelTap.build/Debug-iphonesimulator/TravelTap.build/DerivedSources-normal/arm64 -Xcc -I/Users/erders/Library/Developer/Xcode/DerivedData/TravelTap-aoniybxgcgmexqcgzdslgsqiowxj/Build/Intermediates.noindex/TravelTap.build/Debug-iphonesimulator/TravelTap.build/DerivedSources/arm64 -Xcc -I/Users/erders/Library/Developer/Xcode/DerivedData/TravelTap-aoniybxgcgmexqcgzdslgsqiowxj/Build/Intermediates.noindex/TravelTap.build/Debug-iphonesimulator/TravelTap.build/DerivedSources -Xcc -DDEBUG\=1 -no-auto-bridging-header-chaining -module-name TravelTap -frontend-parseable-output -disable-clang-spi -target-sdk-version 26.2 -target-sdk-name iphonesimulator26.2 -clang-target arm64-apple-ios26.2-simulator -in-process-plugin-server-path /Applications/Xcode.app/Contents/Developer/Toolchains/XcodeDefault.xctoolchain/usr/lib/swift/host/libSwiftInProcPluginServer.dylib -o /Users/erders/Library/Developer/Xcode/DerivedData/TravelTap-aoniybxgcgmexqcgzdslgsqiowxj/Build/Intermediates.noindex/TravelTap.build/Debug-iphonesimulator/TravelTap.build/Objects-normal/arm64/TravelTapApp.o -o /Users/erders/Library/Developer/Xcode/DerivedData/TravelTap-aoniybxgcgmexqcgzdslgsqiowxj/Build/Intermediates.noindex/TravelTap.build/Debug-iphonesimulator/TravelTap.build/Objects-normal/arm64/ContentView.o -o /Users/erders/Library/Developer/Xcode/DerivedData/TravelTap-aoniybxgcgmexqcgzdslgsqiowxj/Build/Intermediates.noindex/TravelTap.build/Debug-iphonesimulator/TravelTap.build/Objects-normal/arm64/Attraction.o -o /Users/erders/Library/Developer/Xcode/DerivedData/TravelTap-aoniybxgcgmexqcgzdslgsqiowxj/Build/Intermediates.noindex/TravelTap.build/Debug-iphonesimulator/TravelTap.build/Objects-normal/arm64/CountryPackage.o -o /Users/erders/Library/Developer/Xcode/DerivedData/TravelTap-aoniybxgcgmexqcgzdslgsqiowxj/Build/Intermediates.noindex/TravelTap.build/Debug-iphonesimulator/TravelTap.build/Objects-normal/arm64/AttractionData.o -o /Users/erders/Library/Developer/Xcode/DerivedData/TravelTap-aoniybxgcgmexqcgzdslgsqiowxj/Build/Intermediates.noindex/TravelTap.build/Debug-iphonesimulator/TravelTap.build/Objects-normal/arm64/WorldMapView.o -o /Users/erders/Library/Developer/Xcode/DerivedData/TravelTap-aoniybxgcgmexqcgzdslgsqiowxj/Build/Intermediates.noindex/TravelTap.build/Debug-iphonesimulator/TravelTap.build/Objects-normal/arm64/TravelMapView.o -o /Users/erders/Library/Developer/Xcode/DerivedData/TravelTap-aoniybxgcgmexqcgzdslgsqiowxj/Build/Intermediates.noindex/TravelTap.build/Debug-iphonesimulator/TravelTap.build/Objects-normal/arm64/CountryMapView.o -o /Users/erders/Library/Developer/Xcode/DerivedData/TravelTap-aoniybxgcgmexqcgzdslgsqiowxj/Build/Intermediates.noindex/TravelTap.build/Debug-iphonesimulator/TravelTap.build/Objects-normal/arm64/AttractionInfoCard.o -o /Users/erders/Library/Developer/Xcode/DerivedData/TravelTap-aoniybxgcgmexqcgzdslgsqiowxj/Build/Intermediates.noindex/TravelTap.build/Debug-iphonesimulator/TravelTap.build/Objects-normal/arm64/AttractionDetailView.o -o /Users/erders/Library/Developer/Xcode/DerivedData/TravelTap-aoniybxgcgmexqcgzdslgsqiowxj/Build/Intermediates.noindex/TravelTap.build/Debug-iphonesimulator/TravelTap.build/Objects-normal/arm64/BundledPhotoManager.o -o /Users/erders/Library/Developer/Xcode/DerivedData/TravelTap-aoniybxgcgmexqcgzdslgsqiowxj/Build/Intermediates.noindex/TravelTap.build/Debug-iphonesimulator/TravelTap.build/Objects-normal/arm64/CityMapView.o -o /Users/erders/Library/Developer/Xcode/DerivedData/TravelTap-aoniybxgcgmexqcgzdslgsqiowxj/Build/Intermediates.noindex/TravelTap.build/Debug-iphonesimulator/TravelTap.build/Objects-normal/arm64/MapAnnotationView.o -o /Users/erders/Library/Developer/Xcode/DerivedData/TravelTap-aoniybxgcgmexqcgzdslgsqiowxj/Build/Intermediates.noindex/TravelTap.build/Debug-iphonesimulator/TravelTap.build/Objects-normal/arm64/RatingManager.o -o /Users/erders/Library/Developer/Xcode/DerivedData/TravelTap-aoniybxgcgmexqcgzdslgsqiowxj/Build/Intermediates.noindex/TravelTap.build/Debug-iphonesimulator/TravelTap.build/Objects-normal/arm64/GooglePlacesManager.o -o /Users/erders/Library/Developer/Xcode/DerivedData/TravelTap-aoniybxgcgmexqcgzdslgsqiowxj/Build/Intermediates.noindex/TravelTap.build/Debug-iphonesimulator/TravelTap.build/Objects-normal/arm64/PhotoDiskCache.o -o /Users/erders/Library/Developer/Xcode/DerivedData/TravelTap-aoniybxgcgmexqcgzdslgsqiowxj/Build/Intermediates.noindex/TravelTap.build/Debug-iphonesimulator/TravelTap.build/Objects-normal/arm64/TierVoteManager.o -o /Users/erders/Library/Developer/Xcode/DerivedData/TravelTap-aoniybxgcgmexqcgzdslgsqiowxj/Build/Intermediates.noindex/TravelTap.build/Debug-iphonesimulator/TravelTap.build/Objects-normal/arm64/BrandColors.o -o /Users/erders/Library/Developer/Xcode/DerivedData/TravelTap-aoniybxgcgmexqcgzdslgsqiowxj/Build/Intermediates.noindex/TravelTap.build/Debug-iphonesimulator/TravelTap.build/Objects-normal/arm64/StarRatingView.o -o /Users/erders/Library/Developer/Xcode/DerivedData/TravelTap-aoniybxgcgmexqcgzdslgsqiowxj/Build/Intermediates.noindex/TravelTap.build/Debug-iphonesimulator/TravelTap.build/Objects-normal/arm64/ShareSheet.o -o /Users/erders/Library/Developer/Xcode/DerivedData/TravelTap-aoniybxgcgmexqcgzdslgsqiowxj/Build/Intermediates.noindex/TravelTap.build/Debug-iphonesimulator/TravelTap.build/Objects-normal/arm64/VisitedAttractionsManager.o -o /Users/erders/Library/Developer/Xcode/DerivedData/TravelTap-aoniybxgcgmexqcgzdslgsqiowxj/Build/Intermediates.noindex/TravelTap.build/Debug-iphonesimulator/TravelTap.build/Objects-normal/arm64/BucketListView.o -o /Users/erders/Library/Developer/Xcode/DerivedData/TravelTap-aoniybxgcgmexqcgzdslgsqiowxj/Build/Intermediates.noindex/TravelTap.build/Debug-iphonesimulator/TravelTap.build/Objects-normal/arm64/SplashScreenView.o -o /Users/erders/Library/Developer/Xcode/DerivedData/TravelTap-aoniybxgcgmexqcgzdslgsqiowxj/Build/Intermediates.noindex/TravelTap.build/Debug-iphonesimulator/TravelTap.build/Objects-normal/arm64/WelcomeView.o -o /Users/erders/Library/Developer/Xcode/DerivedData/TravelTap-aoniybxgcgmexqcgzdslgsqiowxj/Build/Intermediates.noindex/TravelTap.build/Debug-iphonesimulator/TravelTap.build/Objects-normal/arm64/AttractionsListView.o -index-unit-output-path /TravelTap.build/Debug-iphonesimulator/TravelTap.build/Objects-normal/arm64/TravelTapApp.o -index-unit-output-path /TravelTap.build/Debug-iphonesimulator/TravelTap.build/Objects-normal/arm64/ContentView.o -index-unit-output-path /TravelTap.build/Debug-iphonesimulator/TravelTap.build/Objects-normal/arm64/Attraction.o -index-unit-output-path /TravelTap.build/Debug-iphonesimulator/TravelTap.build/Objects-normal/arm64/CountryPackage.o -index-unit-output-path /TravelTap.build/Debug-iphonesimulator/TravelTap.build/Objects-normal/arm64/AttractionData.o -index-unit-output-path /TravelTap.build/Debug-iphonesimulator/TravelTap.build/Objects-normal/arm64/WorldMapView.o -index-unit-output-path /TravelTap.build/Debug-iphonesimulator/TravelTap.build/Objects-normal/arm64/TravelMapView.o -index-unit-output-path /TravelTap.build/Debug-iphonesimulator/TravelTap.build/Objects-normal/arm64/CountryMapView.o -index-unit-output-path /TravelTap.build/Debug-iphonesimulator/TravelTap.build/Objects-normal/arm64/AttractionInfoCard.o -index-unit-output-path /TravelTap.build/Debug-iphonesimulator/TravelTap.build/Objects-normal/arm64/AttractionDetailView.o -index-unit-output-path /TravelTap.build/Debug-iphonesimulator/TravelTap.build/Objects-normal/arm64/BundledPhotoManager.o -index-unit-output-path /TravelTap.build/Debug-iphonesimulator/TravelTap.build/Objects-normal/arm64/CityMapView.o -index-unit-output-path /TravelTap.build/Debug-iphonesimulator/TravelTap.build/Objects-normal/arm64/MapAnnotationView.o -index-unit-output-path /TravelTap.build/Debug-iphonesimulator/TravelTap.build/Objects-normal/arm64/RatingManager.o -index-unit-output-path /TravelTap.build/Debug-iphonesimulator/TravelTap.build/Objects-normal/arm64/GooglePlacesManager.o -index-unit-output-path /TravelTap.build/Debug-iphonesimulator/TravelTap.build/Objects-normal/arm64/PhotoDiskCache.o -index-unit-output-path /TravelTap.build/Debug-iphonesimulator/TravelTap.build/Objects-normal/arm64/TierVoteManager.o -index-unit-output-path /TravelTap.build/Debug-iphonesimulator/TravelTap.build/Objects-normal/arm64/BrandColors.o -index-unit-output-path /TravelTap.build/Debug-iphonesimulator/TravelTap.build/Objects-normal/arm64/StarRatingView.o -index-unit-output-path /TravelTap.build/Debug-iphonesimulator/TravelTap.build/Objects-normal/arm64/ShareSheet.o -index-unit-output-path /TravelTap.build/Debug-iphonesimulator/TravelTap.build/Objects-normal/arm64/VisitedAttractionsManager.o -index-unit-output-path /TravelTap.build/Debug-iphonesimulator/TravelTap.build/Objects-normal/arm64/BucketListView.o -index-unit-output-path /TravelTap.build/Debug-iphonesimulator/TravelTap.build/Objects-normal/arm64/SplashScreenView.o -index-unit-output-path /TravelTap.build/Debug-iphonesimulator/TravelTap.build/Objects-normal/arm64/WelcomeView.o -index-unit-output-path /TravelTap.build/Debug-iphonesimulator/TravelTap.build/Objects-normal/arm64/AttractionsListView.o -index-store-path /Users/erders/Library/Developer/Xcode/DerivedData/TravelTap-aoniybxgcgmexqcgzdslgsqiowxj/Index.noindex/DataStore -index-system-modules

SwiftCompile normal arm64 /Users/erders/Documents/TravelTap/TravelTap/TravelTapApp.swift (in target 'TravelTap' from project 'TravelTap')
    cd /Users/erders/Documents/TravelTap
    

SwiftCompile normal arm64 /Users/erders/Documents/TravelTap/TravelTap/ContentView.swift (in target 'TravelTap' from project 'TravelTap')
    cd /Users/erders/Documents/TravelTap
    

SwiftCompile normal arm64 /Users/erders/Documents/TravelTap/TravelTap/Models/Attraction.swift (in target 'TravelTap' from project 'TravelTap')
    cd /Users/erders/Documents/TravelTap
    

SwiftCompile normal arm64 /Users/erders/Documents/TravelTap/TravelTap/Models/CountryPackage.swift (in target 'TravelTap' from project 'TravelTap')
    cd /Users/erders/Documents/TravelTap
    

SwiftCompile normal arm64 /Users/erders/Documents/TravelTap/TravelTap/Data/AttractionData.swift (in target 'TravelTap' from project 'TravelTap')
    cd /Users/erders/Documents/TravelTap
    

SwiftCompile normal arm64 /Users/erders/Documents/TravelTap/TravelTap/Views/WorldMapView.swift (in target 'TravelTap' from project 'TravelTap')
    cd /Users/erders/Documents/TravelTap
    

SwiftCompile normal arm64 /Users/erders/Documents/TravelTap/TravelTap/Views/TravelMapView.swift (in target 'TravelTap' from project 'TravelTap')
    cd /Users/erders/Documents/TravelTap
    

SwiftCompile normal arm64 /Users/erders/Documents/TravelTap/TravelTap/Views/CountryMapView.swift (in target 'TravelTap' from project 'TravelTap')
    cd /Users/erders/Documents/TravelTap
    

SwiftCompile normal arm64 /Users/erders/Documents/TravelTap/TravelTap/Views/AttractionInfoCard.swift (in target 'TravelTap' from project 'TravelTap')
    cd /Users/erders/Documents/TravelTap
    

SwiftCompile normal arm64 /Users/erders/Documents/TravelTap/TravelTap/Views/AttractionDetailView.swift (in target 'TravelTap' from project 'TravelTap')
    cd /Users/erders/Documents/TravelTap
    
/Users/erders/Documents/TravelTap/TravelTap/Views/AttractionDetailView.swift:90:102: error: extra trailing closure passed in call
        UnsplashManager.shared.searchPhotos(query: "\(attraction.name) \(attraction.city) landmark") { result in
                                                                                                     ^~~~~~~~~~~

SwiftCompile normal arm64 /Users/erders/Documents/TravelTap/TravelTap/Services/BundledPhotoManager.swift (in target 'TravelTap' from project 'TravelTap')
    cd /Users/erders/Documents/TravelTap
    

SwiftCompile normal arm64 /Users/erders/Documents/TravelTap/TravelTap/Views/CityMapView.swift (in target 'TravelTap' from project 'TravelTap')
    cd /Users/erders/Documents/TravelTap
    

SwiftCompile normal arm64 /Users/erders/Documents/TravelTap/TravelTap/Views/MapAnnotationView.swift (in target 'TravelTap' from project 'TravelTap')
    cd /Users/erders/Documents/TravelTap
    

SwiftCompile normal arm64 /Users/erders/Documents/TravelTap/TravelTap/Services/RatingManager.swift (in target 'TravelTap' from project 'TravelTap')
    cd /Users/erders/Documents/TravelTap
    

SwiftCompile normal arm64 /Users/erders/Documents/TravelTap/TravelTap/Services/GooglePlacesManager.swift (in target 'TravelTap' from project 'TravelTap')
    cd /Users/erders/Documents/TravelTap
    

SwiftCompile normal arm64 /Users/erders/Documents/TravelTap/TravelTap/Services/PhotoDiskCache.swift (in target 'TravelTap' from project 'TravelTap')
    cd /Users/erders/Documents/TravelTap
    

SwiftCompile normal arm64 /Users/erders/Documents/TravelTap/TravelTap/Services/TierVoteManager.swift (in target 'TravelTap' from project 'TravelTap')
    cd /Users/erders/Documents/TravelTap
    

SwiftCompile normal arm64 /Users/erders/Documents/TravelTap/TravelTap/Services/BrandColors.swift (in target 'TravelTap' from project 'TravelTap')
    cd /Users/erders/Documents/TravelTap
    

SwiftCompile normal arm64 /Users/erders/Documents/TravelTap/TravelTap/Views/StarRatingView.swift (in target 'TravelTap' from project 'TravelTap')
    cd /Users/erders/Documents/TravelTap
    

SwiftCompile normal arm64 /Users/erders/Documents/TravelTap/TravelTap/Views/ShareSheet.swift (in target 'TravelTap' from project 'TravelTap')
    cd /Users/erders/Documents/TravelTap
    

SwiftCompile normal arm64 /Users/erders/Documents/TravelTap/TravelTap/Services/VisitedAttractionsManager.swift (in target 'TravelTap' from project 'TravelTap')
    cd /Users/erders/Documents/TravelTap
    

SwiftCompile normal arm64 /Users/erders/Documents/TravelTap/TravelTap/Views/BucketListView.swift (in target 'TravelTap' from project 'TravelTap')
    cd /Users/erders/Documents/TravelTap
    

SwiftCompile normal arm64 /Users/erders/Documents/TravelTap/TravelTap/Views/SplashScreenView.swift (in target 'TravelTap' from project 'TravelTap')
    cd /Users/erders/Documents/TravelTap
    

SwiftCompile normal arm64 /Users/erders/Documents/TravelTap/TravelTap/Views/WelcomeView.swift (in target 'TravelTap' from project 'TravelTap')
    cd /Users/erders/Documents/TravelTap
    

SwiftCompile normal arm64 /Users/erders/Documents/TravelTap/TravelTap/Views/AttractionsListView.swift (in target 'TravelTap' from project 'TravelTap')
    cd /Users/erders/Documents/TravelTap
    

SwiftDriverJobDiscovery normal arm64 Compiling SallaAttractions.swift, SavonlinnaAttractions.swift, KuopioAttractions.swift, JyvaskylaAttractions.swift, MikkeliAttractions.swift, LappeenrantaAttractions.swift, PorvooAttractions.swift, RaumaAttractions.swift, OuluAttractions.swift, VaasaAttractions.swift, AlandAttractions.swift, HankoAttractions.swift, FiskarsAttractions.swift, KotkaAttractions.swift, HaminaAttractions.swift, LahtiAttractions.swift, NaantaliAttractions.swift, HameenlinnaAttractions.swift, KoliAttractions.swift, RepovesiAttractions.swift, LemmenjokiAttractions.swift, OulankaAttractions.swift, NuuksioAttractions.swift, AlbiAttractions.swift, AnnecyAttractions.swift (in target 'TravelTap' from project 'TravelTap')

SwiftCompile normal arm64 Compiling\ HaarlemAttractions.swift,\ GroningenAttractions.swift,\ GoudaAttractions.swift,\ DeventerAttractions.swift,\ WaddenIslandsAttractions.swift,\ AmersfoortAttractions.swift,\ LeeuwardenAttractions.swift,\ DordrechtAttractions.swift,\ NotablePlacesNetherlandsAttractions.swift,\ DelphiAttractions.swift,\ LesbosAttractions.swift,\ KosAttractions.swift,\ ZakynthosAttractions.swift,\ SkopelosAttractions.swift,\ SamosAttractions.swift,\ HydraAttractions.swift,\ FolegandrosAttractions.swift,\ SyrosAttractions.swift,\ NaxosAttractions.swift,\ PatmosAttractions.swift,\ PeloponneseAttractions.swift,\ KefaloniaAttractions.swift,\ TinosAttractions.swift,\ SerifosAttractions.swift,\ OlympiaAttractions.swift /Users/erders/Documents/TravelTap/TravelTap/Data/Countries/Europe/Netherlands/Cities/HaarlemAttractions.swift /Users/erders/Documents/TravelTap/TravelTap/Data/Countries/Europe/Netherlands/Cities/GroningenAttractions.swift /Users/erders/Documents/TravelTap/TravelTap/Data/Countries/Europe/Netherlands/Cities/GoudaAttractions.swift /Users/erders/Documents/TravelTap/TravelTap/Data/Countries/Europe/Netherlands/Cities/DeventerAttractions.swift /Users/erders/Documents/TravelTap/TravelTap/Data/Countries/Europe/Netherlands/Cities/WaddenIslandsAttractions.swift /Users/erders/Documents/TravelTap/TravelTap/Data/Countries/Europe/Netherlands/Cities/AmersfoortAttractions.swift /Users/erders/Documents/TravelTap/TravelTap/Data/Countries/Europe/Netherlands/Cities/LeeuwardenAttractions.swift /Users/erders/Documents/TravelTap/TravelTap/Data/Countries/Europe/Netherlands/Cities/DordrechtAttractions.swift /Users/erders/Documents/TravelTap/TravelTap/Data/Countries/Europe/Netherlands/Cities/NotablePlacesNetherlandsAttractions.swift /Users/erders/Documents/TravelTap/TravelTap/Data/Countries/Europe/Greece/Cities/DelphiAttractions.swift /Users/erders/Documents/TravelTap/TravelTap/Data/Countries/Europe/Greece/Cities/LesbosAttractions.swift /Users/erders/Documents/TravelTap/TravelTap/Data/Countries/Europe/Greece/Cities/KosAttractions.swift /Users/erders/Documents/TravelTap/TravelTap/Data/Countries/Europe/Greece/Cities/ZakynthosAttractions.swift /Users/erders/Documents/TravelTap/TravelTap/Data/Countries/Europe/Greece/Cities/SkopelosAttractions.swift /Users/erders/Documents/TravelTap/TravelTap/Data/Countries/Europe/Greece/Cities/SamosAttractions.swift /Users/erders/Documents/TravelTap/TravelTap/Data/Countries/Europe/Greece/Cities/HydraAttractions.swift /Users/erders/Documents/TravelTap/TravelTap/Data/Countries/Europe/Greece/Cities/FolegandrosAttractions.swift /Users/erders/Documents/TravelTap/TravelTap/Data/Countries/Europe/Greece/Cities/SyrosAttractions.swift /Users/erders/Documents/TravelTap/TravelTap/Data/Countries/Europe/Greece/Cities/NaxosAttractions.swift /Users/erders/Documents/TravelTap/TravelTap/Data/Countries/Europe/Greece/Cities/PatmosAttractions.swift /Users/erders/Documents/TravelTap/TravelTap/Data/Countries/Europe/Greece/Cities/PeloponneseAttractions.swift /Users/erders/Documents/TravelTap/TravelTap/Data/Countries/Europe/Greece/Cities/KefaloniaAttractions.swift /Users/erders/Documents/TravelTap/TravelTap/Data/Countries/Europe/Greece/Cities/TinosAttractions.swift /Users/erders/Documents/TravelTap/TravelTap/Data/Countries/Europe/Greece/Cities/SerifosAttractions.swift /Users/erders/Documents/TravelTap/TravelTap/Data/Countries/Europe/Greece/Cities/OlympiaAttractions.swift (in target 'TravelTap' from project 'TravelTap')

SwiftCompile normal arm64 /Users/erders/Documents/TravelTap/TravelTap/Data/Countries/Europe/Netherlands/Cities/HaarlemAttractions.swift (in target 'TravelTap' from project 'TravelTap')
    cd /Users/erders/Documents/TravelTap
    

SwiftCompile normal arm64 /Users/erders/Documents/TravelTap/TravelTap/Data/Countries/Europe/Netherlands/Cities/GroningenAttractions.swift (in target 'TravelTap' from project 'TravelTap')
    cd /Users/erders/Documents/TravelTap
    

SwiftCompile normal arm64 /Users/erders/Documents/TravelTap/TravelTap/Data/Countries/Europe/Netherlands/Cities/GoudaAttractions.swift (in target 'TravelTap' from project 'TravelTap')
    cd /Users/erders/Documents/TravelTap
    

SwiftCompile normal arm64 /Users/erders/Documents/TravelTap/TravelTap/Data/Countries/Europe/Netherlands/Cities/DeventerAttractions.swift (in target 'TravelTap' from project 'TravelTap')
    cd /Users/erders/Documents/TravelTap
    

SwiftCompile normal arm64 /Users/erders/Documents/TravelTap/TravelTap/Data/Countries/Europe/Netherlands/Cities/WaddenIslandsAttractions.swift (in target 'TravelTap' from project 'TravelTap')
    cd /Users/erders/Documents/TravelTap
    

SwiftCompile normal arm64 /Users/erders/Documents/TravelTap/TravelTap/Data/Countries/Europe/Netherlands/Cities/AmersfoortAttractions.swift (in target 'TravelTap' from project 'TravelTap')
    cd /Users/erders/Documents/TravelTap
    

SwiftCompile normal arm64 /Users/erders/Documents/TravelTap/TravelTap/Data/Countries/Europe/Netherlands/Cities/LeeuwardenAttractions.swift (in target 'TravelTap' from project 'TravelTap')
    cd /Users/erders/Documents/TravelTap
    

SwiftCompile normal arm64 /Users/erders/Documents/TravelTap/TravelTap/Data/Countries/Europe/Netherlands/Cities/DordrechtAttractions.swift (in target 'TravelTap' from project 'TravelTap')
    cd /Users/erders/Documents/TravelTap
    

SwiftCompile normal arm64 /Users/erders/Documents/TravelTap/TravelTap/Data/Countries/Europe/Netherlands/Cities/NotablePlacesNetherlandsAttractions.swift (in target 'TravelTap' from project 'TravelTap')
    cd /Users/erders/Documents/TravelTap
    

SwiftCompile normal arm64 /Users/erders/Documents/TravelTap/TravelTap/Data/Countries/Europe/Greece/Cities/DelphiAttractions.swift (in target 'TravelTap' from project 'TravelTap')
    cd /Users/erders/Documents/TravelTap
    

SwiftCompile normal arm64 /Users/erders/Documents/TravelTap/TravelTap/Data/Countries/Europe/Greece/Cities/LesbosAttractions.swift (in target 'TravelTap' from project 'TravelTap')
    cd /Users/erders/Documents/TravelTap
    

SwiftCompile normal arm64 /Users/erders/Documents/TravelTap/TravelTap/Data/Countries/Europe/Greece/Cities/KosAttractions.swift (in target 'TravelTap' from project 'TravelTap')
    cd /Users/erders/Documents/TravelTap
    

SwiftCompile normal arm64 /Users/erders/Documents/TravelTap/TravelTap/Data/Countries/Europe/Greece/Cities/ZakynthosAttractions.swift (in target 'TravelTap' from project 'TravelTap')
    cd /Users/erders/Documents/TravelTap
    

SwiftCompile normal arm64 /Users/erders/Documents/TravelTap/TravelTap/Data/Countries/Europe/Greece/Cities/SkopelosAttractions.swift (in target 'TravelTap' from project 'TravelTap')
    cd /Users/erders/Documents/TravelTap
    

SwiftCompile normal arm64 /Users/erders/Documents/TravelTap/TravelTap/Data/Countries/Europe/Greece/Cities/SamosAttractions.swift (in target 'TravelTap' from project 'TravelTap')
    cd /Users/erders/Documents/TravelTap
    

SwiftCompile normal arm64 /Users/erders/Documents/TravelTap/TravelTap/Data/Countries/Europe/Greece/Cities/HydraAttractions.swift (in target 'TravelTap' from project 'TravelTap')
    cd /Users/erders/Documents/TravelTap
    

SwiftCompile normal arm64 /Users/erders/Documents/TravelTap/TravelTap/Data/Countries/Europe/Greece/Cities/FolegandrosAttractions.swift (in target 'TravelTap' from project 'TravelTap')
    cd /Users/erders/Documents/TravelTap
    

SwiftCompile normal arm64 /Users/erders/Documents/TravelTap/TravelTap/Data/Countries/Europe/Greece/Cities/SyrosAttractions.swift (in target 'TravelTap' from project 'TravelTap')
    cd /Users/erders/Documents/TravelTap
    

SwiftCompile normal arm64 /Users/erders/Documents/TravelTap/TravelTap/Data/Countries/Europe/Greece/Cities/NaxosAttractions.swift (in target 'TravelTap' from project 'TravelTap')
    cd /Users/erders/Documents/TravelTap
    

SwiftCompile normal arm64 /Users/erders/Documents/TravelTap/TravelTap/Data/Countries/Europe/Greece/Cities/PatmosAttractions.swift (in target 'TravelTap' from project 'TravelTap')
    cd /Users/erders/Documents/TravelTap
    

SwiftCompile normal arm64 /Users/erders/Documents/TravelTap/TravelTap/Data/Countries/Europe/Greece/Cities/PeloponneseAttractions.swift (in target 'TravelTap' from project 'TravelTap')
    cd /Users/erders/Documents/TravelTap
    

SwiftCompile normal arm64 /Users/erders/Documents/TravelTap/TravelTap/Data/Countries/Europe/Greece/Cities/KefaloniaAttractions.swift (in target 'TravelTap' from project 'TravelTap')
    cd /Users/erders/Documents/TravelTap
    

SwiftCompile normal arm64 /Users/erders/Documents/TravelTap/TravelTap/Data/Countries/Europe/Greece/Cities/TinosAttractions.swift (in target 'TravelTap' from project 'TravelTap')
    cd /Users/erders/Documents/TravelTap
    

SwiftCompile normal arm64 /Users/erders/Documents/TravelTap/TravelTap/Data/Countries/Europe/Greece/Cities/SerifosAttractions.swift (in target 'TravelTap' from project 'TravelTap')
    cd /Users/erders/Documents/TravelTap
    

SwiftCompile normal arm64 /Users/erders/Documents/TravelTap/TravelTap/Data/Countries/Europe/Greece/Cities/OlympiaAttractions.swift (in target 'TravelTap' from project 'TravelTap')
    cd /Users/erders/Documents/TravelTap
    

SwiftDriverJobDiscovery normal arm64 Compiling VeronaAttractions.swift, ItalyPackage.swift, GjakovaAttractions.swift, PejaAttractions.swift, PristinaAttractions.swift, PrizrenAttractions.swift, KosovoPackage.swift, CesisAttractions.swift, JurmalaAttractions.swift, RigaAttractions.swift, SiguldaAttractions.swift, LatviaPackage.swift, BalzersAttractions.swift, MalbunAttractions.swift, VaduzAttractions.swift, LiechtensteinPackage.swift, KaunasAttractions.swift, KlaipedaAttractions.swift, SiauliaiAttractions.swift, TrakaiAttractions.swift, VilniusAttractions.swift, LithuaniaPackage.swift, EchternachAttractions.swift, LuxembourgCityAttractions.swift, ViandenAttractions.swift (in target 'TravelTap' from project 'TravelTap')

SwiftCompile normal arm64 Compiling\ KsamilAttractions.swift,\ ShkoderAttractions.swift,\ VlkolinecAttractions.swift,\ OravskyPodzamokAttractions.swift,\ BardejovAttractions.swift,\ SpisskePodhradieAttractions.swift,\ LevocaAttractions.swift,\ BanskaStiavnicaAttractions.swift,\ CicmanyAttractions.swift,\ TrencinAttractions.swift,\ IstogAttractions.swift,\ FerizajAttractions.swift,\ SharrMountainsAttractions.swift,\ DragashAttractions.swift,\ MitrovicaAttractions.swift,\ DecaniAttractions.swift,\ SkenderajAttractions.swift,\ LipjanAttractions.swift,\ VushtrriAttractions.swift,\ RahovecAttractions.swift,\ KlinaAttractions.swift,\ PodujevaAttractions.swift,\ GjilanAttractions.swift,\ PtujAttractions.swift /Users/erders/Documents/TravelTap/TravelTap/Data/Countries/Europe/Albania/Cities/KsamilAttractions.swift /Users/erders/Documents/TravelTap/TravelTap/Data/Countries/Europe/Albania/Cities/ShkoderAttractions.swift /Users/erders/Documents/TravelTap/TravelTap/Data/Countries/Europe/Slovakia/Cities/VlkolinecAttractions.swift /Users/erders/Documents/TravelTap/TravelTap/Data/Countries/Europe/Slovakia/Cities/OravskyPodzamokAttractions.swift /Users/erders/Documents/TravelTap/TravelTap/Data/Countries/Europe/Slovakia/Cities/BardejovAttractions.swift /Users/erders/Documents/TravelTap/TravelTap/Data/Countries/Europe/Slovakia/Cities/SpisskePodhradieAttractions.swift /Users/erders/Documents/TravelTap/TravelTap/Data/Countries/Europe/Slovakia/Cities/LevocaAttractions.swift /Users/erders/Documents/TravelTap/TravelTap/Data/Countries/Europe/Slovakia/Cities/BanskaStiavnicaAttractions.swift /Users/erders/Documents/TravelTap/TravelTap/Data/Countries/Europe/Slovakia/Cities/CicmanyAttractions.swift /Users/erders/Documents/TravelTap/TravelTap/Data/Countries/Europe/Slovakia/Cities/TrencinAttractions.swift /Users/erders/Documents/TravelTap/TravelTap/Data/Countries/Europe/Kosovo/Cities/IstogAttractions.swift /Users/erders/Documents/TravelTap/TravelTap/Data/Countries/Europe/Kosovo/Cities/FerizajAttractions.swift /Users/erders/Documents/TravelTap/TravelTap/Data/Countries/Europe/Kosovo/Cities/SharrMountainsAttractions.swift /Users/erders/Documents/TravelTap/TravelTap/Data/Countries/Europe/Kosovo/Cities/DragashAttractions.swift /Users/erders/Documents/TravelTap/TravelTap/Data/Countries/Europe/Kosovo/Cities/MitrovicaAttractions.swift /Users/erders/Documents/TravelTap/TravelTap/Data/Countries/Europe/Kosovo/Cities/DecaniAttractions.swift /Users/erders/Documents/TravelTap/TravelTap/Data/Countries/Europe/Kosovo/Cities/SkenderajAttractions.swift /Users/erders/Documents/TravelTap/TravelTap/Data/Countries/Europe/Kosovo/Cities/LipjanAttractions.swift /Users/erders/Documents/TravelTap/TravelTap/Data/Countries/Europe/Kosovo/Cities/VushtrriAttractions.swift /Users/erders/Documents/TravelTap/TravelTap/Data/Countries/Europe/Kosovo/Cities/RahovecAttractions.swift /Users/erders/Documents/TravelTap/TravelTap/Data/Countries/Europe/Kosovo/Cities/KlinaAttractions.swift /Users/erders/Documents/TravelTap/TravelTap/Data/Countries/Europe/Kosovo/Cities/PodujevaAttractions.swift /Users/erders/Documents/TravelTap/TravelTap/Data/Countries/Europe/Kosovo/Cities/GjilanAttractions.swift /Users/erders/Documents/TravelTap/TravelTap/Data/Countries/Europe/Slovenia/Cities/PtujAttractions.swift (in target 'TravelTap' from project 'TravelTap')

SwiftCompile normal arm64 /Users/erders/Documents/TravelTap/TravelTap/Data/Countries/Europe/Albania/Cities/KsamilAttractions.swift (in target 'TravelTap' from project 'TravelTap')
    cd /Users/erders/Documents/TravelTap
    

SwiftCompile normal arm64 /Users/erders/Documents/TravelTap/TravelTap/Data/Countries/Europe/Albania/Cities/ShkoderAttractions.swift (in target 'TravelTap' from project 'TravelTap')
    cd /Users/erders/Documents/TravelTap
    

SwiftCompile normal arm64 /Users/erders/Documents/TravelTap/TravelTap/Data/Countries/Europe/Slovakia/Cities/VlkolinecAttractions.swift (in target 'TravelTap' from project 'TravelTap')
    cd /Users/erders/Documents/TravelTap
    

SwiftCompile normal arm64 /Users/erders/Documents/TravelTap/TravelTap/Data/Countries/Europe/Slovakia/Cities/OravskyPodzamokAttractions.swift (in target 'TravelTap' from project 'TravelTap')
    cd /Users/erders/Documents/TravelTap
    

SwiftCompile normal arm64 /Users/erders/Documents/TravelTap/TravelTap/Data/Countries/Europe/Slovakia/Cities/BardejovAttractions.swift (in target 'TravelTap' from project 'TravelTap')
    cd /Users/erders/Documents/TravelTap
    

SwiftCompile normal arm64 /Users/erders/Documents/TravelTap/TravelTap/Data/Countries/Europe/Slovakia/Cities/SpisskePodhradieAttractions.swift (in target 'TravelTap' from project 'TravelTap')
    cd /Users/erders/Documents/TravelTap
    

SwiftCompile normal arm64 /Users/erders/Documents/TravelTap/TravelTap/Data/Countries/Europe/Slovakia/Cities/LevocaAttractions.swift (in target 'TravelTap' from project 'TravelTap')
    cd /Users/erders/Documents/TravelTap
    

SwiftCompile normal arm64 /Users/erders/Documents/TravelTap/TravelTap/Data/Countries/Europe/Slovakia/Cities/BanskaStiavnicaAttractions.swift (in target 'TravelTap' from project 'TravelTap')
    cd /Users/erders/Documents/TravelTap
    

SwiftCompile normal arm64 /Users/erders/Documents/TravelTap/TravelTap/Data/Countries/Europe/Slovakia/Cities/CicmanyAttractions.swift (in target 'TravelTap' from project 'TravelTap')
    cd /Users/erders/Documents/TravelTap
    

SwiftCompile normal arm64 /Users/erders/Documents/TravelTap/TravelTap/Data/Countries/Europe/Slovakia/Cities/TrencinAttractions.swift (in target 'TravelTap' from project 'TravelTap')
    cd /Users/erders/Documents/TravelTap
    

SwiftCompile normal arm64 /Users/erders/Documents/TravelTap/TravelTap/Data/Countries/Europe/Kosovo/Cities/IstogAttractions.swift (in target 'TravelTap' from project 'TravelTap')
    cd /Users/erders/Documents/TravelTap
    

SwiftCompile normal arm64 /Users/erders/Documents/TravelTap/TravelTap/Data/Countries/Europe/Kosovo/Cities/FerizajAttractions.swift (in target 'TravelTap' from project 'TravelTap')
    cd /Users/erders/Documents/TravelTap
    

SwiftCompile normal arm64 /Users/erders/Documents/TravelTap/TravelTap/Data/Countries/Europe/Kosovo/Cities/SharrMountainsAttractions.swift (in target 'TravelTap' from project 'TravelTap')
    cd /Users/erders/Documents/TravelTap
    

SwiftCompile normal arm64 /Users/erders/Documents/TravelTap/TravelTap/Data/Countries/Europe/Kosovo/Cities/DragashAttractions.swift (in target 'TravelTap' from project 'TravelTap')
    cd /Users/erders/Documents/TravelTap
    

SwiftCompile normal arm64 /Users/erders/Documents/TravelTap/TravelTap/Data/Countries/Europe/Kosovo/Cities/MitrovicaAttractions.swift (in target 'TravelTap' from project 'TravelTap')
    cd /Users/erders/Documents/TravelTap
    

SwiftCompile normal arm64 /Users/erders/Documents/TravelTap/TravelTap/Data/Countries/Europe/Kosovo/Cities/DecaniAttractions.swift (in target 'TravelTap' from project 'TravelTap')
    cd /Users/erders/Documents/TravelTap
    

SwiftCompile normal arm64 /Users/erders/Documents/TravelTap/TravelTap/Data/Countries/Europe/Kosovo/Cities/SkenderajAttractions.swift (in target 'TravelTap' from project 'TravelTap')
    cd /Users/erders/Documents/TravelTap
    

SwiftCompile normal arm64 /Users/erders/Documents/TravelTap/TravelTap/Data/Countries/Europe/Kosovo/Cities/LipjanAttractions.swift (in target 'TravelTap' from project 'TravelTap')
    cd /Users/erders/Documents/TravelTap
    

SwiftCompile normal arm64 /Users/erders/Documents/TravelTap/TravelTap/Data/Countries/Europe/Kosovo/Cities/VushtrriAttractions.swift (in target 'TravelTap' from project 'TravelTap')
    cd /Users/erders/Documents/TravelTap
    

SwiftCompile normal arm64 /Users/erders/Documents/TravelTap/TravelTap/Data/Countries/Europe/Kosovo/Cities/RahovecAttractions.swift (in target 'TravelTap' from project 'TravelTap')
    cd /Users/erders/Documents/TravelTap
    

SwiftCompile normal arm64 /Users/erders/Documents/TravelTap/TravelTap/Data/Countries/Europe/Kosovo/Cities/KlinaAttractions.swift (in target 'TravelTap' from project 'TravelTap')
    cd /Users/erders/Documents/TravelTap
    

SwiftCompile normal arm64 /Users/erders/Documents/TravelTap/TravelTap/Data/Countries/Europe/Kosovo/Cities/PodujevaAttractions.swift (in target 'TravelTap' from project 'TravelTap')
    cd /Users/erders/Documents/TravelTap
    

SwiftCompile normal arm64 /Users/erders/Documents/TravelTap/TravelTap/Data/Countries/Europe/Kosovo/Cities/GjilanAttractions.swift (in target 'TravelTap' from project 'TravelTap')
    cd /Users/erders/Documents/TravelTap
    

SwiftCompile normal arm64 /Users/erders/Documents/TravelTap/TravelTap/Data/Countries/Europe/Slovenia/Cities/PtujAttractions.swift (in target 'TravelTap' from project 'TravelTap')
    cd /Users/erders/Documents/TravelTap
    

SwiftDriverJobDiscovery normal arm64 Compiling GenoaAttractions.swift, MantuaAttractions.swift, SienaAttractions.swift, PerugiaAttractions.swift, TriesteAttractions.swift, AlesundAttractions.swift, NorthCapeAttractions.swift, BodoAttractions.swift, KristiansandAttractions.swift, SognefjordAttractions.swift, HardangerfjordAttractions.swift, RorosAttractions.swift, LillehammerAttractions.swift, TrondheimAttractions.swift, GeirangerfjordAttractions.swift, NationalParksNorwayAttractions.swift, HammerfestAttractions.swift, StaveChurchesNorwayAttractions.swift, FredrikstadAttractions.swift, ScenicRoutesNorwayAttractions.swift, SvalbardAttractions.swift, AltaAttractions.swift, LofotenIslandsAttractions.swift, AlcobacaAttractions.swift, DouroValleyAttractions.swift (in target 'TravelTap' from project 'TravelTap')

SwiftCompile normal arm64 Compiling\ UmeaAttractions.swift,\ OstersundAttractions.swift,\ BernAttractions.swift,\ GenevaAttractions.swift,\ LucerneAttractions.swift,\ ZermattAttractions.swift,\ ZurichAttractions.swift,\ SwitzerlandPackage.swift,\ BaselAttractions.swift,\ InterlakenAttractions.swift,\ GrindelwaldAttractions.swift,\ LauterbrunnenAttractions.swift,\ StMoritzAttractions.swift,\ DavosAttractions.swift,\ MontreuxAttractions.swift,\ LausanneAttractions.swift,\ LuganoAttractions.swift,\ LocarnoAttractions.swift,\ BellinzonaAttractions.swift,\ ThunAttractions.swift,\ BrigAttractions.swift,\ SionAttractions.swift,\ NeuchatelAttractions.swift,\ FribourgAttractions.swift,\ ChurAttractions.swift /Users/erders/Documents/TravelTap/TravelTap/Data/Countries/Europe/Sweden/Cities/UmeaAttractions.swift /Users/erders/Documents/TravelTap/TravelTap/Data/Countries/Europe/Sweden/Cities/OstersundAttractions.swift /Users/erders/Documents/TravelTap/TravelTap/Data/Countries/Europe/Switzerland/Cities/BernAttractions.swift /Users/erders/Documents/TravelTap/TravelTap/Data/Countries/Europe/Switzerland/Cities/GenevaAttractions.swift /Users/erders/Documents/TravelTap/TravelTap/Data/Countries/Europe/Switzerland/Cities/LucerneAttractions.swift /Users/erders/Documents/TravelTap/TravelTap/Data/Countries/Europe/Switzerland/Cities/ZermattAttractions.swift /Users/erders/Documents/TravelTap/TravelTap/Data/Countries/Europe/Switzerland/Cities/ZurichAttractions.swift /Users/erders/Documents/TravelTap/TravelTap/Data/Countries/Europe/Switzerland/SwitzerlandPackage.swift /Users/erders/Documents/TravelTap/TravelTap/Data/Countries/Europe/Switzerland/Cities/BaselAttractions.swift /Users/erders/Documents/TravelTap/TravelTap/Data/Countries/Europe/Switzerland/Cities/InterlakenAttractions.swift /Users/erders/Documents/TravelTap/TravelTap/Data/Countries/Europe/Switzerland/Cities/GrindelwaldAttractions.swift /Users/erders/Documents/TravelTap/TravelTap/Data/Countries/Europe/Switzerland/Cities/LauterbrunnenAttractions.swift /Users/erders/Documents/TravelTap/TravelTap/Data/Countries/Europe/Switzerland/Cities/StMoritzAttractions.swift /Users/erders/Documents/TravelTap/TravelTap/Data/Countries/Europe/Switzerland/Cities/DavosAttractions.swift /Users/erders/Documents/TravelTap/TravelTap/Data/Countries/Europe/Switzerland/Cities/MontreuxAttractions.swift /Users/erders/Documents/TravelTap/TravelTap/Data/Countries/Europe/Switzerland/Cities/LausanneAttractions.swift /Users/erders/Documents/TravelTap/TravelTap/Data/Countries/Europe/Switzerland/Cities/LuganoAttractions.swift /Users/erders/Documents/TravelTap/TravelTap/Data/Countries/Europe/Switzerland/Cities/LocarnoAttractions.swift /Users/erders/Documents/TravelTap/TravelTap/Data/Countries/Europe/Switzerland/Cities/BellinzonaAttractions.swift /Users/erders/Documents/TravelTap/TravelTap/Data/Countries/Europe/Switzerland/Cities/ThunAttractions.swift /Users/erders/Documents/TravelTap/TravelTap/Data/Countries/Europe/Switzerland/Cities/BrigAttractions.swift /Users/erders/Documents/TravelTap/TravelTap/Data/Countries/Europe/Switzerland/Cities/SionAttractions.swift /Users/erders/Documents/TravelTap/TravelTap/Data/Countries/Europe/Switzerland/Cities/NeuchatelAttractions.swift /Users/erders/Documents/TravelTap/TravelTap/Data/Countries/Europe/Switzerland/Cities/FribourgAttractions.swift /Users/erders/Documents/TravelTap/TravelTap/Data/Countries/Europe/Switzerland/Cities/ChurAttractions.swift (in target 'TravelTap' from project 'TravelTap')

SwiftCompile normal arm64 /Users/erders/Documents/TravelTap/TravelTap/Data/Countries/Europe/Sweden/Cities/UmeaAttractions.swift (in target 'TravelTap' from project 'TravelTap')
    cd /Users/erders/Documents/TravelTap
    

SwiftCompile normal arm64 /Users/erders/Documents/TravelTap/TravelTap/Data/Countries/Europe/Sweden/Cities/OstersundAttractions.swift (in target 'TravelTap' from project 'TravelTap')
    cd /Users/erders/Documents/TravelTap
    

SwiftCompile normal arm64 /Users/erders/Documents/TravelTap/TravelTap/Data/Countries/Europe/Switzerland/Cities/BernAttractions.swift (in target 'TravelTap' from project 'TravelTap')
    cd /Users/erders/Documents/TravelTap
    

SwiftCompile normal arm64 /Users/erders/Documents/TravelTap/TravelTap/Data/Countries/Europe/Switzerland/Cities/GenevaAttractions.swift (in target 'TravelTap' from project 'TravelTap')
    cd /Users/erders/Documents/TravelTap
    

SwiftCompile normal arm64 /Users/erders/Documents/TravelTap/TravelTap/Data/Countries/Europe/Switzerland/Cities/LucerneAttractions.swift (in target 'TravelTap' from project 'TravelTap')
    cd /Users/erders/Documents/TravelTap
    

SwiftCompile normal arm64 /Users/erders/Documents/TravelTap/TravelTap/Data/Countries/Europe/Switzerland/Cities/ZermattAttractions.swift (in target 'TravelTap' from project 'TravelTap')
    cd /Users/erders/Documents/TravelTap
    

SwiftCompile normal arm64 /Users/erders/Documents/TravelTap/TravelTap/Data/Countries/Europe/Switzerland/Cities/ZurichAttractions.swift (in target 'TravelTap' from project 'TravelTap')
    cd /Users/erders/Documents/TravelTap
    

SwiftCompile normal arm64 /Users/erders/Documents/TravelTap/TravelTap/Data/Countries/Europe/Switzerland/SwitzerlandPackage.swift (in target 'TravelTap' from project 'TravelTap')
    cd /Users/erders/Documents/TravelTap
    

SwiftCompile normal arm64 /Users/erders/Documents/TravelTap/TravelTap/Data/Countries/Europe/Switzerland/Cities/BaselAttractions.swift (in target 'TravelTap' from project 'TravelTap')
    cd /Users/erders/Documents/TravelTap
    

SwiftCompile normal arm64 /Users/erders/Documents/TravelTap/TravelTap/Data/Countries/Europe/Switzerland/Cities/InterlakenAttractions.swift (in target 'TravelTap' from project 'TravelTap')
    cd /Users/erders/Documents/TravelTap
    

SwiftCompile normal arm64 /Users/erders/Documents/TravelTap/TravelTap/Data/Countries/Europe/Switzerland/Cities/GrindelwaldAttractions.swift (in target 'TravelTap' from project 'TravelTap')
    cd /Users/erders/Documents/TravelTap
    

SwiftCompile normal arm64 /Users/erders/Documents/TravelTap/TravelTap/Data/Countries/Europe/Switzerland/Cities/LauterbrunnenAttractions.swift (in target 'TravelTap' from project 'TravelTap')
    cd /Users/erders/Documents/TravelTap
    

SwiftCompile normal arm64 /Users/erders/Documents/TravelTap/TravelTap/Data/Countries/Europe/Switzerland/Cities/StMoritzAttractions.swift (in target 'TravelTap' from project 'TravelTap')
    cd /Users/erders/Documents/TravelTap
    

SwiftCompile normal arm64 /Users/erders/Documents/TravelTap/TravelTap/Data/Countries/Europe/Switzerland/Cities/DavosAttractions.swift (in target 'TravelTap' from project 'TravelTap')
    cd /Users/erders/Documents/TravelTap
    

SwiftCompile normal arm64 /Users/erders/Documents/TravelTap/TravelTap/Data/Countries/Europe/Switzerland/Cities/MontreuxAttractions.swift (in target 'TravelTap' from project 'TravelTap')
    cd /Users/erders/Documents/TravelTap
    

SwiftCompile normal arm64 /Users/erders/Documents/TravelTap/TravelTap/Data/Countries/Europe/Switzerland/Cities/LausanneAttractions.swift (in target 'TravelTap' from project 'TravelTap')
    cd /Users/erders/Documents/TravelTap
    

SwiftCompile normal arm64 /Users/erders/Documents/TravelTap/TravelTap/Data/Countries/Europe/Switzerland/Cities/LuganoAttractions.swift (in target 'TravelTap' from project 'TravelTap')
    cd /Users/erders/Documents/TravelTap
    

SwiftCompile normal arm64 /Users/erders/Documents/TravelTap/TravelTap/Data/Countries/Europe/Switzerland/Cities/LocarnoAttractions.swift (in target 'TravelTap' from project 'TravelTap')
    cd /Users/erders/Documents/TravelTap
    

SwiftCompile normal arm64 /Users/erders/Documents/TravelTap/TravelTap/Data/Countries/Europe/Switzerland/Cities/BellinzonaAttractions.swift (in target 'TravelTap' from project 'TravelTap')
    cd /Users/erders/Documents/TravelTap
    

SwiftCompile normal arm64 /Users/erders/Documents/TravelTap/TravelTap/Data/Countries/Europe/Switzerland/Cities/ThunAttractions.swift (in target 'TravelTap' from project 'TravelTap')
    cd /Users/erders/Documents/TravelTap
    

SwiftCompile normal arm64 /Users/erders/Documents/TravelTap/TravelTap/Data/Countries/Europe/Switzerland/Cities/BrigAttractions.swift (in target 'TravelTap' from project 'TravelTap')
    cd /Users/erders/Documents/TravelTap
    

SwiftCompile normal arm64 /Users/erders/Documents/TravelTap/TravelTap/Data/Countries/Europe/Switzerland/Cities/SionAttractions.swift (in target 'TravelTap' from project 'TravelTap')
    cd /Users/erders/Documents/TravelTap
    

SwiftCompile normal arm64 /Users/erders/Documents/TravelTap/TravelTap/Data/Countries/Europe/Switzerland/Cities/NeuchatelAttractions.swift (in target 'TravelTap' from project 'TravelTap')
    cd /Users/erders/Documents/TravelTap
    

SwiftCompile normal arm64 /Users/erders/Documents/TravelTap/TravelTap/Data/Countries/Europe/Switzerland/Cities/FribourgAttractions.swift (in target 'TravelTap' from project 'TravelTap')
    cd /Users/erders/Documents/TravelTap
    

SwiftCompile normal arm64 /Users/erders/Documents/TravelTap/TravelTap/Data/Countries/Europe/Switzerland/Cities/ChurAttractions.swift (in target 'TravelTap' from project 'TravelTap')
    cd /Users/erders/Documents/TravelTap
    

SwiftDriverJobDiscovery normal arm64 Compiling KocaniAttractions.swift, StrumicaAttractions.swift, BerovoAttractions.swift, KratovoAttractions.swift, UlcinjAttractions.swift, TivatAttractions.swift, PetrovacAttractions.swift, CetinjeAttractions.swift, KolasinAttractions.swift, HercegNoviAttractions.swift, SvetiStefanAttractions.swift, OstrogMonasteryAttractions.swift, BarAttractions.swift, LipaCaveAttractions.swift, LovcenNationalParkAttractions.swift, SkadarLakeAttractions.swift, BiogradskaGoraAttractions.swift, RisanAttractions.swift, ZicaAttractions.swift, VranjeAttractions.swift, ValjevoAttractions.swift, KragujevacAttractions.swift, SokobanjaAttractions.swift, ArandjelovacAttractions.swift (in target 'TravelTap' from project 'TravelTap')

SwiftCompile normal arm64 Compiling\ HaitiPackage.swift,\ CopanRuinasAttractions.swift,\ GraciasAttractions.swift,\ GuanajaAttractions.swift,\ LaCeibaAttractions.swift,\ RoatanAttractions.swift,\ TegucigalpaAttractions.swift,\ TelaAttractions.swift,\ UtilaAttractions.swift,\ HondurasPackage.swift,\ FalmouthAttractions.swift,\ JamaicaBlueMountainsAttractions.swift,\ KingstonAttractions.swift,\ MontegoBayAttractions.swift,\ NegrilAttractions.swift,\ OchoRiosAttractions.swift,\ PortAntonioAttractions.swift,\ JamaicaPackage.swift,\ CornIslandsAttractions.swift,\ ManaguaAttractions.swift,\ MasayaAttractions.swift,\ MatagalpaAttractions.swift,\ NicaraguaGranadaAttractions.swift,\ OmetepeAttractions.swift,\ SanJuanDelSurAttractions.swift /Users/erders/Documents/TravelTap/TravelTap/Data/Countries/CentralAmerica/Haiti/HaitiPackage.swift /Users/erders/Documents/TravelTap/TravelTap/Data/Countries/CentralAmerica/Honduras/Cities/CopanRuinasAttractions.swift /Users/erders/Documents/TravelTap/TravelTap/Data/Countries/CentralAmerica/Honduras/Cities/GraciasAttractions.swift /Users/erders/Documents/TravelTap/TravelTap/Data/Countries/CentralAmerica/Honduras/Cities/GuanajaAttractions.swift /Users/erders/Documents/TravelTap/TravelTap/Data/Countries/CentralAmerica/Honduras/Cities/LaCeibaAttractions.swift /Users/erders/Documents/TravelTap/TravelTap/Data/Countries/CentralAmerica/Honduras/Cities/RoatanAttractions.swift /Users/erders/Documents/TravelTap/TravelTap/Data/Countries/CentralAmerica/Honduras/Cities/TegucigalpaAttractions.swift /Users/erders/Documents/TravelTap/TravelTap/Data/Countries/CentralAmerica/Honduras/Cities/TelaAttractions.swift /Users/erders/Documents/TravelTap/TravelTap/Data/Countries/CentralAmerica/Honduras/Cities/UtilaAttractions.swift /Users/erders/Documents/TravelTap/TravelTap/Data/Countries/CentralAmerica/Honduras/HondurasPackage.swift /Users/erders/Documents/TravelTap/TravelTap/Data/Countries/CentralAmerica/Jamaica/Cities/FalmouthAttractions.swift /Users/erders/Documents/TravelTap/TravelTap/Data/Countries/CentralAmerica/Jamaica/Cities/JamaicaBlueMountainsAttractions.swift /Users/erders/Documents/TravelTap/TravelTap/Data/Countries/CentralAmerica/Jamaica/Cities/KingstonAttractions.swift /Users/erders/Documents/TravelTap/TravelTap/Data/Countries/CentralAmerica/Jamaica/Cities/MontegoBayAttractions.swift /Users/erders/Documents/TravelTap/TravelTap/Data/Countries/CentralAmerica/Jamaica/Cities/NegrilAttractions.swift /Users/erders/Documents/TravelTap/TravelTap/Data/Countries/CentralAmerica/Jamaica/Cities/OchoRiosAttractions.swift /Users/erders/Documents/TravelTap/TravelTap/Data/Countries/CentralAmerica/Jamaica/Cities/PortAntonioAttractions.swift /Users/erders/Documents/TravelTap/TravelTap/Data/Countries/CentralAmerica/Jamaica/JamaicaPackage.swift /Users/erders/Documents/TravelTap/TravelTap/Data/Countries/CentralAmerica/Nicaragua/Cities/CornIslandsAttractions.swift /Users/erders/Documents/TravelTap/TravelTap/Data/Countries/CentralAmerica/Nicaragua/Cities/ManaguaAttractions.swift /Users/erders/Documents/TravelTap/TravelTap/Data/Countries/CentralAmerica/Nicaragua/Cities/MasayaAttractions.swift /Users/erders/Documents/TravelTap/TravelTap/Data/Countries/CentralAmerica/Nicaragua/Cities/MatagalpaAttractions.swift /Users/erders/Documents/TravelTap/TravelTap/Data/Countries/CentralAmerica/Nicaragua/Cities/NicaraguaGranadaAttractions.swift /Users/erders/Documents/TravelTap/TravelTap/Data/Countries/CentralAmerica/Nicaragua/Cities/OmetepeAttractions.swift /Users/erders/Documents/TravelTap/TravelTap/Data/Countries/CentralAmerica/Nicaragua/Cities/SanJuanDelSurAttractions.swift (in target 'TravelTap' from project 'TravelTap')

SwiftCompile normal arm64 /Users/erders/Documents/TravelTap/TravelTap/Data/Countries/CentralAmerica/Haiti/HaitiPackage.swift (in target 'TravelTap' from project 'TravelTap')
    cd /Users/erders/Documents/TravelTap
    

SwiftCompile normal arm64 /Users/erders/Documents/TravelTap/TravelTap/Data/Countries/CentralAmerica/Honduras/Cities/CopanRuinasAttractions.swift (in target 'TravelTap' from project 'TravelTap')
    cd /Users/erders/Documents/TravelTap
    

SwiftCompile normal arm64 /Users/erders/Documents/TravelTap/TravelTap/Data/Countries/CentralAmerica/Honduras/Cities/GraciasAttractions.swift (in target 'TravelTap' from project 'TravelTap')
    cd /Users/erders/Documents/TravelTap
    

SwiftCompile normal arm64 /Users/erders/Documents/TravelTap/TravelTap/Data/Countries/CentralAmerica/Honduras/Cities/GuanajaAttractions.swift (in target 'TravelTap' from project 'TravelTap')
    cd /Users/erders/Documents/TravelTap
    

SwiftCompile normal arm64 /Users/erders/Documents/TravelTap/TravelTap/Data/Countries/CentralAmerica/Honduras/Cities/LaCeibaAttractions.swift (in target 'TravelTap' from project 'TravelTap')
    cd /Users/erders/Documents/TravelTap
    

SwiftCompile normal arm64 /Users/erders/Documents/TravelTap/TravelTap/Data/Countries/CentralAmerica/Honduras/Cities/RoatanAttractions.swift (in target 'TravelTap' from project 'TravelTap')
    cd /Users/erders/Documents/TravelTap
    

SwiftCompile normal arm64 /Users/erders/Documents/TravelTap/TravelTap/Data/Countries/CentralAmerica/Honduras/Cities/TegucigalpaAttractions.swift (in target 'TravelTap' from project 'TravelTap')
    cd /Users/erders/Documents/TravelTap
    

SwiftCompile normal arm64 /Users/erders/Documents/TravelTap/TravelTap/Data/Countries/CentralAmerica/Honduras/Cities/TelaAttractions.swift (in target 'TravelTap' from project 'TravelTap')
    cd /Users/erders/Documents/TravelTap
    

SwiftCompile normal arm64 /Users/erders/Documents/TravelTap/TravelTap/Data/Countries/CentralAmerica/Honduras/Cities/UtilaAttractions.swift (in target 'TravelTap' from project 'TravelTap')
    cd /Users/erders/Documents/TravelTap
    

SwiftCompile normal arm64 /Users/erders/Documents/TravelTap/TravelTap/Data/Countries/CentralAmerica/Honduras/HondurasPackage.swift (in target 'TravelTap' from project 'TravelTap')
    cd /Users/erders/Documents/TravelTap
    

SwiftCompile normal arm64 /Users/erders/Documents/TravelTap/TravelTap/Data/Countries/CentralAmerica/Jamaica/Cities/FalmouthAttractions.swift (in target 'TravelTap' from project 'TravelTap')
    cd /Users/erders/Documents/TravelTap
    

SwiftCompile normal arm64 /Users/erders/Documents/TravelTap/TravelTap/Data/Countries/CentralAmerica/Jamaica/Cities/JamaicaBlueMountainsAttractions.swift (in target 'TravelTap' from project 'TravelTap')
    cd /Users/erders/Documents/TravelTap
    

SwiftCompile normal arm64 /Users/erders/Documents/TravelTap/TravelTap/Data/Countries/CentralAmerica/Jamaica/Cities/KingstonAttractions.swift (in target 'TravelTap' from project 'TravelTap')
    cd /Users/erders/Documents/TravelTap
    

SwiftCompile normal arm64 /Users/erders/Documents/TravelTap/TravelTap/Data/Countries/CentralAmerica/Jamaica/Cities/MontegoBayAttractions.swift (in target 'TravelTap' from project 'TravelTap')
    cd /Users/erders/Documents/TravelTap
    

SwiftCompile normal arm64 /Users/erders/Documents/TravelTap/TravelTap/Data/Countries/CentralAmerica/Jamaica/Cities/NegrilAttractions.swift (in target 'TravelTap' from project 'TravelTap')
    cd /Users/erders/Documents/TravelTap
    

SwiftCompile normal arm64 /Users/erders/Documents/TravelTap/TravelTap/Data/Countries/CentralAmerica/Jamaica/Cities/OchoRiosAttractions.swift (in target 'TravelTap' from project 'TravelTap')
    cd /Users/erders/Documents/TravelTap
    

SwiftCompile normal arm64 /Users/erders/Documents/TravelTap/TravelTap/Data/Countries/CentralAmerica/Jamaica/Cities/PortAntonioAttractions.swift (in target 'TravelTap' from project 'TravelTap')
    cd /Users/erders/Documents/TravelTap
    

SwiftCompile normal arm64 /Users/erders/Documents/TravelTap/TravelTap/Data/Countries/CentralAmerica/Jamaica/JamaicaPackage.swift (in target 'TravelTap' from project 'TravelTap')
    cd /Users/erders/Documents/TravelTap
    

SwiftCompile normal arm64 /Users/erders/Documents/TravelTap/TravelTap/Data/Countries/CentralAmerica/Nicaragua/Cities/CornIslandsAttractions.swift (in target 'TravelTap' from project 'TravelTap')
    cd /Users/erders/Documents/TravelTap
    

SwiftCompile normal arm64 /Users/erders/Documents/TravelTap/TravelTap/Data/Countries/CentralAmerica/Nicaragua/Cities/ManaguaAttractions.swift (in target 'TravelTap' from project 'TravelTap')
    cd /Users/erders/Documents/TravelTap
    

SwiftCompile normal arm64 /Users/erders/Documents/TravelTap/TravelTap/Data/Countries/CentralAmerica/Nicaragua/Cities/MasayaAttractions.swift (in target 'TravelTap' from project 'TravelTap')
    cd /Users/erders/Documents/TravelTap
    

SwiftCompile normal arm64 /Users/erders/Documents/TravelTap/TravelTap/Data/Countries/CentralAmerica/Nicaragua/Cities/MatagalpaAttractions.swift (in target 'TravelTap' from project 'TravelTap')
    cd /Users/erders/Documents/TravelTap
    

SwiftCompile normal arm64 /Users/erders/Documents/TravelTap/TravelTap/Data/Countries/CentralAmerica/Nicaragua/Cities/NicaraguaGranadaAttractions.swift (in target 'TravelTap' from project 'TravelTap')
    cd /Users/erders/Documents/TravelTap
    

SwiftCompile normal arm64 /Users/erders/Documents/TravelTap/TravelTap/Data/Countries/CentralAmerica/Nicaragua/Cities/OmetepeAttractions.swift (in target 'TravelTap' from project 'TravelTap')
    cd /Users/erders/Documents/TravelTap
    

SwiftCompile normal arm64 /Users/erders/Documents/TravelTap/TravelTap/Data/Countries/CentralAmerica/Nicaragua/Cities/SanJuanDelSurAttractions.swift (in target 'TravelTap' from project 'TravelTap')
    cd /Users/erders/Documents/TravelTap
    

SwiftDriverJobDiscovery normal arm64 Compiling MoalboalAttractions.swift, BoholAttractions.swift, LaoagAttractions.swift, OslobAttractions.swift, CebuCityAttractions.swift, BatanesAttractions.swift, BacolodAttractions.swift, PinatuboAttractions.swift, MalapascuaAttractions.swift, SurigaoDelSurAttractions.swift, TaguigAttractions.swift, ManilaCityAttractions.swift, ZambalesAttractions.swift, CoronAttractions.swift, SamarAttractions.swift, BoracayAttractions.swift, SamalIslandAttractions.swift, ViganAttractions.swift, SibongaAttractions.swift, LeyteAttractions.swift, BaguioAttractions.swift, SiquijorAttractions.swift, BanaueAttractions.swift, MakatiAttractions.swift, PagudpudAttractions.swift (in target 'TravelTap' from project 'TravelTap')

SwiftCompile normal arm64 Compiling\ CotonouSouthAttractions.swift,\ NorthAtacoraAttractions.swift,\ OuidahSlaveRouteAttractions.swift,\ PortoNovoEastAttractions.swift,\ BurkinaFasoPackage.swift,\ BoboDioulassoWestAttractions.swift,\ NorthEastParksAttractions.swift,\ OuagadougouCentralAttractions.swift,\ SouthernParksAttractions.swift,\ CapeVerdePackage.swift,\ FogoBravaAttractions.swift,\ SalBoaVistaAttractions.swift,\ SantiagoMaioAttractions.swift,\ SaoVicenteSantoAntaoAttractions.swift,\ AbidjanSouthAttractions.swift,\ CIParksNorthAttractions.swift,\ CoastalBeachesAttractions.swift,\ ManWestAttractions.swift,\ CotedIvoirePackage.swift,\ BanjulCoastalAttractions.swift,\ GambiaBeachesAttractions.swift,\ GambiaNatureAttractions.swift,\ UpriverHistoricAttractions.swift,\ GambiaPackage.swift,\ AccraGreaterAttractions.swift /Users/erders/Documents/TravelTap/TravelTap/Data/Countries/Africa/WestAfrica/Benin/Cities/CotonouSouthAttractions.swift /Users/erders/Documents/TravelTap/TravelTap/Data/Countries/Africa/WestAfrica/Benin/Cities/NorthAtacoraAttractions.swift /Users/erders/Documents/TravelTap/TravelTap/Data/Countries/Africa/WestAfrica/Benin/Cities/OuidahSlaveRouteAttractions.swift /Users/erders/Documents/TravelTap/TravelTap/Data/Countries/Africa/WestAfrica/Benin/Cities/PortoNovoEastAttractions.swift /Users/erders/Documents/TravelTap/TravelTap/Data/Countries/Africa/WestAfrica/BurkinaFaso/BurkinaFasoPackage.swift /Users/erders/Documents/TravelTap/TravelTap/Data/Countries/Africa/WestAfrica/BurkinaFaso/Cities/BoboDioulassoWestAttractions.swift /Users/erders/Documents/TravelTap/TravelTap/Data/Countries/Africa/WestAfrica/BurkinaFaso/Cities/NorthEastParksAttractions.swift /Users/erders/Documents/TravelTap/TravelTap/Data/Countries/Africa/WestAfrica/BurkinaFaso/Cities/OuagadougouCentralAttractions.swift /Users/erders/Documents/TravelTap/TravelTap/Data/Countries/Africa/WestAfrica/BurkinaFaso/Cities/SouthernParksAttractions.swift /Users/erders/Documents/TravelTap/TravelTap/Data/Countries/Africa/WestAfrica/CapeVerde/CapeVerdePackage.swift /Users/erders/Documents/TravelTap/TravelTap/Data/Countries/Africa/WestAfrica/CapeVerde/Cities/FogoBravaAttractions.swift /Users/erders/Documents/TravelTap/TravelTap/Data/Countries/Africa/WestAfrica/CapeVerde/Cities/SalBoaVistaAttractions.swift /Users/erders/Documents/TravelTap/TravelTap/Data/Countries/Africa/WestAfrica/CapeVerde/Cities/SantiagoMaioAttractions.swift /Users/erders/Documents/TravelTap/TravelTap/Data/Countries/Africa/WestAfrica/CapeVerde/Cities/SaoVicenteSantoAntaoAttractions.swift /Users/erders/Documents/TravelTap/TravelTap/Data/Countries/Africa/WestAfrica/CotedIvoire/Cities/AbidjanSouthAttractions.swift /Users/erders/Documents/TravelTap/TravelTap/Data/Countries/Africa/WestAfrica/CotedIvoire/Cities/CIParksNorthAttractions.swift /Users/erders/Documents/TravelTap/TravelTap/Data/Countries/Africa/WestAfrica/CotedIvoire/Cities/CoastalBeachesAttractions.swift /Users/erders/Documents/TravelTap/TravelTap/Data/Countries/Africa/WestAfrica/CotedIvoire/Cities/ManWestAttractions.swift /Users/erders/Documents/TravelTap/TravelTap/Data/Countries/Africa/WestAfrica/CotedIvoire/CotedIvoirePackage.swift /Users/erders/Documents/TravelTap/TravelTap/Data/Countries/Africa/WestAfrica/Gambia/Cities/BanjulCoastalAttractions.swift /Users/erders/Documents/TravelTap/TravelTap/Data/Countries/Africa/WestAfrica/Gambia/Cities/GambiaBeachesAttractions.swift /Users/erders/Documents/TravelTap/TravelTap/Data/Countries/Africa/WestAfrica/Gambia/Cities/GambiaNatureAttractions.swift /Users/erders/Documents/TravelTap/TravelTap/Data/Countries/Africa/WestAfrica/Gambia/Cities/UpriverHistoricAttractions.swift /Users/erders/Documents/TravelTap/TravelTap/Data/Countries/Africa/WestAfrica/Gambia/GambiaPackage.swift /Users/erders/Documents/TravelTap/TravelTap/Data/Countries/Africa/WestAfrica/Ghana/Cities/AccraGreaterAttractions.swift (in target 'TravelTap' from project 'TravelTap')

SwiftCompile normal arm64 /Users/erders/Documents/TravelTap/TravelTap/Data/Countries/Africa/WestAfrica/Benin/Cities/CotonouSouthAttractions.swift (in target 'TravelTap' from project 'TravelTap')
    cd /Users/erders/Documents/TravelTap
    

SwiftCompile normal arm64 /Users/erders/Documents/TravelTap/TravelTap/Data/Countries/Africa/WestAfrica/Benin/Cities/NorthAtacoraAttractions.swift (in target 'TravelTap' from project 'TravelTap')
    cd /Users/erders/Documents/TravelTap
    

SwiftCompile normal arm64 /Users/erders/Documents/TravelTap/TravelTap/Data/Countries/Africa/WestAfrica/Benin/Cities/OuidahSlaveRouteAttractions.swift (in target 'TravelTap' from project 'TravelTap')
    cd /Users/erders/Documents/TravelTap
    

SwiftCompile normal arm64 /Users/erders/Documents/TravelTap/TravelTap/Data/Countries/Africa/WestAfrica/Benin/Cities/PortoNovoEastAttractions.swift (in target 'TravelTap' from project 'TravelTap')
    cd /Users/erders/Documents/TravelTap
    

SwiftCompile normal arm64 /Users/erders/Documents/TravelTap/TravelTap/Data/Countries/Africa/WestAfrica/BurkinaFaso/BurkinaFasoPackage.swift (in target 'TravelTap' from project 'TravelTap')
    cd /Users/erders/Documents/TravelTap
    

SwiftCompile normal arm64 /Users/erders/Documents/TravelTap/TravelTap/Data/Countries/Africa/WestAfrica/BurkinaFaso/Cities/BoboDioulassoWestAttractions.swift (in target 'TravelTap' from project 'TravelTap')
    cd /Users/erders/Documents/TravelTap
    

SwiftCompile normal arm64 /Users/erders/Documents/TravelTap/TravelTap/Data/Countries/Africa/WestAfrica/BurkinaFaso/Cities/NorthEastParksAttractions.swift (in target 'TravelTap' from project 'TravelTap')
    cd /Users/erders/Documents/TravelTap
    

SwiftCompile normal arm64 /Users/erders/Documents/TravelTap/TravelTap/Data/Countries/Africa/WestAfrica/BurkinaFaso/Cities/OuagadougouCentralAttractions.swift (in target 'TravelTap' from project 'TravelTap')
    cd /Users/erders/Documents/TravelTap
    

SwiftCompile normal arm64 /Users/erders/Documents/TravelTap/TravelTap/Data/Countries/Africa/WestAfrica/BurkinaFaso/Cities/SouthernParksAttractions.swift (in target 'TravelTap' from project 'TravelTap')
    cd /Users/erders/Documents/TravelTap
    

SwiftCompile normal arm64 /Users/erders/Documents/TravelTap/TravelTap/Data/Countries/Africa/WestAfrica/CapeVerde/CapeVerdePackage.swift (in target 'TravelTap' from project 'TravelTap')
    cd /Users/erders/Documents/TravelTap
    

SwiftCompile normal arm64 /Users/erders/Documents/TravelTap/TravelTap/Data/Countries/Africa/WestAfrica/CapeVerde/Cities/FogoBravaAttractions.swift (in target 'TravelTap' from project 'TravelTap')
    cd /Users/erders/Documents/TravelTap
    

SwiftCompile normal arm64 /Users/erders/Documents/TravelTap/TravelTap/Data/Countries/Africa/WestAfrica/CapeVerde/Cities/SalBoaVistaAttractions.swift (in target 'TravelTap' from project 'TravelTap')
    cd /Users/erders/Documents/TravelTap
    

SwiftCompile normal arm64 /Users/erders/Documents/TravelTap/TravelTap/Data/Countries/Africa/WestAfrica/CapeVerde/Cities/SantiagoMaioAttractions.swift (in target 'TravelTap' from project 'TravelTap')
    cd /Users/erders/Documents/TravelTap
    

SwiftCompile normal arm64 /Users/erders/Documents/TravelTap/TravelTap/Data/Countries/Africa/WestAfrica/CapeVerde/Cities/SaoVicenteSantoAntaoAttractions.swift (in target 'TravelTap' from project 'TravelTap')
    cd /Users/erders/Documents/TravelTap
    

SwiftCompile normal arm64 /Users/erders/Documents/TravelTap/TravelTap/Data/Countries/Africa/WestAfrica/CotedIvoire/Cities/AbidjanSouthAttractions.swift (in target 'TravelTap' from project 'TravelTap')
    cd /Users/erders/Documents/TravelTap
    

SwiftCompile normal arm64 /Users/erders/Documents/TravelTap/TravelTap/Data/Countries/Africa/WestAfrica/CotedIvoire/Cities/CIParksNorthAttractions.swift (in target 'TravelTap' from project 'TravelTap')
    cd /Users/erders/Documents/TravelTap
    

SwiftCompile normal arm64 /Users/erders/Documents/TravelTap/TravelTap/Data/Countries/Africa/WestAfrica/CotedIvoire/Cities/CoastalBeachesAttractions.swift (in target 'TravelTap' from project 'TravelTap')
    cd /Users/erders/Documents/TravelTap
    

SwiftCompile normal arm64 /Users/erders/Documents/TravelTap/TravelTap/Data/Countries/Africa/WestAfrica/CotedIvoire/Cities/ManWestAttractions.swift (in target 'TravelTap' from project 'TravelTap')
    cd /Users/erders/Documents/TravelTap
    

SwiftCompile normal arm64 /Users/erders/Documents/TravelTap/TravelTap/Data/Countries/Africa/WestAfrica/CotedIvoire/CotedIvoirePackage.swift (in target 'TravelTap' from project 'TravelTap')
    cd /Users/erders/Documents/TravelTap
    

SwiftCompile normal arm64 /Users/erders/Documents/TravelTap/TravelTap/Data/Countries/Africa/WestAfrica/Gambia/Cities/BanjulCoastalAttractions.swift (in target 'TravelTap' from project 'TravelTap')
    cd /Users/erders/Documents/TravelTap
    

SwiftCompile normal arm64 /Users/erders/Documents/TravelTap/TravelTap/Data/Countries/Africa/WestAfrica/Gambia/Cities/GambiaBeachesAttractions.swift (in target 'TravelTap' from project 'TravelTap')
    cd /Users/erders/Documents/TravelTap
    

SwiftCompile normal arm64 /Users/erders/Documents/TravelTap/TravelTap/Data/Countries/Africa/WestAfrica/Gambia/Cities/GambiaNatureAttractions.swift (in target 'TravelTap' from project 'TravelTap')
    cd /Users/erders/Documents/TravelTap
    

SwiftCompile normal arm64 /Users/erders/Documents/TravelTap/TravelTap/Data/Countries/Africa/WestAfrica/Gambia/Cities/UpriverHistoricAttractions.swift (in target 'TravelTap' from project 'TravelTap')
    cd /Users/erders/Documents/TravelTap
    

SwiftCompile normal arm64 /Users/erders/Documents/TravelTap/TravelTap/Data/Countries/Africa/WestAfrica/Gambia/GambiaPackage.swift (in target 'TravelTap' from project 'TravelTap')
    cd /Users/erders/Documents/TravelTap
    

SwiftCompile normal arm64 /Users/erders/Documents/TravelTap/TravelTap/Data/Countries/Africa/WestAfrica/Ghana/Cities/AccraGreaterAttractions.swift (in target 'TravelTap' from project 'TravelTap')
    cd /Users/erders/Documents/TravelTap
    

SwiftDriverJobDiscovery normal arm64 Compiling GunGaluutAttractions.swift, KhustainAttractions.swift, KhovsgolAttractions.swift, WesternMongoliaAttractions.swift, NorthernMongoliaAttractions.swift, TereljAttractions.swift, GobiAttractions.swift, MongoliaExperiencesAttractions.swift, JaffnaAttractions.swift, AdamsPeakAttractions.swift, NuwaraEliyaAttractions.swift, YalaAttractions.swift, MihintaleAttractions.swift, ArugamBayAttractions.swift, TrincomaleeAttractions.swift, PolonnaruwaAttractions.swift, MirissaAttractions.swift, KitulgalaAttractions.swift, GalleAttractions.swift, HikkaduwaAttractions.swift, YapahuwaAttractions.swift, EllaAttractions.swift, BatticaloaAttractions.swift, AnuradhapuraAttractions.swift, PinnawalaAttractions.swift (in target 'TravelTap' from project 'TravelTap')

SwiftCompile normal arm64 Compiling\ PacificCoastAttractions.swift,\ CopperCanyonAttractions.swift,\ MoreliaAttractions.swift,\ MonterreyAttractions.swift,\ PueblaAttractions.swift,\ PlayaDelCarmenAttractions.swift,\ AcapulcoAttractions.swift,\ TijuanaAttractions.swift,\ MazatlanAttractions.swift,\ GuanajuatoAttractions.swift,\ LosCabosAttractions.swift,\ MeridaMexicoAttractions.swift,\ SouthCoastAttractions.swift,\ SnaefellsnesAttractions.swift,\ GoldenCircleAttractions.swift,\ WestfjordsAttractions.swift,\ WestmanIslandsAttractions.swift,\ NorthwestIcelandAttractions.swift,\ EastIcelandAttractions.swift,\ ReykjanesAttractions.swift,\ HighlandsAttractions.swift,\ IcelandHighlandsAttractions.swift,\ MorondavaAttractions.swift,\ FianarantsoaAttractions.swift,\ AndasibeMantadiaAttractions.swift /Users/erders/Documents/TravelTap/TravelTap/Data/Countries/NorthAmerica/Mexico/Cities/PacificCoastAttractions.swift /Users/erders/Documents/TravelTap/TravelTap/Data/Countries/NorthAmerica/Mexico/Cities/CopperCanyonAttractions.swift /Users/erders/Documents/TravelTap/TravelTap/Data/Countries/NorthAmerica/Mexico/Cities/MoreliaAttractions.swift /Users/erders/Documents/TravelTap/TravelTap/Data/Countries/NorthAmerica/Mexico/Cities/MonterreyAttractions.swift /Users/erders/Documents/TravelTap/TravelTap/Data/Countries/NorthAmerica/Mexico/Cities/PueblaAttractions.swift /Users/erders/Documents/TravelTap/TravelTap/Data/Countries/NorthAmerica/Mexico/Cities/PlayaDelCarmenAttractions.swift /Users/erders/Documents/TravelTap/TravelTap/Data/Countries/NorthAmerica/Mexico/Cities/AcapulcoAttractions.swift /Users/erders/Documents/TravelTap/TravelTap/Data/Countries/NorthAmerica/Mexico/Cities/TijuanaAttractions.swift /Users/erders/Documents/TravelTap/TravelTap/Data/Countries/NorthAmerica/Mexico/Cities/MazatlanAttractions.swift /Users/erders/Documents/TravelTap/TravelTap/Data/Countries/NorthAmerica/Mexico/Cities/GuanajuatoAttractions.swift /Users/erders/Documents/TravelTap/TravelTap/Data/Countries/NorthAmerica/Mexico/Cities/LosCabosAttractions.swift /Users/erders/Documents/TravelTap/TravelTap/Data/Countries/NorthAmerica/Mexico/Cities/MeridaMexicoAttractions.swift /Users/erders/Documents/TravelTap/TravelTap/Data/Countries/Europe/Iceland/Cities/SouthCoastAttractions.swift /Users/erders/Documents/TravelTap/TravelTap/Data/Countries/Europe/Iceland/Cities/SnaefellsnesAttractions.swift /Users/erders/Documents/TravelTap/TravelTap/Data/Countries/Europe/Iceland/Cities/GoldenCircleAttractions.swift /Users/erders/Documents/TravelTap/TravelTap/Data/Countries/Europe/Iceland/Cities/WestfjordsAttractions.swift /Users/erders/Documents/TravelTap/TravelTap/Data/Countries/Europe/Iceland/Cities/WestmanIslandsAttractions.swift /Users/erders/Documents/TravelTap/TravelTap/Data/Countries/Europe/Iceland/Cities/NorthwestIcelandAttractions.swift /Users/erders/Documents/TravelTap/TravelTap/Data/Countries/Europe/Iceland/Cities/EastIcelandAttractions.swift /Users/erders/Documents/TravelTap/TravelTap/Data/Countries/Europe/Iceland/Cities/ReykjanesAttractions.swift /Users/erders/Documents/TravelTap/TravelTap/Data/Countries/Oceania/PapuaNewGuinea/Cities/HighlandsAttractions.swift /Users/erders/Documents/TravelTap/TravelTap/Data/Countries/Europe/Iceland/Cities/IcelandHighlandsAttractions.swift /Users/erders/Documents/TravelTap/TravelTap/Data/Countries/Africa/EastAfrica/Madagascar/Cities/MorondavaAttractions.swift /Users/erders/Documents/TravelTap/TravelTap/Data/Countries/Africa/EastAfrica/Madagascar/Cities/FianarantsoaAttractions.swift /Users/erders/Documents/TravelTap/TravelTap/Data/Countries/Africa/EastAfrica/Madagascar/Cities/AndasibeMantadiaAttractions.swift (in target 'TravelTap' from project 'TravelTap')

SwiftCompile normal arm64 /Users/erders/Documents/TravelTap/TravelTap/Data/Countries/NorthAmerica/Mexico/Cities/PacificCoastAttractions.swift (in target 'TravelTap' from project 'TravelTap')
    cd /Users/erders/Documents/TravelTap
    

SwiftCompile normal arm64 /Users/erders/Documents/TravelTap/TravelTap/Data/Countries/NorthAmerica/Mexico/Cities/CopperCanyonAttractions.swift (in target 'TravelTap' from project 'TravelTap')
    cd /Users/erders/Documents/TravelTap
    

SwiftCompile normal arm64 /Users/erders/Documents/TravelTap/TravelTap/Data/Countries/NorthAmerica/Mexico/Cities/MoreliaAttractions.swift (in target 'TravelTap' from project 'TravelTap')
    cd /Users/erders/Documents/TravelTap
    

SwiftCompile normal arm64 /Users/erders/Documents/TravelTap/TravelTap/Data/Countries/NorthAmerica/Mexico/Cities/MonterreyAttractions.swift (in target 'TravelTap' from project 'TravelTap')
    cd /Users/erders/Documents/TravelTap
    

SwiftCompile normal arm64 /Users/erders/Documents/TravelTap/TravelTap/Data/Countries/NorthAmerica/Mexico/Cities/PueblaAttractions.swift (in target 'TravelTap' from project 'TravelTap')
    cd /Users/erders/Documents/TravelTap
    

SwiftCompile normal arm64 /Users/erders/Documents/TravelTap/TravelTap/Data/Countries/NorthAmerica/Mexico/Cities/PlayaDelCarmenAttractions.swift (in target 'TravelTap' from project 'TravelTap')
    cd /Users/erders/Documents/TravelTap
    

SwiftCompile normal arm64 /Users/erders/Documents/TravelTap/TravelTap/Data/Countries/NorthAmerica/Mexico/Cities/AcapulcoAttractions.swift (in target 'TravelTap' from project 'TravelTap')
    cd /Users/erders/Documents/TravelTap
    

SwiftCompile normal arm64 /Users/erders/Documents/TravelTap/TravelTap/Data/Countries/NorthAmerica/Mexico/Cities/TijuanaAttractions.swift (in target 'TravelTap' from project 'TravelTap')
    cd /Users/erders/Documents/TravelTap
    

SwiftCompile normal arm64 /Users/erders/Documents/TravelTap/TravelTap/Data/Countries/NorthAmerica/Mexico/Cities/MazatlanAttractions.swift (in target 'TravelTap' from project 'TravelTap')
    cd /Users/erders/Documents/TravelTap
    

SwiftCompile normal arm64 /Users/erders/Documents/TravelTap/TravelTap/Data/Countries/NorthAmerica/Mexico/Cities/GuanajuatoAttractions.swift (in target 'TravelTap' from project 'TravelTap')
    cd /Users/erders/Documents/TravelTap
    

SwiftCompile normal arm64 /Users/erders/Documents/TravelTap/TravelTap/Data/Countries/NorthAmerica/Mexico/Cities/LosCabosAttractions.swift (in target 'TravelTap' from project 'TravelTap')
    cd /Users/erders/Documents/TravelTap
    

SwiftCompile normal arm64 /Users/erders/Documents/TravelTap/TravelTap/Data/Countries/NorthAmerica/Mexico/Cities/MeridaMexicoAttractions.swift (in target 'TravelTap' from project 'TravelTap')
    cd /Users/erders/Documents/TravelTap
    

SwiftCompile normal arm64 /Users/erders/Documents/TravelTap/TravelTap/Data/Countries/Europe/Iceland/Cities/SouthCoastAttractions.swift (in target 'TravelTap' from project 'TravelTap')
    cd /Users/erders/Documents/TravelTap
    

SwiftCompile normal arm64 /Users/erders/Documents/TravelTap/TravelTap/Data/Countries/Europe/Iceland/Cities/SnaefellsnesAttractions.swift (in target 'TravelTap' from project 'TravelTap')
    cd /Users/erders/Documents/TravelTap
    

SwiftCompile normal arm64 /Users/erders/Documents/TravelTap/TravelTap/Data/Countries/Europe/Iceland/Cities/GoldenCircleAttractions.swift (in target 'TravelTap' from project 'TravelTap')
    cd /Users/erders/Documents/TravelTap
    

SwiftCompile normal arm64 /Users/erders/Documents/TravelTap/TravelTap/Data/Countries/Europe/Iceland/Cities/WestfjordsAttractions.swift (in target 'TravelTap' from project 'TravelTap')
    cd /Users/erders/Documents/TravelTap
    

SwiftCompile normal arm64 /Users/erders/Documents/TravelTap/TravelTap/Data/Countries/Europe/Iceland/Cities/WestmanIslandsAttractions.swift (in target 'TravelTap' from project 'TravelTap')
    cd /Users/erders/Documents/TravelTap
    

SwiftCompile normal arm64 /Users/erders/Documents/TravelTap/TravelTap/Data/Countries/Europe/Iceland/Cities/NorthwestIcelandAttractions.swift (in target 'TravelTap' from project 'TravelTap')
    cd /Users/erders/Documents/TravelTap
    

SwiftCompile normal arm64 /Users/erders/Documents/TravelTap/TravelTap/Data/Countries/Europe/Iceland/Cities/EastIcelandAttractions.swift (in target 'TravelTap' from project 'TravelTap')
    cd /Users/erders/Documents/TravelTap
    

SwiftCompile normal arm64 /Users/erders/Documents/TravelTap/TravelTap/Data/Countries/Europe/Iceland/Cities/ReykjanesAttractions.swift (in target 'TravelTap' from project 'TravelTap')
    cd /Users/erders/Documents/TravelTap
    

SwiftCompile normal arm64 /Users/erders/Documents/TravelTap/TravelTap/Data/Countries/Oceania/PapuaNewGuinea/Cities/HighlandsAttractions.swift (in target 'TravelTap' from project 'TravelTap')
    cd /Users/erders/Documents/TravelTap
    

SwiftCompile normal arm64 /Users/erders/Documents/TravelTap/TravelTap/Data/Countries/Europe/Iceland/Cities/IcelandHighlandsAttractions.swift (in target 'TravelTap' from project 'TravelTap')
    cd /Users/erders/Documents/TravelTap
    

SwiftCompile normal arm64 /Users/erders/Documents/TravelTap/TravelTap/Data/Countries/Africa/EastAfrica/Madagascar/Cities/MorondavaAttractions.swift (in target 'TravelTap' from project 'TravelTap')
    cd /Users/erders/Documents/TravelTap
    

SwiftCompile normal arm64 /Users/erders/Documents/TravelTap/TravelTap/Data/Countries/Africa/EastAfrica/Madagascar/Cities/FianarantsoaAttractions.swift (in target 'TravelTap' from project 'TravelTap')
    cd /Users/erders/Documents/TravelTap
    

SwiftCompile normal arm64 /Users/erders/Documents/TravelTap/TravelTap/Data/Countries/Africa/EastAfrica/Madagascar/Cities/AndasibeMantadiaAttractions.swift (in target 'TravelTap' from project 'TravelTap')
    cd /Users/erders/Documents/TravelTap
    

SwiftDriverJobDiscovery normal arm64 Compiling EgerAttractions.swift, PecsAttractions.swift, SzentendreAttractions.swift, HungaryPackage.swift, DebrecenAttractions.swift, SzegedAttractions.swift, GyorAttractions.swift, SopronAttractions.swift, EsztergomAttractions.swift, VisegradAttractions.swift, VacAttractions.swift, HollokoAttractions.swift, AggtelekAttractions.swift, BalatonfuredAttractions.swift, TihanyAttractions.swift, SiofokAttractions.swift, KeszthelyAttractions.swift, BadacsonyAttractions.swift, TokajAttractions.swift, MiskolcAttractions.swift, KecskemetAttractions.swift, GyulaAttractions.swift, KalocsaAttractions.swift, PannonhalmaAttractions.swift, FertodAttractions.swift (in target 'TravelTap' from project 'TravelTap')

SwiftCompile normal arm64 Compiling\ CharlestonAttractions.swift,\ ChicagoAttractions.swift,\ ColoradoAttractions.swift,\ FloridaAttractions.swift,\ HawaiiAttractions.swift,\ LasVegasAttractions.swift,\ LosAngelesAttractions.swift,\ MiamiAttractions.swift,\ MontanaAttractions.swift,\ NashvilleAttractions.swift,\ NewMexicoAttractions.swift,\ NewOrleansAttractions.swift,\ NewYorkAttractions.swift,\ NiagaraFallsAttractions.swift,\ OregonAttractions.swift,\ OrlandoAttractions.swift,\ PhiladelphiaAttractions.swift,\ SanDiegoAttractions.swift,\ SanFranciscoAttractions.swift,\ SavannahAttractions.swift,\ SeattleAttractions.swift,\ SouthDakotaAttractions.swift,\ StLouisAttractions.swift,\ TexasAttractions.swift,\ UtahAttractions.swift /Users/erders/Documents/TravelTap/TravelTap/Data/Countries/NorthAmerica/USA/Cities/CharlestonAttractions.swift /Users/erders/Documents/TravelTap/TravelTap/Data/Countries/NorthAmerica/USA/Cities/ChicagoAttractions.swift /Users/erders/Documents/TravelTap/TravelTap/Data/Countries/NorthAmerica/USA/Cities/ColoradoAttractions.swift /Users/erders/Documents/TravelTap/TravelTap/Data/Countries/NorthAmerica/USA/Cities/FloridaAttractions.swift /Users/erders/Documents/TravelTap/TravelTap/Data/Countries/NorthAmerica/USA/Cities/HawaiiAttractions.swift /Users/erders/Documents/TravelTap/TravelTap/Data/Countries/NorthAmerica/USA/Cities/LasVegasAttractions.swift /Users/erders/Documents/TravelTap/TravelTap/Data/Countries/NorthAmerica/USA/Cities/LosAngelesAttractions.swift /Users/erders/Documents/TravelTap/TravelTap/Data/Countries/NorthAmerica/USA/Cities/MiamiAttractions.swift /Users/erders/Documents/TravelTap/TravelTap/Data/Countries/NorthAmerica/USA/Cities/MontanaAttractions.swift /Users/erders/Documents/TravelTap/TravelTap/Data/Countries/NorthAmerica/USA/Cities/NashvilleAttractions.swift /Users/erders/Documents/TravelTap/TravelTap/Data/Countries/NorthAmerica/USA/Cities/NewMexicoAttractions.swift /Users/erders/Documents/TravelTap/TravelTap/Data/Countries/NorthAmerica/USA/Cities/NewOrleansAttractions.swift /Users/erders/Documents/TravelTap/TravelTap/Data/Countries/NorthAmerica/USA/Cities/NewYorkAttractions.swift /Users/erders/Documents/TravelTap/TravelTap/Data/Countries/NorthAmerica/USA/Cities/NiagaraFallsAttractions.swift /Users/erders/Documents/TravelTap/TravelTap/Data/Countries/NorthAmerica/USA/Cities/OregonAttractions.swift /Users/erders/Documents/TravelTap/TravelTap/Data/Countries/NorthAmerica/USA/Cities/OrlandoAttractions.swift /Users/erders/Documents/TravelTap/TravelTap/Data/Countries/NorthAmerica/USA/Cities/PhiladelphiaAttractions.swift /Users/erders/Documents/TravelTap/TravelTap/Data/Countries/NorthAmerica/USA/Cities/SanDiegoAttractions.swift /Users/erders/Documents/TravelTap/TravelTap/Data/Countries/NorthAmerica/USA/Cities/SanFranciscoAttractions.swift /Users/erders/Documents/TravelTap/TravelTap/Data/Countries/NorthAmerica/USA/Cities/SavannahAttractions.swift /Users/erders/Documents/TravelTap/TravelTap/Data/Countries/NorthAmerica/USA/Cities/SeattleAttractions.swift /Users/erders/Documents/TravelTap/TravelTap/Data/Countries/NorthAmerica/USA/Cities/SouthDakotaAttractions.swift /Users/erders/Documents/TravelTap/TravelTap/Data/Countries/NorthAmerica/USA/Cities/StLouisAttractions.swift /Users/erders/Documents/TravelTap/TravelTap/Data/Countries/NorthAmerica/USA/Cities/TexasAttractions.swift /Users/erders/Documents/TravelTap/TravelTap/Data/Countries/NorthAmerica/USA/Cities/UtahAttractions.swift (in target 'TravelTap' from project 'TravelTap')

SwiftCompile normal arm64 /Users/erders/Documents/TravelTap/TravelTap/Data/Countries/NorthAmerica/USA/Cities/CharlestonAttractions.swift (in target 'TravelTap' from project 'TravelTap')
    cd /Users/erders/Documents/TravelTap
    

SwiftCompile normal arm64 /Users/erders/Documents/TravelTap/TravelTap/Data/Countries/NorthAmerica/USA/Cities/ChicagoAttractions.swift (in target 'TravelTap' from project 'TravelTap')
    cd /Users/erders/Documents/TravelTap
    

SwiftCompile normal arm64 /Users/erders/Documents/TravelTap/TravelTap/Data/Countries/NorthAmerica/USA/Cities/ColoradoAttractions.swift (in target 'TravelTap' from project 'TravelTap')
    cd /Users/erders/Documents/TravelTap
    

SwiftCompile normal arm64 /Users/erders/Documents/TravelTap/TravelTap/Data/Countries/NorthAmerica/USA/Cities/FloridaAttractions.swift (in target 'TravelTap' from project 'TravelTap')
    cd /Users/erders/Documents/TravelTap
    

SwiftCompile normal arm64 /Users/erders/Documents/TravelTap/TravelTap/Data/Countries/NorthAmerica/USA/Cities/HawaiiAttractions.swift (in target 'TravelTap' from project 'TravelTap')
    cd /Users/erders/Documents/TravelTap
    

SwiftCompile normal arm64 /Users/erders/Documents/TravelTap/TravelTap/Data/Countries/NorthAmerica/USA/Cities/LasVegasAttractions.swift (in target 'TravelTap' from project 'TravelTap')
    cd /Users/erders/Documents/TravelTap
    

SwiftCompile normal arm64 /Users/erders/Documents/TravelTap/TravelTap/Data/Countries/NorthAmerica/USA/Cities/LosAngelesAttractions.swift (in target 'TravelTap' from project 'TravelTap')
    cd /Users/erders/Documents/TravelTap
    

SwiftCompile normal arm64 /Users/erders/Documents/TravelTap/TravelTap/Data/Countries/NorthAmerica/USA/Cities/MiamiAttractions.swift (in target 'TravelTap' from project 'TravelTap')
    cd /Users/erders/Documents/TravelTap
    

SwiftCompile normal arm64 /Users/erders/Documents/TravelTap/TravelTap/Data/Countries/NorthAmerica/USA/Cities/MontanaAttractions.swift (in target 'TravelTap' from project 'TravelTap')
    cd /Users/erders/Documents/TravelTap
    

SwiftCompile normal arm64 /Users/erders/Documents/TravelTap/TravelTap/Data/Countries/NorthAmerica/USA/Cities/NashvilleAttractions.swift (in target 'TravelTap' from project 'TravelTap')
    cd /Users/erders/Documents/TravelTap
    

SwiftCompile normal arm64 /Users/erders/Documents/TravelTap/TravelTap/Data/Countries/NorthAmerica/USA/Cities/NewMexicoAttractions.swift (in target 'TravelTap' from project 'TravelTap')
    cd /Users/erders/Documents/TravelTap
    

SwiftCompile normal arm64 /Users/erders/Documents/TravelTap/TravelTap/Data/Countries/NorthAmerica/USA/Cities/NewOrleansAttractions.swift (in target 'TravelTap' from project 'TravelTap')
    cd /Users/erders/Documents/TravelTap
    

SwiftCompile normal arm64 /Users/erders/Documents/TravelTap/TravelTap/Data/Countries/NorthAmerica/USA/Cities/NewYorkAttractions.swift (in target 'TravelTap' from project 'TravelTap')
    cd /Users/erders/Documents/TravelTap
    

SwiftCompile normal arm64 /Users/erders/Documents/TravelTap/TravelTap/Data/Countries/NorthAmerica/USA/Cities/NiagaraFallsAttractions.swift (in target 'TravelTap' from project 'TravelTap')
    cd /Users/erders/Documents/TravelTap
    

SwiftCompile normal arm64 /Users/erders/Documents/TravelTap/TravelTap/Data/Countries/NorthAmerica/USA/Cities/OregonAttractions.swift (in target 'TravelTap' from project 'TravelTap')
    cd /Users/erders/Documents/TravelTap
    

SwiftCompile normal arm64 /Users/erders/Documents/TravelTap/TravelTap/Data/Countries/NorthAmerica/USA/Cities/OrlandoAttractions.swift (in target 'TravelTap' from project 'TravelTap')
    cd /Users/erders/Documents/TravelTap
    

SwiftCompile normal arm64 /Users/erders/Documents/TravelTap/TravelTap/Data/Countries/NorthAmerica/USA/Cities/PhiladelphiaAttractions.swift (in target 'TravelTap' from project 'TravelTap')
    cd /Users/erders/Documents/TravelTap
    

SwiftCompile normal arm64 /Users/erders/Documents/TravelTap/TravelTap/Data/Countries/NorthAmerica/USA/Cities/SanDiegoAttractions.swift (in target 'TravelTap' from project 'TravelTap')
    cd /Users/erders/Documents/TravelTap
    

SwiftCompile normal arm64 /Users/erders/Documents/TravelTap/TravelTap/Data/Countries/NorthAmerica/USA/Cities/SanFranciscoAttractions.swift (in target 'TravelTap' from project 'TravelTap')
    cd /Users/erders/Documents/TravelTap
    

SwiftCompile normal arm64 /Users/erders/Documents/TravelTap/TravelTap/Data/Countries/NorthAmerica/USA/Cities/SavannahAttractions.swift (in target 'TravelTap' from project 'TravelTap')
    cd /Users/erders/Documents/TravelTap
    

SwiftCompile normal arm64 /Users/erders/Documents/TravelTap/TravelTap/Data/Countries/NorthAmerica/USA/Cities/SeattleAttractions.swift (in target 'TravelTap' from project 'TravelTap')
    cd /Users/erders/Documents/TravelTap
    

SwiftCompile normal arm64 /Users/erders/Documents/TravelTap/TravelTap/Data/Countries/NorthAmerica/USA/Cities/SouthDakotaAttractions.swift (in target 'TravelTap' from project 'TravelTap')
    cd /Users/erders/Documents/TravelTap
    

SwiftCompile normal arm64 /Users/erders/Documents/TravelTap/TravelTap/Data/Countries/NorthAmerica/USA/Cities/StLouisAttractions.swift (in target 'TravelTap' from project 'TravelTap')
    cd /Users/erders/Documents/TravelTap
    

SwiftCompile normal arm64 /Users/erders/Documents/TravelTap/TravelTap/Data/Countries/NorthAmerica/USA/Cities/TexasAttractions.swift (in target 'TravelTap' from project 'TravelTap')
    cd /Users/erders/Documents/TravelTap
    

SwiftCompile normal arm64 /Users/erders/Documents/TravelTap/TravelTap/Data/Countries/NorthAmerica/USA/Cities/UtahAttractions.swift (in target 'TravelTap' from project 'TravelTap')
    cd /Users/erders/Documents/TravelTap
    

SwiftDriverJobDiscovery normal arm64 Compiling LakeDistrictAttractions.swift, WinchesterAttractions.swift, CoventryAttractions.swift, LincolnAttractions.swift, NorthYorkshireAttractions.swift, SheffieldAttractions.swift, SalisburyAttractions.swift, CornwallAttractions.swift, YorkAttractions.swift, NewcastleAttractions.swift, DevonAttractions.swift, LeicesterAttractions.swift, CanterburyAttractions.swift, ChesterAttractions.swift, CotswoldsAttractions.swift, NottinghamAttractions.swift, DenverAttractions.swift, DetroitAttractions.swift, AustinAttractions.swift, MinneapolisAttractions.swift, PhoenixAttractions.swift, SanAntonioAttractions.swift, EdmontonAttractions.swift, CalgaryAttractions.swift, NiagaraFallsCanadaAttractions.swift (in target 'TravelTap' from project 'TravelTap')

SwiftCompile normal arm64 Compiling\ JaipurAttractions.swift,\ JaisalmerAttractions.swift,\ KeralaAttractions.swift,\ KhajurahoAttractions.swift,\ KolkataAttractions.swift,\ LadakhAttractions.swift,\ MumbaiAttractions.swift,\ MysoreAttractions.swift,\ RishikeshAttractions.swift,\ UdaipurAttractions.swift,\ VaranasiAttractions.swift,\ IndiaPackage.swift,\ AdduAtollAttractions.swift,\ AriAtollAttractions.swift,\ BaaAtollAttractions.swift,\ MaleAttractions.swift,\ NorthMaleAtollAttractions.swift,\ MaldivesPackage.swift,\ AnnapurnaAttractions.swift,\ ChitwanAttractions.swift,\ EverestRegionAttractions.swift,\ KathmanduAttractions.swift,\ LumbiniAttractions.swift,\ PokharaAttractions.swift,\ NepalPackage.swift /Users/erders/Documents/TravelTap/TravelTap/Data/Countries/Asia/SouthAsia/India/Cities/JaipurAttractions.swift /Users/erders/Documents/TravelTap/TravelTap/Data/Countries/Asia/SouthAsia/India/Cities/JaisalmerAttractions.swift /Users/erders/Documents/TravelTap/TravelTap/Data/Countries/Asia/SouthAsia/India/Cities/KeralaAttractions.swift /Users/erders/Documents/TravelTap/TravelTap/Data/Countries/Asia/SouthAsia/India/Cities/KhajurahoAttractions.swift /Users/erders/Documents/TravelTap/TravelTap/Data/Countries/Asia/SouthAsia/India/Cities/KolkataAttractions.swift /Users/erders/Documents/TravelTap/TravelTap/Data/Countries/Asia/SouthAsia/India/Cities/LadakhAttractions.swift /Users/erders/Documents/TravelTap/TravelTap/Data/Countries/Asia/SouthAsia/India/Cities/MumbaiAttractions.swift /Users/erders/Documents/TravelTap/TravelTap/Data/Countries/Asia/SouthAsia/India/Cities/MysoreAttractions.swift /Users/erders/Documents/TravelTap/TravelTap/Data/Countries/Asia/SouthAsia/India/Cities/RishikeshAttractions.swift /Users/erders/Documents/TravelTap/TravelTap/Data/Countries/Asia/SouthAsia/India/Cities/UdaipurAttractions.swift /Users/erders/Documents/TravelTap/TravelTap/Data/Countries/Asia/SouthAsia/India/Cities/VaranasiAttractions.swift /Users/erders/Documents/TravelTap/TravelTap/Data/Countries/Asia/SouthAsia/India/IndiaPackage.swift /Users/erders/Documents/TravelTap/TravelTap/Data/Countries/Asia/SouthAsia/Maldives/Cities/AdduAtollAttractions.swift /Users/erders/Documents/TravelTap/TravelTap/Data/Countries/Asia/SouthAsia/Maldives/Cities/AriAtollAttractions.swift /Users/erders/Documents/TravelTap/TravelTap/Data/Countries/Asia/SouthAsia/Maldives/Cities/BaaAtollAttractions.swift /Users/erders/Documents/TravelTap/TravelTap/Data/Countries/Asia/SouthAsia/Maldives/Cities/MaleAttractions.swift /Users/erders/Documents/TravelTap/TravelTap/Data/Countries/Asia/SouthAsia/Maldives/Cities/NorthMaleAtollAttractions.swift /Users/erders/Documents/TravelTap/TravelTap/Data/Countries/Asia/SouthAsia/Maldives/MaldivesPackage.swift /Users/erders/Documents/TravelTap/TravelTap/Data/Countries/Asia/SouthAsia/Nepal/Cities/AnnapurnaAttractions.swift /Users/erders/Documents/TravelTap/TravelTap/Data/Countries/Asia/SouthAsia/Nepal/Cities/ChitwanAttractions.swift /Users/erders/Documents/TravelTap/TravelTap/Data/Countries/Asia/SouthAsia/Nepal/Cities/EverestRegionAttractions.swift /Users/erders/Documents/TravelTap/TravelTap/Data/Countries/Asia/SouthAsia/Nepal/Cities/KathmanduAttractions.swift /Users/erders/Documents/TravelTap/TravelTap/Data/Countries/Asia/SouthAsia/Nepal/Cities/LumbiniAttractions.swift /Users/erders/Documents/TravelTap/TravelTap/Data/Countries/Asia/SouthAsia/Nepal/Cities/PokharaAttractions.swift /Users/erders/Documents/TravelTap/TravelTap/Data/Countries/Asia/SouthAsia/Nepal/NepalPackage.swift (in target 'TravelTap' from project 'TravelTap')

SwiftCompile normal arm64 /Users/erders/Documents/TravelTap/TravelTap/Data/Countries/Asia/SouthAsia/India/Cities/JaipurAttractions.swift (in target 'TravelTap' from project 'TravelTap')
    cd /Users/erders/Documents/TravelTap
    

SwiftCompile normal arm64 /Users/erders/Documents/TravelTap/TravelTap/Data/Countries/Asia/SouthAsia/India/Cities/JaisalmerAttractions.swift (in target 'TravelTap' from project 'TravelTap')
    cd /Users/erders/Documents/TravelTap
    

SwiftCompile normal arm64 /Users/erders/Documents/TravelTap/TravelTap/Data/Countries/Asia/SouthAsia/India/Cities/KeralaAttractions.swift (in target 'TravelTap' from project 'TravelTap')
    cd /Users/erders/Documents/TravelTap
    

SwiftCompile normal arm64 /Users/erders/Documents/TravelTap/TravelTap/Data/Countries/Asia/SouthAsia/India/Cities/KhajurahoAttractions.swift (in target 'TravelTap' from project 'TravelTap')
    cd /Users/erders/Documents/TravelTap
    

SwiftCompile normal arm64 /Users/erders/Documents/TravelTap/TravelTap/Data/Countries/Asia/SouthAsia/India/Cities/KolkataAttractions.swift (in target 'TravelTap' from project 'TravelTap')
    cd /Users/erders/Documents/TravelTap
    

SwiftCompile normal arm64 /Users/erders/Documents/TravelTap/TravelTap/Data/Countries/Asia/SouthAsia/India/Cities/LadakhAttractions.swift (in target 'TravelTap' from project 'TravelTap')
    cd /Users/erders/Documents/TravelTap
    

SwiftCompile normal arm64 /Users/erders/Documents/TravelTap/TravelTap/Data/Countries/Asia/SouthAsia/India/Cities/MumbaiAttractions.swift (in target 'TravelTap' from project 'TravelTap')
    cd /Users/erders/Documents/TravelTap
    

SwiftCompile normal arm64 /Users/erders/Documents/TravelTap/TravelTap/Data/Countries/Asia/SouthAsia/India/Cities/MysoreAttractions.swift (in target 'TravelTap' from project 'TravelTap')
    cd /Users/erders/Documents/TravelTap
    

SwiftCompile normal arm64 /Users/erders/Documents/TravelTap/TravelTap/Data/Countries/Asia/SouthAsia/India/Cities/RishikeshAttractions.swift (in target 'TravelTap' from project 'TravelTap')
    cd /Users/erders/Documents/TravelTap
    

SwiftCompile normal arm64 /Users/erders/Documents/TravelTap/TravelTap/Data/Countries/Asia/SouthAsia/India/Cities/UdaipurAttractions.swift (in target 'TravelTap' from project 'TravelTap')
    cd /Users/erders/Documents/TravelTap
    

SwiftCompile normal arm64 /Users/erders/Documents/TravelTap/TravelTap/Data/Countries/Asia/SouthAsia/India/Cities/VaranasiAttractions.swift (in target 'TravelTap' from project 'TravelTap')
    cd /Users/erders/Documents/TravelTap
    

SwiftCompile normal arm64 /Users/erders/Documents/TravelTap/TravelTap/Data/Countries/Asia/SouthAsia/India/IndiaPackage.swift (in target 'TravelTap' from project 'TravelTap')
    cd /Users/erders/Documents/TravelTap
    

SwiftCompile normal arm64 /Users/erders/Documents/TravelTap/TravelTap/Data/Countries/Asia/SouthAsia/Maldives/Cities/AdduAtollAttractions.swift (in target 'TravelTap' from project 'TravelTap')
    cd /Users/erders/Documents/TravelTap
    

SwiftCompile normal arm64 /Users/erders/Documents/TravelTap/TravelTap/Data/Countries/Asia/SouthAsia/Maldives/Cities/AriAtollAttractions.swift (in target 'TravelTap' from project 'TravelTap')
    cd /Users/erders/Documents/TravelTap
    

SwiftCompile normal arm64 /Users/erders/Documents/TravelTap/TravelTap/Data/Countries/Asia/SouthAsia/Maldives/Cities/BaaAtollAttractions.swift (in target 'TravelTap' from project 'TravelTap')
    cd /Users/erders/Documents/TravelTap
    

SwiftCompile normal arm64 /Users/erders/Documents/TravelTap/TravelTap/Data/Countries/Asia/SouthAsia/Maldives/Cities/MaleAttractions.swift (in target 'TravelTap' from project 'TravelTap')
    cd /Users/erders/Documents/TravelTap
    

SwiftCompile normal arm64 /Users/erders/Documents/TravelTap/TravelTap/Data/Countries/Asia/SouthAsia/Maldives/Cities/NorthMaleAtollAttractions.swift (in target 'TravelTap' from project 'TravelTap')
    cd /Users/erders/Documents/TravelTap
    

SwiftCompile normal arm64 /Users/erders/Documents/TravelTap/TravelTap/Data/Countries/Asia/SouthAsia/Maldives/MaldivesPackage.swift (in target 'TravelTap' from project 'TravelTap')
    cd /Users/erders/Documents/TravelTap
    

SwiftCompile normal arm64 /Users/erders/Documents/TravelTap/TravelTap/Data/Countries/Asia/SouthAsia/Nepal/Cities/AnnapurnaAttractions.swift (in target 'TravelTap' from project 'TravelTap')
    cd /Users/erders/Documents/TravelTap
    

SwiftCompile normal arm64 /Users/erders/Documents/TravelTap/TravelTap/Data/Countries/Asia/SouthAsia/Nepal/Cities/ChitwanAttractions.swift (in target 'TravelTap' from project 'TravelTap')
    cd /Users/erders/Documents/TravelTap
    

SwiftCompile normal arm64 /Users/erders/Documents/TravelTap/TravelTap/Data/Countries/Asia/SouthAsia/Nepal/Cities/EverestRegionAttractions.swift (in target 'TravelTap' from project 'TravelTap')
    cd /Users/erders/Documents/TravelTap
    

SwiftCompile normal arm64 /Users/erders/Documents/TravelTap/TravelTap/Data/Countries/Asia/SouthAsia/Nepal/Cities/KathmanduAttractions.swift (in target 'TravelTap' from project 'TravelTap')
    cd /Users/erders/Documents/TravelTap
    

SwiftCompile normal arm64 /Users/erders/Documents/TravelTap/TravelTap/Data/Countries/Asia/SouthAsia/Nepal/Cities/LumbiniAttractions.swift (in target 'TravelTap' from project 'TravelTap')
    cd /Users/erders/Documents/TravelTap
    

SwiftCompile normal arm64 /Users/erders/Documents/TravelTap/TravelTap/Data/Countries/Asia/SouthAsia/Nepal/Cities/PokharaAttractions.swift (in target 'TravelTap' from project 'TravelTap')
    cd /Users/erders/Documents/TravelTap
    

SwiftCompile normal arm64 /Users/erders/Documents/TravelTap/TravelTap/Data/Countries/Asia/SouthAsia/Nepal/NepalPackage.swift (in target 'TravelTap' from project 'TravelTap')
    cd /Users/erders/Documents/TravelTap
    

SwiftDriverJobDiscovery normal arm64 Compiling HaarlemAttractions.swift, GroningenAttractions.swift, GoudaAttractions.swift, DeventerAttractions.swift, WaddenIslandsAttractions.swift, AmersfoortAttractions.swift, LeeuwardenAttractions.swift, DordrechtAttractions.swift, NotablePlacesNetherlandsAttractions.swift, DelphiAttractions.swift, LesbosAttractions.swift, KosAttractions.swift, ZakynthosAttractions.swift, SkopelosAttractions.swift, SamosAttractions.swift, HydraAttractions.swift, FolegandrosAttractions.swift, SyrosAttractions.swift, NaxosAttractions.swift, PatmosAttractions.swift, PeloponneseAttractions.swift, KefaloniaAttractions.swift, TinosAttractions.swift, SerifosAttractions.swift, OlympiaAttractions.swift (in target 'TravelTap' from project 'TravelTap')

SwiftCompile normal arm64 Compiling\ BarticaAttractions.swift,\ BerbiceRegionAttractions.swift,\ EssequiboIslandsAttractions.swift,\ GeorgetownAttractions.swift,\ IwokramaForestAttractions.swift,\ KaieteurFallsAttractions.swift,\ LethemAttractions.swift,\ OrinduikFallsAttractions.swift,\ RupununiSavannahAttractions.swift,\ SantaMissionAttractions.swift,\ ShellBeachAttractions.swift,\ SuramaVillageAttractions.swift,\ GuyanaPackage.swift,\ AreguaAttractions.swift,\ AsuncionAttractions.swift,\ CaacupeAttractions.swift,\ CerroCoraAttractions.swift,\ ChacoRegionAttractions.swift,\ CiudadDelEsteAttractions.swift,\ ConcepcionAttractions.swift,\ EncarnacionAttractions.swift,\ JesuitMissionsAttractions.swift,\ ParaguariRegionAttractions.swift,\ PiribebuyAttractions.swift,\ SaltosDelGuairaAttractions.swift /Users/erders/Documents/TravelTap/TravelTap/Data/Countries/SouthAmerica/Guyana/Cities/BarticaAttractions.swift /Users/erders/Documents/TravelTap/TravelTap/Data/Countries/SouthAmerica/Guyana/Cities/BerbiceRegionAttractions.swift /Users/erders/Documents/TravelTap/TravelTap/Data/Countries/SouthAmerica/Guyana/Cities/EssequiboIslandsAttractions.swift /Users/erders/Documents/TravelTap/TravelTap/Data/Countries/SouthAmerica/Guyana/Cities/GeorgetownAttractions.swift /Users/erders/Documents/TravelTap/TravelTap/Data/Countries/SouthAmerica/Guyana/Cities/IwokramaForestAttractions.swift /Users/erders/Documents/TravelTap/TravelTap/Data/Countries/SouthAmerica/Guyana/Cities/KaieteurFallsAttractions.swift /Users/erders/Documents/TravelTap/TravelTap/Data/Countries/SouthAmerica/Guyana/Cities/LethemAttractions.swift /Users/erders/Documents/TravelTap/TravelTap/Data/Countries/SouthAmerica/Guyana/Cities/OrinduikFallsAttractions.swift /Users/erders/Documents/TravelTap/TravelTap/Data/Countries/SouthAmerica/Guyana/Cities/RupununiSavannahAttractions.swift /Users/erders/Documents/TravelTap/TravelTap/Data/Countries/SouthAmerica/Guyana/Cities/SantaMissionAttractions.swift /Users/erders/Documents/TravelTap/TravelTap/Data/Countries/SouthAmerica/Guyana/Cities/ShellBeachAttractions.swift /Users/erders/Documents/TravelTap/TravelTap/Data/Countries/SouthAmerica/Guyana/Cities/SuramaVillageAttractions.swift /Users/erders/Documents/TravelTap/TravelTap/Data/Countries/SouthAmerica/Guyana/GuyanaPackage.swift /Users/erders/Documents/TravelTap/TravelTap/Data/Countries/SouthAmerica/Paraguay/Cities/AreguaAttractions.swift /Users/erders/Documents/TravelTap/TravelTap/Data/Countries/SouthAmerica/Paraguay/Cities/AsuncionAttractions.swift /Users/erders/Documents/TravelTap/TravelTap/Data/Countries/SouthAmerica/Paraguay/Cities/CaacupeAttractions.swift /Users/erders/Documents/TravelTap/TravelTap/Data/Countries/SouthAmerica/Paraguay/Cities/CerroCoraAttractions.swift /Users/erders/Documents/TravelTap/TravelTap/Data/Countries/SouthAmerica/Paraguay/Cities/ChacoRegionAttractions.swift /Users/erders/Documents/TravelTap/TravelTap/Data/Countries/SouthAmerica/Paraguay/Cities/CiudadDelEsteAttractions.swift /Users/erders/Documents/TravelTap/TravelTap/Data/Countries/SouthAmerica/Paraguay/Cities/ConcepcionAttractions.swift /Users/erders/Documents/TravelTap/TravelTap/Data/Countries/SouthAmerica/Paraguay/Cities/EncarnacionAttractions.swift /Users/erders/Documents/TravelTap/TravelTap/Data/Countries/SouthAmerica/Paraguay/Cities/JesuitMissionsAttractions.swift /Users/erders/Documents/TravelTap/TravelTap/Data/Countries/SouthAmerica/Paraguay/Cities/ParaguariRegionAttractions.swift /Users/erders/Documents/TravelTap/TravelTap/Data/Countries/SouthAmerica/Paraguay/Cities/PiribebuyAttractions.swift /Users/erders/Documents/TravelTap/TravelTap/Data/Countries/SouthAmerica/Paraguay/Cities/SaltosDelGuairaAttractions.swift (in target 'TravelTap' from project 'TravelTap')

SwiftCompile normal arm64 /Users/erders/Documents/TravelTap/TravelTap/Data/Countries/SouthAmerica/Guyana/Cities/BarticaAttractions.swift (in target 'TravelTap' from project 'TravelTap')
    cd /Users/erders/Documents/TravelTap
    

SwiftCompile normal arm64 /Users/erders/Documents/TravelTap/TravelTap/Data/Countries/SouthAmerica/Guyana/Cities/BerbiceRegionAttractions.swift (in target 'TravelTap' from project 'TravelTap')
    cd /Users/erders/Documents/TravelTap
    

SwiftCompile normal arm64 /Users/erders/Documents/TravelTap/TravelTap/Data/Countries/SouthAmerica/Guyana/Cities/EssequiboIslandsAttractions.swift (in target 'TravelTap' from project 'TravelTap')
    cd /Users/erders/Documents/TravelTap
    

SwiftCompile normal arm64 /Users/erders/Documents/TravelTap/TravelTap/Data/Countries/SouthAmerica/Guyana/Cities/GeorgetownAttractions.swift (in target 'TravelTap' from project 'TravelTap')
    cd /Users/erders/Documents/TravelTap
    

SwiftCompile normal arm64 /Users/erders/Documents/TravelTap/TravelTap/Data/Countries/SouthAmerica/Guyana/Cities/IwokramaForestAttractions.swift (in target 'TravelTap' from project 'TravelTap')
    cd /Users/erders/Documents/TravelTap
    

SwiftCompile normal arm64 /Users/erders/Documents/TravelTap/TravelTap/Data/Countries/SouthAmerica/Guyana/Cities/KaieteurFallsAttractions.swift (in target 'TravelTap' from project 'TravelTap')
    cd /Users/erders/Documents/TravelTap
    

SwiftCompile normal arm64 /Users/erders/Documents/TravelTap/TravelTap/Data/Countries/SouthAmerica/Guyana/Cities/LethemAttractions.swift (in target 'TravelTap' from project 'TravelTap')
    cd /Users/erders/Documents/TravelTap
    

SwiftCompile normal arm64 /Users/erders/Documents/TravelTap/TravelTap/Data/Countries/SouthAmerica/Guyana/Cities/OrinduikFallsAttractions.swift (in target 'TravelTap' from project 'TravelTap')
    cd /Users/erders/Documents/TravelTap
    

SwiftCompile normal arm64 /Users/erders/Documents/TravelTap/TravelTap/Data/Countries/SouthAmerica/Guyana/Cities/RupununiSavannahAttractions.swift (in target 'TravelTap' from project 'TravelTap')
    cd /Users/erders/Documents/TravelTap
    

SwiftCompile normal arm64 /Users/erders/Documents/TravelTap/TravelTap/Data/Countries/SouthAmerica/Guyana/Cities/SantaMissionAttractions.swift (in target 'TravelTap' from project 'TravelTap')
    cd /Users/erders/Documents/TravelTap
    

SwiftCompile normal arm64 /Users/erders/Documents/TravelTap/TravelTap/Data/Countries/SouthAmerica/Guyana/Cities/ShellBeachAttractions.swift (in target 'TravelTap' from project 'TravelTap')
    cd /Users/erders/Documents/TravelTap
    

SwiftCompile normal arm64 /Users/erders/Documents/TravelTap/TravelTap/Data/Countries/SouthAmerica/Guyana/Cities/SuramaVillageAttractions.swift (in target 'TravelTap' from project 'TravelTap')
    cd /Users/erders/Documents/TravelTap
    

SwiftCompile normal arm64 /Users/erders/Documents/TravelTap/TravelTap/Data/Countries/SouthAmerica/Guyana/GuyanaPackage.swift (in target 'TravelTap' from project 'TravelTap')
    cd /Users/erders/Documents/TravelTap
    

SwiftCompile normal arm64 /Users/erders/Documents/TravelTap/TravelTap/Data/Countries/SouthAmerica/Paraguay/Cities/AreguaAttractions.swift (in target 'TravelTap' from project 'TravelTap')
    cd /Users/erders/Documents/TravelTap
    

SwiftCompile normal arm64 /Users/erders/Documents/TravelTap/TravelTap/Data/Countries/SouthAmerica/Paraguay/Cities/AsuncionAttractions.swift (in target 'TravelTap' from project 'TravelTap')
    cd /Users/erders/Documents/TravelTap
    

SwiftCompile normal arm64 /Users/erders/Documents/TravelTap/TravelTap/Data/Countries/SouthAmerica/Paraguay/Cities/CaacupeAttractions.swift (in target 'TravelTap' from project 'TravelTap')
    cd /Users/erders/Documents/TravelTap
    

SwiftCompile normal arm64 /Users/erders/Documents/TravelTap/TravelTap/Data/Countries/SouthAmerica/Paraguay/Cities/CerroCoraAttractions.swift (in target 'TravelTap' from project 'TravelTap')
    cd /Users/erders/Documents/TravelTap
    

SwiftCompile normal arm64 /Users/erders/Documents/TravelTap/TravelTap/Data/Countries/SouthAmerica/Paraguay/Cities/ChacoRegionAttractions.swift (in target 'TravelTap' from project 'TravelTap')
    cd /Users/erders/Documents/TravelTap
    

SwiftCompile normal arm64 /Users/erders/Documents/TravelTap/TravelTap/Data/Countries/SouthAmerica/Paraguay/Cities/CiudadDelEsteAttractions.swift (in target 'TravelTap' from project 'TravelTap')
    cd /Users/erders/Documents/TravelTap
    

SwiftCompile normal arm64 /Users/erders/Documents/TravelTap/TravelTap/Data/Countries/SouthAmerica/Paraguay/Cities/ConcepcionAttractions.swift (in target 'TravelTap' from project 'TravelTap')
    cd /Users/erders/Documents/TravelTap
    

SwiftCompile normal arm64 /Users/erders/Documents/TravelTap/TravelTap/Data/Countries/SouthAmerica/Paraguay/Cities/EncarnacionAttractions.swift (in target 'TravelTap' from project 'TravelTap')
    cd /Users/erders/Documents/TravelTap
    

SwiftCompile normal arm64 /Users/erders/Documents/TravelTap/TravelTap/Data/Countries/SouthAmerica/Paraguay/Cities/JesuitMissionsAttractions.swift (in target 'TravelTap' from project 'TravelTap')
    cd /Users/erders/Documents/TravelTap
    

SwiftCompile normal arm64 /Users/erders/Documents/TravelTap/TravelTap/Data/Countries/SouthAmerica/Paraguay/Cities/ParaguariRegionAttractions.swift (in target 'TravelTap' from project 'TravelTap')
    cd /Users/erders/Documents/TravelTap
    

SwiftCompile normal arm64 /Users/erders/Documents/TravelTap/TravelTap/Data/Countries/SouthAmerica/Paraguay/Cities/PiribebuyAttractions.swift (in target 'TravelTap' from project 'TravelTap')
    cd /Users/erders/Documents/TravelTap
    

SwiftCompile normal arm64 /Users/erders/Documents/TravelTap/TravelTap/Data/Countries/SouthAmerica/Paraguay/Cities/SaltosDelGuairaAttractions.swift (in target 'TravelTap' from project 'TravelTap')
    cd /Users/erders/Documents/TravelTap
    

SwiftDriverJobDiscovery normal arm64 Compiling KataviAttractions.swift, MafiaIslandAttractions.swift, LakeEyasiAttractions.swift, LakeNatronAttractions.swift, DaresSalaamAttractions.swift, ArushaAttractions.swift, SelousNyerereAttractions.swift, NgorongoroAttractions.swift, SerengetiRegionAttractions.swift, DodomaAttractions.swift, ZanzibarStoneTownAttractions.swift, TarangireAttractions.swift, PembaIslandAttractions.swift, KilwaAttractions.swift, ZanzibarBeachesNatureAttractions.swift, NairobiAttractions.swift, PortLouisNorthAttractions.swift, MauritiusWestSouthAttractions.swift, CentralEastAttractions.swift, SouthEastRodriguesAttractions.swift, BlackRiverAttractions.swift, UnsplashModels.swift, UnsplashManager.swift, GeneratedAssetSymbols.swift (in target 'TravelTap' from project 'TravelTap')

SwiftCompile normal arm64 Compiling\ SeefeldAttractions.swift,\ MayrhofenAttractions.swift,\ StubaitalAttractions.swift,\ OtztalAttractions.swift,\ GrossglocknerAttractions.swift,\ EisenstadtAttractions.swift,\ NeusiedlerSeeAttractions.swift,\ CarinthianLakesAttractions.swift,\ TyrolAttractionsAttractions.swift,\ GrazAttractions.swift,\ HallstattAttractions.swift,\ InnsbruckAttractions.swift,\ SalzburgAttractions.swift,\ ViennaAttractions.swift,\ BelarusPackage.swift,\ BrestAttractions.swift,\ GrodnoAttractions.swift,\ MinskAttractions.swift,\ NesvizhAttractions.swift,\ BelgiumPackage.swift,\ AntwerpAttractions.swift,\ BrugesAttractions.swift,\ BrusselsAttractions.swift,\ GhentAttractions.swift,\ LiegeAttractions.swift /Users/erders/Documents/TravelTap/TravelTap/Data/Countries/Europe/Austria/Cities/SeefeldAttractions.swift /Users/erders/Documents/TravelTap/TravelTap/Data/Countries/Europe/Austria/Cities/MayrhofenAttractions.swift /Users/erders/Documents/TravelTap/TravelTap/Data/Countries/Europe/Austria/Cities/StubaitalAttractions.swift /Users/erders/Documents/TravelTap/TravelTap/Data/Countries/Europe/Austria/Cities/OtztalAttractions.swift /Users/erders/Documents/TravelTap/TravelTap/Data/Countries/Europe/Austria/Cities/GrossglocknerAttractions.swift /Users/erders/Documents/TravelTap/TravelTap/Data/Countries/Europe/Austria/Cities/EisenstadtAttractions.swift /Users/erders/Documents/TravelTap/TravelTap/Data/Countries/Europe/Austria/Cities/NeusiedlerSeeAttractions.swift /Users/erders/Documents/TravelTap/TravelTap/Data/Countries/Europe/Austria/Cities/CarinthianLakesAttractions.swift /Users/erders/Documents/TravelTap/TravelTap/Data/Countries/Europe/Austria/Cities/TyrolAttractionsAttractions.swift /Users/erders/Documents/TravelTap/TravelTap/Data/Countries/Europe/Austria/Cities/GrazAttractions.swift /Users/erders/Documents/TravelTap/TravelTap/Data/Countries/Europe/Austria/Cities/HallstattAttractions.swift /Users/erders/Documents/TravelTap/TravelTap/Data/Countries/Europe/Austria/Cities/InnsbruckAttractions.swift /Users/erders/Documents/TravelTap/TravelTap/Data/Countries/Europe/Austria/Cities/SalzburgAttractions.swift /Users/erders/Documents/TravelTap/TravelTap/Data/Countries/Europe/Austria/Cities/ViennaAttractions.swift /Users/erders/Documents/TravelTap/TravelTap/Data/Countries/Europe/Belarus/BelarusPackage.swift /Users/erders/Documents/TravelTap/TravelTap/Data/Countries/Europe/Belarus/Cities/BrestAttractions.swift /Users/erders/Documents/TravelTap/TravelTap/Data/Countries/Europe/Belarus/Cities/GrodnoAttractions.swift /Users/erders/Documents/TravelTap/TravelTap/Data/Countries/Europe/Belarus/Cities/MinskAttractions.swift /Users/erders/Documents/TravelTap/TravelTap/Data/Countries/Europe/Belarus/Cities/NesvizhAttractions.swift /Users/erders/Documents/TravelTap/TravelTap/Data/Countries/Europe/Belgium/BelgiumPackage.swift /Users/erders/Documents/TravelTap/TravelTap/Data/Countries/Europe/Belgium/Cities/AntwerpAttractions.swift /Users/erders/Documents/TravelTap/TravelTap/Data/Countries/Europe/Belgium/Cities/BrugesAttractions.swift /Users/erders/Documents/TravelTap/TravelTap/Data/Countries/Europe/Belgium/Cities/BrusselsAttractions.swift /Users/erders/Documents/TravelTap/TravelTap/Data/Countries/Europe/Belgium/Cities/GhentAttractions.swift /Users/erders/Documents/TravelTap/TravelTap/Data/Countries/Europe/Belgium/Cities/LiegeAttractions.swift (in target 'TravelTap' from project 'TravelTap')

SwiftCompile normal arm64 /Users/erders/Documents/TravelTap/TravelTap/Data/Countries/Europe/Austria/Cities/SeefeldAttractions.swift (in target 'TravelTap' from project 'TravelTap')
    cd /Users/erders/Documents/TravelTap
    

SwiftCompile normal arm64 /Users/erders/Documents/TravelTap/TravelTap/Data/Countries/Europe/Austria/Cities/MayrhofenAttractions.swift (in target 'TravelTap' from project 'TravelTap')
    cd /Users/erders/Documents/TravelTap
    

SwiftCompile normal arm64 /Users/erders/Documents/TravelTap/TravelTap/Data/Countries/Europe/Austria/Cities/StubaitalAttractions.swift (in target 'TravelTap' from project 'TravelTap')
    cd /Users/erders/Documents/TravelTap
    

SwiftCompile normal arm64 /Users/erders/Documents/TravelTap/TravelTap/Data/Countries/Europe/Austria/Cities/OtztalAttractions.swift (in target 'TravelTap' from project 'TravelTap')
    cd /Users/erders/Documents/TravelTap
    

SwiftCompile normal arm64 /Users/erders/Documents/TravelTap/TravelTap/Data/Countries/Europe/Austria/Cities/GrossglocknerAttractions.swift (in target 'TravelTap' from project 'TravelTap')
    cd /Users/erders/Documents/TravelTap
    

SwiftCompile normal arm64 /Users/erders/Documents/TravelTap/TravelTap/Data/Countries/Europe/Austria/Cities/EisenstadtAttractions.swift (in target 'TravelTap' from project 'TravelTap')
    cd /Users/erders/Documents/TravelTap
    

SwiftCompile normal arm64 /Users/erders/Documents/TravelTap/TravelTap/Data/Countries/Europe/Austria/Cities/NeusiedlerSeeAttractions.swift (in target 'TravelTap' from project 'TravelTap')
    cd /Users/erders/Documents/TravelTap
    

SwiftCompile normal arm64 /Users/erders/Documents/TravelTap/TravelTap/Data/Countries/Europe/Austria/Cities/CarinthianLakesAttractions.swift (in target 'TravelTap' from project 'TravelTap')
    cd /Users/erders/Documents/TravelTap
    

SwiftCompile normal arm64 /Users/erders/Documents/TravelTap/TravelTap/Data/Countries/Europe/Austria/Cities/TyrolAttractionsAttractions.swift (in target 'TravelTap' from project 'TravelTap')
    cd /Users/erders/Documents/TravelTap
    

SwiftCompile normal arm64 /Users/erders/Documents/TravelTap/TravelTap/Data/Countries/Europe/Austria/Cities/GrazAttractions.swift (in target 'TravelTap' from project 'TravelTap')
    cd /Users/erders/Documents/TravelTap
    

SwiftCompile normal arm64 /Users/erders/Documents/TravelTap/TravelTap/Data/Countries/Europe/Austria/Cities/HallstattAttractions.swift (in target 'TravelTap' from project 'TravelTap')
    cd /Users/erders/Documents/TravelTap
    

SwiftCompile normal arm64 /Users/erders/Documents/TravelTap/TravelTap/Data/Countries/Europe/Austria/Cities/InnsbruckAttractions.swift (in target 'TravelTap' from project 'TravelTap')
    cd /Users/erders/Documents/TravelTap
    

SwiftCompile normal arm64 /Users/erders/Documents/TravelTap/TravelTap/Data/Countries/Europe/Austria/Cities/SalzburgAttractions.swift (in target 'TravelTap' from project 'TravelTap')
    cd /Users/erders/Documents/TravelTap
    

SwiftCompile normal arm64 /Users/erders/Documents/TravelTap/TravelTap/Data/Countries/Europe/Austria/Cities/ViennaAttractions.swift (in target 'TravelTap' from project 'TravelTap')
    cd /Users/erders/Documents/TravelTap
    

SwiftCompile normal arm64 /Users/erders/Documents/TravelTap/TravelTap/Data/Countries/Europe/Belarus/BelarusPackage.swift (in target 'TravelTap' from project 'TravelTap')
    cd /Users/erders/Documents/TravelTap
    

SwiftCompile normal arm64 /Users/erders/Documents/TravelTap/TravelTap/Data/Countries/Europe/Belarus/Cities/BrestAttractions.swift (in target 'TravelTap' from project 'TravelTap')
    cd /Users/erders/Documents/TravelTap
    

SwiftCompile normal arm64 /Users/erders/Documents/TravelTap/TravelTap/Data/Countries/Europe/Belarus/Cities/GrodnoAttractions.swift (in target 'TravelTap' from project 'TravelTap')
    cd /Users/erders/Documents/TravelTap
    

SwiftCompile normal arm64 /Users/erders/Documents/TravelTap/TravelTap/Data/Countries/Europe/Belarus/Cities/MinskAttractions.swift (in target 'TravelTap' from project 'TravelTap')
    cd /Users/erders/Documents/TravelTap
    

SwiftCompile normal arm64 /Users/erders/Documents/TravelTap/TravelTap/Data/Countries/Europe/Belarus/Cities/NesvizhAttractions.swift (in target 'TravelTap' from project 'TravelTap')
    cd /Users/erders/Documents/TravelTap
    

SwiftCompile normal arm64 /Users/erders/Documents/TravelTap/TravelTap/Data/Countries/Europe/Belgium/BelgiumPackage.swift (in target 'TravelTap' from project 'TravelTap')
    cd /Users/erders/Documents/TravelTap
    

SwiftCompile normal arm64 /Users/erders/Documents/TravelTap/TravelTap/Data/Countries/Europe/Belgium/Cities/AntwerpAttractions.swift (in target 'TravelTap' from project 'TravelTap')
    cd /Users/erders/Documents/TravelTap
    

SwiftCompile normal arm64 /Users/erders/Documents/TravelTap/TravelTap/Data/Countries/Europe/Belgium/Cities/BrugesAttractions.swift (in target 'TravelTap' from project 'TravelTap')
    cd /Users/erders/Documents/TravelTap
    

SwiftCompile normal arm64 /Users/erders/Documents/TravelTap/TravelTap/Data/Countries/Europe/Belgium/Cities/BrusselsAttractions.swift (in target 'TravelTap' from project 'TravelTap')
    cd /Users/erders/Documents/TravelTap
    

SwiftCompile normal arm64 /Users/erders/Documents/TravelTap/TravelTap/Data/Countries/Europe/Belgium/Cities/GhentAttractions.swift (in target 'TravelTap' from project 'TravelTap')
    cd /Users/erders/Documents/TravelTap
    

SwiftCompile normal arm64 /Users/erders/Documents/TravelTap/TravelTap/Data/Countries/Europe/Belgium/Cities/LiegeAttractions.swift (in target 'TravelTap' from project 'TravelTap')
    cd /Users/erders/Documents/TravelTap
    

SwiftDriverJobDiscovery normal arm64 Compiling KsamilAttractions.swift, ShkoderAttractions.swift, VlkolinecAttractions.swift, OravskyPodzamokAttractions.swift, BardejovAttractions.swift, SpisskePodhradieAttractions.swift, LevocaAttractions.swift, BanskaStiavnicaAttractions.swift, CicmanyAttractions.swift, TrencinAttractions.swift, IstogAttractions.swift, FerizajAttractions.swift, SharrMountainsAttractions.swift, DragashAttractions.swift, MitrovicaAttractions.swift, DecaniAttractions.swift, SkenderajAttractions.swift, LipjanAttractions.swift, VushtrriAttractions.swift, RahovecAttractions.swift, KlinaAttractions.swift, PodujevaAttractions.swift, GjilanAttractions.swift, PtujAttractions.swift (in target 'TravelTap' from project 'TravelTap')

SwiftCompile normal arm64 Compiling\ TaxilaAttractions.swift,\ QuettaAttractions.swift,\ PeshawarAttractions.swift,\ MultanAttractions.swift,\ HistoricalSitesAttractions.swift,\ GilgitBaltistanAttractions.swift,\ AzadKashmirAttractions.swift,\ FaisalabadAttractions.swift,\ GwadarAttractions.swift,\ PenghuAttractions.swift,\ TaitungAttractions.swift,\ OffshoreIslandsAttractions.swift,\ KentingAttractions.swift,\ NewTaipeiAttractions.swift,\ ChiayiAttractions.swift,\ YilanAttractions.swift,\ MersinAttractions.swift,\ BalikesirAttractions.swift,\ RizeArtvinAttractions.swift,\ BoluAttractions.swift,\ PotsdamAttractions.swift,\ BremenAttractions.swift,\ HeidelbergAttractions.swift,\ HonfleurAttractions.swift,\ GivernyAttractions.swift /Users/erders/Documents/TravelTap/TravelTap/Data/Countries/Asia/SouthAsia/Pakistan/Cities/TaxilaAttractions.swift /Users/erders/Documents/TravelTap/TravelTap/Data/Countries/Asia/SouthAsia/Pakistan/Cities/QuettaAttractions.swift /Users/erders/Documents/TravelTap/TravelTap/Data/Countries/Asia/SouthAsia/Pakistan/Cities/PeshawarAttractions.swift /Users/erders/Documents/TravelTap/TravelTap/Data/Countries/Asia/SouthAsia/Pakistan/Cities/MultanAttractions.swift /Users/erders/Documents/TravelTap/TravelTap/Data/Countries/Asia/SouthAsia/Pakistan/Cities/HistoricalSitesAttractions.swift /Users/erders/Documents/TravelTap/TravelTap/Data/Countries/Asia/SouthAsia/Pakistan/Cities/GilgitBaltistanAttractions.swift /Users/erders/Documents/TravelTap/TravelTap/Data/Countries/Asia/SouthAsia/Pakistan/Cities/AzadKashmirAttractions.swift /Users/erders/Documents/TravelTap/TravelTap/Data/Countries/Asia/SouthAsia/Pakistan/Cities/FaisalabadAttractions.swift /Users/erders/Documents/TravelTap/TravelTap/Data/Countries/Asia/SouthAsia/Pakistan/Cities/GwadarAttractions.swift /Users/erders/Documents/TravelTap/TravelTap/Data/Countries/Asia/EastAsia/Taiwan/Cities/PenghuAttractions.swift /Users/erders/Documents/TravelTap/TravelTap/Data/Countries/Asia/EastAsia/Taiwan/Cities/TaitungAttractions.swift /Users/erders/Documents/TravelTap/TravelTap/Data/Countries/Asia/EastAsia/Taiwan/Cities/OffshoreIslandsAttractions.swift /Users/erders/Documents/TravelTap/TravelTap/Data/Countries/Asia/EastAsia/Taiwan/Cities/KentingAttractions.swift /Users/erders/Documents/TravelTap/TravelTap/Data/Countries/Asia/EastAsia/Taiwan/Cities/NewTaipeiAttractions.swift /Users/erders/Documents/TravelTap/TravelTap/Data/Countries/Asia/EastAsia/Taiwan/Cities/ChiayiAttractions.swift /Users/erders/Documents/TravelTap/TravelTap/Data/Countries/Asia/EastAsia/Taiwan/Cities/YilanAttractions.swift /Users/erders/Documents/TravelTap/TravelTap/Data/Countries/Europe/Turkey/Cities/MersinAttractions.swift /Users/erders/Documents/TravelTap/TravelTap/Data/Countries/Europe/Turkey/Cities/BalikesirAttractions.swift /Users/erders/Documents/TravelTap/TravelTap/Data/Countries/Europe/Turkey/Cities/RizeArtvinAttractions.swift /Users/erders/Documents/TravelTap/TravelTap/Data/Countries/Europe/Turkey/Cities/BoluAttractions.swift /Users/erders/Documents/TravelTap/TravelTap/Data/Countries/Europe/Germany/Cities/PotsdamAttractions.swift /Users/erders/Documents/TravelTap/TravelTap/Data/Countries/Europe/Germany/Cities/BremenAttractions.swift /Users/erders/Documents/TravelTap/TravelTap/Data/Countries/Europe/Germany/Cities/HeidelbergAttractions.swift /Users/erders/Documents/TravelTap/TravelTap/Data/Countries/Europe/France/Cities/HonfleurAttractions.swift /Users/erders/Documents/TravelTap/TravelTap/Data/Countries/Europe/France/Cities/GivernyAttractions.swift (in target 'TravelTap' from project 'TravelTap')

SwiftCompile normal arm64 /Users/erders/Documents/TravelTap/TravelTap/Data/Countries/Asia/SouthAsia/Pakistan/Cities/TaxilaAttractions.swift (in target 'TravelTap' from project 'TravelTap')
    cd /Users/erders/Documents/TravelTap
    

SwiftCompile normal arm64 /Users/erders/Documents/TravelTap/TravelTap/Data/Countries/Asia/SouthAsia/Pakistan/Cities/QuettaAttractions.swift (in target 'TravelTap' from project 'TravelTap')
    cd /Users/erders/Documents/TravelTap
    

SwiftCompile normal arm64 /Users/erders/Documents/TravelTap/TravelTap/Data/Countries/Asia/SouthAsia/Pakistan/Cities/PeshawarAttractions.swift (in target 'TravelTap' from project 'TravelTap')
    cd /Users/erders/Documents/TravelTap
    

SwiftCompile normal arm64 /Users/erders/Documents/TravelTap/TravelTap/Data/Countries/Asia/SouthAsia/Pakistan/Cities/MultanAttractions.swift (in target 'TravelTap' from project 'TravelTap')
    cd /Users/erders/Documents/TravelTap
    

SwiftCompile normal arm64 /Users/erders/Documents/TravelTap/TravelTap/Data/Countries/Asia/SouthAsia/Pakistan/Cities/HistoricalSitesAttractions.swift (in target 'TravelTap' from project 'TravelTap')
    cd /Users/erders/Documents/TravelTap
    

SwiftCompile normal arm64 /Users/erders/Documents/TravelTap/TravelTap/Data/Countries/Asia/SouthAsia/Pakistan/Cities/GilgitBaltistanAttractions.swift (in target 'TravelTap' from project 'TravelTap')
    cd /Users/erders/Documents/TravelTap
    

SwiftCompile normal arm64 /Users/erders/Documents/TravelTap/TravelTap/Data/Countries/Asia/SouthAsia/Pakistan/Cities/AzadKashmirAttractions.swift (in target 'TravelTap' from project 'TravelTap')
    cd /Users/erders/Documents/TravelTap
    

SwiftCompile normal arm64 /Users/erders/Documents/TravelTap/TravelTap/Data/Countries/Asia/SouthAsia/Pakistan/Cities/FaisalabadAttractions.swift (in target 'TravelTap' from project 'TravelTap')
    cd /Users/erders/Documents/TravelTap
    

SwiftCompile normal arm64 /Users/erders/Documents/TravelTap/TravelTap/Data/Countries/Asia/SouthAsia/Pakistan/Cities/GwadarAttractions.swift (in target 'TravelTap' from project 'TravelTap')
    cd /Users/erders/Documents/TravelTap
    

SwiftCompile normal arm64 /Users/erders/Documents/TravelTap/TravelTap/Data/Countries/Asia/EastAsia/Taiwan/Cities/PenghuAttractions.swift (in target 'TravelTap' from project 'TravelTap')
    cd /Users/erders/Documents/TravelTap
    

SwiftCompile normal arm64 /Users/erders/Documents/TravelTap/TravelTap/Data/Countries/Asia/EastAsia/Taiwan/Cities/TaitungAttractions.swift (in target 'TravelTap' from project 'TravelTap')
    cd /Users/erders/Documents/TravelTap
    

SwiftCompile normal arm64 /Users/erders/Documents/TravelTap/TravelTap/Data/Countries/Asia/EastAsia/Taiwan/Cities/OffshoreIslandsAttractions.swift (in target 'TravelTap' from project 'TravelTap')
    cd /Users/erders/Documents/TravelTap
    

SwiftCompile normal arm64 /Users/erders/Documents/TravelTap/TravelTap/Data/Countries/Asia/EastAsia/Taiwan/Cities/KentingAttractions.swift (in target 'TravelTap' from project 'TravelTap')
    cd /Users/erders/Documents/TravelTap
    

SwiftCompile normal arm64 /Users/erders/Documents/TravelTap/TravelTap/Data/Countries/Asia/EastAsia/Taiwan/Cities/NewTaipeiAttractions.swift (in target 'TravelTap' from project 'TravelTap')
    cd /Users/erders/Documents/TravelTap
    

SwiftCompile normal arm64 /Users/erders/Documents/TravelTap/TravelTap/Data/Countries/Asia/EastAsia/Taiwan/Cities/ChiayiAttractions.swift (in target 'TravelTap' from project 'TravelTap')
    cd /Users/erders/Documents/TravelTap
    

SwiftCompile normal arm64 /Users/erders/Documents/TravelTap/TravelTap/Data/Countries/Asia/EastAsia/Taiwan/Cities/YilanAttractions.swift (in target 'TravelTap' from project 'TravelTap')
    cd /Users/erders/Documents/TravelTap
    

SwiftCompile normal arm64 /Users/erders/Documents/TravelTap/TravelTap/Data/Countries/Europe/Turkey/Cities/MersinAttractions.swift (in target 'TravelTap' from project 'TravelTap')
    cd /Users/erders/Documents/TravelTap
    

SwiftCompile normal arm64 /Users/erders/Documents/TravelTap/TravelTap/Data/Countries/Europe/Turkey/Cities/BalikesirAttractions.swift (in target 'TravelTap' from project 'TravelTap')
    cd /Users/erders/Documents/TravelTap
    

SwiftCompile normal arm64 /Users/erders/Documents/TravelTap/TravelTap/Data/Countries/Europe/Turkey/Cities/RizeArtvinAttractions.swift (in target 'TravelTap' from project 'TravelTap')
    cd /Users/erders/Documents/TravelTap
    

SwiftCompile normal arm64 /Users/erders/Documents/TravelTap/TravelTap/Data/Countries/Europe/Turkey/Cities/BoluAttractions.swift (in target 'TravelTap' from project 'TravelTap')
    cd /Users/erders/Documents/TravelTap
    

SwiftCompile normal arm64 /Users/erders/Documents/TravelTap/TravelTap/Data/Countries/Europe/Germany/Cities/PotsdamAttractions.swift (in target 'TravelTap' from project 'TravelTap')
    cd /Users/erders/Documents/TravelTap
    

SwiftCompile normal arm64 /Users/erders/Documents/TravelTap/TravelTap/Data/Countries/Europe/Germany/Cities/BremenAttractions.swift (in target 'TravelTap' from project 'TravelTap')
    cd /Users/erders/Documents/TravelTap
    

SwiftCompile normal arm64 /Users/erders/Documents/TravelTap/TravelTap/Data/Countries/Europe/Germany/Cities/HeidelbergAttractions.swift (in target 'TravelTap' from project 'TravelTap')
    cd /Users/erders/Documents/TravelTap
    

SwiftCompile normal arm64 /Users/erders/Documents/TravelTap/TravelTap/Data/Countries/Europe/France/Cities/HonfleurAttractions.swift (in target 'TravelTap' from project 'TravelTap')
    cd /Users/erders/Documents/TravelTap
    

SwiftCompile normal arm64 /Users/erders/Documents/TravelTap/TravelTap/Data/Countries/Europe/France/Cities/GivernyAttractions.swift (in target 'TravelTap' from project 'TravelTap')
    cd /Users/erders/Documents/TravelTap
    

SwiftDriverJobDiscovery normal arm64 Compiling HaitiPackage.swift, CopanRuinasAttractions.swift, GraciasAttractions.swift, GuanajaAttractions.swift, LaCeibaAttractions.swift, RoatanAttractions.swift, TegucigalpaAttractions.swift, TelaAttractions.swift, UtilaAttractions.swift, HondurasPackage.swift, FalmouthAttractions.swift, JamaicaBlueMountainsAttractions.swift, KingstonAttractions.swift, MontegoBayAttractions.swift, NegrilAttractions.swift, OchoRiosAttractions.swift, PortAntonioAttractions.swift, JamaicaPackage.swift, CornIslandsAttractions.swift, ManaguaAttractions.swift, MasayaAttractions.swift, MatagalpaAttractions.swift, NicaraguaGranadaAttractions.swift, OmetepeAttractions.swift, SanJuanDelSurAttractions.swift (in target 'TravelTap' from project 'TravelTap')

SwiftCompile normal arm64 Compiling\ BandarbanAttractions.swift,\ ChittagongAttractions.swift,\ CoxsBazarAttractions.swift,\ DhakaAttractions.swift,\ KhulnaAttractions.swift,\ RajshahiAttractions.swift,\ RangamatiAttractions.swift,\ SonargaonAttractions.swift,\ SylhetAttractions.swift,\ BhutanPackage.swift,\ BumthangAttractions.swift,\ HaaAttractions.swift,\ ParoAttractions.swift,\ PhobjikhaAttractions.swift,\ PhuentsholingAttractions.swift,\ PunakhaAttractions.swift,\ ThimphuAttractions.swift,\ TrongsaAttractions.swift,\ AgraAttractions.swift,\ AmritsarAttractions.swift,\ DarjeelingAttractions.swift,\ DelhiAttractions.swift,\ GoaAttractions.swift,\ HampiAttractions.swift,\ HyderabadAttractions.swift /Users/erders/Documents/TravelTap/TravelTap/Data/Countries/Asia/SouthAsia/Bangladesh/Cities/BandarbanAttractions.swift /Users/erders/Documents/TravelTap/TravelTap/Data/Countries/Asia/SouthAsia/Bangladesh/Cities/ChittagongAttractions.swift /Users/erders/Documents/TravelTap/TravelTap/Data/Countries/Asia/SouthAsia/Bangladesh/Cities/CoxsBazarAttractions.swift /Users/erders/Documents/TravelTap/TravelTap/Data/Countries/Asia/SouthAsia/Bangladesh/Cities/DhakaAttractions.swift /Users/erders/Documents/TravelTap/TravelTap/Data/Countries/Asia/SouthAsia/Bangladesh/Cities/KhulnaAttractions.swift /Users/erders/Documents/TravelTap/TravelTap/Data/Countries/Asia/SouthAsia/Bangladesh/Cities/RajshahiAttractions.swift /Users/erders/Documents/TravelTap/TravelTap/Data/Countries/Asia/SouthAsia/Bangladesh/Cities/RangamatiAttractions.swift /Users/erders/Documents/TravelTap/TravelTap/Data/Countries/Asia/SouthAsia/Bangladesh/Cities/SonargaonAttractions.swift /Users/erders/Documents/TravelTap/TravelTap/Data/Countries/Asia/SouthAsia/Bangladesh/Cities/SylhetAttractions.swift /Users/erders/Documents/TravelTap/TravelTap/Data/Countries/Asia/SouthAsia/Bhutan/BhutanPackage.swift /Users/erders/Documents/TravelTap/TravelTap/Data/Countries/Asia/SouthAsia/Bhutan/Cities/BumthangAttractions.swift /Users/erders/Documents/TravelTap/TravelTap/Data/Countries/Asia/SouthAsia/Bhutan/Cities/HaaAttractions.swift /Users/erders/Documents/TravelTap/TravelTap/Data/Countries/Asia/SouthAsia/Bhutan/Cities/ParoAttractions.swift /Users/erders/Documents/TravelTap/TravelTap/Data/Countries/Asia/SouthAsia/Bhutan/Cities/PhobjikhaAttractions.swift /Users/erders/Documents/TravelTap/TravelTap/Data/Countries/Asia/SouthAsia/Bhutan/Cities/PhuentsholingAttractions.swift /Users/erders/Documents/TravelTap/TravelTap/Data/Countries/Asia/SouthAsia/Bhutan/Cities/PunakhaAttractions.swift /Users/erders/Documents/TravelTap/TravelTap/Data/Countries/Asia/SouthAsia/Bhutan/Cities/ThimphuAttractions.swift /Users/erders/Documents/TravelTap/TravelTap/Data/Countries/Asia/SouthAsia/Bhutan/Cities/TrongsaAttractions.swift /Users/erders/Documents/TravelTap/TravelTap/Data/Countries/Asia/SouthAsia/India/Cities/AgraAttractions.swift /Users/erders/Documents/TravelTap/TravelTap/Data/Countries/Asia/SouthAsia/India/Cities/AmritsarAttractions.swift /Users/erders/Documents/TravelTap/TravelTap/Data/Countries/Asia/SouthAsia/India/Cities/DarjeelingAttractions.swift /Users/erders/Documents/TravelTap/TravelTap/Data/Countries/Asia/SouthAsia/India/Cities/DelhiAttractions.swift /Users/erders/Documents/TravelTap/TravelTap/Data/Countries/Asia/SouthAsia/India/Cities/GoaAttractions.swift /Users/erders/Documents/TravelTap/TravelTap/Data/Countries/Asia/SouthAsia/India/Cities/HampiAttractions.swift /Users/erders/Documents/TravelTap/TravelTap/Data/Countries/Asia/SouthAsia/India/Cities/HyderabadAttractions.swift (in target 'TravelTap' from project 'TravelTap')

SwiftCompile normal arm64 /Users/erders/Documents/TravelTap/TravelTap/Data/Countries/Asia/SouthAsia/Bangladesh/Cities/BandarbanAttractions.swift (in target 'TravelTap' from project 'TravelTap')
    cd /Users/erders/Documents/TravelTap
    

SwiftCompile normal arm64 /Users/erders/Documents/TravelTap/TravelTap/Data/Countries/Asia/SouthAsia/Bangladesh/Cities/ChittagongAttractions.swift (in target 'TravelTap' from project 'TravelTap')
    cd /Users/erders/Documents/TravelTap
    

SwiftCompile normal arm64 /Users/erders/Documents/TravelTap/TravelTap/Data/Countries/Asia/SouthAsia/Bangladesh/Cities/CoxsBazarAttractions.swift (in target 'TravelTap' from project 'TravelTap')
    cd /Users/erders/Documents/TravelTap
    

SwiftCompile normal arm64 /Users/erders/Documents/TravelTap/TravelTap/Data/Countries/Asia/SouthAsia/Bangladesh/Cities/DhakaAttractions.swift (in target 'TravelTap' from project 'TravelTap')
    cd /Users/erders/Documents/TravelTap
    

SwiftCompile normal arm64 /Users/erders/Documents/TravelTap/TravelTap/Data/Countries/Asia/SouthAsia/Bangladesh/Cities/KhulnaAttractions.swift (in target 'TravelTap' from project 'TravelTap')
    cd /Users/erders/Documents/TravelTap
    

SwiftCompile normal arm64 /Users/erders/Documents/TravelTap/TravelTap/Data/Countries/Asia/SouthAsia/Bangladesh/Cities/RajshahiAttractions.swift (in target 'TravelTap' from project 'TravelTap')
    cd /Users/erders/Documents/TravelTap
    

SwiftCompile normal arm64 /Users/erders/Documents/TravelTap/TravelTap/Data/Countries/Asia/SouthAsia/Bangladesh/Cities/RangamatiAttractions.swift (in target 'TravelTap' from project 'TravelTap')
    cd /Users/erders/Documents/TravelTap
    

SwiftCompile normal arm64 /Users/erders/Documents/TravelTap/TravelTap/Data/Countries/Asia/SouthAsia/Bangladesh/Cities/SonargaonAttractions.swift (in target 'TravelTap' from project 'TravelTap')
    cd /Users/erders/Documents/TravelTap
    

SwiftCompile normal arm64 /Users/erders/Documents/TravelTap/TravelTap/Data/Countries/Asia/SouthAsia/Bangladesh/Cities/SylhetAttractions.swift (in target 'TravelTap' from project 'TravelTap')
    cd /Users/erders/Documents/TravelTap
    

SwiftCompile normal arm64 /Users/erders/Documents/TravelTap/TravelTap/Data/Countries/Asia/SouthAsia/Bhutan/BhutanPackage.swift (in target 'TravelTap' from project 'TravelTap')
    cd /Users/erders/Documents/TravelTap
    

SwiftCompile normal arm64 /Users/erders/Documents/TravelTap/TravelTap/Data/Countries/Asia/SouthAsia/Bhutan/Cities/BumthangAttractions.swift (in target 'TravelTap' from project 'TravelTap')
    cd /Users/erders/Documents/TravelTap
    

SwiftCompile normal arm64 /Users/erders/Documents/TravelTap/TravelTap/Data/Countries/Asia/SouthAsia/Bhutan/Cities/HaaAttractions.swift (in target 'TravelTap' from project 'TravelTap')
    cd /Users/erders/Documents/TravelTap
    

SwiftCompile normal arm64 /Users/erders/Documents/TravelTap/TravelTap/Data/Countries/Asia/SouthAsia/Bhutan/Cities/ParoAttractions.swift (in target 'TravelTap' from project 'TravelTap')
    cd /Users/erders/Documents/TravelTap
    

SwiftCompile normal arm64 /Users/erders/Documents/TravelTap/TravelTap/Data/Countries/Asia/SouthAsia/Bhutan/Cities/PhobjikhaAttractions.swift (in target 'TravelTap' from project 'TravelTap')
    cd /Users/erders/Documents/TravelTap
    

SwiftCompile normal arm64 /Users/erders/Documents/TravelTap/TravelTap/Data/Countries/Asia/SouthAsia/Bhutan/Cities/PhuentsholingAttractions.swift (in target 'TravelTap' from project 'TravelTap')
    cd /Users/erders/Documents/TravelTap
    

SwiftCompile normal arm64 /Users/erders/Documents/TravelTap/TravelTap/Data/Countries/Asia/SouthAsia/Bhutan/Cities/PunakhaAttractions.swift (in target 'TravelTap' from project 'TravelTap')
    cd /Users/erders/Documents/TravelTap
    

SwiftCompile normal arm64 /Users/erders/Documents/TravelTap/TravelTap/Data/Countries/Asia/SouthAsia/Bhutan/Cities/ThimphuAttractions.swift (in target 'TravelTap' from project 'TravelTap')
    cd /Users/erders/Documents/TravelTap
    

SwiftCompile normal arm64 /Users/erders/Documents/TravelTap/TravelTap/Data/Countries/Asia/SouthAsia/Bhutan/Cities/TrongsaAttractions.swift (in target 'TravelTap' from project 'TravelTap')
    cd /Users/erders/Documents/TravelTap
    

SwiftCompile normal arm64 /Users/erders/Documents/TravelTap/TravelTap/Data/Countries/Asia/SouthAsia/India/Cities/AgraAttractions.swift (in target 'TravelTap' from project 'TravelTap')
    cd /Users/erders/Documents/TravelTap
    

SwiftCompile normal arm64 /Users/erders/Documents/TravelTap/TravelTap/Data/Countries/Asia/SouthAsia/India/Cities/AmritsarAttractions.swift (in target 'TravelTap' from project 'TravelTap')
    cd /Users/erders/Documents/TravelTap
    

SwiftCompile normal arm64 /Users/erders/Documents/TravelTap/TravelTap/Data/Countries/Asia/SouthAsia/India/Cities/DarjeelingAttractions.swift (in target 'TravelTap' from project 'TravelTap')
    cd /Users/erders/Documents/TravelTap
    

SwiftCompile normal arm64 /Users/erders/Documents/TravelTap/TravelTap/Data/Countries/Asia/SouthAsia/India/Cities/DelhiAttractions.swift (in target 'TravelTap' from project 'TravelTap')
    cd /Users/erders/Documents/TravelTap
    

SwiftCompile normal arm64 /Users/erders/Documents/TravelTap/TravelTap/Data/Countries/Asia/SouthAsia/India/Cities/GoaAttractions.swift (in target 'TravelTap' from project 'TravelTap')
    cd /Users/erders/Documents/TravelTap
    

SwiftCompile normal arm64 /Users/erders/Documents/TravelTap/TravelTap/Data/Countries/Asia/SouthAsia/India/Cities/HampiAttractions.swift (in target 'TravelTap' from project 'TravelTap')
    cd /Users/erders/Documents/TravelTap
    

SwiftCompile normal arm64 /Users/erders/Documents/TravelTap/TravelTap/Data/Countries/Asia/SouthAsia/India/Cities/HyderabadAttractions.swift (in target 'TravelTap' from project 'TravelTap')
    cd /Users/erders/Documents/TravelTap
    

SwiftDriverJobDiscovery normal arm64 Compiling UmeaAttractions.swift, OstersundAttractions.swift, BernAttractions.swift, GenevaAttractions.swift, LucerneAttractions.swift, ZermattAttractions.swift, ZurichAttractions.swift, SwitzerlandPackage.swift, BaselAttractions.swift, InterlakenAttractions.swift, GrindelwaldAttractions.swift, LauterbrunnenAttractions.swift, StMoritzAttractions.swift, DavosAttractions.swift, MontreuxAttractions.swift, LausanneAttractions.swift, LuganoAttractions.swift, LocarnoAttractions.swift, BellinzonaAttractions.swift, ThunAttractions.swift, BrigAttractions.swift, SionAttractions.swift, NeuchatelAttractions.swift, FribourgAttractions.swift, ChurAttractions.swift (in target 'TravelTap' from project 'TravelTap')

SwiftCompile normal arm64 Compiling\ KosraeAttractions.swift,\ PohnpeiAttractions.swift,\ YapAttractions.swift,\ MicronesiaPackage.swift,\ GrandTerreAttractions.swift,\ IsleOfPinesAttractions.swift,\ LoyaltyIslandsAttractions.swift,\ NoumeaAttractions.swift,\ NewCaledoniaPackage.swift,\ AucklandAttractions.swift,\ ChristchurchAttractions.swift,\ NorthlandAttractions.swift,\ QueenstownAttractions.swift,\ RotoruaAttractions.swift,\ SouthIslandAttractions.swift,\ WaikatoAttractions.swift,\ WellingtonAttractions.swift,\ NewZealandPackage.swift,\ BabeldaobAttractions.swift,\ KororAttractions.swift,\ RockIslandsAttractions.swift,\ PalauPackage.swift,\ IslandsAttractions.swift,\ MomaseAttractions.swift,\ PortMoresbyAttractions.swift /Users/erders/Documents/TravelTap/TravelTap/Data/Countries/Oceania/Micronesia/Cities/KosraeAttractions.swift /Users/erders/Documents/TravelTap/TravelTap/Data/Countries/Oceania/Micronesia/Cities/PohnpeiAttractions.swift /Users/erders/Documents/TravelTap/TravelTap/Data/Countries/Oceania/Micronesia/Cities/YapAttractions.swift /Users/erders/Documents/TravelTap/TravelTap/Data/Countries/Oceania/Micronesia/MicronesiaPackage.swift /Users/erders/Documents/TravelTap/TravelTap/Data/Countries/Oceania/NewCaledonia/Cities/GrandTerreAttractions.swift /Users/erders/Documents/TravelTap/TravelTap/Data/Countries/Oceania/NewCaledonia/Cities/IsleOfPinesAttractions.swift /Users/erders/Documents/TravelTap/TravelTap/Data/Countries/Oceania/NewCaledonia/Cities/LoyaltyIslandsAttractions.swift /Users/erders/Documents/TravelTap/TravelTap/Data/Countries/Oceania/NewCaledonia/Cities/NoumeaAttractions.swift /Users/erders/Documents/TravelTap/TravelTap/Data/Countries/Oceania/NewCaledonia/NewCaledoniaPackage.swift /Users/erders/Documents/TravelTap/TravelTap/Data/Countries/Oceania/NewZealand/Cities/AucklandAttractions.swift /Users/erders/Documents/TravelTap/TravelTap/Data/Countries/Oceania/NewZealand/Cities/ChristchurchAttractions.swift /Users/erders/Documents/TravelTap/TravelTap/Data/Countries/Oceania/NewZealand/Cities/NorthlandAttractions.swift /Users/erders/Documents/TravelTap/TravelTap/Data/Countries/Oceania/NewZealand/Cities/QueenstownAttractions.swift /Users/erders/Documents/TravelTap/TravelTap/Data/Countries/Oceania/NewZealand/Cities/RotoruaAttractions.swift /Users/erders/Documents/TravelTap/TravelTap/Data/Countries/Oceania/NewZealand/Cities/SouthIslandAttractions.swift /Users/erders/Documents/TravelTap/TravelTap/Data/Countries/Oceania/NewZealand/Cities/WaikatoAttractions.swift /Users/erders/Documents/TravelTap/TravelTap/Data/Countries/Oceania/NewZealand/Cities/WellingtonAttractions.swift /Users/erders/Documents/TravelTap/TravelTap/Data/Countries/Oceania/NewZealand/NewZealandPackage.swift /Users/erders/Documents/TravelTap/TravelTap/Data/Countries/Oceania/Palau/Cities/BabeldaobAttractions.swift /Users/erders/Documents/TravelTap/TravelTap/Data/Countries/Oceania/Palau/Cities/KororAttractions.swift /Users/erders/Documents/TravelTap/TravelTap/Data/Countries/Oceania/Palau/Cities/RockIslandsAttractions.swift /Users/erders/Documents/TravelTap/TravelTap/Data/Countries/Oceania/Palau/PalauPackage.swift /Users/erders/Documents/TravelTap/TravelTap/Data/Countries/Oceania/PapuaNewGuinea/Cities/IslandsAttractions.swift /Users/erders/Documents/TravelTap/TravelTap/Data/Countries/Oceania/PapuaNewGuinea/Cities/MomaseAttractions.swift /Users/erders/Documents/TravelTap/TravelTap/Data/Countries/Oceania/PapuaNewGuinea/Cities/PortMoresbyAttractions.swift (in target 'TravelTap' from project 'TravelTap')

SwiftCompile normal arm64 /Users/erders/Documents/TravelTap/TravelTap/Data/Countries/Oceania/Micronesia/Cities/KosraeAttractions.swift (in target 'TravelTap' from project 'TravelTap')
    cd /Users/erders/Documents/TravelTap
    

SwiftCompile normal arm64 /Users/erders/Documents/TravelTap/TravelTap/Data/Countries/Oceania/Micronesia/Cities/PohnpeiAttractions.swift (in target 'TravelTap' from project 'TravelTap')
    cd /Users/erders/Documents/TravelTap
    

SwiftCompile normal arm64 /Users/erders/Documents/TravelTap/TravelTap/Data/Countries/Oceania/Micronesia/Cities/YapAttractions.swift (in target 'TravelTap' from project 'TravelTap')
    cd /Users/erders/Documents/TravelTap
    

SwiftCompile normal arm64 /Users/erders/Documents/TravelTap/TravelTap/Data/Countries/Oceania/Micronesia/MicronesiaPackage.swift (in target 'TravelTap' from project 'TravelTap')
    cd /Users/erders/Documents/TravelTap
    

SwiftCompile normal arm64 /Users/erders/Documents/TravelTap/TravelTap/Data/Countries/Oceania/NewCaledonia/Cities/GrandTerreAttractions.swift (in target 'TravelTap' from project 'TravelTap')
    cd /Users/erders/Documents/TravelTap
    

SwiftCompile normal arm64 /Users/erders/Documents/TravelTap/TravelTap/Data/Countries/Oceania/NewCaledonia/Cities/IsleOfPinesAttractions.swift (in target 'TravelTap' from project 'TravelTap')
    cd /Users/erders/Documents/TravelTap
    

SwiftCompile normal arm64 /Users/erders/Documents/TravelTap/TravelTap/Data/Countries/Oceania/NewCaledonia/Cities/LoyaltyIslandsAttractions.swift (in target 'TravelTap' from project 'TravelTap')
    cd /Users/erders/Documents/TravelTap
    

SwiftCompile normal arm64 /Users/erders/Documents/TravelTap/TravelTap/Data/Countries/Oceania/NewCaledonia/Cities/NoumeaAttractions.swift (in target 'TravelTap' from project 'TravelTap')
    cd /Users/erders/Documents/TravelTap
    

SwiftCompile normal arm64 /Users/erders/Documents/TravelTap/TravelTap/Data/Countries/Oceania/NewCaledonia/NewCaledoniaPackage.swift (in target 'TravelTap' from project 'TravelTap')
    cd /Users/erders/Documents/TravelTap
    

SwiftCompile normal arm64 /Users/erders/Documents/TravelTap/TravelTap/Data/Countries/Oceania/NewZealand/Cities/AucklandAttractions.swift (in target 'TravelTap' from project 'TravelTap')
    cd /Users/erders/Documents/TravelTap
    

SwiftCompile normal arm64 /Users/erders/Documents/TravelTap/TravelTap/Data/Countries/Oceania/NewZealand/Cities/ChristchurchAttractions.swift (in target 'TravelTap' from project 'TravelTap')
    cd /Users/erders/Documents/TravelTap
    

SwiftCompile normal arm64 /Users/erders/Documents/TravelTap/TravelTap/Data/Countries/Oceania/NewZealand/Cities/NorthlandAttractions.swift (in target 'TravelTap' from project 'TravelTap')
    cd /Users/erders/Documents/TravelTap
    

SwiftCompile normal arm64 /Users/erders/Documents/TravelTap/TravelTap/Data/Countries/Oceania/NewZealand/Cities/QueenstownAttractions.swift (in target 'TravelTap' from project 'TravelTap')
    cd /Users/erders/Documents/TravelTap
    

SwiftCompile normal arm64 /Users/erders/Documents/TravelTap/TravelTap/Data/Countries/Oceania/NewZealand/Cities/RotoruaAttractions.swift (in target 'TravelTap' from project 'TravelTap')
    cd /Users/erders/Documents/TravelTap
    

SwiftCompile normal arm64 /Users/erders/Documents/TravelTap/TravelTap/Data/Countries/Oceania/NewZealand/Cities/SouthIslandAttractions.swift (in target 'TravelTap' from project 'TravelTap')
    cd /Users/erders/Documents/TravelTap
    

SwiftCompile normal arm64 /Users/erders/Documents/TravelTap/TravelTap/Data/Countries/Oceania/NewZealand/Cities/WaikatoAttractions.swift (in target 'TravelTap' from project 'TravelTap')
    cd /Users/erders/Documents/TravelTap
    

SwiftCompile normal arm64 /Users/erders/Documents/TravelTap/TravelTap/Data/Countries/Oceania/NewZealand/Cities/WellingtonAttractions.swift (in target 'TravelTap' from project 'TravelTap')
    cd /Users/erders/Documents/TravelTap
    

SwiftCompile normal arm64 /Users/erders/Documents/TravelTap/TravelTap/Data/Countries/Oceania/NewZealand/NewZealandPackage.swift (in target 'TravelTap' from project 'TravelTap')
    cd /Users/erders/Documents/TravelTap
    

SwiftCompile normal arm64 /Users/erders/Documents/TravelTap/TravelTap/Data/Countries/Oceania/Palau/Cities/BabeldaobAttractions.swift (in target 'TravelTap' from project 'TravelTap')
    cd /Users/erders/Documents/TravelTap
    

SwiftCompile normal arm64 /Users/erders/Documents/TravelTap/TravelTap/Data/Countries/Oceania/Palau/Cities/KororAttractions.swift (in target 'TravelTap' from project 'TravelTap')
    cd /Users/erders/Documents/TravelTap
    

SwiftCompile normal arm64 /Users/erders/Documents/TravelTap/TravelTap/Data/Countries/Oceania/Palau/Cities/RockIslandsAttractions.swift (in target 'TravelTap' from project 'TravelTap')
    cd /Users/erders/Documents/TravelTap
    

SwiftCompile normal arm64 /Users/erders/Documents/TravelTap/TravelTap/Data/Countries/Oceania/Palau/PalauPackage.swift (in target 'TravelTap' from project 'TravelTap')
    cd /Users/erders/Documents/TravelTap
    

SwiftCompile normal arm64 /Users/erders/Documents/TravelTap/TravelTap/Data/Countries/Oceania/PapuaNewGuinea/Cities/IslandsAttractions.swift (in target 'TravelTap' from project 'TravelTap')
    cd /Users/erders/Documents/TravelTap
    

SwiftCompile normal arm64 /Users/erders/Documents/TravelTap/TravelTap/Data/Countries/Oceania/PapuaNewGuinea/Cities/MomaseAttractions.swift (in target 'TravelTap' from project 'TravelTap')
    cd /Users/erders/Documents/TravelTap
    

SwiftCompile normal arm64 /Users/erders/Documents/TravelTap/TravelTap/Data/Countries/Oceania/PapuaNewGuinea/Cities/PortMoresbyAttractions.swift (in target 'TravelTap' from project 'TravelTap')
    cd /Users/erders/Documents/TravelTap
    

SwiftDriverJobDiscovery normal arm64 Compiling TofinoAttractions.swift, TorontoAttractions.swift, VancouverAttractions.swift, WhistlerAttractions.swift, WhitehorseAttractions.swift, WinnipegAttractions.swift, YellowknifeAttractions.swift, YohoAttractions.swift, BajaCaliforniaAttractions.swift, CancunAttractions.swift, CentralMexicoAttractions.swift, ChiapasAttractions.swift, GuadalajaraAttractions.swift, MexicoCityAttractions.swift, OaxacaAttractions.swift, PuertoVallartaAttractions.swift, SanMiguelAttractions.swift, YucatanAttractions.swift, MexicoPackage.swift, AlaskaAttractions.swift, AppalachiaAttractions.swift, ArizonaAttractions.swift, AtlantaAttractions.swift, BostonAttractions.swift, CaliforniaParksAttractions.swift (in target 'TravelTap' from project 'TravelTap')

SwiftCompile normal arm64 Compiling\ BosniaPackage.swift,\ BlagajAttractions.swift,\ JajceAttractions.swift,\ MostarAttractions.swift,\ SarajevoAttractions.swift,\ BulgariaPackage.swift,\ PlovdivAttractions.swift,\ SofiaAttractions.swift,\ VarnaAttractions.swift,\ VelikoTarnovoAttractions.swift,\ DubrovnikAttractions.swift,\ PlitviceAttractions.swift,\ SplitAttractions.swift,\ ZagrebAttractions.swift,\ CroatiaPackage.swift,\ HvarAttractions.swift,\ KorculaAttractions.swift,\ RovinjAttractions.swift,\ PulaAttractions.swift,\ ZadarAttractions.swift,\ SibenikAttractions.swift,\ KrkaNationalParkAttractions.swift,\ TrogirAttractions.swift,\ MakarskaRivieraAttractions.swift,\ BracAttractions.swift /Users/erders/Documents/TravelTap/TravelTap/Data/Countries/Europe/Bosnia/BosniaPackage.swift /Users/erders/Documents/TravelTap/TravelTap/Data/Countries/Europe/Bosnia/Cities/BlagajAttractions.swift /Users/erders/Documents/TravelTap/TravelTap/Data/Countries/Europe/Bosnia/Cities/JajceAttractions.swift /Users/erders/Documents/TravelTap/TravelTap/Data/Countries/Europe/Bosnia/Cities/MostarAttractions.swift /Users/erders/Documents/TravelTap/TravelTap/Data/Countries/Europe/Bosnia/Cities/SarajevoAttractions.swift /Users/erders/Documents/TravelTap/TravelTap/Data/Countries/Europe/Bulgaria/BulgariaPackage.swift /Users/erders/Documents/TravelTap/TravelTap/Data/Countries/Europe/Bulgaria/Cities/PlovdivAttractions.swift /Users/erders/Documents/TravelTap/TravelTap/Data/Countries/Europe/Bulgaria/Cities/SofiaAttractions.swift /Users/erders/Documents/TravelTap/TravelTap/Data/Countries/Europe/Bulgaria/Cities/VarnaAttractions.swift /Users/erders/Documents/TravelTap/TravelTap/Data/Countries/Europe/Bulgaria/Cities/VelikoTarnovoAttractions.swift /Users/erders/Documents/TravelTap/TravelTap/Data/Countries/Europe/Croatia/Cities/DubrovnikAttractions.swift /Users/erders/Documents/TravelTap/TravelTap/Data/Countries/Europe/Croatia/Cities/PlitviceAttractions.swift /Users/erders/Documents/TravelTap/TravelTap/Data/Countries/Europe/Croatia/Cities/SplitAttractions.swift /Users/erders/Documents/TravelTap/TravelTap/Data/Countries/Europe/Croatia/Cities/ZagrebAttractions.swift /Users/erders/Documents/TravelTap/TravelTap/Data/Countries/Europe/Croatia/CroatiaPackage.swift /Users/erders/Documents/TravelTap/TravelTap/Data/Countries/Europe/Croatia/Cities/HvarAttractions.swift /Users/erders/Documents/TravelTap/TravelTap/Data/Countries/Europe/Croatia/Cities/KorculaAttractions.swift /Users/erders/Documents/TravelTap/TravelTap/Data/Countries/Europe/Croatia/Cities/RovinjAttractions.swift /Users/erders/Documents/TravelTap/TravelTap/Data/Countries/Europe/Croatia/Cities/PulaAttractions.swift /Users/erders/Documents/TravelTap/TravelTap/Data/Countries/Europe/Croatia/Cities/ZadarAttractions.swift /Users/erders/Documents/TravelTap/TravelTap/Data/Countries/Europe/Croatia/Cities/SibenikAttractions.swift /Users/erders/Documents/TravelTap/TravelTap/Data/Countries/Europe/Croatia/Cities/KrkaNationalParkAttractions.swift /Users/erders/Documents/TravelTap/TravelTap/Data/Countries/Europe/Croatia/Cities/TrogirAttractions.swift /Users/erders/Documents/TravelTap/TravelTap/Data/Countries/Europe/Croatia/Cities/MakarskaRivieraAttractions.swift /Users/erders/Documents/TravelTap/TravelTap/Data/Countries/Europe/Croatia/Cities/BracAttractions.swift (in target 'TravelTap' from project 'TravelTap')

SwiftCompile normal arm64 /Users/erders/Documents/TravelTap/TravelTap/Data/Countries/Europe/Bosnia/BosniaPackage.swift (in target 'TravelTap' from project 'TravelTap')
    cd /Users/erders/Documents/TravelTap
    

SwiftCompile normal arm64 /Users/erders/Documents/TravelTap/TravelTap/Data/Countries/Europe/Bosnia/Cities/BlagajAttractions.swift (in target 'TravelTap' from project 'TravelTap')
    cd /Users/erders/Documents/TravelTap
    

SwiftCompile normal arm64 /Users/erders/Documents/TravelTap/TravelTap/Data/Countries/Europe/Bosnia/Cities/JajceAttractions.swift (in target 'TravelTap' from project 'TravelTap')
    cd /Users/erders/Documents/TravelTap
    

SwiftCompile normal arm64 /Users/erders/Documents/TravelTap/TravelTap/Data/Countries/Europe/Bosnia/Cities/MostarAttractions.swift (in target 'TravelTap' from project 'TravelTap')
    cd /Users/erders/Documents/TravelTap
    

SwiftCompile normal arm64 /Users/erders/Documents/TravelTap/TravelTap/Data/Countries/Europe/Bosnia/Cities/SarajevoAttractions.swift (in target 'TravelTap' from project 'TravelTap')
    cd /Users/erders/Documents/TravelTap
    

SwiftCompile normal arm64 /Users/erders/Documents/TravelTap/TravelTap/Data/Countries/Europe/Bulgaria/BulgariaPackage.swift (in target 'TravelTap' from project 'TravelTap')
    cd /Users/erders/Documents/TravelTap
    

SwiftCompile normal arm64 /Users/erders/Documents/TravelTap/TravelTap/Data/Countries/Europe/Bulgaria/Cities/PlovdivAttractions.swift (in target 'TravelTap' from project 'TravelTap')
    cd /Users/erders/Documents/TravelTap
    

SwiftCompile normal arm64 /Users/erders/Documents/TravelTap/TravelTap/Data/Countries/Europe/Bulgaria/Cities/SofiaAttractions.swift (in target 'TravelTap' from project 'TravelTap')
    cd /Users/erders/Documents/TravelTap
    

SwiftCompile normal arm64 /Users/erders/Documents/TravelTap/TravelTap/Data/Countries/Europe/Bulgaria/Cities/VarnaAttractions.swift (in target 'TravelTap' from project 'TravelTap')
    cd /Users/erders/Documents/TravelTap
    

SwiftCompile normal arm64 /Users/erders/Documents/TravelTap/TravelTap/Data/Countries/Europe/Bulgaria/Cities/VelikoTarnovoAttractions.swift (in target 'TravelTap' from project 'TravelTap')
    cd /Users/erders/Documents/TravelTap
    

SwiftCompile normal arm64 /Users/erders/Documents/TravelTap/TravelTap/Data/Countries/Europe/Croatia/Cities/DubrovnikAttractions.swift (in target 'TravelTap' from project 'TravelTap')
    cd /Users/erders/Documents/TravelTap
    

SwiftCompile normal arm64 /Users/erders/Documents/TravelTap/TravelTap/Data/Countries/Europe/Croatia/Cities/PlitviceAttractions.swift (in target 'TravelTap' from project 'TravelTap')
    cd /Users/erders/Documents/TravelTap
    

SwiftCompile normal arm64 /Users/erders/Documents/TravelTap/TravelTap/Data/Countries/Europe/Croatia/Cities/SplitAttractions.swift (in target 'TravelTap' from project 'TravelTap')
    cd /Users/erders/Documents/TravelTap
    

SwiftCompile normal arm64 /Users/erders/Documents/TravelTap/TravelTap/Data/Countries/Europe/Croatia/Cities/ZagrebAttractions.swift (in target 'TravelTap' from project 'TravelTap')
    cd /Users/erders/Documents/TravelTap
    

SwiftCompile normal arm64 /Users/erders/Documents/TravelTap/TravelTap/Data/Countries/Europe/Croatia/CroatiaPackage.swift (in target 'TravelTap' from project 'TravelTap')
    cd /Users/erders/Documents/TravelTap
    

SwiftCompile normal arm64 /Users/erders/Documents/TravelTap/TravelTap/Data/Countries/Europe/Croatia/Cities/HvarAttractions.swift (in target 'TravelTap' from project 'TravelTap')
    cd /Users/erders/Documents/TravelTap
    

SwiftCompile normal arm64 /Users/erders/Documents/TravelTap/TravelTap/Data/Countries/Europe/Croatia/Cities/KorculaAttractions.swift (in target 'TravelTap' from project 'TravelTap')
    cd /Users/erders/Documents/TravelTap
    

SwiftCompile normal arm64 /Users/erders/Documents/TravelTap/TravelTap/Data/Countries/Europe/Croatia/Cities/RovinjAttractions.swift (in target 'TravelTap' from project 'TravelTap')
    cd /Users/erders/Documents/TravelTap
    

SwiftCompile normal arm64 /Users/erders/Documents/TravelTap/TravelTap/Data/Countries/Europe/Croatia/Cities/PulaAttractions.swift (in target 'TravelTap' from project 'TravelTap')
    cd /Users/erders/Documents/TravelTap
    

SwiftCompile normal arm64 /Users/erders/Documents/TravelTap/TravelTap/Data/Countries/Europe/Croatia/Cities/ZadarAttractions.swift (in target 'TravelTap' from project 'TravelTap')
    cd /Users/erders/Documents/TravelTap
    

SwiftCompile normal arm64 /Users/erders/Documents/TravelTap/TravelTap/Data/Countries/Europe/Croatia/Cities/SibenikAttractions.swift (in target 'TravelTap' from project 'TravelTap')
    cd /Users/erders/Documents/TravelTap
    

SwiftCompile normal arm64 /Users/erders/Documents/TravelTap/TravelTap/Data/Countries/Europe/Croatia/Cities/KrkaNationalParkAttractions.swift (in target 'TravelTap' from project 'TravelTap')
    cd /Users/erders/Documents/TravelTap
    

SwiftCompile normal arm64 /Users/erders/Documents/TravelTap/TravelTap/Data/Countries/Europe/Croatia/Cities/TrogirAttractions.swift (in target 'TravelTap' from project 'TravelTap')
    cd /Users/erders/Documents/TravelTap
    

SwiftCompile normal arm64 /Users/erders/Documents/TravelTap/TravelTap/Data/Countries/Europe/Croatia/Cities/MakarskaRivieraAttractions.swift (in target 'TravelTap' from project 'TravelTap')
    cd /Users/erders/Documents/TravelTap
    

SwiftCompile normal arm64 /Users/erders/Documents/TravelTap/TravelTap/Data/Countries/Europe/Croatia/Cities/BracAttractions.swift (in target 'TravelTap' from project 'TravelTap')
    cd /Users/erders/Documents/TravelTap
    

SwiftDriverJobDiscovery normal arm64 Compiling CotonouSouthAttractions.swift, NorthAtacoraAttractions.swift, OuidahSlaveRouteAttractions.swift, PortoNovoEastAttractions.swift, BurkinaFasoPackage.swift, BoboDioulassoWestAttractions.swift, NorthEastParksAttractions.swift, OuagadougouCentralAttractions.swift, SouthernParksAttractions.swift, CapeVerdePackage.swift, FogoBravaAttractions.swift, SalBoaVistaAttractions.swift, SantiagoMaioAttractions.swift, SaoVicenteSantoAntaoAttractions.swift, AbidjanSouthAttractions.swift, CIParksNorthAttractions.swift, CoastalBeachesAttractions.swift, ManWestAttractions.swift, CotedIvoirePackage.swift, BanjulCoastalAttractions.swift, GambiaBeachesAttractions.swift, GambiaNatureAttractions.swift, UpriverHistoricAttractions.swift, GambiaPackage.swift, AccraGreaterAttractions.swift (in target 'TravelTap' from project 'TravelTap')

SwiftCompile normal arm64 Compiling\ PuntaGordaAttractions.swift,\ SanIgnacioAttractions.swift,\ SanPedroAttractions.swift,\ CaymanIslandsPackage.swift,\ BoddenTownAttractions.swift,\ CaymanBracAttractions.swift,\ EastEndAttractions.swift,\ GeorgeTownAttractions.swift,\ LittleCaymanAttractions.swift,\ NorthSideAttractions.swift,\ WestBayAttractions.swift,\ CartagoAttractions.swift,\ HerediaAttractions.swift,\ LaFortunaAttractions.swift,\ LiberiaAttractions.swift,\ MonteverdeAttractions.swift,\ PuertoJimenezAttractions.swift,\ PuertoViejoAttractions.swift,\ QueposAttractions.swift,\ SanJoseAttractions.swift,\ SantaTeresaAttractions.swift,\ TortugueroAttractions.swift,\ CostaRicaPackage.swift,\ BaracoaAttractions.swift,\ CamagueyAttractions.swift /Users/erders/Documents/TravelTap/TravelTap/Data/Countries/CentralAmerica/Belize/Cities/PuntaGordaAttractions.swift /Users/erders/Documents/TravelTap/TravelTap/Data/Countries/CentralAmerica/Belize/Cities/SanIgnacioAttractions.swift /Users/erders/Documents/TravelTap/TravelTap/Data/Countries/CentralAmerica/Belize/Cities/SanPedroAttractions.swift /Users/erders/Documents/TravelTap/TravelTap/Data/Countries/CentralAmerica/CaymanIslands/CaymanIslandsPackage.swift /Users/erders/Documents/TravelTap/TravelTap/Data/Countries/CentralAmerica/CaymanIslands/Cities/BoddenTownAttractions.swift /Users/erders/Documents/TravelTap/TravelTap/Data/Countries/CentralAmerica/CaymanIslands/Cities/CaymanBracAttractions.swift /Users/erders/Documents/TravelTap/TravelTap/Data/Countries/CentralAmerica/CaymanIslands/Cities/EastEndAttractions.swift /Users/erders/Documents/TravelTap/TravelTap/Data/Countries/CentralAmerica/CaymanIslands/Cities/GeorgeTownAttractions.swift /Users/erders/Documents/TravelTap/TravelTap/Data/Countries/CentralAmerica/CaymanIslands/Cities/LittleCaymanAttractions.swift /Users/erders/Documents/TravelTap/TravelTap/Data/Countries/CentralAmerica/CaymanIslands/Cities/NorthSideAttractions.swift /Users/erders/Documents/TravelTap/TravelTap/Data/Countries/CentralAmerica/CaymanIslands/Cities/WestBayAttractions.swift /Users/erders/Documents/TravelTap/TravelTap/Data/Countries/CentralAmerica/CostaRica/Cities/CartagoAttractions.swift /Users/erders/Documents/TravelTap/TravelTap/Data/Countries/CentralAmerica/CostaRica/Cities/HerediaAttractions.swift /Users/erders/Documents/TravelTap/TravelTap/Data/Countries/CentralAmerica/CostaRica/Cities/LaFortunaAttractions.swift /Users/erders/Documents/TravelTap/TravelTap/Data/Countries/CentralAmerica/CostaRica/Cities/LiberiaAttractions.swift /Users/erders/Documents/TravelTap/TravelTap/Data/Countries/CentralAmerica/CostaRica/Cities/MonteverdeAttractions.swift /Users/erders/Documents/TravelTap/TravelTap/Data/Countries/CentralAmerica/CostaRica/Cities/PuertoJimenezAttractions.swift /Users/erders/Documents/TravelTap/TravelTap/Data/Countries/CentralAmerica/CostaRica/Cities/PuertoViejoAttractions.swift /Users/erders/Documents/TravelTap/TravelTap/Data/Countries/CentralAmerica/CostaRica/Cities/QueposAttractions.swift /Users/erders/Documents/TravelTap/TravelTap/Data/Countries/CentralAmerica/CostaRica/Cities/SanJoseAttractions.swift /Users/erders/Documents/TravelTap/TravelTap/Data/Countries/CentralAmerica/CostaRica/Cities/SantaTeresaAttractions.swift /Users/erders/Documents/TravelTap/TravelTap/Data/Countries/CentralAmerica/CostaRica/Cities/TortugueroAttractions.swift /Users/erders/Documents/TravelTap/TravelTap/Data/Countries/CentralAmerica/CostaRica/CostaRicaPackage.swift /Users/erders/Documents/TravelTap/TravelTap/Data/Countries/CentralAmerica/Cuba/Cities/BaracoaAttractions.swift /Users/erders/Documents/TravelTap/TravelTap/Data/Countries/CentralAmerica/Cuba/Cities/CamagueyAttractions.swift (in target 'TravelTap' from project 'TravelTap')

SwiftCompile normal arm64 /Users/erders/Documents/TravelTap/TravelTap/Data/Countries/CentralAmerica/Belize/Cities/PuntaGordaAttractions.swift (in target 'TravelTap' from project 'TravelTap')
    cd /Users/erders/Documents/TravelTap
    

SwiftCompile normal arm64 /Users/erders/Documents/TravelTap/TravelTap/Data/Countries/CentralAmerica/Belize/Cities/SanIgnacioAttractions.swift (in target 'TravelTap' from project 'TravelTap')
    cd /Users/erders/Documents/TravelTap
    

SwiftCompile normal arm64 /Users/erders/Documents/TravelTap/TravelTap/Data/Countries/CentralAmerica/Belize/Cities/SanPedroAttractions.swift (in target 'TravelTap' from project 'TravelTap')
    cd /Users/erders/Documents/TravelTap
    

SwiftCompile normal arm64 /Users/erders/Documents/TravelTap/TravelTap/Data/Countries/CentralAmerica/CaymanIslands/CaymanIslandsPackage.swift (in target 'TravelTap' from project 'TravelTap')
    cd /Users/erders/Documents/TravelTap
    

SwiftCompile normal arm64 /Users/erders/Documents/TravelTap/TravelTap/Data/Countries/CentralAmerica/CaymanIslands/Cities/BoddenTownAttractions.swift (in target 'TravelTap' from project 'TravelTap')
    cd /Users/erders/Documents/TravelTap
    

SwiftCompile normal arm64 /Users/erders/Documents/TravelTap/TravelTap/Data/Countries/CentralAmerica/CaymanIslands/Cities/CaymanBracAttractions.swift (in target 'TravelTap' from project 'TravelTap')
    cd /Users/erders/Documents/TravelTap
    

SwiftCompile normal arm64 /Users/erders/Documents/TravelTap/TravelTap/Data/Countries/CentralAmerica/CaymanIslands/Cities/EastEndAttractions.swift (in target 'TravelTap' from project 'TravelTap')
    cd /Users/erders/Documents/TravelTap
    

SwiftCompile normal arm64 /Users/erders/Documents/TravelTap/TravelTap/Data/Countries/CentralAmerica/CaymanIslands/Cities/GeorgeTownAttractions.swift (in target 'TravelTap' from project 'TravelTap')
    cd /Users/erders/Documents/TravelTap
    

SwiftCompile normal arm64 /Users/erders/Documents/TravelTap/TravelTap/Data/Countries/CentralAmerica/CaymanIslands/Cities/LittleCaymanAttractions.swift (in target 'TravelTap' from project 'TravelTap')
    cd /Users/erders/Documents/TravelTap
    

SwiftCompile normal arm64 /Users/erders/Documents/TravelTap/TravelTap/Data/Countries/CentralAmerica/CaymanIslands/Cities/NorthSideAttractions.swift (in target 'TravelTap' from project 'TravelTap')
    cd /Users/erders/Documents/TravelTap
    

SwiftCompile normal arm64 /Users/erders/Documents/TravelTap/TravelTap/Data/Countries/CentralAmerica/CaymanIslands/Cities/WestBayAttractions.swift (in target 'TravelTap' from project 'TravelTap')
    cd /Users/erders/Documents/TravelTap
    

SwiftCompile normal arm64 /Users/erders/Documents/TravelTap/TravelTap/Data/Countries/CentralAmerica/CostaRica/Cities/CartagoAttractions.swift (in target 'TravelTap' from project 'TravelTap')
    cd /Users/erders/Documents/TravelTap
    

SwiftCompile normal arm64 /Users/erders/Documents/TravelTap/TravelTap/Data/Countries/CentralAmerica/CostaRica/Cities/HerediaAttractions.swift (in target 'TravelTap' from project 'TravelTap')
    cd /Users/erders/Documents/TravelTap
    

SwiftCompile normal arm64 /Users/erders/Documents/TravelTap/TravelTap/Data/Countries/CentralAmerica/CostaRica/Cities/LaFortunaAttractions.swift (in target 'TravelTap' from project 'TravelTap')
    cd /Users/erders/Documents/TravelTap
    

SwiftCompile normal arm64 /Users/erders/Documents/TravelTap/TravelTap/Data/Countries/CentralAmerica/CostaRica/Cities/LiberiaAttractions.swift (in target 'TravelTap' from project 'TravelTap')
    cd /Users/erders/Documents/TravelTap
    

SwiftCompile normal arm64 /Users/erders/Documents/TravelTap/TravelTap/Data/Countries/CentralAmerica/CostaRica/Cities/MonteverdeAttractions.swift (in target 'TravelTap' from project 'TravelTap')
    cd /Users/erders/Documents/TravelTap
    

SwiftCompile normal arm64 /Users/erders/Documents/TravelTap/TravelTap/Data/Countries/CentralAmerica/CostaRica/Cities/PuertoJimenezAttractions.swift (in target 'TravelTap' from project 'TravelTap')
    cd /Users/erders/Documents/TravelTap
    

SwiftCompile normal arm64 /Users/erders/Documents/TravelTap/TravelTap/Data/Countries/CentralAmerica/CostaRica/Cities/PuertoViejoAttractions.swift (in target 'TravelTap' from project 'TravelTap')
    cd /Users/erders/Documents/TravelTap
    

SwiftCompile normal arm64 /Users/erders/Documents/TravelTap/TravelTap/Data/Countries/CentralAmerica/CostaRica/Cities/QueposAttractions.swift (in target 'TravelTap' from project 'TravelTap')
    cd /Users/erders/Documents/TravelTap
    

SwiftCompile normal arm64 /Users/erders/Documents/TravelTap/TravelTap/Data/Countries/CentralAmerica/CostaRica/Cities/SanJoseAttractions.swift (in target 'TravelTap' from project 'TravelTap')
    cd /Users/erders/Documents/TravelTap
    

SwiftCompile normal arm64 /Users/erders/Documents/TravelTap/TravelTap/Data/Countries/CentralAmerica/CostaRica/Cities/SantaTeresaAttractions.swift (in target 'TravelTap' from project 'TravelTap')
    cd /Users/erders/Documents/TravelTap
    

SwiftCompile normal arm64 /Users/erders/Documents/TravelTap/TravelTap/Data/Countries/CentralAmerica/CostaRica/Cities/TortugueroAttractions.swift (in target 'TravelTap' from project 'TravelTap')
    cd /Users/erders/Documents/TravelTap
    

SwiftCompile normal arm64 /Users/erders/Documents/TravelTap/TravelTap/Data/Countries/CentralAmerica/CostaRica/CostaRicaPackage.swift (in target 'TravelTap' from project 'TravelTap')
    cd /Users/erders/Documents/TravelTap
    

SwiftCompile normal arm64 /Users/erders/Documents/TravelTap/TravelTap/Data/Countries/CentralAmerica/Cuba/Cities/BaracoaAttractions.swift (in target 'TravelTap' from project 'TravelTap')
    cd /Users/erders/Documents/TravelTap
    

SwiftCompile normal arm64 /Users/erders/Documents/TravelTap/TravelTap/Data/Countries/CentralAmerica/Cuba/Cities/CamagueyAttractions.swift (in target 'TravelTap' from project 'TravelTap')
    cd /Users/erders/Documents/TravelTap
    

SwiftDriverJobDiscovery normal arm64 Compiling BucketListCityView.swift, AppInfoView.swift, TravelStatsCardView.swift, AngolaPackage.swift, BenguelaAttractions.swift, HuilaAttractions.swift, KwanzaNorteAttractions.swift, LuandaAttractions.swift, MalanjeAttractions.swift, MbanzaKongoAttractions.swift, MoxicoAttractions.swift, NamibeAttractions.swift, CameroonPackage.swift, DoualaAttractions.swift, NorthAttractions.swift, SouthAttractions.swift, SouthWestAttractions.swift, WestNorthWestAttractions.swift, YaoundeAttractions.swift, CentralAfricanRepublicPackage.swift, BanguiAttractions.swift, BoaliAttractions.swift, CentralCARAttractions.swift, DzangaSanghaAttractions.swift, NorthernParksAttractions.swift (in target 'TravelTap' from project 'TravelTap')

SwiftCompile normal arm64 Compiling\ AricaAttractions.swift,\ CarreteraAustralAttractions.swift,\ ChiloeIslandAttractions.swift,\ ColchaguaValleyAttractions.swift,\ EasterIslandAttractions.swift,\ IquiqueAttractions.swift,\ LaSerenaElquiValleyAttractions.swift,\ PuconVillarricaAttractions.swift,\ PuertoNatalesAttractions.swift,\ PuertoVarasLakeDistrictAttractions.swift,\ PuntaArenasAttractions.swift,\ SanPedroDeAtacamaAttractions.swift,\ SantiagoAttractions.swift,\ TierraDelFuegoAttractions.swift,\ TorresDelPaineAttractions.swift,\ ValparaisoAttractions.swift,\ VinaDelMarAttractions.swift,\ AmazonLeticiaAttractions.swift,\ BaricharaAttractions.swift,\ BogotaAttractions.swift,\ CaliAttractions.swift,\ CapurganaSapzurroAttractions.swift,\ CartagenaAttractions.swift,\ CoffeeRegionAttractions.swift,\ MedellinAttractions.swift /Users/erders/Documents/TravelTap/TravelTap/Data/Countries/SouthAmerica/Chile/Cities/AricaAttractions.swift /Users/erders/Documents/TravelTap/TravelTap/Data/Countries/SouthAmerica/Chile/Cities/CarreteraAustralAttractions.swift /Users/erders/Documents/TravelTap/TravelTap/Data/Countries/SouthAmerica/Chile/Cities/ChiloeIslandAttractions.swift /Users/erders/Documents/TravelTap/TravelTap/Data/Countries/SouthAmerica/Chile/Cities/ColchaguaValleyAttractions.swift /Users/erders/Documents/TravelTap/TravelTap/Data/Countries/SouthAmerica/Chile/Cities/EasterIslandAttractions.swift /Users/erders/Documents/TravelTap/TravelTap/Data/Countries/SouthAmerica/Chile/Cities/IquiqueAttractions.swift /Users/erders/Documents/TravelTap/TravelTap/Data/Countries/SouthAmerica/Chile/Cities/LaSerenaElquiValleyAttractions.swift /Users/erders/Documents/TravelTap/TravelTap/Data/Countries/SouthAmerica/Chile/Cities/PuconVillarricaAttractions.swift /Users/erders/Documents/TravelTap/TravelTap/Data/Countries/SouthAmerica/Chile/Cities/PuertoNatalesAttractions.swift /Users/erders/Documents/TravelTap/TravelTap/Data/Countries/SouthAmerica/Chile/Cities/PuertoVarasLakeDistrictAttractions.swift /Users/erders/Documents/TravelTap/TravelTap/Data/Countries/SouthAmerica/Chile/Cities/PuntaArenasAttractions.swift /Users/erders/Documents/TravelTap/TravelTap/Data/Countries/SouthAmerica/Chile/Cities/SanPedroDeAtacamaAttractions.swift /Users/erders/Documents/TravelTap/TravelTap/Data/Countries/SouthAmerica/Chile/Cities/SantiagoAttractions.swift /Users/erders/Documents/TravelTap/TravelTap/Data/Countries/SouthAmerica/Chile/Cities/TierraDelFuegoAttractions.swift /Users/erders/Documents/TravelTap/TravelTap/Data/Countries/SouthAmerica/Chile/Cities/TorresDelPaineAttractions.swift /Users/erders/Documents/TravelTap/TravelTap/Data/Countries/SouthAmerica/Chile/Cities/ValparaisoAttractions.swift /Users/erders/Documents/TravelTap/TravelTap/Data/Countries/SouthAmerica/Chile/Cities/VinaDelMarAttractions.swift /Users/erders/Documents/TravelTap/TravelTap/Data/Countries/SouthAmerica/Colombia/Cities/AmazonLeticiaAttractions.swift /Users/erders/Documents/TravelTap/TravelTap/Data/Countries/SouthAmerica/Colombia/Cities/BaricharaAttractions.swift /Users/erders/Documents/TravelTap/TravelTap/Data/Countries/SouthAmerica/Colombia/Cities/BogotaAttractions.swift /Users/erders/Documents/TravelTap/TravelTap/Data/Countries/SouthAmerica/Colombia/Cities/CaliAttractions.swift /Users/erders/Documents/TravelTap/TravelTap/Data/Countries/SouthAmerica/Colombia/Cities/CapurganaSapzurroAttractions.swift /Users/erders/Documents/TravelTap/TravelTap/Data/Countries/SouthAmerica/Colombia/Cities/CartagenaAttractions.swift /Users/erders/Documents/TravelTap/TravelTap/Data/Countries/SouthAmerica/Colombia/Cities/CoffeeRegionAttractions.swift /Users/erders/Documents/TravelTap/TravelTap/Data/Countries/SouthAmerica/Colombia/Cities/MedellinAttractions.swift (in target 'TravelTap' from project 'TravelTap')

SwiftCompile normal arm64 /Users/erders/Documents/TravelTap/TravelTap/Data/Countries/SouthAmerica/Chile/Cities/AricaAttractions.swift (in target 'TravelTap' from project 'TravelTap')
    cd /Users/erders/Documents/TravelTap
    

SwiftCompile normal arm64 /Users/erders/Documents/TravelTap/TravelTap/Data/Countries/SouthAmerica/Chile/Cities/CarreteraAustralAttractions.swift (in target 'TravelTap' from project 'TravelTap')
    cd /Users/erders/Documents/TravelTap
    

SwiftCompile normal arm64 /Users/erders/Documents/TravelTap/TravelTap/Data/Countries/SouthAmerica/Chile/Cities/ChiloeIslandAttractions.swift (in target 'TravelTap' from project 'TravelTap')
    cd /Users/erders/Documents/TravelTap
    

SwiftCompile normal arm64 /Users/erders/Documents/TravelTap/TravelTap/Data/Countries/SouthAmerica/Chile/Cities/ColchaguaValleyAttractions.swift (in target 'TravelTap' from project 'TravelTap')
    cd /Users/erders/Documents/TravelTap
    

SwiftCompile normal arm64 /Users/erders/Documents/TravelTap/TravelTap/Data/Countries/SouthAmerica/Chile/Cities/EasterIslandAttractions.swift (in target 'TravelTap' from project 'TravelTap')
    cd /Users/erders/Documents/TravelTap
    

SwiftCompile normal arm64 /Users/erders/Documents/TravelTap/TravelTap/Data/Countries/SouthAmerica/Chile/Cities/IquiqueAttractions.swift (in target 'TravelTap' from project 'TravelTap')
    cd /Users/erders/Documents/TravelTap
    

SwiftCompile normal arm64 /Users/erders/Documents/TravelTap/TravelTap/Data/Countries/SouthAmerica/Chile/Cities/LaSerenaElquiValleyAttractions.swift (in target 'TravelTap' from project 'TravelTap')
    cd /Users/erders/Documents/TravelTap
    

SwiftCompile normal arm64 /Users/erders/Documents/TravelTap/TravelTap/Data/Countries/SouthAmerica/Chile/Cities/PuconVillarricaAttractions.swift (in target 'TravelTap' from project 'TravelTap')
    cd /Users/erders/Documents/TravelTap
    

SwiftCompile normal arm64 /Users/erders/Documents/TravelTap/TravelTap/Data/Countries/SouthAmerica/Chile/Cities/PuertoNatalesAttractions.swift (in target 'TravelTap' from project 'TravelTap')
    cd /Users/erders/Documents/TravelTap
    

SwiftCompile normal arm64 /Users/erders/Documents/TravelTap/TravelTap/Data/Countries/SouthAmerica/Chile/Cities/PuertoVarasLakeDistrictAttractions.swift (in target 'TravelTap' from project 'TravelTap')
    cd /Users/erders/Documents/TravelTap
    

SwiftCompile normal arm64 /Users/erders/Documents/TravelTap/TravelTap/Data/Countries/SouthAmerica/Chile/Cities/PuntaArenasAttractions.swift (in target 'TravelTap' from project 'TravelTap')
    cd /Users/erders/Documents/TravelTap
    

SwiftCompile normal arm64 /Users/erders/Documents/TravelTap/TravelTap/Data/Countries/SouthAmerica/Chile/Cities/SanPedroDeAtacamaAttractions.swift (in target 'TravelTap' from project 'TravelTap')
    cd /Users/erders/Documents/TravelTap
    

SwiftCompile normal arm64 /Users/erders/Documents/TravelTap/TravelTap/Data/Countries/SouthAmerica/Chile/Cities/SantiagoAttractions.swift (in target 'TravelTap' from project 'TravelTap')
    cd /Users/erders/Documents/TravelTap
    

SwiftCompile normal arm64 /Users/erders/Documents/TravelTap/TravelTap/Data/Countries/SouthAmerica/Chile/Cities/TierraDelFuegoAttractions.swift (in target 'TravelTap' from project 'TravelTap')
    cd /Users/erders/Documents/TravelTap
    

SwiftCompile normal arm64 /Users/erders/Documents/TravelTap/TravelTap/Data/Countries/SouthAmerica/Chile/Cities/TorresDelPaineAttractions.swift (in target 'TravelTap' from project 'TravelTap')
    cd /Users/erders/Documents/TravelTap
    

SwiftCompile normal arm64 /Users/erders/Documents/TravelTap/TravelTap/Data/Countries/SouthAmerica/Chile/Cities/ValparaisoAttractions.swift (in target 'TravelTap' from project 'TravelTap')
    cd /Users/erders/Documents/TravelTap
    

SwiftCompile normal arm64 /Users/erders/Documents/TravelTap/TravelTap/Data/Countries/SouthAmerica/Chile/Cities/VinaDelMarAttractions.swift (in target 'TravelTap' from project 'TravelTap')
    cd /Users/erders/Documents/TravelTap
    

SwiftCompile normal arm64 /Users/erders/Documents/TravelTap/TravelTap/Data/Countries/SouthAmerica/Colombia/Cities/AmazonLeticiaAttractions.swift (in target 'TravelTap' from project 'TravelTap')
    cd /Users/erders/Documents/TravelTap
    

SwiftCompile normal arm64 /Users/erders/Documents/TravelTap/TravelTap/Data/Countries/SouthAmerica/Colombia/Cities/BaricharaAttractions.swift (in target 'TravelTap' from project 'TravelTap')
    cd /Users/erders/Documents/TravelTap
    

SwiftCompile normal arm64 /Users/erders/Documents/TravelTap/TravelTap/Data/Countries/SouthAmerica/Colombia/Cities/BogotaAttractions.swift (in target 'TravelTap' from project 'TravelTap')
    cd /Users/erders/Documents/TravelTap
    

SwiftCompile normal arm64 /Users/erders/Documents/TravelTap/TravelTap/Data/Countries/SouthAmerica/Colombia/Cities/CaliAttractions.swift (in target 'TravelTap' from project 'TravelTap')
    cd /Users/erders/Documents/TravelTap
    

SwiftCompile normal arm64 /Users/erders/Documents/TravelTap/TravelTap/Data/Countries/SouthAmerica/Colombia/Cities/CapurganaSapzurroAttractions.swift (in target 'TravelTap' from project 'TravelTap')
    cd /Users/erders/Documents/TravelTap
    

SwiftCompile normal arm64 /Users/erders/Documents/TravelTap/TravelTap/Data/Countries/SouthAmerica/Colombia/Cities/CartagenaAttractions.swift (in target 'TravelTap' from project 'TravelTap')
    cd /Users/erders/Documents/TravelTap
    

SwiftCompile normal arm64 /Users/erders/Documents/TravelTap/TravelTap/Data/Countries/SouthAmerica/Colombia/Cities/CoffeeRegionAttractions.swift (in target 'TravelTap' from project 'TravelTap')
    cd /Users/erders/Documents/TravelTap
    

SwiftCompile normal arm64 /Users/erders/Documents/TravelTap/TravelTap/Data/Countries/SouthAmerica/Colombia/Cities/MedellinAttractions.swift (in target 'TravelTap' from project 'TravelTap')
    cd /Users/erders/Documents/TravelTap
    

SwiftDriverJobDiscovery normal arm64 Compiling BarticaAttractions.swift, BerbiceRegionAttractions.swift, EssequiboIslandsAttractions.swift, GeorgetownAttractions.swift, IwokramaForestAttractions.swift, KaieteurFallsAttractions.swift, LethemAttractions.swift, OrinduikFallsAttractions.swift, RupununiSavannahAttractions.swift, SantaMissionAttractions.swift, ShellBeachAttractions.swift, SuramaVillageAttractions.swift, GuyanaPackage.swift, AreguaAttractions.swift, AsuncionAttractions.swift, CaacupeAttractions.swift, CerroCoraAttractions.swift, ChacoRegionAttractions.swift, CiudadDelEsteAttractions.swift, ConcepcionAttractions.swift, EncarnacionAttractions.swift, JesuitMissionsAttractions.swift, ParaguariRegionAttractions.swift, PiribebuyAttractions.swift, SaltosDelGuairaAttractions.swift (in target 'TravelTap' from project 'TravelTap')

SwiftCompile normal arm64 Compiling\ UruguayPackage.swift,\ BarquisimetoAttractions.swift,\ CanaimaAttractions.swift,\ CaracasAttractions.swift,\ ChoroniAttractions.swift,\ CiudadBolivarAttractions.swift,\ ColoniaTovarAttractions.swift,\ CoroAttractions.swift,\ GranSabanaAttractions.swift,\ IslaMargaritaAttractions.swift,\ LosRoquesAttractions.swift,\ MaracaiboAttractions.swift,\ MochimaAttractions.swift,\ MorrocoyAttractions.swift,\ OrinocoDeltaAttractions.swift,\ VenezuelaPackage.swift,\ WestBengalAttractions.swift,\ HimachalPradeshAttractions.swift,\ RajasthanAttractions.swift,\ OdishaAttractions.swift,\ UttarakhandAttractions.swift,\ GujaratAttractions.swift,\ TamilNaduAttractions.swift,\ AndamanAttractions.swift,\ NortheastIndiaAttractions.swift /Users/erders/Documents/TravelTap/TravelTap/Data/Countries/SouthAmerica/Uruguay/UruguayPackage.swift /Users/erders/Documents/TravelTap/TravelTap/Data/Countries/SouthAmerica/Venezuela/Cities/BarquisimetoAttractions.swift /Users/erders/Documents/TravelTap/TravelTap/Data/Countries/SouthAmerica/Venezuela/Cities/CanaimaAttractions.swift /Users/erders/Documents/TravelTap/TravelTap/Data/Countries/SouthAmerica/Venezuela/Cities/CaracasAttractions.swift /Users/erders/Documents/TravelTap/TravelTap/Data/Countries/SouthAmerica/Venezuela/Cities/ChoroniAttractions.swift /Users/erders/Documents/TravelTap/TravelTap/Data/Countries/SouthAmerica/Venezuela/Cities/CiudadBolivarAttractions.swift /Users/erders/Documents/TravelTap/TravelTap/Data/Countries/SouthAmerica/Venezuela/Cities/ColoniaTovarAttractions.swift /Users/erders/Documents/TravelTap/TravelTap/Data/Countries/SouthAmerica/Venezuela/Cities/CoroAttractions.swift /Users/erders/Documents/TravelTap/TravelTap/Data/Countries/SouthAmerica/Venezuela/Cities/GranSabanaAttractions.swift /Users/erders/Documents/TravelTap/TravelTap/Data/Countries/SouthAmerica/Venezuela/Cities/IslaMargaritaAttractions.swift /Users/erders/Documents/TravelTap/TravelTap/Data/Countries/SouthAmerica/Venezuela/Cities/LosRoquesAttractions.swift /Users/erders/Documents/TravelTap/TravelTap/Data/Countries/SouthAmerica/Venezuela/Cities/MaracaiboAttractions.swift /Users/erders/Documents/TravelTap/TravelTap/Data/Countries/SouthAmerica/Venezuela/Cities/MochimaAttractions.swift /Users/erders/Documents/TravelTap/TravelTap/Data/Countries/SouthAmerica/Venezuela/Cities/MorrocoyAttractions.swift /Users/erders/Documents/TravelTap/TravelTap/Data/Countries/SouthAmerica/Venezuela/Cities/OrinocoDeltaAttractions.swift /Users/erders/Documents/TravelTap/TravelTap/Data/Countries/SouthAmerica/Venezuela/VenezuelaPackage.swift /Users/erders/Documents/TravelTap/TravelTap/Data/Countries/Asia/SouthAsia/India/Cities/WestBengalAttractions.swift /Users/erders/Documents/TravelTap/TravelTap/Data/Countries/Asia/SouthAsia/India/Cities/HimachalPradeshAttractions.swift /Users/erders/Documents/TravelTap/TravelTap/Data/Countries/Asia/SouthAsia/India/Cities/RajasthanAttractions.swift /Users/erders/Documents/TravelTap/TravelTap/Data/Countries/Asia/SouthAsia/India/Cities/OdishaAttractions.swift /Users/erders/Documents/TravelTap/TravelTap/Data/Countries/Asia/SouthAsia/India/Cities/UttarakhandAttractions.swift /Users/erders/Documents/TravelTap/TravelTap/Data/Countries/Asia/SouthAsia/India/Cities/GujaratAttractions.swift /Users/erders/Documents/TravelTap/TravelTap/Data/Countries/Asia/SouthAsia/India/Cities/TamilNaduAttractions.swift /Users/erders/Documents/TravelTap/TravelTap/Data/Countries/Asia/SouthAsia/India/Cities/AndamanAttractions.swift /Users/erders/Documents/TravelTap/TravelTap/Data/Countries/Asia/SouthAsia/India/Cities/NortheastIndiaAttractions.swift (in target 'TravelTap' from project 'TravelTap')

SwiftCompile normal arm64 /Users/erders/Documents/TravelTap/TravelTap/Data/Countries/SouthAmerica/Uruguay/UruguayPackage.swift (in target 'TravelTap' from project 'TravelTap')
    cd /Users/erders/Documents/TravelTap
    

SwiftCompile normal arm64 /Users/erders/Documents/TravelTap/TravelTap/Data/Countries/SouthAmerica/Venezuela/Cities/BarquisimetoAttractions.swift (in target 'TravelTap' from project 'TravelTap')
    cd /Users/erders/Documents/TravelTap
    

SwiftCompile normal arm64 /Users/erders/Documents/TravelTap/TravelTap/Data/Countries/SouthAmerica/Venezuela/Cities/CanaimaAttractions.swift (in target 'TravelTap' from project 'TravelTap')
    cd /Users/erders/Documents/TravelTap
    

SwiftCompile normal arm64 /Users/erders/Documents/TravelTap/TravelTap/Data/Countries/SouthAmerica/Venezuela/Cities/CaracasAttractions.swift (in target 'TravelTap' from project 'TravelTap')
    cd /Users/erders/Documents/TravelTap
    

SwiftCompile normal arm64 /Users/erders/Documents/TravelTap/TravelTap/Data/Countries/SouthAmerica/Venezuela/Cities/ChoroniAttractions.swift (in target 'TravelTap' from project 'TravelTap')
    cd /Users/erders/Documents/TravelTap
    

SwiftCompile normal arm64 /Users/erders/Documents/TravelTap/TravelTap/Data/Countries/SouthAmerica/Venezuela/Cities/CiudadBolivarAttractions.swift (in target 'TravelTap' from project 'TravelTap')
    cd /Users/erders/Documents/TravelTap
    

SwiftCompile normal arm64 /Users/erders/Documents/TravelTap/TravelTap/Data/Countries/SouthAmerica/Venezuela/Cities/ColoniaTovarAttractions.swift (in target 'TravelTap' from project 'TravelTap')
    cd /Users/erders/Documents/TravelTap
    

SwiftCompile normal arm64 /Users/erders/Documents/TravelTap/TravelTap/Data/Countries/SouthAmerica/Venezuela/Cities/CoroAttractions.swift (in target 'TravelTap' from project 'TravelTap')
    cd /Users/erders/Documents/TravelTap
    

SwiftCompile normal arm64 /Users/erders/Documents/TravelTap/TravelTap/Data/Countries/SouthAmerica/Venezuela/Cities/GranSabanaAttractions.swift (in target 'TravelTap' from project 'TravelTap')
    cd /Users/erders/Documents/TravelTap
    

SwiftCompile normal arm64 /Users/erders/Documents/TravelTap/TravelTap/Data/Countries/SouthAmerica/Venezuela/Cities/IslaMargaritaAttractions.swift (in target 'TravelTap' from project 'TravelTap')
    cd /Users/erders/Documents/TravelTap
    

SwiftCompile normal arm64 /Users/erders/Documents/TravelTap/TravelTap/Data/Countries/SouthAmerica/Venezuela/Cities/LosRoquesAttractions.swift (in target 'TravelTap' from project 'TravelTap')
    cd /Users/erders/Documents/TravelTap
    

SwiftCompile normal arm64 /Users/erders/Documents/TravelTap/TravelTap/Data/Countries/SouthAmerica/Venezuela/Cities/MaracaiboAttractions.swift (in target 'TravelTap' from project 'TravelTap')
    cd /Users/erders/Documents/TravelTap
    

SwiftCompile normal arm64 /Users/erders/Documents/TravelTap/TravelTap/Data/Countries/SouthAmerica/Venezuela/Cities/MochimaAttractions.swift (in target 'TravelTap' from project 'TravelTap')
    cd /Users/erders/Documents/TravelTap
    

SwiftCompile normal arm64 /Users/erders/Documents/TravelTap/TravelTap/Data/Countries/SouthAmerica/Venezuela/Cities/MorrocoyAttractions.swift (in target 'TravelTap' from project 'TravelTap')
    cd /Users/erders/Documents/TravelTap
    

SwiftCompile normal arm64 /Users/erders/Documents/TravelTap/TravelTap/Data/Countries/SouthAmerica/Venezuela/Cities/OrinocoDeltaAttractions.swift (in target 'TravelTap' from project 'TravelTap')
    cd /Users/erders/Documents/TravelTap
    

SwiftCompile normal arm64 /Users/erders/Documents/TravelTap/TravelTap/Data/Countries/SouthAmerica/Venezuela/VenezuelaPackage.swift (in target 'TravelTap' from project 'TravelTap')
    cd /Users/erders/Documents/TravelTap
    

SwiftCompile normal arm64 /Users/erders/Documents/TravelTap/TravelTap/Data/Countries/Asia/SouthAsia/India/Cities/WestBengalAttractions.swift (in target 'TravelTap' from project 'TravelTap')
    cd /Users/erders/Documents/TravelTap
    

SwiftCompile normal arm64 /Users/erders/Documents/TravelTap/TravelTap/Data/Countries/Asia/SouthAsia/India/Cities/HimachalPradeshAttractions.swift (in target 'TravelTap' from project 'TravelTap')
    cd /Users/erders/Documents/TravelTap
    

SwiftCompile normal arm64 /Users/erders/Documents/TravelTap/TravelTap/Data/Countries/Asia/SouthAsia/India/Cities/RajasthanAttractions.swift (in target 'TravelTap' from project 'TravelTap')
    cd /Users/erders/Documents/TravelTap
    

SwiftCompile normal arm64 /Users/erders/Documents/TravelTap/TravelTap/Data/Countries/Asia/SouthAsia/India/Cities/OdishaAttractions.swift (in target 'TravelTap' from project 'TravelTap')
    cd /Users/erders/Documents/TravelTap
    

SwiftCompile normal arm64 /Users/erders/Documents/TravelTap/TravelTap/Data/Countries/Asia/SouthAsia/India/Cities/UttarakhandAttractions.swift (in target 'TravelTap' from project 'TravelTap')
    cd /Users/erders/Documents/TravelTap
    

SwiftCompile normal arm64 /Users/erders/Documents/TravelTap/TravelTap/Data/Countries/Asia/SouthAsia/India/Cities/GujaratAttractions.swift (in target 'TravelTap' from project 'TravelTap')
    cd /Users/erders/Documents/TravelTap
    

SwiftCompile normal arm64 /Users/erders/Documents/TravelTap/TravelTap/Data/Countries/Asia/SouthAsia/India/Cities/TamilNaduAttractions.swift (in target 'TravelTap' from project 'TravelTap')
    cd /Users/erders/Documents/TravelTap
    

SwiftCompile normal arm64 /Users/erders/Documents/TravelTap/TravelTap/Data/Countries/Asia/SouthAsia/India/Cities/AndamanAttractions.swift (in target 'TravelTap' from project 'TravelTap')
    cd /Users/erders/Documents/TravelTap
    

SwiftCompile normal arm64 /Users/erders/Documents/TravelTap/TravelTap/Data/Countries/Asia/SouthAsia/India/Cities/NortheastIndiaAttractions.swift (in target 'TravelTap' from project 'TravelTap')
    cd /Users/erders/Documents/TravelTap
    

SwiftDriverJobDiscovery normal arm64 Compiling PacificCoastAttractions.swift, CopperCanyonAttractions.swift, MoreliaAttractions.swift, MonterreyAttractions.swift, PueblaAttractions.swift, PlayaDelCarmenAttractions.swift, AcapulcoAttractions.swift, TijuanaAttractions.swift, MazatlanAttractions.swift, GuanajuatoAttractions.swift, LosCabosAttractions.swift, MeridaMexicoAttractions.swift, SouthCoastAttractions.swift, SnaefellsnesAttractions.swift, GoldenCircleAttractions.swift, WestfjordsAttractions.swift, WestmanIslandsAttractions.swift, NorthwestIcelandAttractions.swift, EastIcelandAttractions.swift, ReykjanesAttractions.swift, HighlandsAttractions.swift, IcelandHighlandsAttractions.swift, MorondavaAttractions.swift, FianarantsoaAttractions.swift, AndasibeMantadiaAttractions.swift (in target 'TravelTap' from project 'TravelTap')

SwiftCompile normal arm64 Compiling\ BahamasPackage.swift,\ AndrosAttractions.swift,\ BiminiAttractions.swift,\ EleutheraAttractions.swift,\ ExumaAttractions.swift,\ GrandBahamaAttractions.swift,\ LongIslandAttractions.swift,\ NassauAttractions.swift,\ ParadiseIslandAttractions.swift,\ BarbadosPackage.swift,\ BarbadosStThomasAttractions.swift,\ BridgetownAttractions.swift,\ ChristChurchAttractions.swift,\ StAndrewAttractions.swift,\ StJamesAttractions.swift,\ StJohnAttractions.swift,\ StLucyAttractions.swift,\ StPeterAttractions.swift,\ StPhilipAttractions.swift,\ BelizePackage.swift,\ BelizeCityAttractions.swift,\ CayeCaulkerAttractions.swift,\ HopkinsAttractions.swift,\ OrangeWalkAttractions.swift,\ PlacenciaAttractions.swift /Users/erders/Documents/TravelTap/TravelTap/Data/Countries/CentralAmerica/Bahamas/BahamasPackage.swift /Users/erders/Documents/TravelTap/TravelTap/Data/Countries/CentralAmerica/Bahamas/Cities/AndrosAttractions.swift /Users/erders/Documents/TravelTap/TravelTap/Data/Countries/CentralAmerica/Bahamas/Cities/BiminiAttractions.swift /Users/erders/Documents/TravelTap/TravelTap/Data/Countries/CentralAmerica/Bahamas/Cities/EleutheraAttractions.swift /Users/erders/Documents/TravelTap/TravelTap/Data/Countries/CentralAmerica/Bahamas/Cities/ExumaAttractions.swift /Users/erders/Documents/TravelTap/TravelTap/Data/Countries/CentralAmerica/Bahamas/Cities/GrandBahamaAttractions.swift /Users/erders/Documents/TravelTap/TravelTap/Data/Countries/CentralAmerica/Bahamas/Cities/LongIslandAttractions.swift /Users/erders/Documents/TravelTap/TravelTap/Data/Countries/CentralAmerica/Bahamas/Cities/NassauAttractions.swift /Users/erders/Documents/TravelTap/TravelTap/Data/Countries/CentralAmerica/Bahamas/Cities/ParadiseIslandAttractions.swift /Users/erders/Documents/TravelTap/TravelTap/Data/Countries/CentralAmerica/Barbados/BarbadosPackage.swift /Users/erders/Documents/TravelTap/TravelTap/Data/Countries/CentralAmerica/Barbados/Cities/BarbadosStThomasAttractions.swift /Users/erders/Documents/TravelTap/TravelTap/Data/Countries/CentralAmerica/Barbados/Cities/BridgetownAttractions.swift /Users/erders/Documents/TravelTap/TravelTap/Data/Countries/CentralAmerica/Barbados/Cities/ChristChurchAttractions.swift /Users/erders/Documents/TravelTap/TravelTap/Data/Countries/CentralAmerica/Barbados/Cities/StAndrewAttractions.swift /Users/erders/Documents/TravelTap/TravelTap/Data/Countries/CentralAmerica/Barbados/Cities/StJamesAttractions.swift /Users/erders/Documents/TravelTap/TravelTap/Data/Countries/CentralAmerica/Barbados/Cities/StJohnAttractions.swift /Users/erders/Documents/TravelTap/TravelTap/Data/Countries/CentralAmerica/Barbados/Cities/StLucyAttractions.swift /Users/erders/Documents/TravelTap/TravelTap/Data/Countries/CentralAmerica/Barbados/Cities/StPeterAttractions.swift /Users/erders/Documents/TravelTap/TravelTap/Data/Countries/CentralAmerica/Barbados/Cities/StPhilipAttractions.swift /Users/erders/Documents/TravelTap/TravelTap/Data/Countries/CentralAmerica/Belize/BelizePackage.swift /Users/erders/Documents/TravelTap/TravelTap/Data/Countries/CentralAmerica/Belize/Cities/BelizeCityAttractions.swift /Users/erders/Documents/TravelTap/TravelTap/Data/Countries/CentralAmerica/Belize/Cities/CayeCaulkerAttractions.swift /Users/erders/Documents/TravelTap/TravelTap/Data/Countries/CentralAmerica/Belize/Cities/HopkinsAttractions.swift /Users/erders/Documents/TravelTap/TravelTap/Data/Countries/CentralAmerica/Belize/Cities/OrangeWalkAttractions.swift /Users/erders/Documents/TravelTap/TravelTap/Data/Countries/CentralAmerica/Belize/Cities/PlacenciaAttractions.swift (in target 'TravelTap' from project 'TravelTap')

SwiftCompile normal arm64 /Users/erders/Documents/TravelTap/TravelTap/Data/Countries/CentralAmerica/Bahamas/BahamasPackage.swift (in target 'TravelTap' from project 'TravelTap')
    cd /Users/erders/Documents/TravelTap
    

SwiftCompile normal arm64 /Users/erders/Documents/TravelTap/TravelTap/Data/Countries/CentralAmerica/Bahamas/Cities/AndrosAttractions.swift (in target 'TravelTap' from project 'TravelTap')
    cd /Users/erders/Documents/TravelTap
    

SwiftCompile normal arm64 /Users/erders/Documents/TravelTap/TravelTap/Data/Countries/CentralAmerica/Bahamas/Cities/BiminiAttractions.swift (in target 'TravelTap' from project 'TravelTap')
    cd /Users/erders/Documents/TravelTap
    

SwiftCompile normal arm64 /Users/erders/Documents/TravelTap/TravelTap/Data/Countries/CentralAmerica/Bahamas/Cities/EleutheraAttractions.swift (in target 'TravelTap' from project 'TravelTap')
    cd /Users/erders/Documents/TravelTap
    

SwiftCompile normal arm64 /Users/erders/Documents/TravelTap/TravelTap/Data/Countries/CentralAmerica/Bahamas/Cities/ExumaAttractions.swift (in target 'TravelTap' from project 'TravelTap')
    cd /Users/erders/Documents/TravelTap
    

SwiftCompile normal arm64 /Users/erders/Documents/TravelTap/TravelTap/Data/Countries/CentralAmerica/Bahamas/Cities/GrandBahamaAttractions.swift (in target 'TravelTap' from project 'TravelTap')
    cd /Users/erders/Documents/TravelTap
    

SwiftCompile normal arm64 /Users/erders/Documents/TravelTap/TravelTap/Data/Countries/CentralAmerica/Bahamas/Cities/LongIslandAttractions.swift (in target 'TravelTap' from project 'TravelTap')
    cd /Users/erders/Documents/TravelTap
    

SwiftCompile normal arm64 /Users/erders/Documents/TravelTap/TravelTap/Data/Countries/CentralAmerica/Bahamas/Cities/NassauAttractions.swift (in target 'TravelTap' from project 'TravelTap')
    cd /Users/erders/Documents/TravelTap
    

SwiftCompile normal arm64 /Users/erders/Documents/TravelTap/TravelTap/Data/Countries/CentralAmerica/Bahamas/Cities/ParadiseIslandAttractions.swift (in target 'TravelTap' from project 'TravelTap')
    cd /Users/erders/Documents/TravelTap
    

SwiftCompile normal arm64 /Users/erders/Documents/TravelTap/TravelTap/Data/Countries/CentralAmerica/Barbados/BarbadosPackage.swift (in target 'TravelTap' from project 'TravelTap')
    cd /Users/erders/Documents/TravelTap
    

SwiftCompile normal arm64 /Users/erders/Documents/TravelTap/TravelTap/Data/Countries/CentralAmerica/Barbados/Cities/BarbadosStThomasAttractions.swift (in target 'TravelTap' from project 'TravelTap')
    cd /Users/erders/Documents/TravelTap
    

SwiftCompile normal arm64 /Users/erders/Documents/TravelTap/TravelTap/Data/Countries/CentralAmerica/Barbados/Cities/BridgetownAttractions.swift (in target 'TravelTap' from project 'TravelTap')
    cd /Users/erders/Documents/TravelTap
    

SwiftCompile normal arm64 /Users/erders/Documents/TravelTap/TravelTap/Data/Countries/CentralAmerica/Barbados/Cities/ChristChurchAttractions.swift (in target 'TravelTap' from project 'TravelTap')
    cd /Users/erders/Documents/TravelTap
    

SwiftCompile normal arm64 /Users/erders/Documents/TravelTap/TravelTap/Data/Countries/CentralAmerica/Barbados/Cities/StAndrewAttractions.swift (in target 'TravelTap' from project 'TravelTap')
    cd /Users/erders/Documents/TravelTap
    

SwiftCompile normal arm64 /Users/erders/Documents/TravelTap/TravelTap/Data/Countries/CentralAmerica/Barbados/Cities/StJamesAttractions.swift (in target 'TravelTap' from project 'TravelTap')
    cd /Users/erders/Documents/TravelTap
    

SwiftCompile normal arm64 /Users/erders/Documents/TravelTap/TravelTap/Data/Countries/CentralAmerica/Barbados/Cities/StJohnAttractions.swift (in target 'TravelTap' from project 'TravelTap')
    cd /Users/erders/Documents/TravelTap
    

SwiftCompile normal arm64 /Users/erders/Documents/TravelTap/TravelTap/Data/Countries/CentralAmerica/Barbados/Cities/StLucyAttractions.swift (in target 'TravelTap' from project 'TravelTap')
    cd /Users/erders/Documents/TravelTap
    

SwiftCompile normal arm64 /Users/erders/Documents/TravelTap/TravelTap/Data/Countries/CentralAmerica/Barbados/Cities/StPeterAttractions.swift (in target 'TravelTap' from project 'TravelTap')
    cd /Users/erders/Documents/TravelTap
    

SwiftCompile normal arm64 /Users/erders/Documents/TravelTap/TravelTap/Data/Countries/CentralAmerica/Barbados/Cities/StPhilipAttractions.swift (in target 'TravelTap' from project 'TravelTap')
    cd /Users/erders/Documents/TravelTap
    

SwiftCompile normal arm64 /Users/erders/Documents/TravelTap/TravelTap/Data/Countries/CentralAmerica/Belize/BelizePackage.swift (in target 'TravelTap' from project 'TravelTap')
    cd /Users/erders/Documents/TravelTap
    

SwiftCompile normal arm64 /Users/erders/Documents/TravelTap/TravelTap/Data/Countries/CentralAmerica/Belize/Cities/BelizeCityAttractions.swift (in target 'TravelTap' from project 'TravelTap')
    cd /Users/erders/Documents/TravelTap
    

SwiftCompile normal arm64 /Users/erders/Documents/TravelTap/TravelTap/Data/Countries/CentralAmerica/Belize/Cities/CayeCaulkerAttractions.swift (in target 'TravelTap' from project 'TravelTap')
    cd /Users/erders/Documents/TravelTap
    

SwiftCompile normal arm64 /Users/erders/Documents/TravelTap/TravelTap/Data/Countries/CentralAmerica/Belize/Cities/HopkinsAttractions.swift (in target 'TravelTap' from project 'TravelTap')
    cd /Users/erders/Documents/TravelTap
    

SwiftCompile normal arm64 /Users/erders/Documents/TravelTap/TravelTap/Data/Countries/CentralAmerica/Belize/Cities/OrangeWalkAttractions.swift (in target 'TravelTap' from project 'TravelTap')
    cd /Users/erders/Documents/TravelTap
    

SwiftCompile normal arm64 /Users/erders/Documents/TravelTap/TravelTap/Data/Countries/CentralAmerica/Belize/Cities/PlacenciaAttractions.swift (in target 'TravelTap' from project 'TravelTap')
    cd /Users/erders/Documents/TravelTap
    

SwiftDriverJobDiscovery normal arm64 Compiling JaipurAttractions.swift, JaisalmerAttractions.swift, KeralaAttractions.swift, KhajurahoAttractions.swift, KolkataAttractions.swift, LadakhAttractions.swift, MumbaiAttractions.swift, MysoreAttractions.swift, RishikeshAttractions.swift, UdaipurAttractions.swift, VaranasiAttractions.swift, IndiaPackage.swift, AdduAtollAttractions.swift, AriAtollAttractions.swift, BaaAtollAttractions.swift, MaleAttractions.swift, NorthMaleAtollAttractions.swift, MaldivesPackage.swift, AnnapurnaAttractions.swift, ChitwanAttractions.swift, EverestRegionAttractions.swift, KathmanduAttractions.swift, LumbiniAttractions.swift, PokharaAttractions.swift, NepalPackage.swift (in target 'TravelTap' from project 'TravelTap')

SwiftCompile normal arm64 Compiling\ AshantiNorthAttractions.swift,\ CapeCoastCentralAttractions.swift,\ VoltaWesternAttractions.swift,\ GhanaPackage.swift,\ ConakryCoastalAttractions.swift,\ FoutaDjallonAttractions.swift,\ GuineaParksReservesAttractions.swift,\ UpperGuineaAttractions.swift,\ GuineaPackage.swift,\ BijagosArchipelagoAttractions.swift,\ BissauCoastalAttractions.swift,\ MainlandParksAttractions.swift,\ GuineaBissauPackage.swift,\ CentralNimbaAttractions.swift,\ MonroviaSurroundsAttractions.swift,\ SoutheastNatureAttractions.swift,\ WestNorthAttractions.swift,\ LiberiaPackage.swift,\ BamakoSouthAttractions.swift,\ DjenneMoptiRiverAttractions.swift,\ DogonCountryEastAttractions.swift,\ TimbuktuNorthAttractions.swift,\ MaliPackage.swift,\ AdrarHighlandsAttractions.swift,\ CoastalWetlandsAttractions.swift /Users/erders/Documents/TravelTap/TravelTap/Data/Countries/Africa/WestAfrica/Ghana/Cities/AshantiNorthAttractions.swift /Users/erders/Documents/TravelTap/TravelTap/Data/Countries/Africa/WestAfrica/Ghana/Cities/CapeCoastCentralAttractions.swift /Users/erders/Documents/TravelTap/TravelTap/Data/Countries/Africa/WestAfrica/Ghana/Cities/VoltaWesternAttractions.swift /Users/erders/Documents/TravelTap/TravelTap/Data/Countries/Africa/WestAfrica/Ghana/GhanaPackage.swift /Users/erders/Documents/TravelTap/TravelTap/Data/Countries/Africa/WestAfrica/Guinea/Cities/ConakryCoastalAttractions.swift /Users/erders/Documents/TravelTap/TravelTap/Data/Countries/Africa/WestAfrica/Guinea/Cities/FoutaDjallonAttractions.swift /Users/erders/Documents/TravelTap/TravelTap/Data/Countries/Africa/WestAfrica/Guinea/Cities/GuineaParksReservesAttractions.swift /Users/erders/Documents/TravelTap/TravelTap/Data/Countries/Africa/WestAfrica/Guinea/Cities/UpperGuineaAttractions.swift /Users/erders/Documents/TravelTap/TravelTap/Data/Countries/Africa/WestAfrica/Guinea/GuineaPackage.swift /Users/erders/Documents/TravelTap/TravelTap/Data/Countries/Africa/WestAfrica/GuineaBissau/Cities/BijagosArchipelagoAttractions.swift /Users/erders/Documents/TravelTap/TravelTap/Data/Countries/Africa/WestAfrica/GuineaBissau/Cities/BissauCoastalAttractions.swift /Users/erders/Documents/TravelTap/TravelTap/Data/Countries/Africa/WestAfrica/GuineaBissau/Cities/MainlandParksAttractions.swift /Users/erders/Documents/TravelTap/TravelTap/Data/Countries/Africa/WestAfrica/GuineaBissau/GuineaBissauPackage.swift /Users/erders/Documents/TravelTap/TravelTap/Data/Countries/Africa/WestAfrica/Liberia/Cities/CentralNimbaAttractions.swift /Users/erders/Documents/TravelTap/TravelTap/Data/Countries/Africa/WestAfrica/Liberia/Cities/MonroviaSurroundsAttractions.swift /Users/erders/Documents/TravelTap/TravelTap/Data/Countries/Africa/WestAfrica/Liberia/Cities/SoutheastNatureAttractions.swift /Users/erders/Documents/TravelTap/TravelTap/Data/Countries/Africa/WestAfrica/Liberia/Cities/WestNorthAttractions.swift /Users/erders/Documents/TravelTap/TravelTap/Data/Countries/Africa/WestAfrica/Liberia/LiberiaPackage.swift /Users/erders/Documents/TravelTap/TravelTap/Data/Countries/Africa/WestAfrica/Mali/Cities/BamakoSouthAttractions.swift /Users/erders/Documents/TravelTap/TravelTap/Data/Countries/Africa/WestAfrica/Mali/Cities/DjenneMoptiRiverAttractions.swift /Users/erders/Documents/TravelTap/TravelTap/Data/Countries/Africa/WestAfrica/Mali/Cities/DogonCountryEastAttractions.swift /Users/erders/Documents/TravelTap/TravelTap/Data/Countries/Africa/WestAfrica/Mali/Cities/TimbuktuNorthAttractions.swift /Users/erders/Documents/TravelTap/TravelTap/Data/Countries/Africa/WestAfrica/Mali/MaliPackage.swift /Users/erders/Documents/TravelTap/TravelTap/Data/Countries/Africa/WestAfrica/Mauritania/Cities/AdrarHighlandsAttractions.swift /Users/erders/Documents/TravelTap/TravelTap/Data/Countries/Africa/WestAfrica/Mauritania/Cities/CoastalWetlandsAttractions.swift (in target 'TravelTap' from project 'TravelTap')

SwiftCompile normal arm64 /Users/erders/Documents/TravelTap/TravelTap/Data/Countries/Africa/WestAfrica/Ghana/Cities/AshantiNorthAttractions.swift (in target 'TravelTap' from project 'TravelTap')
    cd /Users/erders/Documents/TravelTap
    

SwiftCompile normal arm64 /Users/erders/Documents/TravelTap/TravelTap/Data/Countries/Africa/WestAfrica/Ghana/Cities/CapeCoastCentralAttractions.swift (in target 'TravelTap' from project 'TravelTap')
    cd /Users/erders/Documents/TravelTap
    

SwiftCompile normal arm64 /Users/erders/Documents/TravelTap/TravelTap/Data/Countries/Africa/WestAfrica/Ghana/Cities/VoltaWesternAttractions.swift (in target 'TravelTap' from project 'TravelTap')
    cd /Users/erders/Documents/TravelTap
    

SwiftCompile normal arm64 /Users/erders/Documents/TravelTap/TravelTap/Data/Countries/Africa/WestAfrica/Ghana/GhanaPackage.swift (in target 'TravelTap' from project 'TravelTap')
    cd /Users/erders/Documents/TravelTap
    

SwiftCompile normal arm64 /Users/erders/Documents/TravelTap/TravelTap/Data/Countries/Africa/WestAfrica/Guinea/Cities/ConakryCoastalAttractions.swift (in target 'TravelTap' from project 'TravelTap')
    cd /Users/erders/Documents/TravelTap
    

SwiftCompile normal arm64 /Users/erders/Documents/TravelTap/TravelTap/Data/Countries/Africa/WestAfrica/Guinea/Cities/FoutaDjallonAttractions.swift (in target 'TravelTap' from project 'TravelTap')
    cd /Users/erders/Documents/TravelTap
    

SwiftCompile normal arm64 /Users/erders/Documents/TravelTap/TravelTap/Data/Countries/Africa/WestAfrica/Guinea/Cities/GuineaParksReservesAttractions.swift (in target 'TravelTap' from project 'TravelTap')
    cd /Users/erders/Documents/TravelTap
    

SwiftCompile normal arm64 /Users/erders/Documents/TravelTap/TravelTap/Data/Countries/Africa/WestAfrica/Guinea/Cities/UpperGuineaAttractions.swift (in target 'TravelTap' from project 'TravelTap')
    cd /Users/erders/Documents/TravelTap
    

SwiftCompile normal arm64 /Users/erders/Documents/TravelTap/TravelTap/Data/Countries/Africa/WestAfrica/Guinea/GuineaPackage.swift (in target 'TravelTap' from project 'TravelTap')
    cd /Users/erders/Documents/TravelTap
    

SwiftCompile normal arm64 /Users/erders/Documents/TravelTap/TravelTap/Data/Countries/Africa/WestAfrica/GuineaBissau/Cities/BijagosArchipelagoAttractions.swift (in target 'TravelTap' from project 'TravelTap')
    cd /Users/erders/Documents/TravelTap
    

SwiftCompile normal arm64 /Users/erders/Documents/TravelTap/TravelTap/Data/Countries/Africa/WestAfrica/GuineaBissau/Cities/BissauCoastalAttractions.swift (in target 'TravelTap' from project 'TravelTap')
    cd /Users/erders/Documents/TravelTap
    

SwiftCompile normal arm64 /Users/erders/Documents/TravelTap/TravelTap/Data/Countries/Africa/WestAfrica/GuineaBissau/Cities/MainlandParksAttractions.swift (in target 'TravelTap' from project 'TravelTap')
    cd /Users/erders/Documents/TravelTap
    

SwiftCompile normal arm64 /Users/erders/Documents/TravelTap/TravelTap/Data/Countries/Africa/WestAfrica/GuineaBissau/GuineaBissauPackage.swift (in target 'TravelTap' from project 'TravelTap')
    cd /Users/erders/Documents/TravelTap
    

SwiftCompile normal arm64 /Users/erders/Documents/TravelTap/TravelTap/Data/Countries/Africa/WestAfrica/Liberia/Cities/CentralNimbaAttractions.swift (in target 'TravelTap' from project 'TravelTap')
    cd /Users/erders/Documents/TravelTap
    

SwiftCompile normal arm64 /Users/erders/Documents/TravelTap/TravelTap/Data/Countries/Africa/WestAfrica/Liberia/Cities/MonroviaSurroundsAttractions.swift (in target 'TravelTap' from project 'TravelTap')
    cd /Users/erders/Documents/TravelTap
    

SwiftCompile normal arm64 /Users/erders/Documents/TravelTap/TravelTap/Data/Countries/Africa/WestAfrica/Liberia/Cities/SoutheastNatureAttractions.swift (in target 'TravelTap' from project 'TravelTap')
    cd /Users/erders/Documents/TravelTap
    

SwiftCompile normal arm64 /Users/erders/Documents/TravelTap/TravelTap/Data/Countries/Africa/WestAfrica/Liberia/Cities/WestNorthAttractions.swift (in target 'TravelTap' from project 'TravelTap')
    cd /Users/erders/Documents/TravelTap
    

SwiftCompile normal arm64 /Users/erders/Documents/TravelTap/TravelTap/Data/Countries/Africa/WestAfrica/Liberia/LiberiaPackage.swift (in target 'TravelTap' from project 'TravelTap')
    cd /Users/erders/Documents/TravelTap
    

SwiftCompile normal arm64 /Users/erders/Documents/TravelTap/TravelTap/Data/Countries/Africa/WestAfrica/Mali/Cities/BamakoSouthAttractions.swift (in target 'TravelTap' from project 'TravelTap')
    cd /Users/erders/Documents/TravelTap
    

SwiftCompile normal arm64 /Users/erders/Documents/TravelTap/TravelTap/Data/Countries/Africa/WestAfrica/Mali/Cities/DjenneMoptiRiverAttractions.swift (in target 'TravelTap' from project 'TravelTap')
    cd /Users/erders/Documents/TravelTap
    

SwiftCompile normal arm64 /Users/erders/Documents/TravelTap/TravelTap/Data/Countries/Africa/WestAfrica/Mali/Cities/DogonCountryEastAttractions.swift (in target 'TravelTap' from project 'TravelTap')
    cd /Users/erders/Documents/TravelTap
    

SwiftCompile normal arm64 /Users/erders/Documents/TravelTap/TravelTap/Data/Countries/Africa/WestAfrica/Mali/Cities/TimbuktuNorthAttractions.swift (in target 'TravelTap' from project 'TravelTap')
    cd /Users/erders/Documents/TravelTap
    

SwiftCompile normal arm64 /Users/erders/Documents/TravelTap/TravelTap/Data/Countries/Africa/WestAfrica/Mali/MaliPackage.swift (in target 'TravelTap' from project 'TravelTap')
    cd /Users/erders/Documents/TravelTap
    

SwiftCompile normal arm64 /Users/erders/Documents/TravelTap/TravelTap/Data/Countries/Africa/WestAfrica/Mauritania/Cities/AdrarHighlandsAttractions.swift (in target 'TravelTap' from project 'TravelTap')
    cd /Users/erders/Documents/TravelTap
    

SwiftCompile normal arm64 /Users/erders/Documents/TravelTap/TravelTap/Data/Countries/Africa/WestAfrica/Mauritania/Cities/CoastalWetlandsAttractions.swift (in target 'TravelTap' from project 'TravelTap')
    cd /Users/erders/Documents/TravelTap
    

SwiftDriverJobDiscovery normal arm64 Compiling SeefeldAttractions.swift, MayrhofenAttractions.swift, StubaitalAttractions.swift, OtztalAttractions.swift, GrossglocknerAttractions.swift, EisenstadtAttractions.swift, NeusiedlerSeeAttractions.swift, CarinthianLakesAttractions.swift, TyrolAttractionsAttractions.swift, GrazAttractions.swift, HallstattAttractions.swift, InnsbruckAttractions.swift, SalzburgAttractions.swift, ViennaAttractions.swift, BelarusPackage.swift, BrestAttractions.swift, GrodnoAttractions.swift, MinskAttractions.swift, NesvizhAttractions.swift, BelgiumPackage.swift, AntwerpAttractions.swift, BrugesAttractions.swift, BrusselsAttractions.swift, GhentAttractions.swift, LiegeAttractions.swift (in target 'TravelTap' from project 'TravelTap')

SwiftCompile normal arm64 Compiling\ GhardaiaAttractions.swift,\ TamanrassetAttractions.swift,\ DjanetAttractions.swift,\ BejaiaAttractions.swift,\ AnnabaAttractions.swift,\ SetifAttractions.swift,\ ElOuedAttractions.swift,\ GrandErgOrientalAttractions.swift,\ GrandErgOccidentalAttractions.swift,\ ChreaAttractions.swift,\ TazaAttractions.swift,\ ElKalaAttractions.swift,\ LaikipiaAttractions.swift,\ AmboseliAttractions.swift,\ TurkanaAttractions.swift,\ NanyukiAttractions.swift,\ HomaBayAttractions.swift,\ NarokAttractions.swift,\ KajiadoAttractions.swift,\ KakamegaAttractions.swift,\ MombasaAttractions.swift,\ NaivashaAttractions.swift,\ WasiniAttractions.swift,\ MeruAttractions.swift /Users/erders/Documents/TravelTap/TravelTap/Data/Countries/Africa/NorthAfrica/Algeria/Cities/GhardaiaAttractions.swift /Users/erders/Documents/TravelTap/TravelTap/Data/Countries/Africa/NorthAfrica/Algeria/Cities/TamanrassetAttractions.swift /Users/erders/Documents/TravelTap/TravelTap/Data/Countries/Africa/NorthAfrica/Algeria/Cities/DjanetAttractions.swift /Users/erders/Documents/TravelTap/TravelTap/Data/Countries/Africa/NorthAfrica/Algeria/Cities/BejaiaAttractions.swift /Users/erders/Documents/TravelTap/TravelTap/Data/Countries/Africa/NorthAfrica/Algeria/Cities/AnnabaAttractions.swift /Users/erders/Documents/TravelTap/TravelTap/Data/Countries/Africa/NorthAfrica/Algeria/Cities/SetifAttractions.swift /Users/erders/Documents/TravelTap/TravelTap/Data/Countries/Africa/NorthAfrica/Algeria/Cities/ElOuedAttractions.swift /Users/erders/Documents/TravelTap/TravelTap/Data/Countries/Africa/NorthAfrica/Algeria/Cities/GrandErgOrientalAttractions.swift /Users/erders/Documents/TravelTap/TravelTap/Data/Countries/Africa/NorthAfrica/Algeria/Cities/GrandErgOccidentalAttractions.swift /Users/erders/Documents/TravelTap/TravelTap/Data/Countries/Africa/NorthAfrica/Algeria/Cities/ChreaAttractions.swift /Users/erders/Documents/TravelTap/TravelTap/Data/Countries/Africa/NorthAfrica/Algeria/Cities/TazaAttractions.swift /Users/erders/Documents/TravelTap/TravelTap/Data/Countries/Africa/NorthAfrica/Algeria/Cities/ElKalaAttractions.swift /Users/erders/Documents/TravelTap/TravelTap/Data/Countries/Africa/EastAfrica/Kenya/Cities/LaikipiaAttractions.swift /Users/erders/Documents/TravelTap/TravelTap/Data/Countries/Africa/EastAfrica/Kenya/Cities/AmboseliAttractions.swift /Users/erders/Documents/TravelTap/TravelTap/Data/Countries/Africa/EastAfrica/Kenya/Cities/TurkanaAttractions.swift /Users/erders/Documents/TravelTap/TravelTap/Data/Countries/Africa/EastAfrica/Kenya/Cities/NanyukiAttractions.swift /Users/erders/Documents/TravelTap/TravelTap/Data/Countries/Africa/EastAfrica/Kenya/Cities/HomaBayAttractions.swift /Users/erders/Documents/TravelTap/TravelTap/Data/Countries/Africa/EastAfrica/Kenya/Cities/NarokAttractions.swift /Users/erders/Documents/TravelTap/TravelTap/Data/Countries/Africa/EastAfrica/Kenya/Cities/KajiadoAttractions.swift /Users/erders/Documents/TravelTap/TravelTap/Data/Countries/Africa/EastAfrica/Kenya/Cities/KakamegaAttractions.swift /Users/erders/Documents/TravelTap/TravelTap/Data/Countries/Africa/EastAfrica/Kenya/Cities/MombasaAttractions.swift /Users/erders/Documents/TravelTap/TravelTap/Data/Countries/Africa/EastAfrica/Kenya/Cities/NaivashaAttractions.swift /Users/erders/Documents/TravelTap/TravelTap/Data/Countries/Africa/EastAfrica/Kenya/Cities/WasiniAttractions.swift /Users/erders/Documents/TravelTap/TravelTap/Data/Countries/Africa/EastAfrica/Kenya/Cities/MeruAttractions.swift (in target 'TravelTap' from project 'TravelTap')

SwiftCompile normal arm64 /Users/erders/Documents/TravelTap/TravelTap/Data/Countries/Africa/NorthAfrica/Algeria/Cities/GhardaiaAttractions.swift (in target 'TravelTap' from project 'TravelTap')
    cd /Users/erders/Documents/TravelTap
    

SwiftCompile normal arm64 /Users/erders/Documents/TravelTap/TravelTap/Data/Countries/Africa/NorthAfrica/Algeria/Cities/TamanrassetAttractions.swift (in target 'TravelTap' from project 'TravelTap')
    cd /Users/erders/Documents/TravelTap
    

SwiftCompile normal arm64 /Users/erders/Documents/TravelTap/TravelTap/Data/Countries/Africa/NorthAfrica/Algeria/Cities/DjanetAttractions.swift (in target 'TravelTap' from project 'TravelTap')
    cd /Users/erders/Documents/TravelTap
    

SwiftCompile normal arm64 /Users/erders/Documents/TravelTap/TravelTap/Data/Countries/Africa/NorthAfrica/Algeria/Cities/BejaiaAttractions.swift (in target 'TravelTap' from project 'TravelTap')
    cd /Users/erders/Documents/TravelTap
    

SwiftCompile normal arm64 /Users/erders/Documents/TravelTap/TravelTap/Data/Countries/Africa/NorthAfrica/Algeria/Cities/AnnabaAttractions.swift (in target 'TravelTap' from project 'TravelTap')
    cd /Users/erders/Documents/TravelTap
    

SwiftCompile normal arm64 /Users/erders/Documents/TravelTap/TravelTap/Data/Countries/Africa/NorthAfrica/Algeria/Cities/SetifAttractions.swift (in target 'TravelTap' from project 'TravelTap')
    cd /Users/erders/Documents/TravelTap
    

SwiftCompile normal arm64 /Users/erders/Documents/TravelTap/TravelTap/Data/Countries/Africa/NorthAfrica/Algeria/Cities/ElOuedAttractions.swift (in target 'TravelTap' from project 'TravelTap')
    cd /Users/erders/Documents/TravelTap
    

SwiftCompile normal arm64 /Users/erders/Documents/TravelTap/TravelTap/Data/Countries/Africa/NorthAfrica/Algeria/Cities/GrandErgOrientalAttractions.swift (in target 'TravelTap' from project 'TravelTap')
    cd /Users/erders/Documents/TravelTap
    

SwiftCompile normal arm64 /Users/erders/Documents/TravelTap/TravelTap/Data/Countries/Africa/NorthAfrica/Algeria/Cities/GrandErgOccidentalAttractions.swift (in target 'TravelTap' from project 'TravelTap')
    cd /Users/erders/Documents/TravelTap
    

SwiftCompile normal arm64 /Users/erders/Documents/TravelTap/TravelTap/Data/Countries/Africa/NorthAfrica/Algeria/Cities/ChreaAttractions.swift (in target 'TravelTap' from project 'TravelTap')
    cd /Users/erders/Documents/TravelTap
    

SwiftCompile normal arm64 /Users/erders/Documents/TravelTap/TravelTap/Data/Countries/Africa/NorthAfrica/Algeria/Cities/TazaAttractions.swift (in target 'TravelTap' from project 'TravelTap')
    cd /Users/erders/Documents/TravelTap
    

SwiftCompile normal arm64 /Users/erders/Documents/TravelTap/TravelTap/Data/Countries/Africa/NorthAfrica/Algeria/Cities/ElKalaAttractions.swift (in target 'TravelTap' from project 'TravelTap')
    cd /Users/erders/Documents/TravelTap
    

SwiftCompile normal arm64 /Users/erders/Documents/TravelTap/TravelTap/Data/Countries/Africa/EastAfrica/Kenya/Cities/LaikipiaAttractions.swift (in target 'TravelTap' from project 'TravelTap')
    cd /Users/erders/Documents/TravelTap
    

SwiftCompile normal arm64 /Users/erders/Documents/TravelTap/TravelTap/Data/Countries/Africa/EastAfrica/Kenya/Cities/AmboseliAttractions.swift (in target 'TravelTap' from project 'TravelTap')
    cd /Users/erders/Documents/TravelTap
    

SwiftCompile normal arm64 /Users/erders/Documents/TravelTap/TravelTap/Data/Countries/Africa/EastAfrica/Kenya/Cities/TurkanaAttractions.swift (in target 'TravelTap' from project 'TravelTap')
    cd /Users/erders/Documents/TravelTap
    

SwiftCompile normal arm64 /Users/erders/Documents/TravelTap/TravelTap/Data/Countries/Africa/EastAfrica/Kenya/Cities/NanyukiAttractions.swift (in target 'TravelTap' from project 'TravelTap')
    cd /Users/erders/Documents/TravelTap
    

SwiftCompile normal arm64 /Users/erders/Documents/TravelTap/TravelTap/Data/Countries/Africa/EastAfrica/Kenya/Cities/HomaBayAttractions.swift (in target 'TravelTap' from project 'TravelTap')
    cd /Users/erders/Documents/TravelTap
    

SwiftCompile normal arm64 /Users/erders/Documents/TravelTap/TravelTap/Data/Countries/Africa/EastAfrica/Kenya/Cities/NarokAttractions.swift (in target 'TravelTap' from project 'TravelTap')
    cd /Users/erders/Documents/TravelTap
    

SwiftCompile normal arm64 /Users/erders/Documents/TravelTap/TravelTap/Data/Countries/Africa/EastAfrica/Kenya/Cities/KajiadoAttractions.swift (in target 'TravelTap' from project 'TravelTap')
    cd /Users/erders/Documents/TravelTap
    

SwiftCompile normal arm64 /Users/erders/Documents/TravelTap/TravelTap/Data/Countries/Africa/EastAfrica/Kenya/Cities/KakamegaAttractions.swift (in target 'TravelTap' from project 'TravelTap')
    cd /Users/erders/Documents/TravelTap
    

SwiftCompile normal arm64 /Users/erders/Documents/TravelTap/TravelTap/Data/Countries/Africa/EastAfrica/Kenya/Cities/MombasaAttractions.swift (in target 'TravelTap' from project 'TravelTap')
    cd /Users/erders/Documents/TravelTap
    

SwiftCompile normal arm64 /Users/erders/Documents/TravelTap/TravelTap/Data/Countries/Africa/EastAfrica/Kenya/Cities/NaivashaAttractions.swift (in target 'TravelTap' from project 'TravelTap')
    cd /Users/erders/Documents/TravelTap
    

SwiftCompile normal arm64 /Users/erders/Documents/TravelTap/TravelTap/Data/Countries/Africa/EastAfrica/Kenya/Cities/WasiniAttractions.swift (in target 'TravelTap' from project 'TravelTap')
    cd /Users/erders/Documents/TravelTap
    

SwiftCompile normal arm64 /Users/erders/Documents/TravelTap/TravelTap/Data/Countries/Africa/EastAfrica/Kenya/Cities/MeruAttractions.swift (in target 'TravelTap' from project 'TravelTap')
    cd /Users/erders/Documents/TravelTap
    

SwiftDriverJobDiscovery normal arm64 Compiling BandarbanAttractions.swift, ChittagongAttractions.swift, CoxsBazarAttractions.swift, DhakaAttractions.swift, KhulnaAttractions.swift, RajshahiAttractions.swift, RangamatiAttractions.swift, SonargaonAttractions.swift, SylhetAttractions.swift, BhutanPackage.swift, BumthangAttractions.swift, HaaAttractions.swift, ParoAttractions.swift, PhobjikhaAttractions.swift, PhuentsholingAttractions.swift, PunakhaAttractions.swift, ThimphuAttractions.swift, TrongsaAttractions.swift, AgraAttractions.swift, AmritsarAttractions.swift, DarjeelingAttractions.swift, DelhiAttractions.swift, GoaAttractions.swift, HampiAttractions.swift, HyderabadAttractions.swift (in target 'TravelTap' from project 'TravelTap')

SwiftCompile normal arm64 Compiling\ KarnatakaAttractions.swift,\ UttarPradeshAttractions.swift,\ KhaoSokAttractions.swift,\ KanchanaburiAttractions.swift,\ LopburiAttractions.swift,\ HuaHinAttractions.swift,\ SukhothaiAttractions.swift,\ PattayaAttractions.swift,\ AyutthayaAttractions.swift,\ IsaanAttractions.swift,\ SingaporeAttractions.swift,\ DMZAttractions.swift,\ JeonjuAttractions.swift,\ YeosuAttractions.swift,\ GwangjuAttractions.swift,\ GangwonAttractions.swift,\ TongyeongAttractions.swift,\ AndongAttractions.swift,\ DaeguAttractions.swift,\ BoryeongAttractions.swift,\ SuwonAttractions.swift,\ SanyaAttractions.swift,\ DunhuangAttractions.swift,\ PingyaoAttractions.swift,\ NanjingAttractions.swift /Users/erders/Documents/TravelTap/TravelTap/Data/Countries/Asia/SouthAsia/India/Cities/KarnatakaAttractions.swift /Users/erders/Documents/TravelTap/TravelTap/Data/Countries/Asia/SouthAsia/India/Cities/UttarPradeshAttractions.swift /Users/erders/Documents/TravelTap/TravelTap/Data/Countries/Asia/SoutheastAsia/Thailand/Cities/KhaoSokAttractions.swift /Users/erders/Documents/TravelTap/TravelTap/Data/Countries/Asia/SoutheastAsia/Thailand/Cities/KanchanaburiAttractions.swift /Users/erders/Documents/TravelTap/TravelTap/Data/Countries/Asia/SoutheastAsia/Thailand/Cities/LopburiAttractions.swift /Users/erders/Documents/TravelTap/TravelTap/Data/Countries/Asia/SoutheastAsia/Thailand/Cities/HuaHinAttractions.swift /Users/erders/Documents/TravelTap/TravelTap/Data/Countries/Asia/SoutheastAsia/Thailand/Cities/SukhothaiAttractions.swift /Users/erders/Documents/TravelTap/TravelTap/Data/Countries/Asia/SoutheastAsia/Thailand/Cities/PattayaAttractions.swift /Users/erders/Documents/TravelTap/TravelTap/Data/Countries/Asia/SoutheastAsia/Thailand/Cities/AyutthayaAttractions.swift /Users/erders/Documents/TravelTap/TravelTap/Data/Countries/Asia/SoutheastAsia/Thailand/Cities/IsaanAttractions.swift /Users/erders/Documents/TravelTap/TravelTap/Data/Countries/Asia/SoutheastAsia/Singapore/Cities/SingaporeAttractions.swift /Users/erders/Documents/TravelTap/TravelTap/Data/Countries/Asia/EastAsia/SouthKorea/Cities/DMZAttractions.swift /Users/erders/Documents/TravelTap/TravelTap/Data/Countries/Asia/EastAsia/SouthKorea/Cities/JeonjuAttractions.swift /Users/erders/Documents/TravelTap/TravelTap/Data/Countries/Asia/EastAsia/SouthKorea/Cities/YeosuAttractions.swift /Users/erders/Documents/TravelTap/TravelTap/Data/Countries/Asia/EastAsia/SouthKorea/Cities/GwangjuAttractions.swift /Users/erders/Documents/TravelTap/TravelTap/Data/Countries/Asia/EastAsia/SouthKorea/Cities/GangwonAttractions.swift /Users/erders/Documents/TravelTap/TravelTap/Data/Countries/Asia/EastAsia/SouthKorea/Cities/TongyeongAttractions.swift /Users/erders/Documents/TravelTap/TravelTap/Data/Countries/Asia/EastAsia/SouthKorea/Cities/AndongAttractions.swift /Users/erders/Documents/TravelTap/TravelTap/Data/Countries/Asia/EastAsia/SouthKorea/Cities/DaeguAttractions.swift /Users/erders/Documents/TravelTap/TravelTap/Data/Countries/Asia/EastAsia/SouthKorea/Cities/BoryeongAttractions.swift /Users/erders/Documents/TravelTap/TravelTap/Data/Countries/Asia/EastAsia/SouthKorea/Cities/SuwonAttractions.swift /Users/erders/Documents/TravelTap/TravelTap/Data/Countries/Asia/EastAsia/China/Cities/SanyaAttractions.swift /Users/erders/Documents/TravelTap/TravelTap/Data/Countries/Asia/EastAsia/China/Cities/DunhuangAttractions.swift /Users/erders/Documents/TravelTap/TravelTap/Data/Countries/Asia/EastAsia/China/Cities/PingyaoAttractions.swift /Users/erders/Documents/TravelTap/TravelTap/Data/Countries/Asia/EastAsia/China/Cities/NanjingAttractions.swift (in target 'TravelTap' from project 'TravelTap')

SwiftCompile normal arm64 /Users/erders/Documents/TravelTap/TravelTap/Data/Countries/Asia/SouthAsia/India/Cities/KarnatakaAttractions.swift (in target 'TravelTap' from project 'TravelTap')
    cd /Users/erders/Documents/TravelTap
    

SwiftCompile normal arm64 /Users/erders/Documents/TravelTap/TravelTap/Data/Countries/Asia/SouthAsia/India/Cities/UttarPradeshAttractions.swift (in target 'TravelTap' from project 'TravelTap')
    cd /Users/erders/Documents/TravelTap
    

SwiftCompile normal arm64 /Users/erders/Documents/TravelTap/TravelTap/Data/Countries/Asia/SoutheastAsia/Thailand/Cities/KhaoSokAttractions.swift (in target 'TravelTap' from project 'TravelTap')
    cd /Users/erders/Documents/TravelTap
    

SwiftCompile normal arm64 /Users/erders/Documents/TravelTap/TravelTap/Data/Countries/Asia/SoutheastAsia/Thailand/Cities/KanchanaburiAttractions.swift (in target 'TravelTap' from project 'TravelTap')
    cd /Users/erders/Documents/TravelTap
    

SwiftCompile normal arm64 /Users/erders/Documents/TravelTap/TravelTap/Data/Countries/Asia/SoutheastAsia/Thailand/Cities/LopburiAttractions.swift (in target 'TravelTap' from project 'TravelTap')
    cd /Users/erders/Documents/TravelTap
    

SwiftCompile normal arm64 /Users/erders/Documents/TravelTap/TravelTap/Data/Countries/Asia/SoutheastAsia/Thailand/Cities/HuaHinAttractions.swift (in target 'TravelTap' from project 'TravelTap')
    cd /Users/erders/Documents/TravelTap
    

SwiftCompile normal arm64 /Users/erders/Documents/TravelTap/TravelTap/Data/Countries/Asia/SoutheastAsia/Thailand/Cities/SukhothaiAttractions.swift (in target 'TravelTap' from project 'TravelTap')
    cd /Users/erders/Documents/TravelTap
    

SwiftCompile normal arm64 /Users/erders/Documents/TravelTap/TravelTap/Data/Countries/Asia/SoutheastAsia/Thailand/Cities/PattayaAttractions.swift (in target 'TravelTap' from project 'TravelTap')
    cd /Users/erders/Documents/TravelTap
    

SwiftCompile normal arm64 /Users/erders/Documents/TravelTap/TravelTap/Data/Countries/Asia/SoutheastAsia/Thailand/Cities/AyutthayaAttractions.swift (in target 'TravelTap' from project 'TravelTap')
    cd /Users/erders/Documents/TravelTap
    

SwiftCompile normal arm64 /Users/erders/Documents/TravelTap/TravelTap/Data/Countries/Asia/SoutheastAsia/Thailand/Cities/IsaanAttractions.swift (in target 'TravelTap' from project 'TravelTap')
    cd /Users/erders/Documents/TravelTap
    

SwiftCompile normal arm64 /Users/erders/Documents/TravelTap/TravelTap/Data/Countries/Asia/SoutheastAsia/Singapore/Cities/SingaporeAttractions.swift (in target 'TravelTap' from project 'TravelTap')
    cd /Users/erders/Documents/TravelTap
    

SwiftCompile normal arm64 /Users/erders/Documents/TravelTap/TravelTap/Data/Countries/Asia/EastAsia/SouthKorea/Cities/DMZAttractions.swift (in target 'TravelTap' from project 'TravelTap')
    cd /Users/erders/Documents/TravelTap
    

SwiftCompile normal arm64 /Users/erders/Documents/TravelTap/TravelTap/Data/Countries/Asia/EastAsia/SouthKorea/Cities/JeonjuAttractions.swift (in target 'TravelTap' from project 'TravelTap')
    cd /Users/erders/Documents/TravelTap
    

SwiftCompile normal arm64 /Users/erders/Documents/TravelTap/TravelTap/Data/Countries/Asia/EastAsia/SouthKorea/Cities/YeosuAttractions.swift (in target 'TravelTap' from project 'TravelTap')
    cd /Users/erders/Documents/TravelTap
    

SwiftCompile normal arm64 /Users/erders/Documents/TravelTap/TravelTap/Data/Countries/Asia/EastAsia/SouthKorea/Cities/GwangjuAttractions.swift (in target 'TravelTap' from project 'TravelTap')
    cd /Users/erders/Documents/TravelTap
    

SwiftCompile normal arm64 /Users/erders/Documents/TravelTap/TravelTap/Data/Countries/Asia/EastAsia/SouthKorea/Cities/GangwonAttractions.swift (in target 'TravelTap' from project 'TravelTap')
    cd /Users/erders/Documents/TravelTap
    

SwiftCompile normal arm64 /Users/erders/Documents/TravelTap/TravelTap/Data/Countries/Asia/EastAsia/SouthKorea/Cities/TongyeongAttractions.swift (in target 'TravelTap' from project 'TravelTap')
    cd /Users/erders/Documents/TravelTap
    

SwiftCompile normal arm64 /Users/erders/Documents/TravelTap/TravelTap/Data/Countries/Asia/EastAsia/SouthKorea/Cities/AndongAttractions.swift (in target 'TravelTap' from project 'TravelTap')
    cd /Users/erders/Documents/TravelTap
    

SwiftCompile normal arm64 /Users/erders/Documents/TravelTap/TravelTap/Data/Countries/Asia/EastAsia/SouthKorea/Cities/DaeguAttractions.swift (in target 'TravelTap' from project 'TravelTap')
    cd /Users/erders/Documents/TravelTap
    

SwiftCompile normal arm64 /Users/erders/Documents/TravelTap/TravelTap/Data/Countries/Asia/EastAsia/SouthKorea/Cities/BoryeongAttractions.swift (in target 'TravelTap' from project 'TravelTap')
    cd /Users/erders/Documents/TravelTap
    

SwiftCompile normal arm64 /Users/erders/Documents/TravelTap/TravelTap/Data/Countries/Asia/EastAsia/SouthKorea/Cities/SuwonAttractions.swift (in target 'TravelTap' from project 'TravelTap')
    cd /Users/erders/Documents/TravelTap
    

SwiftCompile normal arm64 /Users/erders/Documents/TravelTap/TravelTap/Data/Countries/Asia/EastAsia/China/Cities/SanyaAttractions.swift (in target 'TravelTap' from project 'TravelTap')
    cd /Users/erders/Documents/TravelTap
    

SwiftCompile normal arm64 /Users/erders/Documents/TravelTap/TravelTap/Data/Countries/Asia/EastAsia/China/Cities/DunhuangAttractions.swift (in target 'TravelTap' from project 'TravelTap')
    cd /Users/erders/Documents/TravelTap
    

SwiftCompile normal arm64 /Users/erders/Documents/TravelTap/TravelTap/Data/Countries/Asia/EastAsia/China/Cities/PingyaoAttractions.swift (in target 'TravelTap' from project 'TravelTap')
    cd /Users/erders/Documents/TravelTap
    

SwiftCompile normal arm64 /Users/erders/Documents/TravelTap/TravelTap/Data/Countries/Asia/EastAsia/China/Cities/NanjingAttractions.swift (in target 'TravelTap' from project 'TravelTap')
    cd /Users/erders/Documents/TravelTap
    

SwiftDriverJobDiscovery normal arm64 Compiling TaxilaAttractions.swift, QuettaAttractions.swift, PeshawarAttractions.swift, MultanAttractions.swift, HistoricalSitesAttractions.swift, GilgitBaltistanAttractions.swift, AzadKashmirAttractions.swift, FaisalabadAttractions.swift, GwadarAttractions.swift, PenghuAttractions.swift, TaitungAttractions.swift, OffshoreIslandsAttractions.swift, KentingAttractions.swift, NewTaipeiAttractions.swift, ChiayiAttractions.swift, YilanAttractions.swift, MersinAttractions.swift, BalikesirAttractions.swift, RizeArtvinAttractions.swift, BoluAttractions.swift, PotsdamAttractions.swift, BremenAttractions.swift, HeidelbergAttractions.swift, HonfleurAttractions.swift, GivernyAttractions.swift (in target 'TravelTap' from project 'TravelTap')

SwiftCompile normal arm64 Compiling\ HunzaAttractions.swift,\ IslamabadAttractions.swift,\ KarachiAttractions.swift,\ LahoreAttractions.swift,\ SkarduAttractions.swift,\ SwatAttractions.swift,\ PakistanPackage.swift,\ ColomboAttractions.swift,\ KandyAttractions.swift,\ SriLankaPackage.swift,\ BruneiPackage.swift,\ BandarSeriBegawanAttractions.swift,\ BelaitAttractions.swift,\ TemburongAttractions.swift,\ TutongAttractions.swift,\ CambodiaPackage.swift,\ BattambangAttractions.swift,\ KampotAttractions.swift,\ KepAttractions.swift,\ KratieAttractions.swift,\ MondulkiriAttractions.swift,\ PhnomPenhAttractions.swift,\ RatanakiriAttractions.swift,\ SiemReapAttractions.swift,\ SihanoukvilleAttractions.swift /Users/erders/Documents/TravelTap/TravelTap/Data/Countries/Asia/SouthAsia/Pakistan/Cities/HunzaAttractions.swift /Users/erders/Documents/TravelTap/TravelTap/Data/Countries/Asia/SouthAsia/Pakistan/Cities/IslamabadAttractions.swift /Users/erders/Documents/TravelTap/TravelTap/Data/Countries/Asia/SouthAsia/Pakistan/Cities/KarachiAttractions.swift /Users/erders/Documents/TravelTap/TravelTap/Data/Countries/Asia/SouthAsia/Pakistan/Cities/LahoreAttractions.swift /Users/erders/Documents/TravelTap/TravelTap/Data/Countries/Asia/SouthAsia/Pakistan/Cities/SkarduAttractions.swift /Users/erders/Documents/TravelTap/TravelTap/Data/Countries/Asia/SouthAsia/Pakistan/Cities/SwatAttractions.swift /Users/erders/Documents/TravelTap/TravelTap/Data/Countries/Asia/SouthAsia/Pakistan/PakistanPackage.swift /Users/erders/Documents/TravelTap/TravelTap/Data/Countries/Asia/SouthAsia/SriLanka/Cities/ColomboAttractions.swift /Users/erders/Documents/TravelTap/TravelTap/Data/Countries/Asia/SouthAsia/SriLanka/Cities/KandyAttractions.swift /Users/erders/Documents/TravelTap/TravelTap/Data/Countries/Asia/SouthAsia/SriLanka/SriLankaPackage.swift /Users/erders/Documents/TravelTap/TravelTap/Data/Countries/Asia/SoutheastAsia/Brunei/BruneiPackage.swift /Users/erders/Documents/TravelTap/TravelTap/Data/Countries/Asia/SoutheastAsia/Brunei/Cities/BandarSeriBegawanAttractions.swift /Users/erders/Documents/TravelTap/TravelTap/Data/Countries/Asia/SoutheastAsia/Brunei/Cities/BelaitAttractions.swift /Users/erders/Documents/TravelTap/TravelTap/Data/Countries/Asia/SoutheastAsia/Brunei/Cities/TemburongAttractions.swift /Users/erders/Documents/TravelTap/TravelTap/Data/Countries/Asia/SoutheastAsia/Brunei/Cities/TutongAttractions.swift /Users/erders/Documents/TravelTap/TravelTap/Data/Countries/Asia/SoutheastAsia/Cambodia/CambodiaPackage.swift /Users/erders/Documents/TravelTap/TravelTap/Data/Countries/Asia/SoutheastAsia/Cambodia/Cities/BattambangAttractions.swift /Users/erders/Documents/TravelTap/TravelTap/Data/Countries/Asia/SoutheastAsia/Cambodia/Cities/KampotAttractions.swift /Users/erders/Documents/TravelTap/TravelTap/Data/Countries/Asia/SoutheastAsia/Cambodia/Cities/KepAttractions.swift /Users/erders/Documents/TravelTap/TravelTap/Data/Countries/Asia/SoutheastAsia/Cambodia/Cities/KratieAttractions.swift /Users/erders/Documents/TravelTap/TravelTap/Data/Countries/Asia/SoutheastAsia/Cambodia/Cities/MondulkiriAttractions.swift /Users/erders/Documents/TravelTap/TravelTap/Data/Countries/Asia/SoutheastAsia/Cambodia/Cities/PhnomPenhAttractions.swift /Users/erders/Documents/TravelTap/TravelTap/Data/Countries/Asia/SoutheastAsia/Cambodia/Cities/RatanakiriAttractions.swift /Users/erders/Documents/TravelTap/TravelTap/Data/Countries/Asia/SoutheastAsia/Cambodia/Cities/SiemReapAttractions.swift /Users/erders/Documents/TravelTap/TravelTap/Data/Countries/Asia/SoutheastAsia/Cambodia/Cities/SihanoukvilleAttractions.swift (in target 'TravelTap' from project 'TravelTap')

SwiftCompile normal arm64 /Users/erders/Documents/TravelTap/TravelTap/Data/Countries/Asia/SouthAsia/Pakistan/Cities/HunzaAttractions.swift (in target 'TravelTap' from project 'TravelTap')
    cd /Users/erders/Documents/TravelTap
    

SwiftCompile normal arm64 /Users/erders/Documents/TravelTap/TravelTap/Data/Countries/Asia/SouthAsia/Pakistan/Cities/IslamabadAttractions.swift (in target 'TravelTap' from project 'TravelTap')
    cd /Users/erders/Documents/TravelTap
    

SwiftCompile normal arm64 /Users/erders/Documents/TravelTap/TravelTap/Data/Countries/Asia/SouthAsia/Pakistan/Cities/KarachiAttractions.swift (in target 'TravelTap' from project 'TravelTap')
    cd /Users/erders/Documents/TravelTap
    

SwiftCompile normal arm64 /Users/erders/Documents/TravelTap/TravelTap/Data/Countries/Asia/SouthAsia/Pakistan/Cities/LahoreAttractions.swift (in target 'TravelTap' from project 'TravelTap')
    cd /Users/erders/Documents/TravelTap
    

SwiftCompile normal arm64 /Users/erders/Documents/TravelTap/TravelTap/Data/Countries/Asia/SouthAsia/Pakistan/Cities/SkarduAttractions.swift (in target 'TravelTap' from project 'TravelTap')
    cd /Users/erders/Documents/TravelTap
    

SwiftCompile normal arm64 /Users/erders/Documents/TravelTap/TravelTap/Data/Countries/Asia/SouthAsia/Pakistan/Cities/SwatAttractions.swift (in target 'TravelTap' from project 'TravelTap')
    cd /Users/erders/Documents/TravelTap
    

SwiftCompile normal arm64 /Users/erders/Documents/TravelTap/TravelTap/Data/Countries/Asia/SouthAsia/Pakistan/PakistanPackage.swift (in target 'TravelTap' from project 'TravelTap')
    cd /Users/erders/Documents/TravelTap
    

SwiftCompile normal arm64 /Users/erders/Documents/TravelTap/TravelTap/Data/Countries/Asia/SouthAsia/SriLanka/Cities/ColomboAttractions.swift (in target 'TravelTap' from project 'TravelTap')
    cd /Users/erders/Documents/TravelTap
    

SwiftCompile normal arm64 /Users/erders/Documents/TravelTap/TravelTap/Data/Countries/Asia/SouthAsia/SriLanka/Cities/KandyAttractions.swift (in target 'TravelTap' from project 'TravelTap')
    cd /Users/erders/Documents/TravelTap
    

SwiftCompile normal arm64 /Users/erders/Documents/TravelTap/TravelTap/Data/Countries/Asia/SouthAsia/SriLanka/SriLankaPackage.swift (in target 'TravelTap' from project 'TravelTap')
    cd /Users/erders/Documents/TravelTap
    

SwiftCompile normal arm64 /Users/erders/Documents/TravelTap/TravelTap/Data/Countries/Asia/SoutheastAsia/Brunei/BruneiPackage.swift (in target 'TravelTap' from project 'TravelTap')
    cd /Users/erders/Documents/TravelTap
    

SwiftCompile normal arm64 /Users/erders/Documents/TravelTap/TravelTap/Data/Countries/Asia/SoutheastAsia/Brunei/Cities/BandarSeriBegawanAttractions.swift (in target 'TravelTap' from project 'TravelTap')
    cd /Users/erders/Documents/TravelTap
    

SwiftCompile normal arm64 /Users/erders/Documents/TravelTap/TravelTap/Data/Countries/Asia/SoutheastAsia/Brunei/Cities/BelaitAttractions.swift (in target 'TravelTap' from project 'TravelTap')
    cd /Users/erders/Documents/TravelTap
    

SwiftCompile normal arm64 /Users/erders/Documents/TravelTap/TravelTap/Data/Countries/Asia/SoutheastAsia/Brunei/Cities/TemburongAttractions.swift (in target 'TravelTap' from project 'TravelTap')
    cd /Users/erders/Documents/TravelTap
    

SwiftCompile normal arm64 /Users/erders/Documents/TravelTap/TravelTap/Data/Countries/Asia/SoutheastAsia/Brunei/Cities/TutongAttractions.swift (in target 'TravelTap' from project 'TravelTap')
    cd /Users/erders/Documents/TravelTap
    

SwiftCompile normal arm64 /Users/erders/Documents/TravelTap/TravelTap/Data/Countries/Asia/SoutheastAsia/Cambodia/CambodiaPackage.swift (in target 'TravelTap' from project 'TravelTap')
    cd /Users/erders/Documents/TravelTap
    

SwiftCompile normal arm64 /Users/erders/Documents/TravelTap/TravelTap/Data/Countries/Asia/SoutheastAsia/Cambodia/Cities/BattambangAttractions.swift (in target 'TravelTap' from project 'TravelTap')
    cd /Users/erders/Documents/TravelTap
    

SwiftCompile normal arm64 /Users/erders/Documents/TravelTap/TravelTap/Data/Countries/Asia/SoutheastAsia/Cambodia/Cities/KampotAttractions.swift (in target 'TravelTap' from project 'TravelTap')
    cd /Users/erders/Documents/TravelTap
    

SwiftCompile normal arm64 /Users/erders/Documents/TravelTap/TravelTap/Data/Countries/Asia/SoutheastAsia/Cambodia/Cities/KepAttractions.swift (in target 'TravelTap' from project 'TravelTap')
    cd /Users/erders/Documents/TravelTap
    

SwiftCompile normal arm64 /Users/erders/Documents/TravelTap/TravelTap/Data/Countries/Asia/SoutheastAsia/Cambodia/Cities/KratieAttractions.swift (in target 'TravelTap' from project 'TravelTap')
    cd /Users/erders/Documents/TravelTap
    

SwiftCompile normal arm64 /Users/erders/Documents/TravelTap/TravelTap/Data/Countries/Asia/SoutheastAsia/Cambodia/Cities/MondulkiriAttractions.swift (in target 'TravelTap' from project 'TravelTap')
    cd /Users/erders/Documents/TravelTap
    

SwiftCompile normal arm64 /Users/erders/Documents/TravelTap/TravelTap/Data/Countries/Asia/SoutheastAsia/Cambodia/Cities/PhnomPenhAttractions.swift (in target 'TravelTap' from project 'TravelTap')
    cd /Users/erders/Documents/TravelTap
    

SwiftCompile normal arm64 /Users/erders/Documents/TravelTap/TravelTap/Data/Countries/Asia/SoutheastAsia/Cambodia/Cities/RatanakiriAttractions.swift (in target 'TravelTap' from project 'TravelTap')
    cd /Users/erders/Documents/TravelTap
    

SwiftCompile normal arm64 /Users/erders/Documents/TravelTap/TravelTap/Data/Countries/Asia/SoutheastAsia/Cambodia/Cities/SiemReapAttractions.swift (in target 'TravelTap' from project 'TravelTap')
    cd /Users/erders/Documents/TravelTap
    

SwiftCompile normal arm64 /Users/erders/Documents/TravelTap/TravelTap/Data/Countries/Asia/SoutheastAsia/Cambodia/Cities/SihanoukvilleAttractions.swift (in target 'TravelTap' from project 'TravelTap')
    cd /Users/erders/Documents/TravelTap
    

SwiftDriverJobDiscovery normal arm64 Compiling PuntaGordaAttractions.swift, SanIgnacioAttractions.swift, SanPedroAttractions.swift, CaymanIslandsPackage.swift, BoddenTownAttractions.swift, CaymanBracAttractions.swift, EastEndAttractions.swift, GeorgeTownAttractions.swift, LittleCaymanAttractions.swift, NorthSideAttractions.swift, WestBayAttractions.swift, CartagoAttractions.swift, HerediaAttractions.swift, LaFortunaAttractions.swift, LiberiaAttractions.swift, MonteverdeAttractions.swift, PuertoJimenezAttractions.swift, PuertoViejoAttractions.swift, QueposAttractions.swift, SanJoseAttractions.swift, SantaTeresaAttractions.swift, TortugueroAttractions.swift, CostaRicaPackage.swift, BaracoaAttractions.swift, CamagueyAttractions.swift (in target 'TravelTap' from project 'TravelTap')

SwiftCompile normal arm64 Compiling\ MeccaAttractions.swift,\ MedinaAttractions.swift,\ AlAhsaAttractions.swift,\ AlKhobarAttractions.swift,\ TaifAttractions.swift,\ HailAttractions.swift,\ AbhaAttractions.swift,\ NajranAttractions.swift,\ TabukAttractions.swift,\ JazanAttractions.swift,\ AlUlaAttractions.swift,\ DeadSeaAttractions.swift,\ BaptismSiteAttractions.swift,\ AqabaAttractions.swift,\ DesertCastlesAttractions.swift,\ WadiRumAttractions.swift,\ JerashAttractions.swift,\ IrbidAttractions.swift,\ KarakAttractions.swift,\ AzraqAttractions.swift,\ MadabaAttractions.swift,\ SaltAttractions.swift,\ DanaAttractions.swift,\ ShobakAttractions.swift,\ NorthernAreasAttractions.swift /Users/erders/Documents/TravelTap/TravelTap/Data/Countries/Asia/MiddleEast/SaudiArabia/Cities/MeccaAttractions.swift /Users/erders/Documents/TravelTap/TravelTap/Data/Countries/Asia/MiddleEast/SaudiArabia/Cities/MedinaAttractions.swift /Users/erders/Documents/TravelTap/TravelTap/Data/Countries/Asia/MiddleEast/SaudiArabia/Cities/AlAhsaAttractions.swift /Users/erders/Documents/TravelTap/TravelTap/Data/Countries/Asia/MiddleEast/SaudiArabia/Cities/AlKhobarAttractions.swift /Users/erders/Documents/TravelTap/TravelTap/Data/Countries/Asia/MiddleEast/SaudiArabia/Cities/TaifAttractions.swift /Users/erders/Documents/TravelTap/TravelTap/Data/Countries/Asia/MiddleEast/SaudiArabia/Cities/HailAttractions.swift /Users/erders/Documents/TravelTap/TravelTap/Data/Countries/Asia/MiddleEast/SaudiArabia/Cities/AbhaAttractions.swift /Users/erders/Documents/TravelTap/TravelTap/Data/Countries/Asia/MiddleEast/SaudiArabia/Cities/NajranAttractions.swift /Users/erders/Documents/TravelTap/TravelTap/Data/Countries/Asia/MiddleEast/SaudiArabia/Cities/TabukAttractions.swift /Users/erders/Documents/TravelTap/TravelTap/Data/Countries/Asia/MiddleEast/SaudiArabia/Cities/JazanAttractions.swift /Users/erders/Documents/TravelTap/TravelTap/Data/Countries/Asia/MiddleEast/SaudiArabia/Cities/AlUlaAttractions.swift /Users/erders/Documents/TravelTap/TravelTap/Data/Countries/Asia/MiddleEast/Jordan/Cities/DeadSeaAttractions.swift /Users/erders/Documents/TravelTap/TravelTap/Data/Countries/Asia/MiddleEast/Jordan/Cities/BaptismSiteAttractions.swift /Users/erders/Documents/TravelTap/TravelTap/Data/Countries/Asia/MiddleEast/Jordan/Cities/AqabaAttractions.swift /Users/erders/Documents/TravelTap/TravelTap/Data/Countries/Asia/MiddleEast/Jordan/Cities/DesertCastlesAttractions.swift /Users/erders/Documents/TravelTap/TravelTap/Data/Countries/Asia/MiddleEast/Jordan/Cities/WadiRumAttractions.swift /Users/erders/Documents/TravelTap/TravelTap/Data/Countries/Asia/MiddleEast/Jordan/Cities/JerashAttractions.swift /Users/erders/Documents/TravelTap/TravelTap/Data/Countries/Asia/MiddleEast/Jordan/Cities/IrbidAttractions.swift /Users/erders/Documents/TravelTap/TravelTap/Data/Countries/Asia/MiddleEast/Jordan/Cities/KarakAttractions.swift /Users/erders/Documents/TravelTap/TravelTap/Data/Countries/Asia/MiddleEast/Jordan/Cities/AzraqAttractions.swift /Users/erders/Documents/TravelTap/TravelTap/Data/Countries/Asia/MiddleEast/Jordan/Cities/MadabaAttractions.swift /Users/erders/Documents/TravelTap/TravelTap/Data/Countries/Asia/MiddleEast/Jordan/Cities/SaltAttractions.swift /Users/erders/Documents/TravelTap/TravelTap/Data/Countries/Asia/MiddleEast/Jordan/Cities/DanaAttractions.swift /Users/erders/Documents/TravelTap/TravelTap/Data/Countries/Asia/MiddleEast/Jordan/Cities/ShobakAttractions.swift /Users/erders/Documents/TravelTap/TravelTap/Data/Countries/Asia/SouthAsia/Pakistan/Cities/NorthernAreasAttractions.swift (in target 'TravelTap' from project 'TravelTap')

SwiftCompile normal arm64 /Users/erders/Documents/TravelTap/TravelTap/Data/Countries/Asia/MiddleEast/SaudiArabia/Cities/MeccaAttractions.swift (in target 'TravelTap' from project 'TravelTap')
    cd /Users/erders/Documents/TravelTap
    

SwiftCompile normal arm64 /Users/erders/Documents/TravelTap/TravelTap/Data/Countries/Asia/MiddleEast/SaudiArabia/Cities/MedinaAttractions.swift (in target 'TravelTap' from project 'TravelTap')
    cd /Users/erders/Documents/TravelTap
    

SwiftCompile normal arm64 /Users/erders/Documents/TravelTap/TravelTap/Data/Countries/Asia/MiddleEast/SaudiArabia/Cities/AlAhsaAttractions.swift (in target 'TravelTap' from project 'TravelTap')
    cd /Users/erders/Documents/TravelTap
    

SwiftCompile normal arm64 /Users/erders/Documents/TravelTap/TravelTap/Data/Countries/Asia/MiddleEast/SaudiArabia/Cities/AlKhobarAttractions.swift (in target 'TravelTap' from project 'TravelTap')
    cd /Users/erders/Documents/TravelTap
    

SwiftCompile normal arm64 /Users/erders/Documents/TravelTap/TravelTap/Data/Countries/Asia/MiddleEast/SaudiArabia/Cities/TaifAttractions.swift (in target 'TravelTap' from project 'TravelTap')
    cd /Users/erders/Documents/TravelTap
    

SwiftCompile normal arm64 /Users/erders/Documents/TravelTap/TravelTap/Data/Countries/Asia/MiddleEast/SaudiArabia/Cities/HailAttractions.swift (in target 'TravelTap' from project 'TravelTap')
    cd /Users/erders/Documents/TravelTap
    

SwiftCompile normal arm64 /Users/erders/Documents/TravelTap/TravelTap/Data/Countries/Asia/MiddleEast/SaudiArabia/Cities/AbhaAttractions.swift (in target 'TravelTap' from project 'TravelTap')
    cd /Users/erders/Documents/TravelTap
    

SwiftCompile normal arm64 /Users/erders/Documents/TravelTap/TravelTap/Data/Countries/Asia/MiddleEast/SaudiArabia/Cities/NajranAttractions.swift (in target 'TravelTap' from project 'TravelTap')
    cd /Users/erders/Documents/TravelTap
    

SwiftCompile normal arm64 /Users/erders/Documents/TravelTap/TravelTap/Data/Countries/Asia/MiddleEast/SaudiArabia/Cities/TabukAttractions.swift (in target 'TravelTap' from project 'TravelTap')
    cd /Users/erders/Documents/TravelTap
    

SwiftCompile normal arm64 /Users/erders/Documents/TravelTap/TravelTap/Data/Countries/Asia/MiddleEast/SaudiArabia/Cities/JazanAttractions.swift (in target 'TravelTap' from project 'TravelTap')
    cd /Users/erders/Documents/TravelTap
    

SwiftCompile normal arm64 /Users/erders/Documents/TravelTap/TravelTap/Data/Countries/Asia/MiddleEast/SaudiArabia/Cities/AlUlaAttractions.swift (in target 'TravelTap' from project 'TravelTap')
    cd /Users/erders/Documents/TravelTap
    

SwiftCompile normal arm64 /Users/erders/Documents/TravelTap/TravelTap/Data/Countries/Asia/MiddleEast/Jordan/Cities/DeadSeaAttractions.swift (in target 'TravelTap' from project 'TravelTap')
    cd /Users/erders/Documents/TravelTap
    

SwiftCompile normal arm64 /Users/erders/Documents/TravelTap/TravelTap/Data/Countries/Asia/MiddleEast/Jordan/Cities/BaptismSiteAttractions.swift (in target 'TravelTap' from project 'TravelTap')
    cd /Users/erders/Documents/TravelTap
    

SwiftCompile normal arm64 /Users/erders/Documents/TravelTap/TravelTap/Data/Countries/Asia/MiddleEast/Jordan/Cities/AqabaAttractions.swift (in target 'TravelTap' from project 'TravelTap')
    cd /Users/erders/Documents/TravelTap
    

SwiftCompile normal arm64 /Users/erders/Documents/TravelTap/TravelTap/Data/Countries/Asia/MiddleEast/Jordan/Cities/DesertCastlesAttractions.swift (in target 'TravelTap' from project 'TravelTap')
    cd /Users/erders/Documents/TravelTap
    

SwiftCompile normal arm64 /Users/erders/Documents/TravelTap/TravelTap/Data/Countries/Asia/MiddleEast/Jordan/Cities/WadiRumAttractions.swift (in target 'TravelTap' from project 'TravelTap')
    cd /Users/erders/Documents/TravelTap
    

SwiftCompile normal arm64 /Users/erders/Documents/TravelTap/TravelTap/Data/Countries/Asia/MiddleEast/Jordan/Cities/JerashAttractions.swift (in target 'TravelTap' from project 'TravelTap')
    cd /Users/erders/Documents/TravelTap
    

SwiftCompile normal arm64 /Users/erders/Documents/TravelTap/TravelTap/Data/Countries/Asia/MiddleEast/Jordan/Cities/IrbidAttractions.swift (in target 'TravelTap' from project 'TravelTap')
    cd /Users/erders/Documents/TravelTap
    

SwiftCompile normal arm64 /Users/erders/Documents/TravelTap/TravelTap/Data/Countries/Asia/MiddleEast/Jordan/Cities/KarakAttractions.swift (in target 'TravelTap' from project 'TravelTap')
    cd /Users/erders/Documents/TravelTap
    

SwiftCompile normal arm64 /Users/erders/Documents/TravelTap/TravelTap/Data/Countries/Asia/MiddleEast/Jordan/Cities/AzraqAttractions.swift (in target 'TravelTap' from project 'TravelTap')
    cd /Users/erders/Documents/TravelTap
    

SwiftCompile normal arm64 /Users/erders/Documents/TravelTap/TravelTap/Data/Countries/Asia/MiddleEast/Jordan/Cities/MadabaAttractions.swift (in target 'TravelTap' from project 'TravelTap')
    cd /Users/erders/Documents/TravelTap
    

SwiftCompile normal arm64 /Users/erders/Documents/TravelTap/TravelTap/Data/Countries/Asia/MiddleEast/Jordan/Cities/SaltAttractions.swift (in target 'TravelTap' from project 'TravelTap')
    cd /Users/erders/Documents/TravelTap
    

SwiftCompile normal arm64 /Users/erders/Documents/TravelTap/TravelTap/Data/Countries/Asia/MiddleEast/Jordan/Cities/DanaAttractions.swift (in target 'TravelTap' from project 'TravelTap')
    cd /Users/erders/Documents/TravelTap
    

SwiftCompile normal arm64 /Users/erders/Documents/TravelTap/TravelTap/Data/Countries/Asia/MiddleEast/Jordan/Cities/ShobakAttractions.swift (in target 'TravelTap' from project 'TravelTap')
    cd /Users/erders/Documents/TravelTap
    

SwiftCompile normal arm64 /Users/erders/Documents/TravelTap/TravelTap/Data/Countries/Asia/SouthAsia/Pakistan/Cities/NorthernAreasAttractions.swift (in target 'TravelTap' from project 'TravelTap')
    cd /Users/erders/Documents/TravelTap
    

SwiftDriverJobDiscovery normal arm64 Compiling KosraeAttractions.swift, PohnpeiAttractions.swift, YapAttractions.swift, MicronesiaPackage.swift, GrandTerreAttractions.swift, IsleOfPinesAttractions.swift, LoyaltyIslandsAttractions.swift, NoumeaAttractions.swift, NewCaledoniaPackage.swift, AucklandAttractions.swift, ChristchurchAttractions.swift, NorthlandAttractions.swift, QueenstownAttractions.swift, RotoruaAttractions.swift, SouthIslandAttractions.swift, WaikatoAttractions.swift, WellingtonAttractions.swift, NewZealandPackage.swift, BabeldaobAttractions.swift, KororAttractions.swift, RockIslandsAttractions.swift, PalauPackage.swift, IslandsAttractions.swift, MomaseAttractions.swift, PortMoresbyAttractions.swift (in target 'TravelTap' from project 'TravelTap')

SwiftCompile normal arm64 Compiling\ KangarooIslandAttractions.swift,\ KarijiniAttractions.swift,\ KingIslandAttractions.swift,\ LauncestonAttractions.swift,\ LordHoweIslandAttractions.swift,\ MargaretRiverAttractions.swift,\ MariaIslandAttractions.swift,\ MelbourneAttractions.swift,\ MoleCreekAttractions.swift,\ MtFieldAttractions.swift,\ NorthWestTasmaniaAttractions.swift,\ PerthAttractions.swift,\ PhillipIslandAttractions.swift,\ SunshineCoastAttractions.swift,\ SydneyAttractions.swift,\ TasmanPeninsulaAttractions.swift,\ UluruAttractions.swift,\ WhitsundaysAttractions.swift,\ YarraValleyAttractions.swift,\ AitutakiAttractions.swift,\ AtiuAttractions.swift,\ MangaiaAttractions.swift,\ MaukeAttractions.swift,\ MitiaroAttractions.swift,\ RarotongaAttractions.swift /Users/erders/Documents/TravelTap/TravelTap/Data/Countries/Oceania/Australia/Cities/KangarooIslandAttractions.swift /Users/erders/Documents/TravelTap/TravelTap/Data/Countries/Oceania/Australia/Cities/KarijiniAttractions.swift /Users/erders/Documents/TravelTap/TravelTap/Data/Countries/Oceania/Australia/Cities/KingIslandAttractions.swift /Users/erders/Documents/TravelTap/TravelTap/Data/Countries/Oceania/Australia/Cities/LauncestonAttractions.swift /Users/erders/Documents/TravelTap/TravelTap/Data/Countries/Oceania/Australia/Cities/LordHoweIslandAttractions.swift /Users/erders/Documents/TravelTap/TravelTap/Data/Countries/Oceania/Australia/Cities/MargaretRiverAttractions.swift /Users/erders/Documents/TravelTap/TravelTap/Data/Countries/Oceania/Australia/Cities/MariaIslandAttractions.swift /Users/erders/Documents/TravelTap/TravelTap/Data/Countries/Oceania/Australia/Cities/MelbourneAttractions.swift /Users/erders/Documents/TravelTap/TravelTap/Data/Countries/Oceania/Australia/Cities/MoleCreekAttractions.swift /Users/erders/Documents/TravelTap/TravelTap/Data/Countries/Oceania/Australia/Cities/MtFieldAttractions.swift /Users/erders/Documents/TravelTap/TravelTap/Data/Countries/Oceania/Australia/Cities/NorthWestTasmaniaAttractions.swift /Users/erders/Documents/TravelTap/TravelTap/Data/Countries/Oceania/Australia/Cities/PerthAttractions.swift /Users/erders/Documents/TravelTap/TravelTap/Data/Countries/Oceania/Australia/Cities/PhillipIslandAttractions.swift /Users/erders/Documents/TravelTap/TravelTap/Data/Countries/Oceania/Australia/Cities/SunshineCoastAttractions.swift /Users/erders/Documents/TravelTap/TravelTap/Data/Countries/Oceania/Australia/Cities/SydneyAttractions.swift /Users/erders/Documents/TravelTap/TravelTap/Data/Countries/Oceania/Australia/Cities/TasmanPeninsulaAttractions.swift /Users/erders/Documents/TravelTap/TravelTap/Data/Countries/Oceania/Australia/Cities/UluruAttractions.swift /Users/erders/Documents/TravelTap/TravelTap/Data/Countries/Oceania/Australia/Cities/WhitsundaysAttractions.swift /Users/erders/Documents/TravelTap/TravelTap/Data/Countries/Oceania/Australia/Cities/YarraValleyAttractions.swift /Users/erders/Documents/TravelTap/TravelTap/Data/Countries/Oceania/CookIslands/Cities/AitutakiAttractions.swift /Users/erders/Documents/TravelTap/TravelTap/Data/Countries/Oceania/CookIslands/Cities/AtiuAttractions.swift /Users/erders/Documents/TravelTap/TravelTap/Data/Countries/Oceania/CookIslands/Cities/MangaiaAttractions.swift /Users/erders/Documents/TravelTap/TravelTap/Data/Countries/Oceania/CookIslands/Cities/MaukeAttractions.swift /Users/erders/Documents/TravelTap/TravelTap/Data/Countries/Oceania/CookIslands/Cities/MitiaroAttractions.swift /Users/erders/Documents/TravelTap/TravelTap/Data/Countries/Oceania/CookIslands/Cities/RarotongaAttractions.swift (in target 'TravelTap' from project 'TravelTap')

SwiftCompile normal arm64 /Users/erders/Documents/TravelTap/TravelTap/Data/Countries/Oceania/Australia/Cities/KangarooIslandAttractions.swift (in target 'TravelTap' from project 'TravelTap')
    cd /Users/erders/Documents/TravelTap
    

SwiftCompile normal arm64 /Users/erders/Documents/TravelTap/TravelTap/Data/Countries/Oceania/Australia/Cities/KarijiniAttractions.swift (in target 'TravelTap' from project 'TravelTap')
    cd /Users/erders/Documents/TravelTap
    

SwiftCompile normal arm64 /Users/erders/Documents/TravelTap/TravelTap/Data/Countries/Oceania/Australia/Cities/KingIslandAttractions.swift (in target 'TravelTap' from project 'TravelTap')
    cd /Users/erders/Documents/TravelTap
    

SwiftCompile normal arm64 /Users/erders/Documents/TravelTap/TravelTap/Data/Countries/Oceania/Australia/Cities/LauncestonAttractions.swift (in target 'TravelTap' from project 'TravelTap')
    cd /Users/erders/Documents/TravelTap
    

SwiftCompile normal arm64 /Users/erders/Documents/TravelTap/TravelTap/Data/Countries/Oceania/Australia/Cities/LordHoweIslandAttractions.swift (in target 'TravelTap' from project 'TravelTap')
    cd /Users/erders/Documents/TravelTap
    

SwiftCompile normal arm64 /Users/erders/Documents/TravelTap/TravelTap/Data/Countries/Oceania/Australia/Cities/MargaretRiverAttractions.swift (in target 'TravelTap' from project 'TravelTap')
    cd /Users/erders/Documents/TravelTap
    

SwiftCompile normal arm64 /Users/erders/Documents/TravelTap/TravelTap/Data/Countries/Oceania/Australia/Cities/MariaIslandAttractions.swift (in target 'TravelTap' from project 'TravelTap')
    cd /Users/erders/Documents/TravelTap
    

SwiftCompile normal arm64 /Users/erders/Documents/TravelTap/TravelTap/Data/Countries/Oceania/Australia/Cities/MelbourneAttractions.swift (in target 'TravelTap' from project 'TravelTap')
    cd /Users/erders/Documents/TravelTap
    

SwiftCompile normal arm64 /Users/erders/Documents/TravelTap/TravelTap/Data/Countries/Oceania/Australia/Cities/MoleCreekAttractions.swift (in target 'TravelTap' from project 'TravelTap')
    cd /Users/erders/Documents/TravelTap
    

SwiftCompile normal arm64 /Users/erders/Documents/TravelTap/TravelTap/Data/Countries/Oceania/Australia/Cities/MtFieldAttractions.swift (in target 'TravelTap' from project 'TravelTap')
    cd /Users/erders/Documents/TravelTap
    

SwiftCompile normal arm64 /Users/erders/Documents/TravelTap/TravelTap/Data/Countries/Oceania/Australia/Cities/NorthWestTasmaniaAttractions.swift (in target 'TravelTap' from project 'TravelTap')
    cd /Users/erders/Documents/TravelTap
    

SwiftCompile normal arm64 /Users/erders/Documents/TravelTap/TravelTap/Data/Countries/Oceania/Australia/Cities/PerthAttractions.swift (in target 'TravelTap' from project 'TravelTap')
    cd /Users/erders/Documents/TravelTap
    

SwiftCompile normal arm64 /Users/erders/Documents/TravelTap/TravelTap/Data/Countries/Oceania/Australia/Cities/PhillipIslandAttractions.swift (in target 'TravelTap' from project 'TravelTap')
    cd /Users/erders/Documents/TravelTap
    

SwiftCompile normal arm64 /Users/erders/Documents/TravelTap/TravelTap/Data/Countries/Oceania/Australia/Cities/SunshineCoastAttractions.swift (in target 'TravelTap' from project 'TravelTap')
    cd /Users/erders/Documents/TravelTap
    

SwiftCompile normal arm64 /Users/erders/Documents/TravelTap/TravelTap/Data/Countries/Oceania/Australia/Cities/SydneyAttractions.swift (in target 'TravelTap' from project 'TravelTap')
    cd /Users/erders/Documents/TravelTap
    

SwiftCompile normal arm64 /Users/erders/Documents/TravelTap/TravelTap/Data/Countries/Oceania/Australia/Cities/TasmanPeninsulaAttractions.swift (in target 'TravelTap' from project 'TravelTap')
    cd /Users/erders/Documents/TravelTap
    

SwiftCompile normal arm64 /Users/erders/Documents/TravelTap/TravelTap/Data/Countries/Oceania/Australia/Cities/UluruAttractions.swift (in target 'TravelTap' from project 'TravelTap')
    cd /Users/erders/Documents/TravelTap
    

SwiftCompile normal arm64 /Users/erders/Documents/TravelTap/TravelTap/Data/Countries/Oceania/Australia/Cities/WhitsundaysAttractions.swift (in target 'TravelTap' from project 'TravelTap')
    cd /Users/erders/Documents/TravelTap
    

SwiftCompile normal arm64 /Users/erders/Documents/TravelTap/TravelTap/Data/Countries/Oceania/Australia/Cities/YarraValleyAttractions.swift (in target 'TravelTap' from project 'TravelTap')
    cd /Users/erders/Documents/TravelTap
    

SwiftCompile normal arm64 /Users/erders/Documents/TravelTap/TravelTap/Data/Countries/Oceania/CookIslands/Cities/AitutakiAttractions.swift (in target 'TravelTap' from project 'TravelTap')
    cd /Users/erders/Documents/TravelTap
    

SwiftCompile normal arm64 /Users/erders/Documents/TravelTap/TravelTap/Data/Countries/Oceania/CookIslands/Cities/AtiuAttractions.swift (in target 'TravelTap' from project 'TravelTap')
    cd /Users/erders/Documents/TravelTap
    

SwiftCompile normal arm64 /Users/erders/Documents/TravelTap/TravelTap/Data/Countries/Oceania/CookIslands/Cities/MangaiaAttractions.swift (in target 'TravelTap' from project 'TravelTap')
    cd /Users/erders/Documents/TravelTap
    

SwiftCompile normal arm64 /Users/erders/Documents/TravelTap/TravelTap/Data/Countries/Oceania/CookIslands/Cities/MaukeAttractions.swift (in target 'TravelTap' from project 'TravelTap')
    cd /Users/erders/Documents/TravelTap
    

SwiftCompile normal arm64 /Users/erders/Documents/TravelTap/TravelTap/Data/Countries/Oceania/CookIslands/Cities/MitiaroAttractions.swift (in target 'TravelTap' from project 'TravelTap')
    cd /Users/erders/Documents/TravelTap
    

SwiftCompile normal arm64 /Users/erders/Documents/TravelTap/TravelTap/Data/Countries/Oceania/CookIslands/Cities/RarotongaAttractions.swift (in target 'TravelTap' from project 'TravelTap')
    cd /Users/erders/Documents/TravelTap
    

SwiftDriverJobDiscovery normal arm64 Compiling BahamasPackage.swift, AndrosAttractions.swift, BiminiAttractions.swift, EleutheraAttractions.swift, ExumaAttractions.swift, GrandBahamaAttractions.swift, LongIslandAttractions.swift, NassauAttractions.swift, ParadiseIslandAttractions.swift, BarbadosPackage.swift, BarbadosStThomasAttractions.swift, BridgetownAttractions.swift, ChristChurchAttractions.swift, StAndrewAttractions.swift, StJamesAttractions.swift, StJohnAttractions.swift, StLucyAttractions.swift, StPeterAttractions.swift, StPhilipAttractions.swift, BelizePackage.swift, BelizeCityAttractions.swift, CayeCaulkerAttractions.swift, HopkinsAttractions.swift, OrangeWalkAttractions.swift, PlacenciaAttractions.swift (in target 'TravelTap' from project 'TravelTap')

SwiftCompile normal arm64 Compiling\ LomeMaritimeAttractions.swift,\ SavanesKoutammakouAttractions.swift,\ TogoPackage.swift,\ ArmeniaPackage.swift,\ AlaverdiAttractions.swift,\ AreniAttractions.swift,\ AshtarakAttractions.swift,\ DilijanAttractions.swift,\ EtchmiadzinAttractions.swift,\ GarniAttractions.swift,\ SevanAttractions.swift,\ YerevanAttractions.swift,\ AzerbaijanPackage.swift,\ BakuAttractions.swift,\ GabalaAttractions.swift,\ GanjaAttractions.swift,\ LankaranAttractions.swift,\ NaftalanAttractions.swift,\ NakhchivanAttractions.swift,\ QubaAttractions.swift,\ ShekiAttractions.swift,\ BatumiAttractions.swift,\ KazbegiAttractions.swift,\ KutaisiAttractions.swift,\ MestiaAttractions.swift /Users/erders/Documents/TravelTap/TravelTap/Data/Countries/Africa/WestAfrica/Togo/Cities/LomeMaritimeAttractions.swift /Users/erders/Documents/TravelTap/TravelTap/Data/Countries/Africa/WestAfrica/Togo/Cities/SavanesKoutammakouAttractions.swift /Users/erders/Documents/TravelTap/TravelTap/Data/Countries/Africa/WestAfrica/Togo/TogoPackage.swift /Users/erders/Documents/TravelTap/TravelTap/Data/Countries/Asia/CentralAsia/Armenia/ArmeniaPackage.swift /Users/erders/Documents/TravelTap/TravelTap/Data/Countries/Asia/CentralAsia/Armenia/Cities/AlaverdiAttractions.swift /Users/erders/Documents/TravelTap/TravelTap/Data/Countries/Asia/CentralAsia/Armenia/Cities/AreniAttractions.swift /Users/erders/Documents/TravelTap/TravelTap/Data/Countries/Asia/CentralAsia/Armenia/Cities/AshtarakAttractions.swift /Users/erders/Documents/TravelTap/TravelTap/Data/Countries/Asia/CentralAsia/Armenia/Cities/DilijanAttractions.swift /Users/erders/Documents/TravelTap/TravelTap/Data/Countries/Asia/CentralAsia/Armenia/Cities/EtchmiadzinAttractions.swift /Users/erders/Documents/TravelTap/TravelTap/Data/Countries/Asia/CentralAsia/Armenia/Cities/GarniAttractions.swift /Users/erders/Documents/TravelTap/TravelTap/Data/Countries/Asia/CentralAsia/Armenia/Cities/SevanAttractions.swift /Users/erders/Documents/TravelTap/TravelTap/Data/Countries/Asia/CentralAsia/Armenia/Cities/YerevanAttractions.swift /Users/erders/Documents/TravelTap/TravelTap/Data/Countries/Asia/CentralAsia/Azerbaijan/AzerbaijanPackage.swift /Users/erders/Documents/TravelTap/TravelTap/Data/Countries/Asia/CentralAsia/Azerbaijan/Cities/BakuAttractions.swift /Users/erders/Documents/TravelTap/TravelTap/Data/Countries/Asia/CentralAsia/Azerbaijan/Cities/GabalaAttractions.swift /Users/erders/Documents/TravelTap/TravelTap/Data/Countries/Asia/CentralAsia/Azerbaijan/Cities/GanjaAttractions.swift /Users/erders/Documents/TravelTap/TravelTap/Data/Countries/Asia/CentralAsia/Azerbaijan/Cities/LankaranAttractions.swift /Users/erders/Documents/TravelTap/TravelTap/Data/Countries/Asia/CentralAsia/Azerbaijan/Cities/NaftalanAttractions.swift /Users/erders/Documents/TravelTap/TravelTap/Data/Countries/Asia/CentralAsia/Azerbaijan/Cities/NakhchivanAttractions.swift /Users/erders/Documents/TravelTap/TravelTap/Data/Countries/Asia/CentralAsia/Azerbaijan/Cities/QubaAttractions.swift /Users/erders/Documents/TravelTap/TravelTap/Data/Countries/Asia/CentralAsia/Azerbaijan/Cities/ShekiAttractions.swift /Users/erders/Documents/TravelTap/TravelTap/Data/Countries/Asia/CentralAsia/Georgia/Cities/BatumiAttractions.swift /Users/erders/Documents/TravelTap/TravelTap/Data/Countries/Asia/CentralAsia/Georgia/Cities/KazbegiAttractions.swift /Users/erders/Documents/TravelTap/TravelTap/Data/Countries/Asia/CentralAsia/Georgia/Cities/KutaisiAttractions.swift /Users/erders/Documents/TravelTap/TravelTap/Data/Countries/Asia/CentralAsia/Georgia/Cities/MestiaAttractions.swift (in target 'TravelTap' from project 'TravelTap')

SwiftCompile normal arm64 /Users/erders/Documents/TravelTap/TravelTap/Data/Countries/Africa/WestAfrica/Togo/Cities/LomeMaritimeAttractions.swift (in target 'TravelTap' from project 'TravelTap')
    cd /Users/erders/Documents/TravelTap
    

SwiftCompile normal arm64 /Users/erders/Documents/TravelTap/TravelTap/Data/Countries/Africa/WestAfrica/Togo/Cities/SavanesKoutammakouAttractions.swift (in target 'TravelTap' from project 'TravelTap')
    cd /Users/erders/Documents/TravelTap
    

SwiftCompile normal arm64 /Users/erders/Documents/TravelTap/TravelTap/Data/Countries/Africa/WestAfrica/Togo/TogoPackage.swift (in target 'TravelTap' from project 'TravelTap')
    cd /Users/erders/Documents/TravelTap
    

SwiftCompile normal arm64 /Users/erders/Documents/TravelTap/TravelTap/Data/Countries/Asia/CentralAsia/Armenia/ArmeniaPackage.swift (in target 'TravelTap' from project 'TravelTap')
    cd /Users/erders/Documents/TravelTap
    

SwiftCompile normal arm64 /Users/erders/Documents/TravelTap/TravelTap/Data/Countries/Asia/CentralAsia/Armenia/Cities/AlaverdiAttractions.swift (in target 'TravelTap' from project 'TravelTap')
    cd /Users/erders/Documents/TravelTap
    

SwiftCompile normal arm64 /Users/erders/Documents/TravelTap/TravelTap/Data/Countries/Asia/CentralAsia/Armenia/Cities/AreniAttractions.swift (in target 'TravelTap' from project 'TravelTap')
    cd /Users/erders/Documents/TravelTap
    

SwiftCompile normal arm64 /Users/erders/Documents/TravelTap/TravelTap/Data/Countries/Asia/CentralAsia/Armenia/Cities/AshtarakAttractions.swift (in target 'TravelTap' from project 'TravelTap')
    cd /Users/erders/Documents/TravelTap
    

SwiftCompile normal arm64 /Users/erders/Documents/TravelTap/TravelTap/Data/Countries/Asia/CentralAsia/Armenia/Cities/DilijanAttractions.swift (in target 'TravelTap' from project 'TravelTap')
    cd /Users/erders/Documents/TravelTap
    

SwiftCompile normal arm64 /Users/erders/Documents/TravelTap/TravelTap/Data/Countries/Asia/CentralAsia/Armenia/Cities/EtchmiadzinAttractions.swift (in target 'TravelTap' from project 'TravelTap')
    cd /Users/erders/Documents/TravelTap
    

SwiftCompile normal arm64 /Users/erders/Documents/TravelTap/TravelTap/Data/Countries/Asia/CentralAsia/Armenia/Cities/GarniAttractions.swift (in target 'TravelTap' from project 'TravelTap')
    cd /Users/erders/Documents/TravelTap
    

SwiftCompile normal arm64 /Users/erders/Documents/TravelTap/TravelTap/Data/Countries/Asia/CentralAsia/Armenia/Cities/SevanAttractions.swift (in target 'TravelTap' from project 'TravelTap')
    cd /Users/erders/Documents/TravelTap
    

SwiftCompile normal arm64 /Users/erders/Documents/TravelTap/TravelTap/Data/Countries/Asia/CentralAsia/Armenia/Cities/YerevanAttractions.swift (in target 'TravelTap' from project 'TravelTap')
    cd /Users/erders/Documents/TravelTap
    

SwiftCompile normal arm64 /Users/erders/Documents/TravelTap/TravelTap/Data/Countries/Asia/CentralAsia/Azerbaijan/AzerbaijanPackage.swift (in target 'TravelTap' from project 'TravelTap')
    cd /Users/erders/Documents/TravelTap
    

SwiftCompile normal arm64 /Users/erders/Documents/TravelTap/TravelTap/Data/Countries/Asia/CentralAsia/Azerbaijan/Cities/BakuAttractions.swift (in target 'TravelTap' from project 'TravelTap')
    cd /Users/erders/Documents/TravelTap
    

SwiftCompile normal arm64 /Users/erders/Documents/TravelTap/TravelTap/Data/Countries/Asia/CentralAsia/Azerbaijan/Cities/GabalaAttractions.swift (in target 'TravelTap' from project 'TravelTap')
    cd /Users/erders/Documents/TravelTap
    

SwiftCompile normal arm64 /Users/erders/Documents/TravelTap/TravelTap/Data/Countries/Asia/CentralAsia/Azerbaijan/Cities/GanjaAttractions.swift (in target 'TravelTap' from project 'TravelTap')
    cd /Users/erders/Documents/TravelTap
    

SwiftCompile normal arm64 /Users/erders/Documents/TravelTap/TravelTap/Data/Countries/Asia/CentralAsia/Azerbaijan/Cities/LankaranAttractions.swift (in target 'TravelTap' from project 'TravelTap')
    cd /Users/erders/Documents/TravelTap
    

SwiftCompile normal arm64 /Users/erders/Documents/TravelTap/TravelTap/Data/Countries/Asia/CentralAsia/Azerbaijan/Cities/NaftalanAttractions.swift (in target 'TravelTap' from project 'TravelTap')
    cd /Users/erders/Documents/TravelTap
    

SwiftCompile normal arm64 /Users/erders/Documents/TravelTap/TravelTap/Data/Countries/Asia/CentralAsia/Azerbaijan/Cities/NakhchivanAttractions.swift (in target 'TravelTap' from project 'TravelTap')
    cd /Users/erders/Documents/TravelTap
    

SwiftCompile normal arm64 /Users/erders/Documents/TravelTap/TravelTap/Data/Countries/Asia/CentralAsia/Azerbaijan/Cities/QubaAttractions.swift (in target 'TravelTap' from project 'TravelTap')
    cd /Users/erders/Documents/TravelTap
    

SwiftCompile normal arm64 /Users/erders/Documents/TravelTap/TravelTap/Data/Countries/Asia/CentralAsia/Azerbaijan/Cities/ShekiAttractions.swift (in target 'TravelTap' from project 'TravelTap')
    cd /Users/erders/Documents/TravelTap
    

SwiftCompile normal arm64 /Users/erders/Documents/TravelTap/TravelTap/Data/Countries/Asia/CentralAsia/Georgia/Cities/BatumiAttractions.swift (in target 'TravelTap' from project 'TravelTap')
    cd /Users/erders/Documents/TravelTap
    

SwiftCompile normal arm64 /Users/erders/Documents/TravelTap/TravelTap/Data/Countries/Asia/CentralAsia/Georgia/Cities/KazbegiAttractions.swift (in target 'TravelTap' from project 'TravelTap')
    cd /Users/erders/Documents/TravelTap
    

SwiftCompile normal arm64 /Users/erders/Documents/TravelTap/TravelTap/Data/Countries/Asia/CentralAsia/Georgia/Cities/KutaisiAttractions.swift (in target 'TravelTap' from project 'TravelTap')
    cd /Users/erders/Documents/TravelTap
    

SwiftCompile normal arm64 /Users/erders/Documents/TravelTap/TravelTap/Data/Countries/Asia/CentralAsia/Georgia/Cities/MestiaAttractions.swift (in target 'TravelTap' from project 'TravelTap')
    cd /Users/erders/Documents/TravelTap
    

SwiftDriverJobDiscovery normal arm64 Compiling UruguayPackage.swift, BarquisimetoAttractions.swift, CanaimaAttractions.swift, CaracasAttractions.swift, ChoroniAttractions.swift, CiudadBolivarAttractions.swift, ColoniaTovarAttractions.swift, CoroAttractions.swift, GranSabanaAttractions.swift, IslaMargaritaAttractions.swift, LosRoquesAttractions.swift, MaracaiboAttractions.swift, MochimaAttractions.swift, MorrocoyAttractions.swift, OrinocoDeltaAttractions.swift, VenezuelaPackage.swift, WestBengalAttractions.swift, HimachalPradeshAttractions.swift, RajasthanAttractions.swift, OdishaAttractions.swift, UttarakhandAttractions.swift, GujaratAttractions.swift, TamilNaduAttractions.swift, AndamanAttractions.swift, NortheastIndiaAttractions.swift (in target 'TravelTap' from project 'TravelTap')

SwiftCompile normal arm64 Compiling\ ErbilAttractions.swift,\ IraqPackage.swift,\ HaifaAttractions.swift,\ TelAvivAttractions.swift,\ IsraelPackage.swift,\ AmmanAttractions.swift,\ PetraAttractions.swift,\ JordanPackage.swift,\ KuwaitCityAttractions.swift,\ KuwaitPackage.swift,\ BeirutAttractions.swift,\ LebanonPackage.swift,\ MuscatAttractions.swift,\ OmanPackage.swift,\ DohaAttractions.swift,\ QatarPackage.swift,\ JeddahAttractions.swift,\ RiyadhAttractions.swift,\ SaudiArabiaPackage.swift,\ DamascusAttractions.swift,\ SyriaPackage.swift,\ AbuDhabiAttractions.swift,\ DubaiAttractions.swift,\ UAEPackage.swift,\ BangladeshPackage.swift /Users/erders/Documents/TravelTap/TravelTap/Data/Countries/Asia/MiddleEast/Iraq/Cities/ErbilAttractions.swift /Users/erders/Documents/TravelTap/TravelTap/Data/Countries/Asia/MiddleEast/Iraq/IraqPackage.swift /Users/erders/Documents/TravelTap/TravelTap/Data/Countries/Asia/MiddleEast/Israel/Cities/HaifaAttractions.swift /Users/erders/Documents/TravelTap/TravelTap/Data/Countries/Asia/MiddleEast/Israel/Cities/TelAvivAttractions.swift /Users/erders/Documents/TravelTap/TravelTap/Data/Countries/Asia/MiddleEast/Israel/IsraelPackage.swift /Users/erders/Documents/TravelTap/TravelTap/Data/Countries/Asia/MiddleEast/Jordan/Cities/AmmanAttractions.swift /Users/erders/Documents/TravelTap/TravelTap/Data/Countries/Asia/MiddleEast/Jordan/Cities/PetraAttractions.swift /Users/erders/Documents/TravelTap/TravelTap/Data/Countries/Asia/MiddleEast/Jordan/JordanPackage.swift /Users/erders/Documents/TravelTap/TravelTap/Data/Countries/Asia/MiddleEast/Kuwait/Cities/KuwaitCityAttractions.swift /Users/erders/Documents/TravelTap/TravelTap/Data/Countries/Asia/MiddleEast/Kuwait/KuwaitPackage.swift /Users/erders/Documents/TravelTap/TravelTap/Data/Countries/Asia/MiddleEast/Lebanon/Cities/BeirutAttractions.swift /Users/erders/Documents/TravelTap/TravelTap/Data/Countries/Asia/MiddleEast/Lebanon/LebanonPackage.swift /Users/erders/Documents/TravelTap/TravelTap/Data/Countries/Asia/MiddleEast/Oman/Cities/MuscatAttractions.swift /Users/erders/Documents/TravelTap/TravelTap/Data/Countries/Asia/MiddleEast/Oman/OmanPackage.swift /Users/erders/Documents/TravelTap/TravelTap/Data/Countries/Asia/MiddleEast/Qatar/Cities/DohaAttractions.swift /Users/erders/Documents/TravelTap/TravelTap/Data/Countries/Asia/MiddleEast/Qatar/QatarPackage.swift /Users/erders/Documents/TravelTap/TravelTap/Data/Countries/Asia/MiddleEast/SaudiArabia/Cities/JeddahAttractions.swift /Users/erders/Documents/TravelTap/TravelTap/Data/Countries/Asia/MiddleEast/SaudiArabia/Cities/RiyadhAttractions.swift /Users/erders/Documents/TravelTap/TravelTap/Data/Countries/Asia/MiddleEast/SaudiArabia/SaudiArabiaPackage.swift /Users/erders/Documents/TravelTap/TravelTap/Data/Countries/Asia/MiddleEast/Syria/Cities/DamascusAttractions.swift /Users/erders/Documents/TravelTap/TravelTap/Data/Countries/Asia/MiddleEast/Syria/SyriaPackage.swift /Users/erders/Documents/TravelTap/TravelTap/Data/Countries/Asia/MiddleEast/UAE/Cities/AbuDhabiAttractions.swift /Users/erders/Documents/TravelTap/TravelTap/Data/Countries/Asia/MiddleEast/UAE/Cities/DubaiAttractions.swift /Users/erders/Documents/TravelTap/TravelTap/Data/Countries/Asia/MiddleEast/UAE/UAEPackage.swift /Users/erders/Documents/TravelTap/TravelTap/Data/Countries/Asia/SouthAsia/Bangladesh/BangladeshPackage.swift (in target 'TravelTap' from project 'TravelTap')

SwiftCompile normal arm64 /Users/erders/Documents/TravelTap/TravelTap/Data/Countries/Asia/MiddleEast/Iraq/Cities/ErbilAttractions.swift (in target 'TravelTap' from project 'TravelTap')
    cd /Users/erders/Documents/TravelTap
    

SwiftCompile normal arm64 /Users/erders/Documents/TravelTap/TravelTap/Data/Countries/Asia/MiddleEast/Iraq/IraqPackage.swift (in target 'TravelTap' from project 'TravelTap')
    cd /Users/erders/Documents/TravelTap
    

SwiftCompile normal arm64 /Users/erders/Documents/TravelTap/TravelTap/Data/Countries/Asia/MiddleEast/Israel/Cities/HaifaAttractions.swift (in target 'TravelTap' from project 'TravelTap')
    cd /Users/erders/Documents/TravelTap
    

SwiftCompile normal arm64 /Users/erders/Documents/TravelTap/TravelTap/Data/Countries/Asia/MiddleEast/Israel/Cities/TelAvivAttractions.swift (in target 'TravelTap' from project 'TravelTap')
    cd /Users/erders/Documents/TravelTap
    

SwiftCompile normal arm64 /Users/erders/Documents/TravelTap/TravelTap/Data/Countries/Asia/MiddleEast/Israel/IsraelPackage.swift (in target 'TravelTap' from project 'TravelTap')
    cd /Users/erders/Documents/TravelTap
    

SwiftCompile normal arm64 /Users/erders/Documents/TravelTap/TravelTap/Data/Countries/Asia/MiddleEast/Jordan/Cities/AmmanAttractions.swift (in target 'TravelTap' from project 'TravelTap')
    cd /Users/erders/Documents/TravelTap
    

SwiftCompile normal arm64 /Users/erders/Documents/TravelTap/TravelTap/Data/Countries/Asia/MiddleEast/Jordan/Cities/PetraAttractions.swift (in target 'TravelTap' from project 'TravelTap')
    cd /Users/erders/Documents/TravelTap
    

SwiftCompile normal arm64 /Users/erders/Documents/TravelTap/TravelTap/Data/Countries/Asia/MiddleEast/Jordan/JordanPackage.swift (in target 'TravelTap' from project 'TravelTap')
    cd /Users/erders/Documents/TravelTap
    

SwiftCompile normal arm64 /Users/erders/Documents/TravelTap/TravelTap/Data/Countries/Asia/MiddleEast/Kuwait/Cities/KuwaitCityAttractions.swift (in target 'TravelTap' from project 'TravelTap')
    cd /Users/erders/Documents/TravelTap
    

SwiftCompile normal arm64 /Users/erders/Documents/TravelTap/TravelTap/Data/Countries/Asia/MiddleEast/Kuwait/KuwaitPackage.swift (in target 'TravelTap' from project 'TravelTap')
    cd /Users/erders/Documents/TravelTap
    

SwiftCompile normal arm64 /Users/erders/Documents/TravelTap/TravelTap/Data/Countries/Asia/MiddleEast/Lebanon/Cities/BeirutAttractions.swift (in target 'TravelTap' from project 'TravelTap')
    cd /Users/erders/Documents/TravelTap
    

SwiftCompile normal arm64 /Users/erders/Documents/TravelTap/TravelTap/Data/Countries/Asia/MiddleEast/Lebanon/LebanonPackage.swift (in target 'TravelTap' from project 'TravelTap')
    cd /Users/erders/Documents/TravelTap
    

SwiftCompile normal arm64 /Users/erders/Documents/TravelTap/TravelTap/Data/Countries/Asia/MiddleEast/Oman/Cities/MuscatAttractions.swift (in target 'TravelTap' from project 'TravelTap')
    cd /Users/erders/Documents/TravelTap
    

SwiftCompile normal arm64 /Users/erders/Documents/TravelTap/TravelTap/Data/Countries/Asia/MiddleEast/Oman/OmanPackage.swift (in target 'TravelTap' from project 'TravelTap')
    cd /Users/erders/Documents/TravelTap
    

SwiftCompile normal arm64 /Users/erders/Documents/TravelTap/TravelTap/Data/Countries/Asia/MiddleEast/Qatar/Cities/DohaAttractions.swift (in target 'TravelTap' from project 'TravelTap')
    cd /Users/erders/Documents/TravelTap
    

SwiftCompile normal arm64 /Users/erders/Documents/TravelTap/TravelTap/Data/Countries/Asia/MiddleEast/Qatar/QatarPackage.swift (in target 'TravelTap' from project 'TravelTap')
    cd /Users/erders/Documents/TravelTap
    

SwiftCompile normal arm64 /Users/erders/Documents/TravelTap/TravelTap/Data/Countries/Asia/MiddleEast/SaudiArabia/Cities/JeddahAttractions.swift (in target 'TravelTap' from project 'TravelTap')
    cd /Users/erders/Documents/TravelTap
    

SwiftCompile normal arm64 /Users/erders/Documents/TravelTap/TravelTap/Data/Countries/Asia/MiddleEast/SaudiArabia/Cities/RiyadhAttractions.swift (in target 'TravelTap' from project 'TravelTap')
    cd /Users/erders/Documents/TravelTap
    

SwiftCompile normal arm64 /Users/erders/Documents/TravelTap/TravelTap/Data/Countries/Asia/MiddleEast/SaudiArabia/SaudiArabiaPackage.swift (in target 'TravelTap' from project 'TravelTap')
    cd /Users/erders/Documents/TravelTap
    

SwiftCompile normal arm64 /Users/erders/Documents/TravelTap/TravelTap/Data/Countries/Asia/MiddleEast/Syria/Cities/DamascusAttractions.swift (in target 'TravelTap' from project 'TravelTap')
    cd /Users/erders/Documents/TravelTap
    

SwiftCompile normal arm64 /Users/erders/Documents/TravelTap/TravelTap/Data/Countries/Asia/MiddleEast/Syria/SyriaPackage.swift (in target 'TravelTap' from project 'TravelTap')
    cd /Users/erders/Documents/TravelTap
    

SwiftCompile normal arm64 /Users/erders/Documents/TravelTap/TravelTap/Data/Countries/Asia/MiddleEast/UAE/Cities/AbuDhabiAttractions.swift (in target 'TravelTap' from project 'TravelTap')
    cd /Users/erders/Documents/TravelTap
    

SwiftCompile normal arm64 /Users/erders/Documents/TravelTap/TravelTap/Data/Countries/Asia/MiddleEast/UAE/Cities/DubaiAttractions.swift (in target 'TravelTap' from project 'TravelTap')
    cd /Users/erders/Documents/TravelTap
    

SwiftCompile normal arm64 /Users/erders/Documents/TravelTap/TravelTap/Data/Countries/Asia/MiddleEast/UAE/UAEPackage.swift (in target 'TravelTap' from project 'TravelTap')
    cd /Users/erders/Documents/TravelTap
    

SwiftCompile normal arm64 /Users/erders/Documents/TravelTap/TravelTap/Data/Countries/Asia/SouthAsia/Bangladesh/BangladeshPackage.swift (in target 'TravelTap' from project 'TravelTap')
    cd /Users/erders/Documents/TravelTap
    

SwiftDriverJobDiscovery normal arm64 Compiling AricaAttractions.swift, CarreteraAustralAttractions.swift, ChiloeIslandAttractions.swift, ColchaguaValleyAttractions.swift, EasterIslandAttractions.swift, IquiqueAttractions.swift, LaSerenaElquiValleyAttractions.swift, PuconVillarricaAttractions.swift, PuertoNatalesAttractions.swift, PuertoVarasLakeDistrictAttractions.swift, PuntaArenasAttractions.swift, SanPedroDeAtacamaAttractions.swift, SantiagoAttractions.swift, TierraDelFuegoAttractions.swift, TorresDelPaineAttractions.swift, ValparaisoAttractions.swift, VinaDelMarAttractions.swift, AmazonLeticiaAttractions.swift, BaricharaAttractions.swift, BogotaAttractions.swift, CaliAttractions.swift, CapurganaSapzurroAttractions.swift, CartagenaAttractions.swift, CoffeeRegionAttractions.swift, MedellinAttractions.swift (in target 'TravelTap' from project 'TravelTap')

SwiftCompile normal arm64 Compiling\ KaliningradAttractions.swift,\ YekaterinburgAttractions.swift,\ PermAttractions.swift,\ LakeBaikalAttractions.swift,\ VladivostokAttractions.swift,\ KamchatkaAttractions.swift,\ KrasnodarRegionAttractions.swift,\ SanMarinoCityAttractions.swift,\ SanMarinoPackage.swift,\ EdinburghAttractions.swift,\ GlasgowAttractions.swift,\ InvernessAttractions.swift,\ StAndrewsAttractions.swift,\ ScotlandPackage.swift,\ BelgradeAttractions.swift,\ NisAttractions.swift,\ NoviSadAttractions.swift,\ SuboticaAttractions.swift,\ SerbiaPackage.swift,\ BojniceAttractions.swift,\ BratislavaAttractions.swift,\ HighTatrasAttractions.swift,\ KosiceAttractions.swift,\ SlovakiaPackage.swift,\ BledAttractions.swift /Users/erders/Documents/TravelTap/TravelTap/Data/Countries/Europe/Russia/Cities/KaliningradAttractions.swift /Users/erders/Documents/TravelTap/TravelTap/Data/Countries/Europe/Russia/Cities/YekaterinburgAttractions.swift /Users/erders/Documents/TravelTap/TravelTap/Data/Countries/Europe/Russia/Cities/PermAttractions.swift /Users/erders/Documents/TravelTap/TravelTap/Data/Countries/Europe/Russia/Cities/LakeBaikalAttractions.swift /Users/erders/Documents/TravelTap/TravelTap/Data/Countries/Europe/Russia/Cities/VladivostokAttractions.swift /Users/erders/Documents/TravelTap/TravelTap/Data/Countries/Europe/Russia/Cities/KamchatkaAttractions.swift /Users/erders/Documents/TravelTap/TravelTap/Data/Countries/Europe/Russia/Cities/KrasnodarRegionAttractions.swift /Users/erders/Documents/TravelTap/TravelTap/Data/Countries/Europe/SanMarino/Cities/SanMarinoCityAttractions.swift /Users/erders/Documents/TravelTap/TravelTap/Data/Countries/Europe/SanMarino/SanMarinoPackage.swift /Users/erders/Documents/TravelTap/TravelTap/Data/Countries/Europe/Scotland/Cities/EdinburghAttractions.swift /Users/erders/Documents/TravelTap/TravelTap/Data/Countries/Europe/Scotland/Cities/GlasgowAttractions.swift /Users/erders/Documents/TravelTap/TravelTap/Data/Countries/Europe/Scotland/Cities/InvernessAttractions.swift /Users/erders/Documents/TravelTap/TravelTap/Data/Countries/Europe/Scotland/Cities/StAndrewsAttractions.swift /Users/erders/Documents/TravelTap/TravelTap/Data/Countries/Europe/Scotland/ScotlandPackage.swift /Users/erders/Documents/TravelTap/TravelTap/Data/Countries/Europe/Serbia/Cities/BelgradeAttractions.swift /Users/erders/Documents/TravelTap/TravelTap/Data/Countries/Europe/Serbia/Cities/NisAttractions.swift /Users/erders/Documents/TravelTap/TravelTap/Data/Countries/Europe/Serbia/Cities/NoviSadAttractions.swift /Users/erders/Documents/TravelTap/TravelTap/Data/Countries/Europe/Serbia/Cities/SuboticaAttractions.swift /Users/erders/Documents/TravelTap/TravelTap/Data/Countries/Europe/Serbia/SerbiaPackage.swift /Users/erders/Documents/TravelTap/TravelTap/Data/Countries/Europe/Slovakia/Cities/BojniceAttractions.swift /Users/erders/Documents/TravelTap/TravelTap/Data/Countries/Europe/Slovakia/Cities/BratislavaAttractions.swift /Users/erders/Documents/TravelTap/TravelTap/Data/Countries/Europe/Slovakia/Cities/HighTatrasAttractions.swift /Users/erders/Documents/TravelTap/TravelTap/Data/Countries/Europe/Slovakia/Cities/KosiceAttractions.swift /Users/erders/Documents/TravelTap/TravelTap/Data/Countries/Europe/Slovakia/SlovakiaPackage.swift /Users/erders/Documents/TravelTap/TravelTap/Data/Countries/Europe/Slovenia/Cities/BledAttractions.swift (in target 'TravelTap' from project 'TravelTap')

SwiftCompile normal arm64 /Users/erders/Documents/TravelTap/TravelTap/Data/Countries/Europe/Russia/Cities/KaliningradAttractions.swift (in target 'TravelTap' from project 'TravelTap')
    cd /Users/erders/Documents/TravelTap
    

SwiftCompile normal arm64 /Users/erders/Documents/TravelTap/TravelTap/Data/Countries/Europe/Russia/Cities/YekaterinburgAttractions.swift (in target 'TravelTap' from project 'TravelTap')
    cd /Users/erders/Documents/TravelTap
    

SwiftCompile normal arm64 /Users/erders/Documents/TravelTap/TravelTap/Data/Countries/Europe/Russia/Cities/PermAttractions.swift (in target 'TravelTap' from project 'TravelTap')
    cd /Users/erders/Documents/TravelTap
    

SwiftCompile normal arm64 /Users/erders/Documents/TravelTap/TravelTap/Data/Countries/Europe/Russia/Cities/LakeBaikalAttractions.swift (in target 'TravelTap' from project 'TravelTap')
    cd /Users/erders/Documents/TravelTap
    

SwiftCompile normal arm64 /Users/erders/Documents/TravelTap/TravelTap/Data/Countries/Europe/Russia/Cities/VladivostokAttractions.swift (in target 'TravelTap' from project 'TravelTap')
    cd /Users/erders/Documents/TravelTap
    

SwiftCompile normal arm64 /Users/erders/Documents/TravelTap/TravelTap/Data/Countries/Europe/Russia/Cities/KamchatkaAttractions.swift (in target 'TravelTap' from project 'TravelTap')
    cd /Users/erders/Documents/TravelTap
    

SwiftCompile normal arm64 /Users/erders/Documents/TravelTap/TravelTap/Data/Countries/Europe/Russia/Cities/KrasnodarRegionAttractions.swift (in target 'TravelTap' from project 'TravelTap')
    cd /Users/erders/Documents/TravelTap
    

SwiftCompile normal arm64 /Users/erders/Documents/TravelTap/TravelTap/Data/Countries/Europe/SanMarino/Cities/SanMarinoCityAttractions.swift (in target 'TravelTap' from project 'TravelTap')
    cd /Users/erders/Documents/TravelTap
    

SwiftCompile normal arm64 /Users/erders/Documents/TravelTap/TravelTap/Data/Countries/Europe/SanMarino/SanMarinoPackage.swift (in target 'TravelTap' from project 'TravelTap')
    cd /Users/erders/Documents/TravelTap
    

SwiftCompile normal arm64 /Users/erders/Documents/TravelTap/TravelTap/Data/Countries/Europe/Scotland/Cities/EdinburghAttractions.swift (in target 'TravelTap' from project 'TravelTap')
    cd /Users/erders/Documents/TravelTap
    

SwiftCompile normal arm64 /Users/erders/Documents/TravelTap/TravelTap/Data/Countries/Europe/Scotland/Cities/GlasgowAttractions.swift (in target 'TravelTap' from project 'TravelTap')
    cd /Users/erders/Documents/TravelTap
    

SwiftCompile normal arm64 /Users/erders/Documents/TravelTap/TravelTap/Data/Countries/Europe/Scotland/Cities/InvernessAttractions.swift (in target 'TravelTap' from project 'TravelTap')
    cd /Users/erders/Documents/TravelTap
    

SwiftCompile normal arm64 /Users/erders/Documents/TravelTap/TravelTap/Data/Countries/Europe/Scotland/Cities/StAndrewsAttractions.swift (in target 'TravelTap' from project 'TravelTap')
    cd /Users/erders/Documents/TravelTap
    

SwiftCompile normal arm64 /Users/erders/Documents/TravelTap/TravelTap/Data/Countries/Europe/Scotland/ScotlandPackage.swift (in target 'TravelTap' from project 'TravelTap')
    cd /Users/erders/Documents/TravelTap
    

SwiftCompile normal arm64 /Users/erders/Documents/TravelTap/TravelTap/Data/Countries/Europe/Serbia/Cities/BelgradeAttractions.swift (in target 'TravelTap' from project 'TravelTap')
    cd /Users/erders/Documents/TravelTap
    

SwiftCompile normal arm64 /Users/erders/Documents/TravelTap/TravelTap/Data/Countries/Europe/Serbia/Cities/NisAttractions.swift (in target 'TravelTap' from project 'TravelTap')
    cd /Users/erders/Documents/TravelTap
    

SwiftCompile normal arm64 /Users/erders/Documents/TravelTap/TravelTap/Data/Countries/Europe/Serbia/Cities/NoviSadAttractions.swift (in target 'TravelTap' from project 'TravelTap')
    cd /Users/erders/Documents/TravelTap
    

SwiftCompile normal arm64 /Users/erders/Documents/TravelTap/TravelTap/Data/Countries/Europe/Serbia/Cities/SuboticaAttractions.swift (in target 'TravelTap' from project 'TravelTap')
    cd /Users/erders/Documents/TravelTap
    

SwiftCompile normal arm64 /Users/erders/Documents/TravelTap/TravelTap/Data/Countries/Europe/Serbia/SerbiaPackage.swift (in target 'TravelTap' from project 'TravelTap')
    cd /Users/erders/Documents/TravelTap
    

SwiftCompile normal arm64 /Users/erders/Documents/TravelTap/TravelTap/Data/Countries/Europe/Slovakia/Cities/BojniceAttractions.swift (in target 'TravelTap' from project 'TravelTap')
    cd /Users/erders/Documents/TravelTap
    

SwiftCompile normal arm64 /Users/erders/Documents/TravelTap/TravelTap/Data/Countries/Europe/Slovakia/Cities/BratislavaAttractions.swift (in target 'TravelTap' from project 'TravelTap')
    cd /Users/erders/Documents/TravelTap
    

SwiftCompile normal arm64 /Users/erders/Documents/TravelTap/TravelTap/Data/Countries/Europe/Slovakia/Cities/HighTatrasAttractions.swift (in target 'TravelTap' from project 'TravelTap')
    cd /Users/erders/Documents/TravelTap
    

SwiftCompile normal arm64 /Users/erders/Documents/TravelTap/TravelTap/Data/Countries/Europe/Slovakia/Cities/KosiceAttractions.swift (in target 'TravelTap' from project 'TravelTap')
    cd /Users/erders/Documents/TravelTap
    

SwiftCompile normal arm64 /Users/erders/Documents/TravelTap/TravelTap/Data/Countries/Europe/Slovakia/SlovakiaPackage.swift (in target 'TravelTap' from project 'TravelTap')
    cd /Users/erders/Documents/TravelTap
    

SwiftCompile normal arm64 /Users/erders/Documents/TravelTap/TravelTap/Data/Countries/Europe/Slovenia/Cities/BledAttractions.swift (in target 'TravelTap' from project 'TravelTap')
    cd /Users/erders/Documents/TravelTap
    

SwiftDriverJobDiscovery normal arm64 Compiling BosniaPackage.swift, BlagajAttractions.swift, JajceAttractions.swift, MostarAttractions.swift, SarajevoAttractions.swift, BulgariaPackage.swift, PlovdivAttractions.swift, SofiaAttractions.swift, VarnaAttractions.swift, VelikoTarnovoAttractions.swift, DubrovnikAttractions.swift, PlitviceAttractions.swift, SplitAttractions.swift, ZagrebAttractions.swift, CroatiaPackage.swift, HvarAttractions.swift, KorculaAttractions.swift, RovinjAttractions.swift, PulaAttractions.swift, ZadarAttractions.swift, SibenikAttractions.swift, KrkaNationalParkAttractions.swift, TrogirAttractions.swift, MakarskaRivieraAttractions.swift, BracAttractions.swift (in target 'TravelTap' from project 'TravelTap')

SwiftCompile normal arm64 Compiling\ DalanzadgadAttractions.swift,\ KharkhorinAttractions.swift,\ MurunAttractions.swift,\ UlaanbaatarAttractions.swift,\ MongoliaPackage.swift,\ BusanAttractions.swift,\ GyeongjuAttractions.swift,\ IncheonAttractions.swift,\ JejuAttractions.swift,\ SeoulAttractions.swift,\ SouthKoreaPackage.swift,\ HualienAttractions.swift,\ KaohsiungAttractions.swift,\ NantouAttractions.swift,\ TaichungAttractions.swift,\ TainanAttractions.swift,\ TaipeiAttractions.swift,\ TaiwanPackage.swift,\ BahrainPackage.swift,\ ManamaAttractions.swift,\ IsfahanAttractions.swift,\ ShirazAttractions.swift,\ TehranAttractions.swift,\ IranPackage.swift,\ BaghdadAttractions.swift /Users/erders/Documents/TravelTap/TravelTap/Data/Countries/Asia/EastAsia/Mongolia/Cities/DalanzadgadAttractions.swift /Users/erders/Documents/TravelTap/TravelTap/Data/Countries/Asia/EastAsia/Mongolia/Cities/KharkhorinAttractions.swift /Users/erders/Documents/TravelTap/TravelTap/Data/Countries/Asia/EastAsia/Mongolia/Cities/MurunAttractions.swift /Users/erders/Documents/TravelTap/TravelTap/Data/Countries/Asia/EastAsia/Mongolia/Cities/UlaanbaatarAttractions.swift /Users/erders/Documents/TravelTap/TravelTap/Data/Countries/Asia/EastAsia/Mongolia/MongoliaPackage.swift /Users/erders/Documents/TravelTap/TravelTap/Data/Countries/Asia/EastAsia/SouthKorea/Cities/BusanAttractions.swift /Users/erders/Documents/TravelTap/TravelTap/Data/Countries/Asia/EastAsia/SouthKorea/Cities/GyeongjuAttractions.swift /Users/erders/Documents/TravelTap/TravelTap/Data/Countries/Asia/EastAsia/SouthKorea/Cities/IncheonAttractions.swift /Users/erders/Documents/TravelTap/TravelTap/Data/Countries/Asia/EastAsia/SouthKorea/Cities/JejuAttractions.swift /Users/erders/Documents/TravelTap/TravelTap/Data/Countries/Asia/EastAsia/SouthKorea/Cities/SeoulAttractions.swift /Users/erders/Documents/TravelTap/TravelTap/Data/Countries/Asia/EastAsia/SouthKorea/SouthKoreaPackage.swift /Users/erders/Documents/TravelTap/TravelTap/Data/Countries/Asia/EastAsia/Taiwan/Cities/HualienAttractions.swift /Users/erders/Documents/TravelTap/TravelTap/Data/Countries/Asia/EastAsia/Taiwan/Cities/KaohsiungAttractions.swift /Users/erders/Documents/TravelTap/TravelTap/Data/Countries/Asia/EastAsia/Taiwan/Cities/NantouAttractions.swift /Users/erders/Documents/TravelTap/TravelTap/Data/Countries/Asia/EastAsia/Taiwan/Cities/TaichungAttractions.swift /Users/erders/Documents/TravelTap/TravelTap/Data/Countries/Asia/EastAsia/Taiwan/Cities/TainanAttractions.swift /Users/erders/Documents/TravelTap/TravelTap/Data/Countries/Asia/EastAsia/Taiwan/Cities/TaipeiAttractions.swift /Users/erders/Documents/TravelTap/TravelTap/Data/Countries/Asia/EastAsia/Taiwan/TaiwanPackage.swift /Users/erders/Documents/TravelTap/TravelTap/Data/Countries/Asia/MiddleEast/Bahrain/BahrainPackage.swift /Users/erders/Documents/TravelTap/TravelTap/Data/Countries/Asia/MiddleEast/Bahrain/Cities/ManamaAttractions.swift /Users/erders/Documents/TravelTap/TravelTap/Data/Countries/Asia/MiddleEast/Iran/Cities/IsfahanAttractions.swift /Users/erders/Documents/TravelTap/TravelTap/Data/Countries/Asia/MiddleEast/Iran/Cities/ShirazAttractions.swift /Users/erders/Documents/TravelTap/TravelTap/Data/Countries/Asia/MiddleEast/Iran/Cities/TehranAttractions.swift /Users/erders/Documents/TravelTap/TravelTap/Data/Countries/Asia/MiddleEast/Iran/IranPackage.swift /Users/erders/Documents/TravelTap/TravelTap/Data/Countries/Asia/MiddleEast/Iraq/Cities/BaghdadAttractions.swift (in target 'TravelTap' from project 'TravelTap')

SwiftCompile normal arm64 /Users/erders/Documents/TravelTap/TravelTap/Data/Countries/Asia/EastAsia/Mongolia/Cities/DalanzadgadAttractions.swift (in target 'TravelTap' from project 'TravelTap')
    cd /Users/erders/Documents/TravelTap
    

SwiftCompile normal arm64 /Users/erders/Documents/TravelTap/TravelTap/Data/Countries/Asia/EastAsia/Mongolia/Cities/KharkhorinAttractions.swift (in target 'TravelTap' from project 'TravelTap')
    cd /Users/erders/Documents/TravelTap
    

SwiftCompile normal arm64 /Users/erders/Documents/TravelTap/TravelTap/Data/Countries/Asia/EastAsia/Mongolia/Cities/MurunAttractions.swift (in target 'TravelTap' from project 'TravelTap')
    cd /Users/erders/Documents/TravelTap
    

SwiftCompile normal arm64 /Users/erders/Documents/TravelTap/TravelTap/Data/Countries/Asia/EastAsia/Mongolia/Cities/UlaanbaatarAttractions.swift (in target 'TravelTap' from project 'TravelTap')
    cd /Users/erders/Documents/TravelTap
    

SwiftCompile normal arm64 /Users/erders/Documents/TravelTap/TravelTap/Data/Countries/Asia/EastAsia/Mongolia/MongoliaPackage.swift (in target 'TravelTap' from project 'TravelTap')
    cd /Users/erders/Documents/TravelTap
    

SwiftCompile normal arm64 /Users/erders/Documents/TravelTap/TravelTap/Data/Countries/Asia/EastAsia/SouthKorea/Cities/BusanAttractions.swift (in target 'TravelTap' from project 'TravelTap')
    cd /Users/erders/Documents/TravelTap
    

SwiftCompile normal arm64 /Users/erders/Documents/TravelTap/TravelTap/Data/Countries/Asia/EastAsia/SouthKorea/Cities/GyeongjuAttractions.swift (in target 'TravelTap' from project 'TravelTap')
    cd /Users/erders/Documents/TravelTap
    

SwiftCompile normal arm64 /Users/erders/Documents/TravelTap/TravelTap/Data/Countries/Asia/EastAsia/SouthKorea/Cities/IncheonAttractions.swift (in target 'TravelTap' from project 'TravelTap')
    cd /Users/erders/Documents/TravelTap
    

SwiftCompile normal arm64 /Users/erders/Documents/TravelTap/TravelTap/Data/Countries/Asia/EastAsia/SouthKorea/Cities/JejuAttractions.swift (in target 'TravelTap' from project 'TravelTap')
    cd /Users/erders/Documents/TravelTap
    

SwiftCompile normal arm64 /Users/erders/Documents/TravelTap/TravelTap/Data/Countries/Asia/EastAsia/SouthKorea/Cities/SeoulAttractions.swift (in target 'TravelTap' from project 'TravelTap')
    cd /Users/erders/Documents/TravelTap
    

SwiftCompile normal arm64 /Users/erders/Documents/TravelTap/TravelTap/Data/Countries/Asia/EastAsia/SouthKorea/SouthKoreaPackage.swift (in target 'TravelTap' from project 'TravelTap')
    cd /Users/erders/Documents/TravelTap
    

SwiftCompile normal arm64 /Users/erders/Documents/TravelTap/TravelTap/Data/Countries/Asia/EastAsia/Taiwan/Cities/HualienAttractions.swift (in target 'TravelTap' from project 'TravelTap')
    cd /Users/erders/Documents/TravelTap
    

SwiftCompile normal arm64 /Users/erders/Documents/TravelTap/TravelTap/Data/Countries/Asia/EastAsia/Taiwan/Cities/KaohsiungAttractions.swift (in target 'TravelTap' from project 'TravelTap')
    cd /Users/erders/Documents/TravelTap
    

SwiftCompile normal arm64 /Users/erders/Documents/TravelTap/TravelTap/Data/Countries/Asia/EastAsia/Taiwan/Cities/NantouAttractions.swift (in target 'TravelTap' from project 'TravelTap')
    cd /Users/erders/Documents/TravelTap
    

SwiftCompile normal arm64 /Users/erders/Documents/TravelTap/TravelTap/Data/Countries/Asia/EastAsia/Taiwan/Cities/TaichungAttractions.swift (in target 'TravelTap' from project 'TravelTap')
    cd /Users/erders/Documents/TravelTap
    

SwiftCompile normal arm64 /Users/erders/Documents/TravelTap/TravelTap/Data/Countries/Asia/EastAsia/Taiwan/Cities/TainanAttractions.swift (in target 'TravelTap' from project 'TravelTap')
    cd /Users/erders/Documents/TravelTap
    

SwiftCompile normal arm64 /Users/erders/Documents/TravelTap/TravelTap/Data/Countries/Asia/EastAsia/Taiwan/Cities/TaipeiAttractions.swift (in target 'TravelTap' from project 'TravelTap')
    cd /Users/erders/Documents/TravelTap
    

SwiftCompile normal arm64 /Users/erders/Documents/TravelTap/TravelTap/Data/Countries/Asia/EastAsia/Taiwan/TaiwanPackage.swift (in target 'TravelTap' from project 'TravelTap')
    cd /Users/erders/Documents/TravelTap
    

SwiftCompile normal arm64 /Users/erders/Documents/TravelTap/TravelTap/Data/Countries/Asia/MiddleEast/Bahrain/BahrainPackage.swift (in target 'TravelTap' from project 'TravelTap')
    cd /Users/erders/Documents/TravelTap
    

SwiftCompile normal arm64 /Users/erders/Documents/TravelTap/TravelTap/Data/Countries/Asia/MiddleEast/Bahrain/Cities/ManamaAttractions.swift (in target 'TravelTap' from project 'TravelTap')
    cd /Users/erders/Documents/TravelTap
    

SwiftCompile normal arm64 /Users/erders/Documents/TravelTap/TravelTap/Data/Countries/Asia/MiddleEast/Iran/Cities/IsfahanAttractions.swift (in target 'TravelTap' from project 'TravelTap')
    cd /Users/erders/Documents/TravelTap
    

SwiftCompile normal arm64 /Users/erders/Documents/TravelTap/TravelTap/Data/Countries/Asia/MiddleEast/Iran/Cities/ShirazAttractions.swift (in target 'TravelTap' from project 'TravelTap')
    cd /Users/erders/Documents/TravelTap
    

SwiftCompile normal arm64 /Users/erders/Documents/TravelTap/TravelTap/Data/Countries/Asia/MiddleEast/Iran/Cities/TehranAttractions.swift (in target 'TravelTap' from project 'TravelTap')
    cd /Users/erders/Documents/TravelTap
    

SwiftCompile normal arm64 /Users/erders/Documents/TravelTap/TravelTap/Data/Countries/Asia/MiddleEast/Iran/IranPackage.swift (in target 'TravelTap' from project 'TravelTap')
    cd /Users/erders/Documents/TravelTap
    

SwiftCompile normal arm64 /Users/erders/Documents/TravelTap/TravelTap/Data/Countries/Asia/MiddleEast/Iraq/Cities/BaghdadAttractions.swift (in target 'TravelTap' from project 'TravelTap')
    cd /Users/erders/Documents/TravelTap
    

SwiftDriverJobDiscovery normal arm64 Compiling CharlestonAttractions.swift, ChicagoAttractions.swift, ColoradoAttractions.swift, FloridaAttractions.swift, HawaiiAttractions.swift, LasVegasAttractions.swift, LosAngelesAttractions.swift, MiamiAttractions.swift, MontanaAttractions.swift, NashvilleAttractions.swift, NewMexicoAttractions.swift, NewOrleansAttractions.swift, NewYorkAttractions.swift, NiagaraFallsAttractions.swift, OregonAttractions.swift, OrlandoAttractions.swift, PhiladelphiaAttractions.swift, SanDiegoAttractions.swift, SanFranciscoAttractions.swift, SavannahAttractions.swift, SeattleAttractions.swift, SouthDakotaAttractions.swift, StLouisAttractions.swift, TexasAttractions.swift, UtahAttractions.swift (in target 'TravelTap' from project 'TravelTap')

SwiftCompile normal arm64 Compiling\ AppenzellAttractions.swift,\ SchaffhausenAttractions.swift,\ EngadinValleyAttractions.swift,\ TicinoLakesAttractions.swift,\ AdiyamanAttractions.swift,\ AnkaraAttractions.swift,\ AntalyaAttractions.swift,\ AydinAttractions.swift,\ BursaAttractions.swift,\ CanakkaleAttractions.swift,\ CappadociaAttractions.swift,\ DiyarbakirAttractions.swift,\ EdirneAttractions.swift,\ GaziantepAttractions.swift,\ HatayAttractions.swift,\ IstanbulAttractions.swift,\ ErzurumAttractions.swift,\ AgriAttractions.swift,\ SinopAttractions.swift,\ AmasraAttractions.swift,\ IzmirAttractions.swift,\ KarsAttractions.swift,\ KonyaAttractions.swift,\ MardinAttractions.swift,\ MuglaAttractions.swift /Users/erders/Documents/TravelTap/TravelTap/Data/Countries/Europe/Switzerland/Cities/AppenzellAttractions.swift /Users/erders/Documents/TravelTap/TravelTap/Data/Countries/Europe/Switzerland/Cities/SchaffhausenAttractions.swift /Users/erders/Documents/TravelTap/TravelTap/Data/Countries/Europe/Switzerland/Cities/EngadinValleyAttractions.swift /Users/erders/Documents/TravelTap/TravelTap/Data/Countries/Europe/Switzerland/Cities/TicinoLakesAttractions.swift /Users/erders/Documents/TravelTap/TravelTap/Data/Countries/Europe/Turkey/Cities/AdiyamanAttractions.swift /Users/erders/Documents/TravelTap/TravelTap/Data/Countries/Europe/Turkey/Cities/AnkaraAttractions.swift /Users/erders/Documents/TravelTap/TravelTap/Data/Countries/Europe/Turkey/Cities/AntalyaAttractions.swift /Users/erders/Documents/TravelTap/TravelTap/Data/Countries/Europe/Turkey/Cities/AydinAttractions.swift /Users/erders/Documents/TravelTap/TravelTap/Data/Countries/Europe/Turkey/Cities/BursaAttractions.swift /Users/erders/Documents/TravelTap/TravelTap/Data/Countries/Europe/Turkey/Cities/CanakkaleAttractions.swift /Users/erders/Documents/TravelTap/TravelTap/Data/Countries/Europe/Turkey/Cities/CappadociaAttractions.swift /Users/erders/Documents/TravelTap/TravelTap/Data/Countries/Europe/Turkey/Cities/DiyarbakirAttractions.swift /Users/erders/Documents/TravelTap/TravelTap/Data/Countries/Europe/Turkey/Cities/EdirneAttractions.swift /Users/erders/Documents/TravelTap/TravelTap/Data/Countries/Europe/Turkey/Cities/GaziantepAttractions.swift /Users/erders/Documents/TravelTap/TravelTap/Data/Countries/Europe/Turkey/Cities/HatayAttractions.swift /Users/erders/Documents/TravelTap/TravelTap/Data/Countries/Europe/Turkey/Cities/IstanbulAttractions.swift /Users/erders/Documents/TravelTap/TravelTap/Data/Countries/Europe/Turkey/Cities/ErzurumAttractions.swift /Users/erders/Documents/TravelTap/TravelTap/Data/Countries/Europe/Turkey/Cities/AgriAttractions.swift /Users/erders/Documents/TravelTap/TravelTap/Data/Countries/Europe/Turkey/Cities/SinopAttractions.swift /Users/erders/Documents/TravelTap/TravelTap/Data/Countries/Europe/Turkey/Cities/AmasraAttractions.swift /Users/erders/Documents/TravelTap/TravelTap/Data/Countries/Europe/Turkey/Cities/IzmirAttractions.swift /Users/erders/Documents/TravelTap/TravelTap/Data/Countries/Europe/Turkey/Cities/KarsAttractions.swift /Users/erders/Documents/TravelTap/TravelTap/Data/Countries/Europe/Turkey/Cities/KonyaAttractions.swift /Users/erders/Documents/TravelTap/TravelTap/Data/Countries/Europe/Turkey/Cities/MardinAttractions.swift /Users/erders/Documents/TravelTap/TravelTap/Data/Countries/Europe/Turkey/Cities/MuglaAttractions.swift (in target 'TravelTap' from project 'TravelTap')

** BUILD FAILED **


The following build commands failed:
	SwiftCompile normal arm64 Compiling\ TravelTapApp.swift,\ ContentView.swift,\ Attraction.swift,\ CountryPackage.swift,\ AttractionData.swift,\ WorldMapView.swift,\ TravelMapView.swift,\ CountryMapView.swift,\ AttractionInfoCard.swift,\ AttractionDetailView.swift,\ BundledPhotoManager.swift,\ CityMapView.swift,\ MapAnnotationView.swift,\ RatingManager.swift,\ GooglePlacesManager.swift,\ PhotoDiskCache.swift,\ TierVoteManager.swift,\ BrandColors.swift,\ StarRatingView.swift,\ ShareSheet.swift,\ VisitedAttractionsManager.swift,\ BucketListView.swift,\ SplashScreenView.swift,\ WelcomeView.swift,\ AttractionsListView.swift /Users/erders/Documents/TravelTap/TravelTap/TravelTapApp.swift /Users/erders/Documents/TravelTap/TravelTap/ContentView.swift /Users/erders/Documents/TravelTap/TravelTap/Models/Attraction.swift /Users/erders/Documents/TravelTap/TravelTap/Models/CountryPackage.swift /Users/erders/Documents/TravelTap/TravelTap/Data/AttractionData.swift /Users/erders/Documents/TravelTap/TravelTap/Views/WorldMapView.swift /Users/erders/Documents/TravelTap/TravelTap/Views/TravelMapView.swift /Users/erders/Documents/TravelTap/TravelTap/Views/CountryMapView.swift /Users/erders/Documents/TravelTap/TravelTap/Views/AttractionInfoCard.swift /Users/erders/Documents/TravelTap/TravelTap/Views/AttractionDetailView.swift /Users/erders/Documents/TravelTap/TravelTap/Services/BundledPhotoManager.swift /Users/erders/Documents/TravelTap/TravelTap/Views/CityMapView.swift /Users/erders/Documents/TravelTap/TravelTap/Views/MapAnnotationView.swift /Users/erders/Documents/TravelTap/TravelTap/Services/RatingManager.swift /Users/erders/Documents/TravelTap/TravelTap/Services/GooglePlacesManager.swift /Users/erders/Documents/TravelTap/TravelTap/Services/PhotoDiskCache.swift /Users/erders/Documents/TravelTap/TravelTap/Services/TierVoteManager.swift /Users/erders/Documents/TravelTap/TravelTap/Services/BrandColors.swift /Users/erders/Documents/TravelTap/TravelTap/Views/StarRatingView.swift /Users/erders/Documents/TravelTap/TravelTap/Views/ShareSheet.swift /Users/erders/Documents/TravelTap/TravelTap/Services/VisitedAttractionsManager.swift /Users/erders/Documents/TravelTap/TravelTap/Views/BucketListView.swift /Users/erders/Documents/TravelTap/TravelTap/Views/SplashScreenView.swift /Users/erders/Documents/TravelTap/TravelTap/Views/WelcomeView.swift /Users/erders/Documents/TravelTap/TravelTap/Views/AttractionsListView.swift (in target 'TravelTap' from project 'TravelTap')
	SwiftCompile normal arm64 /Users/erders/Documents/TravelTap/TravelTap/Views/AttractionDetailView.swift (in target 'TravelTap' from project 'TravelTap')
	Building project TravelTap with scheme TravelTap
(3 failures)
