Command line invocation:
    /Applications/Xcode.app/Contents/Developer/usr/bin/xcodebuild -scheme TravelTap -destination "platform=iOS Simulator,id=4DCFFD01-7E66-4D14-82A6-88BC979EE8E0" clean build

CreateBuildRequest

SendProjectDescription

CreateBuildOperation

** CLEAN SUCCEEDED **

ComputePackagePrebuildTargetDependencyGraph

Prepare packages

CreateBuildRequest

SendProjectDescription

CreateBuildOperation

ComputeTargetDependencyGraph
note: Building targets in dependency order
note: Target dependency graph (1 target)
    Target 'TravelTap' in project 'TravelTap' (no dependencies)

GatherProvisioningInputs

CreateBuildDescription

ExecuteExternalTool /Applications/Xcode.app/Contents/Developer/Toolchains/XcodeDefault.xctoolchain/usr/bin/clang -v -E -dM -isysroot /Applications/Xcode.app/Contents/Developer/Platforms/iPhoneSimulator.platform/Developer/SDKs/iPhoneSimulator26.2.sdk -x c -c /dev/null

ExecuteExternalTool /Applications/Xcode.app/Contents/Developer/usr/bin/actool --print-asset-tag-combinations --output-format xml1 /Users/erders/Documents/TravelTap/TravelTap/Assets.xcassets

ExecuteExternalTool /Applications/Xcode.app/Contents/Developer/usr/bin/actool --version --output-format xml1

ExecuteExternalTool /Applications/Xcode.app/Contents/Developer/Toolchains/XcodeDefault.xctoolchain/usr/bin/swiftc --version

ExecuteExternalTool /Applications/Xcode.app/Contents/Developer/Toolchains/XcodeDefault.xctoolchain/usr/bin/ld -version_details

Build description signature: 1b3a5d71baa2e4a0f0dd00cb23b9b651
Build description path: /Users/erders/Library/Developer/Xcode/DerivedData/TravelTap-aoniybxgcgmexqcgzdslgsqiowxj/Build/Intermediates.noindex/XCBuildData/1b3a5d71baa2e4a0f0dd00cb23b9b651.xcbuilddata
ClangStatCache /Applications/Xcode.app/Contents/Developer/Toolchains/XcodeDefault.xctoolchain/usr/bin/clang-stat-cache /Applications/Xcode.app/Contents/Developer/Platforms/iPhoneSimulator.platform/Developer/SDKs/iPhoneSimulator26.2.sdk /Users/erders/Library/Developer/Xcode/DerivedData/SDKStatCaches.noindex/iphonesimulator26.2-23C53-7d00a8b37fbd7999ea79df8ebc024bf0.sdkstatcache
    cd /Users/erders/Documents/TravelTap/TravelTap.xcodeproj
    /Applications/Xcode.app/Contents/Developer/Toolchains/XcodeDefault.xctoolchain/usr/bin/clang-stat-cache /Applications/Xcode.app/Contents/Developer/Platforms/iPhoneSimulator.platform/Developer/SDKs/iPhoneSimulator26.2.sdk -o /Users/erders/Library/Developer/Xcode/DerivedData/SDKStatCaches.noindex/iphonesimulator26.2-23C53-7d00a8b37fbd7999ea79df8ebc024bf0.sdkstatcache

CreateBuildDirectory /Users/erders/Library/Developer/Xcode/DerivedData/TravelTap-aoniybxgcgmexqcgzdslgsqiowxj/Build/Products
    cd /Users/erders/Documents/TravelTap/TravelTap.xcodeproj
    builtin-create-build-directory /Users/erders/Library/Developer/Xcode/DerivedData/TravelTap-aoniybxgcgmexqcgzdslgsqiowxj/Build/Products

CreateBuildDirectory /Users/erders/Library/Developer/Xcode/DerivedData/TravelTap-aoniybxgcgmexqcgzdslgsqiowxj/Build/Intermediates.noindex
    cd /Users/erders/Documents/TravelTap/TravelTap.xcodeproj
    builtin-create-build-directory /Users/erders/Library/Developer/Xcode/DerivedData/TravelTap-aoniybxgcgmexqcgzdslgsqiowxj/Build/Intermediates.noindex

CreateBuildDirectory /Users/erders/Library/Developer/Xcode/DerivedData/TravelTap-aoniybxgcgmexqcgzdslgsqiowxj/Build/Products/Debug-iphonesimulator
    cd /Users/erders/Documents/TravelTap/TravelTap.xcodeproj
    builtin-create-build-directory /Users/erders/Library/Developer/Xcode/DerivedData/TravelTap-aoniybxgcgmexqcgzdslgsqiowxj/Build/Products/Debug-iphonesimulator

WriteAuxiliaryFile /Users/erders/Library/Developer/Xcode/DerivedData/TravelTap-aoniybxgcgmexqcgzdslgsqiowxj/Build/Intermediates.noindex/TravelTap.build/Debug-iphonesimulator/TravelTap-28cabccc476c4ac6153fbbf682269b5c-VFS-iphonesimulator/all-product-headers.yaml
    cd /Users/erders/Documents/TravelTap/TravelTap.xcodeproj
    write-file /Users/erders/Library/Developer/Xcode/DerivedData/TravelTap-aoniybxgcgmexqcgzdslgsqiowxj/Build/Intermediates.noindex/TravelTap.build/Debug-iphonesimulator/TravelTap-28cabccc476c4ac6153fbbf682269b5c-VFS-iphonesimulator/all-product-headers.yaml

CreateBuildDirectory /Users/erders/Library/Developer/Xcode/DerivedData/TravelTap-aoniybxgcgmexqcgzdslgsqiowxj/Build/Intermediates.noindex/SwiftExplicitPrecompiledModules
    cd /Users/erders/Documents/TravelTap/TravelTap.xcodeproj
    builtin-create-build-directory /Users/erders/Library/Developer/Xcode/DerivedData/TravelTap-aoniybxgcgmexqcgzdslgsqiowxj/Build/Intermediates.noindex/SwiftExplicitPrecompiledModules

CreateBuildDirectory /Users/erders/Library/Developer/Xcode/DerivedData/TravelTap-aoniybxgcgmexqcgzdslgsqiowxj/Build/Intermediates.noindex/ExplicitPrecompiledModules
    cd /Users/erders/Documents/TravelTap/TravelTap.xcodeproj
    builtin-create-build-directory /Users/erders/Library/Developer/Xcode/DerivedData/TravelTap-aoniybxgcgmexqcgzdslgsqiowxj/Build/Intermediates.noindex/ExplicitPrecompiledModules

CreateBuildDirectory /Users/erders/Library/Developer/Xcode/DerivedData/TravelTap-aoniybxgcgmexqcgzdslgsqiowxj/Build/Intermediates.noindex/EagerLinkingTBDs/Debug-iphonesimulator
    cd /Users/erders/Documents/TravelTap/TravelTap.xcodeproj
    builtin-create-build-directory /Users/erders/Library/Developer/Xcode/DerivedData/TravelTap-aoniybxgcgmexqcgzdslgsqiowxj/Build/Intermediates.noindex/EagerLinkingTBDs/Debug-iphonesimulator

WriteAuxiliaryFile /Users/erders/Library/Developer/Xcode/DerivedData/TravelTap-aoniybxgcgmexqcgzdslgsqiowxj/Build/Intermediates.noindex/TravelTap.build/Debug-iphonesimulator/TravelTap.build/TravelTap-DebugDylibPath-normal-arm64.txt (in target 'TravelTap' from project 'TravelTap')
    cd /Users/erders/Documents/TravelTap
    write-file /Users/erders/Library/Developer/Xcode/DerivedData/TravelTap-aoniybxgcgmexqcgzdslgsqiowxj/Build/Intermediates.noindex/TravelTap.build/Debug-iphonesimulator/TravelTap.build/TravelTap-DebugDylibPath-normal-arm64.txt

WriteAuxiliaryFile /Users/erders/Library/Developer/Xcode/DerivedData/TravelTap-aoniybxgcgmexqcgzdslgsqiowxj/Build/Intermediates.noindex/TravelTap.build/Debug-iphonesimulator/TravelTap.build/TravelTap-DebugDylibInstallName-normal-arm64.txt (in target 'TravelTap' from project 'TravelTap')
    cd /Users/erders/Documents/TravelTap
    write-file /Users/erders/Library/Developer/Xcode/DerivedData/TravelTap-aoniybxgcgmexqcgzdslgsqiowxj/Build/Intermediates.noindex/TravelTap.build/Debug-iphonesimulator/TravelTap.build/TravelTap-DebugDylibInstallName-normal-arm64.txt

WriteAuxiliaryFile /Users/erders/Library/Developer/Xcode/DerivedData/TravelTap-aoniybxgcgmexqcgzdslgsqiowxj/Build/Intermediates.noindex/TravelTap.build/Debug-iphonesimulator/TravelTap.build/TravelTap.DependencyMetadataFileList (in target 'TravelTap' from project 'TravelTap')
    cd /Users/erders/Documents/TravelTap
    write-file /Users/erders/Library/Developer/Xcode/DerivedData/TravelTap-aoniybxgcgmexqcgzdslgsqiowxj/Build/Intermediates.noindex/TravelTap.build/Debug-iphonesimulator/TravelTap.build/TravelTap.DependencyMetadataFileList

WriteAuxiliaryFile /Users/erders/Library/Developer/Xcode/DerivedData/TravelTap-aoniybxgcgmexqcgzdslgsqiowxj/Build/Intermediates.noindex/TravelTap.build/Debug-iphonesimulator/TravelTap.build/TravelTap.hmap (in target 'TravelTap' from project 'TravelTap')
    cd /Users/erders/Documents/TravelTap
    write-file /Users/erders/Library/Developer/Xcode/DerivedData/TravelTap-aoniybxgcgmexqcgzdslgsqiowxj/Build/Intermediates.noindex/TravelTap.build/Debug-iphonesimulator/TravelTap.build/TravelTap.hmap

WriteAuxiliaryFile /Users/erders/Library/Developer/Xcode/DerivedData/TravelTap-aoniybxgcgmexqcgzdslgsqiowxj/Build/Intermediates.noindex/TravelTap.build/Debug-iphonesimulator/TravelTap.build/TravelTap.DependencyStaticMetadataFileList (in target 'TravelTap' from project 'TravelTap')
    cd /Users/erders/Documents/TravelTap
    write-file /Users/erders/Library/Developer/Xcode/DerivedData/TravelTap-aoniybxgcgmexqcgzdslgsqiowxj/Build/Intermediates.noindex/TravelTap.build/Debug-iphonesimulator/TravelTap.build/TravelTap.DependencyStaticMetadataFileList

WriteAuxiliaryFile /Users/erders/Library/Developer/Xcode/DerivedData/TravelTap-aoniybxgcgmexqcgzdslgsqiowxj/Build/Intermediates.noindex/TravelTap.build/Debug-iphonesimulator/TravelTap.build/TravelTap-own-target-headers.hmap (in target 'TravelTap' from project 'TravelTap')
    cd /Users/erders/Documents/TravelTap
    write-file /Users/erders/Library/Developer/Xcode/DerivedData/TravelTap-aoniybxgcgmexqcgzdslgsqiowxj/Build/Intermediates.noindex/TravelTap.build/Debug-iphonesimulator/TravelTap.build/TravelTap-own-target-headers.hmap

WriteAuxiliaryFile /Users/erders/Library/Developer/Xcode/DerivedData/TravelTap-aoniybxgcgmexqcgzdslgsqiowxj/Build/Intermediates.noindex/TravelTap.build/Debug-iphonesimulator/TravelTap.build/TravelTap-project-headers.hmap (in target 'TravelTap' from project 'TravelTap')
    cd /Users/erders/Documents/TravelTap
    write-file /Users/erders/Library/Developer/Xcode/DerivedData/TravelTap-aoniybxgcgmexqcgzdslgsqiowxj/Build/Intermediates.noindex/TravelTap.build/Debug-iphonesimulator/TravelTap.build/TravelTap-project-headers.hmap

WriteAuxiliaryFile /Users/erders/Library/Developer/Xcode/DerivedData/TravelTap-aoniybxgcgmexqcgzdslgsqiowxj/Build/Intermediates.noindex/TravelTap.build/Debug-iphonesimulator/TravelTap.build/TravelTap-all-target-headers.hmap (in target 'TravelTap' from project 'TravelTap')
    cd /Users/erders/Documents/TravelTap
    write-file /Users/erders/Library/Developer/Xcode/DerivedData/TravelTap-aoniybxgcgmexqcgzdslgsqiowxj/Build/Intermediates.noindex/TravelTap.build/Debug-iphonesimulator/TravelTap.build/TravelTap-all-target-headers.hmap

WriteAuxiliaryFile /Users/erders/Library/Developer/Xcode/DerivedData/TravelTap-aoniybxgcgmexqcgzdslgsqiowxj/Build/Intermediates.noindex/TravelTap.build/Debug-iphonesimulator/TravelTap.build/TravelTap-generated-files.hmap (in target 'TravelTap' from project 'TravelTap')
    cd /Users/erders/Documents/TravelTap
    write-file /Users/erders/Library/Developer/Xcode/DerivedData/TravelTap-aoniybxgcgmexqcgzdslgsqiowxj/Build/Intermediates.noindex/TravelTap.build/Debug-iphonesimulator/TravelTap.build/TravelTap-generated-files.hmap

WriteAuxiliaryFile /Users/erders/Library/Developer/Xcode/DerivedData/TravelTap-aoniybxgcgmexqcgzdslgsqiowxj/Build/Intermediates.noindex/TravelTap.build/Debug-iphonesimulator/TravelTap.build/TravelTap-all-non-framework-target-headers.hmap (in target 'TravelTap' from project 'TravelTap')
    cd /Users/erders/Documents/TravelTap
    write-file /Users/erders/Library/Developer/Xcode/DerivedData/TravelTap-aoniybxgcgmexqcgzdslgsqiowxj/Build/Intermediates.noindex/TravelTap.build/Debug-iphonesimulator/TravelTap.build/TravelTap-all-non-framework-target-headers.hmap

WriteAuxiliaryFile /Users/erders/Library/Developer/Xcode/DerivedData/TravelTap-aoniybxgcgmexqcgzdslgsqiowxj/Build/Intermediates.noindex/TravelTap.build/Debug-iphonesimulator/TravelTap.build/Objects-normal/arm64/TravelTap_const_extract_protocols.json (in target 'TravelTap' from project 'TravelTap')
    cd /Users/erders/Documents/TravelTap
    write-file /Users/erders/Library/Developer/Xcode/DerivedData/TravelTap-aoniybxgcgmexqcgzdslgsqiowxj/Build/Intermediates.noindex/TravelTap.build/Debug-iphonesimulator/TravelTap.build/Objects-normal/arm64/TravelTap_const_extract_protocols.json

WriteAuxiliaryFile /Users/erders/Library/Developer/Xcode/DerivedData/TravelTap-aoniybxgcgmexqcgzdslgsqiowxj/Build/Intermediates.noindex/TravelTap.build/Debug-iphonesimulator/TravelTap.build/Objects-normal/arm64/TravelTap.SwiftFileList (in target 'TravelTap' from project 'TravelTap')
    cd /Users/erders/Documents/TravelTap
    write-file /Users/erders/Library/Developer/Xcode/DerivedData/TravelTap-aoniybxgcgmexqcgzdslgsqiowxj/Build/Intermediates.noindex/TravelTap.build/Debug-iphonesimulator/TravelTap.build/Objects-normal/arm64/TravelTap.SwiftFileList

WriteAuxiliaryFile /Users/erders/Library/Developer/Xcode/DerivedData/TravelTap-aoniybxgcgmexqcgzdslgsqiowxj/Build/Intermediates.noindex/TravelTap.build/Debug-iphonesimulator/TravelTap.build/Objects-normal/arm64/TravelTap.SwiftConstValuesFileList (in target 'TravelTap' from project 'TravelTap')
    cd /Users/erders/Documents/TravelTap
    write-file /Users/erders/Library/Developer/Xcode/DerivedData/TravelTap-aoniybxgcgmexqcgzdslgsqiowxj/Build/Intermediates.noindex/TravelTap.build/Debug-iphonesimulator/TravelTap.build/Objects-normal/arm64/TravelTap.SwiftConstValuesFileList

WriteAuxiliaryFile /Users/erders/Library/Developer/Xcode/DerivedData/TravelTap-aoniybxgcgmexqcgzdslgsqiowxj/Build/Intermediates.noindex/TravelTap.build/Debug-iphonesimulator/TravelTap.build/Objects-normal/arm64/TravelTap.LinkFileList (in target 'TravelTap' from project 'TravelTap')
    cd /Users/erders/Documents/TravelTap
    write-file /Users/erders/Library/Developer/Xcode/DerivedData/TravelTap-aoniybxgcgmexqcgzdslgsqiowxj/Build/Intermediates.noindex/TravelTap.build/Debug-iphonesimulator/TravelTap.build/Objects-normal/arm64/TravelTap.LinkFileList

WriteAuxiliaryFile /Users/erders/Library/Developer/Xcode/DerivedData/TravelTap-aoniybxgcgmexqcgzdslgsqiowxj/Build/Intermediates.noindex/TravelTap.build/Debug-iphonesimulator/TravelTap.build/Objects-normal/arm64/TravelTap-OutputFileMap.json (in target 'TravelTap' from project 'TravelTap')
    cd /Users/erders/Documents/TravelTap
    write-file /Users/erders/Library/Developer/Xcode/DerivedData/TravelTap-aoniybxgcgmexqcgzdslgsqiowxj/Build/Intermediates.noindex/TravelTap.build/Debug-iphonesimulator/TravelTap.build/Objects-normal/arm64/TravelTap-OutputFileMap.json

MkDir /Users/erders/Library/Developer/Xcode/DerivedData/TravelTap-aoniybxgcgmexqcgzdslgsqiowxj/Build/Products/Debug-iphonesimulator/TravelTap.app (in target 'TravelTap' from project 'TravelTap')
    cd /Users/erders/Documents/TravelTap
    /bin/mkdir -p /Users/erders/Library/Developer/Xcode/DerivedData/TravelTap-aoniybxgcgmexqcgzdslgsqiowxj/Build/Products/Debug-iphonesimulator/TravelTap.app

WriteAuxiliaryFile /Users/erders/Library/Developer/Xcode/DerivedData/TravelTap-aoniybxgcgmexqcgzdslgsqiowxj/Build/Intermediates.noindex/TravelTap.build/Debug-iphonesimulator/TravelTap.build/DerivedSources/Entitlements-Simulated.plist (in target 'TravelTap' from project 'TravelTap')
    cd /Users/erders/Documents/TravelTap
    write-file /Users/erders/Library/Developer/Xcode/DerivedData/TravelTap-aoniybxgcgmexqcgzdslgsqiowxj/Build/Intermediates.noindex/TravelTap.build/Debug-iphonesimulator/TravelTap.build/DerivedSources/Entitlements-Simulated.plist

ProcessProductPackaging /Users/erders/Documents/TravelTap/TravelTap/TravelTap.entitlements /Users/erders/Library/Developer/Xcode/DerivedData/TravelTap-aoniybxgcgmexqcgzdslgsqiowxj/Build/Intermediates.noindex/TravelTap.build/Debug-iphonesimulator/TravelTap.build/TravelTap.app-Simulated.xcent (in target 'TravelTap' from project 'TravelTap')
    cd /Users/erders/Documents/TravelTap
    
    Entitlements:
    
    {
    "application-identifier" = "428Z7G6L5F.com.erders.traveltap.app";
    "com.apple.developer.icloud-container-identifiers" =     (
        "iCloud.com.erders.TravelTap"
    );
    "com.apple.developer.icloud-services" =     (
        CloudKit
    );
}
    
    builtin-productPackagingUtility /Users/erders/Documents/TravelTap/TravelTap/TravelTap.entitlements -entitlements -format xml -o /Users/erders/Library/Developer/Xcode/DerivedData/TravelTap-aoniybxgcgmexqcgzdslgsqiowxj/Build/Intermediates.noindex/TravelTap.build/Debug-iphonesimulator/TravelTap.build/TravelTap.app-Simulated.xcent

ProcessProductPackaging /Users/erders/Documents/TravelTap/TravelTap/TravelTap.entitlements /Users/erders/Library/Developer/Xcode/DerivedData/TravelTap-aoniybxgcgmexqcgzdslgsqiowxj/Build/Intermediates.noindex/TravelTap.build/Debug-iphonesimulator/TravelTap.build/TravelTap.app.xcent (in target 'TravelTap' from project 'TravelTap')
    cd /Users/erders/Documents/TravelTap
    
    Entitlements:
    
    {
}
    
    builtin-productPackagingUtility /Users/erders/Documents/TravelTap/TravelTap/TravelTap.entitlements -entitlements -format xml -o /Users/erders/Library/Developer/Xcode/DerivedData/TravelTap-aoniybxgcgmexqcgzdslgsqiowxj/Build/Intermediates.noindex/TravelTap.build/Debug-iphonesimulator/TravelTap.build/TravelTap.app.xcent

ProcessProductPackagingDER /Users/erders/Library/Developer/Xcode/DerivedData/TravelTap-aoniybxgcgmexqcgzdslgsqiowxj/Build/Intermediates.noindex/TravelTap.build/Debug-iphonesimulator/TravelTap.build/TravelTap.app.xcent /Users/erders/Library/Developer/Xcode/DerivedData/TravelTap-aoniybxgcgmexqcgzdslgsqiowxj/Build/Intermediates.noindex/TravelTap.build/Debug-iphonesimulator/TravelTap.build/TravelTap.app.xcent.der (in target 'TravelTap' from project 'TravelTap')
    cd /Users/erders/Documents/TravelTap
    /usr/bin/derq query -f xml -i /Users/erders/Library/Developer/Xcode/DerivedData/TravelTap-aoniybxgcgmexqcgzdslgsqiowxj/Build/Intermediates.noindex/TravelTap.build/Debug-iphonesimulator/TravelTap.build/TravelTap.app.xcent -o /Users/erders/Library/Developer/Xcode/DerivedData/TravelTap-aoniybxgcgmexqcgzdslgsqiowxj/Build/Intermediates.noindex/TravelTap.build/Debug-iphonesimulator/TravelTap.build/TravelTap.app.xcent.der --raw

ProcessProductPackagingDER /Users/erders/Library/Developer/Xcode/DerivedData/TravelTap-aoniybxgcgmexqcgzdslgsqiowxj/Build/Intermediates.noindex/TravelTap.build/Debug-iphonesimulator/TravelTap.build/TravelTap.app-Simulated.xcent /Users/erders/Library/Developer/Xcode/DerivedData/TravelTap-aoniybxgcgmexqcgzdslgsqiowxj/Build/Intermediates.noindex/TravelTap.build/Debug-iphonesimulator/TravelTap.build/TravelTap.app-Simulated.xcent.der (in target 'TravelTap' from project 'TravelTap')
    cd /Users/erders/Documents/TravelTap
    /usr/bin/derq query -f xml -i /Users/erders/Library/Developer/Xcode/DerivedData/TravelTap-aoniybxgcgmexqcgzdslgsqiowxj/Build/Intermediates.noindex/TravelTap.build/Debug-iphonesimulator/TravelTap.build/TravelTap.app-Simulated.xcent -o /Users/erders/Library/Developer/Xcode/DerivedData/TravelTap-aoniybxgcgmexqcgzdslgsqiowxj/Build/Intermediates.noindex/TravelTap.build/Debug-iphonesimulator/TravelTap.build/TravelTap.app-Simulated.xcent.der --raw

Ld /Users/erders/Library/Developer/Xcode/DerivedData/TravelTap-aoniybxgcgmexqcgzdslgsqiowxj/Build/Products/Debug-iphonesimulator/TravelTap.app/__preview.dylib normal (in target 'TravelTap' from project 'TravelTap')
    cd /Users/erders/Documents/TravelTap
    /Applications/Xcode.app/Contents/Developer/Toolchains/XcodeDefault.xctoolchain/usr/bin/clang -Xlinker -reproducible -target arm64-apple-ios17.0-simulator -dynamiclib -isysroot /Applications/Xcode.app/Contents/Developer/Platforms/iPhoneSimulator.platform/Developer/SDKs/iPhoneSimulator26.2.sdk -O0 -L/Users/erders/Library/Developer/Xcode/DerivedData/TravelTap-aoniybxgcgmexqcgzdslgsqiowxj/Build/Products/Debug-iphonesimulator -F/Users/erders/Library/Developer/Xcode/DerivedData/TravelTap-aoniybxgcgmexqcgzdslgsqiowxj/Build/Products/Debug-iphonesimulator -install_name @rpath/TravelTap.debug.dylib -dead_strip -rdynamic -Xlinker -no_deduplicate -Xlinker -objc_abi_version -Xlinker 2 -Xlinker -dependency_info -Xlinker /Users/erders/Library/Developer/Xcode/DerivedData/TravelTap-aoniybxgcgmexqcgzdslgsqiowxj/Build/Intermediates.noindex/TravelTap.build/Debug-iphonesimulator/TravelTap.build/Objects-normal/arm64/TravelTap_dependency_info.dat -Xlinker -sectcreate -Xlinker __TEXT -Xlinker __entitlements -Xlinker /Users/erders/Library/Developer/Xcode/DerivedData/TravelTap-aoniybxgcgmexqcgzdslgsqiowxj/Build/Intermediates.noindex/TravelTap.build/Debug-iphonesimulator/TravelTap.build/TravelTap.app-Simulated.xcent -Xlinker -sectcreate -Xlinker __TEXT -Xlinker __ents_der -Xlinker /Users/erders/Library/Developer/Xcode/DerivedData/TravelTap-aoniybxgcgmexqcgzdslgsqiowxj/Build/Intermediates.noindex/TravelTap.build/Debug-iphonesimulator/TravelTap.build/TravelTap.app-Simulated.xcent.der -Xlinker -no_adhoc_codesign -o /Users/erders/Library/Developer/Xcode/DerivedData/TravelTap-aoniybxgcgmexqcgzdslgsqiowxj/Build/Products/Debug-iphonesimulator/TravelTap.app/__preview.dylib

GenerateAssetSymbols /Users/erders/Documents/TravelTap/TravelTap/Assets.xcassets (in target 'TravelTap' from project 'TravelTap')
    cd /Users/erders/Documents/TravelTap
    /Applications/Xcode.app/Contents/Developer/usr/bin/actool /Users/erders/Documents/TravelTap/TravelTap/Assets.xcassets --compile /Users/erders/Library/Developer/Xcode/DerivedData/TravelTap-aoniybxgcgmexqcgzdslgsqiowxj/Build/Products/Debug-iphonesimulator/TravelTap.app --output-format human-readable-text --notices --warnings --export-dependency-info /Users/erders/Library/Developer/Xcode/DerivedData/TravelTap-aoniybxgcgmexqcgzdslgsqiowxj/Build/Intermediates.noindex/TravelTap.build/Debug-iphonesimulator/TravelTap.build/assetcatalog_dependencies --output-partial-info-plist /Users/erders/Library/Developer/Xcode/DerivedData/TravelTap-aoniybxgcgmexqcgzdslgsqiowxj/Build/Intermediates.noindex/TravelTap.build/Debug-iphonesimulator/TravelTap.build/assetcatalog_generated_info.plist --app-icon AppIcon --accent-color AccentColor --compress-pngs --enable-on-demand-resources YES --development-region en --target-device iphone --target-device ipad --minimum-deployment-target 17.0 --platform iphonesimulator --bundle-identifier com.erders.traveltap.app --generate-swift-asset-symbols /Users/erders/Library/Developer/Xcode/DerivedData/TravelTap-aoniybxgcgmexqcgzdslgsqiowxj/Build/Intermediates.noindex/TravelTap.build/Debug-iphonesimulator/TravelTap.build/DerivedSources/GeneratedAssetSymbols.swift --generate-objc-asset-symbols /Users/erders/Library/Developer/Xcode/DerivedData/TravelTap-aoniybxgcgmexqcgzdslgsqiowxj/Build/Intermediates.noindex/TravelTap.build/Debug-iphonesimulator/TravelTap.build/DerivedSources/GeneratedAssetSymbols.h --generate-asset-symbol-index /Users/erders/Library/Developer/Xcode/DerivedData/TravelTap-aoniybxgcgmexqcgzdslgsqiowxj/Build/Intermediates.noindex/TravelTap.build/Debug-iphonesimulator/TravelTap.build/DerivedSources/GeneratedAssetSymbols-Index.plist
/* com.apple.actool.compilation-results */
/Users/erders/Library/Developer/Xcode/DerivedData/TravelTap-aoniybxgcgmexqcgzdslgsqiowxj/Build/Intermediates.noindex/TravelTap.build/Debug-iphonesimulator/TravelTap.build/DerivedSources/GeneratedAssetSymbols-Index.plist
/Users/erders/Library/Developer/Xcode/DerivedData/TravelTap-aoniybxgcgmexqcgzdslgsqiowxj/Build/Intermediates.noindex/TravelTap.build/Debug-iphonesimulator/TravelTap.build/DerivedSources/GeneratedAssetSymbols.h
/Users/erders/Library/Developer/Xcode/DerivedData/TravelTap-aoniybxgcgmexqcgzdslgsqiowxj/Build/Intermediates.noindex/TravelTap.build/Debug-iphonesimulator/TravelTap.build/DerivedSources/GeneratedAssetSymbols.swift


CpResource /Users/erders/Library/Developer/Xcode/DerivedData/TravelTap-aoniybxgcgmexqcgzdslgsqiowxj/Build/Products/Debug-iphonesimulator/TravelTap.app/Quicksand-Bold.ttf /Users/erders/Documents/TravelTap/TravelTap/Fonts/Quicksand-Bold.ttf (in target 'TravelTap' from project 'TravelTap')
    cd /Users/erders/Documents/TravelTap
    builtin-copy -exclude .DS_Store -exclude CVS -exclude .svn -exclude .git -exclude .hg -resolve-src-symlinks /Users/erders/Documents/TravelTap/TravelTap/Fonts/Quicksand-Bold.ttf /Users/erders/Library/Developer/Xcode/DerivedData/TravelTap-aoniybxgcgmexqcgzdslgsqiowxj/Build/Products/Debug-iphonesimulator/TravelTap.app

CpResource /Users/erders/Library/Developer/Xcode/DerivedData/TravelTap-aoniybxgcgmexqcgzdslgsqiowxj/Build/Products/Debug-iphonesimulator/TravelTap.app/Quicksand-Medium.ttf /Users/erders/Documents/TravelTap/TravelTap/Fonts/Quicksand-Medium.ttf (in target 'TravelTap' from project 'TravelTap')
    cd /Users/erders/Documents/TravelTap
    builtin-copy -exclude .DS_Store -exclude CVS -exclude .svn -exclude .git -exclude .hg -resolve-src-symlinks /Users/erders/Documents/TravelTap/TravelTap/Fonts/Quicksand-Medium.ttf /Users/erders/Library/Developer/Xcode/DerivedData/TravelTap-aoniybxgcgmexqcgzdslgsqiowxj/Build/Products/Debug-iphonesimulator/TravelTap.app

CpResource /Users/erders/Library/Developer/Xcode/DerivedData/TravelTap-aoniybxgcgmexqcgzdslgsqiowxj/Build/Products/Debug-iphonesimulator/TravelTap.app/AttractionPhotos /Users/erders/Documents/TravelTap/TravelTap/AttractionPhotos (in target 'TravelTap' from project 'TravelTap')
    cd /Users/erders/Documents/TravelTap
    builtin-copy -exclude .DS_Store -exclude CVS -exclude .svn -exclude .git -exclude .hg -resolve-src-symlinks /Users/erders/Documents/TravelTap/TravelTap/AttractionPhotos /Users/erders/Library/Developer/Xcode/DerivedData/TravelTap-aoniybxgcgmexqcgzdslgsqiowxj/Build/Products/Debug-iphonesimulator/TravelTap.app

MkDir /Users/erders/Library/Developer/Xcode/DerivedData/TravelTap-aoniybxgcgmexqcgzdslgsqiowxj/Build/Intermediates.noindex/TravelTap.build/Debug-iphonesimulator/TravelTap.build/assetcatalog_output/unthinned (in target 'TravelTap' from project 'TravelTap')
    cd /Users/erders/Documents/TravelTap
    /bin/mkdir -p /Users/erders/Library/Developer/Xcode/DerivedData/TravelTap-aoniybxgcgmexqcgzdslgsqiowxj/Build/Intermediates.noindex/TravelTap.build/Debug-iphonesimulator/TravelTap.build/assetcatalog_output/unthinned

MkDir /Users/erders/Library/Developer/Xcode/DerivedData/TravelTap-aoniybxgcgmexqcgzdslgsqiowxj/Build/Intermediates.noindex/TravelTap.build/Debug-iphonesimulator/TravelTap.build/assetcatalog_output/thinned (in target 'TravelTap' from project 'TravelTap')
    cd /Users/erders/Documents/TravelTap
    /bin/mkdir -p /Users/erders/Library/Developer/Xcode/DerivedData/TravelTap-aoniybxgcgmexqcgzdslgsqiowxj/Build/Intermediates.noindex/TravelTap.build/Debug-iphonesimulator/TravelTap.build/assetcatalog_output/thinned

CompileAssetCatalogVariant thinned /Users/erders/Library/Developer/Xcode/DerivedData/TravelTap-aoniybxgcgmexqcgzdslgsqiowxj/Build/Products/Debug-iphonesimulator/TravelTap.app /Users/erders/Documents/TravelTap/TravelTap/Assets.xcassets (in target 'TravelTap' from project 'TravelTap')
    cd /Users/erders/Documents/TravelTap
    /Applications/Xcode.app/Contents/Developer/usr/bin/actool /Users/erders/Documents/TravelTap/TravelTap/Assets.xcassets --compile /Users/erders/Library/Developer/Xcode/DerivedData/TravelTap-aoniybxgcgmexqcgzdslgsqiowxj/Build/Intermediates.noindex/TravelTap.build/Debug-iphonesimulator/TravelTap.build/assetcatalog_output/thinned --output-format human-readable-text --notices --warnings --export-dependency-info /Users/erders/Library/Developer/Xcode/DerivedData/TravelTap-aoniybxgcgmexqcgzdslgsqiowxj/Build/Intermediates.noindex/TravelTap.build/Debug-iphonesimulator/TravelTap.build/assetcatalog_dependencies_thinned --output-partial-info-plist /Users/erders/Library/Developer/Xcode/DerivedData/TravelTap-aoniybxgcgmexqcgzdslgsqiowxj/Build/Intermediates.noindex/TravelTap.build/Debug-iphonesimulator/TravelTap.build/assetcatalog_generated_info.plist_thinned --app-icon AppIcon --accent-color AccentColor --compress-pngs --enable-on-demand-resources YES --filter-for-thinning-device-configuration iPhone18,3 --filter-for-device-os-version 26.2 --development-region en --target-device iphone --target-device ipad --minimum-deployment-target 17.0 --platform iphonesimulator
/* com.apple.actool.compilation-results */
/Users/erders/Library/Developer/Xcode/DerivedData/TravelTap-aoniybxgcgmexqcgzdslgsqiowxj/Build/Intermediates.noindex/TravelTap.build/Debug-iphonesimulator/TravelTap.build/assetcatalog_generated_info.plist_thinned
/Users/erders/Library/Developer/Xcode/DerivedData/TravelTap-aoniybxgcgmexqcgzdslgsqiowxj/Build/Intermediates.noindex/TravelTap.build/Debug-iphonesimulator/TravelTap.build/assetcatalog_output/thinned/AppIcon60x60@2x.png
/Users/erders/Library/Developer/Xcode/DerivedData/TravelTap-aoniybxgcgmexqcgzdslgsqiowxj/Build/Intermediates.noindex/TravelTap.build/Debug-iphonesimulator/TravelTap.build/assetcatalog_output/thinned/AppIcon76x76@2x~ipad.png
/Users/erders/Library/Developer/Xcode/DerivedData/TravelTap-aoniybxgcgmexqcgzdslgsqiowxj/Build/Intermediates.noindex/TravelTap.build/Debug-iphonesimulator/TravelTap.build/assetcatalog_output/thinned/Assets.car


SwiftDriver TravelTap normal arm64 com.apple.xcode.tools.swift.compiler (in target 'TravelTap' from project 'TravelTap')
    cd /Users/erders/Documents/TravelTap
    builtin-SwiftDriver -- /Applications/Xcode.app/Contents/Developer/Toolchains/XcodeDefault.xctoolchain/usr/bin/swiftc -module-name TravelTap -Onone -enforce-exclusivity\=checked @/Users/erders/Library/Developer/Xcode/DerivedData/TravelTap-aoniybxgcgmexqcgzdslgsqiowxj/Build/Intermediates.noindex/TravelTap.build/Debug-iphonesimulator/TravelTap.build/Objects-normal/arm64/TravelTap.SwiftFileList -DDEBUG -enable-bare-slash-regex -enable-experimental-feature DebugDescriptionMacro -sdk /Applications/Xcode.app/Contents/Developer/Platforms/iPhoneSimulator.platform/Developer/SDKs/iPhoneSimulator26.2.sdk -target arm64-apple-ios17.0-simulator -g -module-cache-path /Users/erders/Library/Developer/Xcode/DerivedData/ModuleCache.noindex -Xfrontend -serialize-debugging-options -enable-testing -index-store-path /Users/erders/Library/Developer/Xcode/DerivedData/TravelTap-aoniybxgcgmexqcgzdslgsqiowxj/Index.noindex/DataStore -Xcc -D_LIBCPP_HARDENING_MODE\=_LIBCPP_HARDENING_MODE_DEBUG -swift-version 5 -I /Users/erders/Library/Developer/Xcode/DerivedData/TravelTap-aoniybxgcgmexqcgzdslgsqiowxj/Build/Products/Debug-iphonesimulator -F /Users/erders/Library/Developer/Xcode/DerivedData/TravelTap-aoniybxgcgmexqcgzdslgsqiowxj/Build/Products/Debug-iphonesimulator -emit-localized-strings -emit-localized-strings-path /Users/erders/Library/Developer/Xcode/DerivedData/TravelTap-aoniybxgcgmexqcgzdslgsqiowxj/Build/Intermediates.noindex/TravelTap.build/Debug-iphonesimulator/TravelTap.build/Objects-normal/arm64 -c -j12 -enable-batch-mode -incremental -Xcc -ivfsstatcache -Xcc /Users/erders/Library/Developer/Xcode/DerivedData/SDKStatCaches.noindex/iphonesimulator26.2-23C53-7d00a8b37fbd7999ea79df8ebc024bf0.sdkstatcache -output-file-map /Users/erders/Library/Developer/Xcode/DerivedData/TravelTap-aoniybxgcgmexqcgzdslgsqiowxj/Build/Intermediates.noindex/TravelTap.build/Debug-iphonesimulator/TravelTap.build/Objects-normal/arm64/TravelTap-OutputFileMap.json -use-frontend-parseable-output -save-temps -no-color-diagnostics -explicit-module-build -module-cache-path /Users/erders/Library/Developer/Xcode/DerivedData/TravelTap-aoniybxgcgmexqcgzdslgsqiowxj/Build/Intermediates.noindex/SwiftExplicitPrecompiledModules -clang-scanner-module-cache-path /Users/erders/Library/Developer/Xcode/DerivedData/ModuleCache.noindex -sdk-module-cache-path /Users/erders/Library/Developer/Xcode/DerivedData/ModuleCache.noindex -serialize-diagnostics -emit-dependencies -emit-module -emit-module-path /Users/erders/Library/Developer/Xcode/DerivedData/TravelTap-aoniybxgcgmexqcgzdslgsqiowxj/Build/Intermediates.noindex/TravelTap.build/Debug-iphonesimulator/TravelTap.build/Objects-normal/arm64/TravelTap.swiftmodule -validate-clang-modules-once -clang-build-session-file /Users/erders/Library/Developer/Xcode/DerivedData/ModuleCache.noindex/Session.modulevalidation -Xcc -I/Users/erders/Library/Developer/Xcode/DerivedData/TravelTap-aoniybxgcgmexqcgzdslgsqiowxj/Build/Intermediates.noindex/TravelTap.build/Debug-iphonesimulator/TravelTap.build/swift-overrides.hmap -emit-const-values -Xfrontend -const-gather-protocols-file -Xfrontend /Users/erders/Library/Developer/Xcode/DerivedData/TravelTap-aoniybxgcgmexqcgzdslgsqiowxj/Build/Intermediates.noindex/TravelTap.build/Debug-iphonesimulator/TravelTap.build/Objects-normal/arm64/TravelTap_const_extract_protocols.json -Xcc -iquote -Xcc /Users/erders/Library/Developer/Xcode/DerivedData/TravelTap-aoniybxgcgmexqcgzdslgsqiowxj/Build/Intermediates.noindex/TravelTap.build/Debug-iphonesimulator/TravelTap.build/TravelTap-generated-files.hmap -Xcc -I/Users/erders/Library/Developer/Xcode/DerivedData/TravelTap-aoniybxgcgmexqcgzdslgsqiowxj/Build/Intermediates.noindex/TravelTap.build/Debug-iphonesimulator/TravelTap.build/TravelTap-own-target-headers.hmap -Xcc -I/Users/erders/Library/Developer/Xcode/DerivedData/TravelTap-aoniybxgcgmexqcgzdslgsqiowxj/Build/Intermediates.noindex/TravelTap.build/Debug-iphonesimulator/TravelTap.build/TravelTap-all-target-headers.hmap -Xcc -iquote -Xcc /Users/erders/Library/Developer/Xcode/DerivedData/TravelTap-aoniybxgcgmexqcgzdslgsqiowxj/Build/Intermediates.noindex/TravelTap.build/Debug-iphonesimulator/TravelTap.build/TravelTap-project-headers.hmap -Xcc -I/Users/erders/Library/Developer/Xcode/DerivedData/TravelTap-aoniybxgcgmexqcgzdslgsqiowxj/Build/Products/Debug-iphonesimulator/include -Xcc -I/Users/erders/Library/Developer/Xcode/DerivedData/TravelTap-aoniybxgcgmexqcgzdslgsqiowxj/Build/Intermediates.noindex/TravelTap.build/Debug-iphonesimulator/TravelTap.build/DerivedSources-normal/arm64 -Xcc -I/Users/erders/Library/Developer/Xcode/DerivedData/TravelTap-aoniybxgcgmexqcgzdslgsqiowxj/Build/Intermediates.noindex/TravelTap.build/Debug-iphonesimulator/TravelTap.build/DerivedSources/arm64 -Xcc -I/Users/erders/Library/Developer/Xcode/DerivedData/TravelTap-aoniybxgcgmexqcgzdslgsqiowxj/Build/Intermediates.noindex/TravelTap.build/Debug-iphonesimulator/TravelTap.build/DerivedSources -Xcc -DDEBUG\=1 -emit-objc-header -emit-objc-header-path /Users/erders/Library/Developer/Xcode/DerivedData/TravelTap-aoniybxgcgmexqcgzdslgsqiowxj/Build/Intermediates.noindex/TravelTap.build/Debug-iphonesimulator/TravelTap.build/Objects-normal/arm64/TravelTap-Swift.h -working-directory /Users/erders/Documents/TravelTap -experimental-emit-module-separately -disable-cmo

SwiftCompile normal arm64 Compiling\ BucketListCityView.swift,\ AppInfoView.swift,\ TravelStatsCardView.swift,\ AngolaPackage.swift,\ BenguelaAttractions.swift,\ HuilaAttractions.swift,\ KwanzaNorteAttractions.swift,\ LuandaAttractions.swift,\ MalanjeAttractions.swift,\ MbanzaKongoAttractions.swift,\ MoxicoAttractions.swift,\ NamibeAttractions.swift,\ CameroonPackage.swift,\ DoualaAttractions.swift,\ NorthAttractions.swift,\ SouthAttractions.swift,\ SouthWestAttractions.swift,\ WestNorthWestAttractions.swift,\ YaoundeAttractions.swift,\ CentralAfricanRepublicPackage.swift,\ BanguiAttractions.swift,\ BoaliAttractions.swift,\ CentralCARAttractions.swift,\ DzangaSanghaAttractions.swift,\ NorthernParksAttractions.swift /Users/erders/Documents/TravelTap/TravelTap/Views/BucketListCityView.swift /Users/erders/Documents/TravelTap/TravelTap/Views/AppInfoView.swift /Users/erders/Documents/TravelTap/TravelTap/Views/TravelStatsCardView.swift /Users/erders/Documents/TravelTap/TravelTap/Data/Countries/Africa/CentralAfrica/Angola/AngolaPackage.swift /Users/erders/Documents/TravelTap/TravelTap/Data/Countries/Africa/CentralAfrica/Angola/Cities/BenguelaAttractions.swift /Users/erders/Documents/TravelTap/TravelTap/Data/Countries/Africa/CentralAfrica/Angola/Cities/HuilaAttractions.swift /Users/erders/Documents/TravelTap/TravelTap/Data/Countries/Africa/CentralAfrica/Angola/Cities/KwanzaNorteAttractions.swift /Users/erders/Documents/TravelTap/TravelTap/Data/Countries/Africa/CentralAfrica/Angola/Cities/LuandaAttractions.swift /Users/erders/Documents/TravelTap/TravelTap/Data/Countries/Africa/CentralAfrica/Angola/Cities/MalanjeAttractions.swift /Users/erders/Documents/TravelTap/TravelTap/Data/Countries/Africa/CentralAfrica/Angola/Cities/MbanzaKongoAttractions.swift /Users/erders/Documents/TravelTap/TravelTap/Data/Countries/Africa/CentralAfrica/Angola/Cities/MoxicoAttractions.swift /Users/erders/Documents/TravelTap/TravelTap/Data/Countries/Africa/CentralAfrica/Angola/Cities/NamibeAttractions.swift /Users/erders/Documents/TravelTap/TravelTap/Data/Countries/Africa/CentralAfrica/Cameroon/CameroonPackage.swift /Users/erders/Documents/TravelTap/TravelTap/Data/Countries/Africa/CentralAfrica/Cameroon/Cities/DoualaAttractions.swift /Users/erders/Documents/TravelTap/TravelTap/Data/Countries/Africa/CentralAfrica/Cameroon/Cities/NorthAttractions.swift /Users/erders/Documents/TravelTap/TravelTap/Data/Countries/Africa/CentralAfrica/Cameroon/Cities/SouthAttractions.swift /Users/erders/Documents/TravelTap/TravelTap/Data/Countries/Africa/CentralAfrica/Cameroon/Cities/SouthWestAttractions.swift /Users/erders/Documents/TravelTap/TravelTap/Data/Countries/Africa/CentralAfrica/Cameroon/Cities/WestNorthWestAttractions.swift /Users/erders/Documents/TravelTap/TravelTap/Data/Countries/Africa/CentralAfrica/Cameroon/Cities/YaoundeAttractions.swift /Users/erders/Documents/TravelTap/TravelTap/Data/Countries/Africa/CentralAfrica/CentralAfricanRepublic/CentralAfricanRepublicPackage.swift /Users/erders/Documents/TravelTap/TravelTap/Data/Countries/Africa/CentralAfrica/CentralAfricanRepublic/Cities/BanguiAttractions.swift /Users/erders/Documents/TravelTap/TravelTap/Data/Countries/Africa/CentralAfrica/CentralAfricanRepublic/Cities/BoaliAttractions.swift /Users/erders/Documents/TravelTap/TravelTap/Data/Countries/Africa/CentralAfrica/CentralAfricanRepublic/Cities/CentralCARAttractions.swift /Users/erders/Documents/TravelTap/TravelTap/Data/Countries/Africa/CentralAfrica/CentralAfricanRepublic/Cities/DzangaSanghaAttractions.swift /Users/erders/Documents/TravelTap/TravelTap/Data/Countries/Africa/CentralAfrica/CentralAfricanRepublic/Cities/NorthernParksAttractions.swift (in target 'TravelTap' from project 'TravelTap')
SwiftCompile normal arm64 /Users/erders/Documents/TravelTap/TravelTap/Views/BucketListCityView.swift (in target 'TravelTap' from project 'TravelTap')
    cd /Users/erders/Documents/TravelTap
    

SwiftCompile normal arm64 /Users/erders/Documents/TravelTap/TravelTap/Views/AppInfoView.swift (in target 'TravelTap' from project 'TravelTap')
    cd /Users/erders/Documents/TravelTap
    

SwiftCompile normal arm64 /Users/erders/Documents/TravelTap/TravelTap/Views/TravelStatsCardView.swift (in target 'TravelTap' from project 'TravelTap')
    cd /Users/erders/Documents/TravelTap
    

SwiftCompile normal arm64 /Users/erders/Documents/TravelTap/TravelTap/Data/Countries/Africa/CentralAfrica/Angola/AngolaPackage.swift (in target 'TravelTap' from project 'TravelTap')
    cd /Users/erders/Documents/TravelTap
    

SwiftCompile normal arm64 /Users/erders/Documents/TravelTap/TravelTap/Data/Countries/Africa/CentralAfrica/Angola/Cities/BenguelaAttractions.swift (in target 'TravelTap' from project 'TravelTap')
    cd /Users/erders/Documents/TravelTap
    

SwiftCompile normal arm64 /Users/erders/Documents/TravelTap/TravelTap/Data/Countries/Africa/CentralAfrica/Angola/Cities/HuilaAttractions.swift (in target 'TravelTap' from project 'TravelTap')
    cd /Users/erders/Documents/TravelTap
    

SwiftCompile normal arm64 /Users/erders/Documents/TravelTap/TravelTap/Data/Countries/Africa/CentralAfrica/Angola/Cities/KwanzaNorteAttractions.swift (in target 'TravelTap' from project 'TravelTap')
    cd /Users/erders/Documents/TravelTap
    

SwiftCompile normal arm64 /Users/erders/Documents/TravelTap/TravelTap/Data/Countries/Africa/CentralAfrica/Angola/Cities/LuandaAttractions.swift (in target 'TravelTap' from project 'TravelTap')
    cd /Users/erders/Documents/TravelTap
    

SwiftCompile normal arm64 /Users/erders/Documents/TravelTap/TravelTap/Data/Countries/Africa/CentralAfrica/Angola/Cities/MalanjeAttractions.swift (in target 'TravelTap' from project 'TravelTap')
    cd /Users/erders/Documents/TravelTap
    

SwiftCompile normal arm64 /Users/erders/Documents/TravelTap/TravelTap/Data/Countries/Africa/CentralAfrica/Angola/Cities/MbanzaKongoAttractions.swift (in target 'TravelTap' from project 'TravelTap')
    cd /Users/erders/Documents/TravelTap
    

SwiftCompile normal arm64 /Users/erders/Documents/TravelTap/TravelTap/Data/Countries/Africa/CentralAfrica/Angola/Cities/MoxicoAttractions.swift (in target 'TravelTap' from project 'TravelTap')
    cd /Users/erders/Documents/TravelTap
    

SwiftCompile normal arm64 /Users/erders/Documents/TravelTap/TravelTap/Data/Countries/Africa/CentralAfrica/Angola/Cities/NamibeAttractions.swift (in target 'TravelTap' from project 'TravelTap')
    cd /Users/erders/Documents/TravelTap
    

SwiftCompile normal arm64 /Users/erders/Documents/TravelTap/TravelTap/Data/Countries/Africa/CentralAfrica/Cameroon/CameroonPackage.swift (in target 'TravelTap' from project 'TravelTap')
    cd /Users/erders/Documents/TravelTap
    

SwiftCompile normal arm64 /Users/erders/Documents/TravelTap/TravelTap/Data/Countries/Africa/CentralAfrica/Cameroon/Cities/DoualaAttractions.swift (in target 'TravelTap' from project 'TravelTap')
    cd /Users/erders/Documents/TravelTap
    

SwiftCompile normal arm64 /Users/erders/Documents/TravelTap/TravelTap/Data/Countries/Africa/CentralAfrica/Cameroon/Cities/NorthAttractions.swift (in target 'TravelTap' from project 'TravelTap')
    cd /Users/erders/Documents/TravelTap
    

SwiftCompile normal arm64 /Users/erders/Documents/TravelTap/TravelTap/Data/Countries/Africa/CentralAfrica/Cameroon/Cities/SouthAttractions.swift (in target 'TravelTap' from project 'TravelTap')
    cd /Users/erders/Documents/TravelTap
    

SwiftCompile normal arm64 /Users/erders/Documents/TravelTap/TravelTap/Data/Countries/Africa/CentralAfrica/Cameroon/Cities/SouthWestAttractions.swift (in target 'TravelTap' from project 'TravelTap')
    cd /Users/erders/Documents/TravelTap
    

SwiftCompile normal arm64 /Users/erders/Documents/TravelTap/TravelTap/Data/Countries/Africa/CentralAfrica/Cameroon/Cities/WestNorthWestAttractions.swift (in target 'TravelTap' from project 'TravelTap')
    cd /Users/erders/Documents/TravelTap
    

SwiftCompile normal arm64 /Users/erders/Documents/TravelTap/TravelTap/Data/Countries/Africa/CentralAfrica/Cameroon/Cities/YaoundeAttractions.swift (in target 'TravelTap' from project 'TravelTap')
    cd /Users/erders/Documents/TravelTap
    

SwiftCompile normal arm64 /Users/erders/Documents/TravelTap/TravelTap/Data/Countries/Africa/CentralAfrica/CentralAfricanRepublic/CentralAfricanRepublicPackage.swift (in target 'TravelTap' from project 'TravelTap')
    cd /Users/erders/Documents/TravelTap
    

SwiftCompile normal arm64 /Users/erders/Documents/TravelTap/TravelTap/Data/Countries/Africa/CentralAfrica/CentralAfricanRepublic/Cities/BanguiAttractions.swift (in target 'TravelTap' from project 'TravelTap')
    cd /Users/erders/Documents/TravelTap
    

SwiftCompile normal arm64 /Users/erders/Documents/TravelTap/TravelTap/Data/Countries/Africa/CentralAfrica/CentralAfricanRepublic/Cities/BoaliAttractions.swift (in target 'TravelTap' from project 'TravelTap')
    cd /Users/erders/Documents/TravelTap
    

SwiftCompile normal arm64 /Users/erders/Documents/TravelTap/TravelTap/Data/Countries/Africa/CentralAfrica/CentralAfricanRepublic/Cities/CentralCARAttractions.swift (in target 'TravelTap' from project 'TravelTap')
    cd /Users/erders/Documents/TravelTap
    

SwiftCompile normal arm64 /Users/erders/Documents/TravelTap/TravelTap/Data/Countries/Africa/CentralAfrica/CentralAfricanRepublic/Cities/DzangaSanghaAttractions.swift (in target 'TravelTap' from project 'TravelTap')
    cd /Users/erders/Documents/TravelTap
    

SwiftCompile normal arm64 /Users/erders/Documents/TravelTap/TravelTap/Data/Countries/Africa/CentralAfrica/CentralAfricanRepublic/Cities/NorthernParksAttractions.swift (in target 'TravelTap' from project 'TravelTap')
    cd /Users/erders/Documents/TravelTap
    

SwiftCompile normal arm64 Compiling\ SouthEastAttractions.swift,\ ChadPackage.swift,\ EnnediOuniangaAttractions.swift,\ LakeChadAttractions.swift,\ NDjamenaAttractions.swift,\ SouthernChadAttractions.swift,\ TibestiAttractions.swift,\ ZakoumaAttractions.swift,\ CentralBasinAttractions.swift,\ DRCNorthEastAttractions.swift,\ KatangaAttractions.swift,\ KinshasaWestAttractions.swift,\ NorthKivuAttractions.swift,\ SouthKivuAttractions.swift,\ DRCPackage.swift,\ BataAttractions.swift,\ BiokoIslandAttractions.swift,\ EquatorialGuineaIslandsAttractions.swift,\ MalaboAttractions.swift,\ NationalParksAttractions.swift,\ RioMuniAttractions.swift,\ EquatorialGuineaPackage.swift,\ GabonInteriorAttractions.swift,\ GabonNationalParksAttractions.swift,\ LibrevilleAttractions.swift /Users/erders/Documents/TravelTap/TravelTap/Data/Countries/Africa/CentralAfrica/CentralAfricanRepublic/Cities/SouthEastAttractions.swift /Users/erders/Documents/TravelTap/TravelTap/Data/Countries/Africa/CentralAfrica/Chad/ChadPackage.swift /Users/erders/Documents/TravelTap/TravelTap/Data/Countries/Africa/CentralAfrica/Chad/Cities/EnnediOuniangaAttractions.swift /Users/erders/Documents/TravelTap/TravelTap/Data/Countries/Africa/CentralAfrica/Chad/Cities/LakeChadAttractions.swift /Users/erders/Documents/TravelTap/TravelTap/Data/Countries/Africa/CentralAfrica/Chad/Cities/NDjamenaAttractions.swift /Users/erders/Documents/TravelTap/TravelTap/Data/Countries/Africa/CentralAfrica/Chad/Cities/SouthernChadAttractions.swift /Users/erders/Documents/TravelTap/TravelTap/Data/Countries/Africa/CentralAfrica/Chad/Cities/TibestiAttractions.swift /Users/erders/Documents/TravelTap/TravelTap/Data/Countries/Africa/CentralAfrica/Chad/Cities/ZakoumaAttractions.swift /Users/erders/Documents/TravelTap/TravelTap/Data/Countries/Africa/CentralAfrica/DRC/Cities/CentralBasinAttractions.swift /Users/erders/Documents/TravelTap/TravelTap/Data/Countries/Africa/CentralAfrica/DRC/Cities/DRCNorthEastAttractions.swift /Users/erders/Documents/TravelTap/TravelTap/Data/Countries/Africa/CentralAfrica/DRC/Cities/KatangaAttractions.swift /Users/erders/Documents/TravelTap/TravelTap/Data/Countries/Africa/CentralAfrica/DRC/Cities/KinshasaWestAttractions.swift /Users/erders/Documents/TravelTap/TravelTap/Data/Countries/Africa/CentralAfrica/DRC/Cities/NorthKivuAttractions.swift /Users/erders/Documents/TravelTap/TravelTap/Data/Countries/Africa/CentralAfrica/DRC/Cities/SouthKivuAttractions.swift /Users/erders/Documents/TravelTap/TravelTap/Data/Countries/Africa/CentralAfrica/DRC/DRCPackage.swift /Users/erders/Documents/TravelTap/TravelTap/Data/Countries/Africa/CentralAfrica/EquatorialGuinea/Cities/BataAttractions.swift /Users/erders/Documents/TravelTap/TravelTap/Data/Countries/Africa/CentralAfrica/EquatorialGuinea/Cities/BiokoIslandAttractions.swift /Users/erders/Documents/TravelTap/TravelTap/Data/Countries/Africa/CentralAfrica/EquatorialGuinea/Cities/EquatorialGuineaIslandsAttractions.swift /Users/erders/Documents/TravelTap/TravelTap/Data/Countries/Africa/CentralAfrica/EquatorialGuinea/Cities/MalaboAttractions.swift /Users/erders/Documents/TravelTap/TravelTap/Data/Countries/Africa/CentralAfrica/EquatorialGuinea/Cities/NationalParksAttractions.swift /Users/erders/Documents/TravelTap/TravelTap/Data/Countries/Africa/CentralAfrica/EquatorialGuinea/Cities/RioMuniAttractions.swift /Users/erders/Documents/TravelTap/TravelTap/Data/Countries/Africa/CentralAfrica/EquatorialGuinea/EquatorialGuineaPackage.swift /Users/erders/Documents/TravelTap/TravelTap/Data/Countries/Africa/CentralAfrica/Gabon/Cities/GabonInteriorAttractions.swift /Users/erders/Documents/TravelTap/TravelTap/Data/Countries/Africa/CentralAfrica/Gabon/Cities/GabonNationalParksAttractions.swift /Users/erders/Documents/TravelTap/TravelTap/Data/Countries/Africa/CentralAfrica/Gabon/Cities/LibrevilleAttractions.swift (in target 'TravelTap' from project 'TravelTap')

SwiftCompile normal arm64 /Users/erders/Documents/TravelTap/TravelTap/Data/Countries/Africa/CentralAfrica/CentralAfricanRepublic/Cities/SouthEastAttractions.swift (in target 'TravelTap' from project 'TravelTap')
    cd /Users/erders/Documents/TravelTap
    

SwiftCompile normal arm64 /Users/erders/Documents/TravelTap/TravelTap/Data/Countries/Africa/CentralAfrica/Chad/ChadPackage.swift (in target 'TravelTap' from project 'TravelTap')
    cd /Users/erders/Documents/TravelTap
    

SwiftCompile normal arm64 /Users/erders/Documents/TravelTap/TravelTap/Data/Countries/Africa/CentralAfrica/Chad/Cities/EnnediOuniangaAttractions.swift (in target 'TravelTap' from project 'TravelTap')
    cd /Users/erders/Documents/TravelTap
    

SwiftCompile normal arm64 /Users/erders/Documents/TravelTap/TravelTap/Data/Countries/Africa/CentralAfrica/Chad/Cities/LakeChadAttractions.swift (in target 'TravelTap' from project 'TravelTap')
    cd /Users/erders/Documents/TravelTap
    

SwiftCompile normal arm64 /Users/erders/Documents/TravelTap/TravelTap/Data/Countries/Africa/CentralAfrica/Chad/Cities/NDjamenaAttractions.swift (in target 'TravelTap' from project 'TravelTap')
    cd /Users/erders/Documents/TravelTap
    

SwiftCompile normal arm64 /Users/erders/Documents/TravelTap/TravelTap/Data/Countries/Africa/CentralAfrica/Chad/Cities/SouthernChadAttractions.swift (in target 'TravelTap' from project 'TravelTap')
    cd /Users/erders/Documents/TravelTap
    

SwiftCompile normal arm64 /Users/erders/Documents/TravelTap/TravelTap/Data/Countries/Africa/CentralAfrica/Chad/Cities/TibestiAttractions.swift (in target 'TravelTap' from project 'TravelTap')
    cd /Users/erders/Documents/TravelTap
    

SwiftCompile normal arm64 /Users/erders/Documents/TravelTap/TravelTap/Data/Countries/Africa/CentralAfrica/Chad/Cities/ZakoumaAttractions.swift (in target 'TravelTap' from project 'TravelTap')
    cd /Users/erders/Documents/TravelTap
    

SwiftCompile normal arm64 /Users/erders/Documents/TravelTap/TravelTap/Data/Countries/Africa/CentralAfrica/DRC/Cities/CentralBasinAttractions.swift (in target 'TravelTap' from project 'TravelTap')
    cd /Users/erders/Documents/TravelTap
    

SwiftCompile normal arm64 /Users/erders/Documents/TravelTap/TravelTap/Data/Countries/Africa/CentralAfrica/DRC/Cities/DRCNorthEastAttractions.swift (in target 'TravelTap' from project 'TravelTap')
    cd /Users/erders/Documents/TravelTap
    

SwiftCompile normal arm64 /Users/erders/Documents/TravelTap/TravelTap/Data/Countries/Africa/CentralAfrica/DRC/Cities/KatangaAttractions.swift (in target 'TravelTap' from project 'TravelTap')
    cd /Users/erders/Documents/TravelTap
    

SwiftCompile normal arm64 /Users/erders/Documents/TravelTap/TravelTap/Data/Countries/Africa/CentralAfrica/DRC/Cities/KinshasaWestAttractions.swift (in target 'TravelTap' from project 'TravelTap')
    cd /Users/erders/Documents/TravelTap
    

SwiftCompile normal arm64 /Users/erders/Documents/TravelTap/TravelTap/Data/Countries/Africa/CentralAfrica/DRC/Cities/NorthKivuAttractions.swift (in target 'TravelTap' from project 'TravelTap')
    cd /Users/erders/Documents/TravelTap
    

SwiftCompile normal arm64 /Users/erders/Documents/TravelTap/TravelTap/Data/Countries/Africa/CentralAfrica/DRC/Cities/SouthKivuAttractions.swift (in target 'TravelTap' from project 'TravelTap')
    cd /Users/erders/Documents/TravelTap
    

SwiftCompile normal arm64 /Users/erders/Documents/TravelTap/TravelTap/Data/Countries/Africa/CentralAfrica/DRC/DRCPackage.swift (in target 'TravelTap' from project 'TravelTap')
    cd /Users/erders/Documents/TravelTap
    

SwiftCompile normal arm64 /Users/erders/Documents/TravelTap/TravelTap/Data/Countries/Africa/CentralAfrica/EquatorialGuinea/Cities/BataAttractions.swift (in target 'TravelTap' from project 'TravelTap')
    cd /Users/erders/Documents/TravelTap
    

SwiftCompile normal arm64 /Users/erders/Documents/TravelTap/TravelTap/Data/Countries/Africa/CentralAfrica/EquatorialGuinea/Cities/BiokoIslandAttractions.swift (in target 'TravelTap' from project 'TravelTap')
    cd /Users/erders/Documents/TravelTap
    

SwiftCompile normal arm64 /Users/erders/Documents/TravelTap/TravelTap/Data/Countries/Africa/CentralAfrica/EquatorialGuinea/Cities/EquatorialGuineaIslandsAttractions.swift (in target 'TravelTap' from project 'TravelTap')
    cd /Users/erders/Documents/TravelTap
    

SwiftCompile normal arm64 /Users/erders/Documents/TravelTap/TravelTap/Data/Countries/Africa/CentralAfrica/EquatorialGuinea/Cities/MalaboAttractions.swift (in target 'TravelTap' from project 'TravelTap')
    cd /Users/erders/Documents/TravelTap
    

SwiftCompile normal arm64 /Users/erders/Documents/TravelTap/TravelTap/Data/Countries/Africa/CentralAfrica/EquatorialGuinea/Cities/NationalParksAttractions.swift (in target 'TravelTap' from project 'TravelTap')
    cd /Users/erders/Documents/TravelTap
    

SwiftCompile normal arm64 /Users/erders/Documents/TravelTap/TravelTap/Data/Countries/Africa/CentralAfrica/EquatorialGuinea/Cities/RioMuniAttractions.swift (in target 'TravelTap' from project 'TravelTap')
    cd /Users/erders/Documents/TravelTap
    

SwiftCompile normal arm64 /Users/erders/Documents/TravelTap/TravelTap/Data/Countries/Africa/CentralAfrica/EquatorialGuinea/EquatorialGuineaPackage.swift (in target 'TravelTap' from project 'TravelTap')
    cd /Users/erders/Documents/TravelTap
    

SwiftCompile normal arm64 /Users/erders/Documents/TravelTap/TravelTap/Data/Countries/Africa/CentralAfrica/Gabon/Cities/GabonInteriorAttractions.swift (in target 'TravelTap' from project 'TravelTap')
    cd /Users/erders/Documents/TravelTap
    

SwiftCompile normal arm64 /Users/erders/Documents/TravelTap/TravelTap/Data/Countries/Africa/CentralAfrica/Gabon/Cities/GabonNationalParksAttractions.swift (in target 'TravelTap' from project 'TravelTap')
    cd /Users/erders/Documents/TravelTap
    

SwiftCompile normal arm64 /Users/erders/Documents/TravelTap/TravelTap/Data/Countries/Africa/CentralAfrica/Gabon/Cities/LibrevilleAttractions.swift (in target 'TravelTap' from project 'TravelTap')
    cd /Users/erders/Documents/TravelTap
    

SwiftCompile normal arm64 Compiling\ TravelTapApp.swift,\ ContentView.swift,\ Attraction.swift,\ CountryPackage.swift,\ AttractionData.swift,\ WorldMapView.swift,\ TravelMapView.swift,\ CountryMapView.swift,\ AttractionInfoCard.swift,\ AttractionDetailView.swift,\ BundledPhotoManager.swift,\ CityMapView.swift,\ MapAnnotationView.swift,\ RatingManager.swift,\ GooglePlacesManager.swift,\ PhotoDiskCache.swift,\ TierVoteManager.swift,\ BrandColors.swift,\ StarRatingView.swift,\ ShareSheet.swift,\ VisitedAttractionsManager.swift,\ BucketListView.swift,\ SplashScreenView.swift,\ WelcomeView.swift,\ AttractionsListView.swift /Users/erders/Documents/TravelTap/TravelTap/TravelTapApp.swift /Users/erders/Documents/TravelTap/TravelTap/ContentView.swift /Users/erders/Documents/TravelTap/TravelTap/Models/Attraction.swift /Users/erders/Documents/TravelTap/TravelTap/Models/CountryPackage.swift /Users/erders/Documents/TravelTap/TravelTap/Data/AttractionData.swift /Users/erders/Documents/TravelTap/TravelTap/Views/WorldMapView.swift /Users/erders/Documents/TravelTap/TravelTap/Views/TravelMapView.swift /Users/erders/Documents/TravelTap/TravelTap/Views/CountryMapView.swift /Users/erders/Documents/TravelTap/TravelTap/Views/AttractionInfoCard.swift /Users/erders/Documents/TravelTap/TravelTap/Views/AttractionDetailView.swift /Users/erders/Documents/TravelTap/TravelTap/Services/BundledPhotoManager.swift /Users/erders/Documents/TravelTap/TravelTap/Views/CityMapView.swift /Users/erders/Documents/TravelTap/TravelTap/Views/MapAnnotationView.swift /Users/erders/Documents/TravelTap/TravelTap/Services/RatingManager.swift /Users/erders/Documents/TravelTap/TravelTap/Services/GooglePlacesManager.swift /Users/erders/Documents/TravelTap/TravelTap/Services/PhotoDiskCache.swift /Users/erders/Documents/TravelTap/TravelTap/Services/TierVoteManager.swift /Users/erders/Documents/TravelTap/TravelTap/Services/BrandColors.swift /Users/erders/Documents/TravelTap/TravelTap/Views/StarRatingView.swift /Users/erders/Documents/TravelTap/TravelTap/Views/ShareSheet.swift /Users/erders/Documents/TravelTap/TravelTap/Services/VisitedAttractionsManager.swift /Users/erders/Documents/TravelTap/TravelTap/Views/BucketListView.swift /Users/erders/Documents/TravelTap/TravelTap/Views/SplashScreenView.swift /Users/erders/Documents/TravelTap/TravelTap/Views/WelcomeView.swift /Users/erders/Documents/TravelTap/TravelTap/Views/AttractionsListView.swift (in target 'TravelTap' from project 'TravelTap')
Failed frontend command:
/Applications/Xcode.app/Contents/Developer/Toolchains/XcodeDefault.xctoolchain/usr/bin/swift-frontend -frontend -c -filelist /Users/erders/Library/Developer/Xcode/DerivedData/TravelTap-aoniybxgcgmexqcgzdslgsqiowxj/Build/Intermediates.noindex/TravelTap.build/Debug-iphonesimulator/TravelTap.build/Objects-normal/arm64/sources-1 -primary-file /Users/erders/Documents/TravelTap/TravelTap/TravelTapApp.swift -primary-file /Users/erders/Documents/TravelTap/TravelTap/ContentView.swift -primary-file /Users/erders/Documents/TravelTap/TravelTap/Models/Attraction.swift -primary-file /Users/erders/Documents/TravelTap/TravelTap/Models/CountryPackage.swift -primary-file /Users/erders/Documents/TravelTap/TravelTap/Data/AttractionData.swift -primary-file /Users/erders/Documents/TravelTap/TravelTap/Views/WorldMapView.swift -primary-file /Users/erders/Documents/TravelTap/TravelTap/Views/TravelMapView.swift -primary-file /Users/erders/Documents/TravelTap/TravelTap/Views/CountryMapView.swift -primary-file /Users/erders/Documents/TravelTap/TravelTap/Views/AttractionInfoCard.swift -primary-file /Users/erders/Documents/TravelTap/TravelTap/Views/AttractionDetailView.swift -primary-file /Users/erders/Documents/TravelTap/TravelTap/Services/BundledPhotoManager.swift -primary-file /Users/erders/Documents/TravelTap/TravelTap/Views/CityMapView.swift -primary-file /Users/erders/Documents/TravelTap/TravelTap/Views/MapAnnotationView.swift -primary-file /Users/erders/Documents/TravelTap/TravelTap/Services/RatingManager.swift -primary-file /Users/erders/Documents/TravelTap/TravelTap/Services/GooglePlacesManager.swift -primary-file /Users/erders/Documents/TravelTap/TravelTap/Services/PhotoDiskCache.swift -primary-file /Users/erders/Documents/TravelTap/TravelTap/Services/TierVoteManager.swift -primary-file /Users/erders/Documents/TravelTap/TravelTap/Services/BrandColors.swift -primary-file /Users/erders/Documents/TravelTap/TravelTap/Views/StarRatingView.swift -primary-file /Users/erders/Documents/TravelTap/TravelTap/Views/ShareSheet.swift -primary-file /Users/erders/Documents/TravelTap/TravelTap/Services/VisitedAttractionsManager.swift -primary-file /Users/erders/Documents/TravelTap/TravelTap/Views/BucketListView.swift -primary-file /Users/erders/Documents/TravelTap/TravelTap/Views/SplashScreenView.swift -primary-file /Users/erders/Documents/TravelTap/TravelTap/Views/WelcomeView.swift -primary-file /Users/erders/Documents/TravelTap/TravelTap/Views/AttractionsListView.swift -supplementary-output-file-map /Users/erders/Library/Developer/Xcode/DerivedData/TravelTap-aoniybxgcgmexqcgzdslgsqiowxj/Build/Intermediates.noindex/TravelTap.build/Debug-iphonesimulator/TravelTap.build/Objects-normal/arm64/supplementaryOutputs-1 -emit-localized-strings -emit-localized-strings-path /Users/erders/Library/Developer/Xcode/DerivedData/TravelTap-aoniybxgcgmexqcgzdslgsqiowxj/Build/Intermediates.noindex/TravelTap.build/Debug-iphonesimulator/TravelTap.build/Objects-normal/arm64 -target arm64-apple-ios17.0-simulator -module-can-import-version DeveloperToolsSupport 23.0.4 23.0.4 -module-can-import-version SwiftUI 7.2.5.1 7.2.5 -module-can-import-version UIKit 9126.2.4.1 9126.2.4 -disable-cross-import-overlay-search -swift-module-cross-import MapKit /Applications/Xcode.app/Contents/Developer/Platforms/iPhoneSimulator.platform/Developer/SDKs/iPhoneSimulator.sdk/System/Library/Frameworks/MapKit.framework/Modules/MapKit.swiftcrossimport/SwiftUI.swiftoverlay -load-resolved-plugin /Applications/Xcode.app/Contents/Developer/Platforms/iPhoneOS.platform/Developer/usr/lib/swift/host/plugins/libFoundationMacros.dylib\#/Applications/Xcode.app/Contents/Developer/Platforms/iPhoneOS.platform/Developer/usr/bin/swift-plugin-server\#FoundationMacros -load-resolved-plugin /Applications/Xcode.app/Contents/Developer/Platforms/iPhoneOS.platform/Developer/usr/lib/swift/host/plugins/libObservationMacros.dylib\#/Applications/Xcode.app/Contents/Developer/Platforms/iPhoneOS.platform/Developer/usr/bin/swift-plugin-server\#ObservationMacros -load-resolved-plugin /Applications/Xcode.app/Contents/Developer/Platforms/iPhoneOS.platform/Developer/usr/lib/swift/host/plugins/libPreviewsMacros.dylib\#/Applications/Xcode.app/Contents/Developer/Platforms/iPhoneOS.platform/Developer/usr/bin/swift-plugin-server\#PreviewsMacros -load-resolved-plugin /Applications/Xcode.app/Contents/Developer/Platforms/iPhoneOS.platform/Developer/usr/lib/swift/host/plugins/libSwiftMacros.dylib\#/Applications/Xcode.app/Contents/Developer/Platforms/iPhoneOS.platform/Developer/usr/bin/swift-plugin-server\#SwiftMacros -load-resolved-plugin /Applications/Xcode.app/Contents/Developer/Platforms/iPhoneOS.platform/Developer/usr/lib/swift/host/plugins/libSwiftUIMacros.dylib\#/Applications/Xcode.app/Contents/Developer/Platforms/iPhoneOS.platform/Developer/usr/bin/swift-plugin-server\#SwiftUIMacros -disable-implicit-swift-modules -Xcc -fno-implicit-modules -Xcc -fno-implicit-module-maps -explicit-swift-module-map-file /Users/erders/Library/Developer/Xcode/DerivedData/TravelTap-aoniybxgcgmexqcgzdslgsqiowxj/Build/Intermediates.noindex/TravelTap.build/Debug-iphonesimulator/TravelTap.build/Objects-normal/arm64/TravelTap-dependencies-1.json -Xllvm -aarch64-use-tbi -enable-objc-interop -sdk /Applications/Xcode.app/Contents/Developer/Platforms/iPhoneSimulator.platform/Developer/SDKs/iPhoneSimulator26.2.sdk -I /Users/erders/Library/Developer/Xcode/DerivedData/TravelTap-aoniybxgcgmexqcgzdslgsqiowxj/Build/Products/Debug-iphonesimulator -F /Users/erders/Library/Developer/Xcode/DerivedData/TravelTap-aoniybxgcgmexqcgzdslgsqiowxj/Build/Products/Debug-iphonesimulator -no-color-diagnostics -Xcc -fno-color-diagnostics -enable-testing -g -debug-info-format\=dwarf -dwarf-version\=4 -module-cache-path /Users/erders/Library/Developer/Xcode/DerivedData/TravelTap-aoniybxgcgmexqcgzdslgsqiowxj/Build/Intermediates.noindex/SwiftExplicitPrecompiledModules -swift-version 5 -enforce-exclusivity\=checked -Onone -D DEBUG -serialize-debugging-options -const-gather-protocols-file /Users/erders/Library/Developer/Xcode/DerivedData/TravelTap-aoniybxgcgmexqcgzdslgsqiowxj/Build/Intermediates.noindex/TravelTap.build/Debug-iphonesimulator/TravelTap.build/Objects-normal/arm64/TravelTap_const_extract_protocols.json -enable-experimental-feature DebugDescriptionMacro -enable-bare-slash-regex -empty-abi-descriptor -validate-clang-modules-once -clang-build-session-file /Users/erders/Library/Developer/Xcode/DerivedData/ModuleCache.noindex/Session.modulevalidation -Xcc -working-directory -Xcc /Users/erders/Documents/TravelTap -enable-anonymous-context-mangled-names -file-compilation-dir /Users/erders/Documents/TravelTap -Xcc -D_LIBCPP_HARDENING_MODE\=_LIBCPP_HARDENING_MODE_DEBUG -Xcc -ivfsstatcache -Xcc /Users/erders/Library/Developer/Xcode/DerivedData/SDKStatCaches.noindex/iphonesimulator26.2-23C53-7d00a8b37fbd7999ea79df8ebc024bf0.sdkstatcache -Xcc -I/Users/erders/Library/Developer/Xcode/DerivedData/TravelTap-aoniybxgcgmexqcgzdslgsqiowxj/Build/Intermediates.noindex/TravelTap.build/Debug-iphonesimulator/TravelTap.build/swift-overrides.hmap -Xcc -iquote -Xcc /Users/erders/Library/Developer/Xcode/DerivedData/TravelTap-aoniybxgcgmexqcgzdslgsqiowxj/Build/Intermediates.noindex/TravelTap.build/Debug-iphonesimulator/TravelTap.build/TravelTap-generated-files.hmap -Xcc -I/Users/erders/Library/Developer/Xcode/DerivedData/TravelTap-aoniybxgcgmexqcgzdslgsqiowxj/Build/Intermediates.noindex/TravelTap.build/Debug-iphonesimulator/TravelTap.build/TravelTap-own-target-headers.hmap -Xcc -I/Users/erders/Library/Developer/Xcode/DerivedData/TravelTap-aoniybxgcgmexqcgzdslgsqiowxj/Build/Intermediates.noindex/TravelTap.build/Debug-iphonesimulator/TravelTap.build/TravelTap-all-target-headers.hmap -Xcc -iquote -Xcc /Users/erders/Library/Developer/Xcode/DerivedData/TravelTap-aoniybxgcgmexqcgzdslgsqiowxj/Build/Intermediates.noindex/TravelTap.build/Debug-iphonesimulator/TravelTap.build/TravelTap-project-headers.hmap -Xcc -I/Users/erders/Library/Developer/Xcode/DerivedData/TravelTap-aoniybxgcgmexqcgzdslgsqiowxj/Build/Products/Debug-iphonesimulator/include -Xcc -I/Users/erders/Library/Developer/Xcode/DerivedData/TravelTap-aoniybxgcgmexqcgzdslgsqiowxj/Build/Intermediates.noindex/TravelTap.build/Debug-iphonesimulator/TravelTap.build/DerivedSources-normal/arm64 -Xcc -I/Users/erders/Library/Developer/Xcode/DerivedData/TravelTap-aoniybxgcgmexqcgzdslgsqiowxj/Build/Intermediates.noindex/TravelTap.build/Debug-iphonesimulator/TravelTap.build/DerivedSources/arm64 -Xcc -I/Users/erders/Library/Developer/Xcode/DerivedData/TravelTap-aoniybxgcgmexqcgzdslgsqiowxj/Build/Intermediates.noindex/TravelTap.build/Debug-iphonesimulator/TravelTap.build/DerivedSources -Xcc -DDEBUG\=1 -no-auto-bridging-header-chaining -module-name TravelTap -frontend-parseable-output -disable-clang-spi -target-sdk-version 26.2 -target-sdk-name iphonesimulator26.2 -clang-target arm64-apple-ios26.2-simulator -in-process-plugin-server-path /Applications/Xcode.app/Contents/Developer/Toolchains/XcodeDefault.xctoolchain/usr/lib/swift/host/libSwiftInProcPluginServer.dylib -o /Users/erders/Library/Developer/Xcode/DerivedData/TravelTap-aoniybxgcgmexqcgzdslgsqiowxj/Build/Intermediates.noindex/TravelTap.build/Debug-iphonesimulator/TravelTap.build/Objects-normal/arm64/TravelTapApp.o -o /Users/erders/Library/Developer/Xcode/DerivedData/TravelTap-aoniybxgcgmexqcgzdslgsqiowxj/Build/Intermediates.noindex/TravelTap.build/Debug-iphonesimulator/TravelTap.build/Objects-normal/arm64/ContentView.o -o /Users/erders/Library/Developer/Xcode/DerivedData/TravelTap-aoniybxgcgmexqcgzdslgsqiowxj/Build/Intermediates.noindex/TravelTap.build/Debug-iphonesimulator/TravelTap.build/Objects-normal/arm64/Attraction.o -o /Users/erders/Library/Developer/Xcode/DerivedData/TravelTap-aoniybxgcgmexqcgzdslgsqiowxj/Build/Intermediates.noindex/TravelTap.build/Debug-iphonesimulator/TravelTap.build/Objects-normal/arm64/CountryPackage.o -o /Users/erders/Library/Developer/Xcode/DerivedData/TravelTap-aoniybxgcgmexqcgzdslgsqiowxj/Build/Intermediates.noindex/TravelTap.build/Debug-iphonesimulator/TravelTap.build/Objects-normal/arm64/AttractionData.o -o /Users/erders/Library/Developer/Xcode/DerivedData/TravelTap-aoniybxgcgmexqcgzdslgsqiowxj/Build/Intermediates.noindex/TravelTap.build/Debug-iphonesimulator/TravelTap.build/Objects-normal/arm64/WorldMapView.o -o /Users/erders/Library/Developer/Xcode/DerivedData/TravelTap-aoniybxgcgmexqcgzdslgsqiowxj/Build/Intermediates.noindex/TravelTap.build/Debug-iphonesimulator/TravelTap.build/Objects-normal/arm64/TravelMapView.o -o /Users/erders/Library/Developer/Xcode/DerivedData/TravelTap-aoniybxgcgmexqcgzdslgsqiowxj/Build/Intermediates.noindex/TravelTap.build/Debug-iphonesimulator/TravelTap.build/Objects-normal/arm64/CountryMapView.o -o /Users/erders/Library/Developer/Xcode/DerivedData/TravelTap-aoniybxgcgmexqcgzdslgsqiowxj/Build/Intermediates.noindex/TravelTap.build/Debug-iphonesimulator/TravelTap.build/Objects-normal/arm64/AttractionInfoCard.o -o /Users/erders/Library/Developer/Xcode/DerivedData/TravelTap-aoniybxgcgmexqcgzdslgsqiowxj/Build/Intermediates.noindex/TravelTap.build/Debug-iphonesimulator/TravelTap.build/Objects-normal/arm64/AttractionDetailView.o -o /Users/erders/Library/Developer/Xcode/DerivedData/TravelTap-aoniybxgcgmexqcgzdslgsqiowxj/Build/Intermediates.noindex/TravelTap.build/Debug-iphonesimulator/TravelTap.build/Objects-normal/arm64/BundledPhotoManager.o -o /Users/erders/Library/Developer/Xcode/DerivedData/TravelTap-aoniybxgcgmexqcgzdslgsqiowxj/Build/Intermediates.noindex/TravelTap.build/Debug-iphonesimulator/TravelTap.build/Objects-normal/arm64/CityMapView.o -o /Users/erders/Library/Developer/Xcode/DerivedData/TravelTap-aoniybxgcgmexqcgzdslgsqiowxj/Build/Intermediates.noindex/TravelTap.build/Debug-iphonesimulator/TravelTap.build/Objects-normal/arm64/MapAnnotationView.o -o /Users/erders/Library/Developer/Xcode/DerivedData/TravelTap-aoniybxgcgmexqcgzdslgsqiowxj/Build/Intermediates.noindex/TravelTap.build/Debug-iphonesimulator/TravelTap.build/Objects-normal/arm64/RatingManager.o -o /Users/erders/Library/Developer/Xcode/DerivedData/TravelTap-aoniybxgcgmexqcgzdslgsqiowxj/Build/Intermediates.noindex/TravelTap.build/Debug-iphonesimulator/TravelTap.build/Objects-normal/arm64/GooglePlacesManager.o -o /Users/erders/Library/Developer/Xcode/DerivedData/TravelTap-aoniybxgcgmexqcgzdslgsqiowxj/Build/Intermediates.noindex/TravelTap.build/Debug-iphonesimulator/TravelTap.build/Objects-normal/arm64/PhotoDiskCache.o -o /Users/erders/Library/Developer/Xcode/DerivedData/TravelTap-aoniybxgcgmexqcgzdslgsqiowxj/Build/Intermediates.noindex/TravelTap.build/Debug-iphonesimulator/TravelTap.build/Objects-normal/arm64/TierVoteManager.o -o /Users/erders/Library/Developer/Xcode/DerivedData/TravelTap-aoniybxgcgmexqcgzdslgsqiowxj/Build/Intermediates.noindex/TravelTap.build/Debug-iphonesimulator/TravelTap.build/Objects-normal/arm64/BrandColors.o -o /Users/erders/Library/Developer/Xcode/DerivedData/TravelTap-aoniybxgcgmexqcgzdslgsqiowxj/Build/Intermediates.noindex/TravelTap.build/Debug-iphonesimulator/TravelTap.build/Objects-normal/arm64/StarRatingView.o -o /Users/erders/Library/Developer/Xcode/DerivedData/TravelTap-aoniybxgcgmexqcgzdslgsqiowxj/Build/Intermediates.noindex/TravelTap.build/Debug-iphonesimulator/TravelTap.build/Objects-normal/arm64/ShareSheet.o -o /Users/erders/Library/Developer/Xcode/DerivedData/TravelTap-aoniybxgcgmexqcgzdslgsqiowxj/Build/Intermediates.noindex/TravelTap.build/Debug-iphonesimulator/TravelTap.build/Objects-normal/arm64/VisitedAttractionsManager.o -o /Users/erders/Library/Developer/Xcode/DerivedData/TravelTap-aoniybxgcgmexqcgzdslgsqiowxj/Build/Intermediates.noindex/TravelTap.build/Debug-iphonesimulator/TravelTap.build/Objects-normal/arm64/BucketListView.o -o /Users/erders/Library/Developer/Xcode/DerivedData/TravelTap-aoniybxgcgmexqcgzdslgsqiowxj/Build/Intermediates.noindex/TravelTap.build/Debug-iphonesimulator/TravelTap.build/Objects-normal/arm64/SplashScreenView.o -o /Users/erders/Library/Developer/Xcode/DerivedData/TravelTap-aoniybxgcgmexqcgzdslgsqiowxj/Build/Intermediates.noindex/TravelTap.build/Debug-iphonesimulator/TravelTap.build/Objects-normal/arm64/WelcomeView.o -o /Users/erders/Library/Developer/Xcode/DerivedData/TravelTap-aoniybxgcgmexqcgzdslgsqiowxj/Build/Intermediates.noindex/TravelTap.build/Debug-iphonesimulator/TravelTap.build/Objects-normal/arm64/AttractionsListView.o -index-unit-output-path /TravelTap.build/Debug-iphonesimulator/TravelTap.build/Objects-normal/arm64/TravelTapApp.o -index-unit-output-path /TravelTap.build/Debug-iphonesimulator/TravelTap.build/Objects-normal/arm64/ContentView.o -index-unit-output-path /TravelTap.build/Debug-iphonesimulator/TravelTap.build/Objects-normal/arm64/Attraction.o -index-unit-output-path /TravelTap.build/Debug-iphonesimulator/TravelTap.build/Objects-normal/arm64/CountryPackage.o -index-unit-output-path /TravelTap.build/Debug-iphonesimulator/TravelTap.build/Objects-normal/arm64/AttractionData.o -index-unit-output-path /TravelTap.build/Debug-iphonesimulator/TravelTap.build/Objects-normal/arm64/WorldMapView.o -index-unit-output-path /TravelTap.build/Debug-iphonesimulator/TravelTap.build/Objects-normal/arm64/TravelMapView.o -index-unit-output-path /TravelTap.build/Debug-iphonesimulator/TravelTap.build/Objects-normal/arm64/CountryMapView.o -index-unit-output-path /TravelTap.build/Debug-iphonesimulator/TravelTap.build/Objects-normal/arm64/AttractionInfoCard.o -index-unit-output-path /TravelTap.build/Debug-iphonesimulator/TravelTap.build/Objects-normal/arm64/AttractionDetailView.o -index-unit-output-path /TravelTap.build/Debug-iphonesimulator/TravelTap.build/Objects-normal/arm64/BundledPhotoManager.o -index-unit-output-path /TravelTap.build/Debug-iphonesimulator/TravelTap.build/Objects-normal/arm64/CityMapView.o -index-unit-output-path /TravelTap.build/Debug-iphonesimulator/TravelTap.build/Objects-normal/arm64/MapAnnotationView.o -index-unit-output-path /TravelTap.build/Debug-iphonesimulator/TravelTap.build/Objects-normal/arm64/RatingManager.o -index-unit-output-path /TravelTap.build/Debug-iphonesimulator/TravelTap.build/Objects-normal/arm64/GooglePlacesManager.o -index-unit-output-path /TravelTap.build/Debug-iphonesimulator/TravelTap.build/Objects-normal/arm64/PhotoDiskCache.o -index-unit-output-path /TravelTap.build/Debug-iphonesimulator/TravelTap.build/Objects-normal/arm64/TierVoteManager.o -index-unit-output-path /TravelTap.build/Debug-iphonesimulator/TravelTap.build/Objects-normal/arm64/BrandColors.o -index-unit-output-path /TravelTap.build/Debug-iphonesimulator/TravelTap.build/Objects-normal/arm64/StarRatingView.o -index-unit-output-path /TravelTap.build/Debug-iphonesimulator/TravelTap.build/Objects-normal/arm64/ShareSheet.o -index-unit-output-path /TravelTap.build/Debug-iphonesimulator/TravelTap.build/Objects-normal/arm64/VisitedAttractionsManager.o -index-unit-output-path /TravelTap.build/Debug-iphonesimulator/TravelTap.build/Objects-normal/arm64/BucketListView.o -index-unit-output-path /TravelTap.build/Debug-iphonesimulator/TravelTap.build/Objects-normal/arm64/SplashScreenView.o -index-unit-output-path /TravelTap.build/Debug-iphonesimulator/TravelTap.build/Objects-normal/arm64/WelcomeView.o -index-unit-output-path /TravelTap.build/Debug-iphonesimulator/TravelTap.build/Objects-normal/arm64/AttractionsListView.o -index-store-path /Users/erders/Library/Developer/Xcode/DerivedData/TravelTap-aoniybxgcgmexqcgzdslgsqiowxj/Index.noindex/DataStore -index-system-modules

SwiftCompile normal arm64 /Users/erders/Documents/TravelTap/TravelTap/TravelTapApp.swift (in target 'TravelTap' from project 'TravelTap')
    cd /Users/erders/Documents/TravelTap
    

SwiftCompile normal arm64 /Users/erders/Documents/TravelTap/TravelTap/ContentView.swift (in target 'TravelTap' from project 'TravelTap')
    cd /Users/erders/Documents/TravelTap
    

SwiftCompile normal arm64 /Users/erders/Documents/TravelTap/TravelTap/Models/Attraction.swift (in target 'TravelTap' from project 'TravelTap')
    cd /Users/erders/Documents/TravelTap
    

SwiftCompile normal arm64 /Users/erders/Documents/TravelTap/TravelTap/Models/CountryPackage.swift (in target 'TravelTap' from project 'TravelTap')
    cd /Users/erders/Documents/TravelTap
    

SwiftCompile normal arm64 /Users/erders/Documents/TravelTap/TravelTap/Data/AttractionData.swift (in target 'TravelTap' from project 'TravelTap')
    cd /Users/erders/Documents/TravelTap
    

SwiftCompile normal arm64 /Users/erders/Documents/TravelTap/TravelTap/Views/WorldMapView.swift (in target 'TravelTap' from project 'TravelTap')
    cd /Users/erders/Documents/TravelTap
    

SwiftCompile normal arm64 /Users/erders/Documents/TravelTap/TravelTap/Views/TravelMapView.swift (in target 'TravelTap' from project 'TravelTap')
    cd /Users/erders/Documents/TravelTap
    

SwiftCompile normal arm64 /Users/erders/Documents/TravelTap/TravelTap/Views/CountryMapView.swift (in target 'TravelTap' from project 'TravelTap')
    cd /Users/erders/Documents/TravelTap
    

SwiftCompile normal arm64 /Users/erders/Documents/TravelTap/TravelTap/Views/AttractionInfoCard.swift (in target 'TravelTap' from project 'TravelTap')
    cd /Users/erders/Documents/TravelTap
    

SwiftCompile normal arm64 /Users/erders/Documents/TravelTap/TravelTap/Views/AttractionDetailView.swift (in target 'TravelTap' from project 'TravelTap')
    cd /Users/erders/Documents/TravelTap
    
/Users/erders/Documents/TravelTap/TravelTap/Views/AttractionDetailView.swift:4:8: error: type 'AttractionDetailView' does not conform to protocol 'View'
struct AttractionDetailView: View {
       ^
/Users/erders/Documents/TravelTap/TravelTap/Views/AttractionDetailView.swift:4:8: note: add stubs for conformance
struct AttractionDetailView: View {
       ^
SwiftUI.View.Body:2:16: note: protocol requires nested type 'Body'
associatedtype Body : View}
               ^

SwiftCompile normal arm64 /Users/erders/Documents/TravelTap/TravelTap/Services/BundledPhotoManager.swift (in target 'TravelTap' from project 'TravelTap')
    cd /Users/erders/Documents/TravelTap
    

SwiftCompile normal arm64 /Users/erders/Documents/TravelTap/TravelTap/Views/CityMapView.swift (in target 'TravelTap' from project 'TravelTap')
    cd /Users/erders/Documents/TravelTap
    

SwiftCompile normal arm64 /Users/erders/Documents/TravelTap/TravelTap/Views/MapAnnotationView.swift (in target 'TravelTap' from project 'TravelTap')
    cd /Users/erders/Documents/TravelTap
    

SwiftCompile normal arm64 /Users/erders/Documents/TravelTap/TravelTap/Services/RatingManager.swift (in target 'TravelTap' from project 'TravelTap')
    cd /Users/erders/Documents/TravelTap
    

SwiftCompile normal arm64 /Users/erders/Documents/TravelTap/TravelTap/Services/GooglePlacesManager.swift (in target 'TravelTap' from project 'TravelTap')
    cd /Users/erders/Documents/TravelTap
    

SwiftCompile normal arm64 /Users/erders/Documents/TravelTap/TravelTap/Services/PhotoDiskCache.swift (in target 'TravelTap' from project 'TravelTap')
    cd /Users/erders/Documents/TravelTap
    

SwiftCompile normal arm64 /Users/erders/Documents/TravelTap/TravelTap/Services/TierVoteManager.swift (in target 'TravelTap' from project 'TravelTap')
    cd /Users/erders/Documents/TravelTap
    

SwiftCompile normal arm64 /Users/erders/Documents/TravelTap/TravelTap/Services/BrandColors.swift (in target 'TravelTap' from project 'TravelTap')
    cd /Users/erders/Documents/TravelTap
    

SwiftCompile normal arm64 /Users/erders/Documents/TravelTap/TravelTap/Views/StarRatingView.swift (in target 'TravelTap' from project 'TravelTap')
    cd /Users/erders/Documents/TravelTap
    

SwiftCompile normal arm64 /Users/erders/Documents/TravelTap/TravelTap/Views/ShareSheet.swift (in target 'TravelTap' from project 'TravelTap')
    cd /Users/erders/Documents/TravelTap
    

SwiftCompile normal arm64 /Users/erders/Documents/TravelTap/TravelTap/Services/VisitedAttractionsManager.swift (in target 'TravelTap' from project 'TravelTap')
    cd /Users/erders/Documents/TravelTap
    

SwiftCompile normal arm64 /Users/erders/Documents/TravelTap/TravelTap/Views/BucketListView.swift (in target 'TravelTap' from project 'TravelTap')
    cd /Users/erders/Documents/TravelTap
    

SwiftCompile normal arm64 /Users/erders/Documents/TravelTap/TravelTap/Views/SplashScreenView.swift (in target 'TravelTap' from project 'TravelTap')
    cd /Users/erders/Documents/TravelTap
    

SwiftCompile normal arm64 /Users/erders/Documents/TravelTap/TravelTap/Views/WelcomeView.swift (in target 'TravelTap' from project 'TravelTap')
    cd /Users/erders/Documents/TravelTap
    

SwiftCompile normal arm64 /Users/erders/Documents/TravelTap/TravelTap/Views/AttractionsListView.swift (in target 'TravelTap' from project 'TravelTap')
    cd /Users/erders/Documents/TravelTap
    

SwiftCompile normal arm64 Compiling\ SudanPackage.swift,\ TunisiaPackage.swift,\ BotswanaPackage.swift,\ HlaneEastAttractions.swift,\ ManziniSouthAttractions.swift,\ MbabaneEzulwiniAttractions.swift,\ PiggsPeakNorthAttractions.swift,\ EswatiniPackage.swift,\ HighlandsNorthAttractions.swift,\ MaseruCentralAttractions.swift,\ SaniPassEastAttractions.swift,\ SouthQuthingAttractions.swift,\ LesothoPackage.swift,\ CapriviStripAttractions.swift,\ CoastDamaralandAttractions.swift,\ EtoshaNorthAttractions.swift,\ SossusvleiSouthAttractions.swift,\ WindhoekCentralAttractions.swift,\ NamibiaPackage.swift,\ CapeWinelandsDayTripsAttractions.swift,\ GardenRouteEasternCapeAttractions.swift,\ KrugerMpumalangaLimpopoAttractions.swift,\ NorthernCapeFreeStateAttractions.swift,\ SouthAfricaPackage.swift,\ BeninPackage.swift /Users/erders/Documents/TravelTap/TravelTap/Data/Countries/Africa/NorthAfrica/Sudan/SudanPackage.swift /Users/erders/Documents/TravelTap/TravelTap/Data/Countries/Africa/NorthAfrica/Tunisia/TunisiaPackage.swift /Users/erders/Documents/TravelTap/TravelTap/Data/Countries/Africa/SouthernAfrica/Botswana/BotswanaPackage.swift /Users/erders/Documents/TravelTap/TravelTap/Data/Countries/Africa/SouthernAfrica/Eswatini/Cities/HlaneEastAttractions.swift /Users/erders/Documents/TravelTap/TravelTap/Data/Countries/Africa/SouthernAfrica/Eswatini/Cities/ManziniSouthAttractions.swift /Users/erders/Documents/TravelTap/TravelTap/Data/Countries/Africa/SouthernAfrica/Eswatini/Cities/MbabaneEzulwiniAttractions.swift /Users/erders/Documents/TravelTap/TravelTap/Data/Countries/Africa/SouthernAfrica/Eswatini/Cities/PiggsPeakNorthAttractions.swift /Users/erders/Documents/TravelTap/TravelTap/Data/Countries/Africa/SouthernAfrica/Eswatini/EswatiniPackage.swift /Users/erders/Documents/TravelTap/TravelTap/Data/Countries/Africa/SouthernAfrica/Lesotho/Cities/HighlandsNorthAttractions.swift /Users/erders/Documents/TravelTap/TravelTap/Data/Countries/Africa/SouthernAfrica/Lesotho/Cities/MaseruCentralAttractions.swift /Users/erders/Documents/TravelTap/TravelTap/Data/Countries/Africa/SouthernAfrica/Lesotho/Cities/SaniPassEastAttractions.swift /Users/erders/Documents/TravelTap/TravelTap/Data/Countries/Africa/SouthernAfrica/Lesotho/Cities/SouthQuthingAttractions.swift /Users/erders/Documents/TravelTap/TravelTap/Data/Countries/Africa/SouthernAfrica/Lesotho/LesothoPackage.swift /Users/erders/Documents/TravelTap/TravelTap/Data/Countries/Africa/SouthernAfrica/Namibia/Cities/CapriviStripAttractions.swift /Users/erders/Documents/TravelTap/TravelTap/Data/Countries/Africa/SouthernAfrica/Namibia/Cities/CoastDamaralandAttractions.swift /Users/erders/Documents/TravelTap/TravelTap/Data/Countries/Africa/SouthernAfrica/Namibia/Cities/EtoshaNorthAttractions.swift /Users/erders/Documents/TravelTap/TravelTap/Data/Countries/Africa/SouthernAfrica/Namibia/Cities/SossusvleiSouthAttractions.swift /Users/erders/Documents/TravelTap/TravelTap/Data/Countries/Africa/SouthernAfrica/Namibia/Cities/WindhoekCentralAttractions.swift /Users/erders/Documents/TravelTap/TravelTap/Data/Countries/Africa/SouthernAfrica/Namibia/NamibiaPackage.swift /Users/erders/Documents/TravelTap/TravelTap/Data/Countries/Africa/SouthernAfrica/SouthAfrica/Cities/CapeWinelandsDayTripsAttractions.swift /Users/erders/Documents/TravelTap/TravelTap/Data/Countries/Africa/SouthernAfrica/SouthAfrica/Cities/GardenRouteEasternCapeAttractions.swift /Users/erders/Documents/TravelTap/TravelTap/Data/Countries/Africa/SouthernAfrica/SouthAfrica/Cities/KrugerMpumalangaLimpopoAttractions.swift /Users/erders/Documents/TravelTap/TravelTap/Data/Countries/Africa/SouthernAfrica/SouthAfrica/Cities/NorthernCapeFreeStateAttractions.swift /Users/erders/Documents/TravelTap/TravelTap/Data/Countries/Africa/SouthernAfrica/SouthAfrica/SouthAfricaPackage.swift /Users/erders/Documents/TravelTap/TravelTap/Data/Countries/Africa/WestAfrica/Benin/BeninPackage.swift (in target 'TravelTap' from project 'TravelTap')

SwiftCompile normal arm64 /Users/erders/Documents/TravelTap/TravelTap/Data/Countries/Africa/NorthAfrica/Sudan/SudanPackage.swift (in target 'TravelTap' from project 'TravelTap')
    cd /Users/erders/Documents/TravelTap
    

SwiftCompile normal arm64 /Users/erders/Documents/TravelTap/TravelTap/Data/Countries/Africa/NorthAfrica/Tunisia/TunisiaPackage.swift (in target 'TravelTap' from project 'TravelTap')
    cd /Users/erders/Documents/TravelTap
    

SwiftCompile normal arm64 /Users/erders/Documents/TravelTap/TravelTap/Data/Countries/Africa/SouthernAfrica/Botswana/BotswanaPackage.swift (in target 'TravelTap' from project 'TravelTap')
    cd /Users/erders/Documents/TravelTap
    

SwiftCompile normal arm64 /Users/erders/Documents/TravelTap/TravelTap/Data/Countries/Africa/SouthernAfrica/Eswatini/Cities/HlaneEastAttractions.swift (in target 'TravelTap' from project 'TravelTap')
    cd /Users/erders/Documents/TravelTap
    

SwiftCompile normal arm64 /Users/erders/Documents/TravelTap/TravelTap/Data/Countries/Africa/SouthernAfrica/Eswatini/Cities/ManziniSouthAttractions.swift (in target 'TravelTap' from project 'TravelTap')
    cd /Users/erders/Documents/TravelTap
    

SwiftCompile normal arm64 /Users/erders/Documents/TravelTap/TravelTap/Data/Countries/Africa/SouthernAfrica/Eswatini/Cities/MbabaneEzulwiniAttractions.swift (in target 'TravelTap' from project 'TravelTap')
    cd /Users/erders/Documents/TravelTap
    

SwiftCompile normal arm64 /Users/erders/Documents/TravelTap/TravelTap/Data/Countries/Africa/SouthernAfrica/Eswatini/Cities/PiggsPeakNorthAttractions.swift (in target 'TravelTap' from project 'TravelTap')
    cd /Users/erders/Documents/TravelTap
    

SwiftCompile normal arm64 /Users/erders/Documents/TravelTap/TravelTap/Data/Countries/Africa/SouthernAfrica/Eswatini/EswatiniPackage.swift (in target 'TravelTap' from project 'TravelTap')
    cd /Users/erders/Documents/TravelTap
    

SwiftCompile normal arm64 /Users/erders/Documents/TravelTap/TravelTap/Data/Countries/Africa/SouthernAfrica/Lesotho/Cities/HighlandsNorthAttractions.swift (in target 'TravelTap' from project 'TravelTap')
    cd /Users/erders/Documents/TravelTap
    

SwiftCompile normal arm64 /Users/erders/Documents/TravelTap/TravelTap/Data/Countries/Africa/SouthernAfrica/Lesotho/Cities/MaseruCentralAttractions.swift (in target 'TravelTap' from project 'TravelTap')
    cd /Users/erders/Documents/TravelTap
    

SwiftCompile normal arm64 /Users/erders/Documents/TravelTap/TravelTap/Data/Countries/Africa/SouthernAfrica/Lesotho/Cities/SaniPassEastAttractions.swift (in target 'TravelTap' from project 'TravelTap')
    cd /Users/erders/Documents/TravelTap
    

SwiftCompile normal arm64 /Users/erders/Documents/TravelTap/TravelTap/Data/Countries/Africa/SouthernAfrica/Lesotho/Cities/SouthQuthingAttractions.swift (in target 'TravelTap' from project 'TravelTap')
    cd /Users/erders/Documents/TravelTap
    

SwiftCompile normal arm64 /Users/erders/Documents/TravelTap/TravelTap/Data/Countries/Africa/SouthernAfrica/Lesotho/LesothoPackage.swift (in target 'TravelTap' from project 'TravelTap')
    cd /Users/erders/Documents/TravelTap
    

SwiftCompile normal arm64 /Users/erders/Documents/TravelTap/TravelTap/Data/Countries/Africa/SouthernAfrica/Namibia/Cities/CapriviStripAttractions.swift (in target 'TravelTap' from project 'TravelTap')
    cd /Users/erders/Documents/TravelTap
    

SwiftCompile normal arm64 /Users/erders/Documents/TravelTap/TravelTap/Data/Countries/Africa/SouthernAfrica/Namibia/Cities/CoastDamaralandAttractions.swift (in target 'TravelTap' from project 'TravelTap')
    cd /Users/erders/Documents/TravelTap
    

SwiftCompile normal arm64 /Users/erders/Documents/TravelTap/TravelTap/Data/Countries/Africa/SouthernAfrica/Namibia/Cities/EtoshaNorthAttractions.swift (in target 'TravelTap' from project 'TravelTap')
    cd /Users/erders/Documents/TravelTap
    

SwiftCompile normal arm64 /Users/erders/Documents/TravelTap/TravelTap/Data/Countries/Africa/SouthernAfrica/Namibia/Cities/SossusvleiSouthAttractions.swift (in target 'TravelTap' from project 'TravelTap')
    cd /Users/erders/Documents/TravelTap
    

SwiftCompile normal arm64 /Users/erders/Documents/TravelTap/TravelTap/Data/Countries/Africa/SouthernAfrica/Namibia/Cities/WindhoekCentralAttractions.swift (in target 'TravelTap' from project 'TravelTap')
    cd /Users/erders/Documents/TravelTap
    

SwiftCompile normal arm64 /Users/erders/Documents/TravelTap/TravelTap/Data/Countries/Africa/SouthernAfrica/Namibia/NamibiaPackage.swift (in target 'TravelTap' from project 'TravelTap')
    cd /Users/erders/Documents/TravelTap
    

SwiftCompile normal arm64 /Users/erders/Documents/TravelTap/TravelTap/Data/Countries/Africa/SouthernAfrica/SouthAfrica/Cities/CapeWinelandsDayTripsAttractions.swift (in target 'TravelTap' from project 'TravelTap')
    cd /Users/erders/Documents/TravelTap
    

SwiftCompile normal arm64 /Users/erders/Documents/TravelTap/TravelTap/Data/Countries/Africa/SouthernAfrica/SouthAfrica/Cities/GardenRouteEasternCapeAttractions.swift (in target 'TravelTap' from project 'TravelTap')
    cd /Users/erders/Documents/TravelTap
    

SwiftCompile normal arm64 /Users/erders/Documents/TravelTap/TravelTap/Data/Countries/Africa/SouthernAfrica/SouthAfrica/Cities/KrugerMpumalangaLimpopoAttractions.swift (in target 'TravelTap' from project 'TravelTap')
    cd /Users/erders/Documents/TravelTap
    

SwiftCompile normal arm64 /Users/erders/Documents/TravelTap/TravelTap/Data/Countries/Africa/SouthernAfrica/SouthAfrica/Cities/NorthernCapeFreeStateAttractions.swift (in target 'TravelTap' from project 'TravelTap')
    cd /Users/erders/Documents/TravelTap
    

SwiftCompile normal arm64 /Users/erders/Documents/TravelTap/TravelTap/Data/Countries/Africa/SouthernAfrica/SouthAfrica/SouthAfricaPackage.swift (in target 'TravelTap' from project 'TravelTap')
    cd /Users/erders/Documents/TravelTap
    

SwiftCompile normal arm64 /Users/erders/Documents/TravelTap/TravelTap/Data/Countries/Africa/WestAfrica/Benin/BeninPackage.swift (in target 'TravelTap' from project 'TravelTap')
    cd /Users/erders/Documents/TravelTap
    

SwiftCompile normal arm64 Compiling\ AsmaraAttractions.swift,\ KerenHighlandsAttractions.swift,\ MassawaCoastAttractions.swift,\ SouthArchaeologyAttractions.swift,\ EritreaPackage.swift,\ AddisAbabaAttractions.swift,\ EasternEthiopiaAttractions.swift,\ NorthernEthiopiaAttractions.swift,\ SouthernEthiopiaAttractions.swift,\ EthiopiaPackage.swift,\ KenyaPackage.swift,\ CentralHighlandsAttractions.swift,\ EastRainforestsAttractions.swift,\ NorthIslandsAttractions.swift,\ WestSouthAttractions.swift,\ MadagascarPackage.swift,\ LakeMalawiAttractions.swift,\ LilongweCentralAttractions.swift,\ NorthernMalawiAttractions.swift,\ SouthernMalawiAttractions.swift,\ MalawiPackage.swift,\ MauritiusPackage.swift,\ CentralMozambiqueAttractions.swift,\ InhambaneCoastAttractions.swift,\ MaputoSouthAttractions.swift /Users/erders/Documents/TravelTap/TravelTap/Data/Countries/Africa/EastAfrica/Eritrea/Cities/AsmaraAttractions.swift /Users/erders/Documents/TravelTap/TravelTap/Data/Countries/Africa/EastAfrica/Eritrea/Cities/KerenHighlandsAttractions.swift /Users/erders/Documents/TravelTap/TravelTap/Data/Countries/Africa/EastAfrica/Eritrea/Cities/MassawaCoastAttractions.swift /Users/erders/Documents/TravelTap/TravelTap/Data/Countries/Africa/EastAfrica/Eritrea/Cities/SouthArchaeologyAttractions.swift /Users/erders/Documents/TravelTap/TravelTap/Data/Countries/Africa/EastAfrica/Eritrea/EritreaPackage.swift /Users/erders/Documents/TravelTap/TravelTap/Data/Countries/Africa/EastAfrica/Ethiopia/Cities/AddisAbabaAttractions.swift /Users/erders/Documents/TravelTap/TravelTap/Data/Countries/Africa/EastAfrica/Ethiopia/Cities/EasternEthiopiaAttractions.swift /Users/erders/Documents/TravelTap/TravelTap/Data/Countries/Africa/EastAfrica/Ethiopia/Cities/NorthernEthiopiaAttractions.swift /Users/erders/Documents/TravelTap/TravelTap/Data/Countries/Africa/EastAfrica/Ethiopia/Cities/SouthernEthiopiaAttractions.swift /Users/erders/Documents/TravelTap/TravelTap/Data/Countries/Africa/EastAfrica/Ethiopia/EthiopiaPackage.swift /Users/erders/Documents/TravelTap/TravelTap/Data/Countries/Africa/EastAfrica/Kenya/KenyaPackage.swift /Users/erders/Documents/TravelTap/TravelTap/Data/Countries/Africa/EastAfrica/Madagascar/Cities/CentralHighlandsAttractions.swift /Users/erders/Documents/TravelTap/TravelTap/Data/Countries/Africa/EastAfrica/Madagascar/Cities/EastRainforestsAttractions.swift /Users/erders/Documents/TravelTap/TravelTap/Data/Countries/Africa/EastAfrica/Madagascar/Cities/NorthIslandsAttractions.swift /Users/erders/Documents/TravelTap/TravelTap/Data/Countries/Africa/EastAfrica/Madagascar/Cities/WestSouthAttractions.swift /Users/erders/Documents/TravelTap/TravelTap/Data/Countries/Africa/EastAfrica/Madagascar/MadagascarPackage.swift /Users/erders/Documents/TravelTap/TravelTap/Data/Countries/Africa/EastAfrica/Malawi/Cities/LakeMalawiAttractions.swift /Users/erders/Documents/TravelTap/TravelTap/Data/Countries/Africa/EastAfrica/Malawi/Cities/LilongweCentralAttractions.swift /Users/erders/Documents/TravelTap/TravelTap/Data/Countries/Africa/EastAfrica/Malawi/Cities/NorthernMalawiAttractions.swift /Users/erders/Documents/TravelTap/TravelTap/Data/Countries/Africa/EastAfrica/Malawi/Cities/SouthernMalawiAttractions.swift /Users/erders/Documents/TravelTap/TravelTap/Data/Countries/Africa/EastAfrica/Malawi/MalawiPackage.swift /Users/erders/Documents/TravelTap/TravelTap/Data/Countries/Africa/EastAfrica/Mauritius/MauritiusPackage.swift /Users/erders/Documents/TravelTap/TravelTap/Data/Countries/Africa/EastAfrica/Mozambique/Cities/CentralMozambiqueAttractions.swift /Users/erders/Documents/TravelTap/TravelTap/Data/Countries/Africa/EastAfrica/Mozambique/Cities/InhambaneCoastAttractions.swift /Users/erders/Documents/TravelTap/TravelTap/Data/Countries/Africa/EastAfrica/Mozambique/Cities/MaputoSouthAttractions.swift (in target 'TravelTap' from project 'TravelTap')

SwiftCompile normal arm64 /Users/erders/Documents/TravelTap/TravelTap/Data/Countries/Africa/EastAfrica/Eritrea/Cities/AsmaraAttractions.swift (in target 'TravelTap' from project 'TravelTap')
    cd /Users/erders/Documents/TravelTap
    

SwiftCompile normal arm64 /Users/erders/Documents/TravelTap/TravelTap/Data/Countries/Africa/EastAfrica/Eritrea/Cities/KerenHighlandsAttractions.swift (in target 'TravelTap' from project 'TravelTap')
    cd /Users/erders/Documents/TravelTap
    

SwiftCompile normal arm64 /Users/erders/Documents/TravelTap/TravelTap/Data/Countries/Africa/EastAfrica/Eritrea/Cities/MassawaCoastAttractions.swift (in target 'TravelTap' from project 'TravelTap')
    cd /Users/erders/Documents/TravelTap
    

SwiftCompile normal arm64 /Users/erders/Documents/TravelTap/TravelTap/Data/Countries/Africa/EastAfrica/Eritrea/Cities/SouthArchaeologyAttractions.swift (in target 'TravelTap' from project 'TravelTap')
    cd /Users/erders/Documents/TravelTap
    

SwiftCompile normal arm64 /Users/erders/Documents/TravelTap/TravelTap/Data/Countries/Africa/EastAfrica/Eritrea/EritreaPackage.swift (in target 'TravelTap' from project 'TravelTap')
    cd /Users/erders/Documents/TravelTap
    

SwiftCompile normal arm64 /Users/erders/Documents/TravelTap/TravelTap/Data/Countries/Africa/EastAfrica/Ethiopia/Cities/AddisAbabaAttractions.swift (in target 'TravelTap' from project 'TravelTap')
    cd /Users/erders/Documents/TravelTap
    

SwiftCompile normal arm64 /Users/erders/Documents/TravelTap/TravelTap/Data/Countries/Africa/EastAfrica/Ethiopia/Cities/EasternEthiopiaAttractions.swift (in target 'TravelTap' from project 'TravelTap')
    cd /Users/erders/Documents/TravelTap
    

SwiftCompile normal arm64 /Users/erders/Documents/TravelTap/TravelTap/Data/Countries/Africa/EastAfrica/Ethiopia/Cities/NorthernEthiopiaAttractions.swift (in target 'TravelTap' from project 'TravelTap')
    cd /Users/erders/Documents/TravelTap
    

SwiftCompile normal arm64 /Users/erders/Documents/TravelTap/TravelTap/Data/Countries/Africa/EastAfrica/Ethiopia/Cities/SouthernEthiopiaAttractions.swift (in target 'TravelTap' from project 'TravelTap')
    cd /Users/erders/Documents/TravelTap
    

SwiftCompile normal arm64 /Users/erders/Documents/TravelTap/TravelTap/Data/Countries/Africa/EastAfrica/Ethiopia/EthiopiaPackage.swift (in target 'TravelTap' from project 'TravelTap')
    cd /Users/erders/Documents/TravelTap
    

SwiftCompile normal arm64 /Users/erders/Documents/TravelTap/TravelTap/Data/Countries/Africa/EastAfrica/Kenya/KenyaPackage.swift (in target 'TravelTap' from project 'TravelTap')
    cd /Users/erders/Documents/TravelTap
    

SwiftCompile normal arm64 /Users/erders/Documents/TravelTap/TravelTap/Data/Countries/Africa/EastAfrica/Madagascar/Cities/CentralHighlandsAttractions.swift (in target 'TravelTap' from project 'TravelTap')
    cd /Users/erders/Documents/TravelTap
    

SwiftCompile normal arm64 /Users/erders/Documents/TravelTap/TravelTap/Data/Countries/Africa/EastAfrica/Madagascar/Cities/EastRainforestsAttractions.swift (in target 'TravelTap' from project 'TravelTap')
    cd /Users/erders/Documents/TravelTap
    

SwiftCompile normal arm64 /Users/erders/Documents/TravelTap/TravelTap/Data/Countries/Africa/EastAfrica/Madagascar/Cities/NorthIslandsAttractions.swift (in target 'TravelTap' from project 'TravelTap')
    cd /Users/erders/Documents/TravelTap
    

SwiftCompile normal arm64 /Users/erders/Documents/TravelTap/TravelTap/Data/Countries/Africa/EastAfrica/Madagascar/Cities/WestSouthAttractions.swift (in target 'TravelTap' from project 'TravelTap')
    cd /Users/erders/Documents/TravelTap
    

SwiftCompile normal arm64 /Users/erders/Documents/TravelTap/TravelTap/Data/Countries/Africa/EastAfrica/Madagascar/MadagascarPackage.swift (in target 'TravelTap' from project 'TravelTap')
    cd /Users/erders/Documents/TravelTap
    

SwiftCompile normal arm64 /Users/erders/Documents/TravelTap/TravelTap/Data/Countries/Africa/EastAfrica/Malawi/Cities/LakeMalawiAttractions.swift (in target 'TravelTap' from project 'TravelTap')
    cd /Users/erders/Documents/TravelTap
    

SwiftCompile normal arm64 /Users/erders/Documents/TravelTap/TravelTap/Data/Countries/Africa/EastAfrica/Malawi/Cities/LilongweCentralAttractions.swift (in target 'TravelTap' from project 'TravelTap')
    cd /Users/erders/Documents/TravelTap
    

SwiftCompile normal arm64 /Users/erders/Documents/TravelTap/TravelTap/Data/Countries/Africa/EastAfrica/Malawi/Cities/NorthernMalawiAttractions.swift (in target 'TravelTap' from project 'TravelTap')
    cd /Users/erders/Documents/TravelTap
    

SwiftCompile normal arm64 /Users/erders/Documents/TravelTap/TravelTap/Data/Countries/Africa/EastAfrica/Malawi/Cities/SouthernMalawiAttractions.swift (in target 'TravelTap' from project 'TravelTap')
    cd /Users/erders/Documents/TravelTap
    

SwiftCompile normal arm64 /Users/erders/Documents/TravelTap/TravelTap/Data/Countries/Africa/EastAfrica/Malawi/MalawiPackage.swift (in target 'TravelTap' from project 'TravelTap')
    cd /Users/erders/Documents/TravelTap
    

SwiftCompile normal arm64 /Users/erders/Documents/TravelTap/TravelTap/Data/Countries/Africa/EastAfrica/Mauritius/MauritiusPackage.swift (in target 'TravelTap' from project 'TravelTap')
    cd /Users/erders/Documents/TravelTap
    

SwiftCompile normal arm64 /Users/erders/Documents/TravelTap/TravelTap/Data/Countries/Africa/EastAfrica/Mozambique/Cities/CentralMozambiqueAttractions.swift (in target 'TravelTap' from project 'TravelTap')
    cd /Users/erders/Documents/TravelTap
    

SwiftCompile normal arm64 /Users/erders/Documents/TravelTap/TravelTap/Data/Countries/Africa/EastAfrica/Mozambique/Cities/InhambaneCoastAttractions.swift (in target 'TravelTap' from project 'TravelTap')
    cd /Users/erders/Documents/TravelTap
    

SwiftCompile normal arm64 /Users/erders/Documents/TravelTap/TravelTap/Data/Countries/Africa/EastAfrica/Mozambique/Cities/MaputoSouthAttractions.swift (in target 'TravelTap' from project 'TravelTap')
    cd /Users/erders/Documents/TravelTap
    

SwiftCompile normal arm64 Compiling\ HistoricTownsAttractions.swift,\ SaharaWondersAttractions.swift,\ MauritaniaPackage.swift,\ AgadezAirMountainsAttractions.swift,\ NiameySouthwestAttractions.swift,\ TenereDesertNorthAttractions.swift,\ ZinderSouthEastAttractions.swift,\ NigerPackage.swift,\ AbujaCentralAttractions.swift,\ LagosSouthwestAttractions.swift,\ NorthEastWestAttractions.swift,\ SouthEastSouthSouthAttractions.swift,\ NigeriaPackage.swift,\ CasamanceEastAttractions.swift,\ DakarSurroundsAttractions.swift,\ NorthSaintLouisAttractions.swift,\ SaloumCentralAttractions.swift,\ SenegalPackage.swift,\ EastSouthRainforestsAttractions.swift,\ FreetownPeninsulaAttractions.swift,\ IslandsCoastAttractions.swift,\ NorthInteriorAttractions.swift,\ SierraLeonePackage.swift,\ CentralKaraAttractions.swift,\ KpalimePlateauxAttractions.swift /Users/erders/Documents/TravelTap/TravelTap/Data/Countries/Africa/WestAfrica/Mauritania/Cities/HistoricTownsAttractions.swift /Users/erders/Documents/TravelTap/TravelTap/Data/Countries/Africa/WestAfrica/Mauritania/Cities/SaharaWondersAttractions.swift /Users/erders/Documents/TravelTap/TravelTap/Data/Countries/Africa/WestAfrica/Mauritania/MauritaniaPackage.swift /Users/erders/Documents/TravelTap/TravelTap/Data/Countries/Africa/WestAfrica/Niger/Cities/AgadezAirMountainsAttractions.swift /Users/erders/Documents/TravelTap/TravelTap/Data/Countries/Africa/WestAfrica/Niger/Cities/NiameySouthwestAttractions.swift /Users/erders/Documents/TravelTap/TravelTap/Data/Countries/Africa/WestAfrica/Niger/Cities/TenereDesertNorthAttractions.swift /Users/erders/Documents/TravelTap/TravelTap/Data/Countries/Africa/WestAfrica/Niger/Cities/ZinderSouthEastAttractions.swift /Users/erders/Documents/TravelTap/TravelTap/Data/Countries/Africa/WestAfrica/Niger/NigerPackage.swift /Users/erders/Documents/TravelTap/TravelTap/Data/Countries/Africa/WestAfrica/Nigeria/Cities/AbujaCentralAttractions.swift /Users/erders/Documents/TravelTap/TravelTap/Data/Countries/Africa/WestAfrica/Nigeria/Cities/LagosSouthwestAttractions.swift /Users/erders/Documents/TravelTap/TravelTap/Data/Countries/Africa/WestAfrica/Nigeria/Cities/NorthEastWestAttractions.swift /Users/erders/Documents/TravelTap/TravelTap/Data/Countries/Africa/WestAfrica/Nigeria/Cities/SouthEastSouthSouthAttractions.swift /Users/erders/Documents/TravelTap/TravelTap/Data/Countries/Africa/WestAfrica/Nigeria/NigeriaPackage.swift /Users/erders/Documents/TravelTap/TravelTap/Data/Countries/Africa/WestAfrica/Senegal/Cities/CasamanceEastAttractions.swift /Users/erders/Documents/TravelTap/TravelTap/Data/Countries/Africa/WestAfrica/Senegal/Cities/DakarSurroundsAttractions.swift /Users/erders/Documents/TravelTap/TravelTap/Data/Countries/Africa/WestAfrica/Senegal/Cities/NorthSaintLouisAttractions.swift /Users/erders/Documents/TravelTap/TravelTap/Data/Countries/Africa/WestAfrica/Senegal/Cities/SaloumCentralAttractions.swift /Users/erders/Documents/TravelTap/TravelTap/Data/Countries/Africa/WestAfrica/Senegal/SenegalPackage.swift /Users/erders/Documents/TravelTap/TravelTap/Data/Countries/Africa/WestAfrica/SierraLeone/Cities/EastSouthRainforestsAttractions.swift /Users/erders/Documents/TravelTap/TravelTap/Data/Countries/Africa/WestAfrica/SierraLeone/Cities/FreetownPeninsulaAttractions.swift /Users/erders/Documents/TravelTap/TravelTap/Data/Countries/Africa/WestAfrica/SierraLeone/Cities/IslandsCoastAttractions.swift /Users/erders/Documents/TravelTap/TravelTap/Data/Countries/Africa/WestAfrica/SierraLeone/Cities/NorthInteriorAttractions.swift /Users/erders/Documents/TravelTap/TravelTap/Data/Countries/Africa/WestAfrica/SierraLeone/SierraLeonePackage.swift /Users/erders/Documents/TravelTap/TravelTap/Data/Countries/Africa/WestAfrica/Togo/Cities/CentralKaraAttractions.swift /Users/erders/Documents/TravelTap/TravelTap/Data/Countries/Africa/WestAfrica/Togo/Cities/KpalimePlateauxAttractions.swift (in target 'TravelTap' from project 'TravelTap')

SwiftCompile normal arm64 /Users/erders/Documents/TravelTap/TravelTap/Data/Countries/Africa/WestAfrica/Mauritania/Cities/HistoricTownsAttractions.swift (in target 'TravelTap' from project 'TravelTap')
    cd /Users/erders/Documents/TravelTap
    

SwiftCompile normal arm64 /Users/erders/Documents/TravelTap/TravelTap/Data/Countries/Africa/WestAfrica/Mauritania/Cities/SaharaWondersAttractions.swift (in target 'TravelTap' from project 'TravelTap')
    cd /Users/erders/Documents/TravelTap
    

SwiftCompile normal arm64 /Users/erders/Documents/TravelTap/TravelTap/Data/Countries/Africa/WestAfrica/Mauritania/MauritaniaPackage.swift (in target 'TravelTap' from project 'TravelTap')
    cd /Users/erders/Documents/TravelTap
    

SwiftCompile normal arm64 /Users/erders/Documents/TravelTap/TravelTap/Data/Countries/Africa/WestAfrica/Niger/Cities/AgadezAirMountainsAttractions.swift (in target 'TravelTap' from project 'TravelTap')
    cd /Users/erders/Documents/TravelTap
    

SwiftCompile normal arm64 /Users/erders/Documents/TravelTap/TravelTap/Data/Countries/Africa/WestAfrica/Niger/Cities/NiameySouthwestAttractions.swift (in target 'TravelTap' from project 'TravelTap')
    cd /Users/erders/Documents/TravelTap
    

SwiftCompile normal arm64 /Users/erders/Documents/TravelTap/TravelTap/Data/Countries/Africa/WestAfrica/Niger/Cities/TenereDesertNorthAttractions.swift (in target 'TravelTap' from project 'TravelTap')
    cd /Users/erders/Documents/TravelTap
    

SwiftCompile normal arm64 /Users/erders/Documents/TravelTap/TravelTap/Data/Countries/Africa/WestAfrica/Niger/Cities/ZinderSouthEastAttractions.swift (in target 'TravelTap' from project 'TravelTap')
    cd /Users/erders/Documents/TravelTap
    

SwiftCompile normal arm64 /Users/erders/Documents/TravelTap/TravelTap/Data/Countries/Africa/WestAfrica/Niger/NigerPackage.swift (in target 'TravelTap' from project 'TravelTap')
    cd /Users/erders/Documents/TravelTap
    

SwiftCompile normal arm64 /Users/erders/Documents/TravelTap/TravelTap/Data/Countries/Africa/WestAfrica/Nigeria/Cities/AbujaCentralAttractions.swift (in target 'TravelTap' from project 'TravelTap')
    cd /Users/erders/Documents/TravelTap
    

SwiftCompile normal arm64 /Users/erders/Documents/TravelTap/TravelTap/Data/Countries/Africa/WestAfrica/Nigeria/Cities/LagosSouthwestAttractions.swift (in target 'TravelTap' from project 'TravelTap')
    cd /Users/erders/Documents/TravelTap
    

SwiftCompile normal arm64 /Users/erders/Documents/TravelTap/TravelTap/Data/Countries/Africa/WestAfrica/Nigeria/Cities/NorthEastWestAttractions.swift (in target 'TravelTap' from project 'TravelTap')
    cd /Users/erders/Documents/TravelTap
    

SwiftCompile normal arm64 /Users/erders/Documents/TravelTap/TravelTap/Data/Countries/Africa/WestAfrica/Nigeria/Cities/SouthEastSouthSouthAttractions.swift (in target 'TravelTap' from project 'TravelTap')
    cd /Users/erders/Documents/TravelTap
    

SwiftCompile normal arm64 /Users/erders/Documents/TravelTap/TravelTap/Data/Countries/Africa/WestAfrica/Nigeria/NigeriaPackage.swift (in target 'TravelTap' from project 'TravelTap')
    cd /Users/erders/Documents/TravelTap
    

SwiftCompile normal arm64 /Users/erders/Documents/TravelTap/TravelTap/Data/Countries/Africa/WestAfrica/Senegal/Cities/CasamanceEastAttractions.swift (in target 'TravelTap' from project 'TravelTap')
    cd /Users/erders/Documents/TravelTap
    

SwiftCompile normal arm64 /Users/erders/Documents/TravelTap/TravelTap/Data/Countries/Africa/WestAfrica/Senegal/Cities/DakarSurroundsAttractions.swift (in target 'TravelTap' from project 'TravelTap')
    cd /Users/erders/Documents/TravelTap
    

SwiftCompile normal arm64 /Users/erders/Documents/TravelTap/TravelTap/Data/Countries/Africa/WestAfrica/Senegal/Cities/NorthSaintLouisAttractions.swift (in target 'TravelTap' from project 'TravelTap')
    cd /Users/erders/Documents/TravelTap
    

SwiftCompile normal arm64 /Users/erders/Documents/TravelTap/TravelTap/Data/Countries/Africa/WestAfrica/Senegal/Cities/SaloumCentralAttractions.swift (in target 'TravelTap' from project 'TravelTap')
    cd /Users/erders/Documents/TravelTap
    

SwiftCompile normal arm64 /Users/erders/Documents/TravelTap/TravelTap/Data/Countries/Africa/WestAfrica/Senegal/SenegalPackage.swift (in target 'TravelTap' from project 'TravelTap')
    cd /Users/erders/Documents/TravelTap
    

SwiftCompile normal arm64 /Users/erders/Documents/TravelTap/TravelTap/Data/Countries/Africa/WestAfrica/SierraLeone/Cities/EastSouthRainforestsAttractions.swift (in target 'TravelTap' from project 'TravelTap')
    cd /Users/erders/Documents/TravelTap
    

SwiftCompile normal arm64 /Users/erders/Documents/TravelTap/TravelTap/Data/Countries/Africa/WestAfrica/SierraLeone/Cities/FreetownPeninsulaAttractions.swift (in target 'TravelTap' from project 'TravelTap')
    cd /Users/erders/Documents/TravelTap
    

SwiftCompile normal arm64 /Users/erders/Documents/TravelTap/TravelTap/Data/Countries/Africa/WestAfrica/SierraLeone/Cities/IslandsCoastAttractions.swift (in target 'TravelTap' from project 'TravelTap')
    cd /Users/erders/Documents/TravelTap
    

SwiftCompile normal arm64 /Users/erders/Documents/TravelTap/TravelTap/Data/Countries/Africa/WestAfrica/SierraLeone/Cities/NorthInteriorAttractions.swift (in target 'TravelTap' from project 'TravelTap')
    cd /Users/erders/Documents/TravelTap
    

SwiftCompile normal arm64 /Users/erders/Documents/TravelTap/TravelTap/Data/Countries/Africa/WestAfrica/SierraLeone/SierraLeonePackage.swift (in target 'TravelTap' from project 'TravelTap')
    cd /Users/erders/Documents/TravelTap
    

SwiftCompile normal arm64 /Users/erders/Documents/TravelTap/TravelTap/Data/Countries/Africa/WestAfrica/Togo/Cities/CentralKaraAttractions.swift (in target 'TravelTap' from project 'TravelTap')
    cd /Users/erders/Documents/TravelTap
    

SwiftCompile normal arm64 /Users/erders/Documents/TravelTap/TravelTap/Data/Countries/Africa/WestAfrica/Togo/Cities/KpalimePlateauxAttractions.swift (in target 'TravelTap' from project 'TravelTap')
    cd /Users/erders/Documents/TravelTap
    

SwiftCompile normal arm64 Compiling\ ErbilAttractions.swift,\ IraqPackage.swift,\ HaifaAttractions.swift,\ TelAvivAttractions.swift,\ IsraelPackage.swift,\ AmmanAttractions.swift,\ PetraAttractions.swift,\ JordanPackage.swift,\ KuwaitCityAttractions.swift,\ KuwaitPackage.swift,\ BeirutAttractions.swift,\ LebanonPackage.swift,\ MuscatAttractions.swift,\ OmanPackage.swift,\ DohaAttractions.swift,\ QatarPackage.swift,\ JeddahAttractions.swift,\ RiyadhAttractions.swift,\ SaudiArabiaPackage.swift,\ DamascusAttractions.swift,\ SyriaPackage.swift,\ AbuDhabiAttractions.swift,\ DubaiAttractions.swift,\ UAEPackage.swift,\ BangladeshPackage.swift /Users/erders/Documents/TravelTap/TravelTap/Data/Countries/Asia/MiddleEast/Iraq/Cities/ErbilAttractions.swift /Users/erders/Documents/TravelTap/TravelTap/Data/Countries/Asia/MiddleEast/Iraq/IraqPackage.swift /Users/erders/Documents/TravelTap/TravelTap/Data/Countries/Asia/MiddleEast/Israel/Cities/HaifaAttractions.swift /Users/erders/Documents/TravelTap/TravelTap/Data/Countries/Asia/MiddleEast/Israel/Cities/TelAvivAttractions.swift /Users/erders/Documents/TravelTap/TravelTap/Data/Countries/Asia/MiddleEast/Israel/IsraelPackage.swift /Users/erders/Documents/TravelTap/TravelTap/Data/Countries/Asia/MiddleEast/Jordan/Cities/AmmanAttractions.swift /Users/erders/Documents/TravelTap/TravelTap/Data/Countries/Asia/MiddleEast/Jordan/Cities/PetraAttractions.swift /Users/erders/Documents/TravelTap/TravelTap/Data/Countries/Asia/MiddleEast/Jordan/JordanPackage.swift /Users/erders/Documents/TravelTap/TravelTap/Data/Countries/Asia/MiddleEast/Kuwait/Cities/KuwaitCityAttractions.swift /Users/erders/Documents/TravelTap/TravelTap/Data/Countries/Asia/MiddleEast/Kuwait/KuwaitPackage.swift /Users/erders/Documents/TravelTap/TravelTap/Data/Countries/Asia/MiddleEast/Lebanon/Cities/BeirutAttractions.swift /Users/erders/Documents/TravelTap/TravelTap/Data/Countries/Asia/MiddleEast/Lebanon/LebanonPackage.swift /Users/erders/Documents/TravelTap/TravelTap/Data/Countries/Asia/MiddleEast/Oman/Cities/MuscatAttractions.swift /Users/erders/Documents/TravelTap/TravelTap/Data/Countries/Asia/MiddleEast/Oman/OmanPackage.swift /Users/erders/Documents/TravelTap/TravelTap/Data/Countries/Asia/MiddleEast/Qatar/Cities/DohaAttractions.swift /Users/erders/Documents/TravelTap/TravelTap/Data/Countries/Asia/MiddleEast/Qatar/QatarPackage.swift /Users/erders/Documents/TravelTap/TravelTap/Data/Countries/Asia/MiddleEast/SaudiArabia/Cities/JeddahAttractions.swift /Users/erders/Documents/TravelTap/TravelTap/Data/Countries/Asia/MiddleEast/SaudiArabia/Cities/RiyadhAttractions.swift /Users/erders/Documents/TravelTap/TravelTap/Data/Countries/Asia/MiddleEast/SaudiArabia/SaudiArabiaPackage.swift /Users/erders/Documents/TravelTap/TravelTap/Data/Countries/Asia/MiddleEast/Syria/Cities/DamascusAttractions.swift /Users/erders/Documents/TravelTap/TravelTap/Data/Countries/Asia/MiddleEast/Syria/SyriaPackage.swift /Users/erders/Documents/TravelTap/TravelTap/Data/Countries/Asia/MiddleEast/UAE/Cities/AbuDhabiAttractions.swift /Users/erders/Documents/TravelTap/TravelTap/Data/Countries/Asia/MiddleEast/UAE/Cities/DubaiAttractions.swift /Users/erders/Documents/TravelTap/TravelTap/Data/Countries/Asia/MiddleEast/UAE/UAEPackage.swift /Users/erders/Documents/TravelTap/TravelTap/Data/Countries/Asia/SouthAsia/Bangladesh/BangladeshPackage.swift (in target 'TravelTap' from project 'TravelTap')

SwiftCompile normal arm64 /Users/erders/Documents/TravelTap/TravelTap/Data/Countries/Asia/MiddleEast/Iraq/Cities/ErbilAttractions.swift (in target 'TravelTap' from project 'TravelTap')
    cd /Users/erders/Documents/TravelTap
    

SwiftCompile normal arm64 /Users/erders/Documents/TravelTap/TravelTap/Data/Countries/Asia/MiddleEast/Iraq/IraqPackage.swift (in target 'TravelTap' from project 'TravelTap')
    cd /Users/erders/Documents/TravelTap
    

SwiftCompile normal arm64 /Users/erders/Documents/TravelTap/TravelTap/Data/Countries/Asia/MiddleEast/Israel/Cities/HaifaAttractions.swift (in target 'TravelTap' from project 'TravelTap')
    cd /Users/erders/Documents/TravelTap
    

SwiftCompile normal arm64 /Users/erders/Documents/TravelTap/TravelTap/Data/Countries/Asia/MiddleEast/Israel/Cities/TelAvivAttractions.swift (in target 'TravelTap' from project 'TravelTap')
    cd /Users/erders/Documents/TravelTap
    

SwiftCompile normal arm64 /Users/erders/Documents/TravelTap/TravelTap/Data/Countries/Asia/MiddleEast/Israel/IsraelPackage.swift (in target 'TravelTap' from project 'TravelTap')
    cd /Users/erders/Documents/TravelTap
    

SwiftCompile normal arm64 /Users/erders/Documents/TravelTap/TravelTap/Data/Countries/Asia/MiddleEast/Jordan/Cities/AmmanAttractions.swift (in target 'TravelTap' from project 'TravelTap')
    cd /Users/erders/Documents/TravelTap
    

SwiftCompile normal arm64 /Users/erders/Documents/TravelTap/TravelTap/Data/Countries/Asia/MiddleEast/Jordan/Cities/PetraAttractions.swift (in target 'TravelTap' from project 'TravelTap')
    cd /Users/erders/Documents/TravelTap
    

SwiftCompile normal arm64 /Users/erders/Documents/TravelTap/TravelTap/Data/Countries/Asia/MiddleEast/Jordan/JordanPackage.swift (in target 'TravelTap' from project 'TravelTap')
    cd /Users/erders/Documents/TravelTap
    

SwiftCompile normal arm64 /Users/erders/Documents/TravelTap/TravelTap/Data/Countries/Asia/MiddleEast/Kuwait/Cities/KuwaitCityAttractions.swift (in target 'TravelTap' from project 'TravelTap')
    cd /Users/erders/Documents/TravelTap
    

SwiftCompile normal arm64 /Users/erders/Documents/TravelTap/TravelTap/Data/Countries/Asia/MiddleEast/Kuwait/KuwaitPackage.swift (in target 'TravelTap' from project 'TravelTap')
    cd /Users/erders/Documents/TravelTap
    

SwiftCompile normal arm64 /Users/erders/Documents/TravelTap/TravelTap/Data/Countries/Asia/MiddleEast/Lebanon/Cities/BeirutAttractions.swift (in target 'TravelTap' from project 'TravelTap')
    cd /Users/erders/Documents/TravelTap
    

SwiftCompile normal arm64 /Users/erders/Documents/TravelTap/TravelTap/Data/Countries/Asia/MiddleEast/Lebanon/LebanonPackage.swift (in target 'TravelTap' from project 'TravelTap')
    cd /Users/erders/Documents/TravelTap
    

SwiftCompile normal arm64 /Users/erders/Documents/TravelTap/TravelTap/Data/Countries/Asia/MiddleEast/Oman/Cities/MuscatAttractions.swift (in target 'TravelTap' from project 'TravelTap')
    cd /Users/erders/Documents/TravelTap
    

SwiftCompile normal arm64 /Users/erders/Documents/TravelTap/TravelTap/Data/Countries/Asia/MiddleEast/Oman/OmanPackage.swift (in target 'TravelTap' from project 'TravelTap')
    cd /Users/erders/Documents/TravelTap
    

SwiftCompile normal arm64 /Users/erders/Documents/TravelTap/TravelTap/Data/Countries/Asia/MiddleEast/Qatar/Cities/DohaAttractions.swift (in target 'TravelTap' from project 'TravelTap')
    cd /Users/erders/Documents/TravelTap
    

SwiftCompile normal arm64 /Users/erders/Documents/TravelTap/TravelTap/Data/Countries/Asia/MiddleEast/Qatar/QatarPackage.swift (in target 'TravelTap' from project 'TravelTap')
    cd /Users/erders/Documents/TravelTap
    

SwiftCompile normal arm64 /Users/erders/Documents/TravelTap/TravelTap/Data/Countries/Asia/MiddleEast/SaudiArabia/Cities/JeddahAttractions.swift (in target 'TravelTap' from project 'TravelTap')
    cd /Users/erders/Documents/TravelTap
    

SwiftCompile normal arm64 /Users/erders/Documents/TravelTap/TravelTap/Data/Countries/Asia/MiddleEast/SaudiArabia/Cities/RiyadhAttractions.swift (in target 'TravelTap' from project 'TravelTap')
    cd /Users/erders/Documents/TravelTap
    

SwiftCompile normal arm64 /Users/erders/Documents/TravelTap/TravelTap/Data/Countries/Asia/MiddleEast/SaudiArabia/SaudiArabiaPackage.swift (in target 'TravelTap' from project 'TravelTap')
    cd /Users/erders/Documents/TravelTap
    

SwiftCompile normal arm64 /Users/erders/Documents/TravelTap/TravelTap/Data/Countries/Asia/MiddleEast/Syria/Cities/DamascusAttractions.swift (in target 'TravelTap' from project 'TravelTap')
    cd /Users/erders/Documents/TravelTap
    

SwiftCompile normal arm64 /Users/erders/Documents/TravelTap/TravelTap/Data/Countries/Asia/MiddleEast/Syria/SyriaPackage.swift (in target 'TravelTap' from project 'TravelTap')
    cd /Users/erders/Documents/TravelTap
    

SwiftCompile normal arm64 /Users/erders/Documents/TravelTap/TravelTap/Data/Countries/Asia/MiddleEast/UAE/Cities/AbuDhabiAttractions.swift (in target 'TravelTap' from project 'TravelTap')
    cd /Users/erders/Documents/TravelTap
    

SwiftCompile normal arm64 /Users/erders/Documents/TravelTap/TravelTap/Data/Countries/Asia/MiddleEast/UAE/Cities/DubaiAttractions.swift (in target 'TravelTap' from project 'TravelTap')
    cd /Users/erders/Documents/TravelTap
    

SwiftCompile normal arm64 /Users/erders/Documents/TravelTap/TravelTap/Data/Countries/Asia/MiddleEast/UAE/UAEPackage.swift (in target 'TravelTap' from project 'TravelTap')
    cd /Users/erders/Documents/TravelTap
    

SwiftCompile normal arm64 /Users/erders/Documents/TravelTap/TravelTap/Data/Countries/Asia/SouthAsia/Bangladesh/BangladeshPackage.swift (in target 'TravelTap' from project 'TravelTap')
    cd /Users/erders/Documents/TravelTap
    

SwiftCompile normal arm64 Compiling\ EasternJinjaAttractions.swift,\ KampalaEntebbeAttractions.swift,\ MurchisonNorthAttractions.swift,\ WesternUgandaAttractions.swift,\ UgandaPackage.swift,\ KaribaWesternAttractions.swift,\ LivingstoneVictoriaFallsAttractions.swift,\ LusakaCopperbeltAttractions.swift,\ MajorNationalParksAttractions.swift,\ NorthernWaterfallsAttractions.swift,\ ZambiaPackage.swift,\ GreatZimbabweMasvingoAttractions.swift,\ HarareAttractions.swift,\ ZimbabwePackage.swift,\ AlgeriaPackage.swift,\ EgyptPackage.swift,\ CyrenaicaAttractions.swift,\ FezzanSaharaAttractions.swift,\ TripolitaniaAttractions.swift,\ LibyaPackage.swift,\ MoroccoPackage.swift,\ KhartoumOmdurmanAttractions.swift,\ NorthernSudanPyramidsAttractions.swift,\ RedSeaKassalaAttractions.swift,\ SudanWildernessAttractions.swift /Users/erders/Documents/TravelTap/TravelTap/Data/Countries/Africa/EastAfrica/Uganda/Cities/EasternJinjaAttractions.swift /Users/erders/Documents/TravelTap/TravelTap/Data/Countries/Africa/EastAfrica/Uganda/Cities/KampalaEntebbeAttractions.swift /Users/erders/Documents/TravelTap/TravelTap/Data/Countries/Africa/EastAfrica/Uganda/Cities/MurchisonNorthAttractions.swift /Users/erders/Documents/TravelTap/TravelTap/Data/Countries/Africa/EastAfrica/Uganda/Cities/WesternUgandaAttractions.swift /Users/erders/Documents/TravelTap/TravelTap/Data/Countries/Africa/EastAfrica/Uganda/UgandaPackage.swift /Users/erders/Documents/TravelTap/TravelTap/Data/Countries/Africa/EastAfrica/Zambia/Cities/KaribaWesternAttractions.swift /Users/erders/Documents/TravelTap/TravelTap/Data/Countries/Africa/EastAfrica/Zambia/Cities/LivingstoneVictoriaFallsAttractions.swift /Users/erders/Documents/TravelTap/TravelTap/Data/Countries/Africa/EastAfrica/Zambia/Cities/LusakaCopperbeltAttractions.swift /Users/erders/Documents/TravelTap/TravelTap/Data/Countries/Africa/EastAfrica/Zambia/Cities/MajorNationalParksAttractions.swift /Users/erders/Documents/TravelTap/TravelTap/Data/Countries/Africa/EastAfrica/Zambia/Cities/NorthernWaterfallsAttractions.swift /Users/erders/Documents/TravelTap/TravelTap/Data/Countries/Africa/EastAfrica/Zambia/ZambiaPackage.swift /Users/erders/Documents/TravelTap/TravelTap/Data/Countries/Africa/EastAfrica/Zimbabwe/Cities/GreatZimbabweMasvingoAttractions.swift /Users/erders/Documents/TravelTap/TravelTap/Data/Countries/Africa/EastAfrica/Zimbabwe/Cities/HarareAttractions.swift /Users/erders/Documents/TravelTap/TravelTap/Data/Countries/Africa/EastAfrica/Zimbabwe/ZimbabwePackage.swift /Users/erders/Documents/TravelTap/TravelTap/Data/Countries/Africa/NorthAfrica/Algeria/AlgeriaPackage.swift /Users/erders/Documents/TravelTap/TravelTap/Data/Countries/Africa/NorthAfrica/Egypt/EgyptPackage.swift /Users/erders/Documents/TravelTap/TravelTap/Data/Countries/Africa/NorthAfrica/Libya/Cities/CyrenaicaAttractions.swift /Users/erders/Documents/TravelTap/TravelTap/Data/Countries/Africa/NorthAfrica/Libya/Cities/FezzanSaharaAttractions.swift /Users/erders/Documents/TravelTap/TravelTap/Data/Countries/Africa/NorthAfrica/Libya/Cities/TripolitaniaAttractions.swift /Users/erders/Documents/TravelTap/TravelTap/Data/Countries/Africa/NorthAfrica/Libya/LibyaPackage.swift /Users/erders/Documents/TravelTap/TravelTap/Data/Countries/Africa/NorthAfrica/Morocco/MoroccoPackage.swift /Users/erders/Documents/TravelTap/TravelTap/Data/Countries/Africa/NorthAfrica/Sudan/Cities/KhartoumOmdurmanAttractions.swift /Users/erders/Documents/TravelTap/TravelTap/Data/Countries/Africa/NorthAfrica/Sudan/Cities/NorthernSudanPyramidsAttractions.swift /Users/erders/Documents/TravelTap/TravelTap/Data/Countries/Africa/NorthAfrica/Sudan/Cities/RedSeaKassalaAttractions.swift /Users/erders/Documents/TravelTap/TravelTap/Data/Countries/Africa/NorthAfrica/Sudan/Cities/SudanWildernessAttractions.swift (in target 'TravelTap' from project 'TravelTap')

SwiftCompile normal arm64 /Users/erders/Documents/TravelTap/TravelTap/Data/Countries/Africa/EastAfrica/Uganda/Cities/EasternJinjaAttractions.swift (in target 'TravelTap' from project 'TravelTap')
    cd /Users/erders/Documents/TravelTap
    

SwiftCompile normal arm64 /Users/erders/Documents/TravelTap/TravelTap/Data/Countries/Africa/EastAfrica/Uganda/Cities/KampalaEntebbeAttractions.swift (in target 'TravelTap' from project 'TravelTap')
    cd /Users/erders/Documents/TravelTap
    

SwiftCompile normal arm64 /Users/erders/Documents/TravelTap/TravelTap/Data/Countries/Africa/EastAfrica/Uganda/Cities/MurchisonNorthAttractions.swift (in target 'TravelTap' from project 'TravelTap')
    cd /Users/erders/Documents/TravelTap
    

SwiftCompile normal arm64 /Users/erders/Documents/TravelTap/TravelTap/Data/Countries/Africa/EastAfrica/Uganda/Cities/WesternUgandaAttractions.swift (in target 'TravelTap' from project 'TravelTap')
    cd /Users/erders/Documents/TravelTap
    

SwiftCompile normal arm64 /Users/erders/Documents/TravelTap/TravelTap/Data/Countries/Africa/EastAfrica/Uganda/UgandaPackage.swift (in target 'TravelTap' from project 'TravelTap')
    cd /Users/erders/Documents/TravelTap
    

SwiftCompile normal arm64 /Users/erders/Documents/TravelTap/TravelTap/Data/Countries/Africa/EastAfrica/Zambia/Cities/KaribaWesternAttractions.swift (in target 'TravelTap' from project 'TravelTap')
    cd /Users/erders/Documents/TravelTap
    

SwiftCompile normal arm64 /Users/erders/Documents/TravelTap/TravelTap/Data/Countries/Africa/EastAfrica/Zambia/Cities/LivingstoneVictoriaFallsAttractions.swift (in target 'TravelTap' from project 'TravelTap')
    cd /Users/erders/Documents/TravelTap
    

SwiftCompile normal arm64 /Users/erders/Documents/TravelTap/TravelTap/Data/Countries/Africa/EastAfrica/Zambia/Cities/LusakaCopperbeltAttractions.swift (in target 'TravelTap' from project 'TravelTap')
    cd /Users/erders/Documents/TravelTap
    

SwiftCompile normal arm64 /Users/erders/Documents/TravelTap/TravelTap/Data/Countries/Africa/EastAfrica/Zambia/Cities/MajorNationalParksAttractions.swift (in target 'TravelTap' from project 'TravelTap')
    cd /Users/erders/Documents/TravelTap
    

SwiftCompile normal arm64 /Users/erders/Documents/TravelTap/TravelTap/Data/Countries/Africa/EastAfrica/Zambia/Cities/NorthernWaterfallsAttractions.swift (in target 'TravelTap' from project 'TravelTap')
    cd /Users/erders/Documents/TravelTap
    

SwiftCompile normal arm64 /Users/erders/Documents/TravelTap/TravelTap/Data/Countries/Africa/EastAfrica/Zambia/ZambiaPackage.swift (in target 'TravelTap' from project 'TravelTap')
    cd /Users/erders/Documents/TravelTap
    

SwiftCompile normal arm64 /Users/erders/Documents/TravelTap/TravelTap/Data/Countries/Africa/EastAfrica/Zimbabwe/Cities/GreatZimbabweMasvingoAttractions.swift (in target 'TravelTap' from project 'TravelTap')
    cd /Users/erders/Documents/TravelTap
    

SwiftCompile normal arm64 /Users/erders/Documents/TravelTap/TravelTap/Data/Countries/Africa/EastAfrica/Zimbabwe/Cities/HarareAttractions.swift (in target 'TravelTap' from project 'TravelTap')
    cd /Users/erders/Documents/TravelTap
    

SwiftCompile normal arm64 /Users/erders/Documents/TravelTap/TravelTap/Data/Countries/Africa/EastAfrica/Zimbabwe/ZimbabwePackage.swift (in target 'TravelTap' from project 'TravelTap')
    cd /Users/erders/Documents/TravelTap
    

SwiftCompile normal arm64 /Users/erders/Documents/TravelTap/TravelTap/Data/Countries/Africa/NorthAfrica/Algeria/AlgeriaPackage.swift (in target 'TravelTap' from project 'TravelTap')
    cd /Users/erders/Documents/TravelTap
    

SwiftCompile normal arm64 /Users/erders/Documents/TravelTap/TravelTap/Data/Countries/Africa/NorthAfrica/Egypt/EgyptPackage.swift (in target 'TravelTap' from project 'TravelTap')
    cd /Users/erders/Documents/TravelTap
    

SwiftCompile normal arm64 /Users/erders/Documents/TravelTap/TravelTap/Data/Countries/Africa/NorthAfrica/Libya/Cities/CyrenaicaAttractions.swift (in target 'TravelTap' from project 'TravelTap')
    cd /Users/erders/Documents/TravelTap
    

SwiftCompile normal arm64 /Users/erders/Documents/TravelTap/TravelTap/Data/Countries/Africa/NorthAfrica/Libya/Cities/FezzanSaharaAttractions.swift (in target 'TravelTap' from project 'TravelTap')
    cd /Users/erders/Documents/TravelTap
    

SwiftCompile normal arm64 /Users/erders/Documents/TravelTap/TravelTap/Data/Countries/Africa/NorthAfrica/Libya/Cities/TripolitaniaAttractions.swift (in target 'TravelTap' from project 'TravelTap')
    cd /Users/erders/Documents/TravelTap
    

SwiftCompile normal arm64 /Users/erders/Documents/TravelTap/TravelTap/Data/Countries/Africa/NorthAfrica/Libya/LibyaPackage.swift (in target 'TravelTap' from project 'TravelTap')
    cd /Users/erders/Documents/TravelTap
    

SwiftCompile normal arm64 /Users/erders/Documents/TravelTap/TravelTap/Data/Countries/Africa/NorthAfrica/Morocco/MoroccoPackage.swift (in target 'TravelTap' from project 'TravelTap')
    cd /Users/erders/Documents/TravelTap
    

SwiftCompile normal arm64 /Users/erders/Documents/TravelTap/TravelTap/Data/Countries/Africa/NorthAfrica/Sudan/Cities/KhartoumOmdurmanAttractions.swift (in target 'TravelTap' from project 'TravelTap')
    cd /Users/erders/Documents/TravelTap
    

SwiftCompile normal arm64 /Users/erders/Documents/TravelTap/TravelTap/Data/Countries/Africa/NorthAfrica/Sudan/Cities/NorthernSudanPyramidsAttractions.swift (in target 'TravelTap' from project 'TravelTap')
    cd /Users/erders/Documents/TravelTap
    

SwiftCompile normal arm64 /Users/erders/Documents/TravelTap/TravelTap/Data/Countries/Africa/NorthAfrica/Sudan/Cities/RedSeaKassalaAttractions.swift (in target 'TravelTap' from project 'TravelTap')
    cd /Users/erders/Documents/TravelTap
    

SwiftCompile normal arm64 /Users/erders/Documents/TravelTap/TravelTap/Data/Countries/Africa/NorthAfrica/Sudan/Cities/SudanWildernessAttractions.swift (in target 'TravelTap' from project 'TravelTap')
    cd /Users/erders/Documents/TravelTap
    

SwiftCompile normal arm64 Compiling\ AshantiNorthAttractions.swift,\ CapeCoastCentralAttractions.swift,\ VoltaWesternAttractions.swift,\ GhanaPackage.swift,\ ConakryCoastalAttractions.swift,\ FoutaDjallonAttractions.swift,\ GuineaParksReservesAttractions.swift,\ UpperGuineaAttractions.swift,\ GuineaPackage.swift,\ BijagosArchipelagoAttractions.swift,\ BissauCoastalAttractions.swift,\ MainlandParksAttractions.swift,\ GuineaBissauPackage.swift,\ CentralNimbaAttractions.swift,\ MonroviaSurroundsAttractions.swift,\ SoutheastNatureAttractions.swift,\ WestNorthAttractions.swift,\ LiberiaPackage.swift,\ BamakoSouthAttractions.swift,\ DjenneMoptiRiverAttractions.swift,\ DogonCountryEastAttractions.swift,\ TimbuktuNorthAttractions.swift,\ MaliPackage.swift,\ AdrarHighlandsAttractions.swift,\ CoastalWetlandsAttractions.swift /Users/erders/Documents/TravelTap/TravelTap/Data/Countries/Africa/WestAfrica/Ghana/Cities/AshantiNorthAttractions.swift /Users/erders/Documents/TravelTap/TravelTap/Data/Countries/Africa/WestAfrica/Ghana/Cities/CapeCoastCentralAttractions.swift /Users/erders/Documents/TravelTap/TravelTap/Data/Countries/Africa/WestAfrica/Ghana/Cities/VoltaWesternAttractions.swift /Users/erders/Documents/TravelTap/TravelTap/Data/Countries/Africa/WestAfrica/Ghana/GhanaPackage.swift /Users/erders/Documents/TravelTap/TravelTap/Data/Countries/Africa/WestAfrica/Guinea/Cities/ConakryCoastalAttractions.swift /Users/erders/Documents/TravelTap/TravelTap/Data/Countries/Africa/WestAfrica/Guinea/Cities/FoutaDjallonAttractions.swift /Users/erders/Documents/TravelTap/TravelTap/Data/Countries/Africa/WestAfrica/Guinea/Cities/GuineaParksReservesAttractions.swift /Users/erders/Documents/TravelTap/TravelTap/Data/Countries/Africa/WestAfrica/Guinea/Cities/UpperGuineaAttractions.swift /Users/erders/Documents/TravelTap/TravelTap/Data/Countries/Africa/WestAfrica/Guinea/GuineaPackage.swift /Users/erders/Documents/TravelTap/TravelTap/Data/Countries/Africa/WestAfrica/GuineaBissau/Cities/BijagosArchipelagoAttractions.swift /Users/erders/Documents/TravelTap/TravelTap/Data/Countries/Africa/WestAfrica/GuineaBissau/Cities/BissauCoastalAttractions.swift /Users/erders/Documents/TravelTap/TravelTap/Data/Countries/Africa/WestAfrica/GuineaBissau/Cities/MainlandParksAttractions.swift /Users/erders/Documents/TravelTap/TravelTap/Data/Countries/Africa/WestAfrica/GuineaBissau/GuineaBissauPackage.swift /Users/erders/Documents/TravelTap/TravelTap/Data/Countries/Africa/WestAfrica/Liberia/Cities/CentralNimbaAttractions.swift /Users/erders/Documents/TravelTap/TravelTap/Data/Countries/Africa/WestAfrica/Liberia/Cities/MonroviaSurroundsAttractions.swift /Users/erders/Documents/TravelTap/TravelTap/Data/Countries/Africa/WestAfrica/Liberia/Cities/SoutheastNatureAttractions.swift /Users/erders/Documents/TravelTap/TravelTap/Data/Countries/Africa/WestAfrica/Liberia/Cities/WestNorthAttractions.swift /Users/erders/Documents/TravelTap/TravelTap/Data/Countries/Africa/WestAfrica/Liberia/LiberiaPackage.swift /Users/erders/Documents/TravelTap/TravelTap/Data/Countries/Africa/WestAfrica/Mali/Cities/BamakoSouthAttractions.swift /Users/erders/Documents/TravelTap/TravelTap/Data/Countries/Africa/WestAfrica/Mali/Cities/DjenneMoptiRiverAttractions.swift /Users/erders/Documents/TravelTap/TravelTap/Data/Countries/Africa/WestAfrica/Mali/Cities/DogonCountryEastAttractions.swift /Users/erders/Documents/TravelTap/TravelTap/Data/Countries/Africa/WestAfrica/Mali/Cities/TimbuktuNorthAttractions.swift /Users/erders/Documents/TravelTap/TravelTap/Data/Countries/Africa/WestAfrica/Mali/MaliPackage.swift /Users/erders/Documents/TravelTap/TravelTap/Data/Countries/Africa/WestAfrica/Mauritania/Cities/AdrarHighlandsAttractions.swift /Users/erders/Documents/TravelTap/TravelTap/Data/Countries/Africa/WestAfrica/Mauritania/Cities/CoastalWetlandsAttractions.swift (in target 'TravelTap' from project 'TravelTap')

SwiftCompile normal arm64 /Users/erders/Documents/TravelTap/TravelTap/Data/Countries/Africa/WestAfrica/Ghana/Cities/AshantiNorthAttractions.swift (in target 'TravelTap' from project 'TravelTap')
    cd /Users/erders/Documents/TravelTap
    

SwiftCompile normal arm64 /Users/erders/Documents/TravelTap/TravelTap/Data/Countries/Africa/WestAfrica/Ghana/Cities/CapeCoastCentralAttractions.swift (in target 'TravelTap' from project 'TravelTap')
    cd /Users/erders/Documents/TravelTap
    

SwiftCompile normal arm64 /Users/erders/Documents/TravelTap/TravelTap/Data/Countries/Africa/WestAfrica/Ghana/Cities/VoltaWesternAttractions.swift (in target 'TravelTap' from project 'TravelTap')
    cd /Users/erders/Documents/TravelTap
    

SwiftCompile normal arm64 /Users/erders/Documents/TravelTap/TravelTap/Data/Countries/Africa/WestAfrica/Ghana/GhanaPackage.swift (in target 'TravelTap' from project 'TravelTap')
    cd /Users/erders/Documents/TravelTap
    

SwiftCompile normal arm64 /Users/erders/Documents/TravelTap/TravelTap/Data/Countries/Africa/WestAfrica/Guinea/Cities/ConakryCoastalAttractions.swift (in target 'TravelTap' from project 'TravelTap')
    cd /Users/erders/Documents/TravelTap
    

SwiftCompile normal arm64 /Users/erders/Documents/TravelTap/TravelTap/Data/Countries/Africa/WestAfrica/Guinea/Cities/FoutaDjallonAttractions.swift (in target 'TravelTap' from project 'TravelTap')
    cd /Users/erders/Documents/TravelTap
    

SwiftCompile normal arm64 /Users/erders/Documents/TravelTap/TravelTap/Data/Countries/Africa/WestAfrica/Guinea/Cities/GuineaParksReservesAttractions.swift (in target 'TravelTap' from project 'TravelTap')
    cd /Users/erders/Documents/TravelTap
    

SwiftCompile normal arm64 /Users/erders/Documents/TravelTap/TravelTap/Data/Countries/Africa/WestAfrica/Guinea/Cities/UpperGuineaAttractions.swift (in target 'TravelTap' from project 'TravelTap')
    cd /Users/erders/Documents/TravelTap
    

SwiftCompile normal arm64 /Users/erders/Documents/TravelTap/TravelTap/Data/Countries/Africa/WestAfrica/Guinea/GuineaPackage.swift (in target 'TravelTap' from project 'TravelTap')
    cd /Users/erders/Documents/TravelTap
    

SwiftCompile normal arm64 /Users/erders/Documents/TravelTap/TravelTap/Data/Countries/Africa/WestAfrica/GuineaBissau/Cities/BijagosArchipelagoAttractions.swift (in target 'TravelTap' from project 'TravelTap')
    cd /Users/erders/Documents/TravelTap
    

SwiftCompile normal arm64 /Users/erders/Documents/TravelTap/TravelTap/Data/Countries/Africa/WestAfrica/GuineaBissau/Cities/BissauCoastalAttractions.swift (in target 'TravelTap' from project 'TravelTap')
    cd /Users/erders/Documents/TravelTap
    

SwiftCompile normal arm64 /Users/erders/Documents/TravelTap/TravelTap/Data/Countries/Africa/WestAfrica/GuineaBissau/Cities/MainlandParksAttractions.swift (in target 'TravelTap' from project 'TravelTap')
    cd /Users/erders/Documents/TravelTap
    

SwiftCompile normal arm64 /Users/erders/Documents/TravelTap/TravelTap/Data/Countries/Africa/WestAfrica/GuineaBissau/GuineaBissauPackage.swift (in target 'TravelTap' from project 'TravelTap')
    cd /Users/erders/Documents/TravelTap
    

SwiftCompile normal arm64 /Users/erders/Documents/TravelTap/TravelTap/Data/Countries/Africa/WestAfrica/Liberia/Cities/CentralNimbaAttractions.swift (in target 'TravelTap' from project 'TravelTap')
    cd /Users/erders/Documents/TravelTap
    

SwiftCompile normal arm64 /Users/erders/Documents/TravelTap/TravelTap/Data/Countries/Africa/WestAfrica/Liberia/Cities/MonroviaSurroundsAttractions.swift (in target 'TravelTap' from project 'TravelTap')
    cd /Users/erders/Documents/TravelTap
    

SwiftCompile normal arm64 /Users/erders/Documents/TravelTap/TravelTap/Data/Countries/Africa/WestAfrica/Liberia/Cities/SoutheastNatureAttractions.swift (in target 'TravelTap' from project 'TravelTap')
    cd /Users/erders/Documents/TravelTap
    

SwiftCompile normal arm64 /Users/erders/Documents/TravelTap/TravelTap/Data/Countries/Africa/WestAfrica/Liberia/Cities/WestNorthAttractions.swift (in target 'TravelTap' from project 'TravelTap')
    cd /Users/erders/Documents/TravelTap
    

SwiftCompile normal arm64 /Users/erders/Documents/TravelTap/TravelTap/Data/Countries/Africa/WestAfrica/Liberia/LiberiaPackage.swift (in target 'TravelTap' from project 'TravelTap')
    cd /Users/erders/Documents/TravelTap
    

SwiftCompile normal arm64 /Users/erders/Documents/TravelTap/TravelTap/Data/Countries/Africa/WestAfrica/Mali/Cities/BamakoSouthAttractions.swift (in target 'TravelTap' from project 'TravelTap')
    cd /Users/erders/Documents/TravelTap
    

SwiftCompile normal arm64 /Users/erders/Documents/TravelTap/TravelTap/Data/Countries/Africa/WestAfrica/Mali/Cities/DjenneMoptiRiverAttractions.swift (in target 'TravelTap' from project 'TravelTap')
    cd /Users/erders/Documents/TravelTap
    

SwiftCompile normal arm64 /Users/erders/Documents/TravelTap/TravelTap/Data/Countries/Africa/WestAfrica/Mali/Cities/DogonCountryEastAttractions.swift (in target 'TravelTap' from project 'TravelTap')
    cd /Users/erders/Documents/TravelTap
    

SwiftCompile normal arm64 /Users/erders/Documents/TravelTap/TravelTap/Data/Countries/Africa/WestAfrica/Mali/Cities/TimbuktuNorthAttractions.swift (in target 'TravelTap' from project 'TravelTap')
    cd /Users/erders/Documents/TravelTap
    

SwiftCompile normal arm64 /Users/erders/Documents/TravelTap/TravelTap/Data/Countries/Africa/WestAfrica/Mali/MaliPackage.swift (in target 'TravelTap' from project 'TravelTap')
    cd /Users/erders/Documents/TravelTap
    

SwiftCompile normal arm64 /Users/erders/Documents/TravelTap/TravelTap/Data/Countries/Africa/WestAfrica/Mauritania/Cities/AdrarHighlandsAttractions.swift (in target 'TravelTap' from project 'TravelTap')
    cd /Users/erders/Documents/TravelTap
    

SwiftCompile normal arm64 /Users/erders/Documents/TravelTap/TravelTap/Data/Countries/Africa/WestAfrica/Mauritania/Cities/CoastalWetlandsAttractions.swift (in target 'TravelTap' from project 'TravelTap')
    cd /Users/erders/Documents/TravelTap
    

SwiftCompile normal arm64 Compiling\ JaipurAttractions.swift,\ JaisalmerAttractions.swift,\ KeralaAttractions.swift,\ KhajurahoAttractions.swift,\ KolkataAttractions.swift,\ LadakhAttractions.swift,\ MumbaiAttractions.swift,\ MysoreAttractions.swift,\ RishikeshAttractions.swift,\ UdaipurAttractions.swift,\ VaranasiAttractions.swift,\ IndiaPackage.swift,\ AdduAtollAttractions.swift,\ AriAtollAttractions.swift,\ BaaAtollAttractions.swift,\ MaleAttractions.swift,\ NorthMaleAtollAttractions.swift,\ MaldivesPackage.swift,\ AnnapurnaAttractions.swift,\ ChitwanAttractions.swift,\ EverestRegionAttractions.swift,\ KathmanduAttractions.swift,\ LumbiniAttractions.swift,\ PokharaAttractions.swift,\ NepalPackage.swift /Users/erders/Documents/TravelTap/TravelTap/Data/Countries/Asia/SouthAsia/India/Cities/JaipurAttractions.swift /Users/erders/Documents/TravelTap/TravelTap/Data/Countries/Asia/SouthAsia/India/Cities/JaisalmerAttractions.swift /Users/erders/Documents/TravelTap/TravelTap/Data/Countries/Asia/SouthAsia/India/Cities/KeralaAttractions.swift /Users/erders/Documents/TravelTap/TravelTap/Data/Countries/Asia/SouthAsia/India/Cities/KhajurahoAttractions.swift /Users/erders/Documents/TravelTap/TravelTap/Data/Countries/Asia/SouthAsia/India/Cities/KolkataAttractions.swift /Users/erders/Documents/TravelTap/TravelTap/Data/Countries/Asia/SouthAsia/India/Cities/LadakhAttractions.swift /Users/erders/Documents/TravelTap/TravelTap/Data/Countries/Asia/SouthAsia/India/Cities/MumbaiAttractions.swift /Users/erders/Documents/TravelTap/TravelTap/Data/Countries/Asia/SouthAsia/India/Cities/MysoreAttractions.swift /Users/erders/Documents/TravelTap/TravelTap/Data/Countries/Asia/SouthAsia/India/Cities/RishikeshAttractions.swift /Users/erders/Documents/TravelTap/TravelTap/Data/Countries/Asia/SouthAsia/India/Cities/UdaipurAttractions.swift /Users/erders/Documents/TravelTap/TravelTap/Data/Countries/Asia/SouthAsia/India/Cities/VaranasiAttractions.swift /Users/erders/Documents/TravelTap/TravelTap/Data/Countries/Asia/SouthAsia/India/IndiaPackage.swift /Users/erders/Documents/TravelTap/TravelTap/Data/Countries/Asia/SouthAsia/Maldives/Cities/AdduAtollAttractions.swift /Users/erders/Documents/TravelTap/TravelTap/Data/Countries/Asia/SouthAsia/Maldives/Cities/AriAtollAttractions.swift /Users/erders/Documents/TravelTap/TravelTap/Data/Countries/Asia/SouthAsia/Maldives/Cities/BaaAtollAttractions.swift /Users/erders/Documents/TravelTap/TravelTap/Data/Countries/Asia/SouthAsia/Maldives/Cities/MaleAttractions.swift /Users/erders/Documents/TravelTap/TravelTap/Data/Countries/Asia/SouthAsia/Maldives/Cities/NorthMaleAtollAttractions.swift /Users/erders/Documents/TravelTap/TravelTap/Data/Countries/Asia/SouthAsia/Maldives/MaldivesPackage.swift /Users/erders/Documents/TravelTap/TravelTap/Data/Countries/Asia/SouthAsia/Nepal/Cities/AnnapurnaAttractions.swift /Users/erders/Documents/TravelTap/TravelTap/Data/Countries/Asia/SouthAsia/Nepal/Cities/ChitwanAttractions.swift /Users/erders/Documents/TravelTap/TravelTap/Data/Countries/Asia/SouthAsia/Nepal/Cities/EverestRegionAttractions.swift /Users/erders/Documents/TravelTap/TravelTap/Data/Countries/Asia/SouthAsia/Nepal/Cities/KathmanduAttractions.swift /Users/erders/Documents/TravelTap/TravelTap/Data/Countries/Asia/SouthAsia/Nepal/Cities/LumbiniAttractions.swift /Users/erders/Documents/TravelTap/TravelTap/Data/Countries/Asia/SouthAsia/Nepal/Cities/PokharaAttractions.swift /Users/erders/Documents/TravelTap/TravelTap/Data/Countries/Asia/SouthAsia/Nepal/NepalPackage.swift (in target 'TravelTap' from project 'TravelTap')

SwiftCompile normal arm64 /Users/erders/Documents/TravelTap/TravelTap/Data/Countries/Asia/SouthAsia/India/Cities/JaipurAttractions.swift (in target 'TravelTap' from project 'TravelTap')
    cd /Users/erders/Documents/TravelTap
    

SwiftCompile normal arm64 /Users/erders/Documents/TravelTap/TravelTap/Data/Countries/Asia/SouthAsia/India/Cities/JaisalmerAttractions.swift (in target 'TravelTap' from project 'TravelTap')
    cd /Users/erders/Documents/TravelTap
    

SwiftCompile normal arm64 /Users/erders/Documents/TravelTap/TravelTap/Data/Countries/Asia/SouthAsia/India/Cities/KeralaAttractions.swift (in target 'TravelTap' from project 'TravelTap')
    cd /Users/erders/Documents/TravelTap
    

SwiftCompile normal arm64 /Users/erders/Documents/TravelTap/TravelTap/Data/Countries/Asia/SouthAsia/India/Cities/KhajurahoAttractions.swift (in target 'TravelTap' from project 'TravelTap')
    cd /Users/erders/Documents/TravelTap
    

SwiftCompile normal arm64 /Users/erders/Documents/TravelTap/TravelTap/Data/Countries/Asia/SouthAsia/India/Cities/KolkataAttractions.swift (in target 'TravelTap' from project 'TravelTap')
    cd /Users/erders/Documents/TravelTap
    

SwiftCompile normal arm64 /Users/erders/Documents/TravelTap/TravelTap/Data/Countries/Asia/SouthAsia/India/Cities/LadakhAttractions.swift (in target 'TravelTap' from project 'TravelTap')
    cd /Users/erders/Documents/TravelTap
    

SwiftCompile normal arm64 /Users/erders/Documents/TravelTap/TravelTap/Data/Countries/Asia/SouthAsia/India/Cities/MumbaiAttractions.swift (in target 'TravelTap' from project 'TravelTap')
    cd /Users/erders/Documents/TravelTap
    

SwiftCompile normal arm64 /Users/erders/Documents/TravelTap/TravelTap/Data/Countries/Asia/SouthAsia/India/Cities/MysoreAttractions.swift (in target 'TravelTap' from project 'TravelTap')
    cd /Users/erders/Documents/TravelTap
    

SwiftCompile normal arm64 /Users/erders/Documents/TravelTap/TravelTap/Data/Countries/Asia/SouthAsia/India/Cities/RishikeshAttractions.swift (in target 'TravelTap' from project 'TravelTap')
    cd /Users/erders/Documents/TravelTap
    

SwiftCompile normal arm64 /Users/erders/Documents/TravelTap/TravelTap/Data/Countries/Asia/SouthAsia/India/Cities/UdaipurAttractions.swift (in target 'TravelTap' from project 'TravelTap')
    cd /Users/erders/Documents/TravelTap
    

SwiftCompile normal arm64 /Users/erders/Documents/TravelTap/TravelTap/Data/Countries/Asia/SouthAsia/India/Cities/VaranasiAttractions.swift (in target 'TravelTap' from project 'TravelTap')
    cd /Users/erders/Documents/TravelTap
    

SwiftCompile normal arm64 /Users/erders/Documents/TravelTap/TravelTap/Data/Countries/Asia/SouthAsia/India/IndiaPackage.swift (in target 'TravelTap' from project 'TravelTap')
    cd /Users/erders/Documents/TravelTap
    

SwiftCompile normal arm64 /Users/erders/Documents/TravelTap/TravelTap/Data/Countries/Asia/SouthAsia/Maldives/Cities/AdduAtollAttractions.swift (in target 'TravelTap' from project 'TravelTap')
    cd /Users/erders/Documents/TravelTap
    

SwiftCompile normal arm64 /Users/erders/Documents/TravelTap/TravelTap/Data/Countries/Asia/SouthAsia/Maldives/Cities/AriAtollAttractions.swift (in target 'TravelTap' from project 'TravelTap')
    cd /Users/erders/Documents/TravelTap
    

SwiftCompile normal arm64 /Users/erders/Documents/TravelTap/TravelTap/Data/Countries/Asia/SouthAsia/Maldives/Cities/BaaAtollAttractions.swift (in target 'TravelTap' from project 'TravelTap')
    cd /Users/erders/Documents/TravelTap
    

SwiftCompile normal arm64 /Users/erders/Documents/TravelTap/TravelTap/Data/Countries/Asia/SouthAsia/Maldives/Cities/MaleAttractions.swift (in target 'TravelTap' from project 'TravelTap')
    cd /Users/erders/Documents/TravelTap
    

SwiftCompile normal arm64 /Users/erders/Documents/TravelTap/TravelTap/Data/Countries/Asia/SouthAsia/Maldives/Cities/NorthMaleAtollAttractions.swift (in target 'TravelTap' from project 'TravelTap')
    cd /Users/erders/Documents/TravelTap
    

SwiftCompile normal arm64 /Users/erders/Documents/TravelTap/TravelTap/Data/Countries/Asia/SouthAsia/Maldives/MaldivesPackage.swift (in target 'TravelTap' from project 'TravelTap')
    cd /Users/erders/Documents/TravelTap
    

SwiftCompile normal arm64 /Users/erders/Documents/TravelTap/TravelTap/Data/Countries/Asia/SouthAsia/Nepal/Cities/AnnapurnaAttractions.swift (in target 'TravelTap' from project 'TravelTap')
    cd /Users/erders/Documents/TravelTap
    

SwiftCompile normal arm64 /Users/erders/Documents/TravelTap/TravelTap/Data/Countries/Asia/SouthAsia/Nepal/Cities/ChitwanAttractions.swift (in target 'TravelTap' from project 'TravelTap')
    cd /Users/erders/Documents/TravelTap
    

SwiftCompile normal arm64 /Users/erders/Documents/TravelTap/TravelTap/Data/Countries/Asia/SouthAsia/Nepal/Cities/EverestRegionAttractions.swift (in target 'TravelTap' from project 'TravelTap')
    cd /Users/erders/Documents/TravelTap
    

SwiftCompile normal arm64 /Users/erders/Documents/TravelTap/TravelTap/Data/Countries/Asia/SouthAsia/Nepal/Cities/KathmanduAttractions.swift (in target 'TravelTap' from project 'TravelTap')
    cd /Users/erders/Documents/TravelTap
    

SwiftCompile normal arm64 /Users/erders/Documents/TravelTap/TravelTap/Data/Countries/Asia/SouthAsia/Nepal/Cities/LumbiniAttractions.swift (in target 'TravelTap' from project 'TravelTap')
    cd /Users/erders/Documents/TravelTap
    

SwiftCompile normal arm64 /Users/erders/Documents/TravelTap/TravelTap/Data/Countries/Asia/SouthAsia/Nepal/Cities/PokharaAttractions.swift (in target 'TravelTap' from project 'TravelTap')
    cd /Users/erders/Documents/TravelTap
    

SwiftCompile normal arm64 /Users/erders/Documents/TravelTap/TravelTap/Data/Countries/Asia/SouthAsia/Nepal/NepalPackage.swift (in target 'TravelTap' from project 'TravelTap')
    cd /Users/erders/Documents/TravelTap
    

SwiftEmitModule normal arm64 Emitting\ module\ for\ TravelTap (in target 'TravelTap' from project 'TravelTap')
EmitSwiftModule normal arm64 (in target 'TravelTap' from project 'TravelTap')
    cd /Users/erders/Documents/TravelTap
    

SwiftCompile normal arm64 Compiling\ KataviAttractions.swift,\ MafiaIslandAttractions.swift,\ LakeEyasiAttractions.swift,\ LakeNatronAttractions.swift,\ DaresSalaamAttractions.swift,\ ArushaAttractions.swift,\ SelousNyerereAttractions.swift,\ NgorongoroAttractions.swift,\ SerengetiRegionAttractions.swift,\ DodomaAttractions.swift,\ ZanzibarStoneTownAttractions.swift,\ TarangireAttractions.swift,\ PembaIslandAttractions.swift,\ KilwaAttractions.swift,\ ZanzibarBeachesNatureAttractions.swift,\ NairobiAttractions.swift,\ PortLouisNorthAttractions.swift,\ MauritiusWestSouthAttractions.swift,\ CentralEastAttractions.swift,\ SouthEastRodriguesAttractions.swift,\ BlackRiverAttractions.swift,\ UnsplashModels.swift,\ UnsplashManager.swift,\ GeneratedAssetSymbols.swift /Users/erders/Documents/TravelTap/TravelTap/Data/Countries/Africa/EastAfrica/Tanzania/Cities/KataviAttractions.swift /Users/erders/Documents/TravelTap/TravelTap/Data/Countries/Africa/EastAfrica/Tanzania/Cities/MafiaIslandAttractions.swift /Users/erders/Documents/TravelTap/TravelTap/Data/Countries/Africa/EastAfrica/Tanzania/Cities/LakeEyasiAttractions.swift /Users/erders/Documents/TravelTap/TravelTap/Data/Countries/Africa/EastAfrica/Tanzania/Cities/LakeNatronAttractions.swift /Users/erders/Documents/TravelTap/TravelTap/Data/Countries/Africa/EastAfrica/Tanzania/Cities/DaresSalaamAttractions.swift /Users/erders/Documents/TravelTap/TravelTap/Data/Countries/Africa/EastAfrica/Tanzania/Cities/ArushaAttractions.swift /Users/erders/Documents/TravelTap/TravelTap/Data/Countries/Africa/EastAfrica/Tanzania/Cities/SelousNyerereAttractions.swift /Users/erders/Documents/TravelTap/TravelTap/Data/Countries/Africa/EastAfrica/Tanzania/Cities/NgorongoroAttractions.swift /Users/erders/Documents/TravelTap/TravelTap/Data/Countries/Africa/EastAfrica/Tanzania/Cities/SerengetiRegionAttractions.swift /Users/erders/Documents/TravelTap/TravelTap/Data/Countries/Africa/EastAfrica/Tanzania/Cities/DodomaAttractions.swift /Users/erders/Documents/TravelTap/TravelTap/Data/Countries/Africa/EastAfrica/Tanzania/Cities/ZanzibarStoneTownAttractions.swift /Users/erders/Documents/TravelTap/TravelTap/Data/Countries/Africa/EastAfrica/Tanzania/Cities/TarangireAttractions.swift /Users/erders/Documents/TravelTap/TravelTap/Data/Countries/Africa/EastAfrica/Tanzania/Cities/PembaIslandAttractions.swift /Users/erders/Documents/TravelTap/TravelTap/Data/Countries/Africa/EastAfrica/Tanzania/Cities/KilwaAttractions.swift /Users/erders/Documents/TravelTap/TravelTap/Data/Countries/Africa/EastAfrica/Tanzania/Cities/ZanzibarBeachesNatureAttractions.swift /Users/erders/Documents/TravelTap/TravelTap/Data/Countries/Africa/EastAfrica/Kenya/Cities/NairobiAttractions.swift /Users/erders/Documents/TravelTap/TravelTap/Data/Countries/Africa/EastAfrica/Mauritius/Cities/PortLouisNorthAttractions.swift /Users/erders/Documents/TravelTap/TravelTap/Data/Countries/Africa/EastAfrica/Mauritius/Cities/MauritiusWestSouthAttractions.swift /Users/erders/Documents/TravelTap/TravelTap/Data/Countries/Africa/EastAfrica/Mauritius/Cities/CentralEastAttractions.swift /Users/erders/Documents/TravelTap/TravelTap/Data/Countries/Africa/EastAfrica/Mauritius/Cities/SouthEastRodriguesAttractions.swift /Users/erders/Documents/TravelTap/TravelTap/Data/Countries/CentralAmerica/Jamaica/Cities/BlackRiverAttractions.swift /Users/erders/Documents/TravelTap/TravelTap/Services/UnsplashModels.swift /Users/erders/Documents/TravelTap/TravelTap/Services/UnsplashManager.swift /Users/erders/Library/Developer/Xcode/DerivedData/TravelTap-aoniybxgcgmexqcgzdslgsqiowxj/Build/Intermediates.noindex/TravelTap.build/Debug-iphonesimulator/TravelTap.build/DerivedSources/GeneratedAssetSymbols.swift (in target 'TravelTap' from project 'TravelTap')

SwiftCompile normal arm64 /Users/erders/Documents/TravelTap/TravelTap/Data/Countries/Africa/EastAfrica/Tanzania/Cities/KataviAttractions.swift (in target 'TravelTap' from project 'TravelTap')
    cd /Users/erders/Documents/TravelTap
    

SwiftCompile normal arm64 /Users/erders/Documents/TravelTap/TravelTap/Data/Countries/Africa/EastAfrica/Tanzania/Cities/MafiaIslandAttractions.swift (in target 'TravelTap' from project 'TravelTap')
    cd /Users/erders/Documents/TravelTap
    

SwiftCompile normal arm64 /Users/erders/Documents/TravelTap/TravelTap/Data/Countries/Africa/EastAfrica/Tanzania/Cities/LakeEyasiAttractions.swift (in target 'TravelTap' from project 'TravelTap')
    cd /Users/erders/Documents/TravelTap
    

SwiftCompile normal arm64 /Users/erders/Documents/TravelTap/TravelTap/Data/Countries/Africa/EastAfrica/Tanzania/Cities/LakeNatronAttractions.swift (in target 'TravelTap' from project 'TravelTap')
    cd /Users/erders/Documents/TravelTap
    

SwiftCompile normal arm64 /Users/erders/Documents/TravelTap/TravelTap/Data/Countries/Africa/EastAfrica/Tanzania/Cities/DaresSalaamAttractions.swift (in target 'TravelTap' from project 'TravelTap')
    cd /Users/erders/Documents/TravelTap
    

SwiftCompile normal arm64 /Users/erders/Documents/TravelTap/TravelTap/Data/Countries/Africa/EastAfrica/Tanzania/Cities/ArushaAttractions.swift (in target 'TravelTap' from project 'TravelTap')
    cd /Users/erders/Documents/TravelTap
    

SwiftCompile normal arm64 /Users/erders/Documents/TravelTap/TravelTap/Data/Countries/Africa/EastAfrica/Tanzania/Cities/SelousNyerereAttractions.swift (in target 'TravelTap' from project 'TravelTap')
    cd /Users/erders/Documents/TravelTap
    

SwiftCompile normal arm64 /Users/erders/Documents/TravelTap/TravelTap/Data/Countries/Africa/EastAfrica/Tanzania/Cities/NgorongoroAttractions.swift (in target 'TravelTap' from project 'TravelTap')
    cd /Users/erders/Documents/TravelTap
    

SwiftCompile normal arm64 /Users/erders/Documents/TravelTap/TravelTap/Data/Countries/Africa/EastAfrica/Tanzania/Cities/SerengetiRegionAttractions.swift (in target 'TravelTap' from project 'TravelTap')
    cd /Users/erders/Documents/TravelTap
    

SwiftCompile normal arm64 /Users/erders/Documents/TravelTap/TravelTap/Data/Countries/Africa/EastAfrica/Tanzania/Cities/DodomaAttractions.swift (in target 'TravelTap' from project 'TravelTap')
    cd /Users/erders/Documents/TravelTap
    

SwiftCompile normal arm64 /Users/erders/Documents/TravelTap/TravelTap/Data/Countries/Africa/EastAfrica/Tanzania/Cities/ZanzibarStoneTownAttractions.swift (in target 'TravelTap' from project 'TravelTap')
    cd /Users/erders/Documents/TravelTap
    

SwiftCompile normal arm64 /Users/erders/Documents/TravelTap/TravelTap/Data/Countries/Africa/EastAfrica/Tanzania/Cities/TarangireAttractions.swift (in target 'TravelTap' from project 'TravelTap')
    cd /Users/erders/Documents/TravelTap
    

SwiftCompile normal arm64 /Users/erders/Documents/TravelTap/TravelTap/Data/Countries/Africa/EastAfrica/Tanzania/Cities/PembaIslandAttractions.swift (in target 'TravelTap' from project 'TravelTap')
    cd /Users/erders/Documents/TravelTap
    

SwiftCompile normal arm64 /Users/erders/Documents/TravelTap/TravelTap/Data/Countries/Africa/EastAfrica/Tanzania/Cities/KilwaAttractions.swift (in target 'TravelTap' from project 'TravelTap')
    cd /Users/erders/Documents/TravelTap
    

SwiftCompile normal arm64 /Users/erders/Documents/TravelTap/TravelTap/Data/Countries/Africa/EastAfrica/Tanzania/Cities/ZanzibarBeachesNatureAttractions.swift (in target 'TravelTap' from project 'TravelTap')
    cd /Users/erders/Documents/TravelTap
    

SwiftCompile normal arm64 /Users/erders/Documents/TravelTap/TravelTap/Data/Countries/Africa/EastAfrica/Kenya/Cities/NairobiAttractions.swift (in target 'TravelTap' from project 'TravelTap')
    cd /Users/erders/Documents/TravelTap
    

SwiftCompile normal arm64 /Users/erders/Documents/TravelTap/TravelTap/Data/Countries/Africa/EastAfrica/Mauritius/Cities/PortLouisNorthAttractions.swift (in target 'TravelTap' from project 'TravelTap')
    cd /Users/erders/Documents/TravelTap
    

SwiftCompile normal arm64 /Users/erders/Documents/TravelTap/TravelTap/Data/Countries/Africa/EastAfrica/Mauritius/Cities/MauritiusWestSouthAttractions.swift (in target 'TravelTap' from project 'TravelTap')
    cd /Users/erders/Documents/TravelTap
    

SwiftCompile normal arm64 /Users/erders/Documents/TravelTap/TravelTap/Data/Countries/Africa/EastAfrica/Mauritius/Cities/CentralEastAttractions.swift (in target 'TravelTap' from project 'TravelTap')
    cd /Users/erders/Documents/TravelTap
    

SwiftCompile normal arm64 /Users/erders/Documents/TravelTap/TravelTap/Data/Countries/Africa/EastAfrica/Mauritius/Cities/SouthEastRodriguesAttractions.swift (in target 'TravelTap' from project 'TravelTap')
    cd /Users/erders/Documents/TravelTap
    

SwiftCompile normal arm64 /Users/erders/Documents/TravelTap/TravelTap/Data/Countries/CentralAmerica/Jamaica/Cities/BlackRiverAttractions.swift (in target 'TravelTap' from project 'TravelTap')
    cd /Users/erders/Documents/TravelTap
    

SwiftCompile normal arm64 /Users/erders/Documents/TravelTap/TravelTap/Services/UnsplashModels.swift (in target 'TravelTap' from project 'TravelTap')
    cd /Users/erders/Documents/TravelTap
    

SwiftCompile normal arm64 /Users/erders/Documents/TravelTap/TravelTap/Services/UnsplashManager.swift (in target 'TravelTap' from project 'TravelTap')
    cd /Users/erders/Documents/TravelTap
    

SwiftCompile normal arm64 /Users/erders/Library/Developer/Xcode/DerivedData/TravelTap-aoniybxgcgmexqcgzdslgsqiowxj/Build/Intermediates.noindex/TravelTap.build/Debug-iphonesimulator/TravelTap.build/DerivedSources/GeneratedAssetSymbols.swift (in target 'TravelTap' from project 'TravelTap')
    cd /Users/erders/Documents/TravelTap
    

SwiftDriverJobDiscovery normal arm64 Compiling HistoricTownsAttractions.swift, SaharaWondersAttractions.swift, MauritaniaPackage.swift, AgadezAirMountainsAttractions.swift, NiameySouthwestAttractions.swift, TenereDesertNorthAttractions.swift, ZinderSouthEastAttractions.swift, NigerPackage.swift, AbujaCentralAttractions.swift, LagosSouthwestAttractions.swift, NorthEastWestAttractions.swift, SouthEastSouthSouthAttractions.swift, NigeriaPackage.swift, CasamanceEastAttractions.swift, DakarSurroundsAttractions.swift, NorthSaintLouisAttractions.swift, SaloumCentralAttractions.swift, SenegalPackage.swift, EastSouthRainforestsAttractions.swift, FreetownPeninsulaAttractions.swift, IslandsCoastAttractions.swift, NorthInteriorAttractions.swift, SierraLeonePackage.swift, CentralKaraAttractions.swift, KpalimePlateauxAttractions.swift (in target 'TravelTap' from project 'TravelTap')

SwiftCompile normal arm64 Compiling\ NyangaAttractions.swift,\ ChimanimaniAttractions.swift,\ HwangeAttractions.swift,\ LakeKaribaAttractions.swift,\ AntelopeParkGweruAttractions.swift,\ MatoboHillsAttractions.swift,\ ChizariraAttractions.swift,\ VictoriaFallsAttractions.swift,\ GonarezhouAttractions.swift,\ VumbaMutareAttractions.swift,\ MavuradonhaAttractions.swift,\ ManaPoolsAttractions.swift,\ KigomaLakeTanganyikaAttractions.swift,\ MikumiAttractions.swift,\ UsambaraMountainsAttractions.swift,\ MwanzaLakeVictoriaAttractions.swift,\ RuahaAttractions.swift,\ UdzungwaAttractions.swift,\ KondoaAttractions.swift,\ GombeAttractions.swift,\ MahaleAttractions.swift,\ BagamoyoAttractions.swift,\ LakeManyaraAttractions.swift,\ MoshiAttractions.swift /Users/erders/Documents/TravelTap/TravelTap/Data/Countries/Africa/EastAfrica/Zimbabwe/Cities/NyangaAttractions.swift /Users/erders/Documents/TravelTap/TravelTap/Data/Countries/Africa/EastAfrica/Zimbabwe/Cities/ChimanimaniAttractions.swift /Users/erders/Documents/TravelTap/TravelTap/Data/Countries/Africa/EastAfrica/Zimbabwe/Cities/HwangeAttractions.swift /Users/erders/Documents/TravelTap/TravelTap/Data/Countries/Africa/EastAfrica/Zimbabwe/Cities/LakeKaribaAttractions.swift /Users/erders/Documents/TravelTap/TravelTap/Data/Countries/Africa/EastAfrica/Zimbabwe/Cities/AntelopeParkGweruAttractions.swift /Users/erders/Documents/TravelTap/TravelTap/Data/Countries/Africa/EastAfrica/Zimbabwe/Cities/MatoboHillsAttractions.swift /Users/erders/Documents/TravelTap/TravelTap/Data/Countries/Africa/EastAfrica/Zimbabwe/Cities/ChizariraAttractions.swift /Users/erders/Documents/TravelTap/TravelTap/Data/Countries/Africa/EastAfrica/Zimbabwe/Cities/VictoriaFallsAttractions.swift /Users/erders/Documents/TravelTap/TravelTap/Data/Countries/Africa/EastAfrica/Zimbabwe/Cities/GonarezhouAttractions.swift /Users/erders/Documents/TravelTap/TravelTap/Data/Countries/Africa/EastAfrica/Zimbabwe/Cities/VumbaMutareAttractions.swift /Users/erders/Documents/TravelTap/TravelTap/Data/Countries/Africa/EastAfrica/Zimbabwe/Cities/MavuradonhaAttractions.swift /Users/erders/Documents/TravelTap/TravelTap/Data/Countries/Africa/EastAfrica/Zimbabwe/Cities/ManaPoolsAttractions.swift /Users/erders/Documents/TravelTap/TravelTap/Data/Countries/Africa/EastAfrica/Tanzania/Cities/KigomaLakeTanganyikaAttractions.swift /Users/erders/Documents/TravelTap/TravelTap/Data/Countries/Africa/EastAfrica/Tanzania/Cities/MikumiAttractions.swift /Users/erders/Documents/TravelTap/TravelTap/Data/Countries/Africa/EastAfrica/Tanzania/Cities/UsambaraMountainsAttractions.swift /Users/erders/Documents/TravelTap/TravelTap/Data/Countries/Africa/EastAfrica/Tanzania/Cities/MwanzaLakeVictoriaAttractions.swift /Users/erders/Documents/TravelTap/TravelTap/Data/Countries/Africa/EastAfrica/Tanzania/Cities/RuahaAttractions.swift /Users/erders/Documents/TravelTap/TravelTap/Data/Countries/Africa/EastAfrica/Tanzania/Cities/UdzungwaAttractions.swift /Users/erders/Documents/TravelTap/TravelTap/Data/Countries/Africa/EastAfrica/Tanzania/Cities/KondoaAttractions.swift /Users/erders/Documents/TravelTap/TravelTap/Data/Countries/Africa/EastAfrica/Tanzania/Cities/GombeAttractions.swift /Users/erders/Documents/TravelTap/TravelTap/Data/Countries/Africa/EastAfrica/Tanzania/Cities/MahaleAttractions.swift /Users/erders/Documents/TravelTap/TravelTap/Data/Countries/Africa/EastAfrica/Tanzania/Cities/BagamoyoAttractions.swift /Users/erders/Documents/TravelTap/TravelTap/Data/Countries/Africa/EastAfrica/Tanzania/Cities/LakeManyaraAttractions.swift /Users/erders/Documents/TravelTap/TravelTap/Data/Countries/Africa/EastAfrica/Tanzania/Cities/MoshiAttractions.swift (in target 'TravelTap' from project 'TravelTap')

SwiftCompile normal arm64 /Users/erders/Documents/TravelTap/TravelTap/Data/Countries/Africa/EastAfrica/Zimbabwe/Cities/NyangaAttractions.swift (in target 'TravelTap' from project 'TravelTap')
    cd /Users/erders/Documents/TravelTap
    

SwiftCompile normal arm64 /Users/erders/Documents/TravelTap/TravelTap/Data/Countries/Africa/EastAfrica/Zimbabwe/Cities/ChimanimaniAttractions.swift (in target 'TravelTap' from project 'TravelTap')
    cd /Users/erders/Documents/TravelTap
    

SwiftCompile normal arm64 /Users/erders/Documents/TravelTap/TravelTap/Data/Countries/Africa/EastAfrica/Zimbabwe/Cities/HwangeAttractions.swift (in target 'TravelTap' from project 'TravelTap')
    cd /Users/erders/Documents/TravelTap
    

SwiftCompile normal arm64 /Users/erders/Documents/TravelTap/TravelTap/Data/Countries/Africa/EastAfrica/Zimbabwe/Cities/LakeKaribaAttractions.swift (in target 'TravelTap' from project 'TravelTap')
    cd /Users/erders/Documents/TravelTap
    

SwiftCompile normal arm64 /Users/erders/Documents/TravelTap/TravelTap/Data/Countries/Africa/EastAfrica/Zimbabwe/Cities/AntelopeParkGweruAttractions.swift (in target 'TravelTap' from project 'TravelTap')
    cd /Users/erders/Documents/TravelTap
    

SwiftCompile normal arm64 /Users/erders/Documents/TravelTap/TravelTap/Data/Countries/Africa/EastAfrica/Zimbabwe/Cities/MatoboHillsAttractions.swift (in target 'TravelTap' from project 'TravelTap')
    cd /Users/erders/Documents/TravelTap
    

SwiftCompile normal arm64 /Users/erders/Documents/TravelTap/TravelTap/Data/Countries/Africa/EastAfrica/Zimbabwe/Cities/ChizariraAttractions.swift (in target 'TravelTap' from project 'TravelTap')
    cd /Users/erders/Documents/TravelTap
    

SwiftCompile normal arm64 /Users/erders/Documents/TravelTap/TravelTap/Data/Countries/Africa/EastAfrica/Zimbabwe/Cities/VictoriaFallsAttractions.swift (in target 'TravelTap' from project 'TravelTap')
    cd /Users/erders/Documents/TravelTap
    

SwiftCompile normal arm64 /Users/erders/Documents/TravelTap/TravelTap/Data/Countries/Africa/EastAfrica/Zimbabwe/Cities/GonarezhouAttractions.swift (in target 'TravelTap' from project 'TravelTap')
    cd /Users/erders/Documents/TravelTap
    

SwiftCompile normal arm64 /Users/erders/Documents/TravelTap/TravelTap/Data/Countries/Africa/EastAfrica/Zimbabwe/Cities/VumbaMutareAttractions.swift (in target 'TravelTap' from project 'TravelTap')
    cd /Users/erders/Documents/TravelTap
    

SwiftCompile normal arm64 /Users/erders/Documents/TravelTap/TravelTap/Data/Countries/Africa/EastAfrica/Zimbabwe/Cities/MavuradonhaAttractions.swift (in target 'TravelTap' from project 'TravelTap')
    cd /Users/erders/Documents/TravelTap
    

SwiftCompile normal arm64 /Users/erders/Documents/TravelTap/TravelTap/Data/Countries/Africa/EastAfrica/Zimbabwe/Cities/ManaPoolsAttractions.swift (in target 'TravelTap' from project 'TravelTap')
    cd /Users/erders/Documents/TravelTap
    

SwiftCompile normal arm64 /Users/erders/Documents/TravelTap/TravelTap/Data/Countries/Africa/EastAfrica/Tanzania/Cities/KigomaLakeTanganyikaAttractions.swift (in target 'TravelTap' from project 'TravelTap')
    cd /Users/erders/Documents/TravelTap
    

SwiftCompile normal arm64 /Users/erders/Documents/TravelTap/TravelTap/Data/Countries/Africa/EastAfrica/Tanzania/Cities/MikumiAttractions.swift (in target 'TravelTap' from project 'TravelTap')
    cd /Users/erders/Documents/TravelTap
    

SwiftCompile normal arm64 /Users/erders/Documents/TravelTap/TravelTap/Data/Countries/Africa/EastAfrica/Tanzania/Cities/UsambaraMountainsAttractions.swift (in target 'TravelTap' from project 'TravelTap')
    cd /Users/erders/Documents/TravelTap
    

SwiftCompile normal arm64 /Users/erders/Documents/TravelTap/TravelTap/Data/Countries/Africa/EastAfrica/Tanzania/Cities/MwanzaLakeVictoriaAttractions.swift (in target 'TravelTap' from project 'TravelTap')
    cd /Users/erders/Documents/TravelTap
    

SwiftCompile normal arm64 /Users/erders/Documents/TravelTap/TravelTap/Data/Countries/Africa/EastAfrica/Tanzania/Cities/RuahaAttractions.swift (in target 'TravelTap' from project 'TravelTap')
    cd /Users/erders/Documents/TravelTap
    

SwiftCompile normal arm64 /Users/erders/Documents/TravelTap/TravelTap/Data/Countries/Africa/EastAfrica/Tanzania/Cities/UdzungwaAttractions.swift (in target 'TravelTap' from project 'TravelTap')
    cd /Users/erders/Documents/TravelTap
    

SwiftCompile normal arm64 /Users/erders/Documents/TravelTap/TravelTap/Data/Countries/Africa/EastAfrica/Tanzania/Cities/KondoaAttractions.swift (in target 'TravelTap' from project 'TravelTap')
    cd /Users/erders/Documents/TravelTap
    

SwiftCompile normal arm64 /Users/erders/Documents/TravelTap/TravelTap/Data/Countries/Africa/EastAfrica/Tanzania/Cities/GombeAttractions.swift (in target 'TravelTap' from project 'TravelTap')
    cd /Users/erders/Documents/TravelTap
    

SwiftCompile normal arm64 /Users/erders/Documents/TravelTap/TravelTap/Data/Countries/Africa/EastAfrica/Tanzania/Cities/MahaleAttractions.swift (in target 'TravelTap' from project 'TravelTap')
    cd /Users/erders/Documents/TravelTap
    

SwiftCompile normal arm64 /Users/erders/Documents/TravelTap/TravelTap/Data/Countries/Africa/EastAfrica/Tanzania/Cities/BagamoyoAttractions.swift (in target 'TravelTap' from project 'TravelTap')
    cd /Users/erders/Documents/TravelTap
    

SwiftCompile normal arm64 /Users/erders/Documents/TravelTap/TravelTap/Data/Countries/Africa/EastAfrica/Tanzania/Cities/LakeManyaraAttractions.swift (in target 'TravelTap' from project 'TravelTap')
    cd /Users/erders/Documents/TravelTap
    

SwiftCompile normal arm64 /Users/erders/Documents/TravelTap/TravelTap/Data/Countries/Africa/EastAfrica/Tanzania/Cities/MoshiAttractions.swift (in target 'TravelTap' from project 'TravelTap')
    cd /Users/erders/Documents/TravelTap
    

SwiftDriverJobDiscovery normal arm64 Compiling SouthEastAttractions.swift, ChadPackage.swift, EnnediOuniangaAttractions.swift, LakeChadAttractions.swift, NDjamenaAttractions.swift, SouthernChadAttractions.swift, TibestiAttractions.swift, ZakoumaAttractions.swift, CentralBasinAttractions.swift, DRCNorthEastAttractions.swift, KatangaAttractions.swift, KinshasaWestAttractions.swift, NorthKivuAttractions.swift, SouthKivuAttractions.swift, DRCPackage.swift, BataAttractions.swift, BiokoIslandAttractions.swift, EquatorialGuineaIslandsAttractions.swift, MalaboAttractions.swift, NationalParksAttractions.swift, RioMuniAttractions.swift, EquatorialGuineaPackage.swift, GabonInteriorAttractions.swift, GabonNationalParksAttractions.swift, LibrevilleAttractions.swift (in target 'TravelTap' from project 'TravelTap')

SwiftCompile normal arm64 Compiling\ NicaraguaPackage.swift,\ BocasDelToroAttractions.swift,\ BoqueteAttractions.swift,\ ColonAttractions.swift,\ DarienAttractions.swift,\ ElValleAttractions.swift,\ PanamaCityAttractions.swift,\ PearlIslandsAttractions.swift,\ SanBlasAttractions.swift,\ PanamaPackage.swift,\ CaboRojoAttractions.swift,\ CulebraAttractions.swift,\ ElYunqueAttractions.swift,\ FajardoAttractions.swift,\ PonceAttractions.swift,\ RinconAttractions.swift,\ SanJuanAttractions.swift,\ ViequesAttractions.swift,\ PuertoRicoPackage.swift,\ AnseLaRayeAttractions.swift,\ CastriesAttractions.swift,\ DenneryAttractions.swift,\ GrosIsletAttractions.swift,\ LaborieAttractions.swift,\ MarigotBayAttractions.swift /Users/erders/Documents/TravelTap/TravelTap/Data/Countries/CentralAmerica/Nicaragua/NicaraguaPackage.swift /Users/erders/Documents/TravelTap/TravelTap/Data/Countries/CentralAmerica/Panama/Cities/BocasDelToroAttractions.swift /Users/erders/Documents/TravelTap/TravelTap/Data/Countries/CentralAmerica/Panama/Cities/BoqueteAttractions.swift /Users/erders/Documents/TravelTap/TravelTap/Data/Countries/CentralAmerica/Panama/Cities/ColonAttractions.swift /Users/erders/Documents/TravelTap/TravelTap/Data/Countries/CentralAmerica/Panama/Cities/DarienAttractions.swift /Users/erders/Documents/TravelTap/TravelTap/Data/Countries/CentralAmerica/Panama/Cities/ElValleAttractions.swift /Users/erders/Documents/TravelTap/TravelTap/Data/Countries/CentralAmerica/Panama/Cities/PanamaCityAttractions.swift /Users/erders/Documents/TravelTap/TravelTap/Data/Countries/CentralAmerica/Panama/Cities/PearlIslandsAttractions.swift /Users/erders/Documents/TravelTap/TravelTap/Data/Countries/CentralAmerica/Panama/Cities/SanBlasAttractions.swift /Users/erders/Documents/TravelTap/TravelTap/Data/Countries/CentralAmerica/Panama/PanamaPackage.swift /Users/erders/Documents/TravelTap/TravelTap/Data/Countries/CentralAmerica/PuertoRico/Cities/CaboRojoAttractions.swift /Users/erders/Documents/TravelTap/TravelTap/Data/Countries/CentralAmerica/PuertoRico/Cities/CulebraAttractions.swift /Users/erders/Documents/TravelTap/TravelTap/Data/Countries/CentralAmerica/PuertoRico/Cities/ElYunqueAttractions.swift /Users/erders/Documents/TravelTap/TravelTap/Data/Countries/CentralAmerica/PuertoRico/Cities/FajardoAttractions.swift /Users/erders/Documents/TravelTap/TravelTap/Data/Countries/CentralAmerica/PuertoRico/Cities/PonceAttractions.swift /Users/erders/Documents/TravelTap/TravelTap/Data/Countries/CentralAmerica/PuertoRico/Cities/RinconAttractions.swift /Users/erders/Documents/TravelTap/TravelTap/Data/Countries/CentralAmerica/PuertoRico/Cities/SanJuanAttractions.swift /Users/erders/Documents/TravelTap/TravelTap/Data/Countries/CentralAmerica/PuertoRico/Cities/ViequesAttractions.swift /Users/erders/Documents/TravelTap/TravelTap/Data/Countries/CentralAmerica/PuertoRico/PuertoRicoPackage.swift /Users/erders/Documents/TravelTap/TravelTap/Data/Countries/CentralAmerica/SaintLucia/Cities/AnseLaRayeAttractions.swift /Users/erders/Documents/TravelTap/TravelTap/Data/Countries/CentralAmerica/SaintLucia/Cities/CastriesAttractions.swift /Users/erders/Documents/TravelTap/TravelTap/Data/Countries/CentralAmerica/SaintLucia/Cities/DenneryAttractions.swift /Users/erders/Documents/TravelTap/TravelTap/Data/Countries/CentralAmerica/SaintLucia/Cities/GrosIsletAttractions.swift /Users/erders/Documents/TravelTap/TravelTap/Data/Countries/CentralAmerica/SaintLucia/Cities/LaborieAttractions.swift /Users/erders/Documents/TravelTap/TravelTap/Data/Countries/CentralAmerica/SaintLucia/Cities/MarigotBayAttractions.swift (in target 'TravelTap' from project 'TravelTap')

SwiftCompile normal arm64 /Users/erders/Documents/TravelTap/TravelTap/Data/Countries/CentralAmerica/Nicaragua/NicaraguaPackage.swift (in target 'TravelTap' from project 'TravelTap')
    cd /Users/erders/Documents/TravelTap
    

SwiftCompile normal arm64 /Users/erders/Documents/TravelTap/TravelTap/Data/Countries/CentralAmerica/Panama/Cities/BocasDelToroAttractions.swift (in target 'TravelTap' from project 'TravelTap')
    cd /Users/erders/Documents/TravelTap
    

SwiftCompile normal arm64 /Users/erders/Documents/TravelTap/TravelTap/Data/Countries/CentralAmerica/Panama/Cities/BoqueteAttractions.swift (in target 'TravelTap' from project 'TravelTap')
    cd /Users/erders/Documents/TravelTap
    

SwiftCompile normal arm64 /Users/erders/Documents/TravelTap/TravelTap/Data/Countries/CentralAmerica/Panama/Cities/ColonAttractions.swift (in target 'TravelTap' from project 'TravelTap')
    cd /Users/erders/Documents/TravelTap
    

SwiftCompile normal arm64 /Users/erders/Documents/TravelTap/TravelTap/Data/Countries/CentralAmerica/Panama/Cities/DarienAttractions.swift (in target 'TravelTap' from project 'TravelTap')
    cd /Users/erders/Documents/TravelTap
    

SwiftCompile normal arm64 /Users/erders/Documents/TravelTap/TravelTap/Data/Countries/CentralAmerica/Panama/Cities/ElValleAttractions.swift (in target 'TravelTap' from project 'TravelTap')
    cd /Users/erders/Documents/TravelTap
    

SwiftCompile normal arm64 /Users/erders/Documents/TravelTap/TravelTap/Data/Countries/CentralAmerica/Panama/Cities/PanamaCityAttractions.swift (in target 'TravelTap' from project 'TravelTap')
    cd /Users/erders/Documents/TravelTap
    

SwiftCompile normal arm64 /Users/erders/Documents/TravelTap/TravelTap/Data/Countries/CentralAmerica/Panama/Cities/PearlIslandsAttractions.swift (in target 'TravelTap' from project 'TravelTap')
    cd /Users/erders/Documents/TravelTap
    

SwiftCompile normal arm64 /Users/erders/Documents/TravelTap/TravelTap/Data/Countries/CentralAmerica/Panama/Cities/SanBlasAttractions.swift (in target 'TravelTap' from project 'TravelTap')
    cd /Users/erders/Documents/TravelTap
    

SwiftCompile normal arm64 /Users/erders/Documents/TravelTap/TravelTap/Data/Countries/CentralAmerica/Panama/PanamaPackage.swift (in target 'TravelTap' from project 'TravelTap')
    cd /Users/erders/Documents/TravelTap
    

SwiftCompile normal arm64 /Users/erders/Documents/TravelTap/TravelTap/Data/Countries/CentralAmerica/PuertoRico/Cities/CaboRojoAttractions.swift (in target 'TravelTap' from project 'TravelTap')
    cd /Users/erders/Documents/TravelTap
    

SwiftCompile normal arm64 /Users/erders/Documents/TravelTap/TravelTap/Data/Countries/CentralAmerica/PuertoRico/Cities/CulebraAttractions.swift (in target 'TravelTap' from project 'TravelTap')
    cd /Users/erders/Documents/TravelTap
    

SwiftCompile normal arm64 /Users/erders/Documents/TravelTap/TravelTap/Data/Countries/CentralAmerica/PuertoRico/Cities/ElYunqueAttractions.swift (in target 'TravelTap' from project 'TravelTap')
    cd /Users/erders/Documents/TravelTap
    

SwiftCompile normal arm64 /Users/erders/Documents/TravelTap/TravelTap/Data/Countries/CentralAmerica/PuertoRico/Cities/FajardoAttractions.swift (in target 'TravelTap' from project 'TravelTap')
    cd /Users/erders/Documents/TravelTap
    

SwiftCompile normal arm64 /Users/erders/Documents/TravelTap/TravelTap/Data/Countries/CentralAmerica/PuertoRico/Cities/PonceAttractions.swift (in target 'TravelTap' from project 'TravelTap')
    cd /Users/erders/Documents/TravelTap
    

SwiftCompile normal arm64 /Users/erders/Documents/TravelTap/TravelTap/Data/Countries/CentralAmerica/PuertoRico/Cities/RinconAttractions.swift (in target 'TravelTap' from project 'TravelTap')
    cd /Users/erders/Documents/TravelTap
    

SwiftCompile normal arm64 /Users/erders/Documents/TravelTap/TravelTap/Data/Countries/CentralAmerica/PuertoRico/Cities/SanJuanAttractions.swift (in target 'TravelTap' from project 'TravelTap')
    cd /Users/erders/Documents/TravelTap
    

SwiftCompile normal arm64 /Users/erders/Documents/TravelTap/TravelTap/Data/Countries/CentralAmerica/PuertoRico/Cities/ViequesAttractions.swift (in target 'TravelTap' from project 'TravelTap')
    cd /Users/erders/Documents/TravelTap
    

SwiftCompile normal arm64 /Users/erders/Documents/TravelTap/TravelTap/Data/Countries/CentralAmerica/PuertoRico/PuertoRicoPackage.swift (in target 'TravelTap' from project 'TravelTap')
    cd /Users/erders/Documents/TravelTap
    

SwiftCompile normal arm64 /Users/erders/Documents/TravelTap/TravelTap/Data/Countries/CentralAmerica/SaintLucia/Cities/AnseLaRayeAttractions.swift (in target 'TravelTap' from project 'TravelTap')
    cd /Users/erders/Documents/TravelTap
    

SwiftCompile normal arm64 /Users/erders/Documents/TravelTap/TravelTap/Data/Countries/CentralAmerica/SaintLucia/Cities/CastriesAttractions.swift (in target 'TravelTap' from project 'TravelTap')
    cd /Users/erders/Documents/TravelTap
    

SwiftCompile normal arm64 /Users/erders/Documents/TravelTap/TravelTap/Data/Countries/CentralAmerica/SaintLucia/Cities/DenneryAttractions.swift (in target 'TravelTap' from project 'TravelTap')
    cd /Users/erders/Documents/TravelTap
    

SwiftCompile normal arm64 /Users/erders/Documents/TravelTap/TravelTap/Data/Countries/CentralAmerica/SaintLucia/Cities/GrosIsletAttractions.swift (in target 'TravelTap' from project 'TravelTap')
    cd /Users/erders/Documents/TravelTap
    

SwiftCompile normal arm64 /Users/erders/Documents/TravelTap/TravelTap/Data/Countries/CentralAmerica/SaintLucia/Cities/LaborieAttractions.swift (in target 'TravelTap' from project 'TravelTap')
    cd /Users/erders/Documents/TravelTap
    

SwiftCompile normal arm64 /Users/erders/Documents/TravelTap/TravelTap/Data/Countries/CentralAmerica/SaintLucia/Cities/MarigotBayAttractions.swift (in target 'TravelTap' from project 'TravelTap')
    cd /Users/erders/Documents/TravelTap
    

SwiftDriverJobDiscovery normal arm64 Compiling EasternJinjaAttractions.swift, KampalaEntebbeAttractions.swift, MurchisonNorthAttractions.swift, WesternUgandaAttractions.swift, UgandaPackage.swift, KaribaWesternAttractions.swift, LivingstoneVictoriaFallsAttractions.swift, LusakaCopperbeltAttractions.swift, MajorNationalParksAttractions.swift, NorthernWaterfallsAttractions.swift, ZambiaPackage.swift, GreatZimbabweMasvingoAttractions.swift, HarareAttractions.swift, ZimbabwePackage.swift, AlgeriaPackage.swift, EgyptPackage.swift, CyrenaicaAttractions.swift, FezzanSaharaAttractions.swift, TripolitaniaAttractions.swift, LibyaPackage.swift, MoroccoPackage.swift, KhartoumOmdurmanAttractions.swift, NorthernSudanPyramidsAttractions.swift, RedSeaKassalaAttractions.swift, SudanWildernessAttractions.swift (in target 'TravelTap' from project 'TravelTap')

SwiftCompile normal arm64 Compiling\ LlangollenAttractions.swift,\ AberystwythAttractions.swift,\ CaernarfonAttractions.swift,\ CricciethAttractions.swift,\ PembrokeshireCoastAttractions.swift,\ BreconBeaconsAttractions.swift,\ BeaumarisAttractions.swift,\ WrexhamAttractions.swift,\ CaerphillyAttractions.swift,\ LaugharneAttractions.swift,\ TinternAttractions.swift,\ HarlechAttractions.swift,\ KavadartsiAttractions.swift,\ VelesAttractions.swift,\ StobiAttractions.swift,\ StrugaAttractions.swift,\ PrilepAttractions.swift,\ TetovoAttractions.swift,\ LakePrespaAttractions.swift,\ MavrovoAttractions.swift,\ KrusevoAttractions.swift,\ GostivarAttractions.swift,\ ShtipAttractions.swift,\ DebarAttractions.swift,\ KumanovoAttractions.swift /Users/erders/Documents/TravelTap/TravelTap/Data/Countries/Europe/Wales/Cities/LlangollenAttractions.swift /Users/erders/Documents/TravelTap/TravelTap/Data/Countries/Europe/Wales/Cities/AberystwythAttractions.swift /Users/erders/Documents/TravelTap/TravelTap/Data/Countries/Europe/Wales/Cities/CaernarfonAttractions.swift /Users/erders/Documents/TravelTap/TravelTap/Data/Countries/Europe/Wales/Cities/CricciethAttractions.swift /Users/erders/Documents/TravelTap/TravelTap/Data/Countries/Europe/Wales/Cities/PembrokeshireCoastAttractions.swift /Users/erders/Documents/TravelTap/TravelTap/Data/Countries/Europe/Wales/Cities/BreconBeaconsAttractions.swift /Users/erders/Documents/TravelTap/TravelTap/Data/Countries/Europe/Wales/Cities/BeaumarisAttractions.swift /Users/erders/Documents/TravelTap/TravelTap/Data/Countries/Europe/Wales/Cities/WrexhamAttractions.swift /Users/erders/Documents/TravelTap/TravelTap/Data/Countries/Europe/Wales/Cities/CaerphillyAttractions.swift /Users/erders/Documents/TravelTap/TravelTap/Data/Countries/Europe/Wales/Cities/LaugharneAttractions.swift /Users/erders/Documents/TravelTap/TravelTap/Data/Countries/Europe/Wales/Cities/TinternAttractions.swift /Users/erders/Documents/TravelTap/TravelTap/Data/Countries/Europe/Wales/Cities/HarlechAttractions.swift /Users/erders/Documents/TravelTap/TravelTap/Data/Countries/Europe/NorthMacedonia/Cities/KavadartsiAttractions.swift /Users/erders/Documents/TravelTap/TravelTap/Data/Countries/Europe/NorthMacedonia/Cities/VelesAttractions.swift /Users/erders/Documents/TravelTap/TravelTap/Data/Countries/Europe/NorthMacedonia/Cities/StobiAttractions.swift /Users/erders/Documents/TravelTap/TravelTap/Data/Countries/Europe/NorthMacedonia/Cities/StrugaAttractions.swift /Users/erders/Documents/TravelTap/TravelTap/Data/Countries/Europe/NorthMacedonia/Cities/PrilepAttractions.swift /Users/erders/Documents/TravelTap/TravelTap/Data/Countries/Europe/NorthMacedonia/Cities/TetovoAttractions.swift /Users/erders/Documents/TravelTap/TravelTap/Data/Countries/Europe/NorthMacedonia/Cities/LakePrespaAttractions.swift /Users/erders/Documents/TravelTap/TravelTap/Data/Countries/Europe/NorthMacedonia/Cities/MavrovoAttractions.swift /Users/erders/Documents/TravelTap/TravelTap/Data/Countries/Europe/NorthMacedonia/Cities/KrusevoAttractions.swift /Users/erders/Documents/TravelTap/TravelTap/Data/Countries/Europe/NorthMacedonia/Cities/GostivarAttractions.swift /Users/erders/Documents/TravelTap/TravelTap/Data/Countries/Europe/NorthMacedonia/Cities/ShtipAttractions.swift /Users/erders/Documents/TravelTap/TravelTap/Data/Countries/Europe/NorthMacedonia/Cities/DebarAttractions.swift /Users/erders/Documents/TravelTap/TravelTap/Data/Countries/Europe/NorthMacedonia/Cities/KumanovoAttractions.swift (in target 'TravelTap' from project 'TravelTap')

SwiftCompile normal arm64 /Users/erders/Documents/TravelTap/TravelTap/Data/Countries/Europe/Wales/Cities/LlangollenAttractions.swift (in target 'TravelTap' from project 'TravelTap')
    cd /Users/erders/Documents/TravelTap
    

SwiftCompile normal arm64 /Users/erders/Documents/TravelTap/TravelTap/Data/Countries/Europe/Wales/Cities/AberystwythAttractions.swift (in target 'TravelTap' from project 'TravelTap')
    cd /Users/erders/Documents/TravelTap
    

SwiftCompile normal arm64 /Users/erders/Documents/TravelTap/TravelTap/Data/Countries/Europe/Wales/Cities/CaernarfonAttractions.swift (in target 'TravelTap' from project 'TravelTap')
    cd /Users/erders/Documents/TravelTap
    

SwiftCompile normal arm64 /Users/erders/Documents/TravelTap/TravelTap/Data/Countries/Europe/Wales/Cities/CricciethAttractions.swift (in target 'TravelTap' from project 'TravelTap')
    cd /Users/erders/Documents/TravelTap
    

SwiftCompile normal arm64 /Users/erders/Documents/TravelTap/TravelTap/Data/Countries/Europe/Wales/Cities/PembrokeshireCoastAttractions.swift (in target 'TravelTap' from project 'TravelTap')
    cd /Users/erders/Documents/TravelTap
    

SwiftCompile normal arm64 /Users/erders/Documents/TravelTap/TravelTap/Data/Countries/Europe/Wales/Cities/BreconBeaconsAttractions.swift (in target 'TravelTap' from project 'TravelTap')
    cd /Users/erders/Documents/TravelTap
    

SwiftCompile normal arm64 /Users/erders/Documents/TravelTap/TravelTap/Data/Countries/Europe/Wales/Cities/BeaumarisAttractions.swift (in target 'TravelTap' from project 'TravelTap')
    cd /Users/erders/Documents/TravelTap
    

SwiftCompile normal arm64 /Users/erders/Documents/TravelTap/TravelTap/Data/Countries/Europe/Wales/Cities/WrexhamAttractions.swift (in target 'TravelTap' from project 'TravelTap')
    cd /Users/erders/Documents/TravelTap
    

SwiftCompile normal arm64 /Users/erders/Documents/TravelTap/TravelTap/Data/Countries/Europe/Wales/Cities/CaerphillyAttractions.swift (in target 'TravelTap' from project 'TravelTap')
    cd /Users/erders/Documents/TravelTap
    

SwiftCompile normal arm64 /Users/erders/Documents/TravelTap/TravelTap/Data/Countries/Europe/Wales/Cities/LaugharneAttractions.swift (in target 'TravelTap' from project 'TravelTap')
    cd /Users/erders/Documents/TravelTap
    

SwiftCompile normal arm64 /Users/erders/Documents/TravelTap/TravelTap/Data/Countries/Europe/Wales/Cities/TinternAttractions.swift (in target 'TravelTap' from project 'TravelTap')
    cd /Users/erders/Documents/TravelTap
    

SwiftCompile normal arm64 /Users/erders/Documents/TravelTap/TravelTap/Data/Countries/Europe/Wales/Cities/HarlechAttractions.swift (in target 'TravelTap' from project 'TravelTap')
    cd /Users/erders/Documents/TravelTap
    

SwiftCompile normal arm64 /Users/erders/Documents/TravelTap/TravelTap/Data/Countries/Europe/NorthMacedonia/Cities/KavadartsiAttractions.swift (in target 'TravelTap' from project 'TravelTap')
    cd /Users/erders/Documents/TravelTap
    

SwiftCompile normal arm64 /Users/erders/Documents/TravelTap/TravelTap/Data/Countries/Europe/NorthMacedonia/Cities/VelesAttractions.swift (in target 'TravelTap' from project 'TravelTap')
    cd /Users/erders/Documents/TravelTap
    

SwiftCompile normal arm64 /Users/erders/Documents/TravelTap/TravelTap/Data/Countries/Europe/NorthMacedonia/Cities/StobiAttractions.swift (in target 'TravelTap' from project 'TravelTap')
    cd /Users/erders/Documents/TravelTap
    

SwiftCompile normal arm64 /Users/erders/Documents/TravelTap/TravelTap/Data/Countries/Europe/NorthMacedonia/Cities/StrugaAttractions.swift (in target 'TravelTap' from project 'TravelTap')
    cd /Users/erders/Documents/TravelTap
    

SwiftCompile normal arm64 /Users/erders/Documents/TravelTap/TravelTap/Data/Countries/Europe/NorthMacedonia/Cities/PrilepAttractions.swift (in target 'TravelTap' from project 'TravelTap')
    cd /Users/erders/Documents/TravelTap
    

SwiftCompile normal arm64 /Users/erders/Documents/TravelTap/TravelTap/Data/Countries/Europe/NorthMacedonia/Cities/TetovoAttractions.swift (in target 'TravelTap' from project 'TravelTap')
    cd /Users/erders/Documents/TravelTap
    

SwiftCompile normal arm64 /Users/erders/Documents/TravelTap/TravelTap/Data/Countries/Europe/NorthMacedonia/Cities/LakePrespaAttractions.swift (in target 'TravelTap' from project 'TravelTap')
    cd /Users/erders/Documents/TravelTap
    

SwiftCompile normal arm64 /Users/erders/Documents/TravelTap/TravelTap/Data/Countries/Europe/NorthMacedonia/Cities/MavrovoAttractions.swift (in target 'TravelTap' from project 'TravelTap')
    cd /Users/erders/Documents/TravelTap
    

SwiftCompile normal arm64 /Users/erders/Documents/TravelTap/TravelTap/Data/Countries/Europe/NorthMacedonia/Cities/KrusevoAttractions.swift (in target 'TravelTap' from project 'TravelTap')
    cd /Users/erders/Documents/TravelTap
    

SwiftCompile normal arm64 /Users/erders/Documents/TravelTap/TravelTap/Data/Countries/Europe/NorthMacedonia/Cities/GostivarAttractions.swift (in target 'TravelTap' from project 'TravelTap')
    cd /Users/erders/Documents/TravelTap
    

SwiftCompile normal arm64 /Users/erders/Documents/TravelTap/TravelTap/Data/Countries/Europe/NorthMacedonia/Cities/ShtipAttractions.swift (in target 'TravelTap' from project 'TravelTap')
    cd /Users/erders/Documents/TravelTap
    

SwiftCompile normal arm64 /Users/erders/Documents/TravelTap/TravelTap/Data/Countries/Europe/NorthMacedonia/Cities/DebarAttractions.swift (in target 'TravelTap' from project 'TravelTap')
    cd /Users/erders/Documents/TravelTap
    

SwiftCompile normal arm64 /Users/erders/Documents/TravelTap/TravelTap/Data/Countries/Europe/NorthMacedonia/Cities/KumanovoAttractions.swift (in target 'TravelTap' from project 'TravelTap')
    cd /Users/erders/Documents/TravelTap
    

SwiftDriverJobDiscovery normal arm64 Compiling AshantiNorthAttractions.swift, CapeCoastCentralAttractions.swift, VoltaWesternAttractions.swift, GhanaPackage.swift, ConakryCoastalAttractions.swift, FoutaDjallonAttractions.swift, GuineaParksReservesAttractions.swift, UpperGuineaAttractions.swift, GuineaPackage.swift, BijagosArchipelagoAttractions.swift, BissauCoastalAttractions.swift, MainlandParksAttractions.swift, GuineaBissauPackage.swift, CentralNimbaAttractions.swift, MonroviaSurroundsAttractions.swift, SoutheastNatureAttractions.swift, WestNorthAttractions.swift, LiberiaPackage.swift, BamakoSouthAttractions.swift, DjenneMoptiRiverAttractions.swift, DogonCountryEastAttractions.swift, TimbuktuNorthAttractions.swift, MaliPackage.swift, AdrarHighlandsAttractions.swift, CoastalWetlandsAttractions.swift (in target 'TravelTap' from project 'TravelTap')

SwiftCompile normal arm64 Compiling\ CienfuegosAttractions.swift,\ HavanaAttractions.swift,\ SantiagoDeCubaAttractions.swift,\ TrinidadAttractions.swift,\ VaraderoAttractions.swift,\ ViñalesAttractions.swift,\ CubaPackage.swift,\ BandaAbouAttractions.swift,\ BandaAribaAttractions.swift,\ SantaMarthaAttractions.swift,\ SintWillibrordusAttractions.swift,\ SotoAttractions.swift,\ SpanishWaterAttractions.swift,\ WestpuntAttractions.swift,\ WillemstadAttractions.swift,\ CuracaoPackage.swift,\ CabareteAttractions.swift,\ JarabacoaAttractions.swift,\ LaRomanaAttractions.swift,\ PuertoPlataAttractions.swift,\ PuntaCanaAttractions.swift,\ SamanaAttractions.swift,\ SantoDomingoAttractions.swift,\ SosuaAttractions.swift,\ DominicanRepublicPackage.swift /Users/erders/Documents/TravelTap/TravelTap/Data/Countries/CentralAmerica/Cuba/Cities/CienfuegosAttractions.swift /Users/erders/Documents/TravelTap/TravelTap/Data/Countries/CentralAmerica/Cuba/Cities/HavanaAttractions.swift /Users/erders/Documents/TravelTap/TravelTap/Data/Countries/CentralAmerica/Cuba/Cities/SantiagoDeCubaAttractions.swift /Users/erders/Documents/TravelTap/TravelTap/Data/Countries/CentralAmerica/Cuba/Cities/TrinidadAttractions.swift /Users/erders/Documents/TravelTap/TravelTap/Data/Countries/CentralAmerica/Cuba/Cities/VaraderoAttractions.swift /Users/erders/Documents/TravelTap/TravelTap/Data/Countries/CentralAmerica/Cuba/Cities/ViñalesAttractions.swift /Users/erders/Documents/TravelTap/TravelTap/Data/Countries/CentralAmerica/Cuba/CubaPackage.swift /Users/erders/Documents/TravelTap/TravelTap/Data/Countries/CentralAmerica/Curacao/Cities/BandaAbouAttractions.swift /Users/erders/Documents/TravelTap/TravelTap/Data/Countries/CentralAmerica/Curacao/Cities/BandaAribaAttractions.swift /Users/erders/Documents/TravelTap/TravelTap/Data/Countries/CentralAmerica/Curacao/Cities/SantaMarthaAttractions.swift /Users/erders/Documents/TravelTap/TravelTap/Data/Countries/CentralAmerica/Curacao/Cities/SintWillibrordusAttractions.swift /Users/erders/Documents/TravelTap/TravelTap/Data/Countries/CentralAmerica/Curacao/Cities/SotoAttractions.swift /Users/erders/Documents/TravelTap/TravelTap/Data/Countries/CentralAmerica/Curacao/Cities/SpanishWaterAttractions.swift /Users/erders/Documents/TravelTap/TravelTap/Data/Countries/CentralAmerica/Curacao/Cities/WestpuntAttractions.swift /Users/erders/Documents/TravelTap/TravelTap/Data/Countries/CentralAmerica/Curacao/Cities/WillemstadAttractions.swift /Users/erders/Documents/TravelTap/TravelTap/Data/Countries/CentralAmerica/Curacao/CuracaoPackage.swift /Users/erders/Documents/TravelTap/TravelTap/Data/Countries/CentralAmerica/DominicanRepublic/Cities/CabareteAttractions.swift /Users/erders/Documents/TravelTap/TravelTap/Data/Countries/CentralAmerica/DominicanRepublic/Cities/JarabacoaAttractions.swift /Users/erders/Documents/TravelTap/TravelTap/Data/Countries/CentralAmerica/DominicanRepublic/Cities/LaRomanaAttractions.swift /Users/erders/Documents/TravelTap/TravelTap/Data/Countries/CentralAmerica/DominicanRepublic/Cities/PuertoPlataAttractions.swift /Users/erders/Documents/TravelTap/TravelTap/Data/Countries/CentralAmerica/DominicanRepublic/Cities/PuntaCanaAttractions.swift /Users/erders/Documents/TravelTap/TravelTap/Data/Countries/CentralAmerica/DominicanRepublic/Cities/SamanaAttractions.swift /Users/erders/Documents/TravelTap/TravelTap/Data/Countries/CentralAmerica/DominicanRepublic/Cities/SantoDomingoAttractions.swift /Users/erders/Documents/TravelTap/TravelTap/Data/Countries/CentralAmerica/DominicanRepublic/Cities/SosuaAttractions.swift /Users/erders/Documents/TravelTap/TravelTap/Data/Countries/CentralAmerica/DominicanRepublic/DominicanRepublicPackage.swift (in target 'TravelTap' from project 'TravelTap')

SwiftCompile normal arm64 /Users/erders/Documents/TravelTap/TravelTap/Data/Countries/CentralAmerica/Cuba/Cities/CienfuegosAttractions.swift (in target 'TravelTap' from project 'TravelTap')
    cd /Users/erders/Documents/TravelTap
    

SwiftCompile normal arm64 /Users/erders/Documents/TravelTap/TravelTap/Data/Countries/CentralAmerica/Cuba/Cities/HavanaAttractions.swift (in target 'TravelTap' from project 'TravelTap')
    cd /Users/erders/Documents/TravelTap
    

SwiftCompile normal arm64 /Users/erders/Documents/TravelTap/TravelTap/Data/Countries/CentralAmerica/Cuba/Cities/SantiagoDeCubaAttractions.swift (in target 'TravelTap' from project 'TravelTap')
    cd /Users/erders/Documents/TravelTap
    

SwiftCompile normal arm64 /Users/erders/Documents/TravelTap/TravelTap/Data/Countries/CentralAmerica/Cuba/Cities/TrinidadAttractions.swift (in target 'TravelTap' from project 'TravelTap')
    cd /Users/erders/Documents/TravelTap
    

SwiftCompile normal arm64 /Users/erders/Documents/TravelTap/TravelTap/Data/Countries/CentralAmerica/Cuba/Cities/VaraderoAttractions.swift (in target 'TravelTap' from project 'TravelTap')
    cd /Users/erders/Documents/TravelTap
    

SwiftCompile normal arm64 /Users/erders/Documents/TravelTap/TravelTap/Data/Countries/CentralAmerica/Cuba/Cities/ViñalesAttractions.swift (in target 'TravelTap' from project 'TravelTap')
    cd /Users/erders/Documents/TravelTap
    

SwiftCompile normal arm64 /Users/erders/Documents/TravelTap/TravelTap/Data/Countries/CentralAmerica/Cuba/CubaPackage.swift (in target 'TravelTap' from project 'TravelTap')
    cd /Users/erders/Documents/TravelTap
    

SwiftCompile normal arm64 /Users/erders/Documents/TravelTap/TravelTap/Data/Countries/CentralAmerica/Curacao/Cities/BandaAbouAttractions.swift (in target 'TravelTap' from project 'TravelTap')
    cd /Users/erders/Documents/TravelTap
    

SwiftCompile normal arm64 /Users/erders/Documents/TravelTap/TravelTap/Data/Countries/CentralAmerica/Curacao/Cities/BandaAribaAttractions.swift (in target 'TravelTap' from project 'TravelTap')
    cd /Users/erders/Documents/TravelTap
    

SwiftCompile normal arm64 /Users/erders/Documents/TravelTap/TravelTap/Data/Countries/CentralAmerica/Curacao/Cities/SantaMarthaAttractions.swift (in target 'TravelTap' from project 'TravelTap')
    cd /Users/erders/Documents/TravelTap
    

SwiftCompile normal arm64 /Users/erders/Documents/TravelTap/TravelTap/Data/Countries/CentralAmerica/Curacao/Cities/SintWillibrordusAttractions.swift (in target 'TravelTap' from project 'TravelTap')
    cd /Users/erders/Documents/TravelTap
    

SwiftCompile normal arm64 /Users/erders/Documents/TravelTap/TravelTap/Data/Countries/CentralAmerica/Curacao/Cities/SotoAttractions.swift (in target 'TravelTap' from project 'TravelTap')
    cd /Users/erders/Documents/TravelTap
    

SwiftCompile normal arm64 /Users/erders/Documents/TravelTap/TravelTap/Data/Countries/CentralAmerica/Curacao/Cities/SpanishWaterAttractions.swift (in target 'TravelTap' from project 'TravelTap')
    cd /Users/erders/Documents/TravelTap
    

SwiftCompile normal arm64 /Users/erders/Documents/TravelTap/TravelTap/Data/Countries/CentralAmerica/Curacao/Cities/WestpuntAttractions.swift (in target 'TravelTap' from project 'TravelTap')
    cd /Users/erders/Documents/TravelTap
    

SwiftCompile normal arm64 /Users/erders/Documents/TravelTap/TravelTap/Data/Countries/CentralAmerica/Curacao/Cities/WillemstadAttractions.swift (in target 'TravelTap' from project 'TravelTap')
    cd /Users/erders/Documents/TravelTap
    

SwiftCompile normal arm64 /Users/erders/Documents/TravelTap/TravelTap/Data/Countries/CentralAmerica/Curacao/CuracaoPackage.swift (in target 'TravelTap' from project 'TravelTap')
    cd /Users/erders/Documents/TravelTap
    

SwiftCompile normal arm64 /Users/erders/Documents/TravelTap/TravelTap/Data/Countries/CentralAmerica/DominicanRepublic/Cities/CabareteAttractions.swift (in target 'TravelTap' from project 'TravelTap')
    cd /Users/erders/Documents/TravelTap
    

SwiftCompile normal arm64 /Users/erders/Documents/TravelTap/TravelTap/Data/Countries/CentralAmerica/DominicanRepublic/Cities/JarabacoaAttractions.swift (in target 'TravelTap' from project 'TravelTap')
    cd /Users/erders/Documents/TravelTap
    

SwiftCompile normal arm64 /Users/erders/Documents/TravelTap/TravelTap/Data/Countries/CentralAmerica/DominicanRepublic/Cities/LaRomanaAttractions.swift (in target 'TravelTap' from project 'TravelTap')
    cd /Users/erders/Documents/TravelTap
    

SwiftCompile normal arm64 /Users/erders/Documents/TravelTap/TravelTap/Data/Countries/CentralAmerica/DominicanRepublic/Cities/PuertoPlataAttractions.swift (in target 'TravelTap' from project 'TravelTap')
    cd /Users/erders/Documents/TravelTap
    

SwiftCompile normal arm64 /Users/erders/Documents/TravelTap/TravelTap/Data/Countries/CentralAmerica/DominicanRepublic/Cities/PuntaCanaAttractions.swift (in target 'TravelTap' from project 'TravelTap')
    cd /Users/erders/Documents/TravelTap
    

SwiftCompile normal arm64 /Users/erders/Documents/TravelTap/TravelTap/Data/Countries/CentralAmerica/DominicanRepublic/Cities/SamanaAttractions.swift (in target 'TravelTap' from project 'TravelTap')
    cd /Users/erders/Documents/TravelTap
    

SwiftCompile normal arm64 /Users/erders/Documents/TravelTap/TravelTap/Data/Countries/CentralAmerica/DominicanRepublic/Cities/SantoDomingoAttractions.swift (in target 'TravelTap' from project 'TravelTap')
    cd /Users/erders/Documents/TravelTap
    

SwiftCompile normal arm64 /Users/erders/Documents/TravelTap/TravelTap/Data/Countries/CentralAmerica/DominicanRepublic/Cities/SosuaAttractions.swift (in target 'TravelTap' from project 'TravelTap')
    cd /Users/erders/Documents/TravelTap
    

SwiftCompile normal arm64 /Users/erders/Documents/TravelTap/TravelTap/Data/Countries/CentralAmerica/DominicanRepublic/DominicanRepublicPackage.swift (in target 'TravelTap' from project 'TravelTap')
    cd /Users/erders/Documents/TravelTap
    

SwiftCompile normal arm64 Compiling\ ObidosAttractions.swift,\ TomarAttractions.swift,\ GuimaraesAttractions.swift,\ VianaDoCasteloAttractions.swift,\ MadeiraAttractions.swift,\ CascaisAttractions.swift,\ AveiroAttractions.swift,\ NotablePlacesPortugalAttractions.swift,\ AzoresAttractions.swift,\ EvoraAttractions.swift,\ BragaAttractions.swift,\ BatalhaAttractions.swift,\ NazareAttractions.swift,\ GiethoornAttractions.swift,\ AlkmaarAttractions.swift,\ KeukenhofAttractions.swift,\ MaastrichtAttractions.swift,\ LeidenAttractions.swift,\ ArnhemAttractions.swift,\ DelftAttractions.swift,\ MiddelburgAttractions.swift,\ DenBoschAttractions.swift,\ NijmegenAttractions.swift,\ TexelAttractions.swift,\ ZwolleAttractions.swift /Users/erders/Documents/TravelTap/TravelTap/Data/Countries/Europe/Portugal/Cities/ObidosAttractions.swift /Users/erders/Documents/TravelTap/TravelTap/Data/Countries/Europe/Portugal/Cities/TomarAttractions.swift /Users/erders/Documents/TravelTap/TravelTap/Data/Countries/Europe/Portugal/Cities/GuimaraesAttractions.swift /Users/erders/Documents/TravelTap/TravelTap/Data/Countries/Europe/Portugal/Cities/VianaDoCasteloAttractions.swift /Users/erders/Documents/TravelTap/TravelTap/Data/Countries/Europe/Portugal/Cities/MadeiraAttractions.swift /Users/erders/Documents/TravelTap/TravelTap/Data/Countries/Europe/Portugal/Cities/CascaisAttractions.swift /Users/erders/Documents/TravelTap/TravelTap/Data/Countries/Europe/Portugal/Cities/AveiroAttractions.swift /Users/erders/Documents/TravelTap/TravelTap/Data/Countries/Europe/Portugal/Cities/NotablePlacesPortugalAttractions.swift /Users/erders/Documents/TravelTap/TravelTap/Data/Countries/Europe/Portugal/Cities/AzoresAttractions.swift /Users/erders/Documents/TravelTap/TravelTap/Data/Countries/Europe/Portugal/Cities/EvoraAttractions.swift /Users/erders/Documents/TravelTap/TravelTap/Data/Countries/Europe/Portugal/Cities/BragaAttractions.swift /Users/erders/Documents/TravelTap/TravelTap/Data/Countries/Europe/Portugal/Cities/BatalhaAttractions.swift /Users/erders/Documents/TravelTap/TravelTap/Data/Countries/Europe/Portugal/Cities/NazareAttractions.swift /Users/erders/Documents/TravelTap/TravelTap/Data/Countries/Europe/Netherlands/Cities/GiethoornAttractions.swift /Users/erders/Documents/TravelTap/TravelTap/Data/Countries/Europe/Netherlands/Cities/AlkmaarAttractions.swift /Users/erders/Documents/TravelTap/TravelTap/Data/Countries/Europe/Netherlands/Cities/KeukenhofAttractions.swift /Users/erders/Documents/TravelTap/TravelTap/Data/Countries/Europe/Netherlands/Cities/MaastrichtAttractions.swift /Users/erders/Documents/TravelTap/TravelTap/Data/Countries/Europe/Netherlands/Cities/LeidenAttractions.swift /Users/erders/Documents/TravelTap/TravelTap/Data/Countries/Europe/Netherlands/Cities/ArnhemAttractions.swift /Users/erders/Documents/TravelTap/TravelTap/Data/Countries/Europe/Netherlands/Cities/DelftAttractions.swift /Users/erders/Documents/TravelTap/TravelTap/Data/Countries/Europe/Netherlands/Cities/MiddelburgAttractions.swift /Users/erders/Documents/TravelTap/TravelTap/Data/Countries/Europe/Netherlands/Cities/DenBoschAttractions.swift /Users/erders/Documents/TravelTap/TravelTap/Data/Countries/Europe/Netherlands/Cities/NijmegenAttractions.swift /Users/erders/Documents/TravelTap/TravelTap/Data/Countries/Europe/Netherlands/Cities/TexelAttractions.swift /Users/erders/Documents/TravelTap/TravelTap/Data/Countries/Europe/Netherlands/Cities/ZwolleAttractions.swift (in target 'TravelTap' from project 'TravelTap')

SwiftCompile normal arm64 /Users/erders/Documents/TravelTap/TravelTap/Data/Countries/Europe/Portugal/Cities/ObidosAttractions.swift (in target 'TravelTap' from project 'TravelTap')
    cd /Users/erders/Documents/TravelTap
    

SwiftCompile normal arm64 /Users/erders/Documents/TravelTap/TravelTap/Data/Countries/Europe/Portugal/Cities/TomarAttractions.swift (in target 'TravelTap' from project 'TravelTap')
    cd /Users/erders/Documents/TravelTap
    

SwiftCompile normal arm64 /Users/erders/Documents/TravelTap/TravelTap/Data/Countries/Europe/Portugal/Cities/GuimaraesAttractions.swift (in target 'TravelTap' from project 'TravelTap')
    cd /Users/erders/Documents/TravelTap
    

SwiftCompile normal arm64 /Users/erders/Documents/TravelTap/TravelTap/Data/Countries/Europe/Portugal/Cities/VianaDoCasteloAttractions.swift (in target 'TravelTap' from project 'TravelTap')
    cd /Users/erders/Documents/TravelTap
    

SwiftCompile normal arm64 /Users/erders/Documents/TravelTap/TravelTap/Data/Countries/Europe/Portugal/Cities/MadeiraAttractions.swift (in target 'TravelTap' from project 'TravelTap')
    cd /Users/erders/Documents/TravelTap
    

SwiftCompile normal arm64 /Users/erders/Documents/TravelTap/TravelTap/Data/Countries/Europe/Portugal/Cities/CascaisAttractions.swift (in target 'TravelTap' from project 'TravelTap')
    cd /Users/erders/Documents/TravelTap
    

SwiftCompile normal arm64 /Users/erders/Documents/TravelTap/TravelTap/Data/Countries/Europe/Portugal/Cities/AveiroAttractions.swift (in target 'TravelTap' from project 'TravelTap')
    cd /Users/erders/Documents/TravelTap
    

SwiftCompile normal arm64 /Users/erders/Documents/TravelTap/TravelTap/Data/Countries/Europe/Portugal/Cities/NotablePlacesPortugalAttractions.swift (in target 'TravelTap' from project 'TravelTap')
    cd /Users/erders/Documents/TravelTap
    

SwiftCompile normal arm64 /Users/erders/Documents/TravelTap/TravelTap/Data/Countries/Europe/Portugal/Cities/AzoresAttractions.swift (in target 'TravelTap' from project 'TravelTap')
    cd /Users/erders/Documents/TravelTap
    

SwiftCompile normal arm64 /Users/erders/Documents/TravelTap/TravelTap/Data/Countries/Europe/Portugal/Cities/EvoraAttractions.swift (in target 'TravelTap' from project 'TravelTap')
    cd /Users/erders/Documents/TravelTap
    

SwiftCompile normal arm64 /Users/erders/Documents/TravelTap/TravelTap/Data/Countries/Europe/Portugal/Cities/BragaAttractions.swift (in target 'TravelTap' from project 'TravelTap')
    cd /Users/erders/Documents/TravelTap
    

SwiftCompile normal arm64 /Users/erders/Documents/TravelTap/TravelTap/Data/Countries/Europe/Portugal/Cities/BatalhaAttractions.swift (in target 'TravelTap' from project 'TravelTap')
    cd /Users/erders/Documents/TravelTap
    

SwiftCompile normal arm64 /Users/erders/Documents/TravelTap/TravelTap/Data/Countries/Europe/Portugal/Cities/NazareAttractions.swift (in target 'TravelTap' from project 'TravelTap')
    cd /Users/erders/Documents/TravelTap
    

SwiftCompile normal arm64 /Users/erders/Documents/TravelTap/TravelTap/Data/Countries/Europe/Netherlands/Cities/GiethoornAttractions.swift (in target 'TravelTap' from project 'TravelTap')
    cd /Users/erders/Documents/TravelTap
    

SwiftCompile normal arm64 /Users/erders/Documents/TravelTap/TravelTap/Data/Countries/Europe/Netherlands/Cities/AlkmaarAttractions.swift (in target 'TravelTap' from project 'TravelTap')
    cd /Users/erders/Documents/TravelTap
    

SwiftCompile normal arm64 /Users/erders/Documents/TravelTap/TravelTap/Data/Countries/Europe/Netherlands/Cities/KeukenhofAttractions.swift (in target 'TravelTap' from project 'TravelTap')
    cd /Users/erders/Documents/TravelTap
    

SwiftCompile normal arm64 /Users/erders/Documents/TravelTap/TravelTap/Data/Countries/Europe/Netherlands/Cities/MaastrichtAttractions.swift (in target 'TravelTap' from project 'TravelTap')
    cd /Users/erders/Documents/TravelTap
    

SwiftCompile normal arm64 /Users/erders/Documents/TravelTap/TravelTap/Data/Countries/Europe/Netherlands/Cities/LeidenAttractions.swift (in target 'TravelTap' from project 'TravelTap')
    cd /Users/erders/Documents/TravelTap
    

SwiftCompile normal arm64 /Users/erders/Documents/TravelTap/TravelTap/Data/Countries/Europe/Netherlands/Cities/ArnhemAttractions.swift (in target 'TravelTap' from project 'TravelTap')
    cd /Users/erders/Documents/TravelTap
    

SwiftCompile normal arm64 /Users/erders/Documents/TravelTap/TravelTap/Data/Countries/Europe/Netherlands/Cities/DelftAttractions.swift (in target 'TravelTap' from project 'TravelTap')
    cd /Users/erders/Documents/TravelTap
    

SwiftCompile normal arm64 /Users/erders/Documents/TravelTap/TravelTap/Data/Countries/Europe/Netherlands/Cities/MiddelburgAttractions.swift (in target 'TravelTap' from project 'TravelTap')
    cd /Users/erders/Documents/TravelTap
    

SwiftCompile normal arm64 /Users/erders/Documents/TravelTap/TravelTap/Data/Countries/Europe/Netherlands/Cities/DenBoschAttractions.swift (in target 'TravelTap' from project 'TravelTap')
    cd /Users/erders/Documents/TravelTap
    

SwiftCompile normal arm64 /Users/erders/Documents/TravelTap/TravelTap/Data/Countries/Europe/Netherlands/Cities/NijmegenAttractions.swift (in target 'TravelTap' from project 'TravelTap')
    cd /Users/erders/Documents/TravelTap
    

SwiftCompile normal arm64 /Users/erders/Documents/TravelTap/TravelTap/Data/Countries/Europe/Netherlands/Cities/TexelAttractions.swift (in target 'TravelTap' from project 'TravelTap')
    cd /Users/erders/Documents/TravelTap
    

SwiftCompile normal arm64 /Users/erders/Documents/TravelTap/TravelTap/Data/Countries/Europe/Netherlands/Cities/ZwolleAttractions.swift (in target 'TravelTap' from project 'TravelTap')
    cd /Users/erders/Documents/TravelTap
    

SwiftDriverJobDiscovery normal arm64 Compiling SudanPackage.swift, TunisiaPackage.swift, BotswanaPackage.swift, HlaneEastAttractions.swift, ManziniSouthAttractions.swift, MbabaneEzulwiniAttractions.swift, PiggsPeakNorthAttractions.swift, EswatiniPackage.swift, HighlandsNorthAttractions.swift, MaseruCentralAttractions.swift, SaniPassEastAttractions.swift, SouthQuthingAttractions.swift, LesothoPackage.swift, CapriviStripAttractions.swift, CoastDamaralandAttractions.swift, EtoshaNorthAttractions.swift, SossusvleiSouthAttractions.swift, WindhoekCentralAttractions.swift, NamibiaPackage.swift, CapeWinelandsDayTripsAttractions.swift, GardenRouteEasternCapeAttractions.swift, KrugerMpumalangaLimpopoAttractions.swift, NorthernCapeFreeStateAttractions.swift, SouthAfricaPackage.swift, BeninPackage.swift (in target 'TravelTap' from project 'TravelTap')

SwiftDriverJobDiscovery normal arm64 Compiling AsmaraAttractions.swift, KerenHighlandsAttractions.swift, MassawaCoastAttractions.swift, SouthArchaeologyAttractions.swift, EritreaPackage.swift, AddisAbabaAttractions.swift, EasternEthiopiaAttractions.swift, NorthernEthiopiaAttractions.swift, SouthernEthiopiaAttractions.swift, EthiopiaPackage.swift, KenyaPackage.swift, CentralHighlandsAttractions.swift, EastRainforestsAttractions.swift, NorthIslandsAttractions.swift, WestSouthAttractions.swift, MadagascarPackage.swift, LakeMalawiAttractions.swift, LilongweCentralAttractions.swift, NorthernMalawiAttractions.swift, SouthernMalawiAttractions.swift, MalawiPackage.swift, MauritiusPackage.swift, CentralMozambiqueAttractions.swift, InhambaneCoastAttractions.swift, MaputoSouthAttractions.swift (in target 'TravelTap' from project 'TravelTap')

SwiftCompile normal arm64 Compiling\ StCroixAttractions.swift,\ StThomasAttractions.swift,\ StThomasBeachesAttractions.swift,\ USVIStJohnAttractions.swift,\ WaterIslandAttractions.swift,\ USVirginIslandsPackage.swift,\ AlbaniaPackage.swift,\ BeratAttractions.swift,\ GjirokasterAttractions.swift,\ SarandeAttractions.swift,\ TiranaAttractions.swift,\ AndorraPackage.swift,\ AndorraLaVellaAttractions.swift,\ EncampAttractions.swift,\ AustriaPackage.swift,\ ZellAmSeeAttractions.swift,\ BadGasteinAttractions.swift,\ KitzbuhelAttractions.swift,\ StAntonAttractions.swift,\ LechZursAttractions.swift,\ WachauValleyAttractions.swift,\ LinzAttractions.swift,\ KlagenfurtAttractions.swift,\ VillachAttractions.swift,\ BregenzAttractions.swift /Users/erders/Documents/TravelTap/TravelTap/Data/Countries/CentralAmerica/USVirginIslands/Cities/StCroixAttractions.swift /Users/erders/Documents/TravelTap/TravelTap/Data/Countries/CentralAmerica/USVirginIslands/Cities/StThomasAttractions.swift /Users/erders/Documents/TravelTap/TravelTap/Data/Countries/CentralAmerica/USVirginIslands/Cities/StThomasBeachesAttractions.swift /Users/erders/Documents/TravelTap/TravelTap/Data/Countries/CentralAmerica/USVirginIslands/Cities/USVIStJohnAttractions.swift /Users/erders/Documents/TravelTap/TravelTap/Data/Countries/CentralAmerica/USVirginIslands/Cities/WaterIslandAttractions.swift /Users/erders/Documents/TravelTap/TravelTap/Data/Countries/CentralAmerica/USVirginIslands/USVirginIslandsPackage.swift /Users/erders/Documents/TravelTap/TravelTap/Data/Countries/Europe/Albania/AlbaniaPackage.swift /Users/erders/Documents/TravelTap/TravelTap/Data/Countries/Europe/Albania/Cities/BeratAttractions.swift /Users/erders/Documents/TravelTap/TravelTap/Data/Countries/Europe/Albania/Cities/GjirokasterAttractions.swift /Users/erders/Documents/TravelTap/TravelTap/Data/Countries/Europe/Albania/Cities/SarandeAttractions.swift /Users/erders/Documents/TravelTap/TravelTap/Data/Countries/Europe/Albania/Cities/TiranaAttractions.swift /Users/erders/Documents/TravelTap/TravelTap/Data/Countries/Europe/Andorra/AndorraPackage.swift /Users/erders/Documents/TravelTap/TravelTap/Data/Countries/Europe/Andorra/Cities/AndorraLaVellaAttractions.swift /Users/erders/Documents/TravelTap/TravelTap/Data/Countries/Europe/Andorra/Cities/EncampAttractions.swift /Users/erders/Documents/TravelTap/TravelTap/Data/Countries/Europe/Austria/AustriaPackage.swift /Users/erders/Documents/TravelTap/TravelTap/Data/Countries/Europe/Austria/Cities/ZellAmSeeAttractions.swift /Users/erders/Documents/TravelTap/TravelTap/Data/Countries/Europe/Austria/Cities/BadGasteinAttractions.swift /Users/erders/Documents/TravelTap/TravelTap/Data/Countries/Europe/Austria/Cities/KitzbuhelAttractions.swift /Users/erders/Documents/TravelTap/TravelTap/Data/Countries/Europe/Austria/Cities/StAntonAttractions.swift /Users/erders/Documents/TravelTap/TravelTap/Data/Countries/Europe/Austria/Cities/LechZursAttractions.swift /Users/erders/Documents/TravelTap/TravelTap/Data/Countries/Europe/Austria/Cities/WachauValleyAttractions.swift /Users/erders/Documents/TravelTap/TravelTap/Data/Countries/Europe/Austria/Cities/LinzAttractions.swift /Users/erders/Documents/TravelTap/TravelTap/Data/Countries/Europe/Austria/Cities/KlagenfurtAttractions.swift /Users/erders/Documents/TravelTap/TravelTap/Data/Countries/Europe/Austria/Cities/VillachAttractions.swift /Users/erders/Documents/TravelTap/TravelTap/Data/Countries/Europe/Austria/Cities/BregenzAttractions.swift (in target 'TravelTap' from project 'TravelTap')

SwiftCompile normal arm64 /Users/erders/Documents/TravelTap/TravelTap/Data/Countries/CentralAmerica/USVirginIslands/Cities/StCroixAttractions.swift (in target 'TravelTap' from project 'TravelTap')
    cd /Users/erders/Documents/TravelTap
    

SwiftCompile normal arm64 /Users/erders/Documents/TravelTap/TravelTap/Data/Countries/CentralAmerica/USVirginIslands/Cities/StThomasAttractions.swift (in target 'TravelTap' from project 'TravelTap')
    cd /Users/erders/Documents/TravelTap
    

SwiftCompile normal arm64 /Users/erders/Documents/TravelTap/TravelTap/Data/Countries/CentralAmerica/USVirginIslands/Cities/StThomasBeachesAttractions.swift (in target 'TravelTap' from project 'TravelTap')
    cd /Users/erders/Documents/TravelTap
    

SwiftCompile normal arm64 /Users/erders/Documents/TravelTap/TravelTap/Data/Countries/CentralAmerica/USVirginIslands/Cities/USVIStJohnAttractions.swift (in target 'TravelTap' from project 'TravelTap')
    cd /Users/erders/Documents/TravelTap
    

SwiftCompile normal arm64 /Users/erders/Documents/TravelTap/TravelTap/Data/Countries/CentralAmerica/USVirginIslands/Cities/WaterIslandAttractions.swift (in target 'TravelTap' from project 'TravelTap')
    cd /Users/erders/Documents/TravelTap
    

SwiftCompile normal arm64 /Users/erders/Documents/TravelTap/TravelTap/Data/Countries/CentralAmerica/USVirginIslands/USVirginIslandsPackage.swift (in target 'TravelTap' from project 'TravelTap')
    cd /Users/erders/Documents/TravelTap
    

SwiftCompile normal arm64 /Users/erders/Documents/TravelTap/TravelTap/Data/Countries/Europe/Albania/AlbaniaPackage.swift (in target 'TravelTap' from project 'TravelTap')
    cd /Users/erders/Documents/TravelTap
    

SwiftCompile normal arm64 /Users/erders/Documents/TravelTap/TravelTap/Data/Countries/Europe/Albania/Cities/BeratAttractions.swift (in target 'TravelTap' from project 'TravelTap')
    cd /Users/erders/Documents/TravelTap
    

SwiftCompile normal arm64 /Users/erders/Documents/TravelTap/TravelTap/Data/Countries/Europe/Albania/Cities/GjirokasterAttractions.swift (in target 'TravelTap' from project 'TravelTap')
    cd /Users/erders/Documents/TravelTap
    

SwiftCompile normal arm64 /Users/erders/Documents/TravelTap/TravelTap/Data/Countries/Europe/Albania/Cities/SarandeAttractions.swift (in target 'TravelTap' from project 'TravelTap')
    cd /Users/erders/Documents/TravelTap
    

SwiftCompile normal arm64 /Users/erders/Documents/TravelTap/TravelTap/Data/Countries/Europe/Albania/Cities/TiranaAttractions.swift (in target 'TravelTap' from project 'TravelTap')
    cd /Users/erders/Documents/TravelTap
    

SwiftCompile normal arm64 /Users/erders/Documents/TravelTap/TravelTap/Data/Countries/Europe/Andorra/AndorraPackage.swift (in target 'TravelTap' from project 'TravelTap')
    cd /Users/erders/Documents/TravelTap
    

SwiftCompile normal arm64 /Users/erders/Documents/TravelTap/TravelTap/Data/Countries/Europe/Andorra/Cities/AndorraLaVellaAttractions.swift (in target 'TravelTap' from project 'TravelTap')
    cd /Users/erders/Documents/TravelTap
    

SwiftCompile normal arm64 /Users/erders/Documents/TravelTap/TravelTap/Data/Countries/Europe/Andorra/Cities/EncampAttractions.swift (in target 'TravelTap' from project 'TravelTap')
    cd /Users/erders/Documents/TravelTap
    

SwiftCompile normal arm64 /Users/erders/Documents/TravelTap/TravelTap/Data/Countries/Europe/Austria/AustriaPackage.swift (in target 'TravelTap' from project 'TravelTap')
    cd /Users/erders/Documents/TravelTap
    

SwiftCompile normal arm64 /Users/erders/Documents/TravelTap/TravelTap/Data/Countries/Europe/Austria/Cities/ZellAmSeeAttractions.swift (in target 'TravelTap' from project 'TravelTap')
    cd /Users/erders/Documents/TravelTap
    

SwiftCompile normal arm64 /Users/erders/Documents/TravelTap/TravelTap/Data/Countries/Europe/Austria/Cities/BadGasteinAttractions.swift (in target 'TravelTap' from project 'TravelTap')
    cd /Users/erders/Documents/TravelTap
    

SwiftCompile normal arm64 /Users/erders/Documents/TravelTap/TravelTap/Data/Countries/Europe/Austria/Cities/KitzbuhelAttractions.swift (in target 'TravelTap' from project 'TravelTap')
    cd /Users/erders/Documents/TravelTap
    

SwiftCompile normal arm64 /Users/erders/Documents/TravelTap/TravelTap/Data/Countries/Europe/Austria/Cities/StAntonAttractions.swift (in target 'TravelTap' from project 'TravelTap')
    cd /Users/erders/Documents/TravelTap
    

SwiftCompile normal arm64 /Users/erders/Documents/TravelTap/TravelTap/Data/Countries/Europe/Austria/Cities/LechZursAttractions.swift (in target 'TravelTap' from project 'TravelTap')
    cd /Users/erders/Documents/TravelTap
    

SwiftCompile normal arm64 /Users/erders/Documents/TravelTap/TravelTap/Data/Countries/Europe/Austria/Cities/WachauValleyAttractions.swift (in target 'TravelTap' from project 'TravelTap')
    cd /Users/erders/Documents/TravelTap
    

SwiftCompile normal arm64 /Users/erders/Documents/TravelTap/TravelTap/Data/Countries/Europe/Austria/Cities/LinzAttractions.swift (in target 'TravelTap' from project 'TravelTap')
    cd /Users/erders/Documents/TravelTap
    

SwiftCompile normal arm64 /Users/erders/Documents/TravelTap/TravelTap/Data/Countries/Europe/Austria/Cities/KlagenfurtAttractions.swift (in target 'TravelTap' from project 'TravelTap')
    cd /Users/erders/Documents/TravelTap
    

SwiftCompile normal arm64 /Users/erders/Documents/TravelTap/TravelTap/Data/Countries/Europe/Austria/Cities/VillachAttractions.swift (in target 'TravelTap' from project 'TravelTap')
    cd /Users/erders/Documents/TravelTap
    

SwiftCompile normal arm64 /Users/erders/Documents/TravelTap/TravelTap/Data/Countries/Europe/Austria/Cities/BregenzAttractions.swift (in target 'TravelTap' from project 'TravelTap')
    cd /Users/erders/Documents/TravelTap
    

SwiftDriverJobDiscovery normal arm64 Compiling JaipurAttractions.swift, JaisalmerAttractions.swift, KeralaAttractions.swift, KhajurahoAttractions.swift, KolkataAttractions.swift, LadakhAttractions.swift, MumbaiAttractions.swift, MysoreAttractions.swift, RishikeshAttractions.swift, UdaipurAttractions.swift, VaranasiAttractions.swift, IndiaPackage.swift, AdduAtollAttractions.swift, AriAtollAttractions.swift, BaaAtollAttractions.swift, MaleAttractions.swift, NorthMaleAtollAttractions.swift, MaldivesPackage.swift, AnnapurnaAttractions.swift, ChitwanAttractions.swift, EverestRegionAttractions.swift, KathmanduAttractions.swift, LumbiniAttractions.swift, PokharaAttractions.swift, NepalPackage.swift (in target 'TravelTap' from project 'TravelTap')

SwiftCompile normal arm64 Compiling\ HighAtlasAttractions.swift,\ EssaouiraAttractions.swift,\ DahabAttractions.swift,\ SharmElSheikhAttractions.swift,\ DenderaAbydosAttractions.swift,\ AlexandriaAttractions.swift,\ CairoAttractions.swift,\ SaqqaraAttractions.swift,\ FayoumAttractions.swift,\ LuxorAttractions.swift,\ AbuSimbelAttractions.swift,\ AswanAttractions.swift,\ SiwaAttractions.swift,\ EdfuKomOmboAttractions.swift,\ BahariyaFarafraAttractions.swift,\ SinaiAttractions.swift,\ HurghadaAttractions.swift,\ TunisAttractions.swift,\ CarthageAttractions.swift,\ SidiBouSaidAttractions.swift,\ KairouanAttractions.swift,\ SousseAttractions.swift,\ HammametAttractions.swift,\ DjerbaAttractions.swift /Users/erders/Documents/TravelTap/TravelTap/Data/Countries/Africa/NorthAfrica/Morocco/Cities/HighAtlasAttractions.swift /Users/erders/Documents/TravelTap/TravelTap/Data/Countries/Africa/NorthAfrica/Morocco/Cities/EssaouiraAttractions.swift /Users/erders/Documents/TravelTap/TravelTap/Data/Countries/Africa/NorthAfrica/Egypt/Cities/DahabAttractions.swift /Users/erders/Documents/TravelTap/TravelTap/Data/Countries/Africa/NorthAfrica/Egypt/Cities/SharmElSheikhAttractions.swift /Users/erders/Documents/TravelTap/TravelTap/Data/Countries/Africa/NorthAfrica/Egypt/Cities/DenderaAbydosAttractions.swift /Users/erders/Documents/TravelTap/TravelTap/Data/Countries/Africa/NorthAfrica/Egypt/Cities/AlexandriaAttractions.swift /Users/erders/Documents/TravelTap/TravelTap/Data/Countries/Africa/NorthAfrica/Egypt/Cities/CairoAttractions.swift /Users/erders/Documents/TravelTap/TravelTap/Data/Countries/Africa/NorthAfrica/Egypt/Cities/SaqqaraAttractions.swift /Users/erders/Documents/TravelTap/TravelTap/Data/Countries/Africa/NorthAfrica/Egypt/Cities/FayoumAttractions.swift /Users/erders/Documents/TravelTap/TravelTap/Data/Countries/Africa/NorthAfrica/Egypt/Cities/LuxorAttractions.swift /Users/erders/Documents/TravelTap/TravelTap/Data/Countries/Africa/NorthAfrica/Egypt/Cities/AbuSimbelAttractions.swift /Users/erders/Documents/TravelTap/TravelTap/Data/Countries/Africa/NorthAfrica/Egypt/Cities/AswanAttractions.swift /Users/erders/Documents/TravelTap/TravelTap/Data/Countries/Africa/NorthAfrica/Egypt/Cities/SiwaAttractions.swift /Users/erders/Documents/TravelTap/TravelTap/Data/Countries/Africa/NorthAfrica/Egypt/Cities/EdfuKomOmboAttractions.swift /Users/erders/Documents/TravelTap/TravelTap/Data/Countries/Africa/NorthAfrica/Egypt/Cities/BahariyaFarafraAttractions.swift /Users/erders/Documents/TravelTap/TravelTap/Data/Countries/Africa/NorthAfrica/Egypt/Cities/SinaiAttractions.swift /Users/erders/Documents/TravelTap/TravelTap/Data/Countries/Africa/NorthAfrica/Egypt/Cities/HurghadaAttractions.swift /Users/erders/Documents/TravelTap/TravelTap/Data/Countries/Africa/NorthAfrica/Tunisia/Cities/TunisAttractions.swift /Users/erders/Documents/TravelTap/TravelTap/Data/Countries/Africa/NorthAfrica/Tunisia/Cities/CarthageAttractions.swift /Users/erders/Documents/TravelTap/TravelTap/Data/Countries/Africa/NorthAfrica/Tunisia/Cities/SidiBouSaidAttractions.swift /Users/erders/Documents/TravelTap/TravelTap/Data/Countries/Africa/NorthAfrica/Tunisia/Cities/KairouanAttractions.swift /Users/erders/Documents/TravelTap/TravelTap/Data/Countries/Africa/NorthAfrica/Tunisia/Cities/SousseAttractions.swift /Users/erders/Documents/TravelTap/TravelTap/Data/Countries/Africa/NorthAfrica/Tunisia/Cities/HammametAttractions.swift /Users/erders/Documents/TravelTap/TravelTap/Data/Countries/Africa/NorthAfrica/Tunisia/Cities/DjerbaAttractions.swift (in target 'TravelTap' from project 'TravelTap')

SwiftCompile normal arm64 /Users/erders/Documents/TravelTap/TravelTap/Data/Countries/Africa/NorthAfrica/Morocco/Cities/HighAtlasAttractions.swift (in target 'TravelTap' from project 'TravelTap')
    cd /Users/erders/Documents/TravelTap
    

SwiftCompile normal arm64 /Users/erders/Documents/TravelTap/TravelTap/Data/Countries/Africa/NorthAfrica/Morocco/Cities/EssaouiraAttractions.swift (in target 'TravelTap' from project 'TravelTap')
    cd /Users/erders/Documents/TravelTap
    

SwiftCompile normal arm64 /Users/erders/Documents/TravelTap/TravelTap/Data/Countries/Africa/NorthAfrica/Egypt/Cities/DahabAttractions.swift (in target 'TravelTap' from project 'TravelTap')
    cd /Users/erders/Documents/TravelTap
    

SwiftCompile normal arm64 /Users/erders/Documents/TravelTap/TravelTap/Data/Countries/Africa/NorthAfrica/Egypt/Cities/SharmElSheikhAttractions.swift (in target 'TravelTap' from project 'TravelTap')
    cd /Users/erders/Documents/TravelTap
    

SwiftCompile normal arm64 /Users/erders/Documents/TravelTap/TravelTap/Data/Countries/Africa/NorthAfrica/Egypt/Cities/DenderaAbydosAttractions.swift (in target 'TravelTap' from project 'TravelTap')
    cd /Users/erders/Documents/TravelTap
    

SwiftCompile normal arm64 /Users/erders/Documents/TravelTap/TravelTap/Data/Countries/Africa/NorthAfrica/Egypt/Cities/AlexandriaAttractions.swift (in target 'TravelTap' from project 'TravelTap')
    cd /Users/erders/Documents/TravelTap
    

SwiftCompile normal arm64 /Users/erders/Documents/TravelTap/TravelTap/Data/Countries/Africa/NorthAfrica/Egypt/Cities/CairoAttractions.swift (in target 'TravelTap' from project 'TravelTap')
    cd /Users/erders/Documents/TravelTap
    

SwiftCompile normal arm64 /Users/erders/Documents/TravelTap/TravelTap/Data/Countries/Africa/NorthAfrica/Egypt/Cities/SaqqaraAttractions.swift (in target 'TravelTap' from project 'TravelTap')
    cd /Users/erders/Documents/TravelTap
    

SwiftCompile normal arm64 /Users/erders/Documents/TravelTap/TravelTap/Data/Countries/Africa/NorthAfrica/Egypt/Cities/FayoumAttractions.swift (in target 'TravelTap' from project 'TravelTap')
    cd /Users/erders/Documents/TravelTap
    

SwiftCompile normal arm64 /Users/erders/Documents/TravelTap/TravelTap/Data/Countries/Africa/NorthAfrica/Egypt/Cities/LuxorAttractions.swift (in target 'TravelTap' from project 'TravelTap')
    cd /Users/erders/Documents/TravelTap
    

SwiftCompile normal arm64 /Users/erders/Documents/TravelTap/TravelTap/Data/Countries/Africa/NorthAfrica/Egypt/Cities/AbuSimbelAttractions.swift (in target 'TravelTap' from project 'TravelTap')
    cd /Users/erders/Documents/TravelTap
    

SwiftCompile normal arm64 /Users/erders/Documents/TravelTap/TravelTap/Data/Countries/Africa/NorthAfrica/Egypt/Cities/AswanAttractions.swift (in target 'TravelTap' from project 'TravelTap')
    cd /Users/erders/Documents/TravelTap
    

SwiftCompile normal arm64 /Users/erders/Documents/TravelTap/TravelTap/Data/Countries/Africa/NorthAfrica/Egypt/Cities/SiwaAttractions.swift (in target 'TravelTap' from project 'TravelTap')
    cd /Users/erders/Documents/TravelTap
    

SwiftCompile normal arm64 /Users/erders/Documents/TravelTap/TravelTap/Data/Countries/Africa/NorthAfrica/Egypt/Cities/EdfuKomOmboAttractions.swift (in target 'TravelTap' from project 'TravelTap')
    cd /Users/erders/Documents/TravelTap
    

SwiftCompile normal arm64 /Users/erders/Documents/TravelTap/TravelTap/Data/Countries/Africa/NorthAfrica/Egypt/Cities/BahariyaFarafraAttractions.swift (in target 'TravelTap' from project 'TravelTap')
    cd /Users/erders/Documents/TravelTap
    

SwiftCompile normal arm64 /Users/erders/Documents/TravelTap/TravelTap/Data/Countries/Africa/NorthAfrica/Egypt/Cities/SinaiAttractions.swift (in target 'TravelTap' from project 'TravelTap')
    cd /Users/erders/Documents/TravelTap
    

SwiftCompile normal arm64 /Users/erders/Documents/TravelTap/TravelTap/Data/Countries/Africa/NorthAfrica/Egypt/Cities/HurghadaAttractions.swift (in target 'TravelTap' from project 'TravelTap')
    cd /Users/erders/Documents/TravelTap
    

SwiftCompile normal arm64 /Users/erders/Documents/TravelTap/TravelTap/Data/Countries/Africa/NorthAfrica/Tunisia/Cities/TunisAttractions.swift (in target 'TravelTap' from project 'TravelTap')
    cd /Users/erders/Documents/TravelTap
    

SwiftCompile normal arm64 /Users/erders/Documents/TravelTap/TravelTap/Data/Countries/Africa/NorthAfrica/Tunisia/Cities/CarthageAttractions.swift (in target 'TravelTap' from project 'TravelTap')
    cd /Users/erders/Documents/TravelTap
    

SwiftCompile normal arm64 /Users/erders/Documents/TravelTap/TravelTap/Data/Countries/Africa/NorthAfrica/Tunisia/Cities/SidiBouSaidAttractions.swift (in target 'TravelTap' from project 'TravelTap')
    cd /Users/erders/Documents/TravelTap
    

SwiftCompile normal arm64 /Users/erders/Documents/TravelTap/TravelTap/Data/Countries/Africa/NorthAfrica/Tunisia/Cities/KairouanAttractions.swift (in target 'TravelTap' from project 'TravelTap')
    cd /Users/erders/Documents/TravelTap
    

SwiftCompile normal arm64 /Users/erders/Documents/TravelTap/TravelTap/Data/Countries/Africa/NorthAfrica/Tunisia/Cities/SousseAttractions.swift (in target 'TravelTap' from project 'TravelTap')
    cd /Users/erders/Documents/TravelTap
    

SwiftCompile normal arm64 /Users/erders/Documents/TravelTap/TravelTap/Data/Countries/Africa/NorthAfrica/Tunisia/Cities/HammametAttractions.swift (in target 'TravelTap' from project 'TravelTap')
    cd /Users/erders/Documents/TravelTap
    

SwiftCompile normal arm64 /Users/erders/Documents/TravelTap/TravelTap/Data/Countries/Africa/NorthAfrica/Tunisia/Cities/DjerbaAttractions.swift (in target 'TravelTap' from project 'TravelTap')
    cd /Users/erders/Documents/TravelTap
    

SwiftDriverJobDiscovery normal arm64 Compiling ErbilAttractions.swift, IraqPackage.swift, HaifaAttractions.swift, TelAvivAttractions.swift, IsraelPackage.swift, AmmanAttractions.swift, PetraAttractions.swift, JordanPackage.swift, KuwaitCityAttractions.swift, KuwaitPackage.swift, BeirutAttractions.swift, LebanonPackage.swift, MuscatAttractions.swift, OmanPackage.swift, DohaAttractions.swift, QatarPackage.swift, JeddahAttractions.swift, RiyadhAttractions.swift, SaudiArabiaPackage.swift, DamascusAttractions.swift, SyriaPackage.swift, AbuDhabiAttractions.swift, DubaiAttractions.swift, UAEPackage.swift, BangladeshPackage.swift (in target 'TravelTap' from project 'TravelTap')

SwiftCompile normal arm64 Compiling\ LaRiojaAttractions.swift,\ GijonAttractions.swift,\ SalamancaAttractions.swift,\ BurgosAttractions.swift,\ RondaAttractions.swift,\ CadizAttractions.swift,\ MarbellaAttractions.swift,\ OviedoAttractions.swift,\ ZaragozaAttractions.swift,\ IbizaAttractions.swift,\ SegoviaAttractions.swift,\ SantanderAttractions.swift,\ SantiagoDeCompostelaAttractions.swift,\ TarragonaAttractions.swift,\ MalagaAttractions.swift,\ LeonAttractions.swift,\ ESPMeridaAttractions.swift,\ ESPCuencaAttractions.swift,\ ESPLeonAttractions.swift,\ CuencaAttractions.swift,\ MeridaAttractions.swift,\ PalermoAttractions.swift,\ AssisiAttractions.swift,\ ParmaAttractions.swift,\ AgrigentoAttractions.swift /Users/erders/Documents/TravelTap/TravelTap/Data/Countries/Europe/Spain/Cities/LaRiojaAttractions.swift /Users/erders/Documents/TravelTap/TravelTap/Data/Countries/Europe/Spain/Cities/GijonAttractions.swift /Users/erders/Documents/TravelTap/TravelTap/Data/Countries/Europe/Spain/Cities/SalamancaAttractions.swift /Users/erders/Documents/TravelTap/TravelTap/Data/Countries/Europe/Spain/Cities/BurgosAttractions.swift /Users/erders/Documents/TravelTap/TravelTap/Data/Countries/Europe/Spain/Cities/RondaAttractions.swift /Users/erders/Documents/TravelTap/TravelTap/Data/Countries/Europe/Spain/Cities/CadizAttractions.swift /Users/erders/Documents/TravelTap/TravelTap/Data/Countries/Europe/Spain/Cities/MarbellaAttractions.swift /Users/erders/Documents/TravelTap/TravelTap/Data/Countries/Europe/Spain/Cities/OviedoAttractions.swift /Users/erders/Documents/TravelTap/TravelTap/Data/Countries/Europe/Spain/Cities/ZaragozaAttractions.swift /Users/erders/Documents/TravelTap/TravelTap/Data/Countries/Europe/Spain/Cities/IbizaAttractions.swift /Users/erders/Documents/TravelTap/TravelTap/Data/Countries/Europe/Spain/Cities/SegoviaAttractions.swift /Users/erders/Documents/TravelTap/TravelTap/Data/Countries/Europe/Spain/Cities/SantanderAttractions.swift /Users/erders/Documents/TravelTap/TravelTap/Data/Countries/Europe/Spain/Cities/SantiagoDeCompostelaAttractions.swift /Users/erders/Documents/TravelTap/TravelTap/Data/Countries/Europe/Spain/Cities/TarragonaAttractions.swift /Users/erders/Documents/TravelTap/TravelTap/Data/Countries/Europe/Spain/Cities/MalagaAttractions.swift /Users/erders/Documents/TravelTap/TravelTap/Data/Countries/CentralAmerica/Nicaragua/Cities/LeonAttractions.swift /Users/erders/Documents/TravelTap/TravelTap/Data/Countries/Europe/Spain/Cities/ESPMeridaAttractions.swift /Users/erders/Documents/TravelTap/TravelTap/Data/Countries/Europe/Spain/Cities/ESPCuencaAttractions.swift /Users/erders/Documents/TravelTap/TravelTap/Data/Countries/Europe/Spain/Cities/ESPLeonAttractions.swift /Users/erders/Documents/TravelTap/TravelTap/Data/Countries/SouthAmerica/Ecuador/Cities/CuencaAttractions.swift /Users/erders/Documents/TravelTap/TravelTap/Data/Countries/SouthAmerica/Venezuela/Cities/MeridaAttractions.swift /Users/erders/Documents/TravelTap/TravelTap/Data/Countries/Europe/Italy/Cities/PalermoAttractions.swift /Users/erders/Documents/TravelTap/TravelTap/Data/Countries/Europe/Italy/Cities/AssisiAttractions.swift /Users/erders/Documents/TravelTap/TravelTap/Data/Countries/Europe/Italy/Cities/ParmaAttractions.swift /Users/erders/Documents/TravelTap/TravelTap/Data/Countries/Europe/Italy/Cities/AgrigentoAttractions.swift (in target 'TravelTap' from project 'TravelTap')

SwiftCompile normal arm64 /Users/erders/Documents/TravelTap/TravelTap/Data/Countries/Europe/Spain/Cities/LaRiojaAttractions.swift (in target 'TravelTap' from project 'TravelTap')
    cd /Users/erders/Documents/TravelTap
    

SwiftCompile normal arm64 /Users/erders/Documents/TravelTap/TravelTap/Data/Countries/Europe/Spain/Cities/GijonAttractions.swift (in target 'TravelTap' from project 'TravelTap')
    cd /Users/erders/Documents/TravelTap
    

SwiftCompile normal arm64 /Users/erders/Documents/TravelTap/TravelTap/Data/Countries/Europe/Spain/Cities/SalamancaAttractions.swift (in target 'TravelTap' from project 'TravelTap')
    cd /Users/erders/Documents/TravelTap
    

SwiftCompile normal arm64 /Users/erders/Documents/TravelTap/TravelTap/Data/Countries/Europe/Spain/Cities/BurgosAttractions.swift (in target 'TravelTap' from project 'TravelTap')
    cd /Users/erders/Documents/TravelTap
    

SwiftCompile normal arm64 /Users/erders/Documents/TravelTap/TravelTap/Data/Countries/Europe/Spain/Cities/RondaAttractions.swift (in target 'TravelTap' from project 'TravelTap')
    cd /Users/erders/Documents/TravelTap
    

SwiftCompile normal arm64 /Users/erders/Documents/TravelTap/TravelTap/Data/Countries/Europe/Spain/Cities/CadizAttractions.swift (in target 'TravelTap' from project 'TravelTap')
    cd /Users/erders/Documents/TravelTap
    

SwiftCompile normal arm64 /Users/erders/Documents/TravelTap/TravelTap/Data/Countries/Europe/Spain/Cities/MarbellaAttractions.swift (in target 'TravelTap' from project 'TravelTap')
    cd /Users/erders/Documents/TravelTap
    

SwiftCompile normal arm64 /Users/erders/Documents/TravelTap/TravelTap/Data/Countries/Europe/Spain/Cities/OviedoAttractions.swift (in target 'TravelTap' from project 'TravelTap')
    cd /Users/erders/Documents/TravelTap
    

SwiftCompile normal arm64 /Users/erders/Documents/TravelTap/TravelTap/Data/Countries/Europe/Spain/Cities/ZaragozaAttractions.swift (in target 'TravelTap' from project 'TravelTap')
    cd /Users/erders/Documents/TravelTap
    

SwiftCompile normal arm64 /Users/erders/Documents/TravelTap/TravelTap/Data/Countries/Europe/Spain/Cities/IbizaAttractions.swift (in target 'TravelTap' from project 'TravelTap')
    cd /Users/erders/Documents/TravelTap
    

SwiftCompile normal arm64 /Users/erders/Documents/TravelTap/TravelTap/Data/Countries/Europe/Spain/Cities/SegoviaAttractions.swift (in target 'TravelTap' from project 'TravelTap')
    cd /Users/erders/Documents/TravelTap
    

SwiftCompile normal arm64 /Users/erders/Documents/TravelTap/TravelTap/Data/Countries/Europe/Spain/Cities/SantanderAttractions.swift (in target 'TravelTap' from project 'TravelTap')
    cd /Users/erders/Documents/TravelTap
    

SwiftCompile normal arm64 /Users/erders/Documents/TravelTap/TravelTap/Data/Countries/Europe/Spain/Cities/SantiagoDeCompostelaAttractions.swift (in target 'TravelTap' from project 'TravelTap')
    cd /Users/erders/Documents/TravelTap
    

SwiftCompile normal arm64 /Users/erders/Documents/TravelTap/TravelTap/Data/Countries/Europe/Spain/Cities/TarragonaAttractions.swift (in target 'TravelTap' from project 'TravelTap')
    cd /Users/erders/Documents/TravelTap
    

SwiftCompile normal arm64 /Users/erders/Documents/TravelTap/TravelTap/Data/Countries/Europe/Spain/Cities/MalagaAttractions.swift (in target 'TravelTap' from project 'TravelTap')
    cd /Users/erders/Documents/TravelTap
    

SwiftCompile normal arm64 /Users/erders/Documents/TravelTap/TravelTap/Data/Countries/CentralAmerica/Nicaragua/Cities/LeonAttractions.swift (in target 'TravelTap' from project 'TravelTap')
    cd /Users/erders/Documents/TravelTap
    

SwiftCompile normal arm64 /Users/erders/Documents/TravelTap/TravelTap/Data/Countries/Europe/Spain/Cities/ESPMeridaAttractions.swift (in target 'TravelTap' from project 'TravelTap')
    cd /Users/erders/Documents/TravelTap
    

SwiftCompile normal arm64 /Users/erders/Documents/TravelTap/TravelTap/Data/Countries/Europe/Spain/Cities/ESPCuencaAttractions.swift (in target 'TravelTap' from project 'TravelTap')
    cd /Users/erders/Documents/TravelTap
    

SwiftCompile normal arm64 /Users/erders/Documents/TravelTap/TravelTap/Data/Countries/Europe/Spain/Cities/ESPLeonAttractions.swift (in target 'TravelTap' from project 'TravelTap')
    cd /Users/erders/Documents/TravelTap
    

SwiftCompile normal arm64 /Users/erders/Documents/TravelTap/TravelTap/Data/Countries/SouthAmerica/Ecuador/Cities/CuencaAttractions.swift (in target 'TravelTap' from project 'TravelTap')
    cd /Users/erders/Documents/TravelTap
    

SwiftCompile normal arm64 /Users/erders/Documents/TravelTap/TravelTap/Data/Countries/SouthAmerica/Venezuela/Cities/MeridaAttractions.swift (in target 'TravelTap' from project 'TravelTap')
    cd /Users/erders/Documents/TravelTap
    

SwiftCompile normal arm64 /Users/erders/Documents/TravelTap/TravelTap/Data/Countries/Europe/Italy/Cities/PalermoAttractions.swift (in target 'TravelTap' from project 'TravelTap')
    cd /Users/erders/Documents/TravelTap
    

SwiftCompile normal arm64 /Users/erders/Documents/TravelTap/TravelTap/Data/Countries/Europe/Italy/Cities/AssisiAttractions.swift (in target 'TravelTap' from project 'TravelTap')
    cd /Users/erders/Documents/TravelTap
    

SwiftCompile normal arm64 /Users/erders/Documents/TravelTap/TravelTap/Data/Countries/Europe/Italy/Cities/ParmaAttractions.swift (in target 'TravelTap' from project 'TravelTap')
    cd /Users/erders/Documents/TravelTap
    

SwiftCompile normal arm64 /Users/erders/Documents/TravelTap/TravelTap/Data/Countries/Europe/Italy/Cities/AgrigentoAttractions.swift (in target 'TravelTap' from project 'TravelTap')
    cd /Users/erders/Documents/TravelTap
    

SwiftDriverJobDiscovery normal arm64 Compiling ObidosAttractions.swift, TomarAttractions.swift, GuimaraesAttractions.swift, VianaDoCasteloAttractions.swift, MadeiraAttractions.swift, CascaisAttractions.swift, AveiroAttractions.swift, NotablePlacesPortugalAttractions.swift, AzoresAttractions.swift, EvoraAttractions.swift, BragaAttractions.swift, BatalhaAttractions.swift, NazareAttractions.swift, GiethoornAttractions.swift, AlkmaarAttractions.swift, KeukenhofAttractions.swift, MaastrichtAttractions.swift, LeidenAttractions.swift, ArnhemAttractions.swift, DelftAttractions.swift, MiddelburgAttractions.swift, DenBoschAttractions.swift, NijmegenAttractions.swift, TexelAttractions.swift, ZwolleAttractions.swift (in target 'TravelTap' from project 'TravelTap')

SwiftCompile normal arm64 Compiling\ TorunAttractions.swift,\ LodzAttractions.swift,\ LublinAttractions.swift,\ ZakopaneAttractions.swift,\ TatraMountainsAttractions.swift,\ MalborkAttractions.swift,\ CzestochowaAttractions.swift,\ AuschwitzBirkenauAttractions.swift,\ BialowiezaAttractions.swift,\ BieszczadyMountainsAttractions.swift,\ MasurianLakesAttractions.swift,\ SzczecinAttractions.swift,\ KatowiceAttractions.swift,\ WoodenChurchesAttractions.swift,\ KalwariaZebrzydowskaAttractions.swift,\ ZamoscAttractions.swift,\ AlgarveAttractions.swift,\ CoimbraAttractions.swift,\ LisbonAttractions.swift,\ PortoAttractions.swift,\ SintraAttractions.swift,\ PortugalPackage.swift,\ BrasovAttractions.swift,\ BucharestAttractions.swift,\ ClujNapocaAttractions.swift /Users/erders/Documents/TravelTap/TravelTap/Data/Countries/Europe/Poland/Cities/TorunAttractions.swift /Users/erders/Documents/TravelTap/TravelTap/Data/Countries/Europe/Poland/Cities/LodzAttractions.swift /Users/erders/Documents/TravelTap/TravelTap/Data/Countries/Europe/Poland/Cities/LublinAttractions.swift /Users/erders/Documents/TravelTap/TravelTap/Data/Countries/Europe/Poland/Cities/ZakopaneAttractions.swift /Users/erders/Documents/TravelTap/TravelTap/Data/Countries/Europe/Poland/Cities/TatraMountainsAttractions.swift /Users/erders/Documents/TravelTap/TravelTap/Data/Countries/Europe/Poland/Cities/MalborkAttractions.swift /Users/erders/Documents/TravelTap/TravelTap/Data/Countries/Europe/Poland/Cities/CzestochowaAttractions.swift /Users/erders/Documents/TravelTap/TravelTap/Data/Countries/Europe/Poland/Cities/AuschwitzBirkenauAttractions.swift /Users/erders/Documents/TravelTap/TravelTap/Data/Countries/Europe/Poland/Cities/BialowiezaAttractions.swift /Users/erders/Documents/TravelTap/TravelTap/Data/Countries/Europe/Poland/Cities/BieszczadyMountainsAttractions.swift /Users/erders/Documents/TravelTap/TravelTap/Data/Countries/Europe/Poland/Cities/MasurianLakesAttractions.swift /Users/erders/Documents/TravelTap/TravelTap/Data/Countries/Europe/Poland/Cities/SzczecinAttractions.swift /Users/erders/Documents/TravelTap/TravelTap/Data/Countries/Europe/Poland/Cities/KatowiceAttractions.swift /Users/erders/Documents/TravelTap/TravelTap/Data/Countries/Europe/Poland/Cities/WoodenChurchesAttractions.swift /Users/erders/Documents/TravelTap/TravelTap/Data/Countries/Europe/Poland/Cities/KalwariaZebrzydowskaAttractions.swift /Users/erders/Documents/TravelTap/TravelTap/Data/Countries/Europe/Poland/Cities/ZamoscAttractions.swift /Users/erders/Documents/TravelTap/TravelTap/Data/Countries/Europe/Portugal/Cities/AlgarveAttractions.swift /Users/erders/Documents/TravelTap/TravelTap/Data/Countries/Europe/Portugal/Cities/CoimbraAttractions.swift /Users/erders/Documents/TravelTap/TravelTap/Data/Countries/Europe/Portugal/Cities/LisbonAttractions.swift /Users/erders/Documents/TravelTap/TravelTap/Data/Countries/Europe/Portugal/Cities/PortoAttractions.swift /Users/erders/Documents/TravelTap/TravelTap/Data/Countries/Europe/Portugal/Cities/SintraAttractions.swift /Users/erders/Documents/TravelTap/TravelTap/Data/Countries/Europe/Portugal/PortugalPackage.swift /Users/erders/Documents/TravelTap/TravelTap/Data/Countries/Europe/Romania/Cities/BrasovAttractions.swift /Users/erders/Documents/TravelTap/TravelTap/Data/Countries/Europe/Romania/Cities/BucharestAttractions.swift /Users/erders/Documents/TravelTap/TravelTap/Data/Countries/Europe/Romania/Cities/ClujNapocaAttractions.swift (in target 'TravelTap' from project 'TravelTap')

SwiftCompile normal arm64 /Users/erders/Documents/TravelTap/TravelTap/Data/Countries/Europe/Poland/Cities/TorunAttractions.swift (in target 'TravelTap' from project 'TravelTap')
    cd /Users/erders/Documents/TravelTap
    

SwiftCompile normal arm64 /Users/erders/Documents/TravelTap/TravelTap/Data/Countries/Europe/Poland/Cities/LodzAttractions.swift (in target 'TravelTap' from project 'TravelTap')
    cd /Users/erders/Documents/TravelTap
    

SwiftCompile normal arm64 /Users/erders/Documents/TravelTap/TravelTap/Data/Countries/Europe/Poland/Cities/LublinAttractions.swift (in target 'TravelTap' from project 'TravelTap')
    cd /Users/erders/Documents/TravelTap
    

SwiftCompile normal arm64 /Users/erders/Documents/TravelTap/TravelTap/Data/Countries/Europe/Poland/Cities/ZakopaneAttractions.swift (in target 'TravelTap' from project 'TravelTap')
    cd /Users/erders/Documents/TravelTap
    

SwiftCompile normal arm64 /Users/erders/Documents/TravelTap/TravelTap/Data/Countries/Europe/Poland/Cities/TatraMountainsAttractions.swift (in target 'TravelTap' from project 'TravelTap')
    cd /Users/erders/Documents/TravelTap
    

SwiftCompile normal arm64 /Users/erders/Documents/TravelTap/TravelTap/Data/Countries/Europe/Poland/Cities/MalborkAttractions.swift (in target 'TravelTap' from project 'TravelTap')
    cd /Users/erders/Documents/TravelTap
    

SwiftCompile normal arm64 /Users/erders/Documents/TravelTap/TravelTap/Data/Countries/Europe/Poland/Cities/CzestochowaAttractions.swift (in target 'TravelTap' from project 'TravelTap')
    cd /Users/erders/Documents/TravelTap
    

SwiftCompile normal arm64 /Users/erders/Documents/TravelTap/TravelTap/Data/Countries/Europe/Poland/Cities/AuschwitzBirkenauAttractions.swift (in target 'TravelTap' from project 'TravelTap')
    cd /Users/erders/Documents/TravelTap
    

SwiftCompile normal arm64 /Users/erders/Documents/TravelTap/TravelTap/Data/Countries/Europe/Poland/Cities/BialowiezaAttractions.swift (in target 'TravelTap' from project 'TravelTap')
    cd /Users/erders/Documents/TravelTap
    

SwiftCompile normal arm64 /Users/erders/Documents/TravelTap/TravelTap/Data/Countries/Europe/Poland/Cities/BieszczadyMountainsAttractions.swift (in target 'TravelTap' from project 'TravelTap')
    cd /Users/erders/Documents/TravelTap
    

SwiftCompile normal arm64 /Users/erders/Documents/TravelTap/TravelTap/Data/Countries/Europe/Poland/Cities/MasurianLakesAttractions.swift (in target 'TravelTap' from project 'TravelTap')
    cd /Users/erders/Documents/TravelTap
    

SwiftCompile normal arm64 /Users/erders/Documents/TravelTap/TravelTap/Data/Countries/Europe/Poland/Cities/SzczecinAttractions.swift (in target 'TravelTap' from project 'TravelTap')
    cd /Users/erders/Documents/TravelTap
    

SwiftCompile normal arm64 /Users/erders/Documents/TravelTap/TravelTap/Data/Countries/Europe/Poland/Cities/KatowiceAttractions.swift (in target 'TravelTap' from project 'TravelTap')
    cd /Users/erders/Documents/TravelTap
    

SwiftCompile normal arm64 /Users/erders/Documents/TravelTap/TravelTap/Data/Countries/Europe/Poland/Cities/WoodenChurchesAttractions.swift (in target 'TravelTap' from project 'TravelTap')
    cd /Users/erders/Documents/TravelTap
    

SwiftCompile normal arm64 /Users/erders/Documents/TravelTap/TravelTap/Data/Countries/Europe/Poland/Cities/KalwariaZebrzydowskaAttractions.swift (in target 'TravelTap' from project 'TravelTap')
    cd /Users/erders/Documents/TravelTap
    

SwiftCompile normal arm64 /Users/erders/Documents/TravelTap/TravelTap/Data/Countries/Europe/Poland/Cities/ZamoscAttractions.swift (in target 'TravelTap' from project 'TravelTap')
    cd /Users/erders/Documents/TravelTap
    

SwiftCompile normal arm64 /Users/erders/Documents/TravelTap/TravelTap/Data/Countries/Europe/Portugal/Cities/AlgarveAttractions.swift (in target 'TravelTap' from project 'TravelTap')
    cd /Users/erders/Documents/TravelTap
    

SwiftCompile normal arm64 /Users/erders/Documents/TravelTap/TravelTap/Data/Countries/Europe/Portugal/Cities/CoimbraAttractions.swift (in target 'TravelTap' from project 'TravelTap')
    cd /Users/erders/Documents/TravelTap
    

SwiftCompile normal arm64 /Users/erders/Documents/TravelTap/TravelTap/Data/Countries/Europe/Portugal/Cities/LisbonAttractions.swift (in target 'TravelTap' from project 'TravelTap')
    cd /Users/erders/Documents/TravelTap
    

SwiftCompile normal arm64 /Users/erders/Documents/TravelTap/TravelTap/Data/Countries/Europe/Portugal/Cities/PortoAttractions.swift (in target 'TravelTap' from project 'TravelTap')
    cd /Users/erders/Documents/TravelTap
    

SwiftCompile normal arm64 /Users/erders/Documents/TravelTap/TravelTap/Data/Countries/Europe/Portugal/Cities/SintraAttractions.swift (in target 'TravelTap' from project 'TravelTap')
    cd /Users/erders/Documents/TravelTap
    

SwiftCompile normal arm64 /Users/erders/Documents/TravelTap/TravelTap/Data/Countries/Europe/Portugal/PortugalPackage.swift (in target 'TravelTap' from project 'TravelTap')
    cd /Users/erders/Documents/TravelTap
    

SwiftCompile normal arm64 /Users/erders/Documents/TravelTap/TravelTap/Data/Countries/Europe/Romania/Cities/BrasovAttractions.swift (in target 'TravelTap' from project 'TravelTap')
    cd /Users/erders/Documents/TravelTap
    

SwiftCompile normal arm64 /Users/erders/Documents/TravelTap/TravelTap/Data/Countries/Europe/Romania/Cities/BucharestAttractions.swift (in target 'TravelTap' from project 'TravelTap')
    cd /Users/erders/Documents/TravelTap
    

SwiftCompile normal arm64 /Users/erders/Documents/TravelTap/TravelTap/Data/Countries/Europe/Romania/Cities/ClujNapocaAttractions.swift (in target 'TravelTap' from project 'TravelTap')
    cd /Users/erders/Documents/TravelTap
    

SwiftDriverJobDiscovery normal arm64 Compiling NyangaAttractions.swift, ChimanimaniAttractions.swift, HwangeAttractions.swift, LakeKaribaAttractions.swift, AntelopeParkGweruAttractions.swift, MatoboHillsAttractions.swift, ChizariraAttractions.swift, VictoriaFallsAttractions.swift, GonarezhouAttractions.swift, VumbaMutareAttractions.swift, MavuradonhaAttractions.swift, ManaPoolsAttractions.swift, KigomaLakeTanganyikaAttractions.swift, MikumiAttractions.swift, UsambaraMountainsAttractions.swift, MwanzaLakeVictoriaAttractions.swift, RuahaAttractions.swift, UdzungwaAttractions.swift, KondoaAttractions.swift, GombeAttractions.swift, MahaleAttractions.swift, BagamoyoAttractions.swift, LakeManyaraAttractions.swift, MoshiAttractions.swift (in target 'TravelTap' from project 'TravelTap')

SwiftCompile normal arm64 Compiling\ LakeDistrictAttractions.swift,\ WinchesterAttractions.swift,\ CoventryAttractions.swift,\ LincolnAttractions.swift,\ NorthYorkshireAttractions.swift,\ SheffieldAttractions.swift,\ SalisburyAttractions.swift,\ CornwallAttractions.swift,\ YorkAttractions.swift,\ NewcastleAttractions.swift,\ DevonAttractions.swift,\ LeicesterAttractions.swift,\ CanterburyAttractions.swift,\ ChesterAttractions.swift,\ CotswoldsAttractions.swift,\ NottinghamAttractions.swift,\ DenverAttractions.swift,\ DetroitAttractions.swift,\ AustinAttractions.swift,\ MinneapolisAttractions.swift,\ PhoenixAttractions.swift,\ SanAntonioAttractions.swift,\ EdmontonAttractions.swift,\ CalgaryAttractions.swift,\ NiagaraFallsCanadaAttractions.swift /Users/erders/Documents/TravelTap/TravelTap/Data/Countries/Europe/England/Cities/LakeDistrictAttractions.swift /Users/erders/Documents/TravelTap/TravelTap/Data/Countries/Europe/England/Cities/WinchesterAttractions.swift /Users/erders/Documents/TravelTap/TravelTap/Data/Countries/Europe/England/Cities/CoventryAttractions.swift /Users/erders/Documents/TravelTap/TravelTap/Data/Countries/Europe/England/Cities/LincolnAttractions.swift /Users/erders/Documents/TravelTap/TravelTap/Data/Countries/Europe/England/Cities/NorthYorkshireAttractions.swift /Users/erders/Documents/TravelTap/TravelTap/Data/Countries/Europe/England/Cities/SheffieldAttractions.swift /Users/erders/Documents/TravelTap/TravelTap/Data/Countries/Europe/England/Cities/SalisburyAttractions.swift /Users/erders/Documents/TravelTap/TravelTap/Data/Countries/Europe/England/Cities/CornwallAttractions.swift /Users/erders/Documents/TravelTap/TravelTap/Data/Countries/Europe/England/Cities/YorkAttractions.swift /Users/erders/Documents/TravelTap/TravelTap/Data/Countries/Europe/England/Cities/NewcastleAttractions.swift /Users/erders/Documents/TravelTap/TravelTap/Data/Countries/Europe/England/Cities/DevonAttractions.swift /Users/erders/Documents/TravelTap/TravelTap/Data/Countries/Europe/England/Cities/LeicesterAttractions.swift /Users/erders/Documents/TravelTap/TravelTap/Data/Countries/Europe/England/Cities/CanterburyAttractions.swift /Users/erders/Documents/TravelTap/TravelTap/Data/Countries/Europe/England/Cities/ChesterAttractions.swift /Users/erders/Documents/TravelTap/TravelTap/Data/Countries/Europe/England/Cities/CotswoldsAttractions.swift /Users/erders/Documents/TravelTap/TravelTap/Data/Countries/Europe/England/Cities/NottinghamAttractions.swift /Users/erders/Documents/TravelTap/TravelTap/Data/Countries/NorthAmerica/USA/Cities/DenverAttractions.swift /Users/erders/Documents/TravelTap/TravelTap/Data/Countries/NorthAmerica/USA/Cities/DetroitAttractions.swift /Users/erders/Documents/TravelTap/TravelTap/Data/Countries/NorthAmerica/USA/Cities/AustinAttractions.swift /Users/erders/Documents/TravelTap/TravelTap/Data/Countries/NorthAmerica/USA/Cities/MinneapolisAttractions.swift /Users/erders/Documents/TravelTap/TravelTap/Data/Countries/NorthAmerica/USA/Cities/PhoenixAttractions.swift /Users/erders/Documents/TravelTap/TravelTap/Data/Countries/NorthAmerica/USA/Cities/SanAntonioAttractions.swift /Users/erders/Documents/TravelTap/TravelTap/Data/Countries/NorthAmerica/Canada/Cities/EdmontonAttractions.swift /Users/erders/Documents/TravelTap/TravelTap/Data/Countries/NorthAmerica/Canada/Cities/CalgaryAttractions.swift /Users/erders/Documents/TravelTap/TravelTap/Data/Countries/NorthAmerica/Canada/Cities/NiagaraFallsCanadaAttractions.swift (in target 'TravelTap' from project 'TravelTap')

SwiftCompile normal arm64 /Users/erders/Documents/TravelTap/TravelTap/Data/Countries/Europe/England/Cities/LakeDistrictAttractions.swift (in target 'TravelTap' from project 'TravelTap')
    cd /Users/erders/Documents/TravelTap
    

SwiftCompile normal arm64 /Users/erders/Documents/TravelTap/TravelTap/Data/Countries/Europe/England/Cities/WinchesterAttractions.swift (in target 'TravelTap' from project 'TravelTap')
    cd /Users/erders/Documents/TravelTap
    

SwiftCompile normal arm64 /Users/erders/Documents/TravelTap/TravelTap/Data/Countries/Europe/England/Cities/CoventryAttractions.swift (in target 'TravelTap' from project 'TravelTap')
    cd /Users/erders/Documents/TravelTap
    

SwiftCompile normal arm64 /Users/erders/Documents/TravelTap/TravelTap/Data/Countries/Europe/England/Cities/LincolnAttractions.swift (in target 'TravelTap' from project 'TravelTap')
    cd /Users/erders/Documents/TravelTap
    

SwiftCompile normal arm64 /Users/erders/Documents/TravelTap/TravelTap/Data/Countries/Europe/England/Cities/NorthYorkshireAttractions.swift (in target 'TravelTap' from project 'TravelTap')
    cd /Users/erders/Documents/TravelTap
    

SwiftCompile normal arm64 /Users/erders/Documents/TravelTap/TravelTap/Data/Countries/Europe/England/Cities/SheffieldAttractions.swift (in target 'TravelTap' from project 'TravelTap')
    cd /Users/erders/Documents/TravelTap
    

SwiftCompile normal arm64 /Users/erders/Documents/TravelTap/TravelTap/Data/Countries/Europe/England/Cities/SalisburyAttractions.swift (in target 'TravelTap' from project 'TravelTap')
    cd /Users/erders/Documents/TravelTap
    

SwiftCompile normal arm64 /Users/erders/Documents/TravelTap/TravelTap/Data/Countries/Europe/England/Cities/CornwallAttractions.swift (in target 'TravelTap' from project 'TravelTap')
    cd /Users/erders/Documents/TravelTap
    

SwiftCompile normal arm64 /Users/erders/Documents/TravelTap/TravelTap/Data/Countries/Europe/England/Cities/YorkAttractions.swift (in target 'TravelTap' from project 'TravelTap')
    cd /Users/erders/Documents/TravelTap
    

SwiftCompile normal arm64 /Users/erders/Documents/TravelTap/TravelTap/Data/Countries/Europe/England/Cities/NewcastleAttractions.swift (in target 'TravelTap' from project 'TravelTap')
    cd /Users/erders/Documents/TravelTap
    

SwiftCompile normal arm64 /Users/erders/Documents/TravelTap/TravelTap/Data/Countries/Europe/England/Cities/DevonAttractions.swift (in target 'TravelTap' from project 'TravelTap')
    cd /Users/erders/Documents/TravelTap
    

SwiftCompile normal arm64 /Users/erders/Documents/TravelTap/TravelTap/Data/Countries/Europe/England/Cities/LeicesterAttractions.swift (in target 'TravelTap' from project 'TravelTap')
    cd /Users/erders/Documents/TravelTap
    

SwiftCompile normal arm64 /Users/erders/Documents/TravelTap/TravelTap/Data/Countries/Europe/England/Cities/CanterburyAttractions.swift (in target 'TravelTap' from project 'TravelTap')
    cd /Users/erders/Documents/TravelTap
    

SwiftCompile normal arm64 /Users/erders/Documents/TravelTap/TravelTap/Data/Countries/Europe/England/Cities/ChesterAttractions.swift (in target 'TravelTap' from project 'TravelTap')
    cd /Users/erders/Documents/TravelTap
    

SwiftCompile normal arm64 /Users/erders/Documents/TravelTap/TravelTap/Data/Countries/Europe/England/Cities/CotswoldsAttractions.swift (in target 'TravelTap' from project 'TravelTap')
    cd /Users/erders/Documents/TravelTap
    

SwiftCompile normal arm64 /Users/erders/Documents/TravelTap/TravelTap/Data/Countries/Europe/England/Cities/NottinghamAttractions.swift (in target 'TravelTap' from project 'TravelTap')
    cd /Users/erders/Documents/TravelTap
    

SwiftCompile normal arm64 /Users/erders/Documents/TravelTap/TravelTap/Data/Countries/NorthAmerica/USA/Cities/DenverAttractions.swift (in target 'TravelTap' from project 'TravelTap')
    cd /Users/erders/Documents/TravelTap
    

SwiftCompile normal arm64 /Users/erders/Documents/TravelTap/TravelTap/Data/Countries/NorthAmerica/USA/Cities/DetroitAttractions.swift (in target 'TravelTap' from project 'TravelTap')
    cd /Users/erders/Documents/TravelTap
    

SwiftCompile normal arm64 /Users/erders/Documents/TravelTap/TravelTap/Data/Countries/NorthAmerica/USA/Cities/AustinAttractions.swift (in target 'TravelTap' from project 'TravelTap')
    cd /Users/erders/Documents/TravelTap
    

SwiftCompile normal arm64 /Users/erders/Documents/TravelTap/TravelTap/Data/Countries/NorthAmerica/USA/Cities/MinneapolisAttractions.swift (in target 'TravelTap' from project 'TravelTap')
    cd /Users/erders/Documents/TravelTap
    

SwiftCompile normal arm64 /Users/erders/Documents/TravelTap/TravelTap/Data/Countries/NorthAmerica/USA/Cities/PhoenixAttractions.swift (in target 'TravelTap' from project 'TravelTap')
    cd /Users/erders/Documents/TravelTap
    

SwiftCompile normal arm64 /Users/erders/Documents/TravelTap/TravelTap/Data/Countries/NorthAmerica/USA/Cities/SanAntonioAttractions.swift (in target 'TravelTap' from project 'TravelTap')
    cd /Users/erders/Documents/TravelTap
    

SwiftCompile normal arm64 /Users/erders/Documents/TravelTap/TravelTap/Data/Countries/NorthAmerica/Canada/Cities/EdmontonAttractions.swift (in target 'TravelTap' from project 'TravelTap')
    cd /Users/erders/Documents/TravelTap
    

SwiftCompile normal arm64 /Users/erders/Documents/TravelTap/TravelTap/Data/Countries/NorthAmerica/Canada/Cities/CalgaryAttractions.swift (in target 'TravelTap' from project 'TravelTap')
    cd /Users/erders/Documents/TravelTap
    

SwiftCompile normal arm64 /Users/erders/Documents/TravelTap/TravelTap/Data/Countries/NorthAmerica/Canada/Cities/NiagaraFallsCanadaAttractions.swift (in target 'TravelTap' from project 'TravelTap')
    cd /Users/erders/Documents/TravelTap
    

SwiftDriverJobDiscovery normal arm64 Compiling CienfuegosAttractions.swift, HavanaAttractions.swift, SantiagoDeCubaAttractions.swift, TrinidadAttractions.swift, VaraderoAttractions.swift, ViñalesAttractions.swift, CubaPackage.swift, BandaAbouAttractions.swift, BandaAribaAttractions.swift, SantaMarthaAttractions.swift, SintWillibrordusAttractions.swift, SotoAttractions.swift, SpanishWaterAttractions.swift, WestpuntAttractions.swift, WillemstadAttractions.swift, CuracaoPackage.swift, CabareteAttractions.swift, JarabacoaAttractions.swift, LaRomanaAttractions.swift, PuertoPlataAttractions.swift, PuntaCanaAttractions.swift, SamanaAttractions.swift, SantoDomingoAttractions.swift, SosuaAttractions.swift, DominicanRepublicPackage.swift (in target 'TravelTap' from project 'TravelTap')

SwiftCompile normal arm64 Compiling\ NoonuAtollAttractions.swift,\ LaamuAtollAttractions.swift,\ SouthMaleAtollAttractions.swift,\ GaafuAlifuAtollAttractions.swift,\ HulhumaleAttractions.swift,\ RaaAtollAttractions.swift,\ VillimaleAttractions.swift,\ GaafuDhaaluAtollAttractions.swift,\ DhaaluAtollAttractions.swift,\ FuvahmulahAttractions.swift,\ HaaAlifuAtollAttractions.swift,\ LhaviyaniAtollAttractions.swift,\ SongKulRegionAttractions.swift,\ TashRabatAttractions.swift,\ ArslanbobAttractions.swift,\ SuusamyrValleyAttractions.swift,\ ToktogulAttractions.swift,\ CholponAtaAttractions.swift,\ TalasAttractions.swift,\ BatkenAttractions.swift,\ AlaArchaNationalParkAttractions.swift,\ JalalAbadAttractions.swift,\ SaryChelekAttractions.swift,\ YanbuAttractions.swift,\ DammamAttractions.swift /Users/erders/Documents/TravelTap/TravelTap/Data/Countries/Asia/SouthAsia/Maldives/Cities/NoonuAtollAttractions.swift /Users/erders/Documents/TravelTap/TravelTap/Data/Countries/Asia/SouthAsia/Maldives/Cities/LaamuAtollAttractions.swift /Users/erders/Documents/TravelTap/TravelTap/Data/Countries/Asia/SouthAsia/Maldives/Cities/SouthMaleAtollAttractions.swift /Users/erders/Documents/TravelTap/TravelTap/Data/Countries/Asia/SouthAsia/Maldives/Cities/GaafuAlifuAtollAttractions.swift /Users/erders/Documents/TravelTap/TravelTap/Data/Countries/Asia/SouthAsia/Maldives/Cities/HulhumaleAttractions.swift /Users/erders/Documents/TravelTap/TravelTap/Data/Countries/Asia/SouthAsia/Maldives/Cities/RaaAtollAttractions.swift /Users/erders/Documents/TravelTap/TravelTap/Data/Countries/Asia/SouthAsia/Maldives/Cities/VillimaleAttractions.swift /Users/erders/Documents/TravelTap/TravelTap/Data/Countries/Asia/SouthAsia/Maldives/Cities/GaafuDhaaluAtollAttractions.swift /Users/erders/Documents/TravelTap/TravelTap/Data/Countries/Asia/SouthAsia/Maldives/Cities/DhaaluAtollAttractions.swift /Users/erders/Documents/TravelTap/TravelTap/Data/Countries/Asia/SouthAsia/Maldives/Cities/FuvahmulahAttractions.swift /Users/erders/Documents/TravelTap/TravelTap/Data/Countries/Asia/SouthAsia/Maldives/Cities/HaaAlifuAtollAttractions.swift /Users/erders/Documents/TravelTap/TravelTap/Data/Countries/Asia/SouthAsia/Maldives/Cities/LhaviyaniAtollAttractions.swift /Users/erders/Documents/TravelTap/TravelTap/Data/Countries/Asia/CentralAsia/Kyrgyzstan/Cities/SongKulRegionAttractions.swift /Users/erders/Documents/TravelTap/TravelTap/Data/Countries/Asia/CentralAsia/Kyrgyzstan/Cities/TashRabatAttractions.swift /Users/erders/Documents/TravelTap/TravelTap/Data/Countries/Asia/CentralAsia/Kyrgyzstan/Cities/ArslanbobAttractions.swift /Users/erders/Documents/TravelTap/TravelTap/Data/Countries/Asia/CentralAsia/Kyrgyzstan/Cities/SuusamyrValleyAttractions.swift /Users/erders/Documents/TravelTap/TravelTap/Data/Countries/Asia/CentralAsia/Kyrgyzstan/Cities/ToktogulAttractions.swift /Users/erders/Documents/TravelTap/TravelTap/Data/Countries/Asia/CentralAsia/Kyrgyzstan/Cities/CholponAtaAttractions.swift /Users/erders/Documents/TravelTap/TravelTap/Data/Countries/Asia/CentralAsia/Kyrgyzstan/Cities/TalasAttractions.swift /Users/erders/Documents/TravelTap/TravelTap/Data/Countries/Asia/CentralAsia/Kyrgyzstan/Cities/BatkenAttractions.swift /Users/erders/Documents/TravelTap/TravelTap/Data/Countries/Asia/CentralAsia/Kyrgyzstan/Cities/AlaArchaNationalParkAttractions.swift /Users/erders/Documents/TravelTap/TravelTap/Data/Countries/Asia/CentralAsia/Kyrgyzstan/Cities/JalalAbadAttractions.swift /Users/erders/Documents/TravelTap/TravelTap/Data/Countries/Asia/CentralAsia/Kyrgyzstan/Cities/SaryChelekAttractions.swift /Users/erders/Documents/TravelTap/TravelTap/Data/Countries/Asia/MiddleEast/SaudiArabia/Cities/YanbuAttractions.swift /Users/erders/Documents/TravelTap/TravelTap/Data/Countries/Asia/MiddleEast/SaudiArabia/Cities/DammamAttractions.swift (in target 'TravelTap' from project 'TravelTap')

SwiftCompile normal arm64 /Users/erders/Documents/TravelTap/TravelTap/Data/Countries/Asia/SouthAsia/Maldives/Cities/NoonuAtollAttractions.swift (in target 'TravelTap' from project 'TravelTap')
    cd /Users/erders/Documents/TravelTap
    

SwiftCompile normal arm64 /Users/erders/Documents/TravelTap/TravelTap/Data/Countries/Asia/SouthAsia/Maldives/Cities/LaamuAtollAttractions.swift (in target 'TravelTap' from project 'TravelTap')
    cd /Users/erders/Documents/TravelTap
    

SwiftCompile normal arm64 /Users/erders/Documents/TravelTap/TravelTap/Data/Countries/Asia/SouthAsia/Maldives/Cities/SouthMaleAtollAttractions.swift (in target 'TravelTap' from project 'TravelTap')
    cd /Users/erders/Documents/TravelTap
    

SwiftCompile normal arm64 /Users/erders/Documents/TravelTap/TravelTap/Data/Countries/Asia/SouthAsia/Maldives/Cities/GaafuAlifuAtollAttractions.swift (in target 'TravelTap' from project 'TravelTap')
    cd /Users/erders/Documents/TravelTap
    

SwiftCompile normal arm64 /Users/erders/Documents/TravelTap/TravelTap/Data/Countries/Asia/SouthAsia/Maldives/Cities/HulhumaleAttractions.swift (in target 'TravelTap' from project 'TravelTap')
    cd /Users/erders/Documents/TravelTap
    

SwiftCompile normal arm64 /Users/erders/Documents/TravelTap/TravelTap/Data/Countries/Asia/SouthAsia/Maldives/Cities/RaaAtollAttractions.swift (in target 'TravelTap' from project 'TravelTap')
    cd /Users/erders/Documents/TravelTap
    

SwiftCompile normal arm64 /Users/erders/Documents/TravelTap/TravelTap/Data/Countries/Asia/SouthAsia/Maldives/Cities/VillimaleAttractions.swift (in target 'TravelTap' from project 'TravelTap')
    cd /Users/erders/Documents/TravelTap
    

SwiftCompile normal arm64 /Users/erders/Documents/TravelTap/TravelTap/Data/Countries/Asia/SouthAsia/Maldives/Cities/GaafuDhaaluAtollAttractions.swift (in target 'TravelTap' from project 'TravelTap')
    cd /Users/erders/Documents/TravelTap
    

SwiftCompile normal arm64 /Users/erders/Documents/TravelTap/TravelTap/Data/Countries/Asia/SouthAsia/Maldives/Cities/DhaaluAtollAttractions.swift (in target 'TravelTap' from project 'TravelTap')
    cd /Users/erders/Documents/TravelTap
    

SwiftCompile normal arm64 /Users/erders/Documents/TravelTap/TravelTap/Data/Countries/Asia/SouthAsia/Maldives/Cities/FuvahmulahAttractions.swift (in target 'TravelTap' from project 'TravelTap')
    cd /Users/erders/Documents/TravelTap
    

SwiftCompile normal arm64 /Users/erders/Documents/TravelTap/TravelTap/Data/Countries/Asia/SouthAsia/Maldives/Cities/HaaAlifuAtollAttractions.swift (in target 'TravelTap' from project 'TravelTap')
    cd /Users/erders/Documents/TravelTap
    

SwiftCompile normal arm64 /Users/erders/Documents/TravelTap/TravelTap/Data/Countries/Asia/SouthAsia/Maldives/Cities/LhaviyaniAtollAttractions.swift (in target 'TravelTap' from project 'TravelTap')
    cd /Users/erders/Documents/TravelTap
    

SwiftCompile normal arm64 /Users/erders/Documents/TravelTap/TravelTap/Data/Countries/Asia/CentralAsia/Kyrgyzstan/Cities/SongKulRegionAttractions.swift (in target 'TravelTap' from project 'TravelTap')
    cd /Users/erders/Documents/TravelTap
    

SwiftCompile normal arm64 /Users/erders/Documents/TravelTap/TravelTap/Data/Countries/Asia/CentralAsia/Kyrgyzstan/Cities/TashRabatAttractions.swift (in target 'TravelTap' from project 'TravelTap')
    cd /Users/erders/Documents/TravelTap
    

SwiftCompile normal arm64 /Users/erders/Documents/TravelTap/TravelTap/Data/Countries/Asia/CentralAsia/Kyrgyzstan/Cities/ArslanbobAttractions.swift (in target 'TravelTap' from project 'TravelTap')
    cd /Users/erders/Documents/TravelTap
    

SwiftCompile normal arm64 /Users/erders/Documents/TravelTap/TravelTap/Data/Countries/Asia/CentralAsia/Kyrgyzstan/Cities/SuusamyrValleyAttractions.swift (in target 'TravelTap' from project 'TravelTap')
    cd /Users/erders/Documents/TravelTap
    

SwiftCompile normal arm64 /Users/erders/Documents/TravelTap/TravelTap/Data/Countries/Asia/CentralAsia/Kyrgyzstan/Cities/ToktogulAttractions.swift (in target 'TravelTap' from project 'TravelTap')
    cd /Users/erders/Documents/TravelTap
    

SwiftCompile normal arm64 /Users/erders/Documents/TravelTap/TravelTap/Data/Countries/Asia/CentralAsia/Kyrgyzstan/Cities/CholponAtaAttractions.swift (in target 'TravelTap' from project 'TravelTap')
    cd /Users/erders/Documents/TravelTap
    

SwiftCompile normal arm64 /Users/erders/Documents/TravelTap/TravelTap/Data/Countries/Asia/CentralAsia/Kyrgyzstan/Cities/TalasAttractions.swift (in target 'TravelTap' from project 'TravelTap')
    cd /Users/erders/Documents/TravelTap
    

SwiftCompile normal arm64 /Users/erders/Documents/TravelTap/TravelTap/Data/Countries/Asia/CentralAsia/Kyrgyzstan/Cities/BatkenAttractions.swift (in target 'TravelTap' from project 'TravelTap')
    cd /Users/erders/Documents/TravelTap
    

SwiftCompile normal arm64 /Users/erders/Documents/TravelTap/TravelTap/Data/Countries/Asia/CentralAsia/Kyrgyzstan/Cities/AlaArchaNationalParkAttractions.swift (in target 'TravelTap' from project 'TravelTap')
    cd /Users/erders/Documents/TravelTap
    

SwiftCompile normal arm64 /Users/erders/Documents/TravelTap/TravelTap/Data/Countries/Asia/CentralAsia/Kyrgyzstan/Cities/JalalAbadAttractions.swift (in target 'TravelTap' from project 'TravelTap')
    cd /Users/erders/Documents/TravelTap
    

SwiftCompile normal arm64 /Users/erders/Documents/TravelTap/TravelTap/Data/Countries/Asia/CentralAsia/Kyrgyzstan/Cities/SaryChelekAttractions.swift (in target 'TravelTap' from project 'TravelTap')
    cd /Users/erders/Documents/TravelTap
    

SwiftCompile normal arm64 /Users/erders/Documents/TravelTap/TravelTap/Data/Countries/Asia/MiddleEast/SaudiArabia/Cities/YanbuAttractions.swift (in target 'TravelTap' from project 'TravelTap')
    cd /Users/erders/Documents/TravelTap
    

SwiftCompile normal arm64 /Users/erders/Documents/TravelTap/TravelTap/Data/Countries/Asia/MiddleEast/SaudiArabia/Cities/DammamAttractions.swift (in target 'TravelTap' from project 'TravelTap')
    cd /Users/erders/Documents/TravelTap
    

SwiftDriverJobDiscovery normal arm64 Compiling LlangollenAttractions.swift, AberystwythAttractions.swift, CaernarfonAttractions.swift, CricciethAttractions.swift, PembrokeshireCoastAttractions.swift, BreconBeaconsAttractions.swift, BeaumarisAttractions.swift, WrexhamAttractions.swift, CaerphillyAttractions.swift, LaugharneAttractions.swift, TinternAttractions.swift, HarlechAttractions.swift, KavadartsiAttractions.swift, VelesAttractions.swift, StobiAttractions.swift, StrugaAttractions.swift, PrilepAttractions.swift, TetovoAttractions.swift, LakePrespaAttractions.swift, MavrovoAttractions.swift, KrusevoAttractions.swift, GostivarAttractions.swift, ShtipAttractions.swift, DebarAttractions.swift, KumanovoAttractions.swift (in target 'TravelTap' from project 'TravelTap')

SwiftCompile normal arm64 Compiling\ TarijaAttractions.swift,\ TiwanakuAttractions.swift,\ TupizaAttractions.swift,\ UyuniAttractions.swift,\ BrazilPackage.swift,\ BonitoPantanalAttractions.swift,\ BrasiliaAttractions.swift,\ ChapadaDiamantinaAttractions.swift,\ CuritibaAttractions.swift,\ FernandoDeNoronhaAttractions.swift,\ FlorianopolisAttractions.swift,\ FortalezaAttractions.swift,\ FozDoIguacuAttractions.swift,\ GramadoCanelaAttractions.swift,\ JericoacoaraAttractions.swift,\ LencoisMaranhensesAttractions.swift,\ ManausAttractions.swift,\ NatalAttractions.swift,\ OuroPretoAttractions.swift,\ ParatyIlhaGrandeAttractions.swift,\ RecifeOlindaAttractions.swift,\ RioDeJaneiroAttractions.swift,\ SalvadorAttractions.swift,\ SaoPauloAttractions.swift,\ ChilePackage.swift /Users/erders/Documents/TravelTap/TravelTap/Data/Countries/SouthAmerica/Bolivia/Cities/TarijaAttractions.swift /Users/erders/Documents/TravelTap/TravelTap/Data/Countries/SouthAmerica/Bolivia/Cities/TiwanakuAttractions.swift /Users/erders/Documents/TravelTap/TravelTap/Data/Countries/SouthAmerica/Bolivia/Cities/TupizaAttractions.swift /Users/erders/Documents/TravelTap/TravelTap/Data/Countries/SouthAmerica/Bolivia/Cities/UyuniAttractions.swift /Users/erders/Documents/TravelTap/TravelTap/Data/Countries/SouthAmerica/Brazil/BrazilPackage.swift /Users/erders/Documents/TravelTap/TravelTap/Data/Countries/SouthAmerica/Brazil/Cities/BonitoPantanalAttractions.swift /Users/erders/Documents/TravelTap/TravelTap/Data/Countries/SouthAmerica/Brazil/Cities/BrasiliaAttractions.swift /Users/erders/Documents/TravelTap/TravelTap/Data/Countries/SouthAmerica/Brazil/Cities/ChapadaDiamantinaAttractions.swift /Users/erders/Documents/TravelTap/TravelTap/Data/Countries/SouthAmerica/Brazil/Cities/CuritibaAttractions.swift /Users/erders/Documents/TravelTap/TravelTap/Data/Countries/SouthAmerica/Brazil/Cities/FernandoDeNoronhaAttractions.swift /Users/erders/Documents/TravelTap/TravelTap/Data/Countries/SouthAmerica/Brazil/Cities/FlorianopolisAttractions.swift /Users/erders/Documents/TravelTap/TravelTap/Data/Countries/SouthAmerica/Brazil/Cities/FortalezaAttractions.swift /Users/erders/Documents/TravelTap/TravelTap/Data/Countries/SouthAmerica/Brazil/Cities/FozDoIguacuAttractions.swift /Users/erders/Documents/TravelTap/TravelTap/Data/Countries/SouthAmerica/Brazil/Cities/GramadoCanelaAttractions.swift /Users/erders/Documents/TravelTap/TravelTap/Data/Countries/SouthAmerica/Brazil/Cities/JericoacoaraAttractions.swift /Users/erders/Documents/TravelTap/TravelTap/Data/Countries/SouthAmerica/Brazil/Cities/LencoisMaranhensesAttractions.swift /Users/erders/Documents/TravelTap/TravelTap/Data/Countries/SouthAmerica/Brazil/Cities/ManausAttractions.swift /Users/erders/Documents/TravelTap/TravelTap/Data/Countries/SouthAmerica/Brazil/Cities/NatalAttractions.swift /Users/erders/Documents/TravelTap/TravelTap/Data/Countries/SouthAmerica/Brazil/Cities/OuroPretoAttractions.swift /Users/erders/Documents/TravelTap/TravelTap/Data/Countries/SouthAmerica/Brazil/Cities/ParatyIlhaGrandeAttractions.swift /Users/erders/Documents/TravelTap/TravelTap/Data/Countries/SouthAmerica/Brazil/Cities/RecifeOlindaAttractions.swift /Users/erders/Documents/TravelTap/TravelTap/Data/Countries/SouthAmerica/Brazil/Cities/RioDeJaneiroAttractions.swift /Users/erders/Documents/TravelTap/TravelTap/Data/Countries/SouthAmerica/Brazil/Cities/SalvadorAttractions.swift /Users/erders/Documents/TravelTap/TravelTap/Data/Countries/SouthAmerica/Brazil/Cities/SaoPauloAttractions.swift /Users/erders/Documents/TravelTap/TravelTap/Data/Countries/SouthAmerica/Chile/ChilePackage.swift (in target 'TravelTap' from project 'TravelTap')

SwiftCompile normal arm64 /Users/erders/Documents/TravelTap/TravelTap/Data/Countries/SouthAmerica/Bolivia/Cities/TarijaAttractions.swift (in target 'TravelTap' from project 'TravelTap')
    cd /Users/erders/Documents/TravelTap
    

SwiftCompile normal arm64 /Users/erders/Documents/TravelTap/TravelTap/Data/Countries/SouthAmerica/Bolivia/Cities/TiwanakuAttractions.swift (in target 'TravelTap' from project 'TravelTap')
    cd /Users/erders/Documents/TravelTap
    

SwiftCompile normal arm64 /Users/erders/Documents/TravelTap/TravelTap/Data/Countries/SouthAmerica/Bolivia/Cities/TupizaAttractions.swift (in target 'TravelTap' from project 'TravelTap')
    cd /Users/erders/Documents/TravelTap
    

SwiftCompile normal arm64 /Users/erders/Documents/TravelTap/TravelTap/Data/Countries/SouthAmerica/Bolivia/Cities/UyuniAttractions.swift (in target 'TravelTap' from project 'TravelTap')
    cd /Users/erders/Documents/TravelTap
    

SwiftCompile normal arm64 /Users/erders/Documents/TravelTap/TravelTap/Data/Countries/SouthAmerica/Brazil/BrazilPackage.swift (in target 'TravelTap' from project 'TravelTap')
    cd /Users/erders/Documents/TravelTap
    

SwiftCompile normal arm64 /Users/erders/Documents/TravelTap/TravelTap/Data/Countries/SouthAmerica/Brazil/Cities/BonitoPantanalAttractions.swift (in target 'TravelTap' from project 'TravelTap')
    cd /Users/erders/Documents/TravelTap
    

SwiftCompile normal arm64 /Users/erders/Documents/TravelTap/TravelTap/Data/Countries/SouthAmerica/Brazil/Cities/BrasiliaAttractions.swift (in target 'TravelTap' from project 'TravelTap')
    cd /Users/erders/Documents/TravelTap
    

SwiftCompile normal arm64 /Users/erders/Documents/TravelTap/TravelTap/Data/Countries/SouthAmerica/Brazil/Cities/ChapadaDiamantinaAttractions.swift (in target 'TravelTap' from project 'TravelTap')
    cd /Users/erders/Documents/TravelTap
    

SwiftCompile normal arm64 /Users/erders/Documents/TravelTap/TravelTap/Data/Countries/SouthAmerica/Brazil/Cities/CuritibaAttractions.swift (in target 'TravelTap' from project 'TravelTap')
    cd /Users/erders/Documents/TravelTap
    

SwiftCompile normal arm64 /Users/erders/Documents/TravelTap/TravelTap/Data/Countries/SouthAmerica/Brazil/Cities/FernandoDeNoronhaAttractions.swift (in target 'TravelTap' from project 'TravelTap')
    cd /Users/erders/Documents/TravelTap
    

SwiftCompile normal arm64 /Users/erders/Documents/TravelTap/TravelTap/Data/Countries/SouthAmerica/Brazil/Cities/FlorianopolisAttractions.swift (in target 'TravelTap' from project 'TravelTap')
    cd /Users/erders/Documents/TravelTap
    

SwiftCompile normal arm64 /Users/erders/Documents/TravelTap/TravelTap/Data/Countries/SouthAmerica/Brazil/Cities/FortalezaAttractions.swift (in target 'TravelTap' from project 'TravelTap')
    cd /Users/erders/Documents/TravelTap
    

SwiftCompile normal arm64 /Users/erders/Documents/TravelTap/TravelTap/Data/Countries/SouthAmerica/Brazil/Cities/FozDoIguacuAttractions.swift (in target 'TravelTap' from project 'TravelTap')
    cd /Users/erders/Documents/TravelTap
    

SwiftCompile normal arm64 /Users/erders/Documents/TravelTap/TravelTap/Data/Countries/SouthAmerica/Brazil/Cities/GramadoCanelaAttractions.swift (in target 'TravelTap' from project 'TravelTap')
    cd /Users/erders/Documents/TravelTap
    

SwiftCompile normal arm64 /Users/erders/Documents/TravelTap/TravelTap/Data/Countries/SouthAmerica/Brazil/Cities/JericoacoaraAttractions.swift (in target 'TravelTap' from project 'TravelTap')
    cd /Users/erders/Documents/TravelTap
    

SwiftCompile normal arm64 /Users/erders/Documents/TravelTap/TravelTap/Data/Countries/SouthAmerica/Brazil/Cities/LencoisMaranhensesAttractions.swift (in target 'TravelTap' from project 'TravelTap')
    cd /Users/erders/Documents/TravelTap
    

SwiftCompile normal arm64 /Users/erders/Documents/TravelTap/TravelTap/Data/Countries/SouthAmerica/Brazil/Cities/ManausAttractions.swift (in target 'TravelTap' from project 'TravelTap')
    cd /Users/erders/Documents/TravelTap
    

SwiftCompile normal arm64 /Users/erders/Documents/TravelTap/TravelTap/Data/Countries/SouthAmerica/Brazil/Cities/NatalAttractions.swift (in target 'TravelTap' from project 'TravelTap')
    cd /Users/erders/Documents/TravelTap
    

SwiftCompile normal arm64 /Users/erders/Documents/TravelTap/TravelTap/Data/Countries/SouthAmerica/Brazil/Cities/OuroPretoAttractions.swift (in target 'TravelTap' from project 'TravelTap')
    cd /Users/erders/Documents/TravelTap
    

SwiftCompile normal arm64 /Users/erders/Documents/TravelTap/TravelTap/Data/Countries/SouthAmerica/Brazil/Cities/ParatyIlhaGrandeAttractions.swift (in target 'TravelTap' from project 'TravelTap')
    cd /Users/erders/Documents/TravelTap
    

SwiftCompile normal arm64 /Users/erders/Documents/TravelTap/TravelTap/Data/Countries/SouthAmerica/Brazil/Cities/RecifeOlindaAttractions.swift (in target 'TravelTap' from project 'TravelTap')
    cd /Users/erders/Documents/TravelTap
    

SwiftCompile normal arm64 /Users/erders/Documents/TravelTap/TravelTap/Data/Countries/SouthAmerica/Brazil/Cities/RioDeJaneiroAttractions.swift (in target 'TravelTap' from project 'TravelTap')
    cd /Users/erders/Documents/TravelTap
    

SwiftCompile normal arm64 /Users/erders/Documents/TravelTap/TravelTap/Data/Countries/SouthAmerica/Brazil/Cities/SalvadorAttractions.swift (in target 'TravelTap' from project 'TravelTap')
    cd /Users/erders/Documents/TravelTap
    

SwiftCompile normal arm64 /Users/erders/Documents/TravelTap/TravelTap/Data/Countries/SouthAmerica/Brazil/Cities/SaoPauloAttractions.swift (in target 'TravelTap' from project 'TravelTap')
    cd /Users/erders/Documents/TravelTap
    

SwiftCompile normal arm64 /Users/erders/Documents/TravelTap/TravelTap/Data/Countries/SouthAmerica/Chile/ChilePackage.swift (in target 'TravelTap' from project 'TravelTap')
    cd /Users/erders/Documents/TravelTap
    

SwiftCompile normal arm64 Compiling\ GhardaiaAttractions.swift,\ TamanrassetAttractions.swift,\ DjanetAttractions.swift,\ BejaiaAttractions.swift,\ AnnabaAttractions.swift,\ SetifAttractions.swift,\ ElOuedAttractions.swift,\ GrandErgOrientalAttractions.swift,\ GrandErgOccidentalAttractions.swift,\ ChreaAttractions.swift,\ TazaAttractions.swift,\ ElKalaAttractions.swift,\ LaikipiaAttractions.swift,\ AmboseliAttractions.swift,\ TurkanaAttractions.swift,\ NanyukiAttractions.swift,\ HomaBayAttractions.swift,\ NarokAttractions.swift,\ KajiadoAttractions.swift,\ KakamegaAttractions.swift,\ MombasaAttractions.swift,\ NaivashaAttractions.swift,\ WasiniAttractions.swift,\ MeruAttractions.swift /Users/erders/Documents/TravelTap/TravelTap/Data/Countries/Africa/NorthAfrica/Algeria/Cities/GhardaiaAttractions.swift /Users/erders/Documents/TravelTap/TravelTap/Data/Countries/Africa/NorthAfrica/Algeria/Cities/TamanrassetAttractions.swift /Users/erders/Documents/TravelTap/TravelTap/Data/Countries/Africa/NorthAfrica/Algeria/Cities/DjanetAttractions.swift /Users/erders/Documents/TravelTap/TravelTap/Data/Countries/Africa/NorthAfrica/Algeria/Cities/BejaiaAttractions.swift /Users/erders/Documents/TravelTap/TravelTap/Data/Countries/Africa/NorthAfrica/Algeria/Cities/AnnabaAttractions.swift /Users/erders/Documents/TravelTap/TravelTap/Data/Countries/Africa/NorthAfrica/Algeria/Cities/SetifAttractions.swift /Users/erders/Documents/TravelTap/TravelTap/Data/Countries/Africa/NorthAfrica/Algeria/Cities/ElOuedAttractions.swift /Users/erders/Documents/TravelTap/TravelTap/Data/Countries/Africa/NorthAfrica/Algeria/Cities/GrandErgOrientalAttractions.swift /Users/erders/Documents/TravelTap/TravelTap/Data/Countries/Africa/NorthAfrica/Algeria/Cities/GrandErgOccidentalAttractions.swift /Users/erders/Documents/TravelTap/TravelTap/Data/Countries/Africa/NorthAfrica/Algeria/Cities/ChreaAttractions.swift /Users/erders/Documents/TravelTap/TravelTap/Data/Countries/Africa/NorthAfrica/Algeria/Cities/TazaAttractions.swift /Users/erders/Documents/TravelTap/TravelTap/Data/Countries/Africa/NorthAfrica/Algeria/Cities/ElKalaAttractions.swift /Users/erders/Documents/TravelTap/TravelTap/Data/Countries/Africa/EastAfrica/Kenya/Cities/LaikipiaAttractions.swift /Users/erders/Documents/TravelTap/TravelTap/Data/Countries/Africa/EastAfrica/Kenya/Cities/AmboseliAttractions.swift /Users/erders/Documents/TravelTap/TravelTap/Data/Countries/Africa/EastAfrica/Kenya/Cities/TurkanaAttractions.swift /Users/erders/Documents/TravelTap/TravelTap/Data/Countries/Africa/EastAfrica/Kenya/Cities/NanyukiAttractions.swift /Users/erders/Documents/TravelTap/TravelTap/Data/Countries/Africa/EastAfrica/Kenya/Cities/HomaBayAttractions.swift /Users/erders/Documents/TravelTap/TravelTap/Data/Countries/Africa/EastAfrica/Kenya/Cities/NarokAttractions.swift /Users/erders/Documents/TravelTap/TravelTap/Data/Countries/Africa/EastAfrica/Kenya/Cities/KajiadoAttractions.swift /Users/erders/Documents/TravelTap/TravelTap/Data/Countries/Africa/EastAfrica/Kenya/Cities/KakamegaAttractions.swift /Users/erders/Documents/TravelTap/TravelTap/Data/Countries/Africa/EastAfrica/Kenya/Cities/MombasaAttractions.swift /Users/erders/Documents/TravelTap/TravelTap/Data/Countries/Africa/EastAfrica/Kenya/Cities/NaivashaAttractions.swift /Users/erders/Documents/TravelTap/TravelTap/Data/Countries/Africa/EastAfrica/Kenya/Cities/WasiniAttractions.swift /Users/erders/Documents/TravelTap/TravelTap/Data/Countries/Africa/EastAfrica/Kenya/Cities/MeruAttractions.swift (in target 'TravelTap' from project 'TravelTap')

SwiftCompile normal arm64 /Users/erders/Documents/TravelTap/TravelTap/Data/Countries/Africa/NorthAfrica/Algeria/Cities/GhardaiaAttractions.swift (in target 'TravelTap' from project 'TravelTap')
    cd /Users/erders/Documents/TravelTap
    

SwiftCompile normal arm64 /Users/erders/Documents/TravelTap/TravelTap/Data/Countries/Africa/NorthAfrica/Algeria/Cities/TamanrassetAttractions.swift (in target 'TravelTap' from project 'TravelTap')
    cd /Users/erders/Documents/TravelTap
    

SwiftCompile normal arm64 /Users/erders/Documents/TravelTap/TravelTap/Data/Countries/Africa/NorthAfrica/Algeria/Cities/DjanetAttractions.swift (in target 'TravelTap' from project 'TravelTap')
    cd /Users/erders/Documents/TravelTap
    

SwiftCompile normal arm64 /Users/erders/Documents/TravelTap/TravelTap/Data/Countries/Africa/NorthAfrica/Algeria/Cities/BejaiaAttractions.swift (in target 'TravelTap' from project 'TravelTap')
    cd /Users/erders/Documents/TravelTap
    

SwiftCompile normal arm64 /Users/erders/Documents/TravelTap/TravelTap/Data/Countries/Africa/NorthAfrica/Algeria/Cities/AnnabaAttractions.swift (in target 'TravelTap' from project 'TravelTap')
    cd /Users/erders/Documents/TravelTap
    

SwiftCompile normal arm64 /Users/erders/Documents/TravelTap/TravelTap/Data/Countries/Africa/NorthAfrica/Algeria/Cities/SetifAttractions.swift (in target 'TravelTap' from project 'TravelTap')
    cd /Users/erders/Documents/TravelTap
    

SwiftCompile normal arm64 /Users/erders/Documents/TravelTap/TravelTap/Data/Countries/Africa/NorthAfrica/Algeria/Cities/ElOuedAttractions.swift (in target 'TravelTap' from project 'TravelTap')
    cd /Users/erders/Documents/TravelTap
    

SwiftCompile normal arm64 /Users/erders/Documents/TravelTap/TravelTap/Data/Countries/Africa/NorthAfrica/Algeria/Cities/GrandErgOrientalAttractions.swift (in target 'TravelTap' from project 'TravelTap')
    cd /Users/erders/Documents/TravelTap
    

SwiftCompile normal arm64 /Users/erders/Documents/TravelTap/TravelTap/Data/Countries/Africa/NorthAfrica/Algeria/Cities/GrandErgOccidentalAttractions.swift (in target 'TravelTap' from project 'TravelTap')
    cd /Users/erders/Documents/TravelTap
    

SwiftCompile normal arm64 /Users/erders/Documents/TravelTap/TravelTap/Data/Countries/Africa/NorthAfrica/Algeria/Cities/ChreaAttractions.swift (in target 'TravelTap' from project 'TravelTap')
    cd /Users/erders/Documents/TravelTap
    

SwiftCompile normal arm64 /Users/erders/Documents/TravelTap/TravelTap/Data/Countries/Africa/NorthAfrica/Algeria/Cities/TazaAttractions.swift (in target 'TravelTap' from project 'TravelTap')
    cd /Users/erders/Documents/TravelTap
    

SwiftCompile normal arm64 /Users/erders/Documents/TravelTap/TravelTap/Data/Countries/Africa/NorthAfrica/Algeria/Cities/ElKalaAttractions.swift (in target 'TravelTap' from project 'TravelTap')
    cd /Users/erders/Documents/TravelTap
    

SwiftCompile normal arm64 /Users/erders/Documents/TravelTap/TravelTap/Data/Countries/Africa/EastAfrica/Kenya/Cities/LaikipiaAttractions.swift (in target 'TravelTap' from project 'TravelTap')
    cd /Users/erders/Documents/TravelTap
    

SwiftCompile normal arm64 /Users/erders/Documents/TravelTap/TravelTap/Data/Countries/Africa/EastAfrica/Kenya/Cities/AmboseliAttractions.swift (in target 'TravelTap' from project 'TravelTap')
    cd /Users/erders/Documents/TravelTap
    

SwiftCompile normal arm64 /Users/erders/Documents/TravelTap/TravelTap/Data/Countries/Africa/EastAfrica/Kenya/Cities/TurkanaAttractions.swift (in target 'TravelTap' from project 'TravelTap')
    cd /Users/erders/Documents/TravelTap
    

SwiftCompile normal arm64 /Users/erders/Documents/TravelTap/TravelTap/Data/Countries/Africa/EastAfrica/Kenya/Cities/NanyukiAttractions.swift (in target 'TravelTap' from project 'TravelTap')
    cd /Users/erders/Documents/TravelTap
    

SwiftCompile normal arm64 /Users/erders/Documents/TravelTap/TravelTap/Data/Countries/Africa/EastAfrica/Kenya/Cities/HomaBayAttractions.swift (in target 'TravelTap' from project 'TravelTap')
    cd /Users/erders/Documents/TravelTap
    

SwiftCompile normal arm64 /Users/erders/Documents/TravelTap/TravelTap/Data/Countries/Africa/EastAfrica/Kenya/Cities/NarokAttractions.swift (in target 'TravelTap' from project 'TravelTap')
    cd /Users/erders/Documents/TravelTap
    

SwiftCompile normal arm64 /Users/erders/Documents/TravelTap/TravelTap/Data/Countries/Africa/EastAfrica/Kenya/Cities/KajiadoAttractions.swift (in target 'TravelTap' from project 'TravelTap')
    cd /Users/erders/Documents/TravelTap
    

SwiftCompile normal arm64 /Users/erders/Documents/TravelTap/TravelTap/Data/Countries/Africa/EastAfrica/Kenya/Cities/KakamegaAttractions.swift (in target 'TravelTap' from project 'TravelTap')
    cd /Users/erders/Documents/TravelTap
    

SwiftCompile normal arm64 /Users/erders/Documents/TravelTap/TravelTap/Data/Countries/Africa/EastAfrica/Kenya/Cities/MombasaAttractions.swift (in target 'TravelTap' from project 'TravelTap')
    cd /Users/erders/Documents/TravelTap
    

SwiftCompile normal arm64 /Users/erders/Documents/TravelTap/TravelTap/Data/Countries/Africa/EastAfrica/Kenya/Cities/NaivashaAttractions.swift (in target 'TravelTap' from project 'TravelTap')
    cd /Users/erders/Documents/TravelTap
    

SwiftCompile normal arm64 /Users/erders/Documents/TravelTap/TravelTap/Data/Countries/Africa/EastAfrica/Kenya/Cities/WasiniAttractions.swift (in target 'TravelTap' from project 'TravelTap')
    cd /Users/erders/Documents/TravelTap
    

SwiftCompile normal arm64 /Users/erders/Documents/TravelTap/TravelTap/Data/Countries/Africa/EastAfrica/Kenya/Cities/MeruAttractions.swift (in target 'TravelTap' from project 'TravelTap')
    cd /Users/erders/Documents/TravelTap
    

SwiftDriverJobDiscovery normal arm64 Compiling NicaraguaPackage.swift, BocasDelToroAttractions.swift, BoqueteAttractions.swift, ColonAttractions.swift, DarienAttractions.swift, ElValleAttractions.swift, PanamaCityAttractions.swift, PearlIslandsAttractions.swift, SanBlasAttractions.swift, PanamaPackage.swift, CaboRojoAttractions.swift, CulebraAttractions.swift, ElYunqueAttractions.swift, FajardoAttractions.swift, PonceAttractions.swift, RinconAttractions.swift, SanJuanAttractions.swift, ViequesAttractions.swift, PuertoRicoPackage.swift, AnseLaRayeAttractions.swift, CastriesAttractions.swift, DenneryAttractions.swift, GrosIsletAttractions.swift, LaborieAttractions.swift, MarigotBayAttractions.swift (in target 'TravelTap' from project 'TravelTap')

SwiftCompile normal arm64 Compiling\ VisAttractions.swift,\ MljetAttractions.swift,\ OpatijaAttractions.swift,\ RijekaAttractions.swift,\ PorecAttractions.swift,\ MotovunAttractions.swift,\ GroznjanAttractions.swift,\ IstrianHillTownsAttractions.swift,\ PaklenicaAttractions.swift,\ NorthernVelebitAttractions.swift,\ SamoborAttractions.swift,\ VarazdinAttractions.swift,\ OsijekAttractions.swift,\ CroatianBeachesAttractions.swift,\ BrnoAttractions.swift,\ CeskyKrumlovAttractions.swift,\ KarlovyVaryAttractions.swift,\ PragueAttractions.swift,\ CzechiaPackage.swift,\ AalborgAttractions.swift,\ AarhusAttractions.swift,\ CopenhagenAttractions.swift,\ OdenseAttractions.swift,\ DenmarkPackage.swift,\ BirminghamAttractions.swift /Users/erders/Documents/TravelTap/TravelTap/Data/Countries/Europe/Croatia/Cities/VisAttractions.swift /Users/erders/Documents/TravelTap/TravelTap/Data/Countries/Europe/Croatia/Cities/MljetAttractions.swift /Users/erders/Documents/TravelTap/TravelTap/Data/Countries/Europe/Croatia/Cities/OpatijaAttractions.swift /Users/erders/Documents/TravelTap/TravelTap/Data/Countries/Europe/Croatia/Cities/RijekaAttractions.swift /Users/erders/Documents/TravelTap/TravelTap/Data/Countries/Europe/Croatia/Cities/PorecAttractions.swift /Users/erders/Documents/TravelTap/TravelTap/Data/Countries/Europe/Croatia/Cities/MotovunAttractions.swift /Users/erders/Documents/TravelTap/TravelTap/Data/Countries/Europe/Croatia/Cities/GroznjanAttractions.swift /Users/erders/Documents/TravelTap/TravelTap/Data/Countries/Europe/Croatia/Cities/IstrianHillTownsAttractions.swift /Users/erders/Documents/TravelTap/TravelTap/Data/Countries/Europe/Croatia/Cities/PaklenicaAttractions.swift /Users/erders/Documents/TravelTap/TravelTap/Data/Countries/Europe/Croatia/Cities/NorthernVelebitAttractions.swift /Users/erders/Documents/TravelTap/TravelTap/Data/Countries/Europe/Croatia/Cities/SamoborAttractions.swift /Users/erders/Documents/TravelTap/TravelTap/Data/Countries/Europe/Croatia/Cities/VarazdinAttractions.swift /Users/erders/Documents/TravelTap/TravelTap/Data/Countries/Europe/Croatia/Cities/OsijekAttractions.swift /Users/erders/Documents/TravelTap/TravelTap/Data/Countries/Europe/Croatia/Cities/CroatianBeachesAttractions.swift /Users/erders/Documents/TravelTap/TravelTap/Data/Countries/Europe/Czechia/Cities/BrnoAttractions.swift /Users/erders/Documents/TravelTap/TravelTap/Data/Countries/Europe/Czechia/Cities/CeskyKrumlovAttractions.swift /Users/erders/Documents/TravelTap/TravelTap/Data/Countries/Europe/Czechia/Cities/KarlovyVaryAttractions.swift /Users/erders/Documents/TravelTap/TravelTap/Data/Countries/Europe/Czechia/Cities/PragueAttractions.swift /Users/erders/Documents/TravelTap/TravelTap/Data/Countries/Europe/Czechia/CzechiaPackage.swift /Users/erders/Documents/TravelTap/TravelTap/Data/Countries/Europe/Denmark/Cities/AalborgAttractions.swift /Users/erders/Documents/TravelTap/TravelTap/Data/Countries/Europe/Denmark/Cities/AarhusAttractions.swift /Users/erders/Documents/TravelTap/TravelTap/Data/Countries/Europe/Denmark/Cities/CopenhagenAttractions.swift /Users/erders/Documents/TravelTap/TravelTap/Data/Countries/Europe/Denmark/Cities/OdenseAttractions.swift /Users/erders/Documents/TravelTap/TravelTap/Data/Countries/Europe/Denmark/DenmarkPackage.swift /Users/erders/Documents/TravelTap/TravelTap/Data/Countries/Europe/England/Cities/BirminghamAttractions.swift (in target 'TravelTap' from project 'TravelTap')

SwiftCompile normal arm64 /Users/erders/Documents/TravelTap/TravelTap/Data/Countries/Europe/Croatia/Cities/VisAttractions.swift (in target 'TravelTap' from project 'TravelTap')
    cd /Users/erders/Documents/TravelTap
    

SwiftCompile normal arm64 /Users/erders/Documents/TravelTap/TravelTap/Data/Countries/Europe/Croatia/Cities/MljetAttractions.swift (in target 'TravelTap' from project 'TravelTap')
    cd /Users/erders/Documents/TravelTap
    

SwiftCompile normal arm64 /Users/erders/Documents/TravelTap/TravelTap/Data/Countries/Europe/Croatia/Cities/OpatijaAttractions.swift (in target 'TravelTap' from project 'TravelTap')
    cd /Users/erders/Documents/TravelTap
    

SwiftCompile normal arm64 /Users/erders/Documents/TravelTap/TravelTap/Data/Countries/Europe/Croatia/Cities/RijekaAttractions.swift (in target 'TravelTap' from project 'TravelTap')
    cd /Users/erders/Documents/TravelTap
    

SwiftCompile normal arm64 /Users/erders/Documents/TravelTap/TravelTap/Data/Countries/Europe/Croatia/Cities/PorecAttractions.swift (in target 'TravelTap' from project 'TravelTap')
    cd /Users/erders/Documents/TravelTap
    

SwiftCompile normal arm64 /Users/erders/Documents/TravelTap/TravelTap/Data/Countries/Europe/Croatia/Cities/MotovunAttractions.swift (in target 'TravelTap' from project 'TravelTap')
    cd /Users/erders/Documents/TravelTap
    

SwiftCompile normal arm64 /Users/erders/Documents/TravelTap/TravelTap/Data/Countries/Europe/Croatia/Cities/GroznjanAttractions.swift (in target 'TravelTap' from project 'TravelTap')
    cd /Users/erders/Documents/TravelTap
    

SwiftCompile normal arm64 /Users/erders/Documents/TravelTap/TravelTap/Data/Countries/Europe/Croatia/Cities/IstrianHillTownsAttractions.swift (in target 'TravelTap' from project 'TravelTap')
    cd /Users/erders/Documents/TravelTap
    

SwiftCompile normal arm64 /Users/erders/Documents/TravelTap/TravelTap/Data/Countries/Europe/Croatia/Cities/PaklenicaAttractions.swift (in target 'TravelTap' from project 'TravelTap')
    cd /Users/erders/Documents/TravelTap
    

SwiftCompile normal arm64 /Users/erders/Documents/TravelTap/TravelTap/Data/Countries/Europe/Croatia/Cities/NorthernVelebitAttractions.swift (in target 'TravelTap' from project 'TravelTap')
    cd /Users/erders/Documents/TravelTap
    

SwiftCompile normal arm64 /Users/erders/Documents/TravelTap/TravelTap/Data/Countries/Europe/Croatia/Cities/SamoborAttractions.swift (in target 'TravelTap' from project 'TravelTap')
    cd /Users/erders/Documents/TravelTap
    

SwiftCompile normal arm64 /Users/erders/Documents/TravelTap/TravelTap/Data/Countries/Europe/Croatia/Cities/VarazdinAttractions.swift (in target 'TravelTap' from project 'TravelTap')
    cd /Users/erders/Documents/TravelTap
    

SwiftCompile normal arm64 /Users/erders/Documents/TravelTap/TravelTap/Data/Countries/Europe/Croatia/Cities/OsijekAttractions.swift (in target 'TravelTap' from project 'TravelTap')
    cd /Users/erders/Documents/TravelTap
    

SwiftCompile normal arm64 /Users/erders/Documents/TravelTap/TravelTap/Data/Countries/Europe/Croatia/Cities/CroatianBeachesAttractions.swift (in target 'TravelTap' from project 'TravelTap')
    cd /Users/erders/Documents/TravelTap
    

SwiftCompile normal arm64 /Users/erders/Documents/TravelTap/TravelTap/Data/Countries/Europe/Czechia/Cities/BrnoAttractions.swift (in target 'TravelTap' from project 'TravelTap')
    cd /Users/erders/Documents/TravelTap
    

SwiftCompile normal arm64 /Users/erders/Documents/TravelTap/TravelTap/Data/Countries/Europe/Czechia/Cities/CeskyKrumlovAttractions.swift (in target 'TravelTap' from project 'TravelTap')
    cd /Users/erders/Documents/TravelTap
    

SwiftCompile normal arm64 /Users/erders/Documents/TravelTap/TravelTap/Data/Countries/Europe/Czechia/Cities/KarlovyVaryAttractions.swift (in target 'TravelTap' from project 'TravelTap')
    cd /Users/erders/Documents/TravelTap
    

SwiftCompile normal arm64 /Users/erders/Documents/TravelTap/TravelTap/Data/Countries/Europe/Czechia/Cities/PragueAttractions.swift (in target 'TravelTap' from project 'TravelTap')
    cd /Users/erders/Documents/TravelTap
    

SwiftCompile normal arm64 /Users/erders/Documents/TravelTap/TravelTap/Data/Countries/Europe/Czechia/CzechiaPackage.swift (in target 'TravelTap' from project 'TravelTap')
    cd /Users/erders/Documents/TravelTap
    

SwiftCompile normal arm64 /Users/erders/Documents/TravelTap/TravelTap/Data/Countries/Europe/Denmark/Cities/AalborgAttractions.swift (in target 'TravelTap' from project 'TravelTap')
    cd /Users/erders/Documents/TravelTap
    

SwiftCompile normal arm64 /Users/erders/Documents/TravelTap/TravelTap/Data/Countries/Europe/Denmark/Cities/AarhusAttractions.swift (in target 'TravelTap' from project 'TravelTap')
    cd /Users/erders/Documents/TravelTap
    

SwiftCompile normal arm64 /Users/erders/Documents/TravelTap/TravelTap/Data/Countries/Europe/Denmark/Cities/CopenhagenAttractions.swift (in target 'TravelTap' from project 'TravelTap')
    cd /Users/erders/Documents/TravelTap
    

SwiftCompile normal arm64 /Users/erders/Documents/TravelTap/TravelTap/Data/Countries/Europe/Denmark/Cities/OdenseAttractions.swift (in target 'TravelTap' from project 'TravelTap')
    cd /Users/erders/Documents/TravelTap
    

SwiftCompile normal arm64 /Users/erders/Documents/TravelTap/TravelTap/Data/Countries/Europe/Denmark/DenmarkPackage.swift (in target 'TravelTap' from project 'TravelTap')
    cd /Users/erders/Documents/TravelTap
    

SwiftCompile normal arm64 /Users/erders/Documents/TravelTap/TravelTap/Data/Countries/Europe/England/Cities/BirminghamAttractions.swift (in target 'TravelTap' from project 'TravelTap')
    cd /Users/erders/Documents/TravelTap
    

SwiftDriverJobDiscovery normal arm64 Compiling StCroixAttractions.swift, StThomasAttractions.swift, StThomasBeachesAttractions.swift, USVIStJohnAttractions.swift, WaterIslandAttractions.swift, USVirginIslandsPackage.swift, AlbaniaPackage.swift, BeratAttractions.swift, GjirokasterAttractions.swift, SarandeAttractions.swift, TiranaAttractions.swift, AndorraPackage.swift, AndorraLaVellaAttractions.swift, EncampAttractions.swift, AustriaPackage.swift, ZellAmSeeAttractions.swift, BadGasteinAttractions.swift, KitzbuhelAttractions.swift, StAntonAttractions.swift, LechZursAttractions.swift, WachauValleyAttractions.swift, LinzAttractions.swift, KlagenfurtAttractions.swift, VillachAttractions.swift, BregenzAttractions.swift (in target 'TravelTap' from project 'TravelTap')

SwiftCompile normal arm64 Compiling\ EgerAttractions.swift,\ PecsAttractions.swift,\ SzentendreAttractions.swift,\ HungaryPackage.swift,\ DebrecenAttractions.swift,\ SzegedAttractions.swift,\ GyorAttractions.swift,\ SopronAttractions.swift,\ EsztergomAttractions.swift,\ VisegradAttractions.swift,\ VacAttractions.swift,\ HollokoAttractions.swift,\ AggtelekAttractions.swift,\ BalatonfuredAttractions.swift,\ TihanyAttractions.swift,\ SiofokAttractions.swift,\ KeszthelyAttractions.swift,\ BadacsonyAttractions.swift,\ TokajAttractions.swift,\ MiskolcAttractions.swift,\ KecskemetAttractions.swift,\ GyulaAttractions.swift,\ KalocsaAttractions.swift,\ PannonhalmaAttractions.swift,\ FertodAttractions.swift /Users/erders/Documents/TravelTap/TravelTap/Data/Countries/Europe/Hungary/Cities/EgerAttractions.swift /Users/erders/Documents/TravelTap/TravelTap/Data/Countries/Europe/Hungary/Cities/PecsAttractions.swift /Users/erders/Documents/TravelTap/TravelTap/Data/Countries/Europe/Hungary/Cities/SzentendreAttractions.swift /Users/erders/Documents/TravelTap/TravelTap/Data/Countries/Europe/Hungary/HungaryPackage.swift /Users/erders/Documents/TravelTap/TravelTap/Data/Countries/Europe/Hungary/Cities/DebrecenAttractions.swift /Users/erders/Documents/TravelTap/TravelTap/Data/Countries/Europe/Hungary/Cities/SzegedAttractions.swift /Users/erders/Documents/TravelTap/TravelTap/Data/Countries/Europe/Hungary/Cities/GyorAttractions.swift /Users/erders/Documents/TravelTap/TravelTap/Data/Countries/Europe/Hungary/Cities/SopronAttractions.swift /Users/erders/Documents/TravelTap/TravelTap/Data/Countries/Europe/Hungary/Cities/EsztergomAttractions.swift /Users/erders/Documents/TravelTap/TravelTap/Data/Countries/Europe/Hungary/Cities/VisegradAttractions.swift /Users/erders/Documents/TravelTap/TravelTap/Data/Countries/Europe/Hungary/Cities/VacAttractions.swift /Users/erders/Documents/TravelTap/TravelTap/Data/Countries/Europe/Hungary/Cities/HollokoAttractions.swift /Users/erders/Documents/TravelTap/TravelTap/Data/Countries/Europe/Hungary/Cities/AggtelekAttractions.swift /Users/erders/Documents/TravelTap/TravelTap/Data/Countries/Europe/Hungary/Cities/BalatonfuredAttractions.swift /Users/erders/Documents/TravelTap/TravelTap/Data/Countries/Europe/Hungary/Cities/TihanyAttractions.swift /Users/erders/Documents/TravelTap/TravelTap/Data/Countries/Europe/Hungary/Cities/SiofokAttractions.swift /Users/erders/Documents/TravelTap/TravelTap/Data/Countries/Europe/Hungary/Cities/KeszthelyAttractions.swift /Users/erders/Documents/TravelTap/TravelTap/Data/Countries/Europe/Hungary/Cities/BadacsonyAttractions.swift /Users/erders/Documents/TravelTap/TravelTap/Data/Countries/Europe/Hungary/Cities/TokajAttractions.swift /Users/erders/Documents/TravelTap/TravelTap/Data/Countries/Europe/Hungary/Cities/MiskolcAttractions.swift /Users/erders/Documents/TravelTap/TravelTap/Data/Countries/Europe/Hungary/Cities/KecskemetAttractions.swift /Users/erders/Documents/TravelTap/TravelTap/Data/Countries/Europe/Hungary/Cities/GyulaAttractions.swift /Users/erders/Documents/TravelTap/TravelTap/Data/Countries/Europe/Hungary/Cities/KalocsaAttractions.swift /Users/erders/Documents/TravelTap/TravelTap/Data/Countries/Europe/Hungary/Cities/PannonhalmaAttractions.swift /Users/erders/Documents/TravelTap/TravelTap/Data/Countries/Europe/Hungary/Cities/FertodAttractions.swift (in target 'TravelTap' from project 'TravelTap')

SwiftCompile normal arm64 /Users/erders/Documents/TravelTap/TravelTap/Data/Countries/Europe/Hungary/Cities/EgerAttractions.swift (in target 'TravelTap' from project 'TravelTap')
    cd /Users/erders/Documents/TravelTap
    

SwiftCompile normal arm64 /Users/erders/Documents/TravelTap/TravelTap/Data/Countries/Europe/Hungary/Cities/PecsAttractions.swift (in target 'TravelTap' from project 'TravelTap')
    cd /Users/erders/Documents/TravelTap
    

SwiftCompile normal arm64 /Users/erders/Documents/TravelTap/TravelTap/Data/Countries/Europe/Hungary/Cities/SzentendreAttractions.swift (in target 'TravelTap' from project 'TravelTap')
    cd /Users/erders/Documents/TravelTap
    

SwiftCompile normal arm64 /Users/erders/Documents/TravelTap/TravelTap/Data/Countries/Europe/Hungary/HungaryPackage.swift (in target 'TravelTap' from project 'TravelTap')
    cd /Users/erders/Documents/TravelTap
    

SwiftCompile normal arm64 /Users/erders/Documents/TravelTap/TravelTap/Data/Countries/Europe/Hungary/Cities/DebrecenAttractions.swift (in target 'TravelTap' from project 'TravelTap')
    cd /Users/erders/Documents/TravelTap
    

SwiftCompile normal arm64 /Users/erders/Documents/TravelTap/TravelTap/Data/Countries/Europe/Hungary/Cities/SzegedAttractions.swift (in target 'TravelTap' from project 'TravelTap')
    cd /Users/erders/Documents/TravelTap
    

SwiftCompile normal arm64 /Users/erders/Documents/TravelTap/TravelTap/Data/Countries/Europe/Hungary/Cities/GyorAttractions.swift (in target 'TravelTap' from project 'TravelTap')
    cd /Users/erders/Documents/TravelTap
    

SwiftCompile normal arm64 /Users/erders/Documents/TravelTap/TravelTap/Data/Countries/Europe/Hungary/Cities/SopronAttractions.swift (in target 'TravelTap' from project 'TravelTap')
    cd /Users/erders/Documents/TravelTap
    

SwiftCompile normal arm64 /Users/erders/Documents/TravelTap/TravelTap/Data/Countries/Europe/Hungary/Cities/EsztergomAttractions.swift (in target 'TravelTap' from project 'TravelTap')
    cd /Users/erders/Documents/TravelTap
    

SwiftCompile normal arm64 /Users/erders/Documents/TravelTap/TravelTap/Data/Countries/Europe/Hungary/Cities/VisegradAttractions.swift (in target 'TravelTap' from project 'TravelTap')
    cd /Users/erders/Documents/TravelTap
    

SwiftCompile normal arm64 /Users/erders/Documents/TravelTap/TravelTap/Data/Countries/Europe/Hungary/Cities/VacAttractions.swift (in target 'TravelTap' from project 'TravelTap')
    cd /Users/erders/Documents/TravelTap
    

SwiftCompile normal arm64 /Users/erders/Documents/TravelTap/TravelTap/Data/Countries/Europe/Hungary/Cities/HollokoAttractions.swift (in target 'TravelTap' from project 'TravelTap')
    cd /Users/erders/Documents/TravelTap
    

SwiftCompile normal arm64 /Users/erders/Documents/TravelTap/TravelTap/Data/Countries/Europe/Hungary/Cities/AggtelekAttractions.swift (in target 'TravelTap' from project 'TravelTap')
    cd /Users/erders/Documents/TravelTap
    

SwiftCompile normal arm64 /Users/erders/Documents/TravelTap/TravelTap/Data/Countries/Europe/Hungary/Cities/BalatonfuredAttractions.swift (in target 'TravelTap' from project 'TravelTap')
    cd /Users/erders/Documents/TravelTap
    

SwiftCompile normal arm64 /Users/erders/Documents/TravelTap/TravelTap/Data/Countries/Europe/Hungary/Cities/TihanyAttractions.swift (in target 'TravelTap' from project 'TravelTap')
    cd /Users/erders/Documents/TravelTap
    

SwiftCompile normal arm64 /Users/erders/Documents/TravelTap/TravelTap/Data/Countries/Europe/Hungary/Cities/SiofokAttractions.swift (in target 'TravelTap' from project 'TravelTap')
    cd /Users/erders/Documents/TravelTap
    

SwiftCompile normal arm64 /Users/erders/Documents/TravelTap/TravelTap/Data/Countries/Europe/Hungary/Cities/KeszthelyAttractions.swift (in target 'TravelTap' from project 'TravelTap')
    cd /Users/erders/Documents/TravelTap
    

SwiftCompile normal arm64 /Users/erders/Documents/TravelTap/TravelTap/Data/Countries/Europe/Hungary/Cities/BadacsonyAttractions.swift (in target 'TravelTap' from project 'TravelTap')
    cd /Users/erders/Documents/TravelTap
    

SwiftCompile normal arm64 /Users/erders/Documents/TravelTap/TravelTap/Data/Countries/Europe/Hungary/Cities/TokajAttractions.swift (in target 'TravelTap' from project 'TravelTap')
    cd /Users/erders/Documents/TravelTap
    

SwiftCompile normal arm64 /Users/erders/Documents/TravelTap/TravelTap/Data/Countries/Europe/Hungary/Cities/MiskolcAttractions.swift (in target 'TravelTap' from project 'TravelTap')
    cd /Users/erders/Documents/TravelTap
    

SwiftCompile normal arm64 /Users/erders/Documents/TravelTap/TravelTap/Data/Countries/Europe/Hungary/Cities/KecskemetAttractions.swift (in target 'TravelTap' from project 'TravelTap')
    cd /Users/erders/Documents/TravelTap
    

SwiftCompile normal arm64 /Users/erders/Documents/TravelTap/TravelTap/Data/Countries/Europe/Hungary/Cities/GyulaAttractions.swift (in target 'TravelTap' from project 'TravelTap')
    cd /Users/erders/Documents/TravelTap
    

SwiftCompile normal arm64 /Users/erders/Documents/TravelTap/TravelTap/Data/Countries/Europe/Hungary/Cities/KalocsaAttractions.swift (in target 'TravelTap' from project 'TravelTap')
    cd /Users/erders/Documents/TravelTap
    

SwiftCompile normal arm64 /Users/erders/Documents/TravelTap/TravelTap/Data/Countries/Europe/Hungary/Cities/PannonhalmaAttractions.swift (in target 'TravelTap' from project 'TravelTap')
    cd /Users/erders/Documents/TravelTap
    

SwiftCompile normal arm64 /Users/erders/Documents/TravelTap/TravelTap/Data/Countries/Europe/Hungary/Cities/FertodAttractions.swift (in target 'TravelTap' from project 'TravelTap')
    cd /Users/erders/Documents/TravelTap
    

SwiftDriverJobDiscovery normal arm64 Compiling HighAtlasAttractions.swift, EssaouiraAttractions.swift, DahabAttractions.swift, SharmElSheikhAttractions.swift, DenderaAbydosAttractions.swift, AlexandriaAttractions.swift, CairoAttractions.swift, SaqqaraAttractions.swift, FayoumAttractions.swift, LuxorAttractions.swift, AbuSimbelAttractions.swift, AswanAttractions.swift, SiwaAttractions.swift, EdfuKomOmboAttractions.swift, BahariyaFarafraAttractions.swift, SinaiAttractions.swift, HurghadaAttractions.swift, TunisAttractions.swift, CarthageAttractions.swift, SidiBouSaidAttractions.swift, KairouanAttractions.swift, SousseAttractions.swift, HammametAttractions.swift, DjerbaAttractions.swift (in target 'TravelTap' from project 'TravelTap')

SwiftCompile normal arm64 Compiling\ CookIslandsPackage.swift,\ CoralCoastAttractions.swift,\ DenarauAttractions.swift,\ KadavuAttractions.swift,\ MamanucaIslandsAttractions.swift,\ NadiAttractions.swift,\ PacificHarbourAttractions.swift,\ SavusavuAttractions.swift,\ SuvaAttractions.swift,\ TaveuniAttractions.swift,\ YasawaIslandsAttractions.swift,\ FijiPackage.swift,\ AustralsAttractions.swift,\ BoraBoraAttractions.swift,\ FakaravaAttractions.swift,\ MarquesasAttractions.swift,\ MooreaAttractions.swift,\ PapeeteAttractions.swift,\ RaiateaAttractions.swift,\ RangiroaAttractions.swift,\ SocietyIslandsAttractions.swift,\ FrenchPolynesiaPackage.swift,\ HagatnaAttractions.swift,\ GuamPackage.swift,\ ChuukAttractions.swift /Users/erders/Documents/TravelTap/TravelTap/Data/Countries/Oceania/CookIslands/CookIslandsPackage.swift /Users/erders/Documents/TravelTap/TravelTap/Data/Countries/Oceania/Fiji/Cities/CoralCoastAttractions.swift /Users/erders/Documents/TravelTap/TravelTap/Data/Countries/Oceania/Fiji/Cities/DenarauAttractions.swift /Users/erders/Documents/TravelTap/TravelTap/Data/Countries/Oceania/Fiji/Cities/KadavuAttractions.swift /Users/erders/Documents/TravelTap/TravelTap/Data/Countries/Oceania/Fiji/Cities/MamanucaIslandsAttractions.swift /Users/erders/Documents/TravelTap/TravelTap/Data/Countries/Oceania/Fiji/Cities/NadiAttractions.swift /Users/erders/Documents/TravelTap/TravelTap/Data/Countries/Oceania/Fiji/Cities/PacificHarbourAttractions.swift /Users/erders/Documents/TravelTap/TravelTap/Data/Countries/Oceania/Fiji/Cities/SavusavuAttractions.swift /Users/erders/Documents/TravelTap/TravelTap/Data/Countries/Oceania/Fiji/Cities/SuvaAttractions.swift /Users/erders/Documents/TravelTap/TravelTap/Data/Countries/Oceania/Fiji/Cities/TaveuniAttractions.swift /Users/erders/Documents/TravelTap/TravelTap/Data/Countries/Oceania/Fiji/Cities/YasawaIslandsAttractions.swift /Users/erders/Documents/TravelTap/TravelTap/Data/Countries/Oceania/Fiji/FijiPackage.swift /Users/erders/Documents/TravelTap/TravelTap/Data/Countries/Oceania/FrenchPolynesia/Cities/AustralsAttractions.swift /Users/erders/Documents/TravelTap/TravelTap/Data/Countries/Oceania/FrenchPolynesia/Cities/BoraBoraAttractions.swift /Users/erders/Documents/TravelTap/TravelTap/Data/Countries/Oceania/FrenchPolynesia/Cities/FakaravaAttractions.swift /Users/erders/Documents/TravelTap/TravelTap/Data/Countries/Oceania/FrenchPolynesia/Cities/MarquesasAttractions.swift /Users/erders/Documents/TravelTap/TravelTap/Data/Countries/Oceania/FrenchPolynesia/Cities/MooreaAttractions.swift /Users/erders/Documents/TravelTap/TravelTap/Data/Countries/Oceania/FrenchPolynesia/Cities/PapeeteAttractions.swift /Users/erders/Documents/TravelTap/TravelTap/Data/Countries/Oceania/FrenchPolynesia/Cities/RaiateaAttractions.swift /Users/erders/Documents/TravelTap/TravelTap/Data/Countries/Oceania/FrenchPolynesia/Cities/RangiroaAttractions.swift /Users/erders/Documents/TravelTap/TravelTap/Data/Countries/Oceania/FrenchPolynesia/Cities/SocietyIslandsAttractions.swift /Users/erders/Documents/TravelTap/TravelTap/Data/Countries/Oceania/FrenchPolynesia/FrenchPolynesiaPackage.swift /Users/erders/Documents/TravelTap/TravelTap/Data/Countries/Oceania/Guam/Cities/HagatnaAttractions.swift /Users/erders/Documents/TravelTap/TravelTap/Data/Countries/Oceania/Guam/GuamPackage.swift /Users/erders/Documents/TravelTap/TravelTap/Data/Countries/Oceania/Micronesia/Cities/ChuukAttractions.swift (in target 'TravelTap' from project 'TravelTap')

SwiftCompile normal arm64 /Users/erders/Documents/TravelTap/TravelTap/Data/Countries/Oceania/CookIslands/CookIslandsPackage.swift (in target 'TravelTap' from project 'TravelTap')
    cd /Users/erders/Documents/TravelTap
    

SwiftCompile normal arm64 /Users/erders/Documents/TravelTap/TravelTap/Data/Countries/Oceania/Fiji/Cities/CoralCoastAttractions.swift (in target 'TravelTap' from project 'TravelTap')
    cd /Users/erders/Documents/TravelTap
    

SwiftCompile normal arm64 /Users/erders/Documents/TravelTap/TravelTap/Data/Countries/Oceania/Fiji/Cities/DenarauAttractions.swift (in target 'TravelTap' from project 'TravelTap')
    cd /Users/erders/Documents/TravelTap
    

SwiftCompile normal arm64 /Users/erders/Documents/TravelTap/TravelTap/Data/Countries/Oceania/Fiji/Cities/KadavuAttractions.swift (in target 'TravelTap' from project 'TravelTap')
    cd /Users/erders/Documents/TravelTap
    

SwiftCompile normal arm64 /Users/erders/Documents/TravelTap/TravelTap/Data/Countries/Oceania/Fiji/Cities/MamanucaIslandsAttractions.swift (in target 'TravelTap' from project 'TravelTap')
    cd /Users/erders/Documents/TravelTap
    

SwiftCompile normal arm64 /Users/erders/Documents/TravelTap/TravelTap/Data/Countries/Oceania/Fiji/Cities/NadiAttractions.swift (in target 'TravelTap' from project 'TravelTap')
    cd /Users/erders/Documents/TravelTap
    

SwiftCompile normal arm64 /Users/erders/Documents/TravelTap/TravelTap/Data/Countries/Oceania/Fiji/Cities/PacificHarbourAttractions.swift (in target 'TravelTap' from project 'TravelTap')
    cd /Users/erders/Documents/TravelTap
    

SwiftCompile normal arm64 /Users/erders/Documents/TravelTap/TravelTap/Data/Countries/Oceania/Fiji/Cities/SavusavuAttractions.swift (in target 'TravelTap' from project 'TravelTap')
    cd /Users/erders/Documents/TravelTap
    

SwiftCompile normal arm64 /Users/erders/Documents/TravelTap/TravelTap/Data/Countries/Oceania/Fiji/Cities/SuvaAttractions.swift (in target 'TravelTap' from project 'TravelTap')
    cd /Users/erders/Documents/TravelTap
    

SwiftCompile normal arm64 /Users/erders/Documents/TravelTap/TravelTap/Data/Countries/Oceania/Fiji/Cities/TaveuniAttractions.swift (in target 'TravelTap' from project 'TravelTap')
    cd /Users/erders/Documents/TravelTap
    

SwiftCompile normal arm64 /Users/erders/Documents/TravelTap/TravelTap/Data/Countries/Oceania/Fiji/Cities/YasawaIslandsAttractions.swift (in target 'TravelTap' from project 'TravelTap')
    cd /Users/erders/Documents/TravelTap
    

SwiftCompile normal arm64 /Users/erders/Documents/TravelTap/TravelTap/Data/Countries/Oceania/Fiji/FijiPackage.swift (in target 'TravelTap' from project 'TravelTap')
    cd /Users/erders/Documents/TravelTap
    

SwiftCompile normal arm64 /Users/erders/Documents/TravelTap/TravelTap/Data/Countries/Oceania/FrenchPolynesia/Cities/AustralsAttractions.swift (in target 'TravelTap' from project 'TravelTap')
    cd /Users/erders/Documents/TravelTap
    

SwiftCompile normal arm64 /Users/erders/Documents/TravelTap/TravelTap/Data/Countries/Oceania/FrenchPolynesia/Cities/BoraBoraAttractions.swift (in target 'TravelTap' from project 'TravelTap')
    cd /Users/erders/Documents/TravelTap
    

SwiftCompile normal arm64 /Users/erders/Documents/TravelTap/TravelTap/Data/Countries/Oceania/FrenchPolynesia/Cities/FakaravaAttractions.swift (in target 'TravelTap' from project 'TravelTap')
    cd /Users/erders/Documents/TravelTap
    

SwiftCompile normal arm64 /Users/erders/Documents/TravelTap/TravelTap/Data/Countries/Oceania/FrenchPolynesia/Cities/MarquesasAttractions.swift (in target 'TravelTap' from project 'TravelTap')
    cd /Users/erders/Documents/TravelTap
    

SwiftCompile normal arm64 /Users/erders/Documents/TravelTap/TravelTap/Data/Countries/Oceania/FrenchPolynesia/Cities/MooreaAttractions.swift (in target 'TravelTap' from project 'TravelTap')
    cd /Users/erders/Documents/TravelTap
    

SwiftCompile normal arm64 /Users/erders/Documents/TravelTap/TravelTap/Data/Countries/Oceania/FrenchPolynesia/Cities/PapeeteAttractions.swift (in target 'TravelTap' from project 'TravelTap')
    cd /Users/erders/Documents/TravelTap
    

SwiftCompile normal arm64 /Users/erders/Documents/TravelTap/TravelTap/Data/Countries/Oceania/FrenchPolynesia/Cities/RaiateaAttractions.swift (in target 'TravelTap' from project 'TravelTap')
    cd /Users/erders/Documents/TravelTap
    

SwiftCompile normal arm64 /Users/erders/Documents/TravelTap/TravelTap/Data/Countries/Oceania/FrenchPolynesia/Cities/RangiroaAttractions.swift (in target 'TravelTap' from project 'TravelTap')
    cd /Users/erders/Documents/TravelTap
    

SwiftCompile normal arm64 /Users/erders/Documents/TravelTap/TravelTap/Data/Countries/Oceania/FrenchPolynesia/Cities/SocietyIslandsAttractions.swift (in target 'TravelTap' from project 'TravelTap')
    cd /Users/erders/Documents/TravelTap
    

SwiftCompile normal arm64 /Users/erders/Documents/TravelTap/TravelTap/Data/Countries/Oceania/FrenchPolynesia/FrenchPolynesiaPackage.swift (in target 'TravelTap' from project 'TravelTap')
    cd /Users/erders/Documents/TravelTap
    

SwiftCompile normal arm64 /Users/erders/Documents/TravelTap/TravelTap/Data/Countries/Oceania/Guam/Cities/HagatnaAttractions.swift (in target 'TravelTap' from project 'TravelTap')
    cd /Users/erders/Documents/TravelTap
    

SwiftCompile normal arm64 /Users/erders/Documents/TravelTap/TravelTap/Data/Countries/Oceania/Guam/GuamPackage.swift (in target 'TravelTap' from project 'TravelTap')
    cd /Users/erders/Documents/TravelTap
    

SwiftCompile normal arm64 /Users/erders/Documents/TravelTap/TravelTap/Data/Countries/Oceania/Micronesia/Cities/ChuukAttractions.swift (in target 'TravelTap' from project 'TravelTap')
    cd /Users/erders/Documents/TravelTap
    

SwiftDriverJobDiscovery normal arm64 Compiling KataviAttractions.swift, MafiaIslandAttractions.swift, LakeEyasiAttractions.swift, LakeNatronAttractions.swift, DaresSalaamAttractions.swift, ArushaAttractions.swift, SelousNyerereAttractions.swift, NgorongoroAttractions.swift, SerengetiRegionAttractions.swift, DodomaAttractions.swift, ZanzibarStoneTownAttractions.swift, TarangireAttractions.swift, PembaIslandAttractions.swift, KilwaAttractions.swift, ZanzibarBeachesNatureAttractions.swift, NairobiAttractions.swift, PortLouisNorthAttractions.swift, MauritiusWestSouthAttractions.swift, CentralEastAttractions.swift, SouthEastRodriguesAttractions.swift, BlackRiverAttractions.swift, UnsplashModels.swift, UnsplashManager.swift, GeneratedAssetSymbols.swift (in target 'TravelTap' from project 'TravelTap')

SwiftCompile normal arm64 Compiling\ MeccaAttractions.swift,\ MedinaAttractions.swift,\ AlAhsaAttractions.swift,\ AlKhobarAttractions.swift,\ TaifAttractions.swift,\ HailAttractions.swift,\ AbhaAttractions.swift,\ NajranAttractions.swift,\ TabukAttractions.swift,\ JazanAttractions.swift,\ AlUlaAttractions.swift,\ DeadSeaAttractions.swift,\ BaptismSiteAttractions.swift,\ AqabaAttractions.swift,\ DesertCastlesAttractions.swift,\ WadiRumAttractions.swift,\ JerashAttractions.swift,\ IrbidAttractions.swift,\ KarakAttractions.swift,\ AzraqAttractions.swift,\ MadabaAttractions.swift,\ SaltAttractions.swift,\ DanaAttractions.swift,\ ShobakAttractions.swift,\ NorthernAreasAttractions.swift /Users/erders/Documents/TravelTap/TravelTap/Data/Countries/Asia/MiddleEast/SaudiArabia/Cities/MeccaAttractions.swift /Users/erders/Documents/TravelTap/TravelTap/Data/Countries/Asia/MiddleEast/SaudiArabia/Cities/MedinaAttractions.swift /Users/erders/Documents/TravelTap/TravelTap/Data/Countries/Asia/MiddleEast/SaudiArabia/Cities/AlAhsaAttractions.swift /Users/erders/Documents/TravelTap/TravelTap/Data/Countries/Asia/MiddleEast/SaudiArabia/Cities/AlKhobarAttractions.swift /Users/erders/Documents/TravelTap/TravelTap/Data/Countries/Asia/MiddleEast/SaudiArabia/Cities/TaifAttractions.swift /Users/erders/Documents/TravelTap/TravelTap/Data/Countries/Asia/MiddleEast/SaudiArabia/Cities/HailAttractions.swift /Users/erders/Documents/TravelTap/TravelTap/Data/Countries/Asia/MiddleEast/SaudiArabia/Cities/AbhaAttractions.swift /Users/erders/Documents/TravelTap/TravelTap/Data/Countries/Asia/MiddleEast/SaudiArabia/Cities/NajranAttractions.swift /Users/erders/Documents/TravelTap/TravelTap/Data/Countries/Asia/MiddleEast/SaudiArabia/Cities/TabukAttractions.swift /Users/erders/Documents/TravelTap/TravelTap/Data/Countries/Asia/MiddleEast/SaudiArabia/Cities/JazanAttractions.swift /Users/erders/Documents/TravelTap/TravelTap/Data/Countries/Asia/MiddleEast/SaudiArabia/Cities/AlUlaAttractions.swift /Users/erders/Documents/TravelTap/TravelTap/Data/Countries/Asia/MiddleEast/Jordan/Cities/DeadSeaAttractions.swift /Users/erders/Documents/TravelTap/TravelTap/Data/Countries/Asia/MiddleEast/Jordan/Cities/BaptismSiteAttractions.swift /Users/erders/Documents/TravelTap/TravelTap/Data/Countries/Asia/MiddleEast/Jordan/Cities/AqabaAttractions.swift /Users/erders/Documents/TravelTap/TravelTap/Data/Countries/Asia/MiddleEast/Jordan/Cities/DesertCastlesAttractions.swift /Users/erders/Documents/TravelTap/TravelTap/Data/Countries/Asia/MiddleEast/Jordan/Cities/WadiRumAttractions.swift /Users/erders/Documents/TravelTap/TravelTap/Data/Countries/Asia/MiddleEast/Jordan/Cities/JerashAttractions.swift /Users/erders/Documents/TravelTap/TravelTap/Data/Countries/Asia/MiddleEast/Jordan/Cities/IrbidAttractions.swift /Users/erders/Documents/TravelTap/TravelTap/Data/Countries/Asia/MiddleEast/Jordan/Cities/KarakAttractions.swift /Users/erders/Documents/TravelTap/TravelTap/Data/Countries/Asia/MiddleEast/Jordan/Cities/AzraqAttractions.swift /Users/erders/Documents/TravelTap/TravelTap/Data/Countries/Asia/MiddleEast/Jordan/Cities/MadabaAttractions.swift /Users/erders/Documents/TravelTap/TravelTap/Data/Countries/Asia/MiddleEast/Jordan/Cities/SaltAttractions.swift /Users/erders/Documents/TravelTap/TravelTap/Data/Countries/Asia/MiddleEast/Jordan/Cities/DanaAttractions.swift /Users/erders/Documents/TravelTap/TravelTap/Data/Countries/Asia/MiddleEast/Jordan/Cities/ShobakAttractions.swift /Users/erders/Documents/TravelTap/TravelTap/Data/Countries/Asia/SouthAsia/Pakistan/Cities/NorthernAreasAttractions.swift (in target 'TravelTap' from project 'TravelTap')

SwiftCompile normal arm64 /Users/erders/Documents/TravelTap/TravelTap/Data/Countries/Asia/MiddleEast/SaudiArabia/Cities/MeccaAttractions.swift (in target 'TravelTap' from project 'TravelTap')
    cd /Users/erders/Documents/TravelTap
    

SwiftCompile normal arm64 /Users/erders/Documents/TravelTap/TravelTap/Data/Countries/Asia/MiddleEast/SaudiArabia/Cities/MedinaAttractions.swift (in target 'TravelTap' from project 'TravelTap')
    cd /Users/erders/Documents/TravelTap
    

SwiftCompile normal arm64 /Users/erders/Documents/TravelTap/TravelTap/Data/Countries/Asia/MiddleEast/SaudiArabia/Cities/AlAhsaAttractions.swift (in target 'TravelTap' from project 'TravelTap')
    cd /Users/erders/Documents/TravelTap
    

SwiftCompile normal arm64 /Users/erders/Documents/TravelTap/TravelTap/Data/Countries/Asia/MiddleEast/SaudiArabia/Cities/AlKhobarAttractions.swift (in target 'TravelTap' from project 'TravelTap')
    cd /Users/erders/Documents/TravelTap
    

SwiftCompile normal arm64 /Users/erders/Documents/TravelTap/TravelTap/Data/Countries/Asia/MiddleEast/SaudiArabia/Cities/TaifAttractions.swift (in target 'TravelTap' from project 'TravelTap')
    cd /Users/erders/Documents/TravelTap
    

SwiftCompile normal arm64 /Users/erders/Documents/TravelTap/TravelTap/Data/Countries/Asia/MiddleEast/SaudiArabia/Cities/HailAttractions.swift (in target 'TravelTap' from project 'TravelTap')
    cd /Users/erders/Documents/TravelTap
    

SwiftCompile normal arm64 /Users/erders/Documents/TravelTap/TravelTap/Data/Countries/Asia/MiddleEast/SaudiArabia/Cities/AbhaAttractions.swift (in target 'TravelTap' from project 'TravelTap')
    cd /Users/erders/Documents/TravelTap
    

SwiftCompile normal arm64 /Users/erders/Documents/TravelTap/TravelTap/Data/Countries/Asia/MiddleEast/SaudiArabia/Cities/NajranAttractions.swift (in target 'TravelTap' from project 'TravelTap')
    cd /Users/erders/Documents/TravelTap
    

SwiftCompile normal arm64 /Users/erders/Documents/TravelTap/TravelTap/Data/Countries/Asia/MiddleEast/SaudiArabia/Cities/TabukAttractions.swift (in target 'TravelTap' from project 'TravelTap')
    cd /Users/erders/Documents/TravelTap
    

SwiftCompile normal arm64 /Users/erders/Documents/TravelTap/TravelTap/Data/Countries/Asia/MiddleEast/SaudiArabia/Cities/JazanAttractions.swift (in target 'TravelTap' from project 'TravelTap')
    cd /Users/erders/Documents/TravelTap
    

SwiftCompile normal arm64 /Users/erders/Documents/TravelTap/TravelTap/Data/Countries/Asia/MiddleEast/SaudiArabia/Cities/AlUlaAttractions.swift (in target 'TravelTap' from project 'TravelTap')
    cd /Users/erders/Documents/TravelTap
    

SwiftCompile normal arm64 /Users/erders/Documents/TravelTap/TravelTap/Data/Countries/Asia/MiddleEast/Jordan/Cities/DeadSeaAttractions.swift (in target 'TravelTap' from project 'TravelTap')
    cd /Users/erders/Documents/TravelTap
    

SwiftCompile normal arm64 /Users/erders/Documents/TravelTap/TravelTap/Data/Countries/Asia/MiddleEast/Jordan/Cities/BaptismSiteAttractions.swift (in target 'TravelTap' from project 'TravelTap')
    cd /Users/erders/Documents/TravelTap
    

SwiftCompile normal arm64 /Users/erders/Documents/TravelTap/TravelTap/Data/Countries/Asia/MiddleEast/Jordan/Cities/AqabaAttractions.swift (in target 'TravelTap' from project 'TravelTap')
    cd /Users/erders/Documents/TravelTap
    

SwiftCompile normal arm64 /Users/erders/Documents/TravelTap/TravelTap/Data/Countries/Asia/MiddleEast/Jordan/Cities/DesertCastlesAttractions.swift (in target 'TravelTap' from project 'TravelTap')
    cd /Users/erders/Documents/TravelTap
    

SwiftCompile normal arm64 /Users/erders/Documents/TravelTap/TravelTap/Data/Countries/Asia/MiddleEast/Jordan/Cities/WadiRumAttractions.swift (in target 'TravelTap' from project 'TravelTap')
    cd /Users/erders/Documents/TravelTap
    

SwiftCompile normal arm64 /Users/erders/Documents/TravelTap/TravelTap/Data/Countries/Asia/MiddleEast/Jordan/Cities/JerashAttractions.swift (in target 'TravelTap' from project 'TravelTap')
    cd /Users/erders/Documents/TravelTap
    

SwiftCompile normal arm64 /Users/erders/Documents/TravelTap/TravelTap/Data/Countries/Asia/MiddleEast/Jordan/Cities/IrbidAttractions.swift (in target 'TravelTap' from project 'TravelTap')
    cd /Users/erders/Documents/TravelTap
    

SwiftCompile normal arm64 /Users/erders/Documents/TravelTap/TravelTap/Data/Countries/Asia/MiddleEast/Jordan/Cities/KarakAttractions.swift (in target 'TravelTap' from project 'TravelTap')
    cd /Users/erders/Documents/TravelTap
    

SwiftCompile normal arm64 /Users/erders/Documents/TravelTap/TravelTap/Data/Countries/Asia/MiddleEast/Jordan/Cities/AzraqAttractions.swift (in target 'TravelTap' from project 'TravelTap')
    cd /Users/erders/Documents/TravelTap
    

SwiftCompile normal arm64 /Users/erders/Documents/TravelTap/TravelTap/Data/Countries/Asia/MiddleEast/Jordan/Cities/MadabaAttractions.swift (in target 'TravelTap' from project 'TravelTap')
    cd /Users/erders/Documents/TravelTap
    

SwiftCompile normal arm64 /Users/erders/Documents/TravelTap/TravelTap/Data/Countries/Asia/MiddleEast/Jordan/Cities/SaltAttractions.swift (in target 'TravelTap' from project 'TravelTap')
    cd /Users/erders/Documents/TravelTap
    

SwiftCompile normal arm64 /Users/erders/Documents/TravelTap/TravelTap/Data/Countries/Asia/MiddleEast/Jordan/Cities/DanaAttractions.swift (in target 'TravelTap' from project 'TravelTap')
    cd /Users/erders/Documents/TravelTap
    

SwiftCompile normal arm64 /Users/erders/Documents/TravelTap/TravelTap/Data/Countries/Asia/MiddleEast/Jordan/Cities/ShobakAttractions.swift (in target 'TravelTap' from project 'TravelTap')
    cd /Users/erders/Documents/TravelTap
    

SwiftCompile normal arm64 /Users/erders/Documents/TravelTap/TravelTap/Data/Countries/Asia/SouthAsia/Pakistan/Cities/NorthernAreasAttractions.swift (in target 'TravelTap' from project 'TravelTap')
    cd /Users/erders/Documents/TravelTap
    

SwiftDriverJobDiscovery normal arm64 Compiling NoonuAtollAttractions.swift, LaamuAtollAttractions.swift, SouthMaleAtollAttractions.swift, GaafuAlifuAtollAttractions.swift, HulhumaleAttractions.swift, RaaAtollAttractions.swift, VillimaleAttractions.swift, GaafuDhaaluAtollAttractions.swift, DhaaluAtollAttractions.swift, FuvahmulahAttractions.swift, HaaAlifuAtollAttractions.swift, LhaviyaniAtollAttractions.swift, SongKulRegionAttractions.swift, TashRabatAttractions.swift, ArslanbobAttractions.swift, SuusamyrValleyAttractions.swift, ToktogulAttractions.swift, CholponAtaAttractions.swift, TalasAttractions.swift, BatkenAttractions.swift, AlaArchaNationalParkAttractions.swift, JalalAbadAttractions.swift, SaryChelekAttractions.swift, YanbuAttractions.swift, DammamAttractions.swift (in target 'TravelTap' from project 'TravelTap')

SwiftCompile normal arm64 Compiling\ LundAttractions.swift,\ KalmarAttractions.swift,\ HelsingborgAttractions.swift,\ KarlskronaAttractions.swift,\ AbiskoAttractions.swift,\ JokkmokkAttractions.swift,\ GallivareAttractions.swift,\ LuleaAttractions.swift,\ FalunAttractions.swift,\ MoraAttractions.swift,\ RattvikAttractions.swift,\ NusnasAttractions.swift,\ LeksandAttractions.swift,\ MarstrandAttractions.swift,\ SmogenAttractions.swift,\ FjallbackaAttractions.swift,\ LysekilAttractions.swift,\ OrebroAttractions.swift,\ LinkopingAttractions.swift,\ NorrkopingAttractions.swift,\ VasterasAttractions.swift,\ SigtunaAttractions.swift,\ YstadAttractions.swift,\ KristianstadAttractions.swift,\ SundsvallAttractions.swift /Users/erders/Documents/TravelTap/TravelTap/Data/Countries/Europe/Sweden/Cities/LundAttractions.swift /Users/erders/Documents/TravelTap/TravelTap/Data/Countries/Europe/Sweden/Cities/KalmarAttractions.swift /Users/erders/Documents/TravelTap/TravelTap/Data/Countries/Europe/Sweden/Cities/HelsingborgAttractions.swift /Users/erders/Documents/TravelTap/TravelTap/Data/Countries/Europe/Sweden/Cities/KarlskronaAttractions.swift /Users/erders/Documents/TravelTap/TravelTap/Data/Countries/Europe/Sweden/Cities/AbiskoAttractions.swift /Users/erders/Documents/TravelTap/TravelTap/Data/Countries/Europe/Sweden/Cities/JokkmokkAttractions.swift /Users/erders/Documents/TravelTap/TravelTap/Data/Countries/Europe/Sweden/Cities/GallivareAttractions.swift /Users/erders/Documents/TravelTap/TravelTap/Data/Countries/Europe/Sweden/Cities/LuleaAttractions.swift /Users/erders/Documents/TravelTap/TravelTap/Data/Countries/Europe/Sweden/Cities/FalunAttractions.swift /Users/erders/Documents/TravelTap/TravelTap/Data/Countries/Europe/Sweden/Cities/MoraAttractions.swift /Users/erders/Documents/TravelTap/TravelTap/Data/Countries/Europe/Sweden/Cities/RattvikAttractions.swift /Users/erders/Documents/TravelTap/TravelTap/Data/Countries/Europe/Sweden/Cities/NusnasAttractions.swift /Users/erders/Documents/TravelTap/TravelTap/Data/Countries/Europe/Sweden/Cities/LeksandAttractions.swift /Users/erders/Documents/TravelTap/TravelTap/Data/Countries/Europe/Sweden/Cities/MarstrandAttractions.swift /Users/erders/Documents/TravelTap/TravelTap/Data/Countries/Europe/Sweden/Cities/SmogenAttractions.swift /Users/erders/Documents/TravelTap/TravelTap/Data/Countries/Europe/Sweden/Cities/FjallbackaAttractions.swift /Users/erders/Documents/TravelTap/TravelTap/Data/Countries/Europe/Sweden/Cities/LysekilAttractions.swift /Users/erders/Documents/TravelTap/TravelTap/Data/Countries/Europe/Sweden/Cities/OrebroAttractions.swift /Users/erders/Documents/TravelTap/TravelTap/Data/Countries/Europe/Sweden/Cities/LinkopingAttractions.swift /Users/erders/Documents/TravelTap/TravelTap/Data/Countries/Europe/Sweden/Cities/NorrkopingAttractions.swift /Users/erders/Documents/TravelTap/TravelTap/Data/Countries/Europe/Sweden/Cities/VasterasAttractions.swift /Users/erders/Documents/TravelTap/TravelTap/Data/Countries/Europe/Sweden/Cities/SigtunaAttractions.swift /Users/erders/Documents/TravelTap/TravelTap/Data/Countries/Europe/Sweden/Cities/YstadAttractions.swift /Users/erders/Documents/TravelTap/TravelTap/Data/Countries/Europe/Sweden/Cities/KristianstadAttractions.swift /Users/erders/Documents/TravelTap/TravelTap/Data/Countries/Europe/Sweden/Cities/SundsvallAttractions.swift (in target 'TravelTap' from project 'TravelTap')

SwiftCompile normal arm64 /Users/erders/Documents/TravelTap/TravelTap/Data/Countries/Europe/Sweden/Cities/LundAttractions.swift (in target 'TravelTap' from project 'TravelTap')
    cd /Users/erders/Documents/TravelTap
    

SwiftCompile normal arm64 /Users/erders/Documents/TravelTap/TravelTap/Data/Countries/Europe/Sweden/Cities/KalmarAttractions.swift (in target 'TravelTap' from project 'TravelTap')
    cd /Users/erders/Documents/TravelTap
    

SwiftCompile normal arm64 /Users/erders/Documents/TravelTap/TravelTap/Data/Countries/Europe/Sweden/Cities/HelsingborgAttractions.swift (in target 'TravelTap' from project 'TravelTap')
    cd /Users/erders/Documents/TravelTap
    

SwiftCompile normal arm64 /Users/erders/Documents/TravelTap/TravelTap/Data/Countries/Europe/Sweden/Cities/KarlskronaAttractions.swift (in target 'TravelTap' from project 'TravelTap')
    cd /Users/erders/Documents/TravelTap
    

SwiftCompile normal arm64 /Users/erders/Documents/TravelTap/TravelTap/Data/Countries/Europe/Sweden/Cities/AbiskoAttractions.swift (in target 'TravelTap' from project 'TravelTap')
    cd /Users/erders/Documents/TravelTap
    

SwiftCompile normal arm64 /Users/erders/Documents/TravelTap/TravelTap/Data/Countries/Europe/Sweden/Cities/JokkmokkAttractions.swift (in target 'TravelTap' from project 'TravelTap')
    cd /Users/erders/Documents/TravelTap
    

SwiftCompile normal arm64 /Users/erders/Documents/TravelTap/TravelTap/Data/Countries/Europe/Sweden/Cities/GallivareAttractions.swift (in target 'TravelTap' from project 'TravelTap')
    cd /Users/erders/Documents/TravelTap
    

SwiftCompile normal arm64 /Users/erders/Documents/TravelTap/TravelTap/Data/Countries/Europe/Sweden/Cities/LuleaAttractions.swift (in target 'TravelTap' from project 'TravelTap')
    cd /Users/erders/Documents/TravelTap
    

SwiftCompile normal arm64 /Users/erders/Documents/TravelTap/TravelTap/Data/Countries/Europe/Sweden/Cities/FalunAttractions.swift (in target 'TravelTap' from project 'TravelTap')
    cd /Users/erders/Documents/TravelTap
    

SwiftCompile normal arm64 /Users/erders/Documents/TravelTap/TravelTap/Data/Countries/Europe/Sweden/Cities/MoraAttractions.swift (in target 'TravelTap' from project 'TravelTap')
    cd /Users/erders/Documents/TravelTap
    

SwiftCompile normal arm64 /Users/erders/Documents/TravelTap/TravelTap/Data/Countries/Europe/Sweden/Cities/RattvikAttractions.swift (in target 'TravelTap' from project 'TravelTap')
    cd /Users/erders/Documents/TravelTap
    

SwiftCompile normal arm64 /Users/erders/Documents/TravelTap/TravelTap/Data/Countries/Europe/Sweden/Cities/NusnasAttractions.swift (in target 'TravelTap' from project 'TravelTap')
    cd /Users/erders/Documents/TravelTap
    

SwiftCompile normal arm64 /Users/erders/Documents/TravelTap/TravelTap/Data/Countries/Europe/Sweden/Cities/LeksandAttractions.swift (in target 'TravelTap' from project 'TravelTap')
    cd /Users/erders/Documents/TravelTap
    

SwiftCompile normal arm64 /Users/erders/Documents/TravelTap/TravelTap/Data/Countries/Europe/Sweden/Cities/MarstrandAttractions.swift (in target 'TravelTap' from project 'TravelTap')
    cd /Users/erders/Documents/TravelTap
    

SwiftCompile normal arm64 /Users/erders/Documents/TravelTap/TravelTap/Data/Countries/Europe/Sweden/Cities/SmogenAttractions.swift (in target 'TravelTap' from project 'TravelTap')
    cd /Users/erders/Documents/TravelTap
    

SwiftCompile normal arm64 /Users/erders/Documents/TravelTap/TravelTap/Data/Countries/Europe/Sweden/Cities/FjallbackaAttractions.swift (in target 'TravelTap' from project 'TravelTap')
    cd /Users/erders/Documents/TravelTap
    

SwiftCompile normal arm64 /Users/erders/Documents/TravelTap/TravelTap/Data/Countries/Europe/Sweden/Cities/LysekilAttractions.swift (in target 'TravelTap' from project 'TravelTap')
    cd /Users/erders/Documents/TravelTap
    

SwiftCompile normal arm64 /Users/erders/Documents/TravelTap/TravelTap/Data/Countries/Europe/Sweden/Cities/OrebroAttractions.swift (in target 'TravelTap' from project 'TravelTap')
    cd /Users/erders/Documents/TravelTap
    

SwiftCompile normal arm64 /Users/erders/Documents/TravelTap/TravelTap/Data/Countries/Europe/Sweden/Cities/LinkopingAttractions.swift (in target 'TravelTap' from project 'TravelTap')
    cd /Users/erders/Documents/TravelTap
    

SwiftCompile normal arm64 /Users/erders/Documents/TravelTap/TravelTap/Data/Countries/Europe/Sweden/Cities/NorrkopingAttractions.swift (in target 'TravelTap' from project 'TravelTap')
    cd /Users/erders/Documents/TravelTap
    

SwiftCompile normal arm64 /Users/erders/Documents/TravelTap/TravelTap/Data/Countries/Europe/Sweden/Cities/VasterasAttractions.swift (in target 'TravelTap' from project 'TravelTap')
    cd /Users/erders/Documents/TravelTap
    

SwiftCompile normal arm64 /Users/erders/Documents/TravelTap/TravelTap/Data/Countries/Europe/Sweden/Cities/SigtunaAttractions.swift (in target 'TravelTap' from project 'TravelTap')
    cd /Users/erders/Documents/TravelTap
    

SwiftCompile normal arm64 /Users/erders/Documents/TravelTap/TravelTap/Data/Countries/Europe/Sweden/Cities/YstadAttractions.swift (in target 'TravelTap' from project 'TravelTap')
    cd /Users/erders/Documents/TravelTap
    

SwiftCompile normal arm64 /Users/erders/Documents/TravelTap/TravelTap/Data/Countries/Europe/Sweden/Cities/KristianstadAttractions.swift (in target 'TravelTap' from project 'TravelTap')
    cd /Users/erders/Documents/TravelTap
    

SwiftCompile normal arm64 /Users/erders/Documents/TravelTap/TravelTap/Data/Countries/Europe/Sweden/Cities/SundsvallAttractions.swift (in target 'TravelTap' from project 'TravelTap')
    cd /Users/erders/Documents/TravelTap
    

SwiftDriverJobDiscovery normal arm64 Compiling LaRiojaAttractions.swift, GijonAttractions.swift, SalamancaAttractions.swift, BurgosAttractions.swift, RondaAttractions.swift, CadizAttractions.swift, MarbellaAttractions.swift, OviedoAttractions.swift, ZaragozaAttractions.swift, IbizaAttractions.swift, SegoviaAttractions.swift, SantanderAttractions.swift, SantiagoDeCompostelaAttractions.swift, TarragonaAttractions.swift, MalagaAttractions.swift, LeonAttractions.swift, ESPMeridaAttractions.swift, ESPCuencaAttractions.swift, ESPLeonAttractions.swift, CuencaAttractions.swift, MeridaAttractions.swift, PalermoAttractions.swift, AssisiAttractions.swift, ParmaAttractions.swift, AgrigentoAttractions.swift (in target 'TravelTap' from project 'TravelTap')

SwiftCompile normal arm64 Compiling\ WashingtonDCAttractions.swift,\ WyomingAttractions.swift,\ USAPackage.swift,\ AustraliaPackage.swift,\ AdelaideAttractions.swift,\ AliceSpringsAttractions.swift,\ BarossaValleyAttractions.swift,\ BayOfFiresAttractions.swift,\ BlueMountainsAttractions.swift,\ BrisbaneAttractions.swift,\ BroomeAttractions.swift,\ BrunyIslandAttractions.swift,\ CairnsAttractions.swift,\ CentralTasmaniaAttractions.swift,\ CradleMountainAttractions.swift,\ DarwinAttractions.swift,\ EsperanceAttractions.swift,\ FlindersIslandAttractions.swift,\ FlindersRangesAttractions.swift,\ FreycinetAttractions.swift,\ GoldCoastAttractions.swift,\ GreatOceanRoadAttractions.swift,\ HobartAttractions.swift,\ HuonValleyAttractions.swift,\ KakaduAttractions.swift /Users/erders/Documents/TravelTap/TravelTap/Data/Countries/NorthAmerica/USA/Cities/WashingtonDCAttractions.swift /Users/erders/Documents/TravelTap/TravelTap/Data/Countries/NorthAmerica/USA/Cities/WyomingAttractions.swift /Users/erders/Documents/TravelTap/TravelTap/Data/Countries/NorthAmerica/USA/USAPackage.swift /Users/erders/Documents/TravelTap/TravelTap/Data/Countries/Oceania/Australia/AustraliaPackage.swift /Users/erders/Documents/TravelTap/TravelTap/Data/Countries/Oceania/Australia/Cities/AdelaideAttractions.swift /Users/erders/Documents/TravelTap/TravelTap/Data/Countries/Oceania/Australia/Cities/AliceSpringsAttractions.swift /Users/erders/Documents/TravelTap/TravelTap/Data/Countries/Oceania/Australia/Cities/BarossaValleyAttractions.swift /Users/erders/Documents/TravelTap/TravelTap/Data/Countries/Oceania/Australia/Cities/BayOfFiresAttractions.swift /Users/erders/Documents/TravelTap/TravelTap/Data/Countries/Oceania/Australia/Cities/BlueMountainsAttractions.swift /Users/erders/Documents/TravelTap/TravelTap/Data/Countries/Oceania/Australia/Cities/BrisbaneAttractions.swift /Users/erders/Documents/TravelTap/TravelTap/Data/Countries/Oceania/Australia/Cities/BroomeAttractions.swift /Users/erders/Documents/TravelTap/TravelTap/Data/Countries/Oceania/Australia/Cities/BrunyIslandAttractions.swift /Users/erders/Documents/TravelTap/TravelTap/Data/Countries/Oceania/Australia/Cities/CairnsAttractions.swift /Users/erders/Documents/TravelTap/TravelTap/Data/Countries/Oceania/Australia/Cities/CentralTasmaniaAttractions.swift /Users/erders/Documents/TravelTap/TravelTap/Data/Countries/Oceania/Australia/Cities/CradleMountainAttractions.swift /Users/erders/Documents/TravelTap/TravelTap/Data/Countries/Oceania/Australia/Cities/DarwinAttractions.swift /Users/erders/Documents/TravelTap/TravelTap/Data/Countries/Oceania/Australia/Cities/EsperanceAttractions.swift /Users/erders/Documents/TravelTap/TravelTap/Data/Countries/Oceania/Australia/Cities/FlindersIslandAttractions.swift /Users/erders/Documents/TravelTap/TravelTap/Data/Countries/Oceania/Australia/Cities/FlindersRangesAttractions.swift /Users/erders/Documents/TravelTap/TravelTap/Data/Countries/Oceania/Australia/Cities/FreycinetAttractions.swift /Users/erders/Documents/TravelTap/TravelTap/Data/Countries/Oceania/Australia/Cities/GoldCoastAttractions.swift /Users/erders/Documents/TravelTap/TravelTap/Data/Countries/Oceania/Australia/Cities/GreatOceanRoadAttractions.swift /Users/erders/Documents/TravelTap/TravelTap/Data/Countries/Oceania/Australia/Cities/HobartAttractions.swift /Users/erders/Documents/TravelTap/TravelTap/Data/Countries/Oceania/Australia/Cities/HuonValleyAttractions.swift /Users/erders/Documents/TravelTap/TravelTap/Data/Countries/Oceania/Australia/Cities/KakaduAttractions.swift (in target 'TravelTap' from project 'TravelTap')

SwiftCompile normal arm64 /Users/erders/Documents/TravelTap/TravelTap/Data/Countries/NorthAmerica/USA/Cities/WashingtonDCAttractions.swift (in target 'TravelTap' from project 'TravelTap')
    cd /Users/erders/Documents/TravelTap
    

SwiftCompile normal arm64 /Users/erders/Documents/TravelTap/TravelTap/Data/Countries/NorthAmerica/USA/Cities/WyomingAttractions.swift (in target 'TravelTap' from project 'TravelTap')
    cd /Users/erders/Documents/TravelTap
    

SwiftCompile normal arm64 /Users/erders/Documents/TravelTap/TravelTap/Data/Countries/NorthAmerica/USA/USAPackage.swift (in target 'TravelTap' from project 'TravelTap')
    cd /Users/erders/Documents/TravelTap
    

SwiftCompile normal arm64 /Users/erders/Documents/TravelTap/TravelTap/Data/Countries/Oceania/Australia/AustraliaPackage.swift (in target 'TravelTap' from project 'TravelTap')
    cd /Users/erders/Documents/TravelTap
    

SwiftCompile normal arm64 /Users/erders/Documents/TravelTap/TravelTap/Data/Countries/Oceania/Australia/Cities/AdelaideAttractions.swift (in target 'TravelTap' from project 'TravelTap')
    cd /Users/erders/Documents/TravelTap
    

SwiftCompile normal arm64 /Users/erders/Documents/TravelTap/TravelTap/Data/Countries/Oceania/Australia/Cities/AliceSpringsAttractions.swift (in target 'TravelTap' from project 'TravelTap')
    cd /Users/erders/Documents/TravelTap
    

SwiftCompile normal arm64 /Users/erders/Documents/TravelTap/TravelTap/Data/Countries/Oceania/Australia/Cities/BarossaValleyAttractions.swift (in target 'TravelTap' from project 'TravelTap')
    cd /Users/erders/Documents/TravelTap
    

SwiftCompile normal arm64 /Users/erders/Documents/TravelTap/TravelTap/Data/Countries/Oceania/Australia/Cities/BayOfFiresAttractions.swift (in target 'TravelTap' from project 'TravelTap')
    cd /Users/erders/Documents/TravelTap
    

SwiftCompile normal arm64 /Users/erders/Documents/TravelTap/TravelTap/Data/Countries/Oceania/Australia/Cities/BlueMountainsAttractions.swift (in target 'TravelTap' from project 'TravelTap')
    cd /Users/erders/Documents/TravelTap
    

SwiftCompile normal arm64 /Users/erders/Documents/TravelTap/TravelTap/Data/Countries/Oceania/Australia/Cities/BrisbaneAttractions.swift (in target 'TravelTap' from project 'TravelTap')
    cd /Users/erders/Documents/TravelTap
    

SwiftCompile normal arm64 /Users/erders/Documents/TravelTap/TravelTap/Data/Countries/Oceania/Australia/Cities/BroomeAttractions.swift (in target 'TravelTap' from project 'TravelTap')
    cd /Users/erders/Documents/TravelTap
    

SwiftCompile normal arm64 /Users/erders/Documents/TravelTap/TravelTap/Data/Countries/Oceania/Australia/Cities/BrunyIslandAttractions.swift (in target 'TravelTap' from project 'TravelTap')
    cd /Users/erders/Documents/TravelTap
    

SwiftCompile normal arm64 /Users/erders/Documents/TravelTap/TravelTap/Data/Countries/Oceania/Australia/Cities/CairnsAttractions.swift (in target 'TravelTap' from project 'TravelTap')
    cd /Users/erders/Documents/TravelTap
    

SwiftCompile normal arm64 /Users/erders/Documents/TravelTap/TravelTap/Data/Countries/Oceania/Australia/Cities/CentralTasmaniaAttractions.swift (in target 'TravelTap' from project 'TravelTap')
    cd /Users/erders/Documents/TravelTap
    

SwiftCompile normal arm64 /Users/erders/Documents/TravelTap/TravelTap/Data/Countries/Oceania/Australia/Cities/CradleMountainAttractions.swift (in target 'TravelTap' from project 'TravelTap')
    cd /Users/erders/Documents/TravelTap
    

SwiftCompile normal arm64 /Users/erders/Documents/TravelTap/TravelTap/Data/Countries/Oceania/Australia/Cities/DarwinAttractions.swift (in target 'TravelTap' from project 'TravelTap')
    cd /Users/erders/Documents/TravelTap
    

SwiftCompile normal arm64 /Users/erders/Documents/TravelTap/TravelTap/Data/Countries/Oceania/Australia/Cities/EsperanceAttractions.swift (in target 'TravelTap' from project 'TravelTap')
    cd /Users/erders/Documents/TravelTap
    

SwiftCompile normal arm64 /Users/erders/Documents/TravelTap/TravelTap/Data/Countries/Oceania/Australia/Cities/FlindersIslandAttractions.swift (in target 'TravelTap' from project 'TravelTap')
    cd /Users/erders/Documents/TravelTap
    

SwiftCompile normal arm64 /Users/erders/Documents/TravelTap/TravelTap/Data/Countries/Oceania/Australia/Cities/FlindersRangesAttractions.swift (in target 'TravelTap' from project 'TravelTap')
    cd /Users/erders/Documents/TravelTap
    

SwiftCompile normal arm64 /Users/erders/Documents/TravelTap/TravelTap/Data/Countries/Oceania/Australia/Cities/FreycinetAttractions.swift (in target 'TravelTap' from project 'TravelTap')
    cd /Users/erders/Documents/TravelTap
    

SwiftCompile normal arm64 /Users/erders/Documents/TravelTap/TravelTap/Data/Countries/Oceania/Australia/Cities/GoldCoastAttractions.swift (in target 'TravelTap' from project 'TravelTap')
    cd /Users/erders/Documents/TravelTap
    

SwiftCompile normal arm64 /Users/erders/Documents/TravelTap/TravelTap/Data/Countries/Oceania/Australia/Cities/GreatOceanRoadAttractions.swift (in target 'TravelTap' from project 'TravelTap')
    cd /Users/erders/Documents/TravelTap
    

SwiftCompile normal arm64 /Users/erders/Documents/TravelTap/TravelTap/Data/Countries/Oceania/Australia/Cities/HobartAttractions.swift (in target 'TravelTap' from project 'TravelTap')
    cd /Users/erders/Documents/TravelTap
    

SwiftCompile normal arm64 /Users/erders/Documents/TravelTap/TravelTap/Data/Countries/Oceania/Australia/Cities/HuonValleyAttractions.swift (in target 'TravelTap' from project 'TravelTap')
    cd /Users/erders/Documents/TravelTap
    

SwiftCompile normal arm64 /Users/erders/Documents/TravelTap/TravelTap/Data/Countries/Oceania/Australia/Cities/KakaduAttractions.swift (in target 'TravelTap' from project 'TravelTap')
    cd /Users/erders/Documents/TravelTap
    

SwiftDriverJobDiscovery normal arm64 Compiling GhardaiaAttractions.swift, TamanrassetAttractions.swift, DjanetAttractions.swift, BejaiaAttractions.swift, AnnabaAttractions.swift, SetifAttractions.swift, ElOuedAttractions.swift, GrandErgOrientalAttractions.swift, GrandErgOccidentalAttractions.swift, ChreaAttractions.swift, TazaAttractions.swift, ElKalaAttractions.swift, LaikipiaAttractions.swift, AmboseliAttractions.swift, TurkanaAttractions.swift, NanyukiAttractions.swift, HomaBayAttractions.swift, NarokAttractions.swift, KajiadoAttractions.swift, KakamegaAttractions.swift, MombasaAttractions.swift, NaivashaAttractions.swift, WasiniAttractions.swift, MeruAttractions.swift (in target 'TravelTap' from project 'TravelTap')

SwiftCompile normal arm64 Compiling\ CharlestonAttractions.swift,\ ChicagoAttractions.swift,\ ColoradoAttractions.swift,\ FloridaAttractions.swift,\ HawaiiAttractions.swift,\ LasVegasAttractions.swift,\ LosAngelesAttractions.swift,\ MiamiAttractions.swift,\ MontanaAttractions.swift,\ NashvilleAttractions.swift,\ NewMexicoAttractions.swift,\ NewOrleansAttractions.swift,\ NewYorkAttractions.swift,\ NiagaraFallsAttractions.swift,\ OregonAttractions.swift,\ OrlandoAttractions.swift,\ PhiladelphiaAttractions.swift,\ SanDiegoAttractions.swift,\ SanFranciscoAttractions.swift,\ SavannahAttractions.swift,\ SeattleAttractions.swift,\ SouthDakotaAttractions.swift,\ StLouisAttractions.swift,\ TexasAttractions.swift,\ UtahAttractions.swift /Users/erders/Documents/TravelTap/TravelTap/Data/Countries/NorthAmerica/USA/Cities/CharlestonAttractions.swift /Users/erders/Documents/TravelTap/TravelTap/Data/Countries/NorthAmerica/USA/Cities/ChicagoAttractions.swift /Users/erders/Documents/TravelTap/TravelTap/Data/Countries/NorthAmerica/USA/Cities/ColoradoAttractions.swift /Users/erders/Documents/TravelTap/TravelTap/Data/Countries/NorthAmerica/USA/Cities/FloridaAttractions.swift /Users/erders/Documents/TravelTap/TravelTap/Data/Countries/NorthAmerica/USA/Cities/HawaiiAttractions.swift /Users/erders/Documents/TravelTap/TravelTap/Data/Countries/NorthAmerica/USA/Cities/LasVegasAttractions.swift /Users/erders/Documents/TravelTap/TravelTap/Data/Countries/NorthAmerica/USA/Cities/LosAngelesAttractions.swift /Users/erders/Documents/TravelTap/TravelTap/Data/Countries/NorthAmerica/USA/Cities/MiamiAttractions.swift /Users/erders/Documents/TravelTap/TravelTap/Data/Countries/NorthAmerica/USA/Cities/MontanaAttractions.swift /Users/erders/Documents/TravelTap/TravelTap/Data/Countries/NorthAmerica/USA/Cities/NashvilleAttractions.swift /Users/erders/Documents/TravelTap/TravelTap/Data/Countries/NorthAmerica/USA/Cities/NewMexicoAttractions.swift /Users/erders/Documents/TravelTap/TravelTap/Data/Countries/NorthAmerica/USA/Cities/NewOrleansAttractions.swift /Users/erders/Documents/TravelTap/TravelTap/Data/Countries/NorthAmerica/USA/Cities/NewYorkAttractions.swift /Users/erders/Documents/TravelTap/TravelTap/Data/Countries/NorthAmerica/USA/Cities/NiagaraFallsAttractions.swift /Users/erders/Documents/TravelTap/TravelTap/Data/Countries/NorthAmerica/USA/Cities/OregonAttractions.swift /Users/erders/Documents/TravelTap/TravelTap/Data/Countries/NorthAmerica/USA/Cities/OrlandoAttractions.swift /Users/erders/Documents/TravelTap/TravelTap/Data/Countries/NorthAmerica/USA/Cities/PhiladelphiaAttractions.swift /Users/erders/Documents/TravelTap/TravelTap/Data/Countries/NorthAmerica/USA/Cities/SanDiegoAttractions.swift /Users/erders/Documents/TravelTap/TravelTap/Data/Countries/NorthAmerica/USA/Cities/SanFranciscoAttractions.swift /Users/erders/Documents/TravelTap/TravelTap/Data/Countries/NorthAmerica/USA/Cities/SavannahAttractions.swift /Users/erders/Documents/TravelTap/TravelTap/Data/Countries/NorthAmerica/USA/Cities/SeattleAttractions.swift /Users/erders/Documents/TravelTap/TravelTap/Data/Countries/NorthAmerica/USA/Cities/SouthDakotaAttractions.swift /Users/erders/Documents/TravelTap/TravelTap/Data/Countries/NorthAmerica/USA/Cities/StLouisAttractions.swift /Users/erders/Documents/TravelTap/TravelTap/Data/Countries/NorthAmerica/USA/Cities/TexasAttractions.swift /Users/erders/Documents/TravelTap/TravelTap/Data/Countries/NorthAmerica/USA/Cities/UtahAttractions.swift (in target 'TravelTap' from project 'TravelTap')

SwiftCompile normal arm64 /Users/erders/Documents/TravelTap/TravelTap/Data/Countries/NorthAmerica/USA/Cities/CharlestonAttractions.swift (in target 'TravelTap' from project 'TravelTap')
    cd /Users/erders/Documents/TravelTap
    

SwiftCompile normal arm64 /Users/erders/Documents/TravelTap/TravelTap/Data/Countries/NorthAmerica/USA/Cities/ChicagoAttractions.swift (in target 'TravelTap' from project 'TravelTap')
    cd /Users/erders/Documents/TravelTap
    

SwiftCompile normal arm64 /Users/erders/Documents/TravelTap/TravelTap/Data/Countries/NorthAmerica/USA/Cities/ColoradoAttractions.swift (in target 'TravelTap' from project 'TravelTap')
    cd /Users/erders/Documents/TravelTap
    

SwiftCompile normal arm64 /Users/erders/Documents/TravelTap/TravelTap/Data/Countries/NorthAmerica/USA/Cities/FloridaAttractions.swift (in target 'TravelTap' from project 'TravelTap')
    cd /Users/erders/Documents/TravelTap
    

SwiftCompile normal arm64 /Users/erders/Documents/TravelTap/TravelTap/Data/Countries/NorthAmerica/USA/Cities/HawaiiAttractions.swift (in target 'TravelTap' from project 'TravelTap')
    cd /Users/erders/Documents/TravelTap
    

SwiftCompile normal arm64 /Users/erders/Documents/TravelTap/TravelTap/Data/Countries/NorthAmerica/USA/Cities/LasVegasAttractions.swift (in target 'TravelTap' from project 'TravelTap')
    cd /Users/erders/Documents/TravelTap
    

SwiftCompile normal arm64 /Users/erders/Documents/TravelTap/TravelTap/Data/Countries/NorthAmerica/USA/Cities/LosAngelesAttractions.swift (in target 'TravelTap' from project 'TravelTap')
    cd /Users/erders/Documents/TravelTap
    

SwiftCompile normal arm64 /Users/erders/Documents/TravelTap/TravelTap/Data/Countries/NorthAmerica/USA/Cities/MiamiAttractions.swift (in target 'TravelTap' from project 'TravelTap')
    cd /Users/erders/Documents/TravelTap
    

SwiftCompile normal arm64 /Users/erders/Documents/TravelTap/TravelTap/Data/Countries/NorthAmerica/USA/Cities/MontanaAttractions.swift (in target 'TravelTap' from project 'TravelTap')
    cd /Users/erders/Documents/TravelTap
    

SwiftCompile normal arm64 /Users/erders/Documents/TravelTap/TravelTap/Data/Countries/NorthAmerica/USA/Cities/NashvilleAttractions.swift (in target 'TravelTap' from project 'TravelTap')
    cd /Users/erders/Documents/TravelTap
    

SwiftCompile normal arm64 /Users/erders/Documents/TravelTap/TravelTap/Data/Countries/NorthAmerica/USA/Cities/NewMexicoAttractions.swift (in target 'TravelTap' from project 'TravelTap')
    cd /Users/erders/Documents/TravelTap
    

SwiftCompile normal arm64 /Users/erders/Documents/TravelTap/TravelTap/Data/Countries/NorthAmerica/USA/Cities/NewOrleansAttractions.swift (in target 'TravelTap' from project 'TravelTap')
    cd /Users/erders/Documents/TravelTap
    

SwiftCompile normal arm64 /Users/erders/Documents/TravelTap/TravelTap/Data/Countries/NorthAmerica/USA/Cities/NewYorkAttractions.swift (in target 'TravelTap' from project 'TravelTap')
    cd /Users/erders/Documents/TravelTap
    

SwiftCompile normal arm64 /Users/erders/Documents/TravelTap/TravelTap/Data/Countries/NorthAmerica/USA/Cities/NiagaraFallsAttractions.swift (in target 'TravelTap' from project 'TravelTap')
    cd /Users/erders/Documents/TravelTap
    

SwiftCompile normal arm64 /Users/erders/Documents/TravelTap/TravelTap/Data/Countries/NorthAmerica/USA/Cities/OregonAttractions.swift (in target 'TravelTap' from project 'TravelTap')
    cd /Users/erders/Documents/TravelTap
    

SwiftCompile normal arm64 /Users/erders/Documents/TravelTap/TravelTap/Data/Countries/NorthAmerica/USA/Cities/OrlandoAttractions.swift (in target 'TravelTap' from project 'TravelTap')
    cd /Users/erders/Documents/TravelTap
    

SwiftCompile normal arm64 /Users/erders/Documents/TravelTap/TravelTap/Data/Countries/NorthAmerica/USA/Cities/PhiladelphiaAttractions.swift (in target 'TravelTap' from project 'TravelTap')
    cd /Users/erders/Documents/TravelTap
    

SwiftCompile normal arm64 /Users/erders/Documents/TravelTap/TravelTap/Data/Countries/NorthAmerica/USA/Cities/SanDiegoAttractions.swift (in target 'TravelTap' from project 'TravelTap')
    cd /Users/erders/Documents/TravelTap
    

SwiftCompile normal arm64 /Users/erders/Documents/TravelTap/TravelTap/Data/Countries/NorthAmerica/USA/Cities/SanFranciscoAttractions.swift (in target 'TravelTap' from project 'TravelTap')
    cd /Users/erders/Documents/TravelTap
    

SwiftCompile normal arm64 /Users/erders/Documents/TravelTap/TravelTap/Data/Countries/NorthAmerica/USA/Cities/SavannahAttractions.swift (in target 'TravelTap' from project 'TravelTap')
    cd /Users/erders/Documents/TravelTap
    

SwiftCompile normal arm64 /Users/erders/Documents/TravelTap/TravelTap/Data/Countries/NorthAmerica/USA/Cities/SeattleAttractions.swift (in target 'TravelTap' from project 'TravelTap')
    cd /Users/erders/Documents/TravelTap
    

SwiftCompile normal arm64 /Users/erders/Documents/TravelTap/TravelTap/Data/Countries/NorthAmerica/USA/Cities/SouthDakotaAttractions.swift (in target 'TravelTap' from project 'TravelTap')
    cd /Users/erders/Documents/TravelTap
    

SwiftCompile normal arm64 /Users/erders/Documents/TravelTap/TravelTap/Data/Countries/NorthAmerica/USA/Cities/StLouisAttractions.swift (in target 'TravelTap' from project 'TravelTap')
    cd /Users/erders/Documents/TravelTap
    

SwiftCompile normal arm64 /Users/erders/Documents/TravelTap/TravelTap/Data/Countries/NorthAmerica/USA/Cities/TexasAttractions.swift (in target 'TravelTap' from project 'TravelTap')
    cd /Users/erders/Documents/TravelTap
    

SwiftCompile normal arm64 /Users/erders/Documents/TravelTap/TravelTap/Data/Countries/NorthAmerica/USA/Cities/UtahAttractions.swift (in target 'TravelTap' from project 'TravelTap')
    cd /Users/erders/Documents/TravelTap
    

SwiftDriverJobDiscovery normal arm64 Compiling EgerAttractions.swift, PecsAttractions.swift, SzentendreAttractions.swift, HungaryPackage.swift, DebrecenAttractions.swift, SzegedAttractions.swift, GyorAttractions.swift, SopronAttractions.swift, EsztergomAttractions.swift, VisegradAttractions.swift, VacAttractions.swift, HollokoAttractions.swift, AggtelekAttractions.swift, BalatonfuredAttractions.swift, TihanyAttractions.swift, SiofokAttractions.swift, KeszthelyAttractions.swift, BadacsonyAttractions.swift, TokajAttractions.swift, MiskolcAttractions.swift, KecskemetAttractions.swift, GyulaAttractions.swift, KalocsaAttractions.swift, PannonhalmaAttractions.swift, FertodAttractions.swift (in target 'TravelTap' from project 'TravelTap')

SwiftCompile normal arm64 Compiling\ MilosAttractions.swift,\ IkariaAttractions.swift,\ SkiathosAttractions.swift,\ MeteoraAttractions.swift,\ IosAttractions.swift,\ ParosAttractions.swift,\ DortmundAttractions.swift,\ LeuvenAttractions.swift,\ ArdennesAttractions.swift,\ MonsAttractions.swift,\ BastogneAttractions.swift,\ KnokkeHeistAttractions.swift,\ DeHaanAttractions.swift,\ KortrijkAttractions.swift,\ DinantAttractions.swift,\ OstendAttractions.swift,\ SpaAttractions.swift,\ HasseltAttractions.swift,\ YpresAttractions.swift,\ MechelenAttractions.swift,\ WaterlooAttractions.swift,\ VillersLaVilleAttractions.swift,\ BlankenbergeAttractions.swift,\ TongerenAttractions.swift,\ BincheAttractions.swift /Users/erders/Documents/TravelTap/TravelTap/Data/Countries/Europe/Greece/Cities/MilosAttractions.swift /Users/erders/Documents/TravelTap/TravelTap/Data/Countries/Europe/Greece/Cities/IkariaAttractions.swift /Users/erders/Documents/TravelTap/TravelTap/Data/Countries/Europe/Greece/Cities/SkiathosAttractions.swift /Users/erders/Documents/TravelTap/TravelTap/Data/Countries/Europe/Greece/Cities/MeteoraAttractions.swift /Users/erders/Documents/TravelTap/TravelTap/Data/Countries/Europe/Greece/Cities/IosAttractions.swift /Users/erders/Documents/TravelTap/TravelTap/Data/Countries/Europe/Greece/Cities/ParosAttractions.swift /Users/erders/Documents/TravelTap/TravelTap/Data/Countries/Europe/Germany/Cities/DortmundAttractions.swift /Users/erders/Documents/TravelTap/TravelTap/Data/Countries/Europe/Belgium/Cities/LeuvenAttractions.swift /Users/erders/Documents/TravelTap/TravelTap/Data/Countries/Europe/Belgium/Cities/ArdennesAttractions.swift /Users/erders/Documents/TravelTap/TravelTap/Data/Countries/Europe/Belgium/Cities/MonsAttractions.swift /Users/erders/Documents/TravelTap/TravelTap/Data/Countries/Europe/Belgium/Cities/BastogneAttractions.swift /Users/erders/Documents/TravelTap/TravelTap/Data/Countries/Europe/Belgium/Cities/KnokkeHeistAttractions.swift /Users/erders/Documents/TravelTap/TravelTap/Data/Countries/Europe/Belgium/Cities/DeHaanAttractions.swift /Users/erders/Documents/TravelTap/TravelTap/Data/Countries/Europe/Belgium/Cities/KortrijkAttractions.swift /Users/erders/Documents/TravelTap/TravelTap/Data/Countries/Europe/Belgium/Cities/DinantAttractions.swift /Users/erders/Documents/TravelTap/TravelTap/Data/Countries/Europe/Belgium/Cities/OstendAttractions.swift /Users/erders/Documents/TravelTap/TravelTap/Data/Countries/Europe/Belgium/Cities/SpaAttractions.swift /Users/erders/Documents/TravelTap/TravelTap/Data/Countries/Europe/Belgium/Cities/HasseltAttractions.swift /Users/erders/Documents/TravelTap/TravelTap/Data/Countries/Europe/Belgium/Cities/YpresAttractions.swift /Users/erders/Documents/TravelTap/TravelTap/Data/Countries/Europe/Belgium/Cities/MechelenAttractions.swift /Users/erders/Documents/TravelTap/TravelTap/Data/Countries/Europe/Belgium/Cities/WaterlooAttractions.swift /Users/erders/Documents/TravelTap/TravelTap/Data/Countries/Europe/Belgium/Cities/VillersLaVilleAttractions.swift /Users/erders/Documents/TravelTap/TravelTap/Data/Countries/Europe/Belgium/Cities/BlankenbergeAttractions.swift /Users/erders/Documents/TravelTap/TravelTap/Data/Countries/Europe/Belgium/Cities/TongerenAttractions.swift /Users/erders/Documents/TravelTap/TravelTap/Data/Countries/Europe/Belgium/Cities/BincheAttractions.swift (in target 'TravelTap' from project 'TravelTap')

SwiftCompile normal arm64 /Users/erders/Documents/TravelTap/TravelTap/Data/Countries/Europe/Greece/Cities/MilosAttractions.swift (in target 'TravelTap' from project 'TravelTap')
    cd /Users/erders/Documents/TravelTap
    

SwiftCompile normal arm64 /Users/erders/Documents/TravelTap/TravelTap/Data/Countries/Europe/Greece/Cities/IkariaAttractions.swift (in target 'TravelTap' from project 'TravelTap')
    cd /Users/erders/Documents/TravelTap
    

SwiftCompile normal arm64 /Users/erders/Documents/TravelTap/TravelTap/Data/Countries/Europe/Greece/Cities/SkiathosAttractions.swift (in target 'TravelTap' from project 'TravelTap')
    cd /Users/erders/Documents/TravelTap
    

SwiftCompile normal arm64 /Users/erders/Documents/TravelTap/TravelTap/Data/Countries/Europe/Greece/Cities/MeteoraAttractions.swift (in target 'TravelTap' from project 'TravelTap')
    cd /Users/erders/Documents/TravelTap
    

SwiftCompile normal arm64 /Users/erders/Documents/TravelTap/TravelTap/Data/Countries/Europe/Greece/Cities/IosAttractions.swift (in target 'TravelTap' from project 'TravelTap')
    cd /Users/erders/Documents/TravelTap
    

SwiftCompile normal arm64 /Users/erders/Documents/TravelTap/TravelTap/Data/Countries/Europe/Greece/Cities/ParosAttractions.swift (in target 'TravelTap' from project 'TravelTap')
    cd /Users/erders/Documents/TravelTap
    

SwiftCompile normal arm64 /Users/erders/Documents/TravelTap/TravelTap/Data/Countries/Europe/Germany/Cities/DortmundAttractions.swift (in target 'TravelTap' from project 'TravelTap')
    cd /Users/erders/Documents/TravelTap
    

SwiftCompile normal arm64 /Users/erders/Documents/TravelTap/TravelTap/Data/Countries/Europe/Belgium/Cities/LeuvenAttractions.swift (in target 'TravelTap' from project 'TravelTap')
    cd /Users/erders/Documents/TravelTap
    

SwiftCompile normal arm64 /Users/erders/Documents/TravelTap/TravelTap/Data/Countries/Europe/Belgium/Cities/ArdennesAttractions.swift (in target 'TravelTap' from project 'TravelTap')
    cd /Users/erders/Documents/TravelTap
    

SwiftCompile normal arm64 /Users/erders/Documents/TravelTap/TravelTap/Data/Countries/Europe/Belgium/Cities/MonsAttractions.swift (in target 'TravelTap' from project 'TravelTap')
    cd /Users/erders/Documents/TravelTap
    

SwiftCompile normal arm64 /Users/erders/Documents/TravelTap/TravelTap/Data/Countries/Europe/Belgium/Cities/BastogneAttractions.swift (in target 'TravelTap' from project 'TravelTap')
    cd /Users/erders/Documents/TravelTap
    

SwiftCompile normal arm64 /Users/erders/Documents/TravelTap/TravelTap/Data/Countries/Europe/Belgium/Cities/KnokkeHeistAttractions.swift (in target 'TravelTap' from project 'TravelTap')
    cd /Users/erders/Documents/TravelTap
    

SwiftCompile normal arm64 /Users/erders/Documents/TravelTap/TravelTap/Data/Countries/Europe/Belgium/Cities/DeHaanAttractions.swift (in target 'TravelTap' from project 'TravelTap')
    cd /Users/erders/Documents/TravelTap
    

SwiftCompile normal arm64 /Users/erders/Documents/TravelTap/TravelTap/Data/Countries/Europe/Belgium/Cities/KortrijkAttractions.swift (in target 'TravelTap' from project 'TravelTap')
    cd /Users/erders/Documents/TravelTap
    

SwiftCompile normal arm64 /Users/erders/Documents/TravelTap/TravelTap/Data/Countries/Europe/Belgium/Cities/DinantAttractions.swift (in target 'TravelTap' from project 'TravelTap')
    cd /Users/erders/Documents/TravelTap
    

SwiftCompile normal arm64 /Users/erders/Documents/TravelTap/TravelTap/Data/Countries/Europe/Belgium/Cities/OstendAttractions.swift (in target 'TravelTap' from project 'TravelTap')
    cd /Users/erders/Documents/TravelTap
    

SwiftCompile normal arm64 /Users/erders/Documents/TravelTap/TravelTap/Data/Countries/Europe/Belgium/Cities/SpaAttractions.swift (in target 'TravelTap' from project 'TravelTap')
    cd /Users/erders/Documents/TravelTap
    

SwiftCompile normal arm64 /Users/erders/Documents/TravelTap/TravelTap/Data/Countries/Europe/Belgium/Cities/HasseltAttractions.swift (in target 'TravelTap' from project 'TravelTap')
    cd /Users/erders/Documents/TravelTap
    

SwiftCompile normal arm64 /Users/erders/Documents/TravelTap/TravelTap/Data/Countries/Europe/Belgium/Cities/YpresAttractions.swift (in target 'TravelTap' from project 'TravelTap')
    cd /Users/erders/Documents/TravelTap
    

SwiftCompile normal arm64 /Users/erders/Documents/TravelTap/TravelTap/Data/Countries/Europe/Belgium/Cities/MechelenAttractions.swift (in target 'TravelTap' from project 'TravelTap')
    cd /Users/erders/Documents/TravelTap
    

SwiftCompile normal arm64 /Users/erders/Documents/TravelTap/TravelTap/Data/Countries/Europe/Belgium/Cities/WaterlooAttractions.swift (in target 'TravelTap' from project 'TravelTap')
    cd /Users/erders/Documents/TravelTap
    

SwiftCompile normal arm64 /Users/erders/Documents/TravelTap/TravelTap/Data/Countries/Europe/Belgium/Cities/VillersLaVilleAttractions.swift (in target 'TravelTap' from project 'TravelTap')
    cd /Users/erders/Documents/TravelTap
    

SwiftCompile normal arm64 /Users/erders/Documents/TravelTap/TravelTap/Data/Countries/Europe/Belgium/Cities/BlankenbergeAttractions.swift (in target 'TravelTap' from project 'TravelTap')
    cd /Users/erders/Documents/TravelTap
    

SwiftCompile normal arm64 /Users/erders/Documents/TravelTap/TravelTap/Data/Countries/Europe/Belgium/Cities/TongerenAttractions.swift (in target 'TravelTap' from project 'TravelTap')
    cd /Users/erders/Documents/TravelTap
    

SwiftCompile normal arm64 /Users/erders/Documents/TravelTap/TravelTap/Data/Countries/Europe/Belgium/Cities/BincheAttractions.swift (in target 'TravelTap' from project 'TravelTap')
    cd /Users/erders/Documents/TravelTap
    

SwiftDriverJobDiscovery normal arm64 Compiling CookIslandsPackage.swift, CoralCoastAttractions.swift, DenarauAttractions.swift, KadavuAttractions.swift, MamanucaIslandsAttractions.swift, NadiAttractions.swift, PacificHarbourAttractions.swift, SavusavuAttractions.swift, SuvaAttractions.swift, TaveuniAttractions.swift, YasawaIslandsAttractions.swift, FijiPackage.swift, AustralsAttractions.swift, BoraBoraAttractions.swift, FakaravaAttractions.swift, MarquesasAttractions.swift, MooreaAttractions.swift, PapeeteAttractions.swift, RaiateaAttractions.swift, RangiroaAttractions.swift, SocietyIslandsAttractions.swift, FrenchPolynesiaPackage.swift, HagatnaAttractions.swift, GuamPackage.swift, ChuukAttractions.swift (in target 'TravelTap' from project 'TravelTap')

SwiftCompile normal arm64 Compiling\ PerthshireAttractions.swift,\ PitlochryAttractions.swift,\ DundeeAttractions.swift,\ OuterHebridesAttractions.swift,\ IsleOfSkyeAttractions.swift,\ GlencoeAttractions.swift,\ LochNessAttractions.swift,\ DumfriesAndGallowayAttractions.swift,\ CairngormsAttractions.swift,\ ScottishBordersAttractions.swift,\ FortWilliamAttractions.swift,\ LochLomondAttractions.swift,\ BohemianSwitzerlandAttractions.swift,\ ZnojmoAttractions.swift,\ HradecKraloveAttractions.swift,\ HlubokaAttractions.swift,\ TrebicAttractions.swift,\ LoketAttractions.swift,\ KonopisteAttractions.swift,\ LitomyslAttractions.swift,\ OstravaAttractions.swift,\ RoudniceAttractions.swift,\ MikulovAttractions.swift,\ KutnaHoraAttractions.swift,\ LiberecAttractions.swift /Users/erders/Documents/TravelTap/TravelTap/Data/Countries/Europe/Scotland/Cities/PerthshireAttractions.swift /Users/erders/Documents/TravelTap/TravelTap/Data/Countries/Europe/Scotland/Cities/PitlochryAttractions.swift /Users/erders/Documents/TravelTap/TravelTap/Data/Countries/Europe/Scotland/Cities/DundeeAttractions.swift /Users/erders/Documents/TravelTap/TravelTap/Data/Countries/Europe/Scotland/Cities/OuterHebridesAttractions.swift /Users/erders/Documents/TravelTap/TravelTap/Data/Countries/Europe/Scotland/Cities/IsleOfSkyeAttractions.swift /Users/erders/Documents/TravelTap/TravelTap/Data/Countries/Europe/Scotland/Cities/GlencoeAttractions.swift /Users/erders/Documents/TravelTap/TravelTap/Data/Countries/Europe/Scotland/Cities/LochNessAttractions.swift /Users/erders/Documents/TravelTap/TravelTap/Data/Countries/Europe/Scotland/Cities/DumfriesAndGallowayAttractions.swift /Users/erders/Documents/TravelTap/TravelTap/Data/Countries/Europe/Scotland/Cities/CairngormsAttractions.swift /Users/erders/Documents/TravelTap/TravelTap/Data/Countries/Europe/Scotland/Cities/ScottishBordersAttractions.swift /Users/erders/Documents/TravelTap/TravelTap/Data/Countries/Europe/Scotland/Cities/FortWilliamAttractions.swift /Users/erders/Documents/TravelTap/TravelTap/Data/Countries/Europe/Scotland/Cities/LochLomondAttractions.swift /Users/erders/Documents/TravelTap/TravelTap/Data/Countries/Europe/Czechia/Cities/BohemianSwitzerlandAttractions.swift /Users/erders/Documents/TravelTap/TravelTap/Data/Countries/Europe/Czechia/Cities/ZnojmoAttractions.swift /Users/erders/Documents/TravelTap/TravelTap/Data/Countries/Europe/Czechia/Cities/HradecKraloveAttractions.swift /Users/erders/Documents/TravelTap/TravelTap/Data/Countries/Europe/Czechia/Cities/HlubokaAttractions.swift /Users/erders/Documents/TravelTap/TravelTap/Data/Countries/Europe/Czechia/Cities/TrebicAttractions.swift /Users/erders/Documents/TravelTap/TravelTap/Data/Countries/Europe/Czechia/Cities/LoketAttractions.swift /Users/erders/Documents/TravelTap/TravelTap/Data/Countries/Europe/Czechia/Cities/KonopisteAttractions.swift /Users/erders/Documents/TravelTap/TravelTap/Data/Countries/Europe/Czechia/Cities/LitomyslAttractions.swift /Users/erders/Documents/TravelTap/TravelTap/Data/Countries/Europe/Czechia/Cities/OstravaAttractions.swift /Users/erders/Documents/TravelTap/TravelTap/Data/Countries/Europe/Czechia/Cities/RoudniceAttractions.swift /Users/erders/Documents/TravelTap/TravelTap/Data/Countries/Europe/Czechia/Cities/MikulovAttractions.swift /Users/erders/Documents/TravelTap/TravelTap/Data/Countries/Europe/Czechia/Cities/KutnaHoraAttractions.swift /Users/erders/Documents/TravelTap/TravelTap/Data/Countries/Europe/Czechia/Cities/LiberecAttractions.swift (in target 'TravelTap' from project 'TravelTap')

SwiftCompile normal arm64 /Users/erders/Documents/TravelTap/TravelTap/Data/Countries/Europe/Scotland/Cities/PerthshireAttractions.swift (in target 'TravelTap' from project 'TravelTap')
    cd /Users/erders/Documents/TravelTap
    

SwiftCompile normal arm64 /Users/erders/Documents/TravelTap/TravelTap/Data/Countries/Europe/Scotland/Cities/PitlochryAttractions.swift (in target 'TravelTap' from project 'TravelTap')
    cd /Users/erders/Documents/TravelTap
    

SwiftCompile normal arm64 /Users/erders/Documents/TravelTap/TravelTap/Data/Countries/Europe/Scotland/Cities/DundeeAttractions.swift (in target 'TravelTap' from project 'TravelTap')
    cd /Users/erders/Documents/TravelTap
    

SwiftCompile normal arm64 /Users/erders/Documents/TravelTap/TravelTap/Data/Countries/Europe/Scotland/Cities/OuterHebridesAttractions.swift (in target 'TravelTap' from project 'TravelTap')
    cd /Users/erders/Documents/TravelTap
    

SwiftCompile normal arm64 /Users/erders/Documents/TravelTap/TravelTap/Data/Countries/Europe/Scotland/Cities/IsleOfSkyeAttractions.swift (in target 'TravelTap' from project 'TravelTap')
    cd /Users/erders/Documents/TravelTap
    

SwiftCompile normal arm64 /Users/erders/Documents/TravelTap/TravelTap/Data/Countries/Europe/Scotland/Cities/GlencoeAttractions.swift (in target 'TravelTap' from project 'TravelTap')
    cd /Users/erders/Documents/TravelTap
    

SwiftCompile normal arm64 /Users/erders/Documents/TravelTap/TravelTap/Data/Countries/Europe/Scotland/Cities/LochNessAttractions.swift (in target 'TravelTap' from project 'TravelTap')
    cd /Users/erders/Documents/TravelTap
    

SwiftCompile normal arm64 /Users/erders/Documents/TravelTap/TravelTap/Data/Countries/Europe/Scotland/Cities/DumfriesAndGallowayAttractions.swift (in target 'TravelTap' from project 'TravelTap')
    cd /Users/erders/Documents/TravelTap
    

SwiftCompile normal arm64 /Users/erders/Documents/TravelTap/TravelTap/Data/Countries/Europe/Scotland/Cities/CairngormsAttractions.swift (in target 'TravelTap' from project 'TravelTap')
    cd /Users/erders/Documents/TravelTap
    

SwiftCompile normal arm64 /Users/erders/Documents/TravelTap/TravelTap/Data/Countries/Europe/Scotland/Cities/ScottishBordersAttractions.swift (in target 'TravelTap' from project 'TravelTap')
    cd /Users/erders/Documents/TravelTap
    

SwiftCompile normal arm64 /Users/erders/Documents/TravelTap/TravelTap/Data/Countries/Europe/Scotland/Cities/FortWilliamAttractions.swift (in target 'TravelTap' from project 'TravelTap')
    cd /Users/erders/Documents/TravelTap
    

SwiftCompile normal arm64 /Users/erders/Documents/TravelTap/TravelTap/Data/Countries/Europe/Scotland/Cities/LochLomondAttractions.swift (in target 'TravelTap' from project 'TravelTap')
    cd /Users/erders/Documents/TravelTap
    

SwiftCompile normal arm64 /Users/erders/Documents/TravelTap/TravelTap/Data/Countries/Europe/Czechia/Cities/BohemianSwitzerlandAttractions.swift (in target 'TravelTap' from project 'TravelTap')
    cd /Users/erders/Documents/TravelTap
    

SwiftCompile normal arm64 /Users/erders/Documents/TravelTap/TravelTap/Data/Countries/Europe/Czechia/Cities/ZnojmoAttractions.swift (in target 'TravelTap' from project 'TravelTap')
    cd /Users/erders/Documents/TravelTap
    

SwiftCompile normal arm64 /Users/erders/Documents/TravelTap/TravelTap/Data/Countries/Europe/Czechia/Cities/HradecKraloveAttractions.swift (in target 'TravelTap' from project 'TravelTap')
    cd /Users/erders/Documents/TravelTap
    

SwiftCompile normal arm64 /Users/erders/Documents/TravelTap/TravelTap/Data/Countries/Europe/Czechia/Cities/HlubokaAttractions.swift (in target 'TravelTap' from project 'TravelTap')
    cd /Users/erders/Documents/TravelTap
    

SwiftCompile normal arm64 /Users/erders/Documents/TravelTap/TravelTap/Data/Countries/Europe/Czechia/Cities/TrebicAttractions.swift (in target 'TravelTap' from project 'TravelTap')
    cd /Users/erders/Documents/TravelTap
    

SwiftCompile normal arm64 /Users/erders/Documents/TravelTap/TravelTap/Data/Countries/Europe/Czechia/Cities/LoketAttractions.swift (in target 'TravelTap' from project 'TravelTap')
    cd /Users/erders/Documents/TravelTap
    

SwiftCompile normal arm64 /Users/erders/Documents/TravelTap/TravelTap/Data/Countries/Europe/Czechia/Cities/KonopisteAttractions.swift (in target 'TravelTap' from project 'TravelTap')
    cd /Users/erders/Documents/TravelTap
    

SwiftCompile normal arm64 /Users/erders/Documents/TravelTap/TravelTap/Data/Countries/Europe/Czechia/Cities/LitomyslAttractions.swift (in target 'TravelTap' from project 'TravelTap')
    cd /Users/erders/Documents/TravelTap
    

SwiftCompile normal arm64 /Users/erders/Documents/TravelTap/TravelTap/Data/Countries/Europe/Czechia/Cities/OstravaAttractions.swift (in target 'TravelTap' from project 'TravelTap')
    cd /Users/erders/Documents/TravelTap
    

SwiftCompile normal arm64 /Users/erders/Documents/TravelTap/TravelTap/Data/Countries/Europe/Czechia/Cities/RoudniceAttractions.swift (in target 'TravelTap' from project 'TravelTap')
    cd /Users/erders/Documents/TravelTap
    

SwiftCompile normal arm64 /Users/erders/Documents/TravelTap/TravelTap/Data/Countries/Europe/Czechia/Cities/MikulovAttractions.swift (in target 'TravelTap' from project 'TravelTap')
    cd /Users/erders/Documents/TravelTap
    

SwiftCompile normal arm64 /Users/erders/Documents/TravelTap/TravelTap/Data/Countries/Europe/Czechia/Cities/KutnaHoraAttractions.swift (in target 'TravelTap' from project 'TravelTap')
    cd /Users/erders/Documents/TravelTap
    

SwiftCompile normal arm64 /Users/erders/Documents/TravelTap/TravelTap/Data/Countries/Europe/Czechia/Cities/LiberecAttractions.swift (in target 'TravelTap' from project 'TravelTap')
    cd /Users/erders/Documents/TravelTap
    

SwiftDriverJobDiscovery normal arm64 Compiling TorunAttractions.swift, LodzAttractions.swift, LublinAttractions.swift, ZakopaneAttractions.swift, TatraMountainsAttractions.swift, MalborkAttractions.swift, CzestochowaAttractions.swift, AuschwitzBirkenauAttractions.swift, BialowiezaAttractions.swift, BieszczadyMountainsAttractions.swift, MasurianLakesAttractions.swift, SzczecinAttractions.swift, KatowiceAttractions.swift, WoodenChurchesAttractions.swift, KalwariaZebrzydowskaAttractions.swift, ZamoscAttractions.swift, AlgarveAttractions.swift, CoimbraAttractions.swift, LisbonAttractions.swift, PortoAttractions.swift, SintraAttractions.swift, PortugalPackage.swift, BrasovAttractions.swift, BucharestAttractions.swift, ClujNapocaAttractions.swift (in target 'TravelTap' from project 'TravelTap')

SwiftCompile normal arm64 Compiling\ BusuangaAttractions.swift,\ PangasinanAttractions.swift,\ DumagueteAttractions.swift,\ PanglaoAttractions.swift,\ SubicAttractions.swift,\ PhuQuocAttractions.swift,\ NinhBinhAttractions.swift,\ DaNangAttractions.swift,\ DaLatAttractions.swift,\ NhaTrangAttractions.swift,\ MuiNeAttractions.swift,\ HaLongBayAttractions.swift,\ PhongNhaAttractions.swift,\ QuyNhonAttractions.swift,\ ConDaoAttractions.swift,\ HoiAnAttractions.swift,\ CanThoAttractions.swift,\ HueAttractions.swift,\ ChauDocAttractions.swift,\ SapaAttractions.swift,\ BukitLawangAttractions.swift,\ BintanAttractions.swift,\ AcehAttractions.swift,\ BromoAttractions.swift,\ JakartaAttractions.swift /Users/erders/Documents/TravelTap/TravelTap/Data/Countries/Asia/SoutheastAsia/Philippines/Cities/BusuangaAttractions.swift /Users/erders/Documents/TravelTap/TravelTap/Data/Countries/Asia/SoutheastAsia/Philippines/Cities/PangasinanAttractions.swift /Users/erders/Documents/TravelTap/TravelTap/Data/Countries/Asia/SoutheastAsia/Philippines/Cities/DumagueteAttractions.swift /Users/erders/Documents/TravelTap/TravelTap/Data/Countries/Asia/SoutheastAsia/Philippines/Cities/PanglaoAttractions.swift /Users/erders/Documents/TravelTap/TravelTap/Data/Countries/Asia/SoutheastAsia/Philippines/Cities/SubicAttractions.swift /Users/erders/Documents/TravelTap/TravelTap/Data/Countries/Asia/SoutheastAsia/Vietnam/Cities/PhuQuocAttractions.swift /Users/erders/Documents/TravelTap/TravelTap/Data/Countries/Asia/SoutheastAsia/Vietnam/Cities/NinhBinhAttractions.swift /Users/erders/Documents/TravelTap/TravelTap/Data/Countries/Asia/SoutheastAsia/Vietnam/Cities/DaNangAttractions.swift /Users/erders/Documents/TravelTap/TravelTap/Data/Countries/Asia/SoutheastAsia/Vietnam/Cities/DaLatAttractions.swift /Users/erders/Documents/TravelTap/TravelTap/Data/Countries/Asia/SoutheastAsia/Vietnam/Cities/NhaTrangAttractions.swift /Users/erders/Documents/TravelTap/TravelTap/Data/Countries/Asia/SoutheastAsia/Vietnam/Cities/MuiNeAttractions.swift /Users/erders/Documents/TravelTap/TravelTap/Data/Countries/Asia/SoutheastAsia/Vietnam/Cities/HaLongBayAttractions.swift /Users/erders/Documents/TravelTap/TravelTap/Data/Countries/Asia/SoutheastAsia/Vietnam/Cities/PhongNhaAttractions.swift /Users/erders/Documents/TravelTap/TravelTap/Data/Countries/Asia/SoutheastAsia/Vietnam/Cities/QuyNhonAttractions.swift /Users/erders/Documents/TravelTap/TravelTap/Data/Countries/Asia/SoutheastAsia/Vietnam/Cities/ConDaoAttractions.swift /Users/erders/Documents/TravelTap/TravelTap/Data/Countries/Asia/SoutheastAsia/Vietnam/Cities/HoiAnAttractions.swift /Users/erders/Documents/TravelTap/TravelTap/Data/Countries/Asia/SoutheastAsia/Vietnam/Cities/CanThoAttractions.swift /Users/erders/Documents/TravelTap/TravelTap/Data/Countries/Asia/SoutheastAsia/Vietnam/Cities/HueAttractions.swift /Users/erders/Documents/TravelTap/TravelTap/Data/Countries/Asia/SoutheastAsia/Vietnam/Cities/ChauDocAttractions.swift /Users/erders/Documents/TravelTap/TravelTap/Data/Countries/Asia/SoutheastAsia/Vietnam/Cities/SapaAttractions.swift /Users/erders/Documents/TravelTap/TravelTap/Data/Countries/Asia/SoutheastAsia/Indonesia/Cities/BukitLawangAttractions.swift /Users/erders/Documents/TravelTap/TravelTap/Data/Countries/Asia/SoutheastAsia/Indonesia/Cities/BintanAttractions.swift /Users/erders/Documents/TravelTap/TravelTap/Data/Countries/Asia/SoutheastAsia/Indonesia/Cities/AcehAttractions.swift /Users/erders/Documents/TravelTap/TravelTap/Data/Countries/Asia/SoutheastAsia/Indonesia/Cities/BromoAttractions.swift /Users/erders/Documents/TravelTap/TravelTap/Data/Countries/Asia/SoutheastAsia/Indonesia/Cities/JakartaAttractions.swift (in target 'TravelTap' from project 'TravelTap')

SwiftCompile normal arm64 /Users/erders/Documents/TravelTap/TravelTap/Data/Countries/Asia/SoutheastAsia/Philippines/Cities/BusuangaAttractions.swift (in target 'TravelTap' from project 'TravelTap')
    cd /Users/erders/Documents/TravelTap
    

SwiftCompile normal arm64 /Users/erders/Documents/TravelTap/TravelTap/Data/Countries/Asia/SoutheastAsia/Philippines/Cities/PangasinanAttractions.swift (in target 'TravelTap' from project 'TravelTap')
    cd /Users/erders/Documents/TravelTap
    

SwiftCompile normal arm64 /Users/erders/Documents/TravelTap/TravelTap/Data/Countries/Asia/SoutheastAsia/Philippines/Cities/DumagueteAttractions.swift (in target 'TravelTap' from project 'TravelTap')
    cd /Users/erders/Documents/TravelTap
    

SwiftCompile normal arm64 /Users/erders/Documents/TravelTap/TravelTap/Data/Countries/Asia/SoutheastAsia/Philippines/Cities/PanglaoAttractions.swift (in target 'TravelTap' from project 'TravelTap')
    cd /Users/erders/Documents/TravelTap
    

SwiftCompile normal arm64 /Users/erders/Documents/TravelTap/TravelTap/Data/Countries/Asia/SoutheastAsia/Philippines/Cities/SubicAttractions.swift (in target 'TravelTap' from project 'TravelTap')
    cd /Users/erders/Documents/TravelTap
    

SwiftCompile normal arm64 /Users/erders/Documents/TravelTap/TravelTap/Data/Countries/Asia/SoutheastAsia/Vietnam/Cities/PhuQuocAttractions.swift (in target 'TravelTap' from project 'TravelTap')
    cd /Users/erders/Documents/TravelTap
    

SwiftCompile normal arm64 /Users/erders/Documents/TravelTap/TravelTap/Data/Countries/Asia/SoutheastAsia/Vietnam/Cities/NinhBinhAttractions.swift (in target 'TravelTap' from project 'TravelTap')
    cd /Users/erders/Documents/TravelTap
    

SwiftCompile normal arm64 /Users/erders/Documents/TravelTap/TravelTap/Data/Countries/Asia/SoutheastAsia/Vietnam/Cities/DaNangAttractions.swift (in target 'TravelTap' from project 'TravelTap')
    cd /Users/erders/Documents/TravelTap
    

SwiftCompile normal arm64 /Users/erders/Documents/TravelTap/TravelTap/Data/Countries/Asia/SoutheastAsia/Vietnam/Cities/DaLatAttractions.swift (in target 'TravelTap' from project 'TravelTap')
    cd /Users/erders/Documents/TravelTap
    

SwiftCompile normal arm64 /Users/erders/Documents/TravelTap/TravelTap/Data/Countries/Asia/SoutheastAsia/Vietnam/Cities/NhaTrangAttractions.swift (in target 'TravelTap' from project 'TravelTap')
    cd /Users/erders/Documents/TravelTap
    

SwiftCompile normal arm64 /Users/erders/Documents/TravelTap/TravelTap/Data/Countries/Asia/SoutheastAsia/Vietnam/Cities/MuiNeAttractions.swift (in target 'TravelTap' from project 'TravelTap')
    cd /Users/erders/Documents/TravelTap
    

SwiftCompile normal arm64 /Users/erders/Documents/TravelTap/TravelTap/Data/Countries/Asia/SoutheastAsia/Vietnam/Cities/HaLongBayAttractions.swift (in target 'TravelTap' from project 'TravelTap')
    cd /Users/erders/Documents/TravelTap
    

SwiftCompile normal arm64 /Users/erders/Documents/TravelTap/TravelTap/Data/Countries/Asia/SoutheastAsia/Vietnam/Cities/PhongNhaAttractions.swift (in target 'TravelTap' from project 'TravelTap')
    cd /Users/erders/Documents/TravelTap
    

SwiftCompile normal arm64 /Users/erders/Documents/TravelTap/TravelTap/Data/Countries/Asia/SoutheastAsia/Vietnam/Cities/QuyNhonAttractions.swift (in target 'TravelTap' from project 'TravelTap')
    cd /Users/erders/Documents/TravelTap
    

SwiftCompile normal arm64 /Users/erders/Documents/TravelTap/TravelTap/Data/Countries/Asia/SoutheastAsia/Vietnam/Cities/ConDaoAttractions.swift (in target 'TravelTap' from project 'TravelTap')
    cd /Users/erders/Documents/TravelTap
    

SwiftCompile normal arm64 /Users/erders/Documents/TravelTap/TravelTap/Data/Countries/Asia/SoutheastAsia/Vietnam/Cities/HoiAnAttractions.swift (in target 'TravelTap' from project 'TravelTap')
    cd /Users/erders/Documents/TravelTap
    

SwiftCompile normal arm64 /Users/erders/Documents/TravelTap/TravelTap/Data/Countries/Asia/SoutheastAsia/Vietnam/Cities/CanThoAttractions.swift (in target 'TravelTap' from project 'TravelTap')
    cd /Users/erders/Documents/TravelTap
    

SwiftCompile normal arm64 /Users/erders/Documents/TravelTap/TravelTap/Data/Countries/Asia/SoutheastAsia/Vietnam/Cities/HueAttractions.swift (in target 'TravelTap' from project 'TravelTap')
    cd /Users/erders/Documents/TravelTap
    

SwiftCompile normal arm64 /Users/erders/Documents/TravelTap/TravelTap/Data/Countries/Asia/SoutheastAsia/Vietnam/Cities/ChauDocAttractions.swift (in target 'TravelTap' from project 'TravelTap')
    cd /Users/erders/Documents/TravelTap
    

SwiftCompile normal arm64 /Users/erders/Documents/TravelTap/TravelTap/Data/Countries/Asia/SoutheastAsia/Vietnam/Cities/SapaAttractions.swift (in target 'TravelTap' from project 'TravelTap')
    cd /Users/erders/Documents/TravelTap
    

SwiftCompile normal arm64 /Users/erders/Documents/TravelTap/TravelTap/Data/Countries/Asia/SoutheastAsia/Indonesia/Cities/BukitLawangAttractions.swift (in target 'TravelTap' from project 'TravelTap')
    cd /Users/erders/Documents/TravelTap
    

SwiftCompile normal arm64 /Users/erders/Documents/TravelTap/TravelTap/Data/Countries/Asia/SoutheastAsia/Indonesia/Cities/BintanAttractions.swift (in target 'TravelTap' from project 'TravelTap')
    cd /Users/erders/Documents/TravelTap
    

SwiftCompile normal arm64 /Users/erders/Documents/TravelTap/TravelTap/Data/Countries/Asia/SoutheastAsia/Indonesia/Cities/AcehAttractions.swift (in target 'TravelTap' from project 'TravelTap')
    cd /Users/erders/Documents/TravelTap
    

SwiftCompile normal arm64 /Users/erders/Documents/TravelTap/TravelTap/Data/Countries/Asia/SoutheastAsia/Indonesia/Cities/BromoAttractions.swift (in target 'TravelTap' from project 'TravelTap')
    cd /Users/erders/Documents/TravelTap
    

SwiftCompile normal arm64 /Users/erders/Documents/TravelTap/TravelTap/Data/Countries/Asia/SoutheastAsia/Indonesia/Cities/JakartaAttractions.swift (in target 'TravelTap' from project 'TravelTap')
    cd /Users/erders/Documents/TravelTap
    

SwiftDriverJobDiscovery normal arm64 Compiling LakeDistrictAttractions.swift, WinchesterAttractions.swift, CoventryAttractions.swift, LincolnAttractions.swift, NorthYorkshireAttractions.swift, SheffieldAttractions.swift, SalisburyAttractions.swift, CornwallAttractions.swift, YorkAttractions.swift, NewcastleAttractions.swift, DevonAttractions.swift, LeicesterAttractions.swift, CanterburyAttractions.swift, ChesterAttractions.swift, CotswoldsAttractions.swift, NottinghamAttractions.swift, DenverAttractions.swift, DetroitAttractions.swift, AustinAttractions.swift, MinneapolisAttractions.swift, PhoenixAttractions.swift, SanAntonioAttractions.swift, EdmontonAttractions.swift, CalgaryAttractions.swift, NiagaraFallsCanadaAttractions.swift (in target 'TravelTap' from project 'TravelTap')

SwiftCompile normal arm64 Compiling\ VeronaAttractions.swift,\ ItalyPackage.swift,\ GjakovaAttractions.swift,\ PejaAttractions.swift,\ PristinaAttractions.swift,\ PrizrenAttractions.swift,\ KosovoPackage.swift,\ CesisAttractions.swift,\ JurmalaAttractions.swift,\ RigaAttractions.swift,\ SiguldaAttractions.swift,\ LatviaPackage.swift,\ BalzersAttractions.swift,\ MalbunAttractions.swift,\ VaduzAttractions.swift,\ LiechtensteinPackage.swift,\ KaunasAttractions.swift,\ KlaipedaAttractions.swift,\ SiauliaiAttractions.swift,\ TrakaiAttractions.swift,\ VilniusAttractions.swift,\ LithuaniaPackage.swift,\ EchternachAttractions.swift,\ LuxembourgCityAttractions.swift,\ ViandenAttractions.swift /Users/erders/Documents/TravelTap/TravelTap/Data/Countries/Europe/Italy/Cities/VeronaAttractions.swift /Users/erders/Documents/TravelTap/TravelTap/Data/Countries/Europe/Italy/ItalyPackage.swift /Users/erders/Documents/TravelTap/TravelTap/Data/Countries/Europe/Kosovo/Cities/GjakovaAttractions.swift /Users/erders/Documents/TravelTap/TravelTap/Data/Countries/Europe/Kosovo/Cities/PejaAttractions.swift /Users/erders/Documents/TravelTap/TravelTap/Data/Countries/Europe/Kosovo/Cities/PristinaAttractions.swift /Users/erders/Documents/TravelTap/TravelTap/Data/Countries/Europe/Kosovo/Cities/PrizrenAttractions.swift /Users/erders/Documents/TravelTap/TravelTap/Data/Countries/Europe/Kosovo/KosovoPackage.swift /Users/erders/Documents/TravelTap/TravelTap/Data/Countries/Europe/Latvia/Cities/CesisAttractions.swift /Users/erders/Documents/TravelTap/TravelTap/Data/Countries/Europe/Latvia/Cities/JurmalaAttractions.swift /Users/erders/Documents/TravelTap/TravelTap/Data/Countries/Europe/Latvia/Cities/RigaAttractions.swift /Users/erders/Documents/TravelTap/TravelTap/Data/Countries/Europe/Latvia/Cities/SiguldaAttractions.swift /Users/erders/Documents/TravelTap/TravelTap/Data/Countries/Europe/Latvia/LatviaPackage.swift /Users/erders/Documents/TravelTap/TravelTap/Data/Countries/Europe/Liechtenstein/Cities/BalzersAttractions.swift /Users/erders/Documents/TravelTap/TravelTap/Data/Countries/Europe/Liechtenstein/Cities/MalbunAttractions.swift /Users/erders/Documents/TravelTap/TravelTap/Data/Countries/Europe/Liechtenstein/Cities/VaduzAttractions.swift /Users/erders/Documents/TravelTap/TravelTap/Data/Countries/Europe/Liechtenstein/LiechtensteinPackage.swift /Users/erders/Documents/TravelTap/TravelTap/Data/Countries/Europe/Lithuania/Cities/KaunasAttractions.swift /Users/erders/Documents/TravelTap/TravelTap/Data/Countries/Europe/Lithuania/Cities/KlaipedaAttractions.swift /Users/erders/Documents/TravelTap/TravelTap/Data/Countries/Europe/Lithuania/Cities/SiauliaiAttractions.swift /Users/erders/Documents/TravelTap/TravelTap/Data/Countries/Europe/Lithuania/Cities/TrakaiAttractions.swift /Users/erders/Documents/TravelTap/TravelTap/Data/Countries/Europe/Lithuania/Cities/VilniusAttractions.swift /Users/erders/Documents/TravelTap/TravelTap/Data/Countries/Europe/Lithuania/LithuaniaPackage.swift /Users/erders/Documents/TravelTap/TravelTap/Data/Countries/Europe/Luxembourg/Cities/EchternachAttractions.swift /Users/erders/Documents/TravelTap/TravelTap/Data/Countries/Europe/Luxembourg/Cities/LuxembourgCityAttractions.swift /Users/erders/Documents/TravelTap/TravelTap/Data/Countries/Europe/Luxembourg/Cities/ViandenAttractions.swift (in target 'TravelTap' from project 'TravelTap')

SwiftCompile normal arm64 /Users/erders/Documents/TravelTap/TravelTap/Data/Countries/Europe/Italy/Cities/VeronaAttractions.swift (in target 'TravelTap' from project 'TravelTap')
    cd /Users/erders/Documents/TravelTap
    

SwiftCompile normal arm64 /Users/erders/Documents/TravelTap/TravelTap/Data/Countries/Europe/Italy/ItalyPackage.swift (in target 'TravelTap' from project 'TravelTap')
    cd /Users/erders/Documents/TravelTap
    

SwiftCompile normal arm64 /Users/erders/Documents/TravelTap/TravelTap/Data/Countries/Europe/Kosovo/Cities/GjakovaAttractions.swift (in target 'TravelTap' from project 'TravelTap')
    cd /Users/erders/Documents/TravelTap
    

SwiftCompile normal arm64 /Users/erders/Documents/TravelTap/TravelTap/Data/Countries/Europe/Kosovo/Cities/PejaAttractions.swift (in target 'TravelTap' from project 'TravelTap')
    cd /Users/erders/Documents/TravelTap
    

SwiftCompile normal arm64 /Users/erders/Documents/TravelTap/TravelTap/Data/Countries/Europe/Kosovo/Cities/PristinaAttractions.swift (in target 'TravelTap' from project 'TravelTap')
    cd /Users/erders/Documents/TravelTap
    

SwiftCompile normal arm64 /Users/erders/Documents/TravelTap/TravelTap/Data/Countries/Europe/Kosovo/Cities/PrizrenAttractions.swift (in target 'TravelTap' from project 'TravelTap')
    cd /Users/erders/Documents/TravelTap
    

SwiftCompile normal arm64 /Users/erders/Documents/TravelTap/TravelTap/Data/Countries/Europe/Kosovo/KosovoPackage.swift (in target 'TravelTap' from project 'TravelTap')
    cd /Users/erders/Documents/TravelTap
    

SwiftCompile normal arm64 /Users/erders/Documents/TravelTap/TravelTap/Data/Countries/Europe/Latvia/Cities/CesisAttractions.swift (in target 'TravelTap' from project 'TravelTap')
    cd /Users/erders/Documents/TravelTap
    

SwiftCompile normal arm64 /Users/erders/Documents/TravelTap/TravelTap/Data/Countries/Europe/Latvia/Cities/JurmalaAttractions.swift (in target 'TravelTap' from project 'TravelTap')
    cd /Users/erders/Documents/TravelTap
    

SwiftCompile normal arm64 /Users/erders/Documents/TravelTap/TravelTap/Data/Countries/Europe/Latvia/Cities/RigaAttractions.swift (in target 'TravelTap' from project 'TravelTap')
    cd /Users/erders/Documents/TravelTap
    

SwiftCompile normal arm64 /Users/erders/Documents/TravelTap/TravelTap/Data/Countries/Europe/Latvia/Cities/SiguldaAttractions.swift (in target 'TravelTap' from project 'TravelTap')
    cd /Users/erders/Documents/TravelTap
    

SwiftCompile normal arm64 /Users/erders/Documents/TravelTap/TravelTap/Data/Countries/Europe/Latvia/LatviaPackage.swift (in target 'TravelTap' from project 'TravelTap')
    cd /Users/erders/Documents/TravelTap
    

SwiftCompile normal arm64 /Users/erders/Documents/TravelTap/TravelTap/Data/Countries/Europe/Liechtenstein/Cities/BalzersAttractions.swift (in target 'TravelTap' from project 'TravelTap')
    cd /Users/erders/Documents/TravelTap
    

SwiftCompile normal arm64 /Users/erders/Documents/TravelTap/TravelTap/Data/Countries/Europe/Liechtenstein/Cities/MalbunAttractions.swift (in target 'TravelTap' from project 'TravelTap')
    cd /Users/erders/Documents/TravelTap
    

SwiftCompile normal arm64 /Users/erders/Documents/TravelTap/TravelTap/Data/Countries/Europe/Liechtenstein/Cities/VaduzAttractions.swift (in target 'TravelTap' from project 'TravelTap')
    cd /Users/erders/Documents/TravelTap
    

SwiftCompile normal arm64 /Users/erders/Documents/TravelTap/TravelTap/Data/Countries/Europe/Liechtenstein/LiechtensteinPackage.swift (in target 'TravelTap' from project 'TravelTap')
    cd /Users/erders/Documents/TravelTap
    

SwiftCompile normal arm64 /Users/erders/Documents/TravelTap/TravelTap/Data/Countries/Europe/Lithuania/Cities/KaunasAttractions.swift (in target 'TravelTap' from project 'TravelTap')
    cd /Users/erders/Documents/TravelTap
    

SwiftCompile normal arm64 /Users/erders/Documents/TravelTap/TravelTap/Data/Countries/Europe/Lithuania/Cities/KlaipedaAttractions.swift (in target 'TravelTap' from project 'TravelTap')
    cd /Users/erders/Documents/TravelTap
    

SwiftCompile normal arm64 /Users/erders/Documents/TravelTap/TravelTap/Data/Countries/Europe/Lithuania/Cities/SiauliaiAttractions.swift (in target 'TravelTap' from project 'TravelTap')
    cd /Users/erders/Documents/TravelTap
    

SwiftCompile normal arm64 /Users/erders/Documents/TravelTap/TravelTap/Data/Countries/Europe/Lithuania/Cities/TrakaiAttractions.swift (in target 'TravelTap' from project 'TravelTap')
    cd /Users/erders/Documents/TravelTap
    

SwiftCompile normal arm64 /Users/erders/Documents/TravelTap/TravelTap/Data/Countries/Europe/Lithuania/Cities/VilniusAttractions.swift (in target 'TravelTap' from project 'TravelTap')
    cd /Users/erders/Documents/TravelTap
    

SwiftCompile normal arm64 /Users/erders/Documents/TravelTap/TravelTap/Data/Countries/Europe/Lithuania/LithuaniaPackage.swift (in target 'TravelTap' from project 'TravelTap')
    cd /Users/erders/Documents/TravelTap
    

SwiftCompile normal arm64 /Users/erders/Documents/TravelTap/TravelTap/Data/Countries/Europe/Luxembourg/Cities/EchternachAttractions.swift (in target 'TravelTap' from project 'TravelTap')
    cd /Users/erders/Documents/TravelTap
    

SwiftCompile normal arm64 /Users/erders/Documents/TravelTap/TravelTap/Data/Countries/Europe/Luxembourg/Cities/LuxembourgCityAttractions.swift (in target 'TravelTap' from project 'TravelTap')
    cd /Users/erders/Documents/TravelTap
    

SwiftCompile normal arm64 /Users/erders/Documents/TravelTap/TravelTap/Data/Countries/Europe/Luxembourg/Cities/ViandenAttractions.swift (in target 'TravelTap' from project 'TravelTap')
    cd /Users/erders/Documents/TravelTap
    

SwiftDriverJobDiscovery normal arm64 Compiling TarijaAttractions.swift, TiwanakuAttractions.swift, TupizaAttractions.swift, UyuniAttractions.swift, BrazilPackage.swift, BonitoPantanalAttractions.swift, BrasiliaAttractions.swift, ChapadaDiamantinaAttractions.swift, CuritibaAttractions.swift, FernandoDeNoronhaAttractions.swift, FlorianopolisAttractions.swift, FortalezaAttractions.swift, FozDoIguacuAttractions.swift, GramadoCanelaAttractions.swift, JericoacoaraAttractions.swift, LencoisMaranhensesAttractions.swift, ManausAttractions.swift, NatalAttractions.swift, OuroPretoAttractions.swift, ParatyIlhaGrandeAttractions.swift, RecifeOlindaAttractions.swift, RioDeJaneiroAttractions.swift, SalvadorAttractions.swift, SaoPauloAttractions.swift, ChilePackage.swift (in target 'TravelTap' from project 'TravelTap')

SwiftCompile normal arm64 Compiling\ BahamasPackage.swift,\ AndrosAttractions.swift,\ BiminiAttractions.swift,\ EleutheraAttractions.swift,\ ExumaAttractions.swift,\ GrandBahamaAttractions.swift,\ LongIslandAttractions.swift,\ NassauAttractions.swift,\ ParadiseIslandAttractions.swift,\ BarbadosPackage.swift,\ BarbadosStThomasAttractions.swift,\ BridgetownAttractions.swift,\ ChristChurchAttractions.swift,\ StAndrewAttractions.swift,\ StJamesAttractions.swift,\ StJohnAttractions.swift,\ StLucyAttractions.swift,\ StPeterAttractions.swift,\ StPhilipAttractions.swift,\ BelizePackage.swift,\ BelizeCityAttractions.swift,\ CayeCaulkerAttractions.swift,\ HopkinsAttractions.swift,\ OrangeWalkAttractions.swift,\ PlacenciaAttractions.swift /Users/erders/Documents/TravelTap/TravelTap/Data/Countries/CentralAmerica/Bahamas/BahamasPackage.swift /Users/erders/Documents/TravelTap/TravelTap/Data/Countries/CentralAmerica/Bahamas/Cities/AndrosAttractions.swift /Users/erders/Documents/TravelTap/TravelTap/Data/Countries/CentralAmerica/Bahamas/Cities/BiminiAttractions.swift /Users/erders/Documents/TravelTap/TravelTap/Data/Countries/CentralAmerica/Bahamas/Cities/EleutheraAttractions.swift /Users/erders/Documents/TravelTap/TravelTap/Data/Countries/CentralAmerica/Bahamas/Cities/ExumaAttractions.swift /Users/erders/Documents/TravelTap/TravelTap/Data/Countries/CentralAmerica/Bahamas/Cities/GrandBahamaAttractions.swift /Users/erders/Documents/TravelTap/TravelTap/Data/Countries/CentralAmerica/Bahamas/Cities/LongIslandAttractions.swift /Users/erders/Documents/TravelTap/TravelTap/Data/Countries/CentralAmerica/Bahamas/Cities/NassauAttractions.swift /Users/erders/Documents/TravelTap/TravelTap/Data/Countries/CentralAmerica/Bahamas/Cities/ParadiseIslandAttractions.swift /Users/erders/Documents/TravelTap/TravelTap/Data/Countries/CentralAmerica/Barbados/BarbadosPackage.swift /Users/erders/Documents/TravelTap/TravelTap/Data/Countries/CentralAmerica/Barbados/Cities/BarbadosStThomasAttractions.swift /Users/erders/Documents/TravelTap/TravelTap/Data/Countries/CentralAmerica/Barbados/Cities/BridgetownAttractions.swift /Users/erders/Documents/TravelTap/TravelTap/Data/Countries/CentralAmerica/Barbados/Cities/ChristChurchAttractions.swift /Users/erders/Documents/TravelTap/TravelTap/Data/Countries/CentralAmerica/Barbados/Cities/StAndrewAttractions.swift /Users/erders/Documents/TravelTap/TravelTap/Data/Countries/CentralAmerica/Barbados/Cities/StJamesAttractions.swift /Users/erders/Documents/TravelTap/TravelTap/Data/Countries/CentralAmerica/Barbados/Cities/StJohnAttractions.swift /Users/erders/Documents/TravelTap/TravelTap/Data/Countries/CentralAmerica/Barbados/Cities/StLucyAttractions.swift /Users/erders/Documents/TravelTap/TravelTap/Data/Countries/CentralAmerica/Barbados/Cities/StPeterAttractions.swift /Users/erders/Documents/TravelTap/TravelTap/Data/Countries/CentralAmerica/Barbados/Cities/StPhilipAttractions.swift /Users/erders/Documents/TravelTap/TravelTap/Data/Countries/CentralAmerica/Belize/BelizePackage.swift /Users/erders/Documents/TravelTap/TravelTap/Data/Countries/CentralAmerica/Belize/Cities/BelizeCityAttractions.swift /Users/erders/Documents/TravelTap/TravelTap/Data/Countries/CentralAmerica/Belize/Cities/CayeCaulkerAttractions.swift /Users/erders/Documents/TravelTap/TravelTap/Data/Countries/CentralAmerica/Belize/Cities/HopkinsAttractions.swift /Users/erders/Documents/TravelTap/TravelTap/Data/Countries/CentralAmerica/Belize/Cities/OrangeWalkAttractions.swift /Users/erders/Documents/TravelTap/TravelTap/Data/Countries/CentralAmerica/Belize/Cities/PlacenciaAttractions.swift (in target 'TravelTap' from project 'TravelTap')

** BUILD FAILED **


The following build commands failed:
	SwiftCompile normal arm64 Compiling\ TravelTapApp.swift,\ ContentView.swift,\ Attraction.swift,\ CountryPackage.swift,\ AttractionData.swift,\ WorldMapView.swift,\ TravelMapView.swift,\ CountryMapView.swift,\ AttractionInfoCard.swift,\ AttractionDetailView.swift,\ BundledPhotoManager.swift,\ CityMapView.swift,\ MapAnnotationView.swift,\ RatingManager.swift,\ GooglePlacesManager.swift,\ PhotoDiskCache.swift,\ TierVoteManager.swift,\ BrandColors.swift,\ StarRatingView.swift,\ ShareSheet.swift,\ VisitedAttractionsManager.swift,\ BucketListView.swift,\ SplashScreenView.swift,\ WelcomeView.swift,\ AttractionsListView.swift /Users/erders/Documents/TravelTap/TravelTap/TravelTapApp.swift /Users/erders/Documents/TravelTap/TravelTap/ContentView.swift /Users/erders/Documents/TravelTap/TravelTap/Models/Attraction.swift /Users/erders/Documents/TravelTap/TravelTap/Models/CountryPackage.swift /Users/erders/Documents/TravelTap/TravelTap/Data/AttractionData.swift /Users/erders/Documents/TravelTap/TravelTap/Views/WorldMapView.swift /Users/erders/Documents/TravelTap/TravelTap/Views/TravelMapView.swift /Users/erders/Documents/TravelTap/TravelTap/Views/CountryMapView.swift /Users/erders/Documents/TravelTap/TravelTap/Views/AttractionInfoCard.swift /Users/erders/Documents/TravelTap/TravelTap/Views/AttractionDetailView.swift /Users/erders/Documents/TravelTap/TravelTap/Services/BundledPhotoManager.swift /Users/erders/Documents/TravelTap/TravelTap/Views/CityMapView.swift /Users/erders/Documents/TravelTap/TravelTap/Views/MapAnnotationView.swift /Users/erders/Documents/TravelTap/TravelTap/Services/RatingManager.swift /Users/erders/Documents/TravelTap/TravelTap/Services/GooglePlacesManager.swift /Users/erders/Documents/TravelTap/TravelTap/Services/PhotoDiskCache.swift /Users/erders/Documents/TravelTap/TravelTap/Services/TierVoteManager.swift /Users/erders/Documents/TravelTap/TravelTap/Services/BrandColors.swift /Users/erders/Documents/TravelTap/TravelTap/Views/StarRatingView.swift /Users/erders/Documents/TravelTap/TravelTap/Views/ShareSheet.swift /Users/erders/Documents/TravelTap/TravelTap/Services/VisitedAttractionsManager.swift /Users/erders/Documents/TravelTap/TravelTap/Views/BucketListView.swift /Users/erders/Documents/TravelTap/TravelTap/Views/SplashScreenView.swift /Users/erders/Documents/TravelTap/TravelTap/Views/WelcomeView.swift /Users/erders/Documents/TravelTap/TravelTap/Views/AttractionsListView.swift (in target 'TravelTap' from project 'TravelTap')
	SwiftCompile normal arm64 /Users/erders/Documents/TravelTap/TravelTap/Views/AttractionDetailView.swift (in target 'TravelTap' from project 'TravelTap')
	Building project TravelTap with scheme TravelTap
(3 failures)
