Command line invocation:
    /Applications/Xcode.app/Contents/Developer/usr/bin/xcodebuild -project /Users/erders/Documents/TravelTap/TravelTap.xcodeproj -scheme TravelTap -configuration Debug -destination "generic/platform=iOS Simulator" clean build

CreateBuildRequest

SendProjectDescription

CreateBuildOperation

** CLEAN SUCCEEDED **

ComputePackagePrebuildTargetDependencyGraph

Prepare packages

CreateBuildRequest

SendProjectDescription

CreateBuildOperation

ComputeTargetDependencyGraph
note: Building targets in dependency order
note: Target dependency graph (1 target)
    Target 'TravelTap' in project 'TravelTap' (no dependencies)

GatherProvisioningInputs

CreateBuildDescription

ExecuteExternalTool /Applications/Xcode.app/Contents/Developer/Toolchains/XcodeDefault.xctoolchain/usr/bin/clang -v -E -dM -isysroot /Applications/Xcode.app/Contents/Developer/Platforms/iPhoneSimulator.platform/Developer/SDKs/iPhoneSimulator26.2.sdk -x c -c /dev/null

ExecuteExternalTool /Applications/Xcode.app/Contents/Developer/usr/bin/actool --print-asset-tag-combinations --output-format xml1 /Users/erders/Documents/TravelTap/TravelTap/Assets.xcassets

ExecuteExternalTool /Applications/Xcode.app/Contents/Developer/usr/bin/actool --version --output-format xml1

ExecuteExternalTool /Applications/Xcode.app/Contents/Developer/Toolchains/XcodeDefault.xctoolchain/usr/bin/swiftc --version

ExecuteExternalTool /Applications/Xcode.app/Contents/Developer/Toolchains/XcodeDefault.xctoolchain/usr/bin/ld -version_details

Build description signature: 7dd7ff08316960118e2611736aad663a
Build description path: /Users/erders/Library/Developer/Xcode/DerivedData/TravelTap-aoniybxgcgmexqcgzdslgsqiowxj/Build/Intermediates.noindex/XCBuildData/7dd7ff08316960118e2611736aad663a.xcbuilddata
ClangStatCache /Applications/Xcode.app/Contents/Developer/Toolchains/XcodeDefault.xctoolchain/usr/bin/clang-stat-cache /Applications/Xcode.app/Contents/Developer/Platforms/iPhoneSimulator.platform/Developer/SDKs/iPhoneSimulator26.2.sdk /Users/erders/Library/Developer/Xcode/DerivedData/SDKStatCaches.noindex/iphonesimulator26.2-23C53-7d00a8b37fbd7999ea79df8ebc024bf0.sdkstatcache
    cd /Users/erders/Documents/TravelTap/TravelTap.xcodeproj
    /Applications/Xcode.app/Contents/Developer/Toolchains/XcodeDefault.xctoolchain/usr/bin/clang-stat-cache /Applications/Xcode.app/Contents/Developer/Platforms/iPhoneSimulator.platform/Developer/SDKs/iPhoneSimulator26.2.sdk -o /Users/erders/Library/Developer/Xcode/DerivedData/SDKStatCaches.noindex/iphonesimulator26.2-23C53-7d00a8b37fbd7999ea79df8ebc024bf0.sdkstatcache

CreateBuildDirectory /Users/erders/Library/Developer/Xcode/DerivedData/TravelTap-aoniybxgcgmexqcgzdslgsqiowxj/Build/Intermediates.noindex
    cd /Users/erders/Documents/TravelTap/TravelTap.xcodeproj
    builtin-create-build-directory /Users/erders/Library/Developer/Xcode/DerivedData/TravelTap-aoniybxgcgmexqcgzdslgsqiowxj/Build/Intermediates.noindex

CreateBuildDirectory /Users/erders/Library/Developer/Xcode/DerivedData/TravelTap-aoniybxgcgmexqcgzdslgsqiowxj/Build/Products
    cd /Users/erders/Documents/TravelTap/TravelTap.xcodeproj
    builtin-create-build-directory /Users/erders/Library/Developer/Xcode/DerivedData/TravelTap-aoniybxgcgmexqcgzdslgsqiowxj/Build/Products

CreateBuildDirectory /Users/erders/Library/Developer/Xcode/DerivedData/TravelTap-aoniybxgcgmexqcgzdslgsqiowxj/Build/Products/Debug-iphonesimulator
    cd /Users/erders/Documents/TravelTap/TravelTap.xcodeproj
    builtin-create-build-directory /Users/erders/Library/Developer/Xcode/DerivedData/TravelTap-aoniybxgcgmexqcgzdslgsqiowxj/Build/Products/Debug-iphonesimulator

CreateBuildDirectory /Users/erders/Library/Developer/Xcode/DerivedData/TravelTap-aoniybxgcgmexqcgzdslgsqiowxj/Build/Intermediates.noindex/SwiftExplicitPrecompiledModules
    cd /Users/erders/Documents/TravelTap/TravelTap.xcodeproj
    builtin-create-build-directory /Users/erders/Library/Developer/Xcode/DerivedData/TravelTap-aoniybxgcgmexqcgzdslgsqiowxj/Build/Intermediates.noindex/SwiftExplicitPrecompiledModules

CreateBuildDirectory /Users/erders/Library/Developer/Xcode/DerivedData/TravelTap-aoniybxgcgmexqcgzdslgsqiowxj/Build/Intermediates.noindex/ExplicitPrecompiledModules
    cd /Users/erders/Documents/TravelTap/TravelTap.xcodeproj
    builtin-create-build-directory /Users/erders/Library/Developer/Xcode/DerivedData/TravelTap-aoniybxgcgmexqcgzdslgsqiowxj/Build/Intermediates.noindex/ExplicitPrecompiledModules

CreateBuildDirectory /Users/erders/Library/Developer/Xcode/DerivedData/TravelTap-aoniybxgcgmexqcgzdslgsqiowxj/Build/Intermediates.noindex/EagerLinkingTBDs/Debug-iphonesimulator
    cd /Users/erders/Documents/TravelTap/TravelTap.xcodeproj
    builtin-create-build-directory /Users/erders/Library/Developer/Xcode/DerivedData/TravelTap-aoniybxgcgmexqcgzdslgsqiowxj/Build/Intermediates.noindex/EagerLinkingTBDs/Debug-iphonesimulator

WriteAuxiliaryFile /Users/erders/Library/Developer/Xcode/DerivedData/TravelTap-aoniybxgcgmexqcgzdslgsqiowxj/Build/Intermediates.noindex/TravelTap.build/Debug-iphonesimulator/TravelTap-28cabccc476c4ac6153fbbf682269b5c-VFS-iphonesimulator/all-product-headers.yaml
    cd /Users/erders/Documents/TravelTap/TravelTap.xcodeproj
    write-file /Users/erders/Library/Developer/Xcode/DerivedData/TravelTap-aoniybxgcgmexqcgzdslgsqiowxj/Build/Intermediates.noindex/TravelTap.build/Debug-iphonesimulator/TravelTap-28cabccc476c4ac6153fbbf682269b5c-VFS-iphonesimulator/all-product-headers.yaml

WriteAuxiliaryFile /Users/erders/Library/Developer/Xcode/DerivedData/TravelTap-aoniybxgcgmexqcgzdslgsqiowxj/Build/Intermediates.noindex/TravelTap.build/Debug-iphonesimulator/TravelTap.build/TravelTap-own-target-headers.hmap (in target 'TravelTap' from project 'TravelTap')
    cd /Users/erders/Documents/TravelTap
    write-file /Users/erders/Library/Developer/Xcode/DerivedData/TravelTap-aoniybxgcgmexqcgzdslgsqiowxj/Build/Intermediates.noindex/TravelTap.build/Debug-iphonesimulator/TravelTap.build/TravelTap-own-target-headers.hmap

WriteAuxiliaryFile /Users/erders/Library/Developer/Xcode/DerivedData/TravelTap-aoniybxgcgmexqcgzdslgsqiowxj/Build/Intermediates.noindex/TravelTap.build/Debug-iphonesimulator/TravelTap.build/TravelTap-DebugDylibInstallName-normal-x86_64.txt (in target 'TravelTap' from project 'TravelTap')
    cd /Users/erders/Documents/TravelTap
    write-file /Users/erders/Library/Developer/Xcode/DerivedData/TravelTap-aoniybxgcgmexqcgzdslgsqiowxj/Build/Intermediates.noindex/TravelTap.build/Debug-iphonesimulator/TravelTap.build/TravelTap-DebugDylibInstallName-normal-x86_64.txt

WriteAuxiliaryFile /Users/erders/Library/Developer/Xcode/DerivedData/TravelTap-aoniybxgcgmexqcgzdslgsqiowxj/Build/Intermediates.noindex/TravelTap.build/Debug-iphonesimulator/TravelTap.build/TravelTap-generated-files.hmap (in target 'TravelTap' from project 'TravelTap')
    cd /Users/erders/Documents/TravelTap
    write-file /Users/erders/Library/Developer/Xcode/DerivedData/TravelTap-aoniybxgcgmexqcgzdslgsqiowxj/Build/Intermediates.noindex/TravelTap.build/Debug-iphonesimulator/TravelTap.build/TravelTap-generated-files.hmap

WriteAuxiliaryFile /Users/erders/Library/Developer/Xcode/DerivedData/TravelTap-aoniybxgcgmexqcgzdslgsqiowxj/Build/Intermediates.noindex/TravelTap.build/Debug-iphonesimulator/TravelTap.build/TravelTap.hmap (in target 'TravelTap' from project 'TravelTap')
    cd /Users/erders/Documents/TravelTap
    write-file /Users/erders/Library/Developer/Xcode/DerivedData/TravelTap-aoniybxgcgmexqcgzdslgsqiowxj/Build/Intermediates.noindex/TravelTap.build/Debug-iphonesimulator/TravelTap.build/TravelTap.hmap

WriteAuxiliaryFile /Users/erders/Library/Developer/Xcode/DerivedData/TravelTap-aoniybxgcgmexqcgzdslgsqiowxj/Build/Intermediates.noindex/TravelTap.build/Debug-iphonesimulator/TravelTap.build/TravelTap-project-headers.hmap (in target 'TravelTap' from project 'TravelTap')
    cd /Users/erders/Documents/TravelTap
    write-file /Users/erders/Library/Developer/Xcode/DerivedData/TravelTap-aoniybxgcgmexqcgzdslgsqiowxj/Build/Intermediates.noindex/TravelTap.build/Debug-iphonesimulator/TravelTap.build/TravelTap-project-headers.hmap

WriteAuxiliaryFile /Users/erders/Library/Developer/Xcode/DerivedData/TravelTap-aoniybxgcgmexqcgzdslgsqiowxj/Build/Intermediates.noindex/TravelTap.build/Debug-iphonesimulator/TravelTap.build/TravelTap-all-target-headers.hmap (in target 'TravelTap' from project 'TravelTap')
    cd /Users/erders/Documents/TravelTap
    write-file /Users/erders/Library/Developer/Xcode/DerivedData/TravelTap-aoniybxgcgmexqcgzdslgsqiowxj/Build/Intermediates.noindex/TravelTap.build/Debug-iphonesimulator/TravelTap.build/TravelTap-all-target-headers.hmap

WriteAuxiliaryFile /Users/erders/Library/Developer/Xcode/DerivedData/TravelTap-aoniybxgcgmexqcgzdslgsqiowxj/Build/Intermediates.noindex/TravelTap.build/Debug-iphonesimulator/TravelTap.build/TravelTap-DebugDylibPath-normal-x86_64.txt (in target 'TravelTap' from project 'TravelTap')
    cd /Users/erders/Documents/TravelTap
    write-file /Users/erders/Library/Developer/Xcode/DerivedData/TravelTap-aoniybxgcgmexqcgzdslgsqiowxj/Build/Intermediates.noindex/TravelTap.build/Debug-iphonesimulator/TravelTap.build/TravelTap-DebugDylibPath-normal-x86_64.txt

WriteAuxiliaryFile /Users/erders/Library/Developer/Xcode/DerivedData/TravelTap-aoniybxgcgmexqcgzdslgsqiowxj/Build/Intermediates.noindex/TravelTap.build/Debug-iphonesimulator/TravelTap.build/TravelTap-all-non-framework-target-headers.hmap (in target 'TravelTap' from project 'TravelTap')
    cd /Users/erders/Documents/TravelTap
    write-file /Users/erders/Library/Developer/Xcode/DerivedData/TravelTap-aoniybxgcgmexqcgzdslgsqiowxj/Build/Intermediates.noindex/TravelTap.build/Debug-iphonesimulator/TravelTap.build/TravelTap-all-non-framework-target-headers.hmap

WriteAuxiliaryFile /Users/erders/Library/Developer/Xcode/DerivedData/TravelTap-aoniybxgcgmexqcgzdslgsqiowxj/Build/Intermediates.noindex/TravelTap.build/Debug-iphonesimulator/TravelTap.build/TravelTap.DependencyStaticMetadataFileList (in target 'TravelTap' from project 'TravelTap')
    cd /Users/erders/Documents/TravelTap
    write-file /Users/erders/Library/Developer/Xcode/DerivedData/TravelTap-aoniybxgcgmexqcgzdslgsqiowxj/Build/Intermediates.noindex/TravelTap.build/Debug-iphonesimulator/TravelTap.build/TravelTap.DependencyStaticMetadataFileList

WriteAuxiliaryFile /Users/erders/Library/Developer/Xcode/DerivedData/TravelTap-aoniybxgcgmexqcgzdslgsqiowxj/Build/Intermediates.noindex/TravelTap.build/Debug-iphonesimulator/TravelTap.build/TravelTap-DebugDylibPath-normal-arm64.txt (in target 'TravelTap' from project 'TravelTap')
    cd /Users/erders/Documents/TravelTap
    write-file /Users/erders/Library/Developer/Xcode/DerivedData/TravelTap-aoniybxgcgmexqcgzdslgsqiowxj/Build/Intermediates.noindex/TravelTap.build/Debug-iphonesimulator/TravelTap.build/TravelTap-DebugDylibPath-normal-arm64.txt

WriteAuxiliaryFile /Users/erders/Library/Developer/Xcode/DerivedData/TravelTap-aoniybxgcgmexqcgzdslgsqiowxj/Build/Intermediates.noindex/TravelTap.build/Debug-iphonesimulator/TravelTap.build/TravelTap.DependencyMetadataFileList (in target 'TravelTap' from project 'TravelTap')
    cd /Users/erders/Documents/TravelTap
    write-file /Users/erders/Library/Developer/Xcode/DerivedData/TravelTap-aoniybxgcgmexqcgzdslgsqiowxj/Build/Intermediates.noindex/TravelTap.build/Debug-iphonesimulator/TravelTap.build/TravelTap.DependencyMetadataFileList

WriteAuxiliaryFile /Users/erders/Library/Developer/Xcode/DerivedData/TravelTap-aoniybxgcgmexqcgzdslgsqiowxj/Build/Intermediates.noindex/TravelTap.build/Debug-iphonesimulator/TravelTap.build/TravelTap-DebugDylibInstallName-normal-arm64.txt (in target 'TravelTap' from project 'TravelTap')
    cd /Users/erders/Documents/TravelTap
    write-file /Users/erders/Library/Developer/Xcode/DerivedData/TravelTap-aoniybxgcgmexqcgzdslgsqiowxj/Build/Intermediates.noindex/TravelTap.build/Debug-iphonesimulator/TravelTap.build/TravelTap-DebugDylibInstallName-normal-arm64.txt

WriteAuxiliaryFile /Users/erders/Library/Developer/Xcode/DerivedData/TravelTap-aoniybxgcgmexqcgzdslgsqiowxj/Build/Intermediates.noindex/TravelTap.build/Debug-iphonesimulator/TravelTap.build/Objects-normal/x86_64/TravelTap_const_extract_protocols.json (in target 'TravelTap' from project 'TravelTap')
    cd /Users/erders/Documents/TravelTap
    write-file /Users/erders/Library/Developer/Xcode/DerivedData/TravelTap-aoniybxgcgmexqcgzdslgsqiowxj/Build/Intermediates.noindex/TravelTap.build/Debug-iphonesimulator/TravelTap.build/Objects-normal/x86_64/TravelTap_const_extract_protocols.json

WriteAuxiliaryFile /Users/erders/Library/Developer/Xcode/DerivedData/TravelTap-aoniybxgcgmexqcgzdslgsqiowxj/Build/Intermediates.noindex/TravelTap.build/Debug-iphonesimulator/TravelTap.build/Objects-normal/x86_64/TravelTap.LinkFileList (in target 'TravelTap' from project 'TravelTap')
    cd /Users/erders/Documents/TravelTap
    write-file /Users/erders/Library/Developer/Xcode/DerivedData/TravelTap-aoniybxgcgmexqcgzdslgsqiowxj/Build/Intermediates.noindex/TravelTap.build/Debug-iphonesimulator/TravelTap.build/Objects-normal/x86_64/TravelTap.LinkFileList

WriteAuxiliaryFile /Users/erders/Library/Developer/Xcode/DerivedData/TravelTap-aoniybxgcgmexqcgzdslgsqiowxj/Build/Intermediates.noindex/TravelTap.build/Debug-iphonesimulator/TravelTap.build/Objects-normal/x86_64/TravelTap-OutputFileMap.json (in target 'TravelTap' from project 'TravelTap')
    cd /Users/erders/Documents/TravelTap
    write-file /Users/erders/Library/Developer/Xcode/DerivedData/TravelTap-aoniybxgcgmexqcgzdslgsqiowxj/Build/Intermediates.noindex/TravelTap.build/Debug-iphonesimulator/TravelTap.build/Objects-normal/x86_64/TravelTap-OutputFileMap.json

WriteAuxiliaryFile /Users/erders/Library/Developer/Xcode/DerivedData/TravelTap-aoniybxgcgmexqcgzdslgsqiowxj/Build/Intermediates.noindex/TravelTap.build/Debug-iphonesimulator/TravelTap.build/Objects-normal/arm64/TravelTap_const_extract_protocols.json (in target 'TravelTap' from project 'TravelTap')
    cd /Users/erders/Documents/TravelTap
    write-file /Users/erders/Library/Developer/Xcode/DerivedData/TravelTap-aoniybxgcgmexqcgzdslgsqiowxj/Build/Intermediates.noindex/TravelTap.build/Debug-iphonesimulator/TravelTap.build/Objects-normal/arm64/TravelTap_const_extract_protocols.json

WriteAuxiliaryFile /Users/erders/Library/Developer/Xcode/DerivedData/TravelTap-aoniybxgcgmexqcgzdslgsqiowxj/Build/Intermediates.noindex/TravelTap.build/Debug-iphonesimulator/TravelTap.build/Objects-normal/arm64/TravelTap.SwiftFileList (in target 'TravelTap' from project 'TravelTap')
    cd /Users/erders/Documents/TravelTap
    write-file /Users/erders/Library/Developer/Xcode/DerivedData/TravelTap-aoniybxgcgmexqcgzdslgsqiowxj/Build/Intermediates.noindex/TravelTap.build/Debug-iphonesimulator/TravelTap.build/Objects-normal/arm64/TravelTap.SwiftFileList

WriteAuxiliaryFile /Users/erders/Library/Developer/Xcode/DerivedData/TravelTap-aoniybxgcgmexqcgzdslgsqiowxj/Build/Intermediates.noindex/TravelTap.build/Debug-iphonesimulator/TravelTap.build/Objects-normal/x86_64/TravelTap.SwiftFileList (in target 'TravelTap' from project 'TravelTap')
    cd /Users/erders/Documents/TravelTap
    write-file /Users/erders/Library/Developer/Xcode/DerivedData/TravelTap-aoniybxgcgmexqcgzdslgsqiowxj/Build/Intermediates.noindex/TravelTap.build/Debug-iphonesimulator/TravelTap.build/Objects-normal/x86_64/TravelTap.SwiftFileList

WriteAuxiliaryFile /Users/erders/Library/Developer/Xcode/DerivedData/TravelTap-aoniybxgcgmexqcgzdslgsqiowxj/Build/Intermediates.noindex/TravelTap.build/Debug-iphonesimulator/TravelTap.build/Objects-normal/x86_64/TravelTap.SwiftConstValuesFileList (in target 'TravelTap' from project 'TravelTap')
    cd /Users/erders/Documents/TravelTap
    write-file /Users/erders/Library/Developer/Xcode/DerivedData/TravelTap-aoniybxgcgmexqcgzdslgsqiowxj/Build/Intermediates.noindex/TravelTap.build/Debug-iphonesimulator/TravelTap.build/Objects-normal/x86_64/TravelTap.SwiftConstValuesFileList

WriteAuxiliaryFile /Users/erders/Library/Developer/Xcode/DerivedData/TravelTap-aoniybxgcgmexqcgzdslgsqiowxj/Build/Intermediates.noindex/TravelTap.build/Debug-iphonesimulator/TravelTap.build/Objects-normal/arm64/TravelTap.SwiftConstValuesFileList (in target 'TravelTap' from project 'TravelTap')
    cd /Users/erders/Documents/TravelTap
    write-file /Users/erders/Library/Developer/Xcode/DerivedData/TravelTap-aoniybxgcgmexqcgzdslgsqiowxj/Build/Intermediates.noindex/TravelTap.build/Debug-iphonesimulator/TravelTap.build/Objects-normal/arm64/TravelTap.SwiftConstValuesFileList

WriteAuxiliaryFile /Users/erders/Library/Developer/Xcode/DerivedData/TravelTap-aoniybxgcgmexqcgzdslgsqiowxj/Build/Intermediates.noindex/TravelTap.build/Debug-iphonesimulator/TravelTap.build/Objects-normal/arm64/TravelTap.LinkFileList (in target 'TravelTap' from project 'TravelTap')
    cd /Users/erders/Documents/TravelTap
    write-file /Users/erders/Library/Developer/Xcode/DerivedData/TravelTap-aoniybxgcgmexqcgzdslgsqiowxj/Build/Intermediates.noindex/TravelTap.build/Debug-iphonesimulator/TravelTap.build/Objects-normal/arm64/TravelTap.LinkFileList

WriteAuxiliaryFile /Users/erders/Library/Developer/Xcode/DerivedData/TravelTap-aoniybxgcgmexqcgzdslgsqiowxj/Build/Intermediates.noindex/TravelTap.build/Debug-iphonesimulator/TravelTap.build/Objects-normal/arm64/TravelTap-OutputFileMap.json (in target 'TravelTap' from project 'TravelTap')
    cd /Users/erders/Documents/TravelTap
    write-file /Users/erders/Library/Developer/Xcode/DerivedData/TravelTap-aoniybxgcgmexqcgzdslgsqiowxj/Build/Intermediates.noindex/TravelTap.build/Debug-iphonesimulator/TravelTap.build/Objects-normal/arm64/TravelTap-OutputFileMap.json

WriteAuxiliaryFile /Users/erders/Library/Developer/Xcode/DerivedData/TravelTap-aoniybxgcgmexqcgzdslgsqiowxj/Build/Intermediates.noindex/TravelTap.build/Debug-iphonesimulator/TravelTap.build/DerivedSources/Entitlements-Simulated.plist (in target 'TravelTap' from project 'TravelTap')
    cd /Users/erders/Documents/TravelTap
    write-file /Users/erders/Library/Developer/Xcode/DerivedData/TravelTap-aoniybxgcgmexqcgzdslgsqiowxj/Build/Intermediates.noindex/TravelTap.build/Debug-iphonesimulator/TravelTap.build/DerivedSources/Entitlements-Simulated.plist

MkDir /Users/erders/Library/Developer/Xcode/DerivedData/TravelTap-aoniybxgcgmexqcgzdslgsqiowxj/Build/Products/Debug-iphonesimulator/TravelTap.app (in target 'TravelTap' from project 'TravelTap')
    cd /Users/erders/Documents/TravelTap
    /bin/mkdir -p /Users/erders/Library/Developer/Xcode/DerivedData/TravelTap-aoniybxgcgmexqcgzdslgsqiowxj/Build/Products/Debug-iphonesimulator/TravelTap.app

ProcessProductPackaging /Users/erders/Documents/TravelTap/TravelTap/TravelTap.entitlements /Users/erders/Library/Developer/Xcode/DerivedData/TravelTap-aoniybxgcgmexqcgzdslgsqiowxj/Build/Intermediates.noindex/TravelTap.build/Debug-iphonesimulator/TravelTap.build/TravelTap.app-Simulated.xcent (in target 'TravelTap' from project 'TravelTap')
    cd /Users/erders/Documents/TravelTap
    
    Entitlements:
    
    {
    "application-identifier" = "428Z7G6L5F.com.erders.traveltap.app";
    "com.apple.developer.icloud-container-identifiers" =     (
        "iCloud.com.erders.TravelTap"
    );
    "com.apple.developer.icloud-services" =     (
        CloudKit
    );
}
    
    builtin-productPackagingUtility /Users/erders/Documents/TravelTap/TravelTap/TravelTap.entitlements -entitlements -format xml -o /Users/erders/Library/Developer/Xcode/DerivedData/TravelTap-aoniybxgcgmexqcgzdslgsqiowxj/Build/Intermediates.noindex/TravelTap.build/Debug-iphonesimulator/TravelTap.build/TravelTap.app-Simulated.xcent

ProcessProductPackaging /Users/erders/Documents/TravelTap/TravelTap/TravelTap.entitlements /Users/erders/Library/Developer/Xcode/DerivedData/TravelTap-aoniybxgcgmexqcgzdslgsqiowxj/Build/Intermediates.noindex/TravelTap.build/Debug-iphonesimulator/TravelTap.build/TravelTap.app.xcent (in target 'TravelTap' from project 'TravelTap')
    cd /Users/erders/Documents/TravelTap
    
    Entitlements:
    
    {
}
    
    builtin-productPackagingUtility /Users/erders/Documents/TravelTap/TravelTap/TravelTap.entitlements -entitlements -format xml -o /Users/erders/Library/Developer/Xcode/DerivedData/TravelTap-aoniybxgcgmexqcgzdslgsqiowxj/Build/Intermediates.noindex/TravelTap.build/Debug-iphonesimulator/TravelTap.build/TravelTap.app.xcent

ProcessProductPackagingDER /Users/erders/Library/Developer/Xcode/DerivedData/TravelTap-aoniybxgcgmexqcgzdslgsqiowxj/Build/Intermediates.noindex/TravelTap.build/Debug-iphonesimulator/TravelTap.build/TravelTap.app.xcent /Users/erders/Library/Developer/Xcode/DerivedData/TravelTap-aoniybxgcgmexqcgzdslgsqiowxj/Build/Intermediates.noindex/TravelTap.build/Debug-iphonesimulator/TravelTap.build/TravelTap.app.xcent.der (in target 'TravelTap' from project 'TravelTap')
    cd /Users/erders/Documents/TravelTap
    /usr/bin/derq query -f xml -i /Users/erders/Library/Developer/Xcode/DerivedData/TravelTap-aoniybxgcgmexqcgzdslgsqiowxj/Build/Intermediates.noindex/TravelTap.build/Debug-iphonesimulator/TravelTap.build/TravelTap.app.xcent -o /Users/erders/Library/Developer/Xcode/DerivedData/TravelTap-aoniybxgcgmexqcgzdslgsqiowxj/Build/Intermediates.noindex/TravelTap.build/Debug-iphonesimulator/TravelTap.build/TravelTap.app.xcent.der --raw

ProcessProductPackagingDER /Users/erders/Library/Developer/Xcode/DerivedData/TravelTap-aoniybxgcgmexqcgzdslgsqiowxj/Build/Intermediates.noindex/TravelTap.build/Debug-iphonesimulator/TravelTap.build/TravelTap.app-Simulated.xcent /Users/erders/Library/Developer/Xcode/DerivedData/TravelTap-aoniybxgcgmexqcgzdslgsqiowxj/Build/Intermediates.noindex/TravelTap.build/Debug-iphonesimulator/TravelTap.build/TravelTap.app-Simulated.xcent.der (in target 'TravelTap' from project 'TravelTap')
    cd /Users/erders/Documents/TravelTap
    /usr/bin/derq query -f xml -i /Users/erders/Library/Developer/Xcode/DerivedData/TravelTap-aoniybxgcgmexqcgzdslgsqiowxj/Build/Intermediates.noindex/TravelTap.build/Debug-iphonesimulator/TravelTap.build/TravelTap.app-Simulated.xcent -o /Users/erders/Library/Developer/Xcode/DerivedData/TravelTap-aoniybxgcgmexqcgzdslgsqiowxj/Build/Intermediates.noindex/TravelTap.build/Debug-iphonesimulator/TravelTap.build/TravelTap.app-Simulated.xcent.der --raw

GenerateAssetSymbols /Users/erders/Documents/TravelTap/TravelTap/Assets.xcassets (in target 'TravelTap' from project 'TravelTap')
    cd /Users/erders/Documents/TravelTap
    /Applications/Xcode.app/Contents/Developer/usr/bin/actool /Users/erders/Documents/TravelTap/TravelTap/Assets.xcassets --compile /Users/erders/Library/Developer/Xcode/DerivedData/TravelTap-aoniybxgcgmexqcgzdslgsqiowxj/Build/Products/Debug-iphonesimulator/TravelTap.app --output-format human-readable-text --notices --warnings --export-dependency-info /Users/erders/Library/Developer/Xcode/DerivedData/TravelTap-aoniybxgcgmexqcgzdslgsqiowxj/Build/Intermediates.noindex/TravelTap.build/Debug-iphonesimulator/TravelTap.build/assetcatalog_dependencies --output-partial-info-plist /Users/erders/Library/Developer/Xcode/DerivedData/TravelTap-aoniybxgcgmexqcgzdslgsqiowxj/Build/Intermediates.noindex/TravelTap.build/Debug-iphonesimulator/TravelTap.build/assetcatalog_generated_info.plist --app-icon AppIcon --accent-color AccentColor --compress-pngs --enable-on-demand-resources YES --development-region en --target-device iphone --target-device ipad --minimum-deployment-target 17.0 --platform iphonesimulator --bundle-identifier com.erders.traveltap.app --generate-swift-asset-symbols /Users/erders/Library/Developer/Xcode/DerivedData/TravelTap-aoniybxgcgmexqcgzdslgsqiowxj/Build/Intermediates.noindex/TravelTap.build/Debug-iphonesimulator/TravelTap.build/DerivedSources/GeneratedAssetSymbols.swift --generate-objc-asset-symbols /Users/erders/Library/Developer/Xcode/DerivedData/TravelTap-aoniybxgcgmexqcgzdslgsqiowxj/Build/Intermediates.noindex/TravelTap.build/Debug-iphonesimulator/TravelTap.build/DerivedSources/GeneratedAssetSymbols.h --generate-asset-symbol-index /Users/erders/Library/Developer/Xcode/DerivedData/TravelTap-aoniybxgcgmexqcgzdslgsqiowxj/Build/Intermediates.noindex/TravelTap.build/Debug-iphonesimulator/TravelTap.build/DerivedSources/GeneratedAssetSymbols-Index.plist
/* com.apple.actool.document.warnings */
/Users/erders/Documents/TravelTap/TravelTap/Assets.xcassets:./AppIcon.appiconset/(null)[2d][AppIcon.png]: warning: The app icon set "AppIcon" has an unassigned child.
/Users/erders/Documents/TravelTap/TravelTap/Assets.xcassets:./SplashLogo.imageset/(null)[2d][SplashLogo.png]: warning: The image set "SplashLogo" has an unassigned child.
/Users/erders/Documents/TravelTap/TravelTap/Assets.xcassets:./AppIcon.appiconset/(null)[2d][AppIcon.png]: warning: The app icon set "AppIcon" has an unassigned child.
/Users/erders/Documents/TravelTap/TravelTap/Assets.xcassets:./SplashLogo.imageset/(null)[2d][SplashLogo.png]: warning: The image set "SplashLogo" has an unassigned child.
/* com.apple.actool.compilation-results */
/Users/erders/Library/Developer/Xcode/DerivedData/TravelTap-aoniybxgcgmexqcgzdslgsqiowxj/Build/Intermediates.noindex/TravelTap.build/Debug-iphonesimulator/TravelTap.build/DerivedSources/GeneratedAssetSymbols-Index.plist
/Users/erders/Library/Developer/Xcode/DerivedData/TravelTap-aoniybxgcgmexqcgzdslgsqiowxj/Build/Intermediates.noindex/TravelTap.build/Debug-iphonesimulator/TravelTap.build/DerivedSources/GeneratedAssetSymbols.h
/Users/erders/Library/Developer/Xcode/DerivedData/TravelTap-aoniybxgcgmexqcgzdslgsqiowxj/Build/Intermediates.noindex/TravelTap.build/Debug-iphonesimulator/TravelTap.build/DerivedSources/GeneratedAssetSymbols.swift


MkDir /Users/erders/Library/Developer/Xcode/DerivedData/TravelTap-aoniybxgcgmexqcgzdslgsqiowxj/Build/Intermediates.noindex/TravelTap.build/Debug-iphonesimulator/TravelTap.build/assetcatalog_output/thinned (in target 'TravelTap' from project 'TravelTap')
    cd /Users/erders/Documents/TravelTap
    /bin/mkdir -p /Users/erders/Library/Developer/Xcode/DerivedData/TravelTap-aoniybxgcgmexqcgzdslgsqiowxj/Build/Intermediates.noindex/TravelTap.build/Debug-iphonesimulator/TravelTap.build/assetcatalog_output/thinned

CpResource /Users/erders/Library/Developer/Xcode/DerivedData/TravelTap-aoniybxgcgmexqcgzdslgsqiowxj/Build/Products/Debug-iphonesimulator/TravelTap.app/Quicksand-Bold.ttf /Users/erders/Documents/TravelTap/TravelTap/Fonts/Quicksand-Bold.ttf (in target 'TravelTap' from project 'TravelTap')
    cd /Users/erders/Documents/TravelTap
    builtin-copy -exclude .DS_Store -exclude CVS -exclude .svn -exclude .git -exclude .hg -resolve-src-symlinks /Users/erders/Documents/TravelTap/TravelTap/Fonts/Quicksand-Bold.ttf /Users/erders/Library/Developer/Xcode/DerivedData/TravelTap-aoniybxgcgmexqcgzdslgsqiowxj/Build/Products/Debug-iphonesimulator/TravelTap.app

MkDir /Users/erders/Library/Developer/Xcode/DerivedData/TravelTap-aoniybxgcgmexqcgzdslgsqiowxj/Build/Intermediates.noindex/TravelTap.build/Debug-iphonesimulator/TravelTap.build/assetcatalog_output/unthinned (in target 'TravelTap' from project 'TravelTap')
    cd /Users/erders/Documents/TravelTap
    /bin/mkdir -p /Users/erders/Library/Developer/Xcode/DerivedData/TravelTap-aoniybxgcgmexqcgzdslgsqiowxj/Build/Intermediates.noindex/TravelTap.build/Debug-iphonesimulator/TravelTap.build/assetcatalog_output/unthinned

CpResource /Users/erders/Library/Developer/Xcode/DerivedData/TravelTap-aoniybxgcgmexqcgzdslgsqiowxj/Build/Products/Debug-iphonesimulator/TravelTap.app/Quicksand-Medium.ttf /Users/erders/Documents/TravelTap/TravelTap/Fonts/Quicksand-Medium.ttf (in target 'TravelTap' from project 'TravelTap')
    cd /Users/erders/Documents/TravelTap
    builtin-copy -exclude .DS_Store -exclude CVS -exclude .svn -exclude .git -exclude .hg -resolve-src-symlinks /Users/erders/Documents/TravelTap/TravelTap/Fonts/Quicksand-Medium.ttf /Users/erders/Library/Developer/Xcode/DerivedData/TravelTap-aoniybxgcgmexqcgzdslgsqiowxj/Build/Products/Debug-iphonesimulator/TravelTap.app

Ld /Users/erders/Library/Developer/Xcode/DerivedData/TravelTap-aoniybxgcgmexqcgzdslgsqiowxj/Build/Intermediates.noindex/TravelTap.build/Debug-iphonesimulator/TravelTap.build/Objects-normal/x86_64/Binary/__preview.dylib normal x86_64 (in target 'TravelTap' from project 'TravelTap')
    cd /Users/erders/Documents/TravelTap
    /Applications/Xcode.app/Contents/Developer/Toolchains/XcodeDefault.xctoolchain/usr/bin/clang -Xlinker -reproducible -target x86_64-apple-ios17.0-simulator -dynamiclib -isysroot /Applications/Xcode.app/Contents/Developer/Platforms/iPhoneSimulator.platform/Developer/SDKs/iPhoneSimulator26.2.sdk -O0 -L/Users/erders/Library/Developer/Xcode/DerivedData/TravelTap-aoniybxgcgmexqcgzdslgsqiowxj/Build/Products/Debug-iphonesimulator -F/Users/erders/Library/Developer/Xcode/DerivedData/TravelTap-aoniybxgcgmexqcgzdslgsqiowxj/Build/Products/Debug-iphonesimulator -install_name @rpath/TravelTap.debug.dylib -dead_strip -rdynamic -Xlinker -no_deduplicate -Xlinker -objc_abi_version -Xlinker 2 -Xlinker -dependency_info -Xlinker /Users/erders/Library/Developer/Xcode/DerivedData/TravelTap-aoniybxgcgmexqcgzdslgsqiowxj/Build/Intermediates.noindex/TravelTap.build/Debug-iphonesimulator/TravelTap.build/Objects-normal/x86_64/TravelTap_dependency_info.dat -Xlinker -sectcreate -Xlinker __TEXT -Xlinker __entitlements -Xlinker /Users/erders/Library/Developer/Xcode/DerivedData/TravelTap-aoniybxgcgmexqcgzdslgsqiowxj/Build/Intermediates.noindex/TravelTap.build/Debug-iphonesimulator/TravelTap.build/TravelTap.app-Simulated.xcent -Xlinker -sectcreate -Xlinker __TEXT -Xlinker __ents_der -Xlinker /Users/erders/Library/Developer/Xcode/DerivedData/TravelTap-aoniybxgcgmexqcgzdslgsqiowxj/Build/Intermediates.noindex/TravelTap.build/Debug-iphonesimulator/TravelTap.build/TravelTap.app-Simulated.xcent.der -Xlinker -no_adhoc_codesign -o /Users/erders/Library/Developer/Xcode/DerivedData/TravelTap-aoniybxgcgmexqcgzdslgsqiowxj/Build/Intermediates.noindex/TravelTap.build/Debug-iphonesimulator/TravelTap.build/Objects-normal/x86_64/Binary/__preview.dylib

Ld /Users/erders/Library/Developer/Xcode/DerivedData/TravelTap-aoniybxgcgmexqcgzdslgsqiowxj/Build/Intermediates.noindex/TravelTap.build/Debug-iphonesimulator/TravelTap.build/Objects-normal/arm64/Binary/__preview.dylib normal arm64 (in target 'TravelTap' from project 'TravelTap')
    cd /Users/erders/Documents/TravelTap
    /Applications/Xcode.app/Contents/Developer/Toolchains/XcodeDefault.xctoolchain/usr/bin/clang -Xlinker -reproducible -target arm64-apple-ios17.0-simulator -dynamiclib -isysroot /Applications/Xcode.app/Contents/Developer/Platforms/iPhoneSimulator.platform/Developer/SDKs/iPhoneSimulator26.2.sdk -O0 -L/Users/erders/Library/Developer/Xcode/DerivedData/TravelTap-aoniybxgcgmexqcgzdslgsqiowxj/Build/Products/Debug-iphonesimulator -F/Users/erders/Library/Developer/Xcode/DerivedData/TravelTap-aoniybxgcgmexqcgzdslgsqiowxj/Build/Products/Debug-iphonesimulator -install_name @rpath/TravelTap.debug.dylib -dead_strip -rdynamic -Xlinker -no_deduplicate -Xlinker -objc_abi_version -Xlinker 2 -Xlinker -dependency_info -Xlinker /Users/erders/Library/Developer/Xcode/DerivedData/TravelTap-aoniybxgcgmexqcgzdslgsqiowxj/Build/Intermediates.noindex/TravelTap.build/Debug-iphonesimulator/TravelTap.build/Objects-normal/arm64/TravelTap_dependency_info.dat -Xlinker -sectcreate -Xlinker __TEXT -Xlinker __entitlements -Xlinker /Users/erders/Library/Developer/Xcode/DerivedData/TravelTap-aoniybxgcgmexqcgzdslgsqiowxj/Build/Intermediates.noindex/TravelTap.build/Debug-iphonesimulator/TravelTap.build/TravelTap.app-Simulated.xcent -Xlinker -sectcreate -Xlinker __TEXT -Xlinker __ents_der -Xlinker /Users/erders/Library/Developer/Xcode/DerivedData/TravelTap-aoniybxgcgmexqcgzdslgsqiowxj/Build/Intermediates.noindex/TravelTap.build/Debug-iphonesimulator/TravelTap.build/TravelTap.app-Simulated.xcent.der -Xlinker -no_adhoc_codesign -o /Users/erders/Library/Developer/Xcode/DerivedData/TravelTap-aoniybxgcgmexqcgzdslgsqiowxj/Build/Intermediates.noindex/TravelTap.build/Debug-iphonesimulator/TravelTap.build/Objects-normal/arm64/Binary/__preview.dylib

CompileAssetCatalogVariant thinned /Users/erders/Library/Developer/Xcode/DerivedData/TravelTap-aoniybxgcgmexqcgzdslgsqiowxj/Build/Products/Debug-iphonesimulator/TravelTap.app /Users/erders/Documents/TravelTap/TravelTap/Assets.xcassets (in target 'TravelTap' from project 'TravelTap')
    cd /Users/erders/Documents/TravelTap
    /Applications/Xcode.app/Contents/Developer/usr/bin/actool /Users/erders/Documents/TravelTap/TravelTap/Assets.xcassets --compile /Users/erders/Library/Developer/Xcode/DerivedData/TravelTap-aoniybxgcgmexqcgzdslgsqiowxj/Build/Intermediates.noindex/TravelTap.build/Debug-iphonesimulator/TravelTap.build/assetcatalog_output/thinned --output-format human-readable-text --notices --warnings --export-dependency-info /Users/erders/Library/Developer/Xcode/DerivedData/TravelTap-aoniybxgcgmexqcgzdslgsqiowxj/Build/Intermediates.noindex/TravelTap.build/Debug-iphonesimulator/TravelTap.build/assetcatalog_dependencies_thinned --output-partial-info-plist /Users/erders/Library/Developer/Xcode/DerivedData/TravelTap-aoniybxgcgmexqcgzdslgsqiowxj/Build/Intermediates.noindex/TravelTap.build/Debug-iphonesimulator/TravelTap.build/assetcatalog_generated_info.plist_thinned --app-icon AppIcon --accent-color AccentColor --compress-pngs --enable-on-demand-resources YES --development-region en --target-device iphone --target-device ipad --minimum-deployment-target 17.0 --platform iphonesimulator
/* com.apple.actool.document.warnings */
/Users/erders/Documents/TravelTap/TravelTap/Assets.xcassets:./SplashLogo.imageset/(null)[2d][SplashLogo.png]: warning: The image set "SplashLogo" has an unassigned child.
/Users/erders/Documents/TravelTap/TravelTap/Assets.xcassets:./AppIcon.appiconset/(null)[2d][AppIcon.png]: warning: The app icon set "AppIcon" has an unassigned child.
/Users/erders/Documents/TravelTap/TravelTap/Assets.xcassets:./AppIcon.appiconset: warning: A 76x76@2x app icon is required for iPad apps targeting iOS 7.0 and later
/Users/erders/Documents/TravelTap/TravelTap/Assets.xcassets:./AppIcon.appiconset: warning: A 83.5x83.5@2x app icon is required for iPad apps targeting iOS 9.0 and later
/Users/erders/Documents/TravelTap/TravelTap/Assets.xcassets:./AppIcon.appiconset/(null)[2d][AppIcon.png]: warning: The app icon set "AppIcon" has an unassigned child.
/Users/erders/Documents/TravelTap/TravelTap/Assets.xcassets:./SplashLogo.imageset/(null)[2d][SplashLogo.png]: warning: The image set "SplashLogo" has an unassigned child.
/Users/erders/Documents/TravelTap/TravelTap/Assets.xcassets:./SplashLogo.imageset/(null)[2d][SplashLogo.png]: warning: The image set "SplashLogo" has an unassigned child.
/Users/erders/Documents/TravelTap/TravelTap/Assets.xcassets:./AppIcon.appiconset/(null)[2d][AppIcon.png]: warning: The app icon set "AppIcon" has an unassigned child.
/* com.apple.actool.compilation-results */
/Users/erders/Library/Developer/Xcode/DerivedData/TravelTap-aoniybxgcgmexqcgzdslgsqiowxj/Build/Intermediates.noindex/TravelTap.build/Debug-iphonesimulator/TravelTap.build/assetcatalog_generated_info.plist_thinned
/Users/erders/Library/Developer/Xcode/DerivedData/TravelTap-aoniybxgcgmexqcgzdslgsqiowxj/Build/Intermediates.noindex/TravelTap.build/Debug-iphonesimulator/TravelTap.build/assetcatalog_output/thinned/AppIcon60x60@2x.png
/Users/erders/Library/Developer/Xcode/DerivedData/TravelTap-aoniybxgcgmexqcgzdslgsqiowxj/Build/Intermediates.noindex/TravelTap.build/Debug-iphonesimulator/TravelTap.build/assetcatalog_output/thinned/Assets.car


CreateUniversalBinary /Users/erders/Library/Developer/Xcode/DerivedData/TravelTap-aoniybxgcgmexqcgzdslgsqiowxj/Build/Products/Debug-iphonesimulator/TravelTap.app/__preview.dylib normal arm64\ x86_64 (in target 'TravelTap' from project 'TravelTap')
    cd /Users/erders/Documents/TravelTap
    /Applications/Xcode.app/Contents/Developer/Toolchains/XcodeDefault.xctoolchain/usr/bin/lipo -create /Users/erders/Library/Developer/Xcode/DerivedData/TravelTap-aoniybxgcgmexqcgzdslgsqiowxj/Build/Intermediates.noindex/TravelTap.build/Debug-iphonesimulator/TravelTap.build/Objects-normal/arm64/Binary/__preview.dylib /Users/erders/Library/Developer/Xcode/DerivedData/TravelTap-aoniybxgcgmexqcgzdslgsqiowxj/Build/Intermediates.noindex/TravelTap.build/Debug-iphonesimulator/TravelTap.build/Objects-normal/x86_64/Binary/__preview.dylib -output /Users/erders/Library/Developer/Xcode/DerivedData/TravelTap-aoniybxgcgmexqcgzdslgsqiowxj/Build/Products/Debug-iphonesimulator/TravelTap.app/__preview.dylib

SwiftDriver TravelTap normal arm64 com.apple.xcode.tools.swift.compiler (in target 'TravelTap' from project 'TravelTap')
    cd /Users/erders/Documents/TravelTap
    builtin-SwiftDriver -- /Applications/Xcode.app/Contents/Developer/Toolchains/XcodeDefault.xctoolchain/usr/bin/swiftc -module-name TravelTap -Onone -enforce-exclusivity\=checked @/Users/erders/Library/Developer/Xcode/DerivedData/TravelTap-aoniybxgcgmexqcgzdslgsqiowxj/Build/Intermediates.noindex/TravelTap.build/Debug-iphonesimulator/TravelTap.build/Objects-normal/arm64/TravelTap.SwiftFileList -DDEBUG -enable-bare-slash-regex -enable-experimental-feature DebugDescriptionMacro -sdk /Applications/Xcode.app/Contents/Developer/Platforms/iPhoneSimulator.platform/Developer/SDKs/iPhoneSimulator26.2.sdk -target arm64-apple-ios17.0-simulator -g -module-cache-path /Users/erders/Library/Developer/Xcode/DerivedData/ModuleCache.noindex -Xfrontend -serialize-debugging-options -enable-testing -index-store-path /Users/erders/Library/Developer/Xcode/DerivedData/TravelTap-aoniybxgcgmexqcgzdslgsqiowxj/Index.noindex/DataStore -Xcc -D_LIBCPP_HARDENING_MODE\=_LIBCPP_HARDENING_MODE_DEBUG -swift-version 5 -I /Users/erders/Library/Developer/Xcode/DerivedData/TravelTap-aoniybxgcgmexqcgzdslgsqiowxj/Build/Products/Debug-iphonesimulator -F /Users/erders/Library/Developer/Xcode/DerivedData/TravelTap-aoniybxgcgmexqcgzdslgsqiowxj/Build/Products/Debug-iphonesimulator -emit-localized-strings -emit-localized-strings-path /Users/erders/Library/Developer/Xcode/DerivedData/TravelTap-aoniybxgcgmexqcgzdslgsqiowxj/Build/Intermediates.noindex/TravelTap.build/Debug-iphonesimulator/TravelTap.build/Objects-normal/arm64 -c -j12 -enable-batch-mode -incremental -Xcc -ivfsstatcache -Xcc /Users/erders/Library/Developer/Xcode/DerivedData/SDKStatCaches.noindex/iphonesimulator26.2-23C53-7d00a8b37fbd7999ea79df8ebc024bf0.sdkstatcache -output-file-map /Users/erders/Library/Developer/Xcode/DerivedData/TravelTap-aoniybxgcgmexqcgzdslgsqiowxj/Build/Intermediates.noindex/TravelTap.build/Debug-iphonesimulator/TravelTap.build/Objects-normal/arm64/TravelTap-OutputFileMap.json -use-frontend-parseable-output -save-temps -no-color-diagnostics -explicit-module-build -module-cache-path /Users/erders/Library/Developer/Xcode/DerivedData/TravelTap-aoniybxgcgmexqcgzdslgsqiowxj/Build/Intermediates.noindex/SwiftExplicitPrecompiledModules -clang-scanner-module-cache-path /Users/erders/Library/Developer/Xcode/DerivedData/ModuleCache.noindex -sdk-module-cache-path /Users/erders/Library/Developer/Xcode/DerivedData/ModuleCache.noindex -serialize-diagnostics -emit-dependencies -emit-module -emit-module-path /Users/erders/Library/Developer/Xcode/DerivedData/TravelTap-aoniybxgcgmexqcgzdslgsqiowxj/Build/Intermediates.noindex/TravelTap.build/Debug-iphonesimulator/TravelTap.build/Objects-normal/arm64/TravelTap.swiftmodule -validate-clang-modules-once -clang-build-session-file /Users/erders/Library/Developer/Xcode/DerivedData/ModuleCache.noindex/Session.modulevalidation -Xcc -I/Users/erders/Library/Developer/Xcode/DerivedData/TravelTap-aoniybxgcgmexqcgzdslgsqiowxj/Build/Intermediates.noindex/TravelTap.build/Debug-iphonesimulator/TravelTap.build/swift-overrides.hmap -emit-const-values -Xfrontend -const-gather-protocols-file -Xfrontend /Users/erders/Library/Developer/Xcode/DerivedData/TravelTap-aoniybxgcgmexqcgzdslgsqiowxj/Build/Intermediates.noindex/TravelTap.build/Debug-iphonesimulator/TravelTap.build/Objects-normal/arm64/TravelTap_const_extract_protocols.json -Xcc -iquote -Xcc /Users/erders/Library/Developer/Xcode/DerivedData/TravelTap-aoniybxgcgmexqcgzdslgsqiowxj/Build/Intermediates.noindex/TravelTap.build/Debug-iphonesimulator/TravelTap.build/TravelTap-generated-files.hmap -Xcc -I/Users/erders/Library/Developer/Xcode/DerivedData/TravelTap-aoniybxgcgmexqcgzdslgsqiowxj/Build/Intermediates.noindex/TravelTap.build/Debug-iphonesimulator/TravelTap.build/TravelTap-own-target-headers.hmap -Xcc -I/Users/erders/Library/Developer/Xcode/DerivedData/TravelTap-aoniybxgcgmexqcgzdslgsqiowxj/Build/Intermediates.noindex/TravelTap.build/Debug-iphonesimulator/TravelTap.build/TravelTap-all-target-headers.hmap -Xcc -iquote -Xcc /Users/erders/Library/Developer/Xcode/DerivedData/TravelTap-aoniybxgcgmexqcgzdslgsqiowxj/Build/Intermediates.noindex/TravelTap.build/Debug-iphonesimulator/TravelTap.build/TravelTap-project-headers.hmap -Xcc -I/Users/erders/Library/Developer/Xcode/DerivedData/TravelTap-aoniybxgcgmexqcgzdslgsqiowxj/Build/Products/Debug-iphonesimulator/include -Xcc -I/Users/erders/Library/Developer/Xcode/DerivedData/TravelTap-aoniybxgcgmexqcgzdslgsqiowxj/Build/Intermediates.noindex/TravelTap.build/Debug-iphonesimulator/TravelTap.build/DerivedSources-normal/arm64 -Xcc -I/Users/erders/Library/Developer/Xcode/DerivedData/TravelTap-aoniybxgcgmexqcgzdslgsqiowxj/Build/Intermediates.noindex/TravelTap.build/Debug-iphonesimulator/TravelTap.build/DerivedSources/arm64 -Xcc -I/Users/erders/Library/Developer/Xcode/DerivedData/TravelTap-aoniybxgcgmexqcgzdslgsqiowxj/Build/Intermediates.noindex/TravelTap.build/Debug-iphonesimulator/TravelTap.build/DerivedSources -Xcc -DDEBUG\=1 -emit-objc-header -emit-objc-header-path /Users/erders/Library/Developer/Xcode/DerivedData/TravelTap-aoniybxgcgmexqcgzdslgsqiowxj/Build/Intermediates.noindex/TravelTap.build/Debug-iphonesimulator/TravelTap.build/Objects-normal/arm64/TravelTap-Swift.h -working-directory /Users/erders/Documents/TravelTap -experimental-emit-module-separately -disable-cmo

SwiftDriver TravelTap normal x86_64 com.apple.xcode.tools.swift.compiler (in target 'TravelTap' from project 'TravelTap')
    cd /Users/erders/Documents/TravelTap
    builtin-SwiftDriver -- /Applications/Xcode.app/Contents/Developer/Toolchains/XcodeDefault.xctoolchain/usr/bin/swiftc -module-name TravelTap -Onone -enforce-exclusivity\=checked @/Users/erders/Library/Developer/Xcode/DerivedData/TravelTap-aoniybxgcgmexqcgzdslgsqiowxj/Build/Intermediates.noindex/TravelTap.build/Debug-iphonesimulator/TravelTap.build/Objects-normal/x86_64/TravelTap.SwiftFileList -DDEBUG -enable-bare-slash-regex -enable-experimental-feature DebugDescriptionMacro -sdk /Applications/Xcode.app/Contents/Developer/Platforms/iPhoneSimulator.platform/Developer/SDKs/iPhoneSimulator26.2.sdk -target x86_64-apple-ios17.0-simulator -g -module-cache-path /Users/erders/Library/Developer/Xcode/DerivedData/ModuleCache.noindex -Xfrontend -serialize-debugging-options -enable-testing -index-store-path /Users/erders/Library/Developer/Xcode/DerivedData/TravelTap-aoniybxgcgmexqcgzdslgsqiowxj/Index.noindex/DataStore -Xcc -D_LIBCPP_HARDENING_MODE\=_LIBCPP_HARDENING_MODE_DEBUG -swift-version 5 -I /Users/erders/Library/Developer/Xcode/DerivedData/TravelTap-aoniybxgcgmexqcgzdslgsqiowxj/Build/Products/Debug-iphonesimulator -F /Users/erders/Library/Developer/Xcode/DerivedData/TravelTap-aoniybxgcgmexqcgzdslgsqiowxj/Build/Products/Debug-iphonesimulator -emit-localized-strings -emit-localized-strings-path /Users/erders/Library/Developer/Xcode/DerivedData/TravelTap-aoniybxgcgmexqcgzdslgsqiowxj/Build/Intermediates.noindex/TravelTap.build/Debug-iphonesimulator/TravelTap.build/Objects-normal/x86_64 -c -j12 -enable-batch-mode -incremental -Xcc -ivfsstatcache -Xcc /Users/erders/Library/Developer/Xcode/DerivedData/SDKStatCaches.noindex/iphonesimulator26.2-23C53-7d00a8b37fbd7999ea79df8ebc024bf0.sdkstatcache -output-file-map /Users/erders/Library/Developer/Xcode/DerivedData/TravelTap-aoniybxgcgmexqcgzdslgsqiowxj/Build/Intermediates.noindex/TravelTap.build/Debug-iphonesimulator/TravelTap.build/Objects-normal/x86_64/TravelTap-OutputFileMap.json -use-frontend-parseable-output -save-temps -no-color-diagnostics -explicit-module-build -module-cache-path /Users/erders/Library/Developer/Xcode/DerivedData/TravelTap-aoniybxgcgmexqcgzdslgsqiowxj/Build/Intermediates.noindex/SwiftExplicitPrecompiledModules -clang-scanner-module-cache-path /Users/erders/Library/Developer/Xcode/DerivedData/ModuleCache.noindex -sdk-module-cache-path /Users/erders/Library/Developer/Xcode/DerivedData/ModuleCache.noindex -serialize-diagnostics -emit-dependencies -emit-module -emit-module-path /Users/erders/Library/Developer/Xcode/DerivedData/TravelTap-aoniybxgcgmexqcgzdslgsqiowxj/Build/Intermediates.noindex/TravelTap.build/Debug-iphonesimulator/TravelTap.build/Objects-normal/x86_64/TravelTap.swiftmodule -validate-clang-modules-once -clang-build-session-file /Users/erders/Library/Developer/Xcode/DerivedData/ModuleCache.noindex/Session.modulevalidation -Xcc -I/Users/erders/Library/Developer/Xcode/DerivedData/TravelTap-aoniybxgcgmexqcgzdslgsqiowxj/Build/Intermediates.noindex/TravelTap.build/Debug-iphonesimulator/TravelTap.build/swift-overrides.hmap -emit-const-values -Xfrontend -const-gather-protocols-file -Xfrontend /Users/erders/Library/Developer/Xcode/DerivedData/TravelTap-aoniybxgcgmexqcgzdslgsqiowxj/Build/Intermediates.noindex/TravelTap.build/Debug-iphonesimulator/TravelTap.build/Objects-normal/x86_64/TravelTap_const_extract_protocols.json -Xcc -iquote -Xcc /Users/erders/Library/Developer/Xcode/DerivedData/TravelTap-aoniybxgcgmexqcgzdslgsqiowxj/Build/Intermediates.noindex/TravelTap.build/Debug-iphonesimulator/TravelTap.build/TravelTap-generated-files.hmap -Xcc -I/Users/erders/Library/Developer/Xcode/DerivedData/TravelTap-aoniybxgcgmexqcgzdslgsqiowxj/Build/Intermediates.noindex/TravelTap.build/Debug-iphonesimulator/TravelTap.build/TravelTap-own-target-headers.hmap -Xcc -I/Users/erders/Library/Developer/Xcode/DerivedData/TravelTap-aoniybxgcgmexqcgzdslgsqiowxj/Build/Intermediates.noindex/TravelTap.build/Debug-iphonesimulator/TravelTap.build/TravelTap-all-target-headers.hmap -Xcc -iquote -Xcc /Users/erders/Library/Developer/Xcode/DerivedData/TravelTap-aoniybxgcgmexqcgzdslgsqiowxj/Build/Intermediates.noindex/TravelTap.build/Debug-iphonesimulator/TravelTap.build/TravelTap-project-headers.hmap -Xcc -I/Users/erders/Library/Developer/Xcode/DerivedData/TravelTap-aoniybxgcgmexqcgzdslgsqiowxj/Build/Products/Debug-iphonesimulator/include -Xcc -I/Users/erders/Library/Developer/Xcode/DerivedData/TravelTap-aoniybxgcgmexqcgzdslgsqiowxj/Build/Intermediates.noindex/TravelTap.build/Debug-iphonesimulator/TravelTap.build/DerivedSources-normal/x86_64 -Xcc -I/Users/erders/Library/Developer/Xcode/DerivedData/TravelTap-aoniybxgcgmexqcgzdslgsqiowxj/Build/Intermediates.noindex/TravelTap.build/Debug-iphonesimulator/TravelTap.build/DerivedSources/x86_64 -Xcc -I/Users/erders/Library/Developer/Xcode/DerivedData/TravelTap-aoniybxgcgmexqcgzdslgsqiowxj/Build/Intermediates.noindex/TravelTap.build/Debug-iphonesimulator/TravelTap.build/DerivedSources -Xcc -DDEBUG\=1 -emit-objc-header -emit-objc-header-path /Users/erders/Library/Developer/Xcode/DerivedData/TravelTap-aoniybxgcgmexqcgzdslgsqiowxj/Build/Intermediates.noindex/TravelTap.build/Debug-iphonesimulator/TravelTap.build/Objects-normal/x86_64/TravelTap-Swift.h -working-directory /Users/erders/Documents/TravelTap -experimental-emit-module-separately -disable-cmo

LinkAssetCatalog /Users/erders/Documents/TravelTap/TravelTap/Assets.xcassets (in target 'TravelTap' from project 'TravelTap')
    cd /Users/erders/Documents/TravelTap
    builtin-linkAssetCatalog --thinned /Users/erders/Library/Developer/Xcode/DerivedData/TravelTap-aoniybxgcgmexqcgzdslgsqiowxj/Build/Intermediates.noindex/TravelTap.build/Debug-iphonesimulator/TravelTap.build/assetcatalog_output/thinned --thinned-dependencies /Users/erders/Library/Developer/Xcode/DerivedData/TravelTap-aoniybxgcgmexqcgzdslgsqiowxj/Build/Intermediates.noindex/TravelTap.build/Debug-iphonesimulator/TravelTap.build/assetcatalog_dependencies_thinned --thinned-info-plist-content /Users/erders/Library/Developer/Xcode/DerivedData/TravelTap-aoniybxgcgmexqcgzdslgsqiowxj/Build/Intermediates.noindex/TravelTap.build/Debug-iphonesimulator/TravelTap.build/assetcatalog_generated_info.plist_thinned --unthinned /Users/erders/Library/Developer/Xcode/DerivedData/TravelTap-aoniybxgcgmexqcgzdslgsqiowxj/Build/Intermediates.noindex/TravelTap.build/Debug-iphonesimulator/TravelTap.build/assetcatalog_output/unthinned --unthinned-dependencies /Users/erders/Library/Developer/Xcode/DerivedData/TravelTap-aoniybxgcgmexqcgzdslgsqiowxj/Build/Intermediates.noindex/TravelTap.build/Debug-iphonesimulator/TravelTap.build/assetcatalog_dependencies_unthinned --unthinned-info-plist-content /Users/erders/Library/Developer/Xcode/DerivedData/TravelTap-aoniybxgcgmexqcgzdslgsqiowxj/Build/Intermediates.noindex/TravelTap.build/Debug-iphonesimulator/TravelTap.build/assetcatalog_generated_info.plist_unthinned --output /Users/erders/Library/Developer/Xcode/DerivedData/TravelTap-aoniybxgcgmexqcgzdslgsqiowxj/Build/Products/Debug-iphonesimulator/TravelTap.app --plist-output /Users/erders/Library/Developer/Xcode/DerivedData/TravelTap-aoniybxgcgmexqcgzdslgsqiowxj/Build/Intermediates.noindex/TravelTap.build/Debug-iphonesimulator/TravelTap.build/assetcatalog_generated_info.plist
note: Emplaced /Users/erders/Library/Developer/Xcode/DerivedData/TravelTap-aoniybxgcgmexqcgzdslgsqiowxj/Build/Products/Debug-iphonesimulator/TravelTap.app/Assets.car (in target 'TravelTap' from project 'TravelTap')
note: Emplaced /Users/erders/Library/Developer/Xcode/DerivedData/TravelTap-aoniybxgcgmexqcgzdslgsqiowxj/Build/Products/Debug-iphonesimulator/TravelTap.app/AppIcon60x60@2x.png (in target 'TravelTap' from project 'TravelTap')

ProcessInfoPlistFile /Users/erders/Library/Developer/Xcode/DerivedData/TravelTap-aoniybxgcgmexqcgzdslgsqiowxj/Build/Products/Debug-iphonesimulator/TravelTap.app/Info.plist /Users/erders/Documents/TravelTap/TravelTap/Info.plist (in target 'TravelTap' from project 'TravelTap')
    cd /Users/erders/Documents/TravelTap
    builtin-infoPlistUtility /Users/erders/Documents/TravelTap/TravelTap/Info.plist -producttype com.apple.product-type.application -genpkginfo /Users/erders/Library/Developer/Xcode/DerivedData/TravelTap-aoniybxgcgmexqcgzdslgsqiowxj/Build/Products/Debug-iphonesimulator/TravelTap.app/PkgInfo -expandbuildsettings -format binary -platform iphonesimulator -additionalcontentfile /Users/erders/Library/Developer/Xcode/DerivedData/TravelTap-aoniybxgcgmexqcgzdslgsqiowxj/Build/Intermediates.noindex/TravelTap.build/Debug-iphonesimulator/TravelTap.build/assetcatalog_generated_info.plist -o /Users/erders/Library/Developer/Xcode/DerivedData/TravelTap-aoniybxgcgmexqcgzdslgsqiowxj/Build/Products/Debug-iphonesimulator/TravelTap.app/Info.plist

SwiftCompile normal arm64 Compiling\ EnnediOuniangaAttractions.swift,\ LakeChadAttractions.swift,\ NDjamenaAttractions.swift,\ SouthernChadAttractions.swift,\ TibestiAttractions.swift,\ ZakoumaAttractions.swift,\ CentralBasinAttractions.swift,\ DRCNorthEastAttractions.swift,\ KatangaAttractions.swift,\ KinshasaWestAttractions.swift,\ NorthKivuAttractions.swift,\ SouthKivuAttractions.swift,\ DRCPackage.swift,\ BataAttractions.swift,\ BiokoIslandAttractions.swift,\ EquatorialGuineaIslandsAttractions.swift,\ MalaboAttractions.swift,\ NationalParksAttractions.swift,\ RioMuniAttractions.swift,\ EquatorialGuineaPackage.swift,\ GabonInteriorAttractions.swift,\ GabonNationalParksAttractions.swift,\ LibrevilleAttractions.swift,\ PortGentilCoastalAttractions.swift,\ GabonPackage.swift /Users/erders/Documents/TravelTap/TravelTap/Data/Countries/Africa/CentralAfrica/Chad/Cities/EnnediOuniangaAttractions.swift /Users/erders/Documents/TravelTap/TravelTap/Data/Countries/Africa/CentralAfrica/Chad/Cities/LakeChadAttractions.swift /Users/erders/Documents/TravelTap/TravelTap/Data/Countries/Africa/CentralAfrica/Chad/Cities/NDjamenaAttractions.swift /Users/erders/Documents/TravelTap/TravelTap/Data/Countries/Africa/CentralAfrica/Chad/Cities/SouthernChadAttractions.swift /Users/erders/Documents/TravelTap/TravelTap/Data/Countries/Africa/CentralAfrica/Chad/Cities/TibestiAttractions.swift /Users/erders/Documents/TravelTap/TravelTap/Data/Countries/Africa/CentralAfrica/Chad/Cities/ZakoumaAttractions.swift /Users/erders/Documents/TravelTap/TravelTap/Data/Countries/Africa/CentralAfrica/DRC/Cities/CentralBasinAttractions.swift /Users/erders/Documents/TravelTap/TravelTap/Data/Countries/Africa/CentralAfrica/DRC/Cities/DRCNorthEastAttractions.swift /Users/erders/Documents/TravelTap/TravelTap/Data/Countries/Africa/CentralAfrica/DRC/Cities/KatangaAttractions.swift /Users/erders/Documents/TravelTap/TravelTap/Data/Countries/Africa/CentralAfrica/DRC/Cities/KinshasaWestAttractions.swift /Users/erders/Documents/TravelTap/TravelTap/Data/Countries/Africa/CentralAfrica/DRC/Cities/NorthKivuAttractions.swift /Users/erders/Documents/TravelTap/TravelTap/Data/Countries/Africa/CentralAfrica/DRC/Cities/SouthKivuAttractions.swift /Users/erders/Documents/TravelTap/TravelTap/Data/Countries/Africa/CentralAfrica/DRC/DRCPackage.swift /Users/erders/Documents/TravelTap/TravelTap/Data/Countries/Africa/CentralAfrica/EquatorialGuinea/Cities/BataAttractions.swift /Users/erders/Documents/TravelTap/TravelTap/Data/Countries/Africa/CentralAfrica/EquatorialGuinea/Cities/BiokoIslandAttractions.swift /Users/erders/Documents/TravelTap/TravelTap/Data/Countries/Africa/CentralAfrica/EquatorialGuinea/Cities/EquatorialGuineaIslandsAttractions.swift /Users/erders/Documents/TravelTap/TravelTap/Data/Countries/Africa/CentralAfrica/EquatorialGuinea/Cities/MalaboAttractions.swift /Users/erders/Documents/TravelTap/TravelTap/Data/Countries/Africa/CentralAfrica/EquatorialGuinea/Cities/NationalParksAttractions.swift /Users/erders/Documents/TravelTap/TravelTap/Data/Countries/Africa/CentralAfrica/EquatorialGuinea/Cities/RioMuniAttractions.swift /Users/erders/Documents/TravelTap/TravelTap/Data/Countries/Africa/CentralAfrica/EquatorialGuinea/EquatorialGuineaPackage.swift /Users/erders/Documents/TravelTap/TravelTap/Data/Countries/Africa/CentralAfrica/Gabon/Cities/GabonInteriorAttractions.swift /Users/erders/Documents/TravelTap/TravelTap/Data/Countries/Africa/CentralAfrica/Gabon/Cities/GabonNationalParksAttractions.swift /Users/erders/Documents/TravelTap/TravelTap/Data/Countries/Africa/CentralAfrica/Gabon/Cities/LibrevilleAttractions.swift /Users/erders/Documents/TravelTap/TravelTap/Data/Countries/Africa/CentralAfrica/Gabon/Cities/PortGentilCoastalAttractions.swift /Users/erders/Documents/TravelTap/TravelTap/Data/Countries/Africa/CentralAfrica/Gabon/GabonPackage.swift (in target 'TravelTap' from project 'TravelTap')

SwiftCompile normal arm64 /Users/erders/Documents/TravelTap/TravelTap/Data/Countries/Africa/CentralAfrica/Chad/Cities/EnnediOuniangaAttractions.swift (in target 'TravelTap' from project 'TravelTap')
    cd /Users/erders/Documents/TravelTap
    

SwiftCompile normal arm64 /Users/erders/Documents/TravelTap/TravelTap/Data/Countries/Africa/CentralAfrica/Chad/Cities/LakeChadAttractions.swift (in target 'TravelTap' from project 'TravelTap')
    cd /Users/erders/Documents/TravelTap
    

SwiftCompile normal arm64 /Users/erders/Documents/TravelTap/TravelTap/Data/Countries/Africa/CentralAfrica/Chad/Cities/NDjamenaAttractions.swift (in target 'TravelTap' from project 'TravelTap')
    cd /Users/erders/Documents/TravelTap
    

SwiftCompile normal arm64 /Users/erders/Documents/TravelTap/TravelTap/Data/Countries/Africa/CentralAfrica/Chad/Cities/SouthernChadAttractions.swift (in target 'TravelTap' from project 'TravelTap')
    cd /Users/erders/Documents/TravelTap
    

SwiftCompile normal arm64 /Users/erders/Documents/TravelTap/TravelTap/Data/Countries/Africa/CentralAfrica/Chad/Cities/TibestiAttractions.swift (in target 'TravelTap' from project 'TravelTap')
    cd /Users/erders/Documents/TravelTap
    

SwiftCompile normal arm64 /Users/erders/Documents/TravelTap/TravelTap/Data/Countries/Africa/CentralAfrica/Chad/Cities/ZakoumaAttractions.swift (in target 'TravelTap' from project 'TravelTap')
    cd /Users/erders/Documents/TravelTap
    

SwiftCompile normal arm64 /Users/erders/Documents/TravelTap/TravelTap/Data/Countries/Africa/CentralAfrica/DRC/Cities/CentralBasinAttractions.swift (in target 'TravelTap' from project 'TravelTap')
    cd /Users/erders/Documents/TravelTap
    

SwiftCompile normal arm64 /Users/erders/Documents/TravelTap/TravelTap/Data/Countries/Africa/CentralAfrica/DRC/Cities/DRCNorthEastAttractions.swift (in target 'TravelTap' from project 'TravelTap')
    cd /Users/erders/Documents/TravelTap
    

SwiftCompile normal arm64 /Users/erders/Documents/TravelTap/TravelTap/Data/Countries/Africa/CentralAfrica/DRC/Cities/KatangaAttractions.swift (in target 'TravelTap' from project 'TravelTap')
    cd /Users/erders/Documents/TravelTap
    

SwiftCompile normal arm64 /Users/erders/Documents/TravelTap/TravelTap/Data/Countries/Africa/CentralAfrica/DRC/Cities/KinshasaWestAttractions.swift (in target 'TravelTap' from project 'TravelTap')
    cd /Users/erders/Documents/TravelTap
    

SwiftCompile normal arm64 /Users/erders/Documents/TravelTap/TravelTap/Data/Countries/Africa/CentralAfrica/DRC/Cities/NorthKivuAttractions.swift (in target 'TravelTap' from project 'TravelTap')
    cd /Users/erders/Documents/TravelTap
    

SwiftCompile normal arm64 /Users/erders/Documents/TravelTap/TravelTap/Data/Countries/Africa/CentralAfrica/DRC/Cities/SouthKivuAttractions.swift (in target 'TravelTap' from project 'TravelTap')
    cd /Users/erders/Documents/TravelTap
    

SwiftCompile normal arm64 /Users/erders/Documents/TravelTap/TravelTap/Data/Countries/Africa/CentralAfrica/DRC/DRCPackage.swift (in target 'TravelTap' from project 'TravelTap')
    cd /Users/erders/Documents/TravelTap
    

SwiftCompile normal arm64 /Users/erders/Documents/TravelTap/TravelTap/Data/Countries/Africa/CentralAfrica/EquatorialGuinea/Cities/BataAttractions.swift (in target 'TravelTap' from project 'TravelTap')
    cd /Users/erders/Documents/TravelTap
    

SwiftCompile normal arm64 /Users/erders/Documents/TravelTap/TravelTap/Data/Countries/Africa/CentralAfrica/EquatorialGuinea/Cities/BiokoIslandAttractions.swift (in target 'TravelTap' from project 'TravelTap')
    cd /Users/erders/Documents/TravelTap
    

SwiftCompile normal arm64 /Users/erders/Documents/TravelTap/TravelTap/Data/Countries/Africa/CentralAfrica/EquatorialGuinea/Cities/EquatorialGuineaIslandsAttractions.swift (in target 'TravelTap' from project 'TravelTap')
    cd /Users/erders/Documents/TravelTap
    

SwiftCompile normal arm64 /Users/erders/Documents/TravelTap/TravelTap/Data/Countries/Africa/CentralAfrica/EquatorialGuinea/Cities/MalaboAttractions.swift (in target 'TravelTap' from project 'TravelTap')
    cd /Users/erders/Documents/TravelTap
    

SwiftCompile normal arm64 /Users/erders/Documents/TravelTap/TravelTap/Data/Countries/Africa/CentralAfrica/EquatorialGuinea/Cities/NationalParksAttractions.swift (in target 'TravelTap' from project 'TravelTap')
    cd /Users/erders/Documents/TravelTap
    

SwiftCompile normal arm64 /Users/erders/Documents/TravelTap/TravelTap/Data/Countries/Africa/CentralAfrica/EquatorialGuinea/Cities/RioMuniAttractions.swift (in target 'TravelTap' from project 'TravelTap')
    cd /Users/erders/Documents/TravelTap
    

SwiftCompile normal arm64 /Users/erders/Documents/TravelTap/TravelTap/Data/Countries/Africa/CentralAfrica/EquatorialGuinea/EquatorialGuineaPackage.swift (in target 'TravelTap' from project 'TravelTap')
    cd /Users/erders/Documents/TravelTap
    

SwiftCompile normal arm64 /Users/erders/Documents/TravelTap/TravelTap/Data/Countries/Africa/CentralAfrica/Gabon/Cities/GabonInteriorAttractions.swift (in target 'TravelTap' from project 'TravelTap')
    cd /Users/erders/Documents/TravelTap
    

SwiftCompile normal arm64 /Users/erders/Documents/TravelTap/TravelTap/Data/Countries/Africa/CentralAfrica/Gabon/Cities/GabonNationalParksAttractions.swift (in target 'TravelTap' from project 'TravelTap')
    cd /Users/erders/Documents/TravelTap
    

SwiftCompile normal arm64 /Users/erders/Documents/TravelTap/TravelTap/Data/Countries/Africa/CentralAfrica/Gabon/Cities/LibrevilleAttractions.swift (in target 'TravelTap' from project 'TravelTap')
    cd /Users/erders/Documents/TravelTap
    

SwiftCompile normal arm64 /Users/erders/Documents/TravelTap/TravelTap/Data/Countries/Africa/CentralAfrica/Gabon/Cities/PortGentilCoastalAttractions.swift (in target 'TravelTap' from project 'TravelTap')
    cd /Users/erders/Documents/TravelTap
    

SwiftCompile normal arm64 /Users/erders/Documents/TravelTap/TravelTap/Data/Countries/Africa/CentralAfrica/Gabon/GabonPackage.swift (in target 'TravelTap' from project 'TravelTap')
    cd /Users/erders/Documents/TravelTap
    

SwiftCompile normal arm64 Compiling\ TravelStatsCardView.swift,\ AngolaPackage.swift,\ BenguelaAttractions.swift,\ HuilaAttractions.swift,\ KwanzaNorteAttractions.swift,\ LuandaAttractions.swift,\ MalanjeAttractions.swift,\ MbanzaKongoAttractions.swift,\ MoxicoAttractions.swift,\ NamibeAttractions.swift,\ CameroonPackage.swift,\ DoualaAttractions.swift,\ NorthAttractions.swift,\ SouthAttractions.swift,\ SouthWestAttractions.swift,\ WestNorthWestAttractions.swift,\ YaoundeAttractions.swift,\ CentralAfricanRepublicPackage.swift,\ BanguiAttractions.swift,\ BoaliAttractions.swift,\ CentralCARAttractions.swift,\ DzangaSanghaAttractions.swift,\ NorthernParksAttractions.swift,\ SouthEastAttractions.swift,\ ChadPackage.swift /Users/erders/Documents/TravelTap/TravelTap/Views/TravelStatsCardView.swift /Users/erders/Documents/TravelTap/TravelTap/Data/Countries/Africa/CentralAfrica/Angola/AngolaPackage.swift /Users/erders/Documents/TravelTap/TravelTap/Data/Countries/Africa/CentralAfrica/Angola/Cities/BenguelaAttractions.swift /Users/erders/Documents/TravelTap/TravelTap/Data/Countries/Africa/CentralAfrica/Angola/Cities/HuilaAttractions.swift /Users/erders/Documents/TravelTap/TravelTap/Data/Countries/Africa/CentralAfrica/Angola/Cities/KwanzaNorteAttractions.swift /Users/erders/Documents/TravelTap/TravelTap/Data/Countries/Africa/CentralAfrica/Angola/Cities/LuandaAttractions.swift /Users/erders/Documents/TravelTap/TravelTap/Data/Countries/Africa/CentralAfrica/Angola/Cities/MalanjeAttractions.swift /Users/erders/Documents/TravelTap/TravelTap/Data/Countries/Africa/CentralAfrica/Angola/Cities/MbanzaKongoAttractions.swift /Users/erders/Documents/TravelTap/TravelTap/Data/Countries/Africa/CentralAfrica/Angola/Cities/MoxicoAttractions.swift /Users/erders/Documents/TravelTap/TravelTap/Data/Countries/Africa/CentralAfrica/Angola/Cities/NamibeAttractions.swift /Users/erders/Documents/TravelTap/TravelTap/Data/Countries/Africa/CentralAfrica/Cameroon/CameroonPackage.swift /Users/erders/Documents/TravelTap/TravelTap/Data/Countries/Africa/CentralAfrica/Cameroon/Cities/DoualaAttractions.swift /Users/erders/Documents/TravelTap/TravelTap/Data/Countries/Africa/CentralAfrica/Cameroon/Cities/NorthAttractions.swift /Users/erders/Documents/TravelTap/TravelTap/Data/Countries/Africa/CentralAfrica/Cameroon/Cities/SouthAttractions.swift /Users/erders/Documents/TravelTap/TravelTap/Data/Countries/Africa/CentralAfrica/Cameroon/Cities/SouthWestAttractions.swift /Users/erders/Documents/TravelTap/TravelTap/Data/Countries/Africa/CentralAfrica/Cameroon/Cities/WestNorthWestAttractions.swift /Users/erders/Documents/TravelTap/TravelTap/Data/Countries/Africa/CentralAfrica/Cameroon/Cities/YaoundeAttractions.swift /Users/erders/Documents/TravelTap/TravelTap/Data/Countries/Africa/CentralAfrica/CentralAfricanRepublic/CentralAfricanRepublicPackage.swift /Users/erders/Documents/TravelTap/TravelTap/Data/Countries/Africa/CentralAfrica/CentralAfricanRepublic/Cities/BanguiAttractions.swift /Users/erders/Documents/TravelTap/TravelTap/Data/Countries/Africa/CentralAfrica/CentralAfricanRepublic/Cities/BoaliAttractions.swift /Users/erders/Documents/TravelTap/TravelTap/Data/Countries/Africa/CentralAfrica/CentralAfricanRepublic/Cities/CentralCARAttractions.swift /Users/erders/Documents/TravelTap/TravelTap/Data/Countries/Africa/CentralAfrica/CentralAfricanRepublic/Cities/DzangaSanghaAttractions.swift /Users/erders/Documents/TravelTap/TravelTap/Data/Countries/Africa/CentralAfrica/CentralAfricanRepublic/Cities/NorthernParksAttractions.swift /Users/erders/Documents/TravelTap/TravelTap/Data/Countries/Africa/CentralAfrica/CentralAfricanRepublic/Cities/SouthEastAttractions.swift /Users/erders/Documents/TravelTap/TravelTap/Data/Countries/Africa/CentralAfrica/Chad/ChadPackage.swift (in target 'TravelTap' from project 'TravelTap')
SwiftCompile normal arm64 /Users/erders/Documents/TravelTap/TravelTap/Views/TravelStatsCardView.swift (in target 'TravelTap' from project 'TravelTap')
    cd /Users/erders/Documents/TravelTap
    

SwiftCompile normal arm64 /Users/erders/Documents/TravelTap/TravelTap/Data/Countries/Africa/CentralAfrica/Angola/AngolaPackage.swift (in target 'TravelTap' from project 'TravelTap')
    cd /Users/erders/Documents/TravelTap
    

SwiftCompile normal arm64 /Users/erders/Documents/TravelTap/TravelTap/Data/Countries/Africa/CentralAfrica/Angola/Cities/BenguelaAttractions.swift (in target 'TravelTap' from project 'TravelTap')
    cd /Users/erders/Documents/TravelTap
    

SwiftCompile normal arm64 /Users/erders/Documents/TravelTap/TravelTap/Data/Countries/Africa/CentralAfrica/Angola/Cities/HuilaAttractions.swift (in target 'TravelTap' from project 'TravelTap')
    cd /Users/erders/Documents/TravelTap
    

SwiftCompile normal arm64 /Users/erders/Documents/TravelTap/TravelTap/Data/Countries/Africa/CentralAfrica/Angola/Cities/KwanzaNorteAttractions.swift (in target 'TravelTap' from project 'TravelTap')
    cd /Users/erders/Documents/TravelTap
    

SwiftCompile normal arm64 /Users/erders/Documents/TravelTap/TravelTap/Data/Countries/Africa/CentralAfrica/Angola/Cities/LuandaAttractions.swift (in target 'TravelTap' from project 'TravelTap')
    cd /Users/erders/Documents/TravelTap
    

SwiftCompile normal arm64 /Users/erders/Documents/TravelTap/TravelTap/Data/Countries/Africa/CentralAfrica/Angola/Cities/MalanjeAttractions.swift (in target 'TravelTap' from project 'TravelTap')
    cd /Users/erders/Documents/TravelTap
    

SwiftCompile normal arm64 /Users/erders/Documents/TravelTap/TravelTap/Data/Countries/Africa/CentralAfrica/Angola/Cities/MbanzaKongoAttractions.swift (in target 'TravelTap' from project 'TravelTap')
    cd /Users/erders/Documents/TravelTap
    

SwiftCompile normal arm64 /Users/erders/Documents/TravelTap/TravelTap/Data/Countries/Africa/CentralAfrica/Angola/Cities/MoxicoAttractions.swift (in target 'TravelTap' from project 'TravelTap')
    cd /Users/erders/Documents/TravelTap
    

SwiftCompile normal arm64 /Users/erders/Documents/TravelTap/TravelTap/Data/Countries/Africa/CentralAfrica/Angola/Cities/NamibeAttractions.swift (in target 'TravelTap' from project 'TravelTap')
    cd /Users/erders/Documents/TravelTap
    

SwiftCompile normal arm64 /Users/erders/Documents/TravelTap/TravelTap/Data/Countries/Africa/CentralAfrica/Cameroon/CameroonPackage.swift (in target 'TravelTap' from project 'TravelTap')
    cd /Users/erders/Documents/TravelTap
    

SwiftCompile normal arm64 /Users/erders/Documents/TravelTap/TravelTap/Data/Countries/Africa/CentralAfrica/Cameroon/Cities/DoualaAttractions.swift (in target 'TravelTap' from project 'TravelTap')
    cd /Users/erders/Documents/TravelTap
    

SwiftCompile normal arm64 /Users/erders/Documents/TravelTap/TravelTap/Data/Countries/Africa/CentralAfrica/Cameroon/Cities/NorthAttractions.swift (in target 'TravelTap' from project 'TravelTap')
    cd /Users/erders/Documents/TravelTap
    

SwiftCompile normal arm64 /Users/erders/Documents/TravelTap/TravelTap/Data/Countries/Africa/CentralAfrica/Cameroon/Cities/SouthAttractions.swift (in target 'TravelTap' from project 'TravelTap')
    cd /Users/erders/Documents/TravelTap
    

SwiftCompile normal arm64 /Users/erders/Documents/TravelTap/TravelTap/Data/Countries/Africa/CentralAfrica/Cameroon/Cities/SouthWestAttractions.swift (in target 'TravelTap' from project 'TravelTap')
    cd /Users/erders/Documents/TravelTap
    

SwiftCompile normal arm64 /Users/erders/Documents/TravelTap/TravelTap/Data/Countries/Africa/CentralAfrica/Cameroon/Cities/WestNorthWestAttractions.swift (in target 'TravelTap' from project 'TravelTap')
    cd /Users/erders/Documents/TravelTap
    

SwiftCompile normal arm64 /Users/erders/Documents/TravelTap/TravelTap/Data/Countries/Africa/CentralAfrica/Cameroon/Cities/YaoundeAttractions.swift (in target 'TravelTap' from project 'TravelTap')
    cd /Users/erders/Documents/TravelTap
    

SwiftCompile normal arm64 /Users/erders/Documents/TravelTap/TravelTap/Data/Countries/Africa/CentralAfrica/CentralAfricanRepublic/CentralAfricanRepublicPackage.swift (in target 'TravelTap' from project 'TravelTap')
    cd /Users/erders/Documents/TravelTap
    

SwiftCompile normal arm64 /Users/erders/Documents/TravelTap/TravelTap/Data/Countries/Africa/CentralAfrica/CentralAfricanRepublic/Cities/BanguiAttractions.swift (in target 'TravelTap' from project 'TravelTap')
    cd /Users/erders/Documents/TravelTap
    

SwiftCompile normal arm64 /Users/erders/Documents/TravelTap/TravelTap/Data/Countries/Africa/CentralAfrica/CentralAfricanRepublic/Cities/BoaliAttractions.swift (in target 'TravelTap' from project 'TravelTap')
    cd /Users/erders/Documents/TravelTap
    

SwiftCompile normal arm64 /Users/erders/Documents/TravelTap/TravelTap/Data/Countries/Africa/CentralAfrica/CentralAfricanRepublic/Cities/CentralCARAttractions.swift (in target 'TravelTap' from project 'TravelTap')
    cd /Users/erders/Documents/TravelTap
    

SwiftCompile normal arm64 /Users/erders/Documents/TravelTap/TravelTap/Data/Countries/Africa/CentralAfrica/CentralAfricanRepublic/Cities/DzangaSanghaAttractions.swift (in target 'TravelTap' from project 'TravelTap')
    cd /Users/erders/Documents/TravelTap
    

SwiftCompile normal arm64 /Users/erders/Documents/TravelTap/TravelTap/Data/Countries/Africa/CentralAfrica/CentralAfricanRepublic/Cities/NorthernParksAttractions.swift (in target 'TravelTap' from project 'TravelTap')
    cd /Users/erders/Documents/TravelTap
    

SwiftCompile normal arm64 /Users/erders/Documents/TravelTap/TravelTap/Data/Countries/Africa/CentralAfrica/CentralAfricanRepublic/Cities/SouthEastAttractions.swift (in target 'TravelTap' from project 'TravelTap')
    cd /Users/erders/Documents/TravelTap
    

SwiftCompile normal arm64 /Users/erders/Documents/TravelTap/TravelTap/Data/Countries/Africa/CentralAfrica/Chad/ChadPackage.swift (in target 'TravelTap' from project 'TravelTap')
    cd /Users/erders/Documents/TravelTap
    

SwiftCompile normal arm64 Compiling\ SomaliaPackage.swift,\ EasternSouthSudanAttractions.swift,\ JubaCentralAttractions.swift,\ NationalParksWildernessAttractions.swift,\ WesternSouthSudanAttractions.swift,\ SouthSudanPackage.swift,\ DarEsSalaamCoastAttractions.swift,\ NorthernCircuitAttractions.swift,\ SouthernWesternCircuitsAttractions.swift,\ ZanzibarIslandsAttractions.swift,\ TanzaniaPackage.swift,\ CentralLakeVictoriaAttractions.swift,\ EasternJinjaAttractions.swift,\ KampalaEntebbeAttractions.swift,\ MurchisonNorthAttractions.swift,\ WesternUgandaAttractions.swift,\ UgandaPackage.swift,\ KaribaWesternAttractions.swift,\ LivingstoneVictoriaFallsAttractions.swift,\ LusakaCopperbeltAttractions.swift,\ MajorNationalParksAttractions.swift,\ NorthernWaterfallsAttractions.swift,\ ZambiaPackage.swift,\ BulawayoMatoboAttractions.swift,\ EasternHighlandsAttractions.swift /Users/erders/Documents/TravelTap/TravelTap/Data/Countries/Africa/EastAfrica/Somalia/SomaliaPackage.swift /Users/erders/Documents/TravelTap/TravelTap/Data/Countries/Africa/EastAfrica/SouthSudan/Cities/EasternSouthSudanAttractions.swift /Users/erders/Documents/TravelTap/TravelTap/Data/Countries/Africa/EastAfrica/SouthSudan/Cities/JubaCentralAttractions.swift /Users/erders/Documents/TravelTap/TravelTap/Data/Countries/Africa/EastAfrica/SouthSudan/Cities/NationalParksWildernessAttractions.swift /Users/erders/Documents/TravelTap/TravelTap/Data/Countries/Africa/EastAfrica/SouthSudan/Cities/WesternSouthSudanAttractions.swift /Users/erders/Documents/TravelTap/TravelTap/Data/Countries/Africa/EastAfrica/SouthSudan/SouthSudanPackage.swift /Users/erders/Documents/TravelTap/TravelTap/Data/Countries/Africa/EastAfrica/Tanzania/Cities/DarEsSalaamCoastAttractions.swift /Users/erders/Documents/TravelTap/TravelTap/Data/Countries/Africa/EastAfrica/Tanzania/Cities/NorthernCircuitAttractions.swift /Users/erders/Documents/TravelTap/TravelTap/Data/Countries/Africa/EastAfrica/Tanzania/Cities/SouthernWesternCircuitsAttractions.swift /Users/erders/Documents/TravelTap/TravelTap/Data/Countries/Africa/EastAfrica/Tanzania/Cities/ZanzibarIslandsAttractions.swift /Users/erders/Documents/TravelTap/TravelTap/Data/Countries/Africa/EastAfrica/Tanzania/TanzaniaPackage.swift /Users/erders/Documents/TravelTap/TravelTap/Data/Countries/Africa/EastAfrica/Uganda/Cities/CentralLakeVictoriaAttractions.swift /Users/erders/Documents/TravelTap/TravelTap/Data/Countries/Africa/EastAfrica/Uganda/Cities/EasternJinjaAttractions.swift /Users/erders/Documents/TravelTap/TravelTap/Data/Countries/Africa/EastAfrica/Uganda/Cities/KampalaEntebbeAttractions.swift /Users/erders/Documents/TravelTap/TravelTap/Data/Countries/Africa/EastAfrica/Uganda/Cities/MurchisonNorthAttractions.swift /Users/erders/Documents/TravelTap/TravelTap/Data/Countries/Africa/EastAfrica/Uganda/Cities/WesternUgandaAttractions.swift /Users/erders/Documents/TravelTap/TravelTap/Data/Countries/Africa/EastAfrica/Uganda/UgandaPackage.swift /Users/erders/Documents/TravelTap/TravelTap/Data/Countries/Africa/EastAfrica/Zambia/Cities/KaribaWesternAttractions.swift /Users/erders/Documents/TravelTap/TravelTap/Data/Countries/Africa/EastAfrica/Zambia/Cities/LivingstoneVictoriaFallsAttractions.swift /Users/erders/Documents/TravelTap/TravelTap/Data/Countries/Africa/EastAfrica/Zambia/Cities/LusakaCopperbeltAttractions.swift /Users/erders/Documents/TravelTap/TravelTap/Data/Countries/Africa/EastAfrica/Zambia/Cities/MajorNationalParksAttractions.swift /Users/erders/Documents/TravelTap/TravelTap/Data/Countries/Africa/EastAfrica/Zambia/Cities/NorthernWaterfallsAttractions.swift /Users/erders/Documents/TravelTap/TravelTap/Data/Countries/Africa/EastAfrica/Zambia/ZambiaPackage.swift /Users/erders/Documents/TravelTap/TravelTap/Data/Countries/Africa/EastAfrica/Zimbabwe/Cities/BulawayoMatoboAttractions.swift /Users/erders/Documents/TravelTap/TravelTap/Data/Countries/Africa/EastAfrica/Zimbabwe/Cities/EasternHighlandsAttractions.swift (in target 'TravelTap' from project 'TravelTap')

SwiftCompile normal arm64 /Users/erders/Documents/TravelTap/TravelTap/Data/Countries/Africa/EastAfrica/Somalia/SomaliaPackage.swift (in target 'TravelTap' from project 'TravelTap')
    cd /Users/erders/Documents/TravelTap
    

SwiftCompile normal arm64 /Users/erders/Documents/TravelTap/TravelTap/Data/Countries/Africa/EastAfrica/SouthSudan/Cities/EasternSouthSudanAttractions.swift (in target 'TravelTap' from project 'TravelTap')
    cd /Users/erders/Documents/TravelTap
    

SwiftCompile normal arm64 /Users/erders/Documents/TravelTap/TravelTap/Data/Countries/Africa/EastAfrica/SouthSudan/Cities/JubaCentralAttractions.swift (in target 'TravelTap' from project 'TravelTap')
    cd /Users/erders/Documents/TravelTap
    

SwiftCompile normal arm64 /Users/erders/Documents/TravelTap/TravelTap/Data/Countries/Africa/EastAfrica/SouthSudan/Cities/NationalParksWildernessAttractions.swift (in target 'TravelTap' from project 'TravelTap')
    cd /Users/erders/Documents/TravelTap
    

SwiftCompile normal arm64 /Users/erders/Documents/TravelTap/TravelTap/Data/Countries/Africa/EastAfrica/SouthSudan/Cities/WesternSouthSudanAttractions.swift (in target 'TravelTap' from project 'TravelTap')
    cd /Users/erders/Documents/TravelTap
    

SwiftCompile normal arm64 /Users/erders/Documents/TravelTap/TravelTap/Data/Countries/Africa/EastAfrica/SouthSudan/SouthSudanPackage.swift (in target 'TravelTap' from project 'TravelTap')
    cd /Users/erders/Documents/TravelTap
    

SwiftCompile normal arm64 /Users/erders/Documents/TravelTap/TravelTap/Data/Countries/Africa/EastAfrica/Tanzania/Cities/DarEsSalaamCoastAttractions.swift (in target 'TravelTap' from project 'TravelTap')
    cd /Users/erders/Documents/TravelTap
    

SwiftCompile normal arm64 /Users/erders/Documents/TravelTap/TravelTap/Data/Countries/Africa/EastAfrica/Tanzania/Cities/NorthernCircuitAttractions.swift (in target 'TravelTap' from project 'TravelTap')
    cd /Users/erders/Documents/TravelTap
    

SwiftCompile normal arm64 /Users/erders/Documents/TravelTap/TravelTap/Data/Countries/Africa/EastAfrica/Tanzania/Cities/SouthernWesternCircuitsAttractions.swift (in target 'TravelTap' from project 'TravelTap')
    cd /Users/erders/Documents/TravelTap
    

SwiftCompile normal arm64 /Users/erders/Documents/TravelTap/TravelTap/Data/Countries/Africa/EastAfrica/Tanzania/Cities/ZanzibarIslandsAttractions.swift (in target 'TravelTap' from project 'TravelTap')
    cd /Users/erders/Documents/TravelTap
    

SwiftCompile normal arm64 /Users/erders/Documents/TravelTap/TravelTap/Data/Countries/Africa/EastAfrica/Tanzania/TanzaniaPackage.swift (in target 'TravelTap' from project 'TravelTap')
    cd /Users/erders/Documents/TravelTap
    

SwiftCompile normal arm64 /Users/erders/Documents/TravelTap/TravelTap/Data/Countries/Africa/EastAfrica/Uganda/Cities/CentralLakeVictoriaAttractions.swift (in target 'TravelTap' from project 'TravelTap')
    cd /Users/erders/Documents/TravelTap
    

SwiftCompile normal arm64 /Users/erders/Documents/TravelTap/TravelTap/Data/Countries/Africa/EastAfrica/Uganda/Cities/EasternJinjaAttractions.swift (in target 'TravelTap' from project 'TravelTap')
    cd /Users/erders/Documents/TravelTap
    

SwiftCompile normal arm64 /Users/erders/Documents/TravelTap/TravelTap/Data/Countries/Africa/EastAfrica/Uganda/Cities/KampalaEntebbeAttractions.swift (in target 'TravelTap' from project 'TravelTap')
    cd /Users/erders/Documents/TravelTap
    

SwiftCompile normal arm64 /Users/erders/Documents/TravelTap/TravelTap/Data/Countries/Africa/EastAfrica/Uganda/Cities/MurchisonNorthAttractions.swift (in target 'TravelTap' from project 'TravelTap')
    cd /Users/erders/Documents/TravelTap
    

SwiftCompile normal arm64 /Users/erders/Documents/TravelTap/TravelTap/Data/Countries/Africa/EastAfrica/Uganda/Cities/WesternUgandaAttractions.swift (in target 'TravelTap' from project 'TravelTap')
    cd /Users/erders/Documents/TravelTap
    

SwiftCompile normal arm64 /Users/erders/Documents/TravelTap/TravelTap/Data/Countries/Africa/EastAfrica/Uganda/UgandaPackage.swift (in target 'TravelTap' from project 'TravelTap')
    cd /Users/erders/Documents/TravelTap
    

SwiftCompile normal arm64 /Users/erders/Documents/TravelTap/TravelTap/Data/Countries/Africa/EastAfrica/Zambia/Cities/KaribaWesternAttractions.swift (in target 'TravelTap' from project 'TravelTap')
    cd /Users/erders/Documents/TravelTap
    

SwiftCompile normal arm64 /Users/erders/Documents/TravelTap/TravelTap/Data/Countries/Africa/EastAfrica/Zambia/Cities/LivingstoneVictoriaFallsAttractions.swift (in target 'TravelTap' from project 'TravelTap')
    cd /Users/erders/Documents/TravelTap
    

SwiftCompile normal arm64 /Users/erders/Documents/TravelTap/TravelTap/Data/Countries/Africa/EastAfrica/Zambia/Cities/LusakaCopperbeltAttractions.swift (in target 'TravelTap' from project 'TravelTap')
    cd /Users/erders/Documents/TravelTap
    

SwiftCompile normal arm64 /Users/erders/Documents/TravelTap/TravelTap/Data/Countries/Africa/EastAfrica/Zambia/Cities/MajorNationalParksAttractions.swift (in target 'TravelTap' from project 'TravelTap')
    cd /Users/erders/Documents/TravelTap
    

SwiftCompile normal arm64 /Users/erders/Documents/TravelTap/TravelTap/Data/Countries/Africa/EastAfrica/Zambia/Cities/NorthernWaterfallsAttractions.swift (in target 'TravelTap' from project 'TravelTap')
    cd /Users/erders/Documents/TravelTap
    

SwiftCompile normal arm64 /Users/erders/Documents/TravelTap/TravelTap/Data/Countries/Africa/EastAfrica/Zambia/ZambiaPackage.swift (in target 'TravelTap' from project 'TravelTap')
    cd /Users/erders/Documents/TravelTap
    

SwiftCompile normal arm64 /Users/erders/Documents/TravelTap/TravelTap/Data/Countries/Africa/EastAfrica/Zimbabwe/Cities/BulawayoMatoboAttractions.swift (in target 'TravelTap' from project 'TravelTap')
    cd /Users/erders/Documents/TravelTap
    

SwiftCompile normal arm64 /Users/erders/Documents/TravelTap/TravelTap/Data/Countries/Africa/EastAfrica/Zimbabwe/Cities/EasternHighlandsAttractions.swift (in target 'TravelTap' from project 'TravelTap')
    cd /Users/erders/Documents/TravelTap
    

SwiftCompile normal arm64 Compiling\ BeijingAttractions.swift,\ ChengduAttractions.swift,\ GuilinAttractions.swift,\ HangzhouAttractions.swift,\ LhasaAttractions.swift,\ ShanghaiAttractions.swift,\ ShenzhenAttractions.swift,\ SuzhouAttractions.swift,\ XianAttractions.swift,\ ZhangjiajieAttractions.swift,\ HongKongPackage.swift,\ FukuokaAttractions.swift,\ HakoneAttractions.swift,\ HiroshimaAttractions.swift,\ KyotoAttractions.swift,\ NaraAttractions.swift,\ NikkoAttractions.swift,\ OkinawaAttractions.swift,\ OsakaAttractions.swift,\ SapporoAttractions.swift,\ TokyoAttractions.swift,\ JapanPackage.swift,\ DalanzadgadAttractions.swift,\ KharkhorinAttractions.swift,\ MurunAttractions.swift /Users/erders/Documents/TravelTap/TravelTap/Data/Countries/Asia/EastAsia/China/Cities/BeijingAttractions.swift /Users/erders/Documents/TravelTap/TravelTap/Data/Countries/Asia/EastAsia/China/Cities/ChengduAttractions.swift /Users/erders/Documents/TravelTap/TravelTap/Data/Countries/Asia/EastAsia/China/Cities/GuilinAttractions.swift /Users/erders/Documents/TravelTap/TravelTap/Data/Countries/Asia/EastAsia/China/Cities/HangzhouAttractions.swift /Users/erders/Documents/TravelTap/TravelTap/Data/Countries/Asia/EastAsia/China/Cities/LhasaAttractions.swift /Users/erders/Documents/TravelTap/TravelTap/Data/Countries/Asia/EastAsia/China/Cities/ShanghaiAttractions.swift /Users/erders/Documents/TravelTap/TravelTap/Data/Countries/Asia/EastAsia/China/Cities/ShenzhenAttractions.swift /Users/erders/Documents/TravelTap/TravelTap/Data/Countries/Asia/EastAsia/China/Cities/SuzhouAttractions.swift /Users/erders/Documents/TravelTap/TravelTap/Data/Countries/Asia/EastAsia/China/Cities/XianAttractions.swift /Users/erders/Documents/TravelTap/TravelTap/Data/Countries/Asia/EastAsia/China/Cities/ZhangjiajieAttractions.swift /Users/erders/Documents/TravelTap/TravelTap/Data/Countries/Asia/EastAsia/HongKong/HongKongPackage.swift /Users/erders/Documents/TravelTap/TravelTap/Data/Countries/Asia/EastAsia/Japan/Cities/FukuokaAttractions.swift /Users/erders/Documents/TravelTap/TravelTap/Data/Countries/Asia/EastAsia/Japan/Cities/HakoneAttractions.swift /Users/erders/Documents/TravelTap/TravelTap/Data/Countries/Asia/EastAsia/Japan/Cities/HiroshimaAttractions.swift /Users/erders/Documents/TravelTap/TravelTap/Data/Countries/Asia/EastAsia/Japan/Cities/KyotoAttractions.swift /Users/erders/Documents/TravelTap/TravelTap/Data/Countries/Asia/EastAsia/Japan/Cities/NaraAttractions.swift /Users/erders/Documents/TravelTap/TravelTap/Data/Countries/Asia/EastAsia/Japan/Cities/NikkoAttractions.swift /Users/erders/Documents/TravelTap/TravelTap/Data/Countries/Asia/EastAsia/Japan/Cities/OkinawaAttractions.swift /Users/erders/Documents/TravelTap/TravelTap/Data/Countries/Asia/EastAsia/Japan/Cities/OsakaAttractions.swift /Users/erders/Documents/TravelTap/TravelTap/Data/Countries/Asia/EastAsia/Japan/Cities/SapporoAttractions.swift /Users/erders/Documents/TravelTap/TravelTap/Data/Countries/Asia/EastAsia/Japan/Cities/TokyoAttractions.swift /Users/erders/Documents/TravelTap/TravelTap/Data/Countries/Asia/EastAsia/Japan/JapanPackage.swift /Users/erders/Documents/TravelTap/TravelTap/Data/Countries/Asia/EastAsia/Mongolia/Cities/DalanzadgadAttractions.swift /Users/erders/Documents/TravelTap/TravelTap/Data/Countries/Asia/EastAsia/Mongolia/Cities/KharkhorinAttractions.swift /Users/erders/Documents/TravelTap/TravelTap/Data/Countries/Asia/EastAsia/Mongolia/Cities/MurunAttractions.swift (in target 'TravelTap' from project 'TravelTap')

SwiftCompile normal arm64 /Users/erders/Documents/TravelTap/TravelTap/Data/Countries/Asia/EastAsia/China/Cities/BeijingAttractions.swift (in target 'TravelTap' from project 'TravelTap')
    cd /Users/erders/Documents/TravelTap
    

SwiftCompile normal arm64 /Users/erders/Documents/TravelTap/TravelTap/Data/Countries/Asia/EastAsia/China/Cities/ChengduAttractions.swift (in target 'TravelTap' from project 'TravelTap')
    cd /Users/erders/Documents/TravelTap
    

SwiftCompile normal arm64 /Users/erders/Documents/TravelTap/TravelTap/Data/Countries/Asia/EastAsia/China/Cities/GuilinAttractions.swift (in target 'TravelTap' from project 'TravelTap')
    cd /Users/erders/Documents/TravelTap
    

SwiftCompile normal arm64 /Users/erders/Documents/TravelTap/TravelTap/Data/Countries/Asia/EastAsia/China/Cities/HangzhouAttractions.swift (in target 'TravelTap' from project 'TravelTap')
    cd /Users/erders/Documents/TravelTap
    

SwiftCompile normal arm64 /Users/erders/Documents/TravelTap/TravelTap/Data/Countries/Asia/EastAsia/China/Cities/LhasaAttractions.swift (in target 'TravelTap' from project 'TravelTap')
    cd /Users/erders/Documents/TravelTap
    

SwiftCompile normal arm64 /Users/erders/Documents/TravelTap/TravelTap/Data/Countries/Asia/EastAsia/China/Cities/ShanghaiAttractions.swift (in target 'TravelTap' from project 'TravelTap')
    cd /Users/erders/Documents/TravelTap
    

SwiftCompile normal arm64 /Users/erders/Documents/TravelTap/TravelTap/Data/Countries/Asia/EastAsia/China/Cities/ShenzhenAttractions.swift (in target 'TravelTap' from project 'TravelTap')
    cd /Users/erders/Documents/TravelTap
    

SwiftCompile normal arm64 /Users/erders/Documents/TravelTap/TravelTap/Data/Countries/Asia/EastAsia/China/Cities/SuzhouAttractions.swift (in target 'TravelTap' from project 'TravelTap')
    cd /Users/erders/Documents/TravelTap
    

SwiftCompile normal arm64 /Users/erders/Documents/TravelTap/TravelTap/Data/Countries/Asia/EastAsia/China/Cities/XianAttractions.swift (in target 'TravelTap' from project 'TravelTap')
    cd /Users/erders/Documents/TravelTap
    

SwiftCompile normal arm64 /Users/erders/Documents/TravelTap/TravelTap/Data/Countries/Asia/EastAsia/China/Cities/ZhangjiajieAttractions.swift (in target 'TravelTap' from project 'TravelTap')
    cd /Users/erders/Documents/TravelTap
    

SwiftCompile normal arm64 /Users/erders/Documents/TravelTap/TravelTap/Data/Countries/Asia/EastAsia/HongKong/HongKongPackage.swift (in target 'TravelTap' from project 'TravelTap')
    cd /Users/erders/Documents/TravelTap
    

SwiftCompile normal arm64 /Users/erders/Documents/TravelTap/TravelTap/Data/Countries/Asia/EastAsia/Japan/Cities/FukuokaAttractions.swift (in target 'TravelTap' from project 'TravelTap')
    cd /Users/erders/Documents/TravelTap
    

SwiftCompile normal arm64 /Users/erders/Documents/TravelTap/TravelTap/Data/Countries/Asia/EastAsia/Japan/Cities/HakoneAttractions.swift (in target 'TravelTap' from project 'TravelTap')
    cd /Users/erders/Documents/TravelTap
    

SwiftCompile normal arm64 /Users/erders/Documents/TravelTap/TravelTap/Data/Countries/Asia/EastAsia/Japan/Cities/HiroshimaAttractions.swift (in target 'TravelTap' from project 'TravelTap')
    cd /Users/erders/Documents/TravelTap
    

SwiftCompile normal arm64 /Users/erders/Documents/TravelTap/TravelTap/Data/Countries/Asia/EastAsia/Japan/Cities/KyotoAttractions.swift (in target 'TravelTap' from project 'TravelTap')
    cd /Users/erders/Documents/TravelTap
    

SwiftCompile normal arm64 /Users/erders/Documents/TravelTap/TravelTap/Data/Countries/Asia/EastAsia/Japan/Cities/NaraAttractions.swift (in target 'TravelTap' from project 'TravelTap')
    cd /Users/erders/Documents/TravelTap
    

SwiftCompile normal arm64 /Users/erders/Documents/TravelTap/TravelTap/Data/Countries/Asia/EastAsia/Japan/Cities/NikkoAttractions.swift (in target 'TravelTap' from project 'TravelTap')
    cd /Users/erders/Documents/TravelTap
    

SwiftCompile normal arm64 /Users/erders/Documents/TravelTap/TravelTap/Data/Countries/Asia/EastAsia/Japan/Cities/OkinawaAttractions.swift (in target 'TravelTap' from project 'TravelTap')
    cd /Users/erders/Documents/TravelTap
    

SwiftCompile normal arm64 /Users/erders/Documents/TravelTap/TravelTap/Data/Countries/Asia/EastAsia/Japan/Cities/OsakaAttractions.swift (in target 'TravelTap' from project 'TravelTap')
    cd /Users/erders/Documents/TravelTap
    

SwiftCompile normal arm64 /Users/erders/Documents/TravelTap/TravelTap/Data/Countries/Asia/EastAsia/Japan/Cities/SapporoAttractions.swift (in target 'TravelTap' from project 'TravelTap')
    cd /Users/erders/Documents/TravelTap
    

SwiftCompile normal arm64 /Users/erders/Documents/TravelTap/TravelTap/Data/Countries/Asia/EastAsia/Japan/Cities/TokyoAttractions.swift (in target 'TravelTap' from project 'TravelTap')
    cd /Users/erders/Documents/TravelTap
    

SwiftCompile normal arm64 /Users/erders/Documents/TravelTap/TravelTap/Data/Countries/Asia/EastAsia/Japan/JapanPackage.swift (in target 'TravelTap' from project 'TravelTap')
    cd /Users/erders/Documents/TravelTap
    

SwiftCompile normal arm64 /Users/erders/Documents/TravelTap/TravelTap/Data/Countries/Asia/EastAsia/Mongolia/Cities/DalanzadgadAttractions.swift (in target 'TravelTap' from project 'TravelTap')
    cd /Users/erders/Documents/TravelTap
    

SwiftCompile normal arm64 /Users/erders/Documents/TravelTap/TravelTap/Data/Countries/Asia/EastAsia/Mongolia/Cities/KharkhorinAttractions.swift (in target 'TravelTap' from project 'TravelTap')
    cd /Users/erders/Documents/TravelTap
    

SwiftCompile normal arm64 /Users/erders/Documents/TravelTap/TravelTap/Data/Countries/Asia/EastAsia/Mongolia/Cities/MurunAttractions.swift (in target 'TravelTap' from project 'TravelTap')
    cd /Users/erders/Documents/TravelTap
    

SwiftCompile normal arm64 Compiling\ BrazzavilleAttractions.swift,\ NorthernCongoAttractions.swift,\ PointeNoireAttractions.swift,\ SouthernCongoAttractions.swift,\ RepublicoftheCongoPackage.swift,\ PrincipeAttractions.swift,\ SaoTomeCityAttractions.swift,\ SaoTomeNorthCentralAttractions.swift,\ SaoTomeSouthEastAttractions.swift,\ SaoTomeandPrincipePackage.swift,\ BurundiPackage.swift,\ BujumburaAttractions.swift,\ GitegaCentralAttractions.swift,\ NorthernBurundiAttractions.swift,\ SouthernBurundiAttractions.swift,\ AnjouanAttractions.swift,\ GrandeComoreAttractions.swift,\ MoheliAttractions.swift,\ ComorosPackage.swift,\ DjiboutiCityBeachesAttractions.swift,\ DjiboutiSouthWestAttractions.swift,\ TadjouraNorthAttractions.swift,\ DjiboutiPackage.swift,\ AsmaraAttractions.swift,\ KerenHighlandsAttractions.swift /Users/erders/Documents/TravelTap/TravelTap/Data/Countries/Africa/CentralAfrica/RepublicoftheCongo/Cities/BrazzavilleAttractions.swift /Users/erders/Documents/TravelTap/TravelTap/Data/Countries/Africa/CentralAfrica/RepublicoftheCongo/Cities/NorthernCongoAttractions.swift /Users/erders/Documents/TravelTap/TravelTap/Data/Countries/Africa/CentralAfrica/RepublicoftheCongo/Cities/PointeNoireAttractions.swift /Users/erders/Documents/TravelTap/TravelTap/Data/Countries/Africa/CentralAfrica/RepublicoftheCongo/Cities/SouthernCongoAttractions.swift /Users/erders/Documents/TravelTap/TravelTap/Data/Countries/Africa/CentralAfrica/RepublicoftheCongo/RepublicoftheCongoPackage.swift /Users/erders/Documents/TravelTap/TravelTap/Data/Countries/Africa/CentralAfrica/SaoTomeandPrincipe/Cities/PrincipeAttractions.swift /Users/erders/Documents/TravelTap/TravelTap/Data/Countries/Africa/CentralAfrica/SaoTomeandPrincipe/Cities/SaoTomeCityAttractions.swift /Users/erders/Documents/TravelTap/TravelTap/Data/Countries/Africa/CentralAfrica/SaoTomeandPrincipe/Cities/SaoTomeNorthCentralAttractions.swift /Users/erders/Documents/TravelTap/TravelTap/Data/Countries/Africa/CentralAfrica/SaoTomeandPrincipe/Cities/SaoTomeSouthEastAttractions.swift /Users/erders/Documents/TravelTap/TravelTap/Data/Countries/Africa/CentralAfrica/SaoTomeandPrincipe/SaoTomeandPrincipePackage.swift /Users/erders/Documents/TravelTap/TravelTap/Data/Countries/Africa/EastAfrica/Burundi/BurundiPackage.swift /Users/erders/Documents/TravelTap/TravelTap/Data/Countries/Africa/EastAfrica/Burundi/Cities/BujumburaAttractions.swift /Users/erders/Documents/TravelTap/TravelTap/Data/Countries/Africa/EastAfrica/Burundi/Cities/GitegaCentralAttractions.swift /Users/erders/Documents/TravelTap/TravelTap/Data/Countries/Africa/EastAfrica/Burundi/Cities/NorthernBurundiAttractions.swift /Users/erders/Documents/TravelTap/TravelTap/Data/Countries/Africa/EastAfrica/Burundi/Cities/SouthernBurundiAttractions.swift /Users/erders/Documents/TravelTap/TravelTap/Data/Countries/Africa/EastAfrica/Comoros/Cities/AnjouanAttractions.swift /Users/erders/Documents/TravelTap/TravelTap/Data/Countries/Africa/EastAfrica/Comoros/Cities/GrandeComoreAttractions.swift /Users/erders/Documents/TravelTap/TravelTap/Data/Countries/Africa/EastAfrica/Comoros/Cities/MoheliAttractions.swift /Users/erders/Documents/TravelTap/TravelTap/Data/Countries/Africa/EastAfrica/Comoros/ComorosPackage.swift /Users/erders/Documents/TravelTap/TravelTap/Data/Countries/Africa/EastAfrica/Djibouti/Cities/DjiboutiCityBeachesAttractions.swift /Users/erders/Documents/TravelTap/TravelTap/Data/Countries/Africa/EastAfrica/Djibouti/Cities/DjiboutiSouthWestAttractions.swift /Users/erders/Documents/TravelTap/TravelTap/Data/Countries/Africa/EastAfrica/Djibouti/Cities/TadjouraNorthAttractions.swift /Users/erders/Documents/TravelTap/TravelTap/Data/Countries/Africa/EastAfrica/Djibouti/DjiboutiPackage.swift /Users/erders/Documents/TravelTap/TravelTap/Data/Countries/Africa/EastAfrica/Eritrea/Cities/AsmaraAttractions.swift /Users/erders/Documents/TravelTap/TravelTap/Data/Countries/Africa/EastAfrica/Eritrea/Cities/KerenHighlandsAttractions.swift (in target 'TravelTap' from project 'TravelTap')

SwiftCompile normal arm64 /Users/erders/Documents/TravelTap/TravelTap/Data/Countries/Africa/CentralAfrica/RepublicoftheCongo/Cities/BrazzavilleAttractions.swift (in target 'TravelTap' from project 'TravelTap')
    cd /Users/erders/Documents/TravelTap
    

SwiftCompile normal arm64 /Users/erders/Documents/TravelTap/TravelTap/Data/Countries/Africa/CentralAfrica/RepublicoftheCongo/Cities/NorthernCongoAttractions.swift (in target 'TravelTap' from project 'TravelTap')
    cd /Users/erders/Documents/TravelTap
    

SwiftCompile normal arm64 /Users/erders/Documents/TravelTap/TravelTap/Data/Countries/Africa/CentralAfrica/RepublicoftheCongo/Cities/PointeNoireAttractions.swift (in target 'TravelTap' from project 'TravelTap')
    cd /Users/erders/Documents/TravelTap
    

SwiftCompile normal arm64 /Users/erders/Documents/TravelTap/TravelTap/Data/Countries/Africa/CentralAfrica/RepublicoftheCongo/Cities/SouthernCongoAttractions.swift (in target 'TravelTap' from project 'TravelTap')
    cd /Users/erders/Documents/TravelTap
    

SwiftCompile normal arm64 /Users/erders/Documents/TravelTap/TravelTap/Data/Countries/Africa/CentralAfrica/RepublicoftheCongo/RepublicoftheCongoPackage.swift (in target 'TravelTap' from project 'TravelTap')
    cd /Users/erders/Documents/TravelTap
    

SwiftCompile normal arm64 /Users/erders/Documents/TravelTap/TravelTap/Data/Countries/Africa/CentralAfrica/SaoTomeandPrincipe/Cities/PrincipeAttractions.swift (in target 'TravelTap' from project 'TravelTap')
    cd /Users/erders/Documents/TravelTap
    

SwiftCompile normal arm64 /Users/erders/Documents/TravelTap/TravelTap/Data/Countries/Africa/CentralAfrica/SaoTomeandPrincipe/Cities/SaoTomeCityAttractions.swift (in target 'TravelTap' from project 'TravelTap')
    cd /Users/erders/Documents/TravelTap
    

SwiftCompile normal arm64 /Users/erders/Documents/TravelTap/TravelTap/Data/Countries/Africa/CentralAfrica/SaoTomeandPrincipe/Cities/SaoTomeNorthCentralAttractions.swift (in target 'TravelTap' from project 'TravelTap')
    cd /Users/erders/Documents/TravelTap
    

SwiftCompile normal arm64 /Users/erders/Documents/TravelTap/TravelTap/Data/Countries/Africa/CentralAfrica/SaoTomeandPrincipe/Cities/SaoTomeSouthEastAttractions.swift (in target 'TravelTap' from project 'TravelTap')
    cd /Users/erders/Documents/TravelTap
    

SwiftCompile normal arm64 /Users/erders/Documents/TravelTap/TravelTap/Data/Countries/Africa/CentralAfrica/SaoTomeandPrincipe/SaoTomeandPrincipePackage.swift (in target 'TravelTap' from project 'TravelTap')
    cd /Users/erders/Documents/TravelTap
    

SwiftCompile normal arm64 /Users/erders/Documents/TravelTap/TravelTap/Data/Countries/Africa/EastAfrica/Burundi/BurundiPackage.swift (in target 'TravelTap' from project 'TravelTap')
    cd /Users/erders/Documents/TravelTap
    

SwiftCompile normal arm64 /Users/erders/Documents/TravelTap/TravelTap/Data/Countries/Africa/EastAfrica/Burundi/Cities/BujumburaAttractions.swift (in target 'TravelTap' from project 'TravelTap')
    cd /Users/erders/Documents/TravelTap
    

SwiftCompile normal arm64 /Users/erders/Documents/TravelTap/TravelTap/Data/Countries/Africa/EastAfrica/Burundi/Cities/GitegaCentralAttractions.swift (in target 'TravelTap' from project 'TravelTap')
    cd /Users/erders/Documents/TravelTap
    

SwiftCompile normal arm64 /Users/erders/Documents/TravelTap/TravelTap/Data/Countries/Africa/EastAfrica/Burundi/Cities/NorthernBurundiAttractions.swift (in target 'TravelTap' from project 'TravelTap')
    cd /Users/erders/Documents/TravelTap
    

SwiftCompile normal arm64 /Users/erders/Documents/TravelTap/TravelTap/Data/Countries/Africa/EastAfrica/Burundi/Cities/SouthernBurundiAttractions.swift (in target 'TravelTap' from project 'TravelTap')
    cd /Users/erders/Documents/TravelTap
    

SwiftCompile normal arm64 /Users/erders/Documents/TravelTap/TravelTap/Data/Countries/Africa/EastAfrica/Comoros/Cities/AnjouanAttractions.swift (in target 'TravelTap' from project 'TravelTap')
    cd /Users/erders/Documents/TravelTap
    

SwiftCompile normal arm64 /Users/erders/Documents/TravelTap/TravelTap/Data/Countries/Africa/EastAfrica/Comoros/Cities/GrandeComoreAttractions.swift (in target 'TravelTap' from project 'TravelTap')
    cd /Users/erders/Documents/TravelTap
    

SwiftCompile normal arm64 /Users/erders/Documents/TravelTap/TravelTap/Data/Countries/Africa/EastAfrica/Comoros/Cities/MoheliAttractions.swift (in target 'TravelTap' from project 'TravelTap')
    cd /Users/erders/Documents/TravelTap
    

SwiftCompile normal arm64 /Users/erders/Documents/TravelTap/TravelTap/Data/Countries/Africa/EastAfrica/Comoros/ComorosPackage.swift (in target 'TravelTap' from project 'TravelTap')
    cd /Users/erders/Documents/TravelTap
    

SwiftCompile normal arm64 /Users/erders/Documents/TravelTap/TravelTap/Data/Countries/Africa/EastAfrica/Djibouti/Cities/DjiboutiCityBeachesAttractions.swift (in target 'TravelTap' from project 'TravelTap')
    cd /Users/erders/Documents/TravelTap
    

SwiftCompile normal arm64 /Users/erders/Documents/TravelTap/TravelTap/Data/Countries/Africa/EastAfrica/Djibouti/Cities/DjiboutiSouthWestAttractions.swift (in target 'TravelTap' from project 'TravelTap')
    cd /Users/erders/Documents/TravelTap
    

SwiftCompile normal arm64 /Users/erders/Documents/TravelTap/TravelTap/Data/Countries/Africa/EastAfrica/Djibouti/Cities/TadjouraNorthAttractions.swift (in target 'TravelTap' from project 'TravelTap')
    cd /Users/erders/Documents/TravelTap
    

SwiftCompile normal arm64 /Users/erders/Documents/TravelTap/TravelTap/Data/Countries/Africa/EastAfrica/Djibouti/DjiboutiPackage.swift (in target 'TravelTap' from project 'TravelTap')
    cd /Users/erders/Documents/TravelTap
    

SwiftCompile normal arm64 /Users/erders/Documents/TravelTap/TravelTap/Data/Countries/Africa/EastAfrica/Eritrea/Cities/AsmaraAttractions.swift (in target 'TravelTap' from project 'TravelTap')
    cd /Users/erders/Documents/TravelTap
    

SwiftCompile normal arm64 /Users/erders/Documents/TravelTap/TravelTap/Data/Countries/Africa/EastAfrica/Eritrea/Cities/KerenHighlandsAttractions.swift (in target 'TravelTap' from project 'TravelTap')
    cd /Users/erders/Documents/TravelTap
    

SwiftCompile normal arm64 Compiling\ GeorgiaPackage.swift,\ AlmatyAttractions.swift,\ AstanaAttractions.swift,\ TurkestanAttractions.swift,\ KazakhstanPackage.swift,\ BishkekAttractions.swift,\ KarakolAttractions.swift,\ NarynAttractions.swift,\ OshAttractions.swift,\ KyrgyzstanPackage.swift,\ AshgabatAttractions.swift,\ DarvazaAttractions.swift,\ KunyaUrgenchAttractions.swift,\ MaryAttractions.swift,\ YangykalaAttractions.swift,\ TurkmenistanPackage.swift,\ BukharaAttractions.swift,\ KhivaAttractions.swift,\ NukusAttractions.swift,\ SamarkandAttractions.swift,\ ShakhrisabzAttractions.swift,\ TashkentAttractions.swift,\ ZaaminAttractions.swift,\ UzbekistanPackage.swift,\ ChinaPackage.swift /Users/erders/Documents/TravelTap/TravelTap/Data/Countries/Asia/CentralAsia/Georgia/GeorgiaPackage.swift /Users/erders/Documents/TravelTap/TravelTap/Data/Countries/Asia/CentralAsia/Kazakhstan/Cities/AlmatyAttractions.swift /Users/erders/Documents/TravelTap/TravelTap/Data/Countries/Asia/CentralAsia/Kazakhstan/Cities/AstanaAttractions.swift /Users/erders/Documents/TravelTap/TravelTap/Data/Countries/Asia/CentralAsia/Kazakhstan/Cities/TurkestanAttractions.swift /Users/erders/Documents/TravelTap/TravelTap/Data/Countries/Asia/CentralAsia/Kazakhstan/KazakhstanPackage.swift /Users/erders/Documents/TravelTap/TravelTap/Data/Countries/Asia/CentralAsia/Kyrgyzstan/Cities/BishkekAttractions.swift /Users/erders/Documents/TravelTap/TravelTap/Data/Countries/Asia/CentralAsia/Kyrgyzstan/Cities/KarakolAttractions.swift /Users/erders/Documents/TravelTap/TravelTap/Data/Countries/Asia/CentralAsia/Kyrgyzstan/Cities/NarynAttractions.swift /Users/erders/Documents/TravelTap/TravelTap/Data/Countries/Asia/CentralAsia/Kyrgyzstan/Cities/OshAttractions.swift /Users/erders/Documents/TravelTap/TravelTap/Data/Countries/Asia/CentralAsia/Kyrgyzstan/KyrgyzstanPackage.swift /Users/erders/Documents/TravelTap/TravelTap/Data/Countries/Asia/CentralAsia/Turkmenistan/Cities/AshgabatAttractions.swift /Users/erders/Documents/TravelTap/TravelTap/Data/Countries/Asia/CentralAsia/Turkmenistan/Cities/DarvazaAttractions.swift /Users/erders/Documents/TravelTap/TravelTap/Data/Countries/Asia/CentralAsia/Turkmenistan/Cities/KunyaUrgenchAttractions.swift /Users/erders/Documents/TravelTap/TravelTap/Data/Countries/Asia/CentralAsia/Turkmenistan/Cities/MaryAttractions.swift /Users/erders/Documents/TravelTap/TravelTap/Data/Countries/Asia/CentralAsia/Turkmenistan/Cities/YangykalaAttractions.swift /Users/erders/Documents/TravelTap/TravelTap/Data/Countries/Asia/CentralAsia/Turkmenistan/TurkmenistanPackage.swift /Users/erders/Documents/TravelTap/TravelTap/Data/Countries/Asia/CentralAsia/Uzbekistan/Cities/BukharaAttractions.swift /Users/erders/Documents/TravelTap/TravelTap/Data/Countries/Asia/CentralAsia/Uzbekistan/Cities/KhivaAttractions.swift /Users/erders/Documents/TravelTap/TravelTap/Data/Countries/Asia/CentralAsia/Uzbekistan/Cities/NukusAttractions.swift /Users/erders/Documents/TravelTap/TravelTap/Data/Countries/Asia/CentralAsia/Uzbekistan/Cities/SamarkandAttractions.swift /Users/erders/Documents/TravelTap/TravelTap/Data/Countries/Asia/CentralAsia/Uzbekistan/Cities/ShakhrisabzAttractions.swift /Users/erders/Documents/TravelTap/TravelTap/Data/Countries/Asia/CentralAsia/Uzbekistan/Cities/TashkentAttractions.swift /Users/erders/Documents/TravelTap/TravelTap/Data/Countries/Asia/CentralAsia/Uzbekistan/Cities/ZaaminAttractions.swift /Users/erders/Documents/TravelTap/TravelTap/Data/Countries/Asia/CentralAsia/Uzbekistan/UzbekistanPackage.swift /Users/erders/Documents/TravelTap/TravelTap/Data/Countries/Asia/EastAsia/China/ChinaPackage.swift (in target 'TravelTap' from project 'TravelTap')

SwiftCompile normal arm64 /Users/erders/Documents/TravelTap/TravelTap/Data/Countries/Asia/CentralAsia/Georgia/GeorgiaPackage.swift (in target 'TravelTap' from project 'TravelTap')
    cd /Users/erders/Documents/TravelTap
    

SwiftCompile normal arm64 /Users/erders/Documents/TravelTap/TravelTap/Data/Countries/Asia/CentralAsia/Kazakhstan/Cities/AlmatyAttractions.swift (in target 'TravelTap' from project 'TravelTap')
    cd /Users/erders/Documents/TravelTap
    

SwiftCompile normal arm64 /Users/erders/Documents/TravelTap/TravelTap/Data/Countries/Asia/CentralAsia/Kazakhstan/Cities/AstanaAttractions.swift (in target 'TravelTap' from project 'TravelTap')
    cd /Users/erders/Documents/TravelTap
    

SwiftCompile normal arm64 /Users/erders/Documents/TravelTap/TravelTap/Data/Countries/Asia/CentralAsia/Kazakhstan/Cities/TurkestanAttractions.swift (in target 'TravelTap' from project 'TravelTap')
    cd /Users/erders/Documents/TravelTap
    

SwiftCompile normal arm64 /Users/erders/Documents/TravelTap/TravelTap/Data/Countries/Asia/CentralAsia/Kazakhstan/KazakhstanPackage.swift (in target 'TravelTap' from project 'TravelTap')
    cd /Users/erders/Documents/TravelTap
    

SwiftCompile normal arm64 /Users/erders/Documents/TravelTap/TravelTap/Data/Countries/Asia/CentralAsia/Kyrgyzstan/Cities/BishkekAttractions.swift (in target 'TravelTap' from project 'TravelTap')
    cd /Users/erders/Documents/TravelTap
    

SwiftCompile normal arm64 /Users/erders/Documents/TravelTap/TravelTap/Data/Countries/Asia/CentralAsia/Kyrgyzstan/Cities/KarakolAttractions.swift (in target 'TravelTap' from project 'TravelTap')
    cd /Users/erders/Documents/TravelTap
    

SwiftCompile normal arm64 /Users/erders/Documents/TravelTap/TravelTap/Data/Countries/Asia/CentralAsia/Kyrgyzstan/Cities/NarynAttractions.swift (in target 'TravelTap' from project 'TravelTap')
    cd /Users/erders/Documents/TravelTap
    

SwiftCompile normal arm64 /Users/erders/Documents/TravelTap/TravelTap/Data/Countries/Asia/CentralAsia/Kyrgyzstan/Cities/OshAttractions.swift (in target 'TravelTap' from project 'TravelTap')
    cd /Users/erders/Documents/TravelTap
    

SwiftCompile normal arm64 /Users/erders/Documents/TravelTap/TravelTap/Data/Countries/Asia/CentralAsia/Kyrgyzstan/KyrgyzstanPackage.swift (in target 'TravelTap' from project 'TravelTap')
    cd /Users/erders/Documents/TravelTap
    

SwiftCompile normal arm64 /Users/erders/Documents/TravelTap/TravelTap/Data/Countries/Asia/CentralAsia/Turkmenistan/Cities/AshgabatAttractions.swift (in target 'TravelTap' from project 'TravelTap')
    cd /Users/erders/Documents/TravelTap
    

SwiftCompile normal arm64 /Users/erders/Documents/TravelTap/TravelTap/Data/Countries/Asia/CentralAsia/Turkmenistan/Cities/DarvazaAttractions.swift (in target 'TravelTap' from project 'TravelTap')
    cd /Users/erders/Documents/TravelTap
    

SwiftCompile normal arm64 /Users/erders/Documents/TravelTap/TravelTap/Data/Countries/Asia/CentralAsia/Turkmenistan/Cities/KunyaUrgenchAttractions.swift (in target 'TravelTap' from project 'TravelTap')
    cd /Users/erders/Documents/TravelTap
    

SwiftCompile normal arm64 /Users/erders/Documents/TravelTap/TravelTap/Data/Countries/Asia/CentralAsia/Turkmenistan/Cities/MaryAttractions.swift (in target 'TravelTap' from project 'TravelTap')
    cd /Users/erders/Documents/TravelTap
    

SwiftCompile normal arm64 /Users/erders/Documents/TravelTap/TravelTap/Data/Countries/Asia/CentralAsia/Turkmenistan/Cities/YangykalaAttractions.swift (in target 'TravelTap' from project 'TravelTap')
    cd /Users/erders/Documents/TravelTap
    

SwiftCompile normal arm64 /Users/erders/Documents/TravelTap/TravelTap/Data/Countries/Asia/CentralAsia/Turkmenistan/TurkmenistanPackage.swift (in target 'TravelTap' from project 'TravelTap')
    cd /Users/erders/Documents/TravelTap
    

SwiftCompile normal arm64 /Users/erders/Documents/TravelTap/TravelTap/Data/Countries/Asia/CentralAsia/Uzbekistan/Cities/BukharaAttractions.swift (in target 'TravelTap' from project 'TravelTap')
    cd /Users/erders/Documents/TravelTap
    

SwiftCompile normal arm64 /Users/erders/Documents/TravelTap/TravelTap/Data/Countries/Asia/CentralAsia/Uzbekistan/Cities/KhivaAttractions.swift (in target 'TravelTap' from project 'TravelTap')
    cd /Users/erders/Documents/TravelTap
    

SwiftCompile normal arm64 /Users/erders/Documents/TravelTap/TravelTap/Data/Countries/Asia/CentralAsia/Uzbekistan/Cities/NukusAttractions.swift (in target 'TravelTap' from project 'TravelTap')
    cd /Users/erders/Documents/TravelTap
    

SwiftCompile normal arm64 /Users/erders/Documents/TravelTap/TravelTap/Data/Countries/Asia/CentralAsia/Uzbekistan/Cities/SamarkandAttractions.swift (in target 'TravelTap' from project 'TravelTap')
    cd /Users/erders/Documents/TravelTap
    

SwiftCompile normal arm64 /Users/erders/Documents/TravelTap/TravelTap/Data/Countries/Asia/CentralAsia/Uzbekistan/Cities/ShakhrisabzAttractions.swift (in target 'TravelTap' from project 'TravelTap')
    cd /Users/erders/Documents/TravelTap
    

SwiftCompile normal arm64 /Users/erders/Documents/TravelTap/TravelTap/Data/Countries/Asia/CentralAsia/Uzbekistan/Cities/TashkentAttractions.swift (in target 'TravelTap' from project 'TravelTap')
    cd /Users/erders/Documents/TravelTap
    

SwiftCompile normal arm64 /Users/erders/Documents/TravelTap/TravelTap/Data/Countries/Asia/CentralAsia/Uzbekistan/Cities/ZaaminAttractions.swift (in target 'TravelTap' from project 'TravelTap')
    cd /Users/erders/Documents/TravelTap
    

SwiftCompile normal arm64 /Users/erders/Documents/TravelTap/TravelTap/Data/Countries/Asia/CentralAsia/Uzbekistan/UzbekistanPackage.swift (in target 'TravelTap' from project 'TravelTap')
    cd /Users/erders/Documents/TravelTap
    

SwiftCompile normal arm64 /Users/erders/Documents/TravelTap/TravelTap/Data/Countries/Asia/EastAsia/China/ChinaPackage.swift (in target 'TravelTap' from project 'TravelTap')
    cd /Users/erders/Documents/TravelTap
    

SwiftCompile normal arm64 Compiling\ TrinidadAttractions.swift,\ VaraderoAttractions.swift,\ ViñalesAttractions.swift,\ CubaPackage.swift,\ BandaAbouAttractions.swift,\ BandaAribaAttractions.swift,\ SantaMarthaAttractions.swift,\ SintWillibrordusAttractions.swift,\ SotoAttractions.swift,\ SpanishWaterAttractions.swift,\ WestpuntAttractions.swift,\ WillemstadAttractions.swift,\ CuracaoPackage.swift,\ CabareteAttractions.swift,\ JarabacoaAttractions.swift,\ LaRomanaAttractions.swift,\ PuertoPlataAttractions.swift,\ PuntaCanaAttractions.swift,\ SamanaAttractions.swift,\ SantoDomingoAttractions.swift,\ SosuaAttractions.swift,\ DominicanRepublicPackage.swift,\ LaLibertadAttractions.swift,\ RutaDeLasFloresAttractions.swift,\ SanMiguelESAttractions.swift /Users/erders/Documents/TravelTap/TravelTap/Data/Countries/CentralAmerica/Cuba/Cities/TrinidadAttractions.swift /Users/erders/Documents/TravelTap/TravelTap/Data/Countries/CentralAmerica/Cuba/Cities/VaraderoAttractions.swift /Users/erders/Documents/TravelTap/TravelTap/Data/Countries/CentralAmerica/Cuba/Cities/ViñalesAttractions.swift /Users/erders/Documents/TravelTap/TravelTap/Data/Countries/CentralAmerica/Cuba/CubaPackage.swift /Users/erders/Documents/TravelTap/TravelTap/Data/Countries/CentralAmerica/Curacao/Cities/BandaAbouAttractions.swift /Users/erders/Documents/TravelTap/TravelTap/Data/Countries/CentralAmerica/Curacao/Cities/BandaAribaAttractions.swift /Users/erders/Documents/TravelTap/TravelTap/Data/Countries/CentralAmerica/Curacao/Cities/SantaMarthaAttractions.swift /Users/erders/Documents/TravelTap/TravelTap/Data/Countries/CentralAmerica/Curacao/Cities/SintWillibrordusAttractions.swift /Users/erders/Documents/TravelTap/TravelTap/Data/Countries/CentralAmerica/Curacao/Cities/SotoAttractions.swift /Users/erders/Documents/TravelTap/TravelTap/Data/Countries/CentralAmerica/Curacao/Cities/SpanishWaterAttractions.swift /Users/erders/Documents/TravelTap/TravelTap/Data/Countries/CentralAmerica/Curacao/Cities/WestpuntAttractions.swift /Users/erders/Documents/TravelTap/TravelTap/Data/Countries/CentralAmerica/Curacao/Cities/WillemstadAttractions.swift /Users/erders/Documents/TravelTap/TravelTap/Data/Countries/CentralAmerica/Curacao/CuracaoPackage.swift /Users/erders/Documents/TravelTap/TravelTap/Data/Countries/CentralAmerica/DominicanRepublic/Cities/CabareteAttractions.swift /Users/erders/Documents/TravelTap/TravelTap/Data/Countries/CentralAmerica/DominicanRepublic/Cities/JarabacoaAttractions.swift /Users/erders/Documents/TravelTap/TravelTap/Data/Countries/CentralAmerica/DominicanRepublic/Cities/LaRomanaAttractions.swift /Users/erders/Documents/TravelTap/TravelTap/Data/Countries/CentralAmerica/DominicanRepublic/Cities/PuertoPlataAttractions.swift /Users/erders/Documents/TravelTap/TravelTap/Data/Countries/CentralAmerica/DominicanRepublic/Cities/PuntaCanaAttractions.swift /Users/erders/Documents/TravelTap/TravelTap/Data/Countries/CentralAmerica/DominicanRepublic/Cities/SamanaAttractions.swift /Users/erders/Documents/TravelTap/TravelTap/Data/Countries/CentralAmerica/DominicanRepublic/Cities/SantoDomingoAttractions.swift /Users/erders/Documents/TravelTap/TravelTap/Data/Countries/CentralAmerica/DominicanRepublic/Cities/SosuaAttractions.swift /Users/erders/Documents/TravelTap/TravelTap/Data/Countries/CentralAmerica/DominicanRepublic/DominicanRepublicPackage.swift /Users/erders/Documents/TravelTap/TravelTap/Data/Countries/CentralAmerica/ElSalvador/Cities/LaLibertadAttractions.swift /Users/erders/Documents/TravelTap/TravelTap/Data/Countries/CentralAmerica/ElSalvador/Cities/RutaDeLasFloresAttractions.swift /Users/erders/Documents/TravelTap/TravelTap/Data/Countries/CentralAmerica/ElSalvador/Cities/SanMiguelESAttractions.swift (in target 'TravelTap' from project 'TravelTap')

SwiftCompile normal arm64 /Users/erders/Documents/TravelTap/TravelTap/Data/Countries/CentralAmerica/Cuba/Cities/TrinidadAttractions.swift (in target 'TravelTap' from project 'TravelTap')
    cd /Users/erders/Documents/TravelTap
    

SwiftCompile normal arm64 /Users/erders/Documents/TravelTap/TravelTap/Data/Countries/CentralAmerica/Cuba/Cities/VaraderoAttractions.swift (in target 'TravelTap' from project 'TravelTap')
    cd /Users/erders/Documents/TravelTap
    

SwiftCompile normal arm64 /Users/erders/Documents/TravelTap/TravelTap/Data/Countries/CentralAmerica/Cuba/Cities/ViñalesAttractions.swift (in target 'TravelTap' from project 'TravelTap')
    cd /Users/erders/Documents/TravelTap
    

SwiftCompile normal arm64 /Users/erders/Documents/TravelTap/TravelTap/Data/Countries/CentralAmerica/Cuba/CubaPackage.swift (in target 'TravelTap' from project 'TravelTap')
    cd /Users/erders/Documents/TravelTap
    

SwiftCompile normal arm64 /Users/erders/Documents/TravelTap/TravelTap/Data/Countries/CentralAmerica/Curacao/Cities/BandaAbouAttractions.swift (in target 'TravelTap' from project 'TravelTap')
    cd /Users/erders/Documents/TravelTap
    

SwiftCompile normal arm64 /Users/erders/Documents/TravelTap/TravelTap/Data/Countries/CentralAmerica/Curacao/Cities/BandaAribaAttractions.swift (in target 'TravelTap' from project 'TravelTap')
    cd /Users/erders/Documents/TravelTap
    

SwiftCompile normal arm64 /Users/erders/Documents/TravelTap/TravelTap/Data/Countries/CentralAmerica/Curacao/Cities/SantaMarthaAttractions.swift (in target 'TravelTap' from project 'TravelTap')
    cd /Users/erders/Documents/TravelTap
    

SwiftCompile normal arm64 /Users/erders/Documents/TravelTap/TravelTap/Data/Countries/CentralAmerica/Curacao/Cities/SintWillibrordusAttractions.swift (in target 'TravelTap' from project 'TravelTap')
    cd /Users/erders/Documents/TravelTap
    

SwiftCompile normal arm64 /Users/erders/Documents/TravelTap/TravelTap/Data/Countries/CentralAmerica/Curacao/Cities/SotoAttractions.swift (in target 'TravelTap' from project 'TravelTap')
    cd /Users/erders/Documents/TravelTap
    

SwiftCompile normal arm64 /Users/erders/Documents/TravelTap/TravelTap/Data/Countries/CentralAmerica/Curacao/Cities/SpanishWaterAttractions.swift (in target 'TravelTap' from project 'TravelTap')
    cd /Users/erders/Documents/TravelTap
    

SwiftCompile normal arm64 /Users/erders/Documents/TravelTap/TravelTap/Data/Countries/CentralAmerica/Curacao/Cities/WestpuntAttractions.swift (in target 'TravelTap' from project 'TravelTap')
    cd /Users/erders/Documents/TravelTap
    

SwiftCompile normal arm64 /Users/erders/Documents/TravelTap/TravelTap/Data/Countries/CentralAmerica/Curacao/Cities/WillemstadAttractions.swift (in target 'TravelTap' from project 'TravelTap')
    cd /Users/erders/Documents/TravelTap
    

SwiftCompile normal arm64 /Users/erders/Documents/TravelTap/TravelTap/Data/Countries/CentralAmerica/Curacao/CuracaoPackage.swift (in target 'TravelTap' from project 'TravelTap')
    cd /Users/erders/Documents/TravelTap
    

SwiftCompile normal arm64 /Users/erders/Documents/TravelTap/TravelTap/Data/Countries/CentralAmerica/DominicanRepublic/Cities/CabareteAttractions.swift (in target 'TravelTap' from project 'TravelTap')
    cd /Users/erders/Documents/TravelTap
    

SwiftCompile normal arm64 /Users/erders/Documents/TravelTap/TravelTap/Data/Countries/CentralAmerica/DominicanRepublic/Cities/JarabacoaAttractions.swift (in target 'TravelTap' from project 'TravelTap')
    cd /Users/erders/Documents/TravelTap
    

SwiftCompile normal arm64 /Users/erders/Documents/TravelTap/TravelTap/Data/Countries/CentralAmerica/DominicanRepublic/Cities/LaRomanaAttractions.swift (in target 'TravelTap' from project 'TravelTap')
    cd /Users/erders/Documents/TravelTap
    

SwiftCompile normal arm64 /Users/erders/Documents/TravelTap/TravelTap/Data/Countries/CentralAmerica/DominicanRepublic/Cities/PuertoPlataAttractions.swift (in target 'TravelTap' from project 'TravelTap')
    cd /Users/erders/Documents/TravelTap
    

SwiftCompile normal arm64 /Users/erders/Documents/TravelTap/TravelTap/Data/Countries/CentralAmerica/DominicanRepublic/Cities/PuntaCanaAttractions.swift (in target 'TravelTap' from project 'TravelTap')
    cd /Users/erders/Documents/TravelTap
    

SwiftCompile normal arm64 /Users/erders/Documents/TravelTap/TravelTap/Data/Countries/CentralAmerica/DominicanRepublic/Cities/SamanaAttractions.swift (in target 'TravelTap' from project 'TravelTap')
    cd /Users/erders/Documents/TravelTap
    

SwiftCompile normal arm64 /Users/erders/Documents/TravelTap/TravelTap/Data/Countries/CentralAmerica/DominicanRepublic/Cities/SantoDomingoAttractions.swift (in target 'TravelTap' from project 'TravelTap')
    cd /Users/erders/Documents/TravelTap
    

SwiftCompile normal arm64 /Users/erders/Documents/TravelTap/TravelTap/Data/Countries/CentralAmerica/DominicanRepublic/Cities/SosuaAttractions.swift (in target 'TravelTap' from project 'TravelTap')
    cd /Users/erders/Documents/TravelTap
    

SwiftCompile normal arm64 /Users/erders/Documents/TravelTap/TravelTap/Data/Countries/CentralAmerica/DominicanRepublic/DominicanRepublicPackage.swift (in target 'TravelTap' from project 'TravelTap')
    cd /Users/erders/Documents/TravelTap
    

SwiftCompile normal arm64 /Users/erders/Documents/TravelTap/TravelTap/Data/Countries/CentralAmerica/ElSalvador/Cities/LaLibertadAttractions.swift (in target 'TravelTap' from project 'TravelTap')
    cd /Users/erders/Documents/TravelTap
    

SwiftCompile normal arm64 /Users/erders/Documents/TravelTap/TravelTap/Data/Countries/CentralAmerica/ElSalvador/Cities/RutaDeLasFloresAttractions.swift (in target 'TravelTap' from project 'TravelTap')
    cd /Users/erders/Documents/TravelTap
    

SwiftCompile normal arm64 /Users/erders/Documents/TravelTap/TravelTap/Data/Countries/CentralAmerica/ElSalvador/Cities/SanMiguelESAttractions.swift (in target 'TravelTap' from project 'TravelTap')
    cd /Users/erders/Documents/TravelTap
    

SwiftCompile normal arm64 Compiling\ GhanaPackage.swift,\ ConakryCoastalAttractions.swift,\ FoutaDjallonAttractions.swift,\ GuineaParksReservesAttractions.swift,\ UpperGuineaAttractions.swift,\ GuineaPackage.swift,\ BijagosArchipelagoAttractions.swift,\ BissauCoastalAttractions.swift,\ MainlandParksAttractions.swift,\ GuineaBissauPackage.swift,\ CentralNimbaAttractions.swift,\ MonroviaSurroundsAttractions.swift,\ SoutheastNatureAttractions.swift,\ WestNorthAttractions.swift,\ LiberiaPackage.swift,\ BamakoSouthAttractions.swift,\ DjenneMoptiRiverAttractions.swift,\ DogonCountryEastAttractions.swift,\ TimbuktuNorthAttractions.swift,\ MaliPackage.swift,\ AdrarHighlandsAttractions.swift,\ CoastalWetlandsAttractions.swift,\ HistoricTownsAttractions.swift,\ SaharaWondersAttractions.swift,\ MauritaniaPackage.swift /Users/erders/Documents/TravelTap/TravelTap/Data/Countries/Africa/WestAfrica/Ghana/GhanaPackage.swift /Users/erders/Documents/TravelTap/TravelTap/Data/Countries/Africa/WestAfrica/Guinea/Cities/ConakryCoastalAttractions.swift /Users/erders/Documents/TravelTap/TravelTap/Data/Countries/Africa/WestAfrica/Guinea/Cities/FoutaDjallonAttractions.swift /Users/erders/Documents/TravelTap/TravelTap/Data/Countries/Africa/WestAfrica/Guinea/Cities/GuineaParksReservesAttractions.swift /Users/erders/Documents/TravelTap/TravelTap/Data/Countries/Africa/WestAfrica/Guinea/Cities/UpperGuineaAttractions.swift /Users/erders/Documents/TravelTap/TravelTap/Data/Countries/Africa/WestAfrica/Guinea/GuineaPackage.swift /Users/erders/Documents/TravelTap/TravelTap/Data/Countries/Africa/WestAfrica/GuineaBissau/Cities/BijagosArchipelagoAttractions.swift /Users/erders/Documents/TravelTap/TravelTap/Data/Countries/Africa/WestAfrica/GuineaBissau/Cities/BissauCoastalAttractions.swift /Users/erders/Documents/TravelTap/TravelTap/Data/Countries/Africa/WestAfrica/GuineaBissau/Cities/MainlandParksAttractions.swift /Users/erders/Documents/TravelTap/TravelTap/Data/Countries/Africa/WestAfrica/GuineaBissau/GuineaBissauPackage.swift /Users/erders/Documents/TravelTap/TravelTap/Data/Countries/Africa/WestAfrica/Liberia/Cities/CentralNimbaAttractions.swift /Users/erders/Documents/TravelTap/TravelTap/Data/Countries/Africa/WestAfrica/Liberia/Cities/MonroviaSurroundsAttractions.swift /Users/erders/Documents/TravelTap/TravelTap/Data/Countries/Africa/WestAfrica/Liberia/Cities/SoutheastNatureAttractions.swift /Users/erders/Documents/TravelTap/TravelTap/Data/Countries/Africa/WestAfrica/Liberia/Cities/WestNorthAttractions.swift /Users/erders/Documents/TravelTap/TravelTap/Data/Countries/Africa/WestAfrica/Liberia/LiberiaPackage.swift /Users/erders/Documents/TravelTap/TravelTap/Data/Countries/Africa/WestAfrica/Mali/Cities/BamakoSouthAttractions.swift /Users/erders/Documents/TravelTap/TravelTap/Data/Countries/Africa/WestAfrica/Mali/Cities/DjenneMoptiRiverAttractions.swift /Users/erders/Documents/TravelTap/TravelTap/Data/Countries/Africa/WestAfrica/Mali/Cities/DogonCountryEastAttractions.swift /Users/erders/Documents/TravelTap/TravelTap/Data/Countries/Africa/WestAfrica/Mali/Cities/TimbuktuNorthAttractions.swift /Users/erders/Documents/TravelTap/TravelTap/Data/Countries/Africa/WestAfrica/Mali/MaliPackage.swift /Users/erders/Documents/TravelTap/TravelTap/Data/Countries/Africa/WestAfrica/Mauritania/Cities/AdrarHighlandsAttractions.swift /Users/erders/Documents/TravelTap/TravelTap/Data/Countries/Africa/WestAfrica/Mauritania/Cities/CoastalWetlandsAttractions.swift /Users/erders/Documents/TravelTap/TravelTap/Data/Countries/Africa/WestAfrica/Mauritania/Cities/HistoricTownsAttractions.swift /Users/erders/Documents/TravelTap/TravelTap/Data/Countries/Africa/WestAfrica/Mauritania/Cities/SaharaWondersAttractions.swift /Users/erders/Documents/TravelTap/TravelTap/Data/Countries/Africa/WestAfrica/Mauritania/MauritaniaPackage.swift (in target 'TravelTap' from project 'TravelTap')

SwiftCompile normal arm64 /Users/erders/Documents/TravelTap/TravelTap/Data/Countries/Africa/WestAfrica/Ghana/GhanaPackage.swift (in target 'TravelTap' from project 'TravelTap')
    cd /Users/erders/Documents/TravelTap
    

SwiftCompile normal arm64 /Users/erders/Documents/TravelTap/TravelTap/Data/Countries/Africa/WestAfrica/Guinea/Cities/ConakryCoastalAttractions.swift (in target 'TravelTap' from project 'TravelTap')
    cd /Users/erders/Documents/TravelTap
    

SwiftCompile normal arm64 /Users/erders/Documents/TravelTap/TravelTap/Data/Countries/Africa/WestAfrica/Guinea/Cities/FoutaDjallonAttractions.swift (in target 'TravelTap' from project 'TravelTap')
    cd /Users/erders/Documents/TravelTap
    

SwiftCompile normal arm64 /Users/erders/Documents/TravelTap/TravelTap/Data/Countries/Africa/WestAfrica/Guinea/Cities/GuineaParksReservesAttractions.swift (in target 'TravelTap' from project 'TravelTap')
    cd /Users/erders/Documents/TravelTap
    

SwiftCompile normal arm64 /Users/erders/Documents/TravelTap/TravelTap/Data/Countries/Africa/WestAfrica/Guinea/Cities/UpperGuineaAttractions.swift (in target 'TravelTap' from project 'TravelTap')
    cd /Users/erders/Documents/TravelTap
    

SwiftCompile normal arm64 /Users/erders/Documents/TravelTap/TravelTap/Data/Countries/Africa/WestAfrica/Guinea/GuineaPackage.swift (in target 'TravelTap' from project 'TravelTap')
    cd /Users/erders/Documents/TravelTap
    

SwiftCompile normal arm64 /Users/erders/Documents/TravelTap/TravelTap/Data/Countries/Africa/WestAfrica/GuineaBissau/Cities/BijagosArchipelagoAttractions.swift (in target 'TravelTap' from project 'TravelTap')
    cd /Users/erders/Documents/TravelTap
    

SwiftCompile normal arm64 /Users/erders/Documents/TravelTap/TravelTap/Data/Countries/Africa/WestAfrica/GuineaBissau/Cities/BissauCoastalAttractions.swift (in target 'TravelTap' from project 'TravelTap')
    cd /Users/erders/Documents/TravelTap
    

SwiftCompile normal arm64 /Users/erders/Documents/TravelTap/TravelTap/Data/Countries/Africa/WestAfrica/GuineaBissau/Cities/MainlandParksAttractions.swift (in target 'TravelTap' from project 'TravelTap')
    cd /Users/erders/Documents/TravelTap
    

SwiftCompile normal arm64 /Users/erders/Documents/TravelTap/TravelTap/Data/Countries/Africa/WestAfrica/GuineaBissau/GuineaBissauPackage.swift (in target 'TravelTap' from project 'TravelTap')
    cd /Users/erders/Documents/TravelTap
    

SwiftCompile normal arm64 /Users/erders/Documents/TravelTap/TravelTap/Data/Countries/Africa/WestAfrica/Liberia/Cities/CentralNimbaAttractions.swift (in target 'TravelTap' from project 'TravelTap')
    cd /Users/erders/Documents/TravelTap
    

SwiftCompile normal arm64 /Users/erders/Documents/TravelTap/TravelTap/Data/Countries/Africa/WestAfrica/Liberia/Cities/MonroviaSurroundsAttractions.swift (in target 'TravelTap' from project 'TravelTap')
    cd /Users/erders/Documents/TravelTap
    

SwiftCompile normal arm64 /Users/erders/Documents/TravelTap/TravelTap/Data/Countries/Africa/WestAfrica/Liberia/Cities/SoutheastNatureAttractions.swift (in target 'TravelTap' from project 'TravelTap')
    cd /Users/erders/Documents/TravelTap
    

SwiftCompile normal arm64 /Users/erders/Documents/TravelTap/TravelTap/Data/Countries/Africa/WestAfrica/Liberia/Cities/WestNorthAttractions.swift (in target 'TravelTap' from project 'TravelTap')
    cd /Users/erders/Documents/TravelTap
    

SwiftCompile normal arm64 /Users/erders/Documents/TravelTap/TravelTap/Data/Countries/Africa/WestAfrica/Liberia/LiberiaPackage.swift (in target 'TravelTap' from project 'TravelTap')
    cd /Users/erders/Documents/TravelTap
    

SwiftCompile normal arm64 /Users/erders/Documents/TravelTap/TravelTap/Data/Countries/Africa/WestAfrica/Mali/Cities/BamakoSouthAttractions.swift (in target 'TravelTap' from project 'TravelTap')
    cd /Users/erders/Documents/TravelTap
    

SwiftCompile normal arm64 /Users/erders/Documents/TravelTap/TravelTap/Data/Countries/Africa/WestAfrica/Mali/Cities/DjenneMoptiRiverAttractions.swift (in target 'TravelTap' from project 'TravelTap')
    cd /Users/erders/Documents/TravelTap
    

SwiftCompile normal arm64 /Users/erders/Documents/TravelTap/TravelTap/Data/Countries/Africa/WestAfrica/Mali/Cities/DogonCountryEastAttractions.swift (in target 'TravelTap' from project 'TravelTap')
    cd /Users/erders/Documents/TravelTap
    

SwiftCompile normal arm64 /Users/erders/Documents/TravelTap/TravelTap/Data/Countries/Africa/WestAfrica/Mali/Cities/TimbuktuNorthAttractions.swift (in target 'TravelTap' from project 'TravelTap')
    cd /Users/erders/Documents/TravelTap
    

SwiftCompile normal arm64 /Users/erders/Documents/TravelTap/TravelTap/Data/Countries/Africa/WestAfrica/Mali/MaliPackage.swift (in target 'TravelTap' from project 'TravelTap')
    cd /Users/erders/Documents/TravelTap
    

SwiftCompile normal arm64 /Users/erders/Documents/TravelTap/TravelTap/Data/Countries/Africa/WestAfrica/Mauritania/Cities/AdrarHighlandsAttractions.swift (in target 'TravelTap' from project 'TravelTap')
    cd /Users/erders/Documents/TravelTap
    

SwiftCompile normal arm64 /Users/erders/Documents/TravelTap/TravelTap/Data/Countries/Africa/WestAfrica/Mauritania/Cities/CoastalWetlandsAttractions.swift (in target 'TravelTap' from project 'TravelTap')
    cd /Users/erders/Documents/TravelTap
    

SwiftCompile normal arm64 /Users/erders/Documents/TravelTap/TravelTap/Data/Countries/Africa/WestAfrica/Mauritania/Cities/HistoricTownsAttractions.swift (in target 'TravelTap' from project 'TravelTap')
    cd /Users/erders/Documents/TravelTap
    

SwiftCompile normal arm64 /Users/erders/Documents/TravelTap/TravelTap/Data/Countries/Africa/WestAfrica/Mauritania/Cities/SaharaWondersAttractions.swift (in target 'TravelTap' from project 'TravelTap')
    cd /Users/erders/Documents/TravelTap
    

SwiftCompile normal arm64 /Users/erders/Documents/TravelTap/TravelTap/Data/Countries/Africa/WestAfrica/Mauritania/MauritaniaPackage.swift (in target 'TravelTap' from project 'TravelTap')
    cd /Users/erders/Documents/TravelTap
    

SwiftCompile normal arm64 Compiling\ ArmeniaPackage.swift,\ AlaverdiAttractions.swift,\ AreniAttractions.swift,\ AshtarakAttractions.swift,\ DilijanAttractions.swift,\ EtchmiadzinAttractions.swift,\ GarniAttractions.swift,\ SevanAttractions.swift,\ YerevanAttractions.swift,\ AzerbaijanPackage.swift,\ BakuAttractions.swift,\ GabalaAttractions.swift,\ GanjaAttractions.swift,\ LankaranAttractions.swift,\ NaftalanAttractions.swift,\ NakhchivanAttractions.swift,\ QubaAttractions.swift,\ ShekiAttractions.swift,\ BatumiAttractions.swift,\ KazbegiAttractions.swift,\ KutaisiAttractions.swift,\ MestiaAttractions.swift,\ SighnaghiAttractions.swift,\ TbilisiAttractions.swift,\ VardziaAttractions.swift /Users/erders/Documents/TravelTap/TravelTap/Data/Countries/Asia/CentralAsia/Armenia/ArmeniaPackage.swift /Users/erders/Documents/TravelTap/TravelTap/Data/Countries/Asia/CentralAsia/Armenia/Cities/AlaverdiAttractions.swift /Users/erders/Documents/TravelTap/TravelTap/Data/Countries/Asia/CentralAsia/Armenia/Cities/AreniAttractions.swift /Users/erders/Documents/TravelTap/TravelTap/Data/Countries/Asia/CentralAsia/Armenia/Cities/AshtarakAttractions.swift /Users/erders/Documents/TravelTap/TravelTap/Data/Countries/Asia/CentralAsia/Armenia/Cities/DilijanAttractions.swift /Users/erders/Documents/TravelTap/TravelTap/Data/Countries/Asia/CentralAsia/Armenia/Cities/EtchmiadzinAttractions.swift /Users/erders/Documents/TravelTap/TravelTap/Data/Countries/Asia/CentralAsia/Armenia/Cities/GarniAttractions.swift /Users/erders/Documents/TravelTap/TravelTap/Data/Countries/Asia/CentralAsia/Armenia/Cities/SevanAttractions.swift /Users/erders/Documents/TravelTap/TravelTap/Data/Countries/Asia/CentralAsia/Armenia/Cities/YerevanAttractions.swift /Users/erders/Documents/TravelTap/TravelTap/Data/Countries/Asia/CentralAsia/Azerbaijan/AzerbaijanPackage.swift /Users/erders/Documents/TravelTap/TravelTap/Data/Countries/Asia/CentralAsia/Azerbaijan/Cities/BakuAttractions.swift /Users/erders/Documents/TravelTap/TravelTap/Data/Countries/Asia/CentralAsia/Azerbaijan/Cities/GabalaAttractions.swift /Users/erders/Documents/TravelTap/TravelTap/Data/Countries/Asia/CentralAsia/Azerbaijan/Cities/GanjaAttractions.swift /Users/erders/Documents/TravelTap/TravelTap/Data/Countries/Asia/CentralAsia/Azerbaijan/Cities/LankaranAttractions.swift /Users/erders/Documents/TravelTap/TravelTap/Data/Countries/Asia/CentralAsia/Azerbaijan/Cities/NaftalanAttractions.swift /Users/erders/Documents/TravelTap/TravelTap/Data/Countries/Asia/CentralAsia/Azerbaijan/Cities/NakhchivanAttractions.swift /Users/erders/Documents/TravelTap/TravelTap/Data/Countries/Asia/CentralAsia/Azerbaijan/Cities/QubaAttractions.swift /Users/erders/Documents/TravelTap/TravelTap/Data/Countries/Asia/CentralAsia/Azerbaijan/Cities/ShekiAttractions.swift /Users/erders/Documents/TravelTap/TravelTap/Data/Countries/Asia/CentralAsia/Georgia/Cities/BatumiAttractions.swift /Users/erders/Documents/TravelTap/TravelTap/Data/Countries/Asia/CentralAsia/Georgia/Cities/KazbegiAttractions.swift /Users/erders/Documents/TravelTap/TravelTap/Data/Countries/Asia/CentralAsia/Georgia/Cities/KutaisiAttractions.swift /Users/erders/Documents/TravelTap/TravelTap/Data/Countries/Asia/CentralAsia/Georgia/Cities/MestiaAttractions.swift /Users/erders/Documents/TravelTap/TravelTap/Data/Countries/Asia/CentralAsia/Georgia/Cities/SighnaghiAttractions.swift /Users/erders/Documents/TravelTap/TravelTap/Data/Countries/Asia/CentralAsia/Georgia/Cities/TbilisiAttractions.swift /Users/erders/Documents/TravelTap/TravelTap/Data/Countries/Asia/CentralAsia/Georgia/Cities/VardziaAttractions.swift (in target 'TravelTap' from project 'TravelTap')

SwiftCompile normal arm64 /Users/erders/Documents/TravelTap/TravelTap/Data/Countries/Asia/CentralAsia/Armenia/ArmeniaPackage.swift (in target 'TravelTap' from project 'TravelTap')
    cd /Users/erders/Documents/TravelTap
    

SwiftCompile normal arm64 /Users/erders/Documents/TravelTap/TravelTap/Data/Countries/Asia/CentralAsia/Armenia/Cities/AlaverdiAttractions.swift (in target 'TravelTap' from project 'TravelTap')
    cd /Users/erders/Documents/TravelTap
    

SwiftCompile normal arm64 /Users/erders/Documents/TravelTap/TravelTap/Data/Countries/Asia/CentralAsia/Armenia/Cities/AreniAttractions.swift (in target 'TravelTap' from project 'TravelTap')
    cd /Users/erders/Documents/TravelTap
    

SwiftCompile normal arm64 /Users/erders/Documents/TravelTap/TravelTap/Data/Countries/Asia/CentralAsia/Armenia/Cities/AshtarakAttractions.swift (in target 'TravelTap' from project 'TravelTap')
    cd /Users/erders/Documents/TravelTap
    

SwiftCompile normal arm64 /Users/erders/Documents/TravelTap/TravelTap/Data/Countries/Asia/CentralAsia/Armenia/Cities/DilijanAttractions.swift (in target 'TravelTap' from project 'TravelTap')
    cd /Users/erders/Documents/TravelTap
    

SwiftCompile normal arm64 /Users/erders/Documents/TravelTap/TravelTap/Data/Countries/Asia/CentralAsia/Armenia/Cities/EtchmiadzinAttractions.swift (in target 'TravelTap' from project 'TravelTap')
    cd /Users/erders/Documents/TravelTap
    

SwiftCompile normal arm64 /Users/erders/Documents/TravelTap/TravelTap/Data/Countries/Asia/CentralAsia/Armenia/Cities/GarniAttractions.swift (in target 'TravelTap' from project 'TravelTap')
    cd /Users/erders/Documents/TravelTap
    

SwiftCompile normal arm64 /Users/erders/Documents/TravelTap/TravelTap/Data/Countries/Asia/CentralAsia/Armenia/Cities/SevanAttractions.swift (in target 'TravelTap' from project 'TravelTap')
    cd /Users/erders/Documents/TravelTap
    

SwiftCompile normal arm64 /Users/erders/Documents/TravelTap/TravelTap/Data/Countries/Asia/CentralAsia/Armenia/Cities/YerevanAttractions.swift (in target 'TravelTap' from project 'TravelTap')
    cd /Users/erders/Documents/TravelTap
    

SwiftCompile normal arm64 /Users/erders/Documents/TravelTap/TravelTap/Data/Countries/Asia/CentralAsia/Azerbaijan/AzerbaijanPackage.swift (in target 'TravelTap' from project 'TravelTap')
    cd /Users/erders/Documents/TravelTap
    

SwiftCompile normal arm64 /Users/erders/Documents/TravelTap/TravelTap/Data/Countries/Asia/CentralAsia/Azerbaijan/Cities/BakuAttractions.swift (in target 'TravelTap' from project 'TravelTap')
    cd /Users/erders/Documents/TravelTap
    

SwiftCompile normal arm64 /Users/erders/Documents/TravelTap/TravelTap/Data/Countries/Asia/CentralAsia/Azerbaijan/Cities/GabalaAttractions.swift (in target 'TravelTap' from project 'TravelTap')
    cd /Users/erders/Documents/TravelTap
    

SwiftCompile normal arm64 /Users/erders/Documents/TravelTap/TravelTap/Data/Countries/Asia/CentralAsia/Azerbaijan/Cities/GanjaAttractions.swift (in target 'TravelTap' from project 'TravelTap')
    cd /Users/erders/Documents/TravelTap
    

SwiftCompile normal arm64 /Users/erders/Documents/TravelTap/TravelTap/Data/Countries/Asia/CentralAsia/Azerbaijan/Cities/LankaranAttractions.swift (in target 'TravelTap' from project 'TravelTap')
    cd /Users/erders/Documents/TravelTap
    

SwiftCompile normal arm64 /Users/erders/Documents/TravelTap/TravelTap/Data/Countries/Asia/CentralAsia/Azerbaijan/Cities/NaftalanAttractions.swift (in target 'TravelTap' from project 'TravelTap')
    cd /Users/erders/Documents/TravelTap
    

SwiftCompile normal arm64 /Users/erders/Documents/TravelTap/TravelTap/Data/Countries/Asia/CentralAsia/Azerbaijan/Cities/NakhchivanAttractions.swift (in target 'TravelTap' from project 'TravelTap')
    cd /Users/erders/Documents/TravelTap
    

SwiftCompile normal arm64 /Users/erders/Documents/TravelTap/TravelTap/Data/Countries/Asia/CentralAsia/Azerbaijan/Cities/QubaAttractions.swift (in target 'TravelTap' from project 'TravelTap')
    cd /Users/erders/Documents/TravelTap
    

SwiftCompile normal arm64 /Users/erders/Documents/TravelTap/TravelTap/Data/Countries/Asia/CentralAsia/Azerbaijan/Cities/ShekiAttractions.swift (in target 'TravelTap' from project 'TravelTap')
    cd /Users/erders/Documents/TravelTap
    

SwiftCompile normal arm64 /Users/erders/Documents/TravelTap/TravelTap/Data/Countries/Asia/CentralAsia/Georgia/Cities/BatumiAttractions.swift (in target 'TravelTap' from project 'TravelTap')
    cd /Users/erders/Documents/TravelTap
    

SwiftCompile normal arm64 /Users/erders/Documents/TravelTap/TravelTap/Data/Countries/Asia/CentralAsia/Georgia/Cities/KazbegiAttractions.swift (in target 'TravelTap' from project 'TravelTap')
    cd /Users/erders/Documents/TravelTap
    

SwiftCompile normal arm64 /Users/erders/Documents/TravelTap/TravelTap/Data/Countries/Asia/CentralAsia/Georgia/Cities/KutaisiAttractions.swift (in target 'TravelTap' from project 'TravelTap')
    cd /Users/erders/Documents/TravelTap
    

SwiftCompile normal arm64 /Users/erders/Documents/TravelTap/TravelTap/Data/Countries/Asia/CentralAsia/Georgia/Cities/MestiaAttractions.swift (in target 'TravelTap' from project 'TravelTap')
    cd /Users/erders/Documents/TravelTap
    

SwiftCompile normal arm64 /Users/erders/Documents/TravelTap/TravelTap/Data/Countries/Asia/CentralAsia/Georgia/Cities/SighnaghiAttractions.swift (in target 'TravelTap' from project 'TravelTap')
    cd /Users/erders/Documents/TravelTap
    

SwiftCompile normal arm64 /Users/erders/Documents/TravelTap/TravelTap/Data/Countries/Asia/CentralAsia/Georgia/Cities/TbilisiAttractions.swift (in target 'TravelTap' from project 'TravelTap')
    cd /Users/erders/Documents/TravelTap
    

SwiftCompile normal arm64 /Users/erders/Documents/TravelTap/TravelTap/Data/Countries/Asia/CentralAsia/Georgia/Cities/VardziaAttractions.swift (in target 'TravelTap' from project 'TravelTap')
    cd /Users/erders/Documents/TravelTap
    

SwiftCompile normal arm64 Compiling\ TelAvivAttractions.swift,\ IsraelPackage.swift,\ AmmanAttractions.swift,\ PetraAttractions.swift,\ JordanPackage.swift,\ KuwaitCityAttractions.swift,\ KuwaitPackage.swift,\ BeirutAttractions.swift,\ LebanonPackage.swift,\ MuscatAttractions.swift,\ OmanPackage.swift,\ DohaAttractions.swift,\ QatarPackage.swift,\ JeddahAttractions.swift,\ RiyadhAttractions.swift,\ SaudiArabiaPackage.swift,\ DamascusAttractions.swift,\ SyriaPackage.swift,\ AbuDhabiAttractions.swift,\ DubaiAttractions.swift,\ UAEPackage.swift,\ BangladeshPackage.swift,\ BandarbanAttractions.swift,\ ChittagongAttractions.swift,\ CoxsBazarAttractions.swift /Users/erders/Documents/TravelTap/TravelTap/Data/Countries/Asia/MiddleEast/Israel/Cities/TelAvivAttractions.swift /Users/erders/Documents/TravelTap/TravelTap/Data/Countries/Asia/MiddleEast/Israel/IsraelPackage.swift /Users/erders/Documents/TravelTap/TravelTap/Data/Countries/Asia/MiddleEast/Jordan/Cities/AmmanAttractions.swift /Users/erders/Documents/TravelTap/TravelTap/Data/Countries/Asia/MiddleEast/Jordan/Cities/PetraAttractions.swift /Users/erders/Documents/TravelTap/TravelTap/Data/Countries/Asia/MiddleEast/Jordan/JordanPackage.swift /Users/erders/Documents/TravelTap/TravelTap/Data/Countries/Asia/MiddleEast/Kuwait/Cities/KuwaitCityAttractions.swift /Users/erders/Documents/TravelTap/TravelTap/Data/Countries/Asia/MiddleEast/Kuwait/KuwaitPackage.swift /Users/erders/Documents/TravelTap/TravelTap/Data/Countries/Asia/MiddleEast/Lebanon/Cities/BeirutAttractions.swift /Users/erders/Documents/TravelTap/TravelTap/Data/Countries/Asia/MiddleEast/Lebanon/LebanonPackage.swift /Users/erders/Documents/TravelTap/TravelTap/Data/Countries/Asia/MiddleEast/Oman/Cities/MuscatAttractions.swift /Users/erders/Documents/TravelTap/TravelTap/Data/Countries/Asia/MiddleEast/Oman/OmanPackage.swift /Users/erders/Documents/TravelTap/TravelTap/Data/Countries/Asia/MiddleEast/Qatar/Cities/DohaAttractions.swift /Users/erders/Documents/TravelTap/TravelTap/Data/Countries/Asia/MiddleEast/Qatar/QatarPackage.swift /Users/erders/Documents/TravelTap/TravelTap/Data/Countries/Asia/MiddleEast/SaudiArabia/Cities/JeddahAttractions.swift /Users/erders/Documents/TravelTap/TravelTap/Data/Countries/Asia/MiddleEast/SaudiArabia/Cities/RiyadhAttractions.swift /Users/erders/Documents/TravelTap/TravelTap/Data/Countries/Asia/MiddleEast/SaudiArabia/SaudiArabiaPackage.swift /Users/erders/Documents/TravelTap/TravelTap/Data/Countries/Asia/MiddleEast/Syria/Cities/DamascusAttractions.swift /Users/erders/Documents/TravelTap/TravelTap/Data/Countries/Asia/MiddleEast/Syria/SyriaPackage.swift /Users/erders/Documents/TravelTap/TravelTap/Data/Countries/Asia/MiddleEast/UAE/Cities/AbuDhabiAttractions.swift /Users/erders/Documents/TravelTap/TravelTap/Data/Countries/Asia/MiddleEast/UAE/Cities/DubaiAttractions.swift /Users/erders/Documents/TravelTap/TravelTap/Data/Countries/Asia/MiddleEast/UAE/UAEPackage.swift /Users/erders/Documents/TravelTap/TravelTap/Data/Countries/Asia/SouthAsia/Bangladesh/BangladeshPackage.swift /Users/erders/Documents/TravelTap/TravelTap/Data/Countries/Asia/SouthAsia/Bangladesh/Cities/BandarbanAttractions.swift /Users/erders/Documents/TravelTap/TravelTap/Data/Countries/Asia/SouthAsia/Bangladesh/Cities/ChittagongAttractions.swift /Users/erders/Documents/TravelTap/TravelTap/Data/Countries/Asia/SouthAsia/Bangladesh/Cities/CoxsBazarAttractions.swift (in target 'TravelTap' from project 'TravelTap')

SwiftCompile normal arm64 /Users/erders/Documents/TravelTap/TravelTap/Data/Countries/Asia/MiddleEast/Israel/Cities/TelAvivAttractions.swift (in target 'TravelTap' from project 'TravelTap')
    cd /Users/erders/Documents/TravelTap
    

SwiftCompile normal arm64 /Users/erders/Documents/TravelTap/TravelTap/Data/Countries/Asia/MiddleEast/Israel/IsraelPackage.swift (in target 'TravelTap' from project 'TravelTap')
    cd /Users/erders/Documents/TravelTap
    

SwiftCompile normal arm64 /Users/erders/Documents/TravelTap/TravelTap/Data/Countries/Asia/MiddleEast/Jordan/Cities/AmmanAttractions.swift (in target 'TravelTap' from project 'TravelTap')
    cd /Users/erders/Documents/TravelTap
    

SwiftCompile normal arm64 /Users/erders/Documents/TravelTap/TravelTap/Data/Countries/Asia/MiddleEast/Jordan/Cities/PetraAttractions.swift (in target 'TravelTap' from project 'TravelTap')
    cd /Users/erders/Documents/TravelTap
    

SwiftCompile normal arm64 /Users/erders/Documents/TravelTap/TravelTap/Data/Countries/Asia/MiddleEast/Jordan/JordanPackage.swift (in target 'TravelTap' from project 'TravelTap')
    cd /Users/erders/Documents/TravelTap
    

SwiftCompile normal arm64 /Users/erders/Documents/TravelTap/TravelTap/Data/Countries/Asia/MiddleEast/Kuwait/Cities/KuwaitCityAttractions.swift (in target 'TravelTap' from project 'TravelTap')
    cd /Users/erders/Documents/TravelTap
    

SwiftCompile normal arm64 /Users/erders/Documents/TravelTap/TravelTap/Data/Countries/Asia/MiddleEast/Kuwait/KuwaitPackage.swift (in target 'TravelTap' from project 'TravelTap')
    cd /Users/erders/Documents/TravelTap
    

SwiftCompile normal arm64 /Users/erders/Documents/TravelTap/TravelTap/Data/Countries/Asia/MiddleEast/Lebanon/Cities/BeirutAttractions.swift (in target 'TravelTap' from project 'TravelTap')
    cd /Users/erders/Documents/TravelTap
    

SwiftCompile normal arm64 /Users/erders/Documents/TravelTap/TravelTap/Data/Countries/Asia/MiddleEast/Lebanon/LebanonPackage.swift (in target 'TravelTap' from project 'TravelTap')
    cd /Users/erders/Documents/TravelTap
    

SwiftCompile normal arm64 /Users/erders/Documents/TravelTap/TravelTap/Data/Countries/Asia/MiddleEast/Oman/Cities/MuscatAttractions.swift (in target 'TravelTap' from project 'TravelTap')
    cd /Users/erders/Documents/TravelTap
    

SwiftCompile normal arm64 /Users/erders/Documents/TravelTap/TravelTap/Data/Countries/Asia/MiddleEast/Oman/OmanPackage.swift (in target 'TravelTap' from project 'TravelTap')
    cd /Users/erders/Documents/TravelTap
    

SwiftCompile normal arm64 /Users/erders/Documents/TravelTap/TravelTap/Data/Countries/Asia/MiddleEast/Qatar/Cities/DohaAttractions.swift (in target 'TravelTap' from project 'TravelTap')
    cd /Users/erders/Documents/TravelTap
    

SwiftCompile normal arm64 /Users/erders/Documents/TravelTap/TravelTap/Data/Countries/Asia/MiddleEast/Qatar/QatarPackage.swift (in target 'TravelTap' from project 'TravelTap')
    cd /Users/erders/Documents/TravelTap
    

SwiftCompile normal arm64 /Users/erders/Documents/TravelTap/TravelTap/Data/Countries/Asia/MiddleEast/SaudiArabia/Cities/JeddahAttractions.swift (in target 'TravelTap' from project 'TravelTap')
    cd /Users/erders/Documents/TravelTap
    

SwiftCompile normal arm64 /Users/erders/Documents/TravelTap/TravelTap/Data/Countries/Asia/MiddleEast/SaudiArabia/Cities/RiyadhAttractions.swift (in target 'TravelTap' from project 'TravelTap')
    cd /Users/erders/Documents/TravelTap
    

SwiftCompile normal arm64 /Users/erders/Documents/TravelTap/TravelTap/Data/Countries/Asia/MiddleEast/SaudiArabia/SaudiArabiaPackage.swift (in target 'TravelTap' from project 'TravelTap')
    cd /Users/erders/Documents/TravelTap
    

SwiftCompile normal arm64 /Users/erders/Documents/TravelTap/TravelTap/Data/Countries/Asia/MiddleEast/Syria/Cities/DamascusAttractions.swift (in target 'TravelTap' from project 'TravelTap')
    cd /Users/erders/Documents/TravelTap
    

SwiftCompile normal arm64 /Users/erders/Documents/TravelTap/TravelTap/Data/Countries/Asia/MiddleEast/Syria/SyriaPackage.swift (in target 'TravelTap' from project 'TravelTap')
    cd /Users/erders/Documents/TravelTap
    

SwiftCompile normal arm64 /Users/erders/Documents/TravelTap/TravelTap/Data/Countries/Asia/MiddleEast/UAE/Cities/AbuDhabiAttractions.swift (in target 'TravelTap' from project 'TravelTap')
    cd /Users/erders/Documents/TravelTap
    

SwiftCompile normal arm64 /Users/erders/Documents/TravelTap/TravelTap/Data/Countries/Asia/MiddleEast/UAE/Cities/DubaiAttractions.swift (in target 'TravelTap' from project 'TravelTap')
    cd /Users/erders/Documents/TravelTap
    

SwiftCompile normal arm64 /Users/erders/Documents/TravelTap/TravelTap/Data/Countries/Asia/MiddleEast/UAE/UAEPackage.swift (in target 'TravelTap' from project 'TravelTap')
    cd /Users/erders/Documents/TravelTap
    

SwiftCompile normal arm64 /Users/erders/Documents/TravelTap/TravelTap/Data/Countries/Asia/SouthAsia/Bangladesh/BangladeshPackage.swift (in target 'TravelTap' from project 'TravelTap')
    cd /Users/erders/Documents/TravelTap
    

SwiftCompile normal arm64 /Users/erders/Documents/TravelTap/TravelTap/Data/Countries/Asia/SouthAsia/Bangladesh/Cities/BandarbanAttractions.swift (in target 'TravelTap' from project 'TravelTap')
    cd /Users/erders/Documents/TravelTap
    

SwiftCompile normal arm64 /Users/erders/Documents/TravelTap/TravelTap/Data/Countries/Asia/SouthAsia/Bangladesh/Cities/ChittagongAttractions.swift (in target 'TravelTap' from project 'TravelTap')
    cd /Users/erders/Documents/TravelTap
    

SwiftCompile normal arm64 /Users/erders/Documents/TravelTap/TravelTap/Data/Countries/Asia/SouthAsia/Bangladesh/Cities/CoxsBazarAttractions.swift (in target 'TravelTap' from project 'TravelTap')
    cd /Users/erders/Documents/TravelTap
    

SwiftCompile normal arm64 Compiling\ LahoreAttractions.swift,\ SkarduAttractions.swift,\ SwatAttractions.swift,\ PakistanPackage.swift,\ ColomboAttractions.swift,\ KandyAttractions.swift,\ SriLankaPackage.swift,\ BruneiPackage.swift,\ BandarSeriBegawanAttractions.swift,\ BelaitAttractions.swift,\ TemburongAttractions.swift,\ TutongAttractions.swift,\ CambodiaPackage.swift,\ BattambangAttractions.swift,\ KampotAttractions.swift,\ KepAttractions.swift,\ KratieAttractions.swift,\ MondulkiriAttractions.swift,\ PhnomPenhAttractions.swift,\ RatanakiriAttractions.swift,\ SiemReapAttractions.swift,\ SihanoukvilleAttractions.swift,\ KomodoAttractions.swift,\ LombokAttractions.swift,\ RajaAmpatAttractions.swift /Users/erders/Documents/TravelTap/TravelTap/Data/Countries/Asia/SouthAsia/Pakistan/Cities/LahoreAttractions.swift /Users/erders/Documents/TravelTap/TravelTap/Data/Countries/Asia/SouthAsia/Pakistan/Cities/SkarduAttractions.swift /Users/erders/Documents/TravelTap/TravelTap/Data/Countries/Asia/SouthAsia/Pakistan/Cities/SwatAttractions.swift /Users/erders/Documents/TravelTap/TravelTap/Data/Countries/Asia/SouthAsia/Pakistan/PakistanPackage.swift /Users/erders/Documents/TravelTap/TravelTap/Data/Countries/Asia/SouthAsia/SriLanka/Cities/ColomboAttractions.swift /Users/erders/Documents/TravelTap/TravelTap/Data/Countries/Asia/SouthAsia/SriLanka/Cities/KandyAttractions.swift /Users/erders/Documents/TravelTap/TravelTap/Data/Countries/Asia/SouthAsia/SriLanka/SriLankaPackage.swift /Users/erders/Documents/TravelTap/TravelTap/Data/Countries/Asia/SoutheastAsia/Brunei/BruneiPackage.swift /Users/erders/Documents/TravelTap/TravelTap/Data/Countries/Asia/SoutheastAsia/Brunei/Cities/BandarSeriBegawanAttractions.swift /Users/erders/Documents/TravelTap/TravelTap/Data/Countries/Asia/SoutheastAsia/Brunei/Cities/BelaitAttractions.swift /Users/erders/Documents/TravelTap/TravelTap/Data/Countries/Asia/SoutheastAsia/Brunei/Cities/TemburongAttractions.swift /Users/erders/Documents/TravelTap/TravelTap/Data/Countries/Asia/SoutheastAsia/Brunei/Cities/TutongAttractions.swift /Users/erders/Documents/TravelTap/TravelTap/Data/Countries/Asia/SoutheastAsia/Cambodia/CambodiaPackage.swift /Users/erders/Documents/TravelTap/TravelTap/Data/Countries/Asia/SoutheastAsia/Cambodia/Cities/BattambangAttractions.swift /Users/erders/Documents/TravelTap/TravelTap/Data/Countries/Asia/SoutheastAsia/Cambodia/Cities/KampotAttractions.swift /Users/erders/Documents/TravelTap/TravelTap/Data/Countries/Asia/SoutheastAsia/Cambodia/Cities/KepAttractions.swift /Users/erders/Documents/TravelTap/TravelTap/Data/Countries/Asia/SoutheastAsia/Cambodia/Cities/KratieAttractions.swift /Users/erders/Documents/TravelTap/TravelTap/Data/Countries/Asia/SoutheastAsia/Cambodia/Cities/MondulkiriAttractions.swift /Users/erders/Documents/TravelTap/TravelTap/Data/Countries/Asia/SoutheastAsia/Cambodia/Cities/PhnomPenhAttractions.swift /Users/erders/Documents/TravelTap/TravelTap/Data/Countries/Asia/SoutheastAsia/Cambodia/Cities/RatanakiriAttractions.swift /Users/erders/Documents/TravelTap/TravelTap/Data/Countries/Asia/SoutheastAsia/Cambodia/Cities/SiemReapAttractions.swift /Users/erders/Documents/TravelTap/TravelTap/Data/Countries/Asia/SoutheastAsia/Cambodia/Cities/SihanoukvilleAttractions.swift /Users/erders/Documents/TravelTap/TravelTap/Data/Countries/Asia/SoutheastAsia/Indonesia/Cities/KomodoAttractions.swift /Users/erders/Documents/TravelTap/TravelTap/Data/Countries/Asia/SoutheastAsia/Indonesia/Cities/LombokAttractions.swift /Users/erders/Documents/TravelTap/TravelTap/Data/Countries/Asia/SoutheastAsia/Indonesia/Cities/RajaAmpatAttractions.swift (in target 'TravelTap' from project 'TravelTap')

SwiftCompile normal arm64 /Users/erders/Documents/TravelTap/TravelTap/Data/Countries/Asia/SouthAsia/Pakistan/Cities/LahoreAttractions.swift (in target 'TravelTap' from project 'TravelTap')
    cd /Users/erders/Documents/TravelTap
    

SwiftCompile normal arm64 /Users/erders/Documents/TravelTap/TravelTap/Data/Countries/Asia/SouthAsia/Pakistan/Cities/SkarduAttractions.swift (in target 'TravelTap' from project 'TravelTap')
    cd /Users/erders/Documents/TravelTap
    

SwiftCompile normal arm64 /Users/erders/Documents/TravelTap/TravelTap/Data/Countries/Asia/SouthAsia/Pakistan/Cities/SwatAttractions.swift (in target 'TravelTap' from project 'TravelTap')
    cd /Users/erders/Documents/TravelTap
    

SwiftCompile normal arm64 /Users/erders/Documents/TravelTap/TravelTap/Data/Countries/Asia/SouthAsia/Pakistan/PakistanPackage.swift (in target 'TravelTap' from project 'TravelTap')
    cd /Users/erders/Documents/TravelTap
    

SwiftCompile normal arm64 /Users/erders/Documents/TravelTap/TravelTap/Data/Countries/Asia/SouthAsia/SriLanka/Cities/ColomboAttractions.swift (in target 'TravelTap' from project 'TravelTap')
    cd /Users/erders/Documents/TravelTap
    

SwiftCompile normal arm64 /Users/erders/Documents/TravelTap/TravelTap/Data/Countries/Asia/SouthAsia/SriLanka/Cities/KandyAttractions.swift (in target 'TravelTap' from project 'TravelTap')
    cd /Users/erders/Documents/TravelTap
    

SwiftCompile normal arm64 /Users/erders/Documents/TravelTap/TravelTap/Data/Countries/Asia/SouthAsia/SriLanka/SriLankaPackage.swift (in target 'TravelTap' from project 'TravelTap')
    cd /Users/erders/Documents/TravelTap
    

SwiftCompile normal arm64 /Users/erders/Documents/TravelTap/TravelTap/Data/Countries/Asia/SoutheastAsia/Brunei/BruneiPackage.swift (in target 'TravelTap' from project 'TravelTap')
    cd /Users/erders/Documents/TravelTap
    

SwiftCompile normal arm64 /Users/erders/Documents/TravelTap/TravelTap/Data/Countries/Asia/SoutheastAsia/Brunei/Cities/BandarSeriBegawanAttractions.swift (in target 'TravelTap' from project 'TravelTap')
    cd /Users/erders/Documents/TravelTap
    

SwiftCompile normal arm64 /Users/erders/Documents/TravelTap/TravelTap/Data/Countries/Asia/SoutheastAsia/Brunei/Cities/BelaitAttractions.swift (in target 'TravelTap' from project 'TravelTap')
    cd /Users/erders/Documents/TravelTap
    

SwiftCompile normal arm64 /Users/erders/Documents/TravelTap/TravelTap/Data/Countries/Asia/SoutheastAsia/Brunei/Cities/TemburongAttractions.swift (in target 'TravelTap' from project 'TravelTap')
    cd /Users/erders/Documents/TravelTap
    

SwiftCompile normal arm64 /Users/erders/Documents/TravelTap/TravelTap/Data/Countries/Asia/SoutheastAsia/Brunei/Cities/TutongAttractions.swift (in target 'TravelTap' from project 'TravelTap')
    cd /Users/erders/Documents/TravelTap
    

SwiftCompile normal arm64 /Users/erders/Documents/TravelTap/TravelTap/Data/Countries/Asia/SoutheastAsia/Cambodia/CambodiaPackage.swift (in target 'TravelTap' from project 'TravelTap')
    cd /Users/erders/Documents/TravelTap
    

SwiftCompile normal arm64 /Users/erders/Documents/TravelTap/TravelTap/Data/Countries/Asia/SoutheastAsia/Cambodia/Cities/BattambangAttractions.swift (in target 'TravelTap' from project 'TravelTap')
    cd /Users/erders/Documents/TravelTap
    

SwiftCompile normal arm64 /Users/erders/Documents/TravelTap/TravelTap/Data/Countries/Asia/SoutheastAsia/Cambodia/Cities/KampotAttractions.swift (in target 'TravelTap' from project 'TravelTap')
    cd /Users/erders/Documents/TravelTap
    

SwiftCompile normal arm64 /Users/erders/Documents/TravelTap/TravelTap/Data/Countries/Asia/SoutheastAsia/Cambodia/Cities/KepAttractions.swift (in target 'TravelTap' from project 'TravelTap')
    cd /Users/erders/Documents/TravelTap
    

SwiftCompile normal arm64 /Users/erders/Documents/TravelTap/TravelTap/Data/Countries/Asia/SoutheastAsia/Cambodia/Cities/KratieAttractions.swift (in target 'TravelTap' from project 'TravelTap')
    cd /Users/erders/Documents/TravelTap
    

SwiftCompile normal arm64 /Users/erders/Documents/TravelTap/TravelTap/Data/Countries/Asia/SoutheastAsia/Cambodia/Cities/MondulkiriAttractions.swift (in target 'TravelTap' from project 'TravelTap')
    cd /Users/erders/Documents/TravelTap
    

SwiftCompile normal arm64 /Users/erders/Documents/TravelTap/TravelTap/Data/Countries/Asia/SoutheastAsia/Cambodia/Cities/PhnomPenhAttractions.swift (in target 'TravelTap' from project 'TravelTap')
    cd /Users/erders/Documents/TravelTap
    

SwiftCompile normal arm64 /Users/erders/Documents/TravelTap/TravelTap/Data/Countries/Asia/SoutheastAsia/Cambodia/Cities/RatanakiriAttractions.swift (in target 'TravelTap' from project 'TravelTap')
    cd /Users/erders/Documents/TravelTap
    

SwiftCompile normal arm64 /Users/erders/Documents/TravelTap/TravelTap/Data/Countries/Asia/SoutheastAsia/Cambodia/Cities/SiemReapAttractions.swift (in target 'TravelTap' from project 'TravelTap')
    cd /Users/erders/Documents/TravelTap
    

SwiftCompile normal arm64 /Users/erders/Documents/TravelTap/TravelTap/Data/Countries/Asia/SoutheastAsia/Cambodia/Cities/SihanoukvilleAttractions.swift (in target 'TravelTap' from project 'TravelTap')
    cd /Users/erders/Documents/TravelTap
    

SwiftCompile normal arm64 /Users/erders/Documents/TravelTap/TravelTap/Data/Countries/Asia/SoutheastAsia/Indonesia/Cities/KomodoAttractions.swift (in target 'TravelTap' from project 'TravelTap')
    cd /Users/erders/Documents/TravelTap
    

SwiftCompile normal arm64 /Users/erders/Documents/TravelTap/TravelTap/Data/Countries/Asia/SoutheastAsia/Indonesia/Cities/LombokAttractions.swift (in target 'TravelTap' from project 'TravelTap')
    cd /Users/erders/Documents/TravelTap
    

SwiftCompile normal arm64 /Users/erders/Documents/TravelTap/TravelTap/Data/Countries/Asia/SoutheastAsia/Indonesia/Cities/RajaAmpatAttractions.swift (in target 'TravelTap' from project 'TravelTap')
    cd /Users/erders/Documents/TravelTap
    

SwiftCompile normal arm64 Compiling\ StubaitalAttractions.swift,\ OtztalAttractions.swift,\ GrossglocknerAttractions.swift,\ EisenstadtAttractions.swift,\ NeusiedlerSeeAttractions.swift,\ CarinthianLakesAttractions.swift,\ TyrolAttractionsAttractions.swift,\ GrazAttractions.swift,\ HallstattAttractions.swift,\ InnsbruckAttractions.swift,\ SalzburgAttractions.swift,\ ViennaAttractions.swift,\ BelarusPackage.swift,\ BrestAttractions.swift,\ GrodnoAttractions.swift,\ MinskAttractions.swift,\ NesvizhAttractions.swift,\ BelgiumPackage.swift,\ AntwerpAttractions.swift,\ BrugesAttractions.swift,\ BrusselsAttractions.swift,\ GhentAttractions.swift,\ LiegeAttractions.swift,\ BosniaPackage.swift,\ BlagajAttractions.swift /Users/erders/Documents/TravelTap/TravelTap/Data/Countries/Europe/Austria/Cities/StubaitalAttractions.swift /Users/erders/Documents/TravelTap/TravelTap/Data/Countries/Europe/Austria/Cities/OtztalAttractions.swift /Users/erders/Documents/TravelTap/TravelTap/Data/Countries/Europe/Austria/Cities/GrossglocknerAttractions.swift /Users/erders/Documents/TravelTap/TravelTap/Data/Countries/Europe/Austria/Cities/EisenstadtAttractions.swift /Users/erders/Documents/TravelTap/TravelTap/Data/Countries/Europe/Austria/Cities/NeusiedlerSeeAttractions.swift /Users/erders/Documents/TravelTap/TravelTap/Data/Countries/Europe/Austria/Cities/CarinthianLakesAttractions.swift /Users/erders/Documents/TravelTap/TravelTap/Data/Countries/Europe/Austria/Cities/TyrolAttractionsAttractions.swift /Users/erders/Documents/TravelTap/TravelTap/Data/Countries/Europe/Austria/Cities/GrazAttractions.swift /Users/erders/Documents/TravelTap/TravelTap/Data/Countries/Europe/Austria/Cities/HallstattAttractions.swift /Users/erders/Documents/TravelTap/TravelTap/Data/Countries/Europe/Austria/Cities/InnsbruckAttractions.swift /Users/erders/Documents/TravelTap/TravelTap/Data/Countries/Europe/Austria/Cities/SalzburgAttractions.swift /Users/erders/Documents/TravelTap/TravelTap/Data/Countries/Europe/Austria/Cities/ViennaAttractions.swift /Users/erders/Documents/TravelTap/TravelTap/Data/Countries/Europe/Belarus/BelarusPackage.swift /Users/erders/Documents/TravelTap/TravelTap/Data/Countries/Europe/Belarus/Cities/BrestAttractions.swift /Users/erders/Documents/TravelTap/TravelTap/Data/Countries/Europe/Belarus/Cities/GrodnoAttractions.swift /Users/erders/Documents/TravelTap/TravelTap/Data/Countries/Europe/Belarus/Cities/MinskAttractions.swift /Users/erders/Documents/TravelTap/TravelTap/Data/Countries/Europe/Belarus/Cities/NesvizhAttractions.swift /Users/erders/Documents/TravelTap/TravelTap/Data/Countries/Europe/Belgium/BelgiumPackage.swift /Users/erders/Documents/TravelTap/TravelTap/Data/Countries/Europe/Belgium/Cities/AntwerpAttractions.swift /Users/erders/Documents/TravelTap/TravelTap/Data/Countries/Europe/Belgium/Cities/BrugesAttractions.swift /Users/erders/Documents/TravelTap/TravelTap/Data/Countries/Europe/Belgium/Cities/BrusselsAttractions.swift /Users/erders/Documents/TravelTap/TravelTap/Data/Countries/Europe/Belgium/Cities/GhentAttractions.swift /Users/erders/Documents/TravelTap/TravelTap/Data/Countries/Europe/Belgium/Cities/LiegeAttractions.swift /Users/erders/Documents/TravelTap/TravelTap/Data/Countries/Europe/Bosnia/BosniaPackage.swift /Users/erders/Documents/TravelTap/TravelTap/Data/Countries/Europe/Bosnia/Cities/BlagajAttractions.swift (in target 'TravelTap' from project 'TravelTap')

SwiftCompile normal arm64 /Users/erders/Documents/TravelTap/TravelTap/Data/Countries/Europe/Austria/Cities/StubaitalAttractions.swift (in target 'TravelTap' from project 'TravelTap')
    cd /Users/erders/Documents/TravelTap
    

SwiftCompile normal arm64 /Users/erders/Documents/TravelTap/TravelTap/Data/Countries/Europe/Austria/Cities/OtztalAttractions.swift (in target 'TravelTap' from project 'TravelTap')
    cd /Users/erders/Documents/TravelTap
    

SwiftCompile normal arm64 /Users/erders/Documents/TravelTap/TravelTap/Data/Countries/Europe/Austria/Cities/GrossglocknerAttractions.swift (in target 'TravelTap' from project 'TravelTap')
    cd /Users/erders/Documents/TravelTap
    

SwiftCompile normal arm64 /Users/erders/Documents/TravelTap/TravelTap/Data/Countries/Europe/Austria/Cities/EisenstadtAttractions.swift (in target 'TravelTap' from project 'TravelTap')
    cd /Users/erders/Documents/TravelTap
    

SwiftCompile normal arm64 /Users/erders/Documents/TravelTap/TravelTap/Data/Countries/Europe/Austria/Cities/NeusiedlerSeeAttractions.swift (in target 'TravelTap' from project 'TravelTap')
    cd /Users/erders/Documents/TravelTap
    

SwiftCompile normal arm64 /Users/erders/Documents/TravelTap/TravelTap/Data/Countries/Europe/Austria/Cities/CarinthianLakesAttractions.swift (in target 'TravelTap' from project 'TravelTap')
    cd /Users/erders/Documents/TravelTap
    

SwiftCompile normal arm64 /Users/erders/Documents/TravelTap/TravelTap/Data/Countries/Europe/Austria/Cities/TyrolAttractionsAttractions.swift (in target 'TravelTap' from project 'TravelTap')
    cd /Users/erders/Documents/TravelTap
    

SwiftCompile normal arm64 /Users/erders/Documents/TravelTap/TravelTap/Data/Countries/Europe/Austria/Cities/GrazAttractions.swift (in target 'TravelTap' from project 'TravelTap')
    cd /Users/erders/Documents/TravelTap
    

SwiftCompile normal arm64 /Users/erders/Documents/TravelTap/TravelTap/Data/Countries/Europe/Austria/Cities/HallstattAttractions.swift (in target 'TravelTap' from project 'TravelTap')
    cd /Users/erders/Documents/TravelTap
    

SwiftCompile normal arm64 /Users/erders/Documents/TravelTap/TravelTap/Data/Countries/Europe/Austria/Cities/InnsbruckAttractions.swift (in target 'TravelTap' from project 'TravelTap')
    cd /Users/erders/Documents/TravelTap
    

SwiftCompile normal arm64 /Users/erders/Documents/TravelTap/TravelTap/Data/Countries/Europe/Austria/Cities/SalzburgAttractions.swift (in target 'TravelTap' from project 'TravelTap')
    cd /Users/erders/Documents/TravelTap
    

SwiftCompile normal arm64 /Users/erders/Documents/TravelTap/TravelTap/Data/Countries/Europe/Austria/Cities/ViennaAttractions.swift (in target 'TravelTap' from project 'TravelTap')
    cd /Users/erders/Documents/TravelTap
    

SwiftCompile normal arm64 /Users/erders/Documents/TravelTap/TravelTap/Data/Countries/Europe/Belarus/BelarusPackage.swift (in target 'TravelTap' from project 'TravelTap')
    cd /Users/erders/Documents/TravelTap
    

SwiftCompile normal arm64 /Users/erders/Documents/TravelTap/TravelTap/Data/Countries/Europe/Belarus/Cities/BrestAttractions.swift (in target 'TravelTap' from project 'TravelTap')
    cd /Users/erders/Documents/TravelTap
    

SwiftCompile normal arm64 /Users/erders/Documents/TravelTap/TravelTap/Data/Countries/Europe/Belarus/Cities/GrodnoAttractions.swift (in target 'TravelTap' from project 'TravelTap')
    cd /Users/erders/Documents/TravelTap
    

SwiftCompile normal arm64 /Users/erders/Documents/TravelTap/TravelTap/Data/Countries/Europe/Belarus/Cities/MinskAttractions.swift (in target 'TravelTap' from project 'TravelTap')
    cd /Users/erders/Documents/TravelTap
    

SwiftCompile normal arm64 /Users/erders/Documents/TravelTap/TravelTap/Data/Countries/Europe/Belarus/Cities/NesvizhAttractions.swift (in target 'TravelTap' from project 'TravelTap')
    cd /Users/erders/Documents/TravelTap
    

SwiftCompile normal arm64 /Users/erders/Documents/TravelTap/TravelTap/Data/Countries/Europe/Belgium/BelgiumPackage.swift (in target 'TravelTap' from project 'TravelTap')
    cd /Users/erders/Documents/TravelTap
    

SwiftCompile normal arm64 /Users/erders/Documents/TravelTap/TravelTap/Data/Countries/Europe/Belgium/Cities/AntwerpAttractions.swift (in target 'TravelTap' from project 'TravelTap')
    cd /Users/erders/Documents/TravelTap
    

SwiftCompile normal arm64 /Users/erders/Documents/TravelTap/TravelTap/Data/Countries/Europe/Belgium/Cities/BrugesAttractions.swift (in target 'TravelTap' from project 'TravelTap')
    cd /Users/erders/Documents/TravelTap
    

SwiftCompile normal arm64 /Users/erders/Documents/TravelTap/TravelTap/Data/Countries/Europe/Belgium/Cities/BrusselsAttractions.swift (in target 'TravelTap' from project 'TravelTap')
    cd /Users/erders/Documents/TravelTap
    

SwiftCompile normal arm64 /Users/erders/Documents/TravelTap/TravelTap/Data/Countries/Europe/Belgium/Cities/GhentAttractions.swift (in target 'TravelTap' from project 'TravelTap')
    cd /Users/erders/Documents/TravelTap
    

SwiftCompile normal arm64 /Users/erders/Documents/TravelTap/TravelTap/Data/Countries/Europe/Belgium/Cities/LiegeAttractions.swift (in target 'TravelTap' from project 'TravelTap')
    cd /Users/erders/Documents/TravelTap
    

SwiftCompile normal arm64 /Users/erders/Documents/TravelTap/TravelTap/Data/Countries/Europe/Bosnia/BosniaPackage.swift (in target 'TravelTap' from project 'TravelTap')
    cd /Users/erders/Documents/TravelTap
    

SwiftCompile normal arm64 /Users/erders/Documents/TravelTap/TravelTap/Data/Countries/Europe/Bosnia/Cities/BlagajAttractions.swift (in target 'TravelTap' from project 'TravelTap')
    cd /Users/erders/Documents/TravelTap
    

SwiftEmitModule normal x86_64 Emitting\ module\ for\ TravelTap (in target 'TravelTap' from project 'TravelTap')

EmitSwiftModule normal x86_64 (in target 'TravelTap' from project 'TravelTap')
    cd /Users/erders/Documents/TravelTap
    

SwiftDriverJobDiscovery normal arm64 Compiling GhanaPackage.swift, ConakryCoastalAttractions.swift, FoutaDjallonAttractions.swift, GuineaParksReservesAttractions.swift, UpperGuineaAttractions.swift, GuineaPackage.swift, BijagosArchipelagoAttractions.swift, BissauCoastalAttractions.swift, MainlandParksAttractions.swift, GuineaBissauPackage.swift, CentralNimbaAttractions.swift, MonroviaSurroundsAttractions.swift, SoutheastNatureAttractions.swift, WestNorthAttractions.swift, LiberiaPackage.swift, BamakoSouthAttractions.swift, DjenneMoptiRiverAttractions.swift, DogonCountryEastAttractions.swift, TimbuktuNorthAttractions.swift, MaliPackage.swift, AdrarHighlandsAttractions.swift, CoastalWetlandsAttractions.swift, HistoricTownsAttractions.swift, SaharaWondersAttractions.swift, MauritaniaPackage.swift (in target 'TravelTap' from project 'TravelTap')

SwiftEmitModule normal arm64 Emitting\ module\ for\ TravelTap (in target 'TravelTap' from project 'TravelTap')

EmitSwiftModule normal arm64 (in target 'TravelTap' from project 'TravelTap')
    cd /Users/erders/Documents/TravelTap
    

SwiftDriverJobDiscovery normal arm64 Compiling ArmeniaPackage.swift, AlaverdiAttractions.swift, AreniAttractions.swift, AshtarakAttractions.swift, DilijanAttractions.swift, EtchmiadzinAttractions.swift, GarniAttractions.swift, SevanAttractions.swift, YerevanAttractions.swift, AzerbaijanPackage.swift, BakuAttractions.swift, GabalaAttractions.swift, GanjaAttractions.swift, LankaranAttractions.swift, NaftalanAttractions.swift, NakhchivanAttractions.swift, QubaAttractions.swift, ShekiAttractions.swift, BatumiAttractions.swift, KazbegiAttractions.swift, KutaisiAttractions.swift, MestiaAttractions.swift, SighnaghiAttractions.swift, TbilisiAttractions.swift, VardziaAttractions.swift (in target 'TravelTap' from project 'TravelTap')

SwiftCompile normal arm64 Compiling\ YunnanAttractions.swift,\ HongKongAttractions.swift,\ GuangzhouAttractions.swift,\ HuangshanAttractions.swift,\ QingdaoAttractions.swift,\ XiamenAttractions.swift,\ HarbinAttractions.swift,\ NagasakiAttractions.swift,\ YokohamaAttractions.swift,\ IseAttractions.swift,\ NagoyaAttractions.swift,\ MountFujiAttractions.swift,\ BeppuAttractions.swift,\ MatsuyamaAttractions.swift,\ KamakuraAttractions.swift,\ KobeAttractions.swift,\ MatsumotoAttractions.swift,\ TakayamaAttractions.swift,\ KanazawaAttractions.swift,\ WakayamaAttractions.swift,\ OkayamaAttractions.swift,\ AltaiAttractions.swift,\ EasternMongoliaAttractions.swift,\ GunGaluutAttractions.swift,\ KhustainAttractions.swift /Users/erders/Documents/TravelTap/TravelTap/Data/Countries/Asia/EastAsia/China/Cities/YunnanAttractions.swift /Users/erders/Documents/TravelTap/TravelTap/Data/Countries/Asia/EastAsia/China/Cities/HongKongAttractions.swift /Users/erders/Documents/TravelTap/TravelTap/Data/Countries/Asia/EastAsia/China/Cities/GuangzhouAttractions.swift /Users/erders/Documents/TravelTap/TravelTap/Data/Countries/Asia/EastAsia/China/Cities/HuangshanAttractions.swift /Users/erders/Documents/TravelTap/TravelTap/Data/Countries/Asia/EastAsia/China/Cities/QingdaoAttractions.swift /Users/erders/Documents/TravelTap/TravelTap/Data/Countries/Asia/EastAsia/China/Cities/XiamenAttractions.swift /Users/erders/Documents/TravelTap/TravelTap/Data/Countries/Asia/EastAsia/China/Cities/HarbinAttractions.swift /Users/erders/Documents/TravelTap/TravelTap/Data/Countries/Asia/EastAsia/Japan/Cities/NagasakiAttractions.swift /Users/erders/Documents/TravelTap/TravelTap/Data/Countries/Asia/EastAsia/Japan/Cities/YokohamaAttractions.swift /Users/erders/Documents/TravelTap/TravelTap/Data/Countries/Asia/EastAsia/Japan/Cities/IseAttractions.swift /Users/erders/Documents/TravelTap/TravelTap/Data/Countries/Asia/EastAsia/Japan/Cities/NagoyaAttractions.swift /Users/erders/Documents/TravelTap/TravelTap/Data/Countries/Asia/EastAsia/Japan/Cities/MountFujiAttractions.swift /Users/erders/Documents/TravelTap/TravelTap/Data/Countries/Asia/EastAsia/Japan/Cities/BeppuAttractions.swift /Users/erders/Documents/TravelTap/TravelTap/Data/Countries/Asia/EastAsia/Japan/Cities/MatsuyamaAttractions.swift /Users/erders/Documents/TravelTap/TravelTap/Data/Countries/Asia/EastAsia/Japan/Cities/KamakuraAttractions.swift /Users/erders/Documents/TravelTap/TravelTap/Data/Countries/Asia/EastAsia/Japan/Cities/KobeAttractions.swift /Users/erders/Documents/TravelTap/TravelTap/Data/Countries/Asia/EastAsia/Japan/Cities/MatsumotoAttractions.swift /Users/erders/Documents/TravelTap/TravelTap/Data/Countries/Asia/EastAsia/Japan/Cities/TakayamaAttractions.swift /Users/erders/Documents/TravelTap/TravelTap/Data/Countries/Asia/EastAsia/Japan/Cities/KanazawaAttractions.swift /Users/erders/Documents/TravelTap/TravelTap/Data/Countries/Asia/EastAsia/Japan/Cities/WakayamaAttractions.swift /Users/erders/Documents/TravelTap/TravelTap/Data/Countries/Asia/EastAsia/Japan/Cities/OkayamaAttractions.swift /Users/erders/Documents/TravelTap/TravelTap/Data/Countries/Asia/EastAsia/Mongolia/Cities/AltaiAttractions.swift /Users/erders/Documents/TravelTap/TravelTap/Data/Countries/Asia/EastAsia/Mongolia/Cities/EasternMongoliaAttractions.swift /Users/erders/Documents/TravelTap/TravelTap/Data/Countries/Asia/EastAsia/Mongolia/Cities/GunGaluutAttractions.swift /Users/erders/Documents/TravelTap/TravelTap/Data/Countries/Asia/EastAsia/Mongolia/Cities/KhustainAttractions.swift (in target 'TravelTap' from project 'TravelTap')

SwiftCompile normal arm64 /Users/erders/Documents/TravelTap/TravelTap/Data/Countries/Asia/EastAsia/China/Cities/YunnanAttractions.swift (in target 'TravelTap' from project 'TravelTap')
    cd /Users/erders/Documents/TravelTap
    

SwiftCompile normal arm64 /Users/erders/Documents/TravelTap/TravelTap/Data/Countries/Asia/EastAsia/China/Cities/HongKongAttractions.swift (in target 'TravelTap' from project 'TravelTap')
    cd /Users/erders/Documents/TravelTap
    

SwiftCompile normal arm64 /Users/erders/Documents/TravelTap/TravelTap/Data/Countries/Asia/EastAsia/China/Cities/GuangzhouAttractions.swift (in target 'TravelTap' from project 'TravelTap')
    cd /Users/erders/Documents/TravelTap
    

SwiftCompile normal arm64 /Users/erders/Documents/TravelTap/TravelTap/Data/Countries/Asia/EastAsia/China/Cities/HuangshanAttractions.swift (in target 'TravelTap' from project 'TravelTap')
    cd /Users/erders/Documents/TravelTap
    

SwiftCompile normal arm64 /Users/erders/Documents/TravelTap/TravelTap/Data/Countries/Asia/EastAsia/China/Cities/QingdaoAttractions.swift (in target 'TravelTap' from project 'TravelTap')
    cd /Users/erders/Documents/TravelTap
    

SwiftCompile normal arm64 /Users/erders/Documents/TravelTap/TravelTap/Data/Countries/Asia/EastAsia/China/Cities/XiamenAttractions.swift (in target 'TravelTap' from project 'TravelTap')
    cd /Users/erders/Documents/TravelTap
    

SwiftCompile normal arm64 /Users/erders/Documents/TravelTap/TravelTap/Data/Countries/Asia/EastAsia/China/Cities/HarbinAttractions.swift (in target 'TravelTap' from project 'TravelTap')
    cd /Users/erders/Documents/TravelTap
    

SwiftCompile normal arm64 /Users/erders/Documents/TravelTap/TravelTap/Data/Countries/Asia/EastAsia/Japan/Cities/NagasakiAttractions.swift (in target 'TravelTap' from project 'TravelTap')
    cd /Users/erders/Documents/TravelTap
    

SwiftCompile normal arm64 /Users/erders/Documents/TravelTap/TravelTap/Data/Countries/Asia/EastAsia/Japan/Cities/YokohamaAttractions.swift (in target 'TravelTap' from project 'TravelTap')
    cd /Users/erders/Documents/TravelTap
    

SwiftCompile normal arm64 /Users/erders/Documents/TravelTap/TravelTap/Data/Countries/Asia/EastAsia/Japan/Cities/IseAttractions.swift (in target 'TravelTap' from project 'TravelTap')
    cd /Users/erders/Documents/TravelTap
    

SwiftCompile normal arm64 /Users/erders/Documents/TravelTap/TravelTap/Data/Countries/Asia/EastAsia/Japan/Cities/NagoyaAttractions.swift (in target 'TravelTap' from project 'TravelTap')
    cd /Users/erders/Documents/TravelTap
    

SwiftCompile normal arm64 /Users/erders/Documents/TravelTap/TravelTap/Data/Countries/Asia/EastAsia/Japan/Cities/MountFujiAttractions.swift (in target 'TravelTap' from project 'TravelTap')
    cd /Users/erders/Documents/TravelTap
    

SwiftCompile normal arm64 /Users/erders/Documents/TravelTap/TravelTap/Data/Countries/Asia/EastAsia/Japan/Cities/BeppuAttractions.swift (in target 'TravelTap' from project 'TravelTap')
    cd /Users/erders/Documents/TravelTap
    

SwiftCompile normal arm64 /Users/erders/Documents/TravelTap/TravelTap/Data/Countries/Asia/EastAsia/Japan/Cities/MatsuyamaAttractions.swift (in target 'TravelTap' from project 'TravelTap')
    cd /Users/erders/Documents/TravelTap
    

SwiftCompile normal arm64 /Users/erders/Documents/TravelTap/TravelTap/Data/Countries/Asia/EastAsia/Japan/Cities/KamakuraAttractions.swift (in target 'TravelTap' from project 'TravelTap')
    cd /Users/erders/Documents/TravelTap
    

SwiftCompile normal arm64 /Users/erders/Documents/TravelTap/TravelTap/Data/Countries/Asia/EastAsia/Japan/Cities/KobeAttractions.swift (in target 'TravelTap' from project 'TravelTap')
    cd /Users/erders/Documents/TravelTap
    

SwiftCompile normal arm64 /Users/erders/Documents/TravelTap/TravelTap/Data/Countries/Asia/EastAsia/Japan/Cities/MatsumotoAttractions.swift (in target 'TravelTap' from project 'TravelTap')
    cd /Users/erders/Documents/TravelTap
    

SwiftCompile normal arm64 /Users/erders/Documents/TravelTap/TravelTap/Data/Countries/Asia/EastAsia/Japan/Cities/TakayamaAttractions.swift (in target 'TravelTap' from project 'TravelTap')
    cd /Users/erders/Documents/TravelTap
    

SwiftCompile normal arm64 /Users/erders/Documents/TravelTap/TravelTap/Data/Countries/Asia/EastAsia/Japan/Cities/KanazawaAttractions.swift (in target 'TravelTap' from project 'TravelTap')
    cd /Users/erders/Documents/TravelTap
    

SwiftCompile normal arm64 /Users/erders/Documents/TravelTap/TravelTap/Data/Countries/Asia/EastAsia/Japan/Cities/WakayamaAttractions.swift (in target 'TravelTap' from project 'TravelTap')
    cd /Users/erders/Documents/TravelTap
    

SwiftCompile normal arm64 /Users/erders/Documents/TravelTap/TravelTap/Data/Countries/Asia/EastAsia/Japan/Cities/OkayamaAttractions.swift (in target 'TravelTap' from project 'TravelTap')
    cd /Users/erders/Documents/TravelTap
    

SwiftCompile normal arm64 /Users/erders/Documents/TravelTap/TravelTap/Data/Countries/Asia/EastAsia/Mongolia/Cities/AltaiAttractions.swift (in target 'TravelTap' from project 'TravelTap')
    cd /Users/erders/Documents/TravelTap
    

SwiftCompile normal arm64 /Users/erders/Documents/TravelTap/TravelTap/Data/Countries/Asia/EastAsia/Mongolia/Cities/EasternMongoliaAttractions.swift (in target 'TravelTap' from project 'TravelTap')
    cd /Users/erders/Documents/TravelTap
    

SwiftCompile normal arm64 /Users/erders/Documents/TravelTap/TravelTap/Data/Countries/Asia/EastAsia/Mongolia/Cities/GunGaluutAttractions.swift (in target 'TravelTap' from project 'TravelTap')
    cd /Users/erders/Documents/TravelTap
    

SwiftCompile normal arm64 /Users/erders/Documents/TravelTap/TravelTap/Data/Countries/Asia/EastAsia/Mongolia/Cities/KhustainAttractions.swift (in target 'TravelTap' from project 'TravelTap')
    cd /Users/erders/Documents/TravelTap
    

SwiftDriverJobDiscovery normal arm64 Compiling TrinidadAttractions.swift, VaraderoAttractions.swift, ViñalesAttractions.swift, CubaPackage.swift, BandaAbouAttractions.swift, BandaAribaAttractions.swift, SantaMarthaAttractions.swift, SintWillibrordusAttractions.swift, SotoAttractions.swift, SpanishWaterAttractions.swift, WestpuntAttractions.swift, WillemstadAttractions.swift, CuracaoPackage.swift, CabareteAttractions.swift, JarabacoaAttractions.swift, LaRomanaAttractions.swift, PuertoPlataAttractions.swift, PuntaCanaAttractions.swift, SamanaAttractions.swift, SantoDomingoAttractions.swift, SosuaAttractions.swift, DominicanRepublicPackage.swift, LaLibertadAttractions.swift, RutaDeLasFloresAttractions.swift, SanMiguelESAttractions.swift (in target 'TravelTap' from project 'TravelTap')

SwiftCompile normal x86_64 Compiling\ GhanaPackage.swift,\ ConakryCoastalAttractions.swift,\ FoutaDjallonAttractions.swift,\ GuineaParksReservesAttractions.swift,\ UpperGuineaAttractions.swift,\ GuineaPackage.swift,\ BijagosArchipelagoAttractions.swift,\ BissauCoastalAttractions.swift,\ MainlandParksAttractions.swift,\ GuineaBissauPackage.swift,\ CentralNimbaAttractions.swift,\ MonroviaSurroundsAttractions.swift,\ SoutheastNatureAttractions.swift,\ WestNorthAttractions.swift,\ LiberiaPackage.swift,\ BamakoSouthAttractions.swift,\ DjenneMoptiRiverAttractions.swift,\ DogonCountryEastAttractions.swift,\ TimbuktuNorthAttractions.swift,\ MaliPackage.swift,\ AdrarHighlandsAttractions.swift,\ CoastalWetlandsAttractions.swift,\ HistoricTownsAttractions.swift,\ SaharaWondersAttractions.swift,\ MauritaniaPackage.swift /Users/erders/Documents/TravelTap/TravelTap/Data/Countries/Africa/WestAfrica/Ghana/GhanaPackage.swift /Users/erders/Documents/TravelTap/TravelTap/Data/Countries/Africa/WestAfrica/Guinea/Cities/ConakryCoastalAttractions.swift /Users/erders/Documents/TravelTap/TravelTap/Data/Countries/Africa/WestAfrica/Guinea/Cities/FoutaDjallonAttractions.swift /Users/erders/Documents/TravelTap/TravelTap/Data/Countries/Africa/WestAfrica/Guinea/Cities/GuineaParksReservesAttractions.swift /Users/erders/Documents/TravelTap/TravelTap/Data/Countries/Africa/WestAfrica/Guinea/Cities/UpperGuineaAttractions.swift /Users/erders/Documents/TravelTap/TravelTap/Data/Countries/Africa/WestAfrica/Guinea/GuineaPackage.swift /Users/erders/Documents/TravelTap/TravelTap/Data/Countries/Africa/WestAfrica/GuineaBissau/Cities/BijagosArchipelagoAttractions.swift /Users/erders/Documents/TravelTap/TravelTap/Data/Countries/Africa/WestAfrica/GuineaBissau/Cities/BissauCoastalAttractions.swift /Users/erders/Documents/TravelTap/TravelTap/Data/Countries/Africa/WestAfrica/GuineaBissau/Cities/MainlandParksAttractions.swift /Users/erders/Documents/TravelTap/TravelTap/Data/Countries/Africa/WestAfrica/GuineaBissau/GuineaBissauPackage.swift /Users/erders/Documents/TravelTap/TravelTap/Data/Countries/Africa/WestAfrica/Liberia/Cities/CentralNimbaAttractions.swift /Users/erders/Documents/TravelTap/TravelTap/Data/Countries/Africa/WestAfrica/Liberia/Cities/MonroviaSurroundsAttractions.swift /Users/erders/Documents/TravelTap/TravelTap/Data/Countries/Africa/WestAfrica/Liberia/Cities/SoutheastNatureAttractions.swift /Users/erders/Documents/TravelTap/TravelTap/Data/Countries/Africa/WestAfrica/Liberia/Cities/WestNorthAttractions.swift /Users/erders/Documents/TravelTap/TravelTap/Data/Countries/Africa/WestAfrica/Liberia/LiberiaPackage.swift /Users/erders/Documents/TravelTap/TravelTap/Data/Countries/Africa/WestAfrica/Mali/Cities/BamakoSouthAttractions.swift /Users/erders/Documents/TravelTap/TravelTap/Data/Countries/Africa/WestAfrica/Mali/Cities/DjenneMoptiRiverAttractions.swift /Users/erders/Documents/TravelTap/TravelTap/Data/Countries/Africa/WestAfrica/Mali/Cities/DogonCountryEastAttractions.swift /Users/erders/Documents/TravelTap/TravelTap/Data/Countries/Africa/WestAfrica/Mali/Cities/TimbuktuNorthAttractions.swift /Users/erders/Documents/TravelTap/TravelTap/Data/Countries/Africa/WestAfrica/Mali/MaliPackage.swift /Users/erders/Documents/TravelTap/TravelTap/Data/Countries/Africa/WestAfrica/Mauritania/Cities/AdrarHighlandsAttractions.swift /Users/erders/Documents/TravelTap/TravelTap/Data/Countries/Africa/WestAfrica/Mauritania/Cities/CoastalWetlandsAttractions.swift /Users/erders/Documents/TravelTap/TravelTap/Data/Countries/Africa/WestAfrica/Mauritania/Cities/HistoricTownsAttractions.swift /Users/erders/Documents/TravelTap/TravelTap/Data/Countries/Africa/WestAfrica/Mauritania/Cities/SaharaWondersAttractions.swift /Users/erders/Documents/TravelTap/TravelTap/Data/Countries/Africa/WestAfrica/Mauritania/MauritaniaPackage.swift (in target 'TravelTap' from project 'TravelTap')

SwiftCompile normal x86_64 /Users/erders/Documents/TravelTap/TravelTap/Data/Countries/Africa/WestAfrica/Ghana/GhanaPackage.swift (in target 'TravelTap' from project 'TravelTap')
    cd /Users/erders/Documents/TravelTap
    

SwiftCompile normal x86_64 /Users/erders/Documents/TravelTap/TravelTap/Data/Countries/Africa/WestAfrica/Guinea/Cities/ConakryCoastalAttractions.swift (in target 'TravelTap' from project 'TravelTap')
    cd /Users/erders/Documents/TravelTap
    

SwiftCompile normal x86_64 /Users/erders/Documents/TravelTap/TravelTap/Data/Countries/Africa/WestAfrica/Guinea/Cities/FoutaDjallonAttractions.swift (in target 'TravelTap' from project 'TravelTap')
    cd /Users/erders/Documents/TravelTap
    

SwiftCompile normal x86_64 /Users/erders/Documents/TravelTap/TravelTap/Data/Countries/Africa/WestAfrica/Guinea/Cities/GuineaParksReservesAttractions.swift (in target 'TravelTap' from project 'TravelTap')
    cd /Users/erders/Documents/TravelTap
    

SwiftCompile normal x86_64 /Users/erders/Documents/TravelTap/TravelTap/Data/Countries/Africa/WestAfrica/Guinea/Cities/UpperGuineaAttractions.swift (in target 'TravelTap' from project 'TravelTap')
    cd /Users/erders/Documents/TravelTap
    

SwiftCompile normal x86_64 /Users/erders/Documents/TravelTap/TravelTap/Data/Countries/Africa/WestAfrica/Guinea/GuineaPackage.swift (in target 'TravelTap' from project 'TravelTap')
    cd /Users/erders/Documents/TravelTap
    

SwiftCompile normal x86_64 /Users/erders/Documents/TravelTap/TravelTap/Data/Countries/Africa/WestAfrica/GuineaBissau/Cities/BijagosArchipelagoAttractions.swift (in target 'TravelTap' from project 'TravelTap')
    cd /Users/erders/Documents/TravelTap
    

SwiftCompile normal x86_64 /Users/erders/Documents/TravelTap/TravelTap/Data/Countries/Africa/WestAfrica/GuineaBissau/Cities/BissauCoastalAttractions.swift (in target 'TravelTap' from project 'TravelTap')
    cd /Users/erders/Documents/TravelTap
    

SwiftCompile normal x86_64 /Users/erders/Documents/TravelTap/TravelTap/Data/Countries/Africa/WestAfrica/GuineaBissau/Cities/MainlandParksAttractions.swift (in target 'TravelTap' from project 'TravelTap')
    cd /Users/erders/Documents/TravelTap
    

SwiftCompile normal x86_64 /Users/erders/Documents/TravelTap/TravelTap/Data/Countries/Africa/WestAfrica/GuineaBissau/GuineaBissauPackage.swift (in target 'TravelTap' from project 'TravelTap')
    cd /Users/erders/Documents/TravelTap
    

SwiftCompile normal x86_64 /Users/erders/Documents/TravelTap/TravelTap/Data/Countries/Africa/WestAfrica/Liberia/Cities/CentralNimbaAttractions.swift (in target 'TravelTap' from project 'TravelTap')
    cd /Users/erders/Documents/TravelTap
    

SwiftCompile normal x86_64 /Users/erders/Documents/TravelTap/TravelTap/Data/Countries/Africa/WestAfrica/Liberia/Cities/MonroviaSurroundsAttractions.swift (in target 'TravelTap' from project 'TravelTap')
    cd /Users/erders/Documents/TravelTap
    

SwiftCompile normal x86_64 /Users/erders/Documents/TravelTap/TravelTap/Data/Countries/Africa/WestAfrica/Liberia/Cities/SoutheastNatureAttractions.swift (in target 'TravelTap' from project 'TravelTap')
    cd /Users/erders/Documents/TravelTap
    

SwiftCompile normal x86_64 /Users/erders/Documents/TravelTap/TravelTap/Data/Countries/Africa/WestAfrica/Liberia/Cities/WestNorthAttractions.swift (in target 'TravelTap' from project 'TravelTap')
    cd /Users/erders/Documents/TravelTap
    

SwiftCompile normal x86_64 /Users/erders/Documents/TravelTap/TravelTap/Data/Countries/Africa/WestAfrica/Liberia/LiberiaPackage.swift (in target 'TravelTap' from project 'TravelTap')
    cd /Users/erders/Documents/TravelTap
    

SwiftCompile normal x86_64 /Users/erders/Documents/TravelTap/TravelTap/Data/Countries/Africa/WestAfrica/Mali/Cities/BamakoSouthAttractions.swift (in target 'TravelTap' from project 'TravelTap')
    cd /Users/erders/Documents/TravelTap
    

SwiftCompile normal x86_64 /Users/erders/Documents/TravelTap/TravelTap/Data/Countries/Africa/WestAfrica/Mali/Cities/DjenneMoptiRiverAttractions.swift (in target 'TravelTap' from project 'TravelTap')
    cd /Users/erders/Documents/TravelTap
    

SwiftCompile normal x86_64 /Users/erders/Documents/TravelTap/TravelTap/Data/Countries/Africa/WestAfrica/Mali/Cities/DogonCountryEastAttractions.swift (in target 'TravelTap' from project 'TravelTap')
    cd /Users/erders/Documents/TravelTap
    

SwiftCompile normal x86_64 /Users/erders/Documents/TravelTap/TravelTap/Data/Countries/Africa/WestAfrica/Mali/Cities/TimbuktuNorthAttractions.swift (in target 'TravelTap' from project 'TravelTap')
    cd /Users/erders/Documents/TravelTap
    

SwiftCompile normal x86_64 /Users/erders/Documents/TravelTap/TravelTap/Data/Countries/Africa/WestAfrica/Mali/MaliPackage.swift (in target 'TravelTap' from project 'TravelTap')
    cd /Users/erders/Documents/TravelTap
    

SwiftCompile normal x86_64 /Users/erders/Documents/TravelTap/TravelTap/Data/Countries/Africa/WestAfrica/Mauritania/Cities/AdrarHighlandsAttractions.swift (in target 'TravelTap' from project 'TravelTap')
    cd /Users/erders/Documents/TravelTap
    

SwiftCompile normal x86_64 /Users/erders/Documents/TravelTap/TravelTap/Data/Countries/Africa/WestAfrica/Mauritania/Cities/CoastalWetlandsAttractions.swift (in target 'TravelTap' from project 'TravelTap')
    cd /Users/erders/Documents/TravelTap
    

SwiftCompile normal x86_64 /Users/erders/Documents/TravelTap/TravelTap/Data/Countries/Africa/WestAfrica/Mauritania/Cities/HistoricTownsAttractions.swift (in target 'TravelTap' from project 'TravelTap')
    cd /Users/erders/Documents/TravelTap
    

SwiftCompile normal x86_64 /Users/erders/Documents/TravelTap/TravelTap/Data/Countries/Africa/WestAfrica/Mauritania/Cities/SaharaWondersAttractions.swift (in target 'TravelTap' from project 'TravelTap')
    cd /Users/erders/Documents/TravelTap
    

SwiftCompile normal x86_64 /Users/erders/Documents/TravelTap/TravelTap/Data/Countries/Africa/WestAfrica/Mauritania/MauritaniaPackage.swift (in target 'TravelTap' from project 'TravelTap')
    cd /Users/erders/Documents/TravelTap
    

SwiftDriverJobDiscovery normal arm64 Compiling BrazzavilleAttractions.swift, NorthernCongoAttractions.swift, PointeNoireAttractions.swift, SouthernCongoAttractions.swift, RepublicoftheCongoPackage.swift, PrincipeAttractions.swift, SaoTomeCityAttractions.swift, SaoTomeNorthCentralAttractions.swift, SaoTomeSouthEastAttractions.swift, SaoTomeandPrincipePackage.swift, BurundiPackage.swift, BujumburaAttractions.swift, GitegaCentralAttractions.swift, NorthernBurundiAttractions.swift, SouthernBurundiAttractions.swift, AnjouanAttractions.swift, GrandeComoreAttractions.swift, MoheliAttractions.swift, ComorosPackage.swift, DjiboutiCityBeachesAttractions.swift, DjiboutiSouthWestAttractions.swift, TadjouraNorthAttractions.swift, DjiboutiPackage.swift, AsmaraAttractions.swift, KerenHighlandsAttractions.swift (in target 'TravelTap' from project 'TravelTap')

SwiftCompile normal x86_64 Compiling\ PostojnaAttractions.swift,\ SloveniaPackage.swift,\ BarcelonaAttractions.swift,\ BilbaoAttractions.swift,\ CanaryIslandsAttractions.swift,\ CordobaAttractions.swift,\ GranadaAttractions.swift,\ HistoricCastileAttractions.swift,\ MadridAttractions.swift,\ MallorcaAttractions.swift,\ NorthernSpainAttractions.swift,\ SanSebastianAttractions.swift,\ SevilleAttractions.swift,\ ToledoAttractions.swift,\ ValenciaAttractions.swift,\ SpainPackage.swift,\ GothenburgAttractions.swift,\ MalmoAttractions.swift,\ StockholmAttractions.swift,\ UppsalaAttractions.swift,\ SwedenPackage.swift,\ VisbyAttractions.swift,\ KirunaAttractions.swift,\ LundAttractions.swift,\ KalmarAttractions.swift /Users/erders/Documents/TravelTap/TravelTap/Data/Countries/Europe/Slovenia/Cities/PostojnaAttractions.swift /Users/erders/Documents/TravelTap/TravelTap/Data/Countries/Europe/Slovenia/SloveniaPackage.swift /Users/erders/Documents/TravelTap/TravelTap/Data/Countries/Europe/Spain/Cities/BarcelonaAttractions.swift /Users/erders/Documents/TravelTap/TravelTap/Data/Countries/Europe/Spain/Cities/BilbaoAttractions.swift /Users/erders/Documents/TravelTap/TravelTap/Data/Countries/Europe/Spain/Cities/CanaryIslandsAttractions.swift /Users/erders/Documents/TravelTap/TravelTap/Data/Countries/Europe/Spain/Cities/CordobaAttractions.swift /Users/erders/Documents/TravelTap/TravelTap/Data/Countries/Europe/Spain/Cities/GranadaAttractions.swift /Users/erders/Documents/TravelTap/TravelTap/Data/Countries/Europe/Spain/Cities/HistoricCastileAttractions.swift /Users/erders/Documents/TravelTap/TravelTap/Data/Countries/Europe/Spain/Cities/MadridAttractions.swift /Users/erders/Documents/TravelTap/TravelTap/Data/Countries/Europe/Spain/Cities/MallorcaAttractions.swift /Users/erders/Documents/TravelTap/TravelTap/Data/Countries/Europe/Spain/Cities/NorthernSpainAttractions.swift /Users/erders/Documents/TravelTap/TravelTap/Data/Countries/Europe/Spain/Cities/SanSebastianAttractions.swift /Users/erders/Documents/TravelTap/TravelTap/Data/Countries/Europe/Spain/Cities/SevilleAttractions.swift /Users/erders/Documents/TravelTap/TravelTap/Data/Countries/Europe/Spain/Cities/ToledoAttractions.swift /Users/erders/Documents/TravelTap/TravelTap/Data/Countries/Europe/Spain/Cities/ValenciaAttractions.swift /Users/erders/Documents/TravelTap/TravelTap/Data/Countries/Europe/Spain/SpainPackage.swift /Users/erders/Documents/TravelTap/TravelTap/Data/Countries/Europe/Sweden/Cities/GothenburgAttractions.swift /Users/erders/Documents/TravelTap/TravelTap/Data/Countries/Europe/Sweden/Cities/MalmoAttractions.swift /Users/erders/Documents/TravelTap/TravelTap/Data/Countries/Europe/Sweden/Cities/StockholmAttractions.swift /Users/erders/Documents/TravelTap/TravelTap/Data/Countries/Europe/Sweden/Cities/UppsalaAttractions.swift /Users/erders/Documents/TravelTap/TravelTap/Data/Countries/Europe/Sweden/SwedenPackage.swift /Users/erders/Documents/TravelTap/TravelTap/Data/Countries/Europe/Sweden/Cities/VisbyAttractions.swift /Users/erders/Documents/TravelTap/TravelTap/Data/Countries/Europe/Sweden/Cities/KirunaAttractions.swift /Users/erders/Documents/TravelTap/TravelTap/Data/Countries/Europe/Sweden/Cities/LundAttractions.swift /Users/erders/Documents/TravelTap/TravelTap/Data/Countries/Europe/Sweden/Cities/KalmarAttractions.swift (in target 'TravelTap' from project 'TravelTap')
SwiftCompile normal x86_64 /Users/erders/Documents/TravelTap/TravelTap/Data/Countries/Europe/Slovenia/Cities/PostojnaAttractions.swift (in target 'TravelTap' from project 'TravelTap')
    cd /Users/erders/Documents/TravelTap
    

SwiftCompile normal x86_64 /Users/erders/Documents/TravelTap/TravelTap/Data/Countries/Europe/Slovenia/SloveniaPackage.swift (in target 'TravelTap' from project 'TravelTap')
    cd /Users/erders/Documents/TravelTap
    

SwiftCompile normal x86_64 /Users/erders/Documents/TravelTap/TravelTap/Data/Countries/Europe/Spain/Cities/BarcelonaAttractions.swift (in target 'TravelTap' from project 'TravelTap')
    cd /Users/erders/Documents/TravelTap
    

SwiftCompile normal x86_64 /Users/erders/Documents/TravelTap/TravelTap/Data/Countries/Europe/Spain/Cities/BilbaoAttractions.swift (in target 'TravelTap' from project 'TravelTap')
    cd /Users/erders/Documents/TravelTap
    

SwiftCompile normal x86_64 /Users/erders/Documents/TravelTap/TravelTap/Data/Countries/Europe/Spain/Cities/CanaryIslandsAttractions.swift (in target 'TravelTap' from project 'TravelTap')
    cd /Users/erders/Documents/TravelTap
    

SwiftCompile normal x86_64 /Users/erders/Documents/TravelTap/TravelTap/Data/Countries/Europe/Spain/Cities/CordobaAttractions.swift (in target 'TravelTap' from project 'TravelTap')
    cd /Users/erders/Documents/TravelTap
    

SwiftCompile normal x86_64 /Users/erders/Documents/TravelTap/TravelTap/Data/Countries/Europe/Spain/Cities/GranadaAttractions.swift (in target 'TravelTap' from project 'TravelTap')
    cd /Users/erders/Documents/TravelTap
    

SwiftCompile normal x86_64 /Users/erders/Documents/TravelTap/TravelTap/Data/Countries/Europe/Spain/Cities/HistoricCastileAttractions.swift (in target 'TravelTap' from project 'TravelTap')
    cd /Users/erders/Documents/TravelTap
    

SwiftCompile normal x86_64 /Users/erders/Documents/TravelTap/TravelTap/Data/Countries/Europe/Spain/Cities/MadridAttractions.swift (in target 'TravelTap' from project 'TravelTap')
    cd /Users/erders/Documents/TravelTap
    

SwiftCompile normal x86_64 /Users/erders/Documents/TravelTap/TravelTap/Data/Countries/Europe/Spain/Cities/MallorcaAttractions.swift (in target 'TravelTap' from project 'TravelTap')
    cd /Users/erders/Documents/TravelTap
    

SwiftCompile normal x86_64 /Users/erders/Documents/TravelTap/TravelTap/Data/Countries/Europe/Spain/Cities/NorthernSpainAttractions.swift (in target 'TravelTap' from project 'TravelTap')
    cd /Users/erders/Documents/TravelTap
    

SwiftCompile normal x86_64 /Users/erders/Documents/TravelTap/TravelTap/Data/Countries/Europe/Spain/Cities/SanSebastianAttractions.swift (in target 'TravelTap' from project 'TravelTap')
    cd /Users/erders/Documents/TravelTap
    

SwiftCompile normal x86_64 /Users/erders/Documents/TravelTap/TravelTap/Data/Countries/Europe/Spain/Cities/SevilleAttractions.swift (in target 'TravelTap' from project 'TravelTap')
    cd /Users/erders/Documents/TravelTap
    

SwiftCompile normal x86_64 /Users/erders/Documents/TravelTap/TravelTap/Data/Countries/Europe/Spain/Cities/ToledoAttractions.swift (in target 'TravelTap' from project 'TravelTap')
    cd /Users/erders/Documents/TravelTap
    

SwiftCompile normal x86_64 /Users/erders/Documents/TravelTap/TravelTap/Data/Countries/Europe/Spain/Cities/ValenciaAttractions.swift (in target 'TravelTap' from project 'TravelTap')
    cd /Users/erders/Documents/TravelTap
    

SwiftCompile normal x86_64 /Users/erders/Documents/TravelTap/TravelTap/Data/Countries/Europe/Spain/SpainPackage.swift (in target 'TravelTap' from project 'TravelTap')
    cd /Users/erders/Documents/TravelTap
    

SwiftCompile normal x86_64 /Users/erders/Documents/TravelTap/TravelTap/Data/Countries/Europe/Sweden/Cities/GothenburgAttractions.swift (in target 'TravelTap' from project 'TravelTap')
    cd /Users/erders/Documents/TravelTap
    

SwiftCompile normal x86_64 /Users/erders/Documents/TravelTap/TravelTap/Data/Countries/Europe/Sweden/Cities/MalmoAttractions.swift (in target 'TravelTap' from project 'TravelTap')
    cd /Users/erders/Documents/TravelTap
    

SwiftCompile normal x86_64 /Users/erders/Documents/TravelTap/TravelTap/Data/Countries/Europe/Sweden/Cities/StockholmAttractions.swift (in target 'TravelTap' from project 'TravelTap')
    cd /Users/erders/Documents/TravelTap
    

SwiftCompile normal x86_64 /Users/erders/Documents/TravelTap/TravelTap/Data/Countries/Europe/Sweden/Cities/UppsalaAttractions.swift (in target 'TravelTap' from project 'TravelTap')
    cd /Users/erders/Documents/TravelTap
    

SwiftCompile normal x86_64 /Users/erders/Documents/TravelTap/TravelTap/Data/Countries/Europe/Sweden/SwedenPackage.swift (in target 'TravelTap' from project 'TravelTap')
    cd /Users/erders/Documents/TravelTap
    

SwiftCompile normal x86_64 /Users/erders/Documents/TravelTap/TravelTap/Data/Countries/Europe/Sweden/Cities/VisbyAttractions.swift (in target 'TravelTap' from project 'TravelTap')
    cd /Users/erders/Documents/TravelTap
    

SwiftCompile normal x86_64 /Users/erders/Documents/TravelTap/TravelTap/Data/Countries/Europe/Sweden/Cities/KirunaAttractions.swift (in target 'TravelTap' from project 'TravelTap')
    cd /Users/erders/Documents/TravelTap
    

SwiftCompile normal x86_64 /Users/erders/Documents/TravelTap/TravelTap/Data/Countries/Europe/Sweden/Cities/LundAttractions.swift (in target 'TravelTap' from project 'TravelTap')
    cd /Users/erders/Documents/TravelTap
    

SwiftCompile normal x86_64 /Users/erders/Documents/TravelTap/TravelTap/Data/Countries/Europe/Sweden/Cities/KalmarAttractions.swift (in target 'TravelTap' from project 'TravelTap')
    cd /Users/erders/Documents/TravelTap
    

SwiftCompile normal arm64 Compiling\ KrujeAttractions.swift,\ ValbonaAttractions.swift,\ KorceAttractions.swift,\ KsamilAttractions.swift,\ ShkoderAttractions.swift,\ VlkolinecAttractions.swift,\ OravskyPodzamokAttractions.swift,\ BardejovAttractions.swift,\ SpisskePodhradieAttractions.swift,\ LevocaAttractions.swift,\ BanskaStiavnicaAttractions.swift,\ CicmanyAttractions.swift,\ TrencinAttractions.swift,\ IstogAttractions.swift,\ FerizajAttractions.swift,\ SharrMountainsAttractions.swift,\ DragashAttractions.swift,\ MitrovicaAttractions.swift,\ DecaniAttractions.swift,\ SkenderajAttractions.swift,\ LipjanAttractions.swift,\ VushtrriAttractions.swift,\ RahovecAttractions.swift,\ KlinaAttractions.swift /Users/erders/Documents/TravelTap/TravelTap/Data/Countries/Europe/Albania/Cities/KrujeAttractions.swift /Users/erders/Documents/TravelTap/TravelTap/Data/Countries/Europe/Albania/Cities/ValbonaAttractions.swift /Users/erders/Documents/TravelTap/TravelTap/Data/Countries/Europe/Albania/Cities/KorceAttractions.swift /Users/erders/Documents/TravelTap/TravelTap/Data/Countries/Europe/Albania/Cities/KsamilAttractions.swift /Users/erders/Documents/TravelTap/TravelTap/Data/Countries/Europe/Albania/Cities/ShkoderAttractions.swift /Users/erders/Documents/TravelTap/TravelTap/Data/Countries/Europe/Slovakia/Cities/VlkolinecAttractions.swift /Users/erders/Documents/TravelTap/TravelTap/Data/Countries/Europe/Slovakia/Cities/OravskyPodzamokAttractions.swift /Users/erders/Documents/TravelTap/TravelTap/Data/Countries/Europe/Slovakia/Cities/BardejovAttractions.swift /Users/erders/Documents/TravelTap/TravelTap/Data/Countries/Europe/Slovakia/Cities/SpisskePodhradieAttractions.swift /Users/erders/Documents/TravelTap/TravelTap/Data/Countries/Europe/Slovakia/Cities/LevocaAttractions.swift /Users/erders/Documents/TravelTap/TravelTap/Data/Countries/Europe/Slovakia/Cities/BanskaStiavnicaAttractions.swift /Users/erders/Documents/TravelTap/TravelTap/Data/Countries/Europe/Slovakia/Cities/CicmanyAttractions.swift /Users/erders/Documents/TravelTap/TravelTap/Data/Countries/Europe/Slovakia/Cities/TrencinAttractions.swift /Users/erders/Documents/TravelTap/TravelTap/Data/Countries/Europe/Kosovo/Cities/IstogAttractions.swift /Users/erders/Documents/TravelTap/TravelTap/Data/Countries/Europe/Kosovo/Cities/FerizajAttractions.swift /Users/erders/Documents/TravelTap/TravelTap/Data/Countries/Europe/Kosovo/Cities/SharrMountainsAttractions.swift /Users/erders/Documents/TravelTap/TravelTap/Data/Countries/Europe/Kosovo/Cities/DragashAttractions.swift /Users/erders/Documents/TravelTap/TravelTap/Data/Countries/Europe/Kosovo/Cities/MitrovicaAttractions.swift /Users/erders/Documents/TravelTap/TravelTap/Data/Countries/Europe/Kosovo/Cities/DecaniAttractions.swift /Users/erders/Documents/TravelTap/TravelTap/Data/Countries/Europe/Kosovo/Cities/SkenderajAttractions.swift /Users/erders/Documents/TravelTap/TravelTap/Data/Countries/Europe/Kosovo/Cities/LipjanAttractions.swift /Users/erders/Documents/TravelTap/TravelTap/Data/Countries/Europe/Kosovo/Cities/VushtrriAttractions.swift /Users/erders/Documents/TravelTap/TravelTap/Data/Countries/Europe/Kosovo/Cities/RahovecAttractions.swift /Users/erders/Documents/TravelTap/TravelTap/Data/Countries/Europe/Kosovo/Cities/KlinaAttractions.swift (in target 'TravelTap' from project 'TravelTap')
Failed frontend command:
/Applications/Xcode.app/Contents/Developer/Toolchains/XcodeDefault.xctoolchain/usr/bin/swift-frontend -frontend -c -filelist /Users/erders/Library/Developer/Xcode/DerivedData/TravelTap-aoniybxgcgmexqcgzdslgsqiowxj/Build/Intermediates.noindex/TravelTap.build/Debug-iphonesimulator/TravelTap.build/Objects-normal/arm64/sources-2 -primary-file /Users/erders/Documents/TravelTap/TravelTap/Data/Countries/Europe/Albania/Cities/KrujeAttractions.swift -primary-file /Users/erders/Documents/TravelTap/TravelTap/Data/Countries/Europe/Albania/Cities/ValbonaAttractions.swift -primary-file /Users/erders/Documents/TravelTap/TravelTap/Data/Countries/Europe/Albania/Cities/KorceAttractions.swift -primary-file /Users/erders/Documents/TravelTap/TravelTap/Data/Countries/Europe/Albania/Cities/KsamilAttractions.swift -primary-file /Users/erders/Documents/TravelTap/TravelTap/Data/Countries/Europe/Albania/Cities/ShkoderAttractions.swift -primary-file /Users/erders/Documents/TravelTap/TravelTap/Data/Countries/Europe/Slovakia/Cities/VlkolinecAttractions.swift -primary-file /Users/erders/Documents/TravelTap/TravelTap/Data/Countries/Europe/Slovakia/Cities/OravskyPodzamokAttractions.swift -primary-file /Users/erders/Documents/TravelTap/TravelTap/Data/Countries/Europe/Slovakia/Cities/BardejovAttractions.swift -primary-file /Users/erders/Documents/TravelTap/TravelTap/Data/Countries/Europe/Slovakia/Cities/SpisskePodhradieAttractions.swift -primary-file /Users/erders/Documents/TravelTap/TravelTap/Data/Countries/Europe/Slovakia/Cities/LevocaAttractions.swift -primary-file /Users/erders/Documents/TravelTap/TravelTap/Data/Countries/Europe/Slovakia/Cities/BanskaStiavnicaAttractions.swift -primary-file /Users/erders/Documents/TravelTap/TravelTap/Data/Countries/Europe/Slovakia/Cities/CicmanyAttractions.swift -primary-file /Users/erders/Documents/TravelTap/TravelTap/Data/Countries/Europe/Slovakia/Cities/TrencinAttractions.swift -primary-file /Users/erders/Documents/TravelTap/TravelTap/Data/Countries/Europe/Kosovo/Cities/IstogAttractions.swift -primary-file /Users/erders/Documents/TravelTap/TravelTap/Data/Countries/Europe/Kosovo/Cities/FerizajAttractions.swift -primary-file /Users/erders/Documents/TravelTap/TravelTap/Data/Countries/Europe/Kosovo/Cities/SharrMountainsAttractions.swift -primary-file /Users/erders/Documents/TravelTap/TravelTap/Data/Countries/Europe/Kosovo/Cities/DragashAttractions.swift -primary-file /Users/erders/Documents/TravelTap/TravelTap/Data/Countries/Europe/Kosovo/Cities/MitrovicaAttractions.swift -primary-file /Users/erders/Documents/TravelTap/TravelTap/Data/Countries/Europe/Kosovo/Cities/DecaniAttractions.swift -primary-file /Users/erders/Documents/TravelTap/TravelTap/Data/Countries/Europe/Kosovo/Cities/SkenderajAttractions.swift -primary-file /Users/erders/Documents/TravelTap/TravelTap/Data/Countries/Europe/Kosovo/Cities/LipjanAttractions.swift -primary-file /Users/erders/Documents/TravelTap/TravelTap/Data/Countries/Europe/Kosovo/Cities/VushtrriAttractions.swift -primary-file /Users/erders/Documents/TravelTap/TravelTap/Data/Countries/Europe/Kosovo/Cities/RahovecAttractions.swift -primary-file /Users/erders/Documents/TravelTap/TravelTap/Data/Countries/Europe/Kosovo/Cities/KlinaAttractions.swift -supplementary-output-file-map /Users/erders/Library/Developer/Xcode/DerivedData/TravelTap-aoniybxgcgmexqcgzdslgsqiowxj/Build/Intermediates.noindex/TravelTap.build/Debug-iphonesimulator/TravelTap.build/Objects-normal/arm64/supplementaryOutputs-197 -emit-localized-strings -emit-localized-strings-path /Users/erders/Library/Developer/Xcode/DerivedData/TravelTap-aoniybxgcgmexqcgzdslgsqiowxj/Build/Intermediates.noindex/TravelTap.build/Debug-iphonesimulator/TravelTap.build/Objects-normal/arm64 -target arm64-apple-ios17.0-simulator -module-can-import-version DeveloperToolsSupport 23.0.4 23.0.4 -module-can-import-version SwiftUI 7.2.5.1 7.2.5 -module-can-import-version UIKit 9126.2.4.1 9126.2.4 -disable-cross-import-overlay-search -swift-module-cross-import MapKit /Applications/Xcode.app/Contents/Developer/Platforms/iPhoneSimulator.platform/Developer/SDKs/iPhoneSimulator.sdk/System/Library/Frameworks/MapKit.framework/Modules/MapKit.swiftcrossimport/SwiftUI.swiftoverlay -load-resolved-plugin /Applications/Xcode.app/Contents/Developer/Platforms/iPhoneOS.platform/Developer/usr/lib/swift/host/plugins/libFoundationMacros.dylib\#/Applications/Xcode.app/Contents/Developer/Platforms/iPhoneOS.platform/Developer/usr/bin/swift-plugin-server\#FoundationMacros -load-resolved-plugin /Applications/Xcode.app/Contents/Developer/Platforms/iPhoneOS.platform/Developer/usr/lib/swift/host/plugins/libObservationMacros.dylib\#/Applications/Xcode.app/Contents/Developer/Platforms/iPhoneOS.platform/Developer/usr/bin/swift-plugin-server\#ObservationMacros -load-resolved-plugin /Applications/Xcode.app/Contents/Developer/Platforms/iPhoneOS.platform/Developer/usr/lib/swift/host/plugins/libPreviewsMacros.dylib\#/Applications/Xcode.app/Contents/Developer/Platforms/iPhoneOS.platform/Developer/usr/bin/swift-plugin-server\#PreviewsMacros -load-resolved-plugin /Applications/Xcode.app/Contents/Developer/Platforms/iPhoneOS.platform/Developer/usr/lib/swift/host/plugins/libSwiftMacros.dylib\#/Applications/Xcode.app/Contents/Developer/Platforms/iPhoneOS.platform/Developer/usr/bin/swift-plugin-server\#SwiftMacros -load-resolved-plugin /Applications/Xcode.app/Contents/Developer/Platforms/iPhoneOS.platform/Developer/usr/lib/swift/host/plugins/libSwiftUIMacros.dylib\#/Applications/Xcode.app/Contents/Developer/Platforms/iPhoneOS.platform/Developer/usr/bin/swift-plugin-server\#SwiftUIMacros -disable-implicit-swift-modules -Xcc -fno-implicit-modules -Xcc -fno-implicit-module-maps -explicit-swift-module-map-file /Users/erders/Library/Developer/Xcode/DerivedData/TravelTap-aoniybxgcgmexqcgzdslgsqiowxj/Build/Intermediates.noindex/TravelTap.build/Debug-iphonesimulator/TravelTap.build/Objects-normal/arm64/TravelTap-dependencies-2.json -Xllvm -aarch64-use-tbi -enable-objc-interop -sdk /Applications/Xcode.app/Contents/Developer/Platforms/iPhoneSimulator.platform/Developer/SDKs/iPhoneSimulator26.2.sdk -I /Users/erders/Library/Developer/Xcode/DerivedData/TravelTap-aoniybxgcgmexqcgzdslgsqiowxj/Build/Products/Debug-iphonesimulator -F /Users/erders/Library/Developer/Xcode/DerivedData/TravelTap-aoniybxgcgmexqcgzdslgsqiowxj/Build/Products/Debug-iphonesimulator -no-color-diagnostics -Xcc -fno-color-diagnostics -enable-testing -g -debug-info-format\=dwarf -dwarf-version\=4 -module-cache-path /Users/erders/Library/Developer/Xcode/DerivedData/TravelTap-aoniybxgcgmexqcgzdslgsqiowxj/Build/Intermediates.noindex/SwiftExplicitPrecompiledModules -swift-version 5 -enforce-exclusivity\=checked -Onone -D DEBUG -serialize-debugging-options -const-gather-protocols-file /Users/erders/Library/Developer/Xcode/DerivedData/TravelTap-aoniybxgcgmexqcgzdslgsqiowxj/Build/Intermediates.noindex/TravelTap.build/Debug-iphonesimulator/TravelTap.build/Objects-normal/arm64/TravelTap_const_extract_protocols.json -enable-experimental-feature DebugDescriptionMacro -enable-bare-slash-regex -empty-abi-descriptor -validate-clang-modules-once -clang-build-session-file /Users/erders/Library/Developer/Xcode/DerivedData/ModuleCache.noindex/Session.modulevalidation -Xcc -working-directory -Xcc /Users/erders/Documents/TravelTap -enable-anonymous-context-mangled-names -file-compilation-dir /Users/erders/Documents/TravelTap -Xcc -D_LIBCPP_HARDENING_MODE\=_LIBCPP_HARDENING_MODE_DEBUG -Xcc -ivfsstatcache -Xcc /Users/erders/Library/Developer/Xcode/DerivedData/SDKStatCaches.noindex/iphonesimulator26.2-23C53-7d00a8b37fbd7999ea79df8ebc024bf0.sdkstatcache -Xcc -I/Users/erders/Library/Developer/Xcode/DerivedData/TravelTap-aoniybxgcgmexqcgzdslgsqiowxj/Build/Intermediates.noindex/TravelTap.build/Debug-iphonesimulator/TravelTap.build/swift-overrides.hmap -Xcc -iquote -Xcc /Users/erders/Library/Developer/Xcode/DerivedData/TravelTap-aoniybxgcgmexqcgzdslgsqiowxj/Build/Intermediates.noindex/TravelTap.build/Debug-iphonesimulator/TravelTap.build/TravelTap-generated-files.hmap -Xcc -I/Users/erders/Library/Developer/Xcode/DerivedData/TravelTap-aoniybxgcgmexqcgzdslgsqiowxj/Build/Intermediates.noindex/TravelTap.build/Debug-iphonesimulator/TravelTap.build/TravelTap-own-target-headers.hmap -Xcc -I/Users/erders/Library/Developer/Xcode/DerivedData/TravelTap-aoniybxgcgmexqcgzdslgsqiowxj/Build/Intermediates.noindex/TravelTap.build/Debug-iphonesimulator/TravelTap.build/TravelTap-all-target-headers.hmap -Xcc -iquote -Xcc /Users/erders/Library/Developer/Xcode/DerivedData/TravelTap-aoniybxgcgmexqcgzdslgsqiowxj/Build/Intermediates.noindex/TravelTap.build/Debug-iphonesimulator/TravelTap.build/TravelTap-project-headers.hmap -Xcc -I/Users/erders/Library/Developer/Xcode/DerivedData/TravelTap-aoniybxgcgmexqcgzdslgsqiowxj/Build/Products/Debug-iphonesimulator/include -Xcc -I/Users/erders/Library/Developer/Xcode/DerivedData/TravelTap-aoniybxgcgmexqcgzdslgsqiowxj/Build/Intermediates.noindex/TravelTap.build/Debug-iphonesimulator/TravelTap.build/DerivedSources-normal/arm64 -Xcc -I/Users/erders/Library/Developer/Xcode/DerivedData/TravelTap-aoniybxgcgmexqcgzdslgsqiowxj/Build/Intermediates.noindex/TravelTap.build/Debug-iphonesimulator/TravelTap.build/DerivedSources/arm64 -Xcc -I/Users/erders/Library/Developer/Xcode/DerivedData/TravelTap-aoniybxgcgmexqcgzdslgsqiowxj/Build/Intermediates.noindex/TravelTap.build/Debug-iphonesimulator/TravelTap.build/DerivedSources -Xcc -DDEBUG\=1 -no-auto-bridging-header-chaining -module-name TravelTap -frontend-parseable-output -disable-clang-spi -target-sdk-version 26.2 -target-sdk-name iphonesimulator26.2 -clang-target arm64-apple-ios26.2-simulator -in-process-plugin-server-path /Applications/Xcode.app/Contents/Developer/Toolchains/XcodeDefault.xctoolchain/usr/lib/swift/host/libSwiftInProcPluginServer.dylib -o /Users/erders/Library/Developer/Xcode/DerivedData/TravelTap-aoniybxgcgmexqcgzdslgsqiowxj/Build/Intermediates.noindex/TravelTap.build/Debug-iphonesimulator/TravelTap.build/Objects-normal/arm64/KrujeAttractions.o -o /Users/erders/Library/Developer/Xcode/DerivedData/TravelTap-aoniybxgcgmexqcgzdslgsqiowxj/Build/Intermediates.noindex/TravelTap.build/Debug-iphonesimulator/TravelTap.build/Objects-normal/arm64/ValbonaAttractions.o -o /Users/erders/Library/Developer/Xcode/DerivedData/TravelTap-aoniybxgcgmexqcgzdslgsqiowxj/Build/Intermediates.noindex/TravelTap.build/Debug-iphonesimulator/TravelTap.build/Objects-normal/arm64/KorceAttractions.o -o /Users/erders/Library/Developer/Xcode/DerivedData/TravelTap-aoniybxgcgmexqcgzdslgsqiowxj/Build/Intermediates.noindex/TravelTap.build/Debug-iphonesimulator/TravelTap.build/Objects-normal/arm64/KsamilAttractions.o -o /Users/erders/Library/Developer/Xcode/DerivedData/TravelTap-aoniybxgcgmexqcgzdslgsqiowxj/Build/Intermediates.noindex/TravelTap.build/Debug-iphonesimulator/TravelTap.build/Objects-normal/arm64/ShkoderAttractions.o -o /Users/erders/Library/Developer/Xcode/DerivedData/TravelTap-aoniybxgcgmexqcgzdslgsqiowxj/Build/Intermediates.noindex/TravelTap.build/Debug-iphonesimulator/TravelTap.build/Objects-normal/arm64/VlkolinecAttractions.o -o /Users/erders/Library/Developer/Xcode/DerivedData/TravelTap-aoniybxgcgmexqcgzdslgsqiowxj/Build/Intermediates.noindex/TravelTap.build/Debug-iphonesimulator/TravelTap.build/Objects-normal/arm64/OravskyPodzamokAttractions.o -o /Users/erders/Library/Developer/Xcode/DerivedData/TravelTap-aoniybxgcgmexqcgzdslgsqiowxj/Build/Intermediates.noindex/TravelTap.build/Debug-iphonesimulator/TravelTap.build/Objects-normal/arm64/BardejovAttractions.o -o /Users/erders/Library/Developer/Xcode/DerivedData/TravelTap-aoniybxgcgmexqcgzdslgsqiowxj/Build/Intermediates.noindex/TravelTap.build/Debug-iphonesimulator/TravelTap.build/Objects-normal/arm64/SpisskePodhradieAttractions.o -o /Users/erders/Library/Developer/Xcode/DerivedData/TravelTap-aoniybxgcgmexqcgzdslgsqiowxj/Build/Intermediates.noindex/TravelTap.build/Debug-iphonesimulator/TravelTap.build/Objects-normal/arm64/LevocaAttractions.o -o /Users/erders/Library/Developer/Xcode/DerivedData/TravelTap-aoniybxgcgmexqcgzdslgsqiowxj/Build/Intermediates.noindex/TravelTap.build/Debug-iphonesimulator/TravelTap.build/Objects-normal/arm64/BanskaStiavnicaAttractions.o -o /Users/erders/Library/Developer/Xcode/DerivedData/TravelTap-aoniybxgcgmexqcgzdslgsqiowxj/Build/Intermediates.noindex/TravelTap.build/Debug-iphonesimulator/TravelTap.build/Objects-normal/arm64/CicmanyAttractions.o -o /Users/erders/Library/Developer/Xcode/DerivedData/TravelTap-aoniybxgcgmexqcgzdslgsqiowxj/Build/Intermediates.noindex/TravelTap.build/Debug-iphonesimulator/TravelTap.build/Objects-normal/arm64/TrencinAttractions.o -o /Users/erders/Library/Developer/Xcode/DerivedData/TravelTap-aoniybxgcgmexqcgzdslgsqiowxj/Build/Intermediates.noindex/TravelTap.build/Debug-iphonesimulator/TravelTap.build/Objects-normal/arm64/IstogAttractions.o -o /Users/erders/Library/Developer/Xcode/DerivedData/TravelTap-aoniybxgcgmexqcgzdslgsqiowxj/Build/Intermediates.noindex/TravelTap.build/Debug-iphonesimulator/TravelTap.build/Objects-normal/arm64/FerizajAttractions.o -o /Users/erders/Library/Developer/Xcode/DerivedData/TravelTap-aoniybxgcgmexqcgzdslgsqiowxj/Build/Intermediates.noindex/TravelTap.build/Debug-iphonesimulator/TravelTap.build/Objects-normal/arm64/SharrMountainsAttractions.o -o /Users/erders/Library/Developer/Xcode/DerivedData/TravelTap-aoniybxgcgmexqcgzdslgsqiowxj/Build/Intermediates.noindex/TravelTap.build/Debug-iphonesimulator/TravelTap.build/Objects-normal/arm64/DragashAttractions.o -o /Users/erders/Library/Developer/Xcode/DerivedData/TravelTap-aoniybxgcgmexqcgzdslgsqiowxj/Build/Intermediates.noindex/TravelTap.build/Debug-iphonesimulator/TravelTap.build/Objects-normal/arm64/MitrovicaAttractions.o -o /Users/erders/Library/Developer/Xcode/DerivedData/TravelTap-aoniybxgcgmexqcgzdslgsqiowxj/Build/Intermediates.noindex/TravelTap.build/Debug-iphonesimulator/TravelTap.build/Objects-normal/arm64/DecaniAttractions.o -o /Users/erders/Library/Developer/Xcode/DerivedData/TravelTap-aoniybxgcgmexqcgzdslgsqiowxj/Build/Intermediates.noindex/TravelTap.build/Debug-iphonesimulator/TravelTap.build/Objects-normal/arm64/SkenderajAttractions.o -o /Users/erders/Library/Developer/Xcode/DerivedData/TravelTap-aoniybxgcgmexqcgzdslgsqiowxj/Build/Intermediates.noindex/TravelTap.build/Debug-iphonesimulator/TravelTap.build/Objects-normal/arm64/LipjanAttractions.o -o /Users/erders/Library/Developer/Xcode/DerivedData/TravelTap-aoniybxgcgmexqcgzdslgsqiowxj/Build/Intermediates.noindex/TravelTap.build/Debug-iphonesimulator/TravelTap.build/Objects-normal/arm64/VushtrriAttractions.o -o /Users/erders/Library/Developer/Xcode/DerivedData/TravelTap-aoniybxgcgmexqcgzdslgsqiowxj/Build/Intermediates.noindex/TravelTap.build/Debug-iphonesimulator/TravelTap.build/Objects-normal/arm64/RahovecAttractions.o -o /Users/erders/Library/Developer/Xcode/DerivedData/TravelTap-aoniybxgcgmexqcgzdslgsqiowxj/Build/Intermediates.noindex/TravelTap.build/Debug-iphonesimulator/TravelTap.build/Objects-normal/arm64/KlinaAttractions.o -index-unit-output-path /TravelTap.build/Debug-iphonesimulator/TravelTap.build/Objects-normal/arm64/KrujeAttractions.o -index-unit-output-path /TravelTap.build/Debug-iphonesimulator/TravelTap.build/Objects-normal/arm64/ValbonaAttractions.o -index-unit-output-path /TravelTap.build/Debug-iphonesimulator/TravelTap.build/Objects-normal/arm64/KorceAttractions.o -index-unit-output-path /TravelTap.build/Debug-iphonesimulator/TravelTap.build/Objects-normal/arm64/KsamilAttractions.o -index-unit-output-path /TravelTap.build/Debug-iphonesimulator/TravelTap.build/Objects-normal/arm64/ShkoderAttractions.o -index-unit-output-path /TravelTap.build/Debug-iphonesimulator/TravelTap.build/Objects-normal/arm64/VlkolinecAttractions.o -index-unit-output-path /TravelTap.build/Debug-iphonesimulator/TravelTap.build/Objects-normal/arm64/OravskyPodzamokAttractions.o -index-unit-output-path /TravelTap.build/Debug-iphonesimulator/TravelTap.build/Objects-normal/arm64/BardejovAttractions.o -index-unit-output-path /TravelTap.build/Debug-iphonesimulator/TravelTap.build/Objects-normal/arm64/SpisskePodhradieAttractions.o -index-unit-output-path /TravelTap.build/Debug-iphonesimulator/TravelTap.build/Objects-normal/arm64/LevocaAttractions.o -index-unit-output-path /TravelTap.build/Debug-iphonesimulator/TravelTap.build/Objects-normal/arm64/BanskaStiavnicaAttractions.o -index-unit-output-path /TravelTap.build/Debug-iphonesimulator/TravelTap.build/Objects-normal/arm64/CicmanyAttractions.o -index-unit-output-path /TravelTap.build/Debug-iphonesimulator/TravelTap.build/Objects-normal/arm64/TrencinAttractions.o -index-unit-output-path /TravelTap.build/Debug-iphonesimulator/TravelTap.build/Objects-normal/arm64/IstogAttractions.o -index-unit-output-path /TravelTap.build/Debug-iphonesimulator/TravelTap.build/Objects-normal/arm64/FerizajAttractions.o -index-unit-output-path /TravelTap.build/Debug-iphonesimulator/TravelTap.build/Objects-normal/arm64/SharrMountainsAttractions.o -index-unit-output-path /TravelTap.build/Debug-iphonesimulator/TravelTap.build/Objects-normal/arm64/DragashAttractions.o -index-unit-output-path /TravelTap.build/Debug-iphonesimulator/TravelTap.build/Objects-normal/arm64/MitrovicaAttractions.o -index-unit-output-path /TravelTap.build/Debug-iphonesimulator/TravelTap.build/Objects-normal/arm64/DecaniAttractions.o -index-unit-output-path /TravelTap.build/Debug-iphonesimulator/TravelTap.build/Objects-normal/arm64/SkenderajAttractions.o -index-unit-output-path /TravelTap.build/Debug-iphonesimulator/TravelTap.build/Objects-normal/arm64/LipjanAttractions.o -index-unit-output-path /TravelTap.build/Debug-iphonesimulator/TravelTap.build/Objects-normal/arm64/VushtrriAttractions.o -index-unit-output-path /TravelTap.build/Debug-iphonesimulator/TravelTap.build/Objects-normal/arm64/RahovecAttractions.o -index-unit-output-path /TravelTap.build/Debug-iphonesimulator/TravelTap.build/Objects-normal/arm64/KlinaAttractions.o -index-store-path /Users/erders/Library/Developer/Xcode/DerivedData/TravelTap-aoniybxgcgmexqcgzdslgsqiowxj/Index.noindex/DataStore -index-system-modules

SwiftCompile normal arm64 /Users/erders/Documents/TravelTap/TravelTap/Data/Countries/Europe/Albania/Cities/KrujeAttractions.swift (in target 'TravelTap' from project 'TravelTap')
    cd /Users/erders/Documents/TravelTap
    

SwiftCompile normal arm64 /Users/erders/Documents/TravelTap/TravelTap/Data/Countries/Europe/Albania/Cities/ValbonaAttractions.swift (in target 'TravelTap' from project 'TravelTap')
    cd /Users/erders/Documents/TravelTap
    
/Users/erders/Documents/TravelTap/TravelTap/Data/Countries/Europe/Albania/Cities/ValbonaAttractions.swift:18:24: error: type 'AttractionCategory' has no member 'forest'
            category: .forest,
                      ~^~~~~~

SwiftCompile normal arm64 /Users/erders/Documents/TravelTap/TravelTap/Data/Countries/Europe/Albania/Cities/KorceAttractions.swift (in target 'TravelTap' from project 'TravelTap')
    cd /Users/erders/Documents/TravelTap
    

SwiftCompile normal arm64 /Users/erders/Documents/TravelTap/TravelTap/Data/Countries/Europe/Albania/Cities/KsamilAttractions.swift (in target 'TravelTap' from project 'TravelTap')
    cd /Users/erders/Documents/TravelTap
    
/Users/erders/Documents/TravelTap/TravelTap/Data/Countries/Europe/Albania/Cities/KsamilAttractions.swift:18:24: error: type 'AttractionCategory' has no member 'forest'
            category: .forest,
                      ~^~~~~~

SwiftCompile normal arm64 /Users/erders/Documents/TravelTap/TravelTap/Data/Countries/Europe/Albania/Cities/ShkoderAttractions.swift (in target 'TravelTap' from project 'TravelTap')
    cd /Users/erders/Documents/TravelTap
    

SwiftCompile normal arm64 /Users/erders/Documents/TravelTap/TravelTap/Data/Countries/Europe/Slovakia/Cities/VlkolinecAttractions.swift (in target 'TravelTap' from project 'TravelTap')
    cd /Users/erders/Documents/TravelTap
    

SwiftCompile normal arm64 /Users/erders/Documents/TravelTap/TravelTap/Data/Countries/Europe/Slovakia/Cities/OravskyPodzamokAttractions.swift (in target 'TravelTap' from project 'TravelTap')
    cd /Users/erders/Documents/TravelTap
    

SwiftCompile normal arm64 /Users/erders/Documents/TravelTap/TravelTap/Data/Countries/Europe/Slovakia/Cities/BardejovAttractions.swift (in target 'TravelTap' from project 'TravelTap')
    cd /Users/erders/Documents/TravelTap
    

SwiftCompile normal arm64 /Users/erders/Documents/TravelTap/TravelTap/Data/Countries/Europe/Slovakia/Cities/SpisskePodhradieAttractions.swift (in target 'TravelTap' from project 'TravelTap')
    cd /Users/erders/Documents/TravelTap
    

SwiftCompile normal arm64 /Users/erders/Documents/TravelTap/TravelTap/Data/Countries/Europe/Slovakia/Cities/LevocaAttractions.swift (in target 'TravelTap' from project 'TravelTap')
    cd /Users/erders/Documents/TravelTap
    

SwiftCompile normal arm64 /Users/erders/Documents/TravelTap/TravelTap/Data/Countries/Europe/Slovakia/Cities/BanskaStiavnicaAttractions.swift (in target 'TravelTap' from project 'TravelTap')
    cd /Users/erders/Documents/TravelTap
    

SwiftCompile normal arm64 /Users/erders/Documents/TravelTap/TravelTap/Data/Countries/Europe/Slovakia/Cities/CicmanyAttractions.swift (in target 'TravelTap' from project 'TravelTap')
    cd /Users/erders/Documents/TravelTap
    

SwiftCompile normal arm64 /Users/erders/Documents/TravelTap/TravelTap/Data/Countries/Europe/Slovakia/Cities/TrencinAttractions.swift (in target 'TravelTap' from project 'TravelTap')
    cd /Users/erders/Documents/TravelTap
    

SwiftCompile normal arm64 /Users/erders/Documents/TravelTap/TravelTap/Data/Countries/Europe/Kosovo/Cities/IstogAttractions.swift (in target 'TravelTap' from project 'TravelTap')
    cd /Users/erders/Documents/TravelTap
    

SwiftCompile normal arm64 /Users/erders/Documents/TravelTap/TravelTap/Data/Countries/Europe/Kosovo/Cities/FerizajAttractions.swift (in target 'TravelTap' from project 'TravelTap')
    cd /Users/erders/Documents/TravelTap
    

SwiftCompile normal arm64 /Users/erders/Documents/TravelTap/TravelTap/Data/Countries/Europe/Kosovo/Cities/SharrMountainsAttractions.swift (in target 'TravelTap' from project 'TravelTap')
    cd /Users/erders/Documents/TravelTap
    
/Users/erders/Documents/TravelTap/TravelTap/Data/Countries/Europe/Kosovo/Cities/SharrMountainsAttractions.swift:69:24: error: type 'AttractionCategory' has no member 'other'
            category: .other,
                      ~^~~~~

SwiftCompile normal arm64 /Users/erders/Documents/TravelTap/TravelTap/Data/Countries/Europe/Kosovo/Cities/DragashAttractions.swift (in target 'TravelTap' from project 'TravelTap')
    cd /Users/erders/Documents/TravelTap
    
/Users/erders/Documents/TravelTap/TravelTap/Data/Countries/Europe/Kosovo/Cities/DragashAttractions.swift:18:24: error: type 'AttractionCategory' has no member 'other'
            category: .other,
                      ~^~~~~
/Users/erders/Documents/TravelTap/TravelTap/Data/Countries/Europe/Kosovo/Cities/DragashAttractions.swift:35:24: error: type 'AttractionCategory' has no member 'other'
            category: .other,
                      ~^~~~~

SwiftCompile normal arm64 /Users/erders/Documents/TravelTap/TravelTap/Data/Countries/Europe/Kosovo/Cities/MitrovicaAttractions.swift (in target 'TravelTap' from project 'TravelTap')
    cd /Users/erders/Documents/TravelTap
    

SwiftCompile normal arm64 /Users/erders/Documents/TravelTap/TravelTap/Data/Countries/Europe/Kosovo/Cities/DecaniAttractions.swift (in target 'TravelTap' from project 'TravelTap')
    cd /Users/erders/Documents/TravelTap
    

SwiftCompile normal arm64 /Users/erders/Documents/TravelTap/TravelTap/Data/Countries/Europe/Kosovo/Cities/SkenderajAttractions.swift (in target 'TravelTap' from project 'TravelTap')
    cd /Users/erders/Documents/TravelTap
    

SwiftCompile normal arm64 /Users/erders/Documents/TravelTap/TravelTap/Data/Countries/Europe/Kosovo/Cities/LipjanAttractions.swift (in target 'TravelTap' from project 'TravelTap')
    cd /Users/erders/Documents/TravelTap
    

SwiftCompile normal arm64 /Users/erders/Documents/TravelTap/TravelTap/Data/Countries/Europe/Kosovo/Cities/VushtrriAttractions.swift (in target 'TravelTap' from project 'TravelTap')
    cd /Users/erders/Documents/TravelTap
    
/Users/erders/Documents/TravelTap/TravelTap/Data/Countries/Europe/Kosovo/Cities/VushtrriAttractions.swift:86:24: error: type 'AttractionCategory' has no member 'other'
            category: .other,
                      ~^~~~~

SwiftCompile normal arm64 /Users/erders/Documents/TravelTap/TravelTap/Data/Countries/Europe/Kosovo/Cities/RahovecAttractions.swift (in target 'TravelTap' from project 'TravelTap')
    cd /Users/erders/Documents/TravelTap
    
/Users/erders/Documents/TravelTap/TravelTap/Data/Countries/Europe/Kosovo/Cities/RahovecAttractions.swift:69:24: error: type 'AttractionCategory' has no member 'other'
            category: .other,
                      ~^~~~~

SwiftCompile normal arm64 /Users/erders/Documents/TravelTap/TravelTap/Data/Countries/Europe/Kosovo/Cities/KlinaAttractions.swift (in target 'TravelTap' from project 'TravelTap')
    cd /Users/erders/Documents/TravelTap
    
/Users/erders/Documents/TravelTap/TravelTap/Data/Countries/Europe/Kosovo/Cities/KlinaAttractions.swift:69:24: error: type 'AttractionCategory' has no member 'other'
            category: .other,
                      ~^~~~~

SwiftDriverJobDiscovery normal arm64 Compiling EnnediOuniangaAttractions.swift, LakeChadAttractions.swift, NDjamenaAttractions.swift, SouthernChadAttractions.swift, TibestiAttractions.swift, ZakoumaAttractions.swift, CentralBasinAttractions.swift, DRCNorthEastAttractions.swift, KatangaAttractions.swift, KinshasaWestAttractions.swift, NorthKivuAttractions.swift, SouthKivuAttractions.swift, DRCPackage.swift, BataAttractions.swift, BiokoIslandAttractions.swift, EquatorialGuineaIslandsAttractions.swift, MalaboAttractions.swift, NationalParksAttractions.swift, RioMuniAttractions.swift, EquatorialGuineaPackage.swift, GabonInteriorAttractions.swift, GabonNationalParksAttractions.swift, LibrevilleAttractions.swift, PortGentilCoastalAttractions.swift, GabonPackage.swift (in target 'TravelTap' from project 'TravelTap')

SwiftDriverJobDiscovery normal arm64 Compiling GeorgiaPackage.swift, AlmatyAttractions.swift, AstanaAttractions.swift, TurkestanAttractions.swift, KazakhstanPackage.swift, BishkekAttractions.swift, KarakolAttractions.swift, NarynAttractions.swift, OshAttractions.swift, KyrgyzstanPackage.swift, AshgabatAttractions.swift, DarvazaAttractions.swift, KunyaUrgenchAttractions.swift, MaryAttractions.swift, YangykalaAttractions.swift, TurkmenistanPackage.swift, BukharaAttractions.swift, KhivaAttractions.swift, NukusAttractions.swift, SamarkandAttractions.swift, ShakhrisabzAttractions.swift, TashkentAttractions.swift, ZaaminAttractions.swift, UzbekistanPackage.swift, ChinaPackage.swift (in target 'TravelTap' from project 'TravelTap')

SwiftCompile normal x86_64 Compiling\ VancouverAttractions.swift,\ WhistlerAttractions.swift,\ WhitehorseAttractions.swift,\ WinnipegAttractions.swift,\ YellowknifeAttractions.swift,\ YohoAttractions.swift,\ BajaCaliforniaAttractions.swift,\ CancunAttractions.swift,\ CentralMexicoAttractions.swift,\ ChiapasAttractions.swift,\ GuadalajaraAttractions.swift,\ MexicoCityAttractions.swift,\ OaxacaAttractions.swift,\ PuertoVallartaAttractions.swift,\ SanMiguelAttractions.swift,\ YucatanAttractions.swift,\ MexicoPackage.swift,\ AlaskaAttractions.swift,\ AppalachiaAttractions.swift,\ ArizonaAttractions.swift,\ AtlantaAttractions.swift,\ BostonAttractions.swift,\ CaliforniaParksAttractions.swift,\ CharlestonAttractions.swift,\ ChicagoAttractions.swift /Users/erders/Documents/TravelTap/TravelTap/Data/Countries/NorthAmerica/Canada/Cities/VancouverAttractions.swift /Users/erders/Documents/TravelTap/TravelTap/Data/Countries/NorthAmerica/Canada/Cities/WhistlerAttractions.swift /Users/erders/Documents/TravelTap/TravelTap/Data/Countries/NorthAmerica/Canada/Cities/WhitehorseAttractions.swift /Users/erders/Documents/TravelTap/TravelTap/Data/Countries/NorthAmerica/Canada/Cities/WinnipegAttractions.swift /Users/erders/Documents/TravelTap/TravelTap/Data/Countries/NorthAmerica/Canada/Cities/YellowknifeAttractions.swift /Users/erders/Documents/TravelTap/TravelTap/Data/Countries/NorthAmerica/Canada/Cities/YohoAttractions.swift /Users/erders/Documents/TravelTap/TravelTap/Data/Countries/NorthAmerica/Mexico/Cities/BajaCaliforniaAttractions.swift /Users/erders/Documents/TravelTap/TravelTap/Data/Countries/NorthAmerica/Mexico/Cities/CancunAttractions.swift /Users/erders/Documents/TravelTap/TravelTap/Data/Countries/NorthAmerica/Mexico/Cities/CentralMexicoAttractions.swift /Users/erders/Documents/TravelTap/TravelTap/Data/Countries/NorthAmerica/Mexico/Cities/ChiapasAttractions.swift /Users/erders/Documents/TravelTap/TravelTap/Data/Countries/NorthAmerica/Mexico/Cities/GuadalajaraAttractions.swift /Users/erders/Documents/TravelTap/TravelTap/Data/Countries/NorthAmerica/Mexico/Cities/MexicoCityAttractions.swift /Users/erders/Documents/TravelTap/TravelTap/Data/Countries/NorthAmerica/Mexico/Cities/OaxacaAttractions.swift /Users/erders/Documents/TravelTap/TravelTap/Data/Countries/NorthAmerica/Mexico/Cities/PuertoVallartaAttractions.swift /Users/erders/Documents/TravelTap/TravelTap/Data/Countries/NorthAmerica/Mexico/Cities/SanMiguelAttractions.swift /Users/erders/Documents/TravelTap/TravelTap/Data/Countries/NorthAmerica/Mexico/Cities/YucatanAttractions.swift /Users/erders/Documents/TravelTap/TravelTap/Data/Countries/NorthAmerica/Mexico/MexicoPackage.swift /Users/erders/Documents/TravelTap/TravelTap/Data/Countries/NorthAmerica/USA/Cities/AlaskaAttractions.swift /Users/erders/Documents/TravelTap/TravelTap/Data/Countries/NorthAmerica/USA/Cities/AppalachiaAttractions.swift /Users/erders/Documents/TravelTap/TravelTap/Data/Countries/NorthAmerica/USA/Cities/ArizonaAttractions.swift /Users/erders/Documents/TravelTap/TravelTap/Data/Countries/NorthAmerica/USA/Cities/AtlantaAttractions.swift /Users/erders/Documents/TravelTap/TravelTap/Data/Countries/NorthAmerica/USA/Cities/BostonAttractions.swift /Users/erders/Documents/TravelTap/TravelTap/Data/Countries/NorthAmerica/USA/Cities/CaliforniaParksAttractions.swift /Users/erders/Documents/TravelTap/TravelTap/Data/Countries/NorthAmerica/USA/Cities/CharlestonAttractions.swift /Users/erders/Documents/TravelTap/TravelTap/Data/Countries/NorthAmerica/USA/Cities/ChicagoAttractions.swift (in target 'TravelTap' from project 'TravelTap')
SwiftCompile normal x86_64 /Users/erders/Documents/TravelTap/TravelTap/Data/Countries/NorthAmerica/Canada/Cities/VancouverAttractions.swift (in target 'TravelTap' from project 'TravelTap')
    cd /Users/erders/Documents/TravelTap
    

SwiftCompile normal x86_64 /Users/erders/Documents/TravelTap/TravelTap/Data/Countries/NorthAmerica/Canada/Cities/WhistlerAttractions.swift (in target 'TravelTap' from project 'TravelTap')
    cd /Users/erders/Documents/TravelTap
    

SwiftCompile normal x86_64 /Users/erders/Documents/TravelTap/TravelTap/Data/Countries/NorthAmerica/Canada/Cities/WhitehorseAttractions.swift (in target 'TravelTap' from project 'TravelTap')
    cd /Users/erders/Documents/TravelTap
    

SwiftCompile normal x86_64 /Users/erders/Documents/TravelTap/TravelTap/Data/Countries/NorthAmerica/Canada/Cities/WinnipegAttractions.swift (in target 'TravelTap' from project 'TravelTap')
    cd /Users/erders/Documents/TravelTap
    

SwiftCompile normal x86_64 /Users/erders/Documents/TravelTap/TravelTap/Data/Countries/NorthAmerica/Canada/Cities/YellowknifeAttractions.swift (in target 'TravelTap' from project 'TravelTap')
    cd /Users/erders/Documents/TravelTap
    

SwiftCompile normal x86_64 /Users/erders/Documents/TravelTap/TravelTap/Data/Countries/NorthAmerica/Canada/Cities/YohoAttractions.swift (in target 'TravelTap' from project 'TravelTap')
    cd /Users/erders/Documents/TravelTap
    

SwiftCompile normal x86_64 /Users/erders/Documents/TravelTap/TravelTap/Data/Countries/NorthAmerica/Mexico/Cities/BajaCaliforniaAttractions.swift (in target 'TravelTap' from project 'TravelTap')
    cd /Users/erders/Documents/TravelTap
    

SwiftCompile normal x86_64 /Users/erders/Documents/TravelTap/TravelTap/Data/Countries/NorthAmerica/Mexico/Cities/CancunAttractions.swift (in target 'TravelTap' from project 'TravelTap')
    cd /Users/erders/Documents/TravelTap
    

SwiftCompile normal x86_64 /Users/erders/Documents/TravelTap/TravelTap/Data/Countries/NorthAmerica/Mexico/Cities/CentralMexicoAttractions.swift (in target 'TravelTap' from project 'TravelTap')
    cd /Users/erders/Documents/TravelTap
    

SwiftCompile normal x86_64 /Users/erders/Documents/TravelTap/TravelTap/Data/Countries/NorthAmerica/Mexico/Cities/ChiapasAttractions.swift (in target 'TravelTap' from project 'TravelTap')
    cd /Users/erders/Documents/TravelTap
    

SwiftCompile normal x86_64 /Users/erders/Documents/TravelTap/TravelTap/Data/Countries/NorthAmerica/Mexico/Cities/GuadalajaraAttractions.swift (in target 'TravelTap' from project 'TravelTap')
    cd /Users/erders/Documents/TravelTap
    

SwiftCompile normal x86_64 /Users/erders/Documents/TravelTap/TravelTap/Data/Countries/NorthAmerica/Mexico/Cities/MexicoCityAttractions.swift (in target 'TravelTap' from project 'TravelTap')
    cd /Users/erders/Documents/TravelTap
    

SwiftCompile normal x86_64 /Users/erders/Documents/TravelTap/TravelTap/Data/Countries/NorthAmerica/Mexico/Cities/OaxacaAttractions.swift (in target 'TravelTap' from project 'TravelTap')
    cd /Users/erders/Documents/TravelTap
    

SwiftCompile normal x86_64 /Users/erders/Documents/TravelTap/TravelTap/Data/Countries/NorthAmerica/Mexico/Cities/PuertoVallartaAttractions.swift (in target 'TravelTap' from project 'TravelTap')
    cd /Users/erders/Documents/TravelTap
    

SwiftCompile normal x86_64 /Users/erders/Documents/TravelTap/TravelTap/Data/Countries/NorthAmerica/Mexico/Cities/SanMiguelAttractions.swift (in target 'TravelTap' from project 'TravelTap')
    cd /Users/erders/Documents/TravelTap
    

SwiftCompile normal x86_64 /Users/erders/Documents/TravelTap/TravelTap/Data/Countries/NorthAmerica/Mexico/Cities/YucatanAttractions.swift (in target 'TravelTap' from project 'TravelTap')
    cd /Users/erders/Documents/TravelTap
    

SwiftCompile normal x86_64 /Users/erders/Documents/TravelTap/TravelTap/Data/Countries/NorthAmerica/Mexico/MexicoPackage.swift (in target 'TravelTap' from project 'TravelTap')
    cd /Users/erders/Documents/TravelTap
    

SwiftCompile normal x86_64 /Users/erders/Documents/TravelTap/TravelTap/Data/Countries/NorthAmerica/USA/Cities/AlaskaAttractions.swift (in target 'TravelTap' from project 'TravelTap')
    cd /Users/erders/Documents/TravelTap
    

SwiftCompile normal x86_64 /Users/erders/Documents/TravelTap/TravelTap/Data/Countries/NorthAmerica/USA/Cities/AppalachiaAttractions.swift (in target 'TravelTap' from project 'TravelTap')
    cd /Users/erders/Documents/TravelTap
    

SwiftCompile normal x86_64 /Users/erders/Documents/TravelTap/TravelTap/Data/Countries/NorthAmerica/USA/Cities/ArizonaAttractions.swift (in target 'TravelTap' from project 'TravelTap')
    cd /Users/erders/Documents/TravelTap
    

SwiftCompile normal x86_64 /Users/erders/Documents/TravelTap/TravelTap/Data/Countries/NorthAmerica/USA/Cities/AtlantaAttractions.swift (in target 'TravelTap' from project 'TravelTap')
    cd /Users/erders/Documents/TravelTap
    

SwiftCompile normal x86_64 /Users/erders/Documents/TravelTap/TravelTap/Data/Countries/NorthAmerica/USA/Cities/BostonAttractions.swift (in target 'TravelTap' from project 'TravelTap')
    cd /Users/erders/Documents/TravelTap
    

SwiftCompile normal x86_64 /Users/erders/Documents/TravelTap/TravelTap/Data/Countries/NorthAmerica/USA/Cities/CaliforniaParksAttractions.swift (in target 'TravelTap' from project 'TravelTap')
    cd /Users/erders/Documents/TravelTap
    

SwiftCompile normal x86_64 /Users/erders/Documents/TravelTap/TravelTap/Data/Countries/NorthAmerica/USA/Cities/CharlestonAttractions.swift (in target 'TravelTap' from project 'TravelTap')
    cd /Users/erders/Documents/TravelTap
    

SwiftCompile normal x86_64 /Users/erders/Documents/TravelTap/TravelTap/Data/Countries/NorthAmerica/USA/Cities/ChicagoAttractions.swift (in target 'TravelTap' from project 'TravelTap')
    cd /Users/erders/Documents/TravelTap
    

SwiftDriverJobDiscovery normal arm64 Compiling SomaliaPackage.swift, EasternSouthSudanAttractions.swift, JubaCentralAttractions.swift, NationalParksWildernessAttractions.swift, WesternSouthSudanAttractions.swift, SouthSudanPackage.swift, DarEsSalaamCoastAttractions.swift, NorthernCircuitAttractions.swift, SouthernWesternCircuitsAttractions.swift, ZanzibarIslandsAttractions.swift, TanzaniaPackage.swift, CentralLakeVictoriaAttractions.swift, EasternJinjaAttractions.swift, KampalaEntebbeAttractions.swift, MurchisonNorthAttractions.swift, WesternUgandaAttractions.swift, UgandaPackage.swift, KaribaWesternAttractions.swift, LivingstoneVictoriaFallsAttractions.swift, LusakaCopperbeltAttractions.swift, MajorNationalParksAttractions.swift, NorthernWaterfallsAttractions.swift, ZambiaPackage.swift, BulawayoMatoboAttractions.swift, EasternHighlandsAttractions.swift (in target 'TravelTap' from project 'TravelTap')

SwiftCompile normal x86_64 Compiling\ ChiloeIslandAttractions.swift,\ ColchaguaValleyAttractions.swift,\ EasterIslandAttractions.swift,\ IquiqueAttractions.swift,\ LaSerenaElquiValleyAttractions.swift,\ PuconVillarricaAttractions.swift,\ PuertoNatalesAttractions.swift,\ PuertoVarasLakeDistrictAttractions.swift,\ PuntaArenasAttractions.swift,\ SanPedroDeAtacamaAttractions.swift,\ SantiagoAttractions.swift,\ TierraDelFuegoAttractions.swift,\ TorresDelPaineAttractions.swift,\ ValparaisoAttractions.swift,\ VinaDelMarAttractions.swift,\ AmazonLeticiaAttractions.swift,\ BaricharaAttractions.swift,\ BogotaAttractions.swift,\ CaliAttractions.swift,\ CapurganaSapzurroAttractions.swift,\ CartagenaAttractions.swift,\ CoffeeRegionAttractions.swift,\ MedellinAttractions.swift,\ NuquiPacificCoastAttractions.swift,\ PastoLasLajasAttractions.swift /Users/erders/Documents/TravelTap/TravelTap/Data/Countries/SouthAmerica/Chile/Cities/ChiloeIslandAttractions.swift /Users/erders/Documents/TravelTap/TravelTap/Data/Countries/SouthAmerica/Chile/Cities/ColchaguaValleyAttractions.swift /Users/erders/Documents/TravelTap/TravelTap/Data/Countries/SouthAmerica/Chile/Cities/EasterIslandAttractions.swift /Users/erders/Documents/TravelTap/TravelTap/Data/Countries/SouthAmerica/Chile/Cities/IquiqueAttractions.swift /Users/erders/Documents/TravelTap/TravelTap/Data/Countries/SouthAmerica/Chile/Cities/LaSerenaElquiValleyAttractions.swift /Users/erders/Documents/TravelTap/TravelTap/Data/Countries/SouthAmerica/Chile/Cities/PuconVillarricaAttractions.swift /Users/erders/Documents/TravelTap/TravelTap/Data/Countries/SouthAmerica/Chile/Cities/PuertoNatalesAttractions.swift /Users/erders/Documents/TravelTap/TravelTap/Data/Countries/SouthAmerica/Chile/Cities/PuertoVarasLakeDistrictAttractions.swift /Users/erders/Documents/TravelTap/TravelTap/Data/Countries/SouthAmerica/Chile/Cities/PuntaArenasAttractions.swift /Users/erders/Documents/TravelTap/TravelTap/Data/Countries/SouthAmerica/Chile/Cities/SanPedroDeAtacamaAttractions.swift /Users/erders/Documents/TravelTap/TravelTap/Data/Countries/SouthAmerica/Chile/Cities/SantiagoAttractions.swift /Users/erders/Documents/TravelTap/TravelTap/Data/Countries/SouthAmerica/Chile/Cities/TierraDelFuegoAttractions.swift /Users/erders/Documents/TravelTap/TravelTap/Data/Countries/SouthAmerica/Chile/Cities/TorresDelPaineAttractions.swift /Users/erders/Documents/TravelTap/TravelTap/Data/Countries/SouthAmerica/Chile/Cities/ValparaisoAttractions.swift /Users/erders/Documents/TravelTap/TravelTap/Data/Countries/SouthAmerica/Chile/Cities/VinaDelMarAttractions.swift /Users/erders/Documents/TravelTap/TravelTap/Data/Countries/SouthAmerica/Colombia/Cities/AmazonLeticiaAttractions.swift /Users/erders/Documents/TravelTap/TravelTap/Data/Countries/SouthAmerica/Colombia/Cities/BaricharaAttractions.swift /Users/erders/Documents/TravelTap/TravelTap/Data/Countries/SouthAmerica/Colombia/Cities/BogotaAttractions.swift /Users/erders/Documents/TravelTap/TravelTap/Data/Countries/SouthAmerica/Colombia/Cities/CaliAttractions.swift /Users/erders/Documents/TravelTap/TravelTap/Data/Countries/SouthAmerica/Colombia/Cities/CapurganaSapzurroAttractions.swift /Users/erders/Documents/TravelTap/TravelTap/Data/Countries/SouthAmerica/Colombia/Cities/CartagenaAttractions.swift /Users/erders/Documents/TravelTap/TravelTap/Data/Countries/SouthAmerica/Colombia/Cities/CoffeeRegionAttractions.swift /Users/erders/Documents/TravelTap/TravelTap/Data/Countries/SouthAmerica/Colombia/Cities/MedellinAttractions.swift /Users/erders/Documents/TravelTap/TravelTap/Data/Countries/SouthAmerica/Colombia/Cities/NuquiPacificCoastAttractions.swift /Users/erders/Documents/TravelTap/TravelTap/Data/Countries/SouthAmerica/Colombia/Cities/PastoLasLajasAttractions.swift (in target 'TravelTap' from project 'TravelTap')

SwiftCompile normal x86_64 /Users/erders/Documents/TravelTap/TravelTap/Data/Countries/SouthAmerica/Chile/Cities/ChiloeIslandAttractions.swift (in target 'TravelTap' from project 'TravelTap')
    cd /Users/erders/Documents/TravelTap
    

SwiftCompile normal x86_64 /Users/erders/Documents/TravelTap/TravelTap/Data/Countries/SouthAmerica/Chile/Cities/ColchaguaValleyAttractions.swift (in target 'TravelTap' from project 'TravelTap')
    cd /Users/erders/Documents/TravelTap
    

SwiftCompile normal x86_64 /Users/erders/Documents/TravelTap/TravelTap/Data/Countries/SouthAmerica/Chile/Cities/EasterIslandAttractions.swift (in target 'TravelTap' from project 'TravelTap')
    cd /Users/erders/Documents/TravelTap
    

SwiftCompile normal x86_64 /Users/erders/Documents/TravelTap/TravelTap/Data/Countries/SouthAmerica/Chile/Cities/IquiqueAttractions.swift (in target 'TravelTap' from project 'TravelTap')
    cd /Users/erders/Documents/TravelTap
    

SwiftCompile normal x86_64 /Users/erders/Documents/TravelTap/TravelTap/Data/Countries/SouthAmerica/Chile/Cities/LaSerenaElquiValleyAttractions.swift (in target 'TravelTap' from project 'TravelTap')
    cd /Users/erders/Documents/TravelTap
    

SwiftCompile normal x86_64 /Users/erders/Documents/TravelTap/TravelTap/Data/Countries/SouthAmerica/Chile/Cities/PuconVillarricaAttractions.swift (in target 'TravelTap' from project 'TravelTap')
    cd /Users/erders/Documents/TravelTap
    

SwiftCompile normal x86_64 /Users/erders/Documents/TravelTap/TravelTap/Data/Countries/SouthAmerica/Chile/Cities/PuertoNatalesAttractions.swift (in target 'TravelTap' from project 'TravelTap')
    cd /Users/erders/Documents/TravelTap
    

SwiftCompile normal x86_64 /Users/erders/Documents/TravelTap/TravelTap/Data/Countries/SouthAmerica/Chile/Cities/PuertoVarasLakeDistrictAttractions.swift (in target 'TravelTap' from project 'TravelTap')
    cd /Users/erders/Documents/TravelTap
    

SwiftCompile normal x86_64 /Users/erders/Documents/TravelTap/TravelTap/Data/Countries/SouthAmerica/Chile/Cities/PuntaArenasAttractions.swift (in target 'TravelTap' from project 'TravelTap')
    cd /Users/erders/Documents/TravelTap
    

SwiftCompile normal x86_64 /Users/erders/Documents/TravelTap/TravelTap/Data/Countries/SouthAmerica/Chile/Cities/SanPedroDeAtacamaAttractions.swift (in target 'TravelTap' from project 'TravelTap')
    cd /Users/erders/Documents/TravelTap
    

SwiftCompile normal x86_64 /Users/erders/Documents/TravelTap/TravelTap/Data/Countries/SouthAmerica/Chile/Cities/SantiagoAttractions.swift (in target 'TravelTap' from project 'TravelTap')
    cd /Users/erders/Documents/TravelTap
    

SwiftCompile normal x86_64 /Users/erders/Documents/TravelTap/TravelTap/Data/Countries/SouthAmerica/Chile/Cities/TierraDelFuegoAttractions.swift (in target 'TravelTap' from project 'TravelTap')
    cd /Users/erders/Documents/TravelTap
    

SwiftCompile normal x86_64 /Users/erders/Documents/TravelTap/TravelTap/Data/Countries/SouthAmerica/Chile/Cities/TorresDelPaineAttractions.swift (in target 'TravelTap' from project 'TravelTap')
    cd /Users/erders/Documents/TravelTap
    

SwiftCompile normal x86_64 /Users/erders/Documents/TravelTap/TravelTap/Data/Countries/SouthAmerica/Chile/Cities/ValparaisoAttractions.swift (in target 'TravelTap' from project 'TravelTap')
    cd /Users/erders/Documents/TravelTap
    

SwiftCompile normal x86_64 /Users/erders/Documents/TravelTap/TravelTap/Data/Countries/SouthAmerica/Chile/Cities/VinaDelMarAttractions.swift (in target 'TravelTap' from project 'TravelTap')
    cd /Users/erders/Documents/TravelTap
    

SwiftCompile normal x86_64 /Users/erders/Documents/TravelTap/TravelTap/Data/Countries/SouthAmerica/Colombia/Cities/AmazonLeticiaAttractions.swift (in target 'TravelTap' from project 'TravelTap')
    cd /Users/erders/Documents/TravelTap
    

SwiftCompile normal x86_64 /Users/erders/Documents/TravelTap/TravelTap/Data/Countries/SouthAmerica/Colombia/Cities/BaricharaAttractions.swift (in target 'TravelTap' from project 'TravelTap')
    cd /Users/erders/Documents/TravelTap
    

SwiftCompile normal x86_64 /Users/erders/Documents/TravelTap/TravelTap/Data/Countries/SouthAmerica/Colombia/Cities/BogotaAttractions.swift (in target 'TravelTap' from project 'TravelTap')
    cd /Users/erders/Documents/TravelTap
    

SwiftCompile normal x86_64 /Users/erders/Documents/TravelTap/TravelTap/Data/Countries/SouthAmerica/Colombia/Cities/CaliAttractions.swift (in target 'TravelTap' from project 'TravelTap')
    cd /Users/erders/Documents/TravelTap
    

SwiftCompile normal x86_64 /Users/erders/Documents/TravelTap/TravelTap/Data/Countries/SouthAmerica/Colombia/Cities/CapurganaSapzurroAttractions.swift (in target 'TravelTap' from project 'TravelTap')
    cd /Users/erders/Documents/TravelTap
    

SwiftCompile normal x86_64 /Users/erders/Documents/TravelTap/TravelTap/Data/Countries/SouthAmerica/Colombia/Cities/CartagenaAttractions.swift (in target 'TravelTap' from project 'TravelTap')
    cd /Users/erders/Documents/TravelTap
    

SwiftCompile normal x86_64 /Users/erders/Documents/TravelTap/TravelTap/Data/Countries/SouthAmerica/Colombia/Cities/CoffeeRegionAttractions.swift (in target 'TravelTap' from project 'TravelTap')
    cd /Users/erders/Documents/TravelTap
    

SwiftCompile normal x86_64 /Users/erders/Documents/TravelTap/TravelTap/Data/Countries/SouthAmerica/Colombia/Cities/MedellinAttractions.swift (in target 'TravelTap' from project 'TravelTap')
    cd /Users/erders/Documents/TravelTap
    

SwiftCompile normal x86_64 /Users/erders/Documents/TravelTap/TravelTap/Data/Countries/SouthAmerica/Colombia/Cities/NuquiPacificCoastAttractions.swift (in target 'TravelTap' from project 'TravelTap')
    cd /Users/erders/Documents/TravelTap
    

SwiftCompile normal x86_64 /Users/erders/Documents/TravelTap/TravelTap/Data/Countries/SouthAmerica/Colombia/Cities/PastoLasLajasAttractions.swift (in target 'TravelTap' from project 'TravelTap')
    cd /Users/erders/Documents/TravelTap
    

SwiftDriverJobDiscovery normal arm64 Compiling LahoreAttractions.swift, SkarduAttractions.swift, SwatAttractions.swift, PakistanPackage.swift, ColomboAttractions.swift, KandyAttractions.swift, SriLankaPackage.swift, BruneiPackage.swift, BandarSeriBegawanAttractions.swift, BelaitAttractions.swift, TemburongAttractions.swift, TutongAttractions.swift, CambodiaPackage.swift, BattambangAttractions.swift, KampotAttractions.swift, KepAttractions.swift, KratieAttractions.swift, MondulkiriAttractions.swift, PhnomPenhAttractions.swift, RatanakiriAttractions.swift, SiemReapAttractions.swift, SihanoukvilleAttractions.swift, KomodoAttractions.swift, LombokAttractions.swift, RajaAmpatAttractions.swift (in target 'TravelTap' from project 'TravelTap')

SwiftCompile normal x86_64 Compiling\ PortoNovoEastAttractions.swift,\ BurkinaFasoPackage.swift,\ BoboDioulassoWestAttractions.swift,\ NorthEastParksAttractions.swift,\ OuagadougouCentralAttractions.swift,\ SouthernParksAttractions.swift,\ CapeVerdePackage.swift,\ FogoBravaAttractions.swift,\ SalBoaVistaAttractions.swift,\ SantiagoMaioAttractions.swift,\ SaoVicenteSantoAntaoAttractions.swift,\ AbidjanSouthAttractions.swift,\ CIParksNorthAttractions.swift,\ CoastalBeachesAttractions.swift,\ ManWestAttractions.swift,\ CotedIvoirePackage.swift,\ BanjulCoastalAttractions.swift,\ GambiaBeachesAttractions.swift,\ GambiaNatureAttractions.swift,\ UpriverHistoricAttractions.swift,\ GambiaPackage.swift,\ AccraGreaterAttractions.swift,\ AshantiNorthAttractions.swift,\ CapeCoastCentralAttractions.swift,\ VoltaWesternAttractions.swift /Users/erders/Documents/TravelTap/TravelTap/Data/Countries/Africa/WestAfrica/Benin/Cities/PortoNovoEastAttractions.swift /Users/erders/Documents/TravelTap/TravelTap/Data/Countries/Africa/WestAfrica/BurkinaFaso/BurkinaFasoPackage.swift /Users/erders/Documents/TravelTap/TravelTap/Data/Countries/Africa/WestAfrica/BurkinaFaso/Cities/BoboDioulassoWestAttractions.swift /Users/erders/Documents/TravelTap/TravelTap/Data/Countries/Africa/WestAfrica/BurkinaFaso/Cities/NorthEastParksAttractions.swift /Users/erders/Documents/TravelTap/TravelTap/Data/Countries/Africa/WestAfrica/BurkinaFaso/Cities/OuagadougouCentralAttractions.swift /Users/erders/Documents/TravelTap/TravelTap/Data/Countries/Africa/WestAfrica/BurkinaFaso/Cities/SouthernParksAttractions.swift /Users/erders/Documents/TravelTap/TravelTap/Data/Countries/Africa/WestAfrica/CapeVerde/CapeVerdePackage.swift /Users/erders/Documents/TravelTap/TravelTap/Data/Countries/Africa/WestAfrica/CapeVerde/Cities/FogoBravaAttractions.swift /Users/erders/Documents/TravelTap/TravelTap/Data/Countries/Africa/WestAfrica/CapeVerde/Cities/SalBoaVistaAttractions.swift /Users/erders/Documents/TravelTap/TravelTap/Data/Countries/Africa/WestAfrica/CapeVerde/Cities/SantiagoMaioAttractions.swift /Users/erders/Documents/TravelTap/TravelTap/Data/Countries/Africa/WestAfrica/CapeVerde/Cities/SaoVicenteSantoAntaoAttractions.swift /Users/erders/Documents/TravelTap/TravelTap/Data/Countries/Africa/WestAfrica/CotedIvoire/Cities/AbidjanSouthAttractions.swift /Users/erders/Documents/TravelTap/TravelTap/Data/Countries/Africa/WestAfrica/CotedIvoire/Cities/CIParksNorthAttractions.swift /Users/erders/Documents/TravelTap/TravelTap/Data/Countries/Africa/WestAfrica/CotedIvoire/Cities/CoastalBeachesAttractions.swift /Users/erders/Documents/TravelTap/TravelTap/Data/Countries/Africa/WestAfrica/CotedIvoire/Cities/ManWestAttractions.swift /Users/erders/Documents/TravelTap/TravelTap/Data/Countries/Africa/WestAfrica/CotedIvoire/CotedIvoirePackage.swift /Users/erders/Documents/TravelTap/TravelTap/Data/Countries/Africa/WestAfrica/Gambia/Cities/BanjulCoastalAttractions.swift /Users/erders/Documents/TravelTap/TravelTap/Data/Countries/Africa/WestAfrica/Gambia/Cities/GambiaBeachesAttractions.swift /Users/erders/Documents/TravelTap/TravelTap/Data/Countries/Africa/WestAfrica/Gambia/Cities/GambiaNatureAttractions.swift /Users/erders/Documents/TravelTap/TravelTap/Data/Countries/Africa/WestAfrica/Gambia/Cities/UpriverHistoricAttractions.swift /Users/erders/Documents/TravelTap/TravelTap/Data/Countries/Africa/WestAfrica/Gambia/GambiaPackage.swift /Users/erders/Documents/TravelTap/TravelTap/Data/Countries/Africa/WestAfrica/Ghana/Cities/AccraGreaterAttractions.swift /Users/erders/Documents/TravelTap/TravelTap/Data/Countries/Africa/WestAfrica/Ghana/Cities/AshantiNorthAttractions.swift /Users/erders/Documents/TravelTap/TravelTap/Data/Countries/Africa/WestAfrica/Ghana/Cities/CapeCoastCentralAttractions.swift /Users/erders/Documents/TravelTap/TravelTap/Data/Countries/Africa/WestAfrica/Ghana/Cities/VoltaWesternAttractions.swift (in target 'TravelTap' from project 'TravelTap')

SwiftCompile normal x86_64 /Users/erders/Documents/TravelTap/TravelTap/Data/Countries/Africa/WestAfrica/Benin/Cities/PortoNovoEastAttractions.swift (in target 'TravelTap' from project 'TravelTap')
    cd /Users/erders/Documents/TravelTap
    

SwiftCompile normal x86_64 /Users/erders/Documents/TravelTap/TravelTap/Data/Countries/Africa/WestAfrica/BurkinaFaso/BurkinaFasoPackage.swift (in target 'TravelTap' from project 'TravelTap')
    cd /Users/erders/Documents/TravelTap
    

SwiftCompile normal x86_64 /Users/erders/Documents/TravelTap/TravelTap/Data/Countries/Africa/WestAfrica/BurkinaFaso/Cities/BoboDioulassoWestAttractions.swift (in target 'TravelTap' from project 'TravelTap')
    cd /Users/erders/Documents/TravelTap
    

SwiftCompile normal x86_64 /Users/erders/Documents/TravelTap/TravelTap/Data/Countries/Africa/WestAfrica/BurkinaFaso/Cities/NorthEastParksAttractions.swift (in target 'TravelTap' from project 'TravelTap')
    cd /Users/erders/Documents/TravelTap
    

SwiftCompile normal x86_64 /Users/erders/Documents/TravelTap/TravelTap/Data/Countries/Africa/WestAfrica/BurkinaFaso/Cities/OuagadougouCentralAttractions.swift (in target 'TravelTap' from project 'TravelTap')
    cd /Users/erders/Documents/TravelTap
    

SwiftCompile normal x86_64 /Users/erders/Documents/TravelTap/TravelTap/Data/Countries/Africa/WestAfrica/BurkinaFaso/Cities/SouthernParksAttractions.swift (in target 'TravelTap' from project 'TravelTap')
    cd /Users/erders/Documents/TravelTap
    

SwiftCompile normal x86_64 /Users/erders/Documents/TravelTap/TravelTap/Data/Countries/Africa/WestAfrica/CapeVerde/CapeVerdePackage.swift (in target 'TravelTap' from project 'TravelTap')
    cd /Users/erders/Documents/TravelTap
    

SwiftCompile normal x86_64 /Users/erders/Documents/TravelTap/TravelTap/Data/Countries/Africa/WestAfrica/CapeVerde/Cities/FogoBravaAttractions.swift (in target 'TravelTap' from project 'TravelTap')
    cd /Users/erders/Documents/TravelTap
    

SwiftCompile normal x86_64 /Users/erders/Documents/TravelTap/TravelTap/Data/Countries/Africa/WestAfrica/CapeVerde/Cities/SalBoaVistaAttractions.swift (in target 'TravelTap' from project 'TravelTap')
    cd /Users/erders/Documents/TravelTap
    

SwiftCompile normal x86_64 /Users/erders/Documents/TravelTap/TravelTap/Data/Countries/Africa/WestAfrica/CapeVerde/Cities/SantiagoMaioAttractions.swift (in target 'TravelTap' from project 'TravelTap')
    cd /Users/erders/Documents/TravelTap
    

SwiftCompile normal x86_64 /Users/erders/Documents/TravelTap/TravelTap/Data/Countries/Africa/WestAfrica/CapeVerde/Cities/SaoVicenteSantoAntaoAttractions.swift (in target 'TravelTap' from project 'TravelTap')
    cd /Users/erders/Documents/TravelTap
    

SwiftCompile normal x86_64 /Users/erders/Documents/TravelTap/TravelTap/Data/Countries/Africa/WestAfrica/CotedIvoire/Cities/AbidjanSouthAttractions.swift (in target 'TravelTap' from project 'TravelTap')
    cd /Users/erders/Documents/TravelTap
    

SwiftCompile normal x86_64 /Users/erders/Documents/TravelTap/TravelTap/Data/Countries/Africa/WestAfrica/CotedIvoire/Cities/CIParksNorthAttractions.swift (in target 'TravelTap' from project 'TravelTap')
    cd /Users/erders/Documents/TravelTap
    

SwiftCompile normal x86_64 /Users/erders/Documents/TravelTap/TravelTap/Data/Countries/Africa/WestAfrica/CotedIvoire/Cities/CoastalBeachesAttractions.swift (in target 'TravelTap' from project 'TravelTap')
    cd /Users/erders/Documents/TravelTap
    

SwiftCompile normal x86_64 /Users/erders/Documents/TravelTap/TravelTap/Data/Countries/Africa/WestAfrica/CotedIvoire/Cities/ManWestAttractions.swift (in target 'TravelTap' from project 'TravelTap')
    cd /Users/erders/Documents/TravelTap
    

SwiftCompile normal x86_64 /Users/erders/Documents/TravelTap/TravelTap/Data/Countries/Africa/WestAfrica/CotedIvoire/CotedIvoirePackage.swift (in target 'TravelTap' from project 'TravelTap')
    cd /Users/erders/Documents/TravelTap
    

SwiftCompile normal x86_64 /Users/erders/Documents/TravelTap/TravelTap/Data/Countries/Africa/WestAfrica/Gambia/Cities/BanjulCoastalAttractions.swift (in target 'TravelTap' from project 'TravelTap')
    cd /Users/erders/Documents/TravelTap
    

SwiftCompile normal x86_64 /Users/erders/Documents/TravelTap/TravelTap/Data/Countries/Africa/WestAfrica/Gambia/Cities/GambiaBeachesAttractions.swift (in target 'TravelTap' from project 'TravelTap')
    cd /Users/erders/Documents/TravelTap
    

SwiftCompile normal x86_64 /Users/erders/Documents/TravelTap/TravelTap/Data/Countries/Africa/WestAfrica/Gambia/Cities/GambiaNatureAttractions.swift (in target 'TravelTap' from project 'TravelTap')
    cd /Users/erders/Documents/TravelTap
    

SwiftCompile normal x86_64 /Users/erders/Documents/TravelTap/TravelTap/Data/Countries/Africa/WestAfrica/Gambia/Cities/UpriverHistoricAttractions.swift (in target 'TravelTap' from project 'TravelTap')
    cd /Users/erders/Documents/TravelTap
    

SwiftCompile normal x86_64 /Users/erders/Documents/TravelTap/TravelTap/Data/Countries/Africa/WestAfrica/Gambia/GambiaPackage.swift (in target 'TravelTap' from project 'TravelTap')
    cd /Users/erders/Documents/TravelTap
    

SwiftCompile normal x86_64 /Users/erders/Documents/TravelTap/TravelTap/Data/Countries/Africa/WestAfrica/Ghana/Cities/AccraGreaterAttractions.swift (in target 'TravelTap' from project 'TravelTap')
    cd /Users/erders/Documents/TravelTap
    

SwiftCompile normal x86_64 /Users/erders/Documents/TravelTap/TravelTap/Data/Countries/Africa/WestAfrica/Ghana/Cities/AshantiNorthAttractions.swift (in target 'TravelTap' from project 'TravelTap')
    cd /Users/erders/Documents/TravelTap
    

SwiftCompile normal x86_64 /Users/erders/Documents/TravelTap/TravelTap/Data/Countries/Africa/WestAfrica/Ghana/Cities/CapeCoastCentralAttractions.swift (in target 'TravelTap' from project 'TravelTap')
    cd /Users/erders/Documents/TravelTap
    

SwiftCompile normal x86_64 /Users/erders/Documents/TravelTap/TravelTap/Data/Countries/Africa/WestAfrica/Ghana/Cities/VoltaWesternAttractions.swift (in target 'TravelTap' from project 'TravelTap')
    cd /Users/erders/Documents/TravelTap
    

SwiftDriverJobDiscovery normal arm64 Compiling TelAvivAttractions.swift, IsraelPackage.swift, AmmanAttractions.swift, PetraAttractions.swift, JordanPackage.swift, KuwaitCityAttractions.swift, KuwaitPackage.swift, BeirutAttractions.swift, LebanonPackage.swift, MuscatAttractions.swift, OmanPackage.swift, DohaAttractions.swift, QatarPackage.swift, JeddahAttractions.swift, RiyadhAttractions.swift, SaudiArabiaPackage.swift, DamascusAttractions.swift, SyriaPackage.swift, AbuDhabiAttractions.swift, DubaiAttractions.swift, UAEPackage.swift, BangladeshPackage.swift, BandarbanAttractions.swift, ChittagongAttractions.swift, CoxsBazarAttractions.swift (in target 'TravelTap' from project 'TravelTap')

SwiftCompile normal x86_64 Compiling\ UlaanbaatarAttractions.swift,\ MongoliaPackage.swift,\ BusanAttractions.swift,\ GyeongjuAttractions.swift,\ IncheonAttractions.swift,\ JejuAttractions.swift,\ SeoulAttractions.swift,\ SouthKoreaPackage.swift,\ HualienAttractions.swift,\ KaohsiungAttractions.swift,\ NantouAttractions.swift,\ TaichungAttractions.swift,\ TainanAttractions.swift,\ TaipeiAttractions.swift,\ TaiwanPackage.swift,\ BahrainPackage.swift,\ ManamaAttractions.swift,\ IsfahanAttractions.swift,\ ShirazAttractions.swift,\ TehranAttractions.swift,\ IranPackage.swift,\ BaghdadAttractions.swift,\ ErbilAttractions.swift,\ IraqPackage.swift,\ HaifaAttractions.swift /Users/erders/Documents/TravelTap/TravelTap/Data/Countries/Asia/EastAsia/Mongolia/Cities/UlaanbaatarAttractions.swift /Users/erders/Documents/TravelTap/TravelTap/Data/Countries/Asia/EastAsia/Mongolia/MongoliaPackage.swift /Users/erders/Documents/TravelTap/TravelTap/Data/Countries/Asia/EastAsia/SouthKorea/Cities/BusanAttractions.swift /Users/erders/Documents/TravelTap/TravelTap/Data/Countries/Asia/EastAsia/SouthKorea/Cities/GyeongjuAttractions.swift /Users/erders/Documents/TravelTap/TravelTap/Data/Countries/Asia/EastAsia/SouthKorea/Cities/IncheonAttractions.swift /Users/erders/Documents/TravelTap/TravelTap/Data/Countries/Asia/EastAsia/SouthKorea/Cities/JejuAttractions.swift /Users/erders/Documents/TravelTap/TravelTap/Data/Countries/Asia/EastAsia/SouthKorea/Cities/SeoulAttractions.swift /Users/erders/Documents/TravelTap/TravelTap/Data/Countries/Asia/EastAsia/SouthKorea/SouthKoreaPackage.swift /Users/erders/Documents/TravelTap/TravelTap/Data/Countries/Asia/EastAsia/Taiwan/Cities/HualienAttractions.swift /Users/erders/Documents/TravelTap/TravelTap/Data/Countries/Asia/EastAsia/Taiwan/Cities/KaohsiungAttractions.swift /Users/erders/Documents/TravelTap/TravelTap/Data/Countries/Asia/EastAsia/Taiwan/Cities/NantouAttractions.swift /Users/erders/Documents/TravelTap/TravelTap/Data/Countries/Asia/EastAsia/Taiwan/Cities/TaichungAttractions.swift /Users/erders/Documents/TravelTap/TravelTap/Data/Countries/Asia/EastAsia/Taiwan/Cities/TainanAttractions.swift /Users/erders/Documents/TravelTap/TravelTap/Data/Countries/Asia/EastAsia/Taiwan/Cities/TaipeiAttractions.swift /Users/erders/Documents/TravelTap/TravelTap/Data/Countries/Asia/EastAsia/Taiwan/TaiwanPackage.swift /Users/erders/Documents/TravelTap/TravelTap/Data/Countries/Asia/MiddleEast/Bahrain/BahrainPackage.swift /Users/erders/Documents/TravelTap/TravelTap/Data/Countries/Asia/MiddleEast/Bahrain/Cities/ManamaAttractions.swift /Users/erders/Documents/TravelTap/TravelTap/Data/Countries/Asia/MiddleEast/Iran/Cities/IsfahanAttractions.swift /Users/erders/Documents/TravelTap/TravelTap/Data/Countries/Asia/MiddleEast/Iran/Cities/ShirazAttractions.swift /Users/erders/Documents/TravelTap/TravelTap/Data/Countries/Asia/MiddleEast/Iran/Cities/TehranAttractions.swift /Users/erders/Documents/TravelTap/TravelTap/Data/Countries/Asia/MiddleEast/Iran/IranPackage.swift /Users/erders/Documents/TravelTap/TravelTap/Data/Countries/Asia/MiddleEast/Iraq/Cities/BaghdadAttractions.swift /Users/erders/Documents/TravelTap/TravelTap/Data/Countries/Asia/MiddleEast/Iraq/Cities/ErbilAttractions.swift /Users/erders/Documents/TravelTap/TravelTap/Data/Countries/Asia/MiddleEast/Iraq/IraqPackage.swift /Users/erders/Documents/TravelTap/TravelTap/Data/Countries/Asia/MiddleEast/Israel/Cities/HaifaAttractions.swift (in target 'TravelTap' from project 'TravelTap')

SwiftCompile normal x86_64 /Users/erders/Documents/TravelTap/TravelTap/Data/Countries/Asia/EastAsia/Mongolia/Cities/UlaanbaatarAttractions.swift (in target 'TravelTap' from project 'TravelTap')
    cd /Users/erders/Documents/TravelTap
    

SwiftCompile normal x86_64 /Users/erders/Documents/TravelTap/TravelTap/Data/Countries/Asia/EastAsia/Mongolia/MongoliaPackage.swift (in target 'TravelTap' from project 'TravelTap')
    cd /Users/erders/Documents/TravelTap
    

SwiftCompile normal x86_64 /Users/erders/Documents/TravelTap/TravelTap/Data/Countries/Asia/EastAsia/SouthKorea/Cities/BusanAttractions.swift (in target 'TravelTap' from project 'TravelTap')
    cd /Users/erders/Documents/TravelTap
    

SwiftCompile normal x86_64 /Users/erders/Documents/TravelTap/TravelTap/Data/Countries/Asia/EastAsia/SouthKorea/Cities/GyeongjuAttractions.swift (in target 'TravelTap' from project 'TravelTap')
    cd /Users/erders/Documents/TravelTap
    

SwiftCompile normal x86_64 /Users/erders/Documents/TravelTap/TravelTap/Data/Countries/Asia/EastAsia/SouthKorea/Cities/IncheonAttractions.swift (in target 'TravelTap' from project 'TravelTap')
    cd /Users/erders/Documents/TravelTap
    

SwiftCompile normal x86_64 /Users/erders/Documents/TravelTap/TravelTap/Data/Countries/Asia/EastAsia/SouthKorea/Cities/JejuAttractions.swift (in target 'TravelTap' from project 'TravelTap')
    cd /Users/erders/Documents/TravelTap
    

SwiftCompile normal x86_64 /Users/erders/Documents/TravelTap/TravelTap/Data/Countries/Asia/EastAsia/SouthKorea/Cities/SeoulAttractions.swift (in target 'TravelTap' from project 'TravelTap')
    cd /Users/erders/Documents/TravelTap
    

SwiftCompile normal x86_64 /Users/erders/Documents/TravelTap/TravelTap/Data/Countries/Asia/EastAsia/SouthKorea/SouthKoreaPackage.swift (in target 'TravelTap' from project 'TravelTap')
    cd /Users/erders/Documents/TravelTap
    

SwiftCompile normal x86_64 /Users/erders/Documents/TravelTap/TravelTap/Data/Countries/Asia/EastAsia/Taiwan/Cities/HualienAttractions.swift (in target 'TravelTap' from project 'TravelTap')
    cd /Users/erders/Documents/TravelTap
    

SwiftCompile normal x86_64 /Users/erders/Documents/TravelTap/TravelTap/Data/Countries/Asia/EastAsia/Taiwan/Cities/KaohsiungAttractions.swift (in target 'TravelTap' from project 'TravelTap')
    cd /Users/erders/Documents/TravelTap
    

SwiftCompile normal x86_64 /Users/erders/Documents/TravelTap/TravelTap/Data/Countries/Asia/EastAsia/Taiwan/Cities/NantouAttractions.swift (in target 'TravelTap' from project 'TravelTap')
    cd /Users/erders/Documents/TravelTap
    

SwiftCompile normal x86_64 /Users/erders/Documents/TravelTap/TravelTap/Data/Countries/Asia/EastAsia/Taiwan/Cities/TaichungAttractions.swift (in target 'TravelTap' from project 'TravelTap')
    cd /Users/erders/Documents/TravelTap
    

SwiftCompile normal x86_64 /Users/erders/Documents/TravelTap/TravelTap/Data/Countries/Asia/EastAsia/Taiwan/Cities/TainanAttractions.swift (in target 'TravelTap' from project 'TravelTap')
    cd /Users/erders/Documents/TravelTap
    

SwiftCompile normal x86_64 /Users/erders/Documents/TravelTap/TravelTap/Data/Countries/Asia/EastAsia/Taiwan/Cities/TaipeiAttractions.swift (in target 'TravelTap' from project 'TravelTap')
    cd /Users/erders/Documents/TravelTap
    

SwiftCompile normal x86_64 /Users/erders/Documents/TravelTap/TravelTap/Data/Countries/Asia/EastAsia/Taiwan/TaiwanPackage.swift (in target 'TravelTap' from project 'TravelTap')
    cd /Users/erders/Documents/TravelTap
    

SwiftCompile normal x86_64 /Users/erders/Documents/TravelTap/TravelTap/Data/Countries/Asia/MiddleEast/Bahrain/BahrainPackage.swift (in target 'TravelTap' from project 'TravelTap')
    cd /Users/erders/Documents/TravelTap
    

SwiftCompile normal x86_64 /Users/erders/Documents/TravelTap/TravelTap/Data/Countries/Asia/MiddleEast/Bahrain/Cities/ManamaAttractions.swift (in target 'TravelTap' from project 'TravelTap')
    cd /Users/erders/Documents/TravelTap
    

SwiftCompile normal x86_64 /Users/erders/Documents/TravelTap/TravelTap/Data/Countries/Asia/MiddleEast/Iran/Cities/IsfahanAttractions.swift (in target 'TravelTap' from project 'TravelTap')
    cd /Users/erders/Documents/TravelTap
    

SwiftCompile normal x86_64 /Users/erders/Documents/TravelTap/TravelTap/Data/Countries/Asia/MiddleEast/Iran/Cities/ShirazAttractions.swift (in target 'TravelTap' from project 'TravelTap')
    cd /Users/erders/Documents/TravelTap
    

SwiftCompile normal x86_64 /Users/erders/Documents/TravelTap/TravelTap/Data/Countries/Asia/MiddleEast/Iran/Cities/TehranAttractions.swift (in target 'TravelTap' from project 'TravelTap')
    cd /Users/erders/Documents/TravelTap
    

SwiftCompile normal x86_64 /Users/erders/Documents/TravelTap/TravelTap/Data/Countries/Asia/MiddleEast/Iran/IranPackage.swift (in target 'TravelTap' from project 'TravelTap')
    cd /Users/erders/Documents/TravelTap
    

SwiftCompile normal x86_64 /Users/erders/Documents/TravelTap/TravelTap/Data/Countries/Asia/MiddleEast/Iraq/Cities/BaghdadAttractions.swift (in target 'TravelTap' from project 'TravelTap')
    cd /Users/erders/Documents/TravelTap
    

SwiftCompile normal x86_64 /Users/erders/Documents/TravelTap/TravelTap/Data/Countries/Asia/MiddleEast/Iraq/Cities/ErbilAttractions.swift (in target 'TravelTap' from project 'TravelTap')
    cd /Users/erders/Documents/TravelTap
    

SwiftCompile normal x86_64 /Users/erders/Documents/TravelTap/TravelTap/Data/Countries/Asia/MiddleEast/Iraq/IraqPackage.swift (in target 'TravelTap' from project 'TravelTap')
    cd /Users/erders/Documents/TravelTap
    

SwiftCompile normal x86_64 /Users/erders/Documents/TravelTap/TravelTap/Data/Countries/Asia/MiddleEast/Israel/Cities/HaifaAttractions.swift (in target 'TravelTap' from project 'TravelTap')
    cd /Users/erders/Documents/TravelTap
    

SwiftDriverJobDiscovery normal arm64 Compiling StubaitalAttractions.swift, OtztalAttractions.swift, GrossglocknerAttractions.swift, EisenstadtAttractions.swift, NeusiedlerSeeAttractions.swift, CarinthianLakesAttractions.swift, TyrolAttractionsAttractions.swift, GrazAttractions.swift, HallstattAttractions.swift, InnsbruckAttractions.swift, SalzburgAttractions.swift, ViennaAttractions.swift, BelarusPackage.swift, BrestAttractions.swift, GrodnoAttractions.swift, MinskAttractions.swift, NesvizhAttractions.swift, BelgiumPackage.swift, AntwerpAttractions.swift, BrugesAttractions.swift, BrusselsAttractions.swift, GhentAttractions.swift, LiegeAttractions.swift, BosniaPackage.swift, BlagajAttractions.swift (in target 'TravelTap' from project 'TravelTap')

SwiftCompile normal x86_64 Compiling\ KhovsgolAttractions.swift,\ WesternMongoliaAttractions.swift,\ NorthernMongoliaAttractions.swift,\ TereljAttractions.swift,\ GobiAttractions.swift,\ MongoliaExperiencesAttractions.swift,\ JaffnaAttractions.swift,\ AdamsPeakAttractions.swift,\ NuwaraEliyaAttractions.swift,\ YalaAttractions.swift,\ MihintaleAttractions.swift,\ ArugamBayAttractions.swift,\ TrincomaleeAttractions.swift,\ PolonnaruwaAttractions.swift,\ MirissaAttractions.swift,\ KitulgalaAttractions.swift,\ GalleAttractions.swift,\ HikkaduwaAttractions.swift,\ YapahuwaAttractions.swift,\ EllaAttractions.swift,\ BatticaloaAttractions.swift,\ AnuradhapuraAttractions.swift,\ PinnawalaAttractions.swift,\ SigiriyaAttractions.swift,\ RatnapuraAttractions.swift /Users/erders/Documents/TravelTap/TravelTap/Data/Countries/Asia/EastAsia/Mongolia/Cities/KhovsgolAttractions.swift /Users/erders/Documents/TravelTap/TravelTap/Data/Countries/Asia/EastAsia/Mongolia/Cities/WesternMongoliaAttractions.swift /Users/erders/Documents/TravelTap/TravelTap/Data/Countries/Asia/EastAsia/Mongolia/Cities/NorthernMongoliaAttractions.swift /Users/erders/Documents/TravelTap/TravelTap/Data/Countries/Asia/EastAsia/Mongolia/Cities/TereljAttractions.swift /Users/erders/Documents/TravelTap/TravelTap/Data/Countries/Asia/EastAsia/Mongolia/Cities/GobiAttractions.swift /Users/erders/Documents/TravelTap/TravelTap/Data/Countries/Asia/EastAsia/Mongolia/Cities/MongoliaExperiencesAttractions.swift /Users/erders/Documents/TravelTap/TravelTap/Data/Countries/Asia/SouthAsia/SriLanka/Cities/JaffnaAttractions.swift /Users/erders/Documents/TravelTap/TravelTap/Data/Countries/Asia/SouthAsia/SriLanka/Cities/AdamsPeakAttractions.swift /Users/erders/Documents/TravelTap/TravelTap/Data/Countries/Asia/SouthAsia/SriLanka/Cities/NuwaraEliyaAttractions.swift /Users/erders/Documents/TravelTap/TravelTap/Data/Countries/Asia/SouthAsia/SriLanka/Cities/YalaAttractions.swift /Users/erders/Documents/TravelTap/TravelTap/Data/Countries/Asia/SouthAsia/SriLanka/Cities/MihintaleAttractions.swift /Users/erders/Documents/TravelTap/TravelTap/Data/Countries/Asia/SouthAsia/SriLanka/Cities/ArugamBayAttractions.swift /Users/erders/Documents/TravelTap/TravelTap/Data/Countries/Asia/SouthAsia/SriLanka/Cities/TrincomaleeAttractions.swift /Users/erders/Documents/TravelTap/TravelTap/Data/Countries/Asia/SouthAsia/SriLanka/Cities/PolonnaruwaAttractions.swift /Users/erders/Documents/TravelTap/TravelTap/Data/Countries/Asia/SouthAsia/SriLanka/Cities/MirissaAttractions.swift /Users/erders/Documents/TravelTap/TravelTap/Data/Countries/Asia/SouthAsia/SriLanka/Cities/KitulgalaAttractions.swift /Users/erders/Documents/TravelTap/TravelTap/Data/Countries/Asia/SouthAsia/SriLanka/Cities/GalleAttractions.swift /Users/erders/Documents/TravelTap/TravelTap/Data/Countries/Asia/SouthAsia/SriLanka/Cities/HikkaduwaAttractions.swift /Users/erders/Documents/TravelTap/TravelTap/Data/Countries/Asia/SouthAsia/SriLanka/Cities/YapahuwaAttractions.swift /Users/erders/Documents/TravelTap/TravelTap/Data/Countries/Asia/SouthAsia/SriLanka/Cities/EllaAttractions.swift /Users/erders/Documents/TravelTap/TravelTap/Data/Countries/Asia/SouthAsia/SriLanka/Cities/BatticaloaAttractions.swift /Users/erders/Documents/TravelTap/TravelTap/Data/Countries/Asia/SouthAsia/SriLanka/Cities/AnuradhapuraAttractions.swift /Users/erders/Documents/TravelTap/TravelTap/Data/Countries/Asia/SouthAsia/SriLanka/Cities/PinnawalaAttractions.swift /Users/erders/Documents/TravelTap/TravelTap/Data/Countries/Asia/SouthAsia/SriLanka/Cities/SigiriyaAttractions.swift /Users/erders/Documents/TravelTap/TravelTap/Data/Countries/Asia/SouthAsia/SriLanka/Cities/RatnapuraAttractions.swift (in target 'TravelTap' from project 'TravelTap')

SwiftCompile normal x86_64 /Users/erders/Documents/TravelTap/TravelTap/Data/Countries/Asia/EastAsia/Mongolia/Cities/KhovsgolAttractions.swift (in target 'TravelTap' from project 'TravelTap')
    cd /Users/erders/Documents/TravelTap
    

SwiftCompile normal x86_64 /Users/erders/Documents/TravelTap/TravelTap/Data/Countries/Asia/EastAsia/Mongolia/Cities/WesternMongoliaAttractions.swift (in target 'TravelTap' from project 'TravelTap')
    cd /Users/erders/Documents/TravelTap
    

SwiftCompile normal x86_64 /Users/erders/Documents/TravelTap/TravelTap/Data/Countries/Asia/EastAsia/Mongolia/Cities/NorthernMongoliaAttractions.swift (in target 'TravelTap' from project 'TravelTap')
    cd /Users/erders/Documents/TravelTap
    

SwiftCompile normal x86_64 /Users/erders/Documents/TravelTap/TravelTap/Data/Countries/Asia/EastAsia/Mongolia/Cities/TereljAttractions.swift (in target 'TravelTap' from project 'TravelTap')
    cd /Users/erders/Documents/TravelTap
    

SwiftCompile normal x86_64 /Users/erders/Documents/TravelTap/TravelTap/Data/Countries/Asia/EastAsia/Mongolia/Cities/GobiAttractions.swift (in target 'TravelTap' from project 'TravelTap')
    cd /Users/erders/Documents/TravelTap
    

SwiftCompile normal x86_64 /Users/erders/Documents/TravelTap/TravelTap/Data/Countries/Asia/EastAsia/Mongolia/Cities/MongoliaExperiencesAttractions.swift (in target 'TravelTap' from project 'TravelTap')
    cd /Users/erders/Documents/TravelTap
    

SwiftCompile normal x86_64 /Users/erders/Documents/TravelTap/TravelTap/Data/Countries/Asia/SouthAsia/SriLanka/Cities/JaffnaAttractions.swift (in target 'TravelTap' from project 'TravelTap')
    cd /Users/erders/Documents/TravelTap
    

SwiftCompile normal x86_64 /Users/erders/Documents/TravelTap/TravelTap/Data/Countries/Asia/SouthAsia/SriLanka/Cities/AdamsPeakAttractions.swift (in target 'TravelTap' from project 'TravelTap')
    cd /Users/erders/Documents/TravelTap
    

SwiftCompile normal x86_64 /Users/erders/Documents/TravelTap/TravelTap/Data/Countries/Asia/SouthAsia/SriLanka/Cities/NuwaraEliyaAttractions.swift (in target 'TravelTap' from project 'TravelTap')
    cd /Users/erders/Documents/TravelTap
    

SwiftCompile normal x86_64 /Users/erders/Documents/TravelTap/TravelTap/Data/Countries/Asia/SouthAsia/SriLanka/Cities/YalaAttractions.swift (in target 'TravelTap' from project 'TravelTap')
    cd /Users/erders/Documents/TravelTap
    

SwiftCompile normal x86_64 /Users/erders/Documents/TravelTap/TravelTap/Data/Countries/Asia/SouthAsia/SriLanka/Cities/MihintaleAttractions.swift (in target 'TravelTap' from project 'TravelTap')
    cd /Users/erders/Documents/TravelTap
    

SwiftCompile normal x86_64 /Users/erders/Documents/TravelTap/TravelTap/Data/Countries/Asia/SouthAsia/SriLanka/Cities/ArugamBayAttractions.swift (in target 'TravelTap' from project 'TravelTap')
    cd /Users/erders/Documents/TravelTap
    

SwiftCompile normal x86_64 /Users/erders/Documents/TravelTap/TravelTap/Data/Countries/Asia/SouthAsia/SriLanka/Cities/TrincomaleeAttractions.swift (in target 'TravelTap' from project 'TravelTap')
    cd /Users/erders/Documents/TravelTap
    

SwiftCompile normal x86_64 /Users/erders/Documents/TravelTap/TravelTap/Data/Countries/Asia/SouthAsia/SriLanka/Cities/PolonnaruwaAttractions.swift (in target 'TravelTap' from project 'TravelTap')
    cd /Users/erders/Documents/TravelTap
    

SwiftCompile normal x86_64 /Users/erders/Documents/TravelTap/TravelTap/Data/Countries/Asia/SouthAsia/SriLanka/Cities/MirissaAttractions.swift (in target 'TravelTap' from project 'TravelTap')
    cd /Users/erders/Documents/TravelTap
    

SwiftCompile normal x86_64 /Users/erders/Documents/TravelTap/TravelTap/Data/Countries/Asia/SouthAsia/SriLanka/Cities/KitulgalaAttractions.swift (in target 'TravelTap' from project 'TravelTap')
    cd /Users/erders/Documents/TravelTap
    

SwiftCompile normal x86_64 /Users/erders/Documents/TravelTap/TravelTap/Data/Countries/Asia/SouthAsia/SriLanka/Cities/GalleAttractions.swift (in target 'TravelTap' from project 'TravelTap')
    cd /Users/erders/Documents/TravelTap
    

SwiftCompile normal x86_64 /Users/erders/Documents/TravelTap/TravelTap/Data/Countries/Asia/SouthAsia/SriLanka/Cities/HikkaduwaAttractions.swift (in target 'TravelTap' from project 'TravelTap')
    cd /Users/erders/Documents/TravelTap
    

SwiftCompile normal x86_64 /Users/erders/Documents/TravelTap/TravelTap/Data/Countries/Asia/SouthAsia/SriLanka/Cities/YapahuwaAttractions.swift (in target 'TravelTap' from project 'TravelTap')
    cd /Users/erders/Documents/TravelTap
    

SwiftCompile normal x86_64 /Users/erders/Documents/TravelTap/TravelTap/Data/Countries/Asia/SouthAsia/SriLanka/Cities/EllaAttractions.swift (in target 'TravelTap' from project 'TravelTap')
    cd /Users/erders/Documents/TravelTap
    

SwiftCompile normal x86_64 /Users/erders/Documents/TravelTap/TravelTap/Data/Countries/Asia/SouthAsia/SriLanka/Cities/BatticaloaAttractions.swift (in target 'TravelTap' from project 'TravelTap')
    cd /Users/erders/Documents/TravelTap
    

SwiftCompile normal x86_64 /Users/erders/Documents/TravelTap/TravelTap/Data/Countries/Asia/SouthAsia/SriLanka/Cities/AnuradhapuraAttractions.swift (in target 'TravelTap' from project 'TravelTap')
    cd /Users/erders/Documents/TravelTap
    

SwiftCompile normal x86_64 /Users/erders/Documents/TravelTap/TravelTap/Data/Countries/Asia/SouthAsia/SriLanka/Cities/PinnawalaAttractions.swift (in target 'TravelTap' from project 'TravelTap')
    cd /Users/erders/Documents/TravelTap
    

SwiftCompile normal x86_64 /Users/erders/Documents/TravelTap/TravelTap/Data/Countries/Asia/SouthAsia/SriLanka/Cities/SigiriyaAttractions.swift (in target 'TravelTap' from project 'TravelTap')
    cd /Users/erders/Documents/TravelTap
    

SwiftCompile normal x86_64 /Users/erders/Documents/TravelTap/TravelTap/Data/Countries/Asia/SouthAsia/SriLanka/Cities/RatnapuraAttractions.swift (in target 'TravelTap' from project 'TravelTap')
    cd /Users/erders/Documents/TravelTap
    

SwiftDriverJobDiscovery normal arm64 Compiling BeijingAttractions.swift, ChengduAttractions.swift, GuilinAttractions.swift, HangzhouAttractions.swift, LhasaAttractions.swift, ShanghaiAttractions.swift, ShenzhenAttractions.swift, SuzhouAttractions.swift, XianAttractions.swift, ZhangjiajieAttractions.swift, HongKongPackage.swift, FukuokaAttractions.swift, HakoneAttractions.swift, HiroshimaAttractions.swift, KyotoAttractions.swift, NaraAttractions.swift, NikkoAttractions.swift, OkinawaAttractions.swift, OsakaAttractions.swift, SapporoAttractions.swift, TokyoAttractions.swift, JapanPackage.swift, DalanzadgadAttractions.swift, KharkhorinAttractions.swift, MurunAttractions.swift (in target 'TravelTap' from project 'TravelTap')

SwiftCompile normal x86_64 Compiling\ NusaIslandsAttractions.swift,\ SeminyakAttractions.swift,\ KalimantanAttractions.swift,\ UluwatuAttractions.swift,\ BukittinggiAttractions.swift,\ SurabayaAttractions.swift,\ MalangAttractions.swift,\ UbudAttractions.swift,\ NorthBaliAttractions.swift,\ PapuaAttractions.swift,\ EastBaliAttractions.swift,\ YogyakartaAttractions.swift,\ MakassarAttractions.swift,\ LakeTobaAttractions.swift,\ ManadoAttractions.swift,\ CangguAttractions.swift,\ TanaTorajaAttractions.swift,\ MongKokAttractions.swift,\ TsimShaTsuiAttractions.swift,\ SouthernDistrictAttractions.swift,\ YauMaTeiJordanAttractions.swift,\ SaiKungAttractions.swift,\ TaiPoNorthAttractions.swift,\ HikingTrailsAttractions.swift,\ TuenMunYuenLongAttractions.swift /Users/erders/Documents/TravelTap/TravelTap/Data/Countries/Asia/SoutheastAsia/Indonesia/Cities/NusaIslandsAttractions.swift /Users/erders/Documents/TravelTap/TravelTap/Data/Countries/Asia/SoutheastAsia/Indonesia/Cities/SeminyakAttractions.swift /Users/erders/Documents/TravelTap/TravelTap/Data/Countries/Asia/SoutheastAsia/Indonesia/Cities/KalimantanAttractions.swift /Users/erders/Documents/TravelTap/TravelTap/Data/Countries/Asia/SoutheastAsia/Indonesia/Cities/UluwatuAttractions.swift /Users/erders/Documents/TravelTap/TravelTap/Data/Countries/Asia/SoutheastAsia/Indonesia/Cities/BukittinggiAttractions.swift /Users/erders/Documents/TravelTap/TravelTap/Data/Countries/Asia/SoutheastAsia/Indonesia/Cities/SurabayaAttractions.swift /Users/erders/Documents/TravelTap/TravelTap/Data/Countries/Asia/SoutheastAsia/Indonesia/Cities/MalangAttractions.swift /Users/erders/Documents/TravelTap/TravelTap/Data/Countries/Asia/SoutheastAsia/Indonesia/Cities/UbudAttractions.swift /Users/erders/Documents/TravelTap/TravelTap/Data/Countries/Asia/SoutheastAsia/Indonesia/Cities/NorthBaliAttractions.swift /Users/erders/Documents/TravelTap/TravelTap/Data/Countries/Asia/SoutheastAsia/Indonesia/Cities/PapuaAttractions.swift /Users/erders/Documents/TravelTap/TravelTap/Data/Countries/Asia/SoutheastAsia/Indonesia/Cities/EastBaliAttractions.swift /Users/erders/Documents/TravelTap/TravelTap/Data/Countries/Asia/SoutheastAsia/Indonesia/Cities/YogyakartaAttractions.swift /Users/erders/Documents/TravelTap/TravelTap/Data/Countries/Asia/SoutheastAsia/Indonesia/Cities/MakassarAttractions.swift /Users/erders/Documents/TravelTap/TravelTap/Data/Countries/Asia/SoutheastAsia/Indonesia/Cities/LakeTobaAttractions.swift /Users/erders/Documents/TravelTap/TravelTap/Data/Countries/Asia/SoutheastAsia/Indonesia/Cities/ManadoAttractions.swift /Users/erders/Documents/TravelTap/TravelTap/Data/Countries/Asia/SoutheastAsia/Indonesia/Cities/CangguAttractions.swift /Users/erders/Documents/TravelTap/TravelTap/Data/Countries/Asia/SoutheastAsia/Indonesia/Cities/TanaTorajaAttractions.swift /Users/erders/Documents/TravelTap/TravelTap/Data/Countries/Asia/EastAsia/HongKong/Cities/MongKokAttractions.swift /Users/erders/Documents/TravelTap/TravelTap/Data/Countries/Asia/EastAsia/HongKong/Cities/TsimShaTsuiAttractions.swift /Users/erders/Documents/TravelTap/TravelTap/Data/Countries/Asia/EastAsia/HongKong/Cities/SouthernDistrictAttractions.swift /Users/erders/Documents/TravelTap/TravelTap/Data/Countries/Asia/EastAsia/HongKong/Cities/YauMaTeiJordanAttractions.swift /Users/erders/Documents/TravelTap/TravelTap/Data/Countries/Asia/EastAsia/HongKong/Cities/SaiKungAttractions.swift /Users/erders/Documents/TravelTap/TravelTap/Data/Countries/Asia/EastAsia/HongKong/Cities/TaiPoNorthAttractions.swift /Users/erders/Documents/TravelTap/TravelTap/Data/Countries/Asia/EastAsia/HongKong/Cities/HikingTrailsAttractions.swift /Users/erders/Documents/TravelTap/TravelTap/Data/Countries/Asia/EastAsia/HongKong/Cities/TuenMunYuenLongAttractions.swift (in target 'TravelTap' from project 'TravelTap')

** BUILD FAILED **


The following build commands failed:
	SwiftCompile normal arm64 Compiling\ KrujeAttractions.swift,\ ValbonaAttractions.swift,\ KorceAttractions.swift,\ KsamilAttractions.swift,\ ShkoderAttractions.swift,\ VlkolinecAttractions.swift,\ OravskyPodzamokAttractions.swift,\ BardejovAttractions.swift,\ SpisskePodhradieAttractions.swift,\ LevocaAttractions.swift,\ BanskaStiavnicaAttractions.swift,\ CicmanyAttractions.swift,\ TrencinAttractions.swift,\ IstogAttractions.swift,\ FerizajAttractions.swift,\ SharrMountainsAttractions.swift,\ DragashAttractions.swift,\ MitrovicaAttractions.swift,\ DecaniAttractions.swift,\ SkenderajAttractions.swift,\ LipjanAttractions.swift,\ VushtrriAttractions.swift,\ RahovecAttractions.swift,\ KlinaAttractions.swift /Users/erders/Documents/TravelTap/TravelTap/Data/Countries/Europe/Albania/Cities/KrujeAttractions.swift /Users/erders/Documents/TravelTap/TravelTap/Data/Countries/Europe/Albania/Cities/ValbonaAttractions.swift /Users/erders/Documents/TravelTap/TravelTap/Data/Countries/Europe/Albania/Cities/KorceAttractions.swift /Users/erders/Documents/TravelTap/TravelTap/Data/Countries/Europe/Albania/Cities/KsamilAttractions.swift /Users/erders/Documents/TravelTap/TravelTap/Data/Countries/Europe/Albania/Cities/ShkoderAttractions.swift /Users/erders/Documents/TravelTap/TravelTap/Data/Countries/Europe/Slovakia/Cities/VlkolinecAttractions.swift /Users/erders/Documents/TravelTap/TravelTap/Data/Countries/Europe/Slovakia/Cities/OravskyPodzamokAttractions.swift /Users/erders/Documents/TravelTap/TravelTap/Data/Countries/Europe/Slovakia/Cities/BardejovAttractions.swift /Users/erders/Documents/TravelTap/TravelTap/Data/Countries/Europe/Slovakia/Cities/SpisskePodhradieAttractions.swift /Users/erders/Documents/TravelTap/TravelTap/Data/Countries/Europe/Slovakia/Cities/LevocaAttractions.swift /Users/erders/Documents/TravelTap/TravelTap/Data/Countries/Europe/Slovakia/Cities/BanskaStiavnicaAttractions.swift /Users/erders/Documents/TravelTap/TravelTap/Data/Countries/Europe/Slovakia/Cities/CicmanyAttractions.swift /Users/erders/Documents/TravelTap/TravelTap/Data/Countries/Europe/Slovakia/Cities/TrencinAttractions.swift /Users/erders/Documents/TravelTap/TravelTap/Data/Countries/Europe/Kosovo/Cities/IstogAttractions.swift /Users/erders/Documents/TravelTap/TravelTap/Data/Countries/Europe/Kosovo/Cities/FerizajAttractions.swift /Users/erders/Documents/TravelTap/TravelTap/Data/Countries/Europe/Kosovo/Cities/SharrMountainsAttractions.swift /Users/erders/Documents/TravelTap/TravelTap/Data/Countries/Europe/Kosovo/Cities/DragashAttractions.swift /Users/erders/Documents/TravelTap/TravelTap/Data/Countries/Europe/Kosovo/Cities/MitrovicaAttractions.swift /Users/erders/Documents/TravelTap/TravelTap/Data/Countries/Europe/Kosovo/Cities/DecaniAttractions.swift /Users/erders/Documents/TravelTap/TravelTap/Data/Countries/Europe/Kosovo/Cities/SkenderajAttractions.swift /Users/erders/Documents/TravelTap/TravelTap/Data/Countries/Europe/Kosovo/Cities/LipjanAttractions.swift /Users/erders/Documents/TravelTap/TravelTap/Data/Countries/Europe/Kosovo/Cities/VushtrriAttractions.swift /Users/erders/Documents/TravelTap/TravelTap/Data/Countries/Europe/Kosovo/Cities/RahovecAttractions.swift /Users/erders/Documents/TravelTap/TravelTap/Data/Countries/Europe/Kosovo/Cities/KlinaAttractions.swift (in target 'TravelTap' from project 'TravelTap')
	SwiftCompile normal arm64 /Users/erders/Documents/TravelTap/TravelTap/Data/Countries/Europe/Albania/Cities/ValbonaAttractions.swift (in target 'TravelTap' from project 'TravelTap')
	SwiftCompile normal arm64 /Users/erders/Documents/TravelTap/TravelTap/Data/Countries/Europe/Albania/Cities/KsamilAttractions.swift (in target 'TravelTap' from project 'TravelTap')
	SwiftCompile normal arm64 /Users/erders/Documents/TravelTap/TravelTap/Data/Countries/Europe/Kosovo/Cities/SharrMountainsAttractions.swift (in target 'TravelTap' from project 'TravelTap')
	SwiftCompile normal arm64 /Users/erders/Documents/TravelTap/TravelTap/Data/Countries/Europe/Kosovo/Cities/DragashAttractions.swift (in target 'TravelTap' from project 'TravelTap')
	SwiftCompile normal arm64 /Users/erders/Documents/TravelTap/TravelTap/Data/Countries/Europe/Kosovo/Cities/VushtrriAttractions.swift (in target 'TravelTap' from project 'TravelTap')
	SwiftCompile normal arm64 /Users/erders/Documents/TravelTap/TravelTap/Data/Countries/Europe/Kosovo/Cities/RahovecAttractions.swift (in target 'TravelTap' from project 'TravelTap')
	SwiftCompile normal arm64 /Users/erders/Documents/TravelTap/TravelTap/Data/Countries/Europe/Kosovo/Cities/KlinaAttractions.swift (in target 'TravelTap' from project 'TravelTap')
	Building project TravelTap with scheme TravelTap and configuration Debug
(9 failures)
