Command line invocation:
    /Applications/Xcode.app/Contents/Developer/usr/bin/xcodebuild -scheme TravelTap -destination "platform=iOS Simulator,id=4DCFFD01-7E66-4D14-82A6-88BC979EE8E0" clean build

CreateBuildRequest

SendProjectDescription

CreateBuildOperation

** CLEAN SUCCEEDED **

ComputePackagePrebuildTargetDependencyGraph

Prepare packages

CreateBuildRequest

SendProjectDescription

CreateBuildOperation

ComputeTargetDependencyGraph
note: Building targets in dependency order
note: Target dependency graph (1 target)
    Target 'TravelTap' in project 'TravelTap' (no dependencies)

GatherProvisioningInputs

CreateBuildDescription

ExecuteExternalTool /Applications/Xcode.app/Contents/Developer/Toolchains/XcodeDefault.xctoolchain/usr/bin/clang -v -E -dM -isysroot /Applications/Xcode.app/Contents/Developer/Platforms/iPhoneSimulator.platform/Developer/SDKs/iPhoneSimulator26.2.sdk -x c -c /dev/null

ExecuteExternalTool /Applications/Xcode.app/Contents/Developer/usr/bin/actool --print-asset-tag-combinations --output-format xml1 /Users/erders/Documents/TravelTap/TravelTap/Assets.xcassets

ExecuteExternalTool /Applications/Xcode.app/Contents/Developer/usr/bin/actool --version --output-format xml1

ExecuteExternalTool /Applications/Xcode.app/Contents/Developer/Toolchains/XcodeDefault.xctoolchain/usr/bin/swiftc --version

ExecuteExternalTool /Applications/Xcode.app/Contents/Developer/Toolchains/XcodeDefault.xctoolchain/usr/bin/ld -version_details

Build description signature: 1b3a5d71baa2e4a0f0dd00cb23b9b651
Build description path: /Users/erders/Library/Developer/Xcode/DerivedData/TravelTap-aoniybxgcgmexqcgzdslgsqiowxj/Build/Intermediates.noindex/XCBuildData/1b3a5d71baa2e4a0f0dd00cb23b9b651.xcbuilddata
ClangStatCache /Applications/Xcode.app/Contents/Developer/Toolchains/XcodeDefault.xctoolchain/usr/bin/clang-stat-cache /Applications/Xcode.app/Contents/Developer/Platforms/iPhoneSimulator.platform/Developer/SDKs/iPhoneSimulator26.2.sdk /Users/erders/Library/Developer/Xcode/DerivedData/SDKStatCaches.noindex/iphonesimulator26.2-23C53-7d00a8b37fbd7999ea79df8ebc024bf0.sdkstatcache
    cd /Users/erders/Documents/TravelTap/TravelTap.xcodeproj
    /Applications/Xcode.app/Contents/Developer/Toolchains/XcodeDefault.xctoolchain/usr/bin/clang-stat-cache /Applications/Xcode.app/Contents/Developer/Platforms/iPhoneSimulator.platform/Developer/SDKs/iPhoneSimulator26.2.sdk -o /Users/erders/Library/Developer/Xcode/DerivedData/SDKStatCaches.noindex/iphonesimulator26.2-23C53-7d00a8b37fbd7999ea79df8ebc024bf0.sdkstatcache

CreateBuildDirectory /Users/erders/Library/Developer/Xcode/DerivedData/TravelTap-aoniybxgcgmexqcgzdslgsqiowxj/Build/Intermediates.noindex
    cd /Users/erders/Documents/TravelTap/TravelTap.xcodeproj
    builtin-create-build-directory /Users/erders/Library/Developer/Xcode/DerivedData/TravelTap-aoniybxgcgmexqcgzdslgsqiowxj/Build/Intermediates.noindex

CreateBuildDirectory /Users/erders/Library/Developer/Xcode/DerivedData/TravelTap-aoniybxgcgmexqcgzdslgsqiowxj/Build/Products
    cd /Users/erders/Documents/TravelTap/TravelTap.xcodeproj
    builtin-create-build-directory /Users/erders/Library/Developer/Xcode/DerivedData/TravelTap-aoniybxgcgmexqcgzdslgsqiowxj/Build/Products

CreateBuildDirectory /Users/erders/Library/Developer/Xcode/DerivedData/TravelTap-aoniybxgcgmexqcgzdslgsqiowxj/Build/Intermediates.noindex/SwiftExplicitPrecompiledModules
    cd /Users/erders/Documents/TravelTap/TravelTap.xcodeproj
    builtin-create-build-directory /Users/erders/Library/Developer/Xcode/DerivedData/TravelTap-aoniybxgcgmexqcgzdslgsqiowxj/Build/Intermediates.noindex/SwiftExplicitPrecompiledModules

CreateBuildDirectory /Users/erders/Library/Developer/Xcode/DerivedData/TravelTap-aoniybxgcgmexqcgzdslgsqiowxj/Build/Intermediates.noindex/ExplicitPrecompiledModules
    cd /Users/erders/Documents/TravelTap/TravelTap.xcodeproj
    builtin-create-build-directory /Users/erders/Library/Developer/Xcode/DerivedData/TravelTap-aoniybxgcgmexqcgzdslgsqiowxj/Build/Intermediates.noindex/ExplicitPrecompiledModules

CreateBuildDirectory /Users/erders/Library/Developer/Xcode/DerivedData/TravelTap-aoniybxgcgmexqcgzdslgsqiowxj/Build/Products/Debug-iphonesimulator
    cd /Users/erders/Documents/TravelTap/TravelTap.xcodeproj
    builtin-create-build-directory /Users/erders/Library/Developer/Xcode/DerivedData/TravelTap-aoniybxgcgmexqcgzdslgsqiowxj/Build/Products/Debug-iphonesimulator

CreateBuildDirectory /Users/erders/Library/Developer/Xcode/DerivedData/TravelTap-aoniybxgcgmexqcgzdslgsqiowxj/Build/Intermediates.noindex/EagerLinkingTBDs/Debug-iphonesimulator
    cd /Users/erders/Documents/TravelTap/TravelTap.xcodeproj
    builtin-create-build-directory /Users/erders/Library/Developer/Xcode/DerivedData/TravelTap-aoniybxgcgmexqcgzdslgsqiowxj/Build/Intermediates.noindex/EagerLinkingTBDs/Debug-iphonesimulator

WriteAuxiliaryFile /Users/erders/Library/Developer/Xcode/DerivedData/TravelTap-aoniybxgcgmexqcgzdslgsqiowxj/Build/Intermediates.noindex/TravelTap.build/Debug-iphonesimulator/TravelTap-28cabccc476c4ac6153fbbf682269b5c-VFS-iphonesimulator/all-product-headers.yaml
    cd /Users/erders/Documents/TravelTap/TravelTap.xcodeproj
    write-file /Users/erders/Library/Developer/Xcode/DerivedData/TravelTap-aoniybxgcgmexqcgzdslgsqiowxj/Build/Intermediates.noindex/TravelTap.build/Debug-iphonesimulator/TravelTap-28cabccc476c4ac6153fbbf682269b5c-VFS-iphonesimulator/all-product-headers.yaml

WriteAuxiliaryFile /Users/erders/Library/Developer/Xcode/DerivedData/TravelTap-aoniybxgcgmexqcgzdslgsqiowxj/Build/Intermediates.noindex/TravelTap.build/Debug-iphonesimulator/TravelTap.build/TravelTap-project-headers.hmap (in target 'TravelTap' from project 'TravelTap')
    cd /Users/erders/Documents/TravelTap
    write-file /Users/erders/Library/Developer/Xcode/DerivedData/TravelTap-aoniybxgcgmexqcgzdslgsqiowxj/Build/Intermediates.noindex/TravelTap.build/Debug-iphonesimulator/TravelTap.build/TravelTap-project-headers.hmap

WriteAuxiliaryFile /Users/erders/Library/Developer/Xcode/DerivedData/TravelTap-aoniybxgcgmexqcgzdslgsqiowxj/Build/Intermediates.noindex/TravelTap.build/Debug-iphonesimulator/TravelTap.build/TravelTap.DependencyStaticMetadataFileList (in target 'TravelTap' from project 'TravelTap')
    cd /Users/erders/Documents/TravelTap
    write-file /Users/erders/Library/Developer/Xcode/DerivedData/TravelTap-aoniybxgcgmexqcgzdslgsqiowxj/Build/Intermediates.noindex/TravelTap.build/Debug-iphonesimulator/TravelTap.build/TravelTap.DependencyStaticMetadataFileList

WriteAuxiliaryFile /Users/erders/Library/Developer/Xcode/DerivedData/TravelTap-aoniybxgcgmexqcgzdslgsqiowxj/Build/Intermediates.noindex/TravelTap.build/Debug-iphonesimulator/TravelTap.build/TravelTap-own-target-headers.hmap (in target 'TravelTap' from project 'TravelTap')
    cd /Users/erders/Documents/TravelTap
    write-file /Users/erders/Library/Developer/Xcode/DerivedData/TravelTap-aoniybxgcgmexqcgzdslgsqiowxj/Build/Intermediates.noindex/TravelTap.build/Debug-iphonesimulator/TravelTap.build/TravelTap-own-target-headers.hmap

WriteAuxiliaryFile /Users/erders/Library/Developer/Xcode/DerivedData/TravelTap-aoniybxgcgmexqcgzdslgsqiowxj/Build/Intermediates.noindex/TravelTap.build/Debug-iphonesimulator/TravelTap.build/TravelTap-all-target-headers.hmap (in target 'TravelTap' from project 'TravelTap')
    cd /Users/erders/Documents/TravelTap
    write-file /Users/erders/Library/Developer/Xcode/DerivedData/TravelTap-aoniybxgcgmexqcgzdslgsqiowxj/Build/Intermediates.noindex/TravelTap.build/Debug-iphonesimulator/TravelTap.build/TravelTap-all-target-headers.hmap

WriteAuxiliaryFile /Users/erders/Library/Developer/Xcode/DerivedData/TravelTap-aoniybxgcgmexqcgzdslgsqiowxj/Build/Intermediates.noindex/TravelTap.build/Debug-iphonesimulator/TravelTap.build/TravelTap-DebugDylibPath-normal-arm64.txt (in target 'TravelTap' from project 'TravelTap')
    cd /Users/erders/Documents/TravelTap
    write-file /Users/erders/Library/Developer/Xcode/DerivedData/TravelTap-aoniybxgcgmexqcgzdslgsqiowxj/Build/Intermediates.noindex/TravelTap.build/Debug-iphonesimulator/TravelTap.build/TravelTap-DebugDylibPath-normal-arm64.txt

WriteAuxiliaryFile /Users/erders/Library/Developer/Xcode/DerivedData/TravelTap-aoniybxgcgmexqcgzdslgsqiowxj/Build/Intermediates.noindex/TravelTap.build/Debug-iphonesimulator/TravelTap.build/TravelTap.hmap (in target 'TravelTap' from project 'TravelTap')
    cd /Users/erders/Documents/TravelTap
    write-file /Users/erders/Library/Developer/Xcode/DerivedData/TravelTap-aoniybxgcgmexqcgzdslgsqiowxj/Build/Intermediates.noindex/TravelTap.build/Debug-iphonesimulator/TravelTap.build/TravelTap.hmap

WriteAuxiliaryFile /Users/erders/Library/Developer/Xcode/DerivedData/TravelTap-aoniybxgcgmexqcgzdslgsqiowxj/Build/Intermediates.noindex/TravelTap.build/Debug-iphonesimulator/TravelTap.build/TravelTap-generated-files.hmap (in target 'TravelTap' from project 'TravelTap')
    cd /Users/erders/Documents/TravelTap
    write-file /Users/erders/Library/Developer/Xcode/DerivedData/TravelTap-aoniybxgcgmexqcgzdslgsqiowxj/Build/Intermediates.noindex/TravelTap.build/Debug-iphonesimulator/TravelTap.build/TravelTap-generated-files.hmap

WriteAuxiliaryFile /Users/erders/Library/Developer/Xcode/DerivedData/TravelTap-aoniybxgcgmexqcgzdslgsqiowxj/Build/Intermediates.noindex/TravelTap.build/Debug-iphonesimulator/TravelTap.build/TravelTap-DebugDylibInstallName-normal-arm64.txt (in target 'TravelTap' from project 'TravelTap')
    cd /Users/erders/Documents/TravelTap
    write-file /Users/erders/Library/Developer/Xcode/DerivedData/TravelTap-aoniybxgcgmexqcgzdslgsqiowxj/Build/Intermediates.noindex/TravelTap.build/Debug-iphonesimulator/TravelTap.build/TravelTap-DebugDylibInstallName-normal-arm64.txt

WriteAuxiliaryFile /Users/erders/Library/Developer/Xcode/DerivedData/TravelTap-aoniybxgcgmexqcgzdslgsqiowxj/Build/Intermediates.noindex/TravelTap.build/Debug-iphonesimulator/TravelTap.build/TravelTap-all-non-framework-target-headers.hmap (in target 'TravelTap' from project 'TravelTap')
    cd /Users/erders/Documents/TravelTap
    write-file /Users/erders/Library/Developer/Xcode/DerivedData/TravelTap-aoniybxgcgmexqcgzdslgsqiowxj/Build/Intermediates.noindex/TravelTap.build/Debug-iphonesimulator/TravelTap.build/TravelTap-all-non-framework-target-headers.hmap

WriteAuxiliaryFile /Users/erders/Library/Developer/Xcode/DerivedData/TravelTap-aoniybxgcgmexqcgzdslgsqiowxj/Build/Intermediates.noindex/TravelTap.build/Debug-iphonesimulator/TravelTap.build/Objects-normal/arm64/TravelTap_const_extract_protocols.json (in target 'TravelTap' from project 'TravelTap')
    cd /Users/erders/Documents/TravelTap
    write-file /Users/erders/Library/Developer/Xcode/DerivedData/TravelTap-aoniybxgcgmexqcgzdslgsqiowxj/Build/Intermediates.noindex/TravelTap.build/Debug-iphonesimulator/TravelTap.build/Objects-normal/arm64/TravelTap_const_extract_protocols.json

WriteAuxiliaryFile /Users/erders/Library/Developer/Xcode/DerivedData/TravelTap-aoniybxgcgmexqcgzdslgsqiowxj/Build/Intermediates.noindex/TravelTap.build/Debug-iphonesimulator/TravelTap.build/TravelTap.DependencyMetadataFileList (in target 'TravelTap' from project 'TravelTap')
    cd /Users/erders/Documents/TravelTap
    write-file /Users/erders/Library/Developer/Xcode/DerivedData/TravelTap-aoniybxgcgmexqcgzdslgsqiowxj/Build/Intermediates.noindex/TravelTap.build/Debug-iphonesimulator/TravelTap.build/TravelTap.DependencyMetadataFileList

WriteAuxiliaryFile /Users/erders/Library/Developer/Xcode/DerivedData/TravelTap-aoniybxgcgmexqcgzdslgsqiowxj/Build/Intermediates.noindex/TravelTap.build/Debug-iphonesimulator/TravelTap.build/Objects-normal/arm64/TravelTap.SwiftFileList (in target 'TravelTap' from project 'TravelTap')
    cd /Users/erders/Documents/TravelTap
    write-file /Users/erders/Library/Developer/Xcode/DerivedData/TravelTap-aoniybxgcgmexqcgzdslgsqiowxj/Build/Intermediates.noindex/TravelTap.build/Debug-iphonesimulator/TravelTap.build/Objects-normal/arm64/TravelTap.SwiftFileList

WriteAuxiliaryFile /Users/erders/Library/Developer/Xcode/DerivedData/TravelTap-aoniybxgcgmexqcgzdslgsqiowxj/Build/Intermediates.noindex/TravelTap.build/Debug-iphonesimulator/TravelTap.build/Objects-normal/arm64/TravelTap.SwiftConstValuesFileList (in target 'TravelTap' from project 'TravelTap')
    cd /Users/erders/Documents/TravelTap
    write-file /Users/erders/Library/Developer/Xcode/DerivedData/TravelTap-aoniybxgcgmexqcgzdslgsqiowxj/Build/Intermediates.noindex/TravelTap.build/Debug-iphonesimulator/TravelTap.build/Objects-normal/arm64/TravelTap.SwiftConstValuesFileList

WriteAuxiliaryFile /Users/erders/Library/Developer/Xcode/DerivedData/TravelTap-aoniybxgcgmexqcgzdslgsqiowxj/Build/Intermediates.noindex/TravelTap.build/Debug-iphonesimulator/TravelTap.build/Objects-normal/arm64/TravelTap.LinkFileList (in target 'TravelTap' from project 'TravelTap')
    cd /Users/erders/Documents/TravelTap
    write-file /Users/erders/Library/Developer/Xcode/DerivedData/TravelTap-aoniybxgcgmexqcgzdslgsqiowxj/Build/Intermediates.noindex/TravelTap.build/Debug-iphonesimulator/TravelTap.build/Objects-normal/arm64/TravelTap.LinkFileList

WriteAuxiliaryFile /Users/erders/Library/Developer/Xcode/DerivedData/TravelTap-aoniybxgcgmexqcgzdslgsqiowxj/Build/Intermediates.noindex/TravelTap.build/Debug-iphonesimulator/TravelTap.build/Objects-normal/arm64/TravelTap-OutputFileMap.json (in target 'TravelTap' from project 'TravelTap')
    cd /Users/erders/Documents/TravelTap
    write-file /Users/erders/Library/Developer/Xcode/DerivedData/TravelTap-aoniybxgcgmexqcgzdslgsqiowxj/Build/Intermediates.noindex/TravelTap.build/Debug-iphonesimulator/TravelTap.build/Objects-normal/arm64/TravelTap-OutputFileMap.json

MkDir /Users/erders/Library/Developer/Xcode/DerivedData/TravelTap-aoniybxgcgmexqcgzdslgsqiowxj/Build/Products/Debug-iphonesimulator/TravelTap.app (in target 'TravelTap' from project 'TravelTap')
    cd /Users/erders/Documents/TravelTap
    /bin/mkdir -p /Users/erders/Library/Developer/Xcode/DerivedData/TravelTap-aoniybxgcgmexqcgzdslgsqiowxj/Build/Products/Debug-iphonesimulator/TravelTap.app

WriteAuxiliaryFile /Users/erders/Library/Developer/Xcode/DerivedData/TravelTap-aoniybxgcgmexqcgzdslgsqiowxj/Build/Intermediates.noindex/TravelTap.build/Debug-iphonesimulator/TravelTap.build/DerivedSources/Entitlements-Simulated.plist (in target 'TravelTap' from project 'TravelTap')
    cd /Users/erders/Documents/TravelTap
    write-file /Users/erders/Library/Developer/Xcode/DerivedData/TravelTap-aoniybxgcgmexqcgzdslgsqiowxj/Build/Intermediates.noindex/TravelTap.build/Debug-iphonesimulator/TravelTap.build/DerivedSources/Entitlements-Simulated.plist

ProcessProductPackaging /Users/erders/Documents/TravelTap/TravelTap/TravelTap.entitlements /Users/erders/Library/Developer/Xcode/DerivedData/TravelTap-aoniybxgcgmexqcgzdslgsqiowxj/Build/Intermediates.noindex/TravelTap.build/Debug-iphonesimulator/TravelTap.build/TravelTap.app-Simulated.xcent (in target 'TravelTap' from project 'TravelTap')
    cd /Users/erders/Documents/TravelTap
    
    Entitlements:
    
    {
    "application-identifier" = "428Z7G6L5F.com.erders.traveltap.app";
    "com.apple.developer.icloud-container-identifiers" =     (
        "iCloud.com.erders.TravelTap"
    );
    "com.apple.developer.icloud-services" =     (
        CloudKit
    );
}
    
    builtin-productPackagingUtility /Users/erders/Documents/TravelTap/TravelTap/TravelTap.entitlements -entitlements -format xml -o /Users/erders/Library/Developer/Xcode/DerivedData/TravelTap-aoniybxgcgmexqcgzdslgsqiowxj/Build/Intermediates.noindex/TravelTap.build/Debug-iphonesimulator/TravelTap.build/TravelTap.app-Simulated.xcent

ProcessProductPackaging /Users/erders/Documents/TravelTap/TravelTap/TravelTap.entitlements /Users/erders/Library/Developer/Xcode/DerivedData/TravelTap-aoniybxgcgmexqcgzdslgsqiowxj/Build/Intermediates.noindex/TravelTap.build/Debug-iphonesimulator/TravelTap.build/TravelTap.app.xcent (in target 'TravelTap' from project 'TravelTap')
    cd /Users/erders/Documents/TravelTap
    
    Entitlements:
    
    {
}
    
    builtin-productPackagingUtility /Users/erders/Documents/TravelTap/TravelTap/TravelTap.entitlements -entitlements -format xml -o /Users/erders/Library/Developer/Xcode/DerivedData/TravelTap-aoniybxgcgmexqcgzdslgsqiowxj/Build/Intermediates.noindex/TravelTap.build/Debug-iphonesimulator/TravelTap.build/TravelTap.app.xcent

ProcessProductPackagingDER /Users/erders/Library/Developer/Xcode/DerivedData/TravelTap-aoniybxgcgmexqcgzdslgsqiowxj/Build/Intermediates.noindex/TravelTap.build/Debug-iphonesimulator/TravelTap.build/TravelTap.app.xcent /Users/erders/Library/Developer/Xcode/DerivedData/TravelTap-aoniybxgcgmexqcgzdslgsqiowxj/Build/Intermediates.noindex/TravelTap.build/Debug-iphonesimulator/TravelTap.build/TravelTap.app.xcent.der (in target 'TravelTap' from project 'TravelTap')
    cd /Users/erders/Documents/TravelTap
    /usr/bin/derq query -f xml -i /Users/erders/Library/Developer/Xcode/DerivedData/TravelTap-aoniybxgcgmexqcgzdslgsqiowxj/Build/Intermediates.noindex/TravelTap.build/Debug-iphonesimulator/TravelTap.build/TravelTap.app.xcent -o /Users/erders/Library/Developer/Xcode/DerivedData/TravelTap-aoniybxgcgmexqcgzdslgsqiowxj/Build/Intermediates.noindex/TravelTap.build/Debug-iphonesimulator/TravelTap.build/TravelTap.app.xcent.der --raw

ProcessProductPackagingDER /Users/erders/Library/Developer/Xcode/DerivedData/TravelTap-aoniybxgcgmexqcgzdslgsqiowxj/Build/Intermediates.noindex/TravelTap.build/Debug-iphonesimulator/TravelTap.build/TravelTap.app-Simulated.xcent /Users/erders/Library/Developer/Xcode/DerivedData/TravelTap-aoniybxgcgmexqcgzdslgsqiowxj/Build/Intermediates.noindex/TravelTap.build/Debug-iphonesimulator/TravelTap.build/TravelTap.app-Simulated.xcent.der (in target 'TravelTap' from project 'TravelTap')
    cd /Users/erders/Documents/TravelTap
    /usr/bin/derq query -f xml -i /Users/erders/Library/Developer/Xcode/DerivedData/TravelTap-aoniybxgcgmexqcgzdslgsqiowxj/Build/Intermediates.noindex/TravelTap.build/Debug-iphonesimulator/TravelTap.build/TravelTap.app-Simulated.xcent -o /Users/erders/Library/Developer/Xcode/DerivedData/TravelTap-aoniybxgcgmexqcgzdslgsqiowxj/Build/Intermediates.noindex/TravelTap.build/Debug-iphonesimulator/TravelTap.build/TravelTap.app-Simulated.xcent.der --raw

Ld /Users/erders/Library/Developer/Xcode/DerivedData/TravelTap-aoniybxgcgmexqcgzdslgsqiowxj/Build/Products/Debug-iphonesimulator/TravelTap.app/__preview.dylib normal (in target 'TravelTap' from project 'TravelTap')
    cd /Users/erders/Documents/TravelTap
    /Applications/Xcode.app/Contents/Developer/Toolchains/XcodeDefault.xctoolchain/usr/bin/clang -Xlinker -reproducible -target arm64-apple-ios17.0-simulator -dynamiclib -isysroot /Applications/Xcode.app/Contents/Developer/Platforms/iPhoneSimulator.platform/Developer/SDKs/iPhoneSimulator26.2.sdk -O0 -L/Users/erders/Library/Developer/Xcode/DerivedData/TravelTap-aoniybxgcgmexqcgzdslgsqiowxj/Build/Products/Debug-iphonesimulator -F/Users/erders/Library/Developer/Xcode/DerivedData/TravelTap-aoniybxgcgmexqcgzdslgsqiowxj/Build/Products/Debug-iphonesimulator -install_name @rpath/TravelTap.debug.dylib -dead_strip -rdynamic -Xlinker -no_deduplicate -Xlinker -objc_abi_version -Xlinker 2 -Xlinker -dependency_info -Xlinker /Users/erders/Library/Developer/Xcode/DerivedData/TravelTap-aoniybxgcgmexqcgzdslgsqiowxj/Build/Intermediates.noindex/TravelTap.build/Debug-iphonesimulator/TravelTap.build/Objects-normal/arm64/TravelTap_dependency_info.dat -Xlinker -sectcreate -Xlinker __TEXT -Xlinker __entitlements -Xlinker /Users/erders/Library/Developer/Xcode/DerivedData/TravelTap-aoniybxgcgmexqcgzdslgsqiowxj/Build/Intermediates.noindex/TravelTap.build/Debug-iphonesimulator/TravelTap.build/TravelTap.app-Simulated.xcent -Xlinker -sectcreate -Xlinker __TEXT -Xlinker __ents_der -Xlinker /Users/erders/Library/Developer/Xcode/DerivedData/TravelTap-aoniybxgcgmexqcgzdslgsqiowxj/Build/Intermediates.noindex/TravelTap.build/Debug-iphonesimulator/TravelTap.build/TravelTap.app-Simulated.xcent.der -Xlinker -no_adhoc_codesign -o /Users/erders/Library/Developer/Xcode/DerivedData/TravelTap-aoniybxgcgmexqcgzdslgsqiowxj/Build/Products/Debug-iphonesimulator/TravelTap.app/__preview.dylib

GenerateAssetSymbols /Users/erders/Documents/TravelTap/TravelTap/Assets.xcassets (in target 'TravelTap' from project 'TravelTap')
    cd /Users/erders/Documents/TravelTap
    /Applications/Xcode.app/Contents/Developer/usr/bin/actool /Users/erders/Documents/TravelTap/TravelTap/Assets.xcassets --compile /Users/erders/Library/Developer/Xcode/DerivedData/TravelTap-aoniybxgcgmexqcgzdslgsqiowxj/Build/Products/Debug-iphonesimulator/TravelTap.app --output-format human-readable-text --notices --warnings --export-dependency-info /Users/erders/Library/Developer/Xcode/DerivedData/TravelTap-aoniybxgcgmexqcgzdslgsqiowxj/Build/Intermediates.noindex/TravelTap.build/Debug-iphonesimulator/TravelTap.build/assetcatalog_dependencies --output-partial-info-plist /Users/erders/Library/Developer/Xcode/DerivedData/TravelTap-aoniybxgcgmexqcgzdslgsqiowxj/Build/Intermediates.noindex/TravelTap.build/Debug-iphonesimulator/TravelTap.build/assetcatalog_generated_info.plist --app-icon AppIcon --accent-color AccentColor --compress-pngs --enable-on-demand-resources YES --development-region en --target-device iphone --target-device ipad --minimum-deployment-target 17.0 --platform iphonesimulator --bundle-identifier com.erders.traveltap.app --generate-swift-asset-symbols /Users/erders/Library/Developer/Xcode/DerivedData/TravelTap-aoniybxgcgmexqcgzdslgsqiowxj/Build/Intermediates.noindex/TravelTap.build/Debug-iphonesimulator/TravelTap.build/DerivedSources/GeneratedAssetSymbols.swift --generate-objc-asset-symbols /Users/erders/Library/Developer/Xcode/DerivedData/TravelTap-aoniybxgcgmexqcgzdslgsqiowxj/Build/Intermediates.noindex/TravelTap.build/Debug-iphonesimulator/TravelTap.build/DerivedSources/GeneratedAssetSymbols.h --generate-asset-symbol-index /Users/erders/Library/Developer/Xcode/DerivedData/TravelTap-aoniybxgcgmexqcgzdslgsqiowxj/Build/Intermediates.noindex/TravelTap.build/Debug-iphonesimulator/TravelTap.build/DerivedSources/GeneratedAssetSymbols-Index.plist
/* com.apple.actool.compilation-results */
/Users/erders/Library/Developer/Xcode/DerivedData/TravelTap-aoniybxgcgmexqcgzdslgsqiowxj/Build/Intermediates.noindex/TravelTap.build/Debug-iphonesimulator/TravelTap.build/DerivedSources/GeneratedAssetSymbols-Index.plist
/Users/erders/Library/Developer/Xcode/DerivedData/TravelTap-aoniybxgcgmexqcgzdslgsqiowxj/Build/Intermediates.noindex/TravelTap.build/Debug-iphonesimulator/TravelTap.build/DerivedSources/GeneratedAssetSymbols.h
/Users/erders/Library/Developer/Xcode/DerivedData/TravelTap-aoniybxgcgmexqcgzdslgsqiowxj/Build/Intermediates.noindex/TravelTap.build/Debug-iphonesimulator/TravelTap.build/DerivedSources/GeneratedAssetSymbols.swift


CpResource /Users/erders/Library/Developer/Xcode/DerivedData/TravelTap-aoniybxgcgmexqcgzdslgsqiowxj/Build/Products/Debug-iphonesimulator/TravelTap.app/Quicksand-Medium.ttf /Users/erders/Documents/TravelTap/TravelTap/Fonts/Quicksand-Medium.ttf (in target 'TravelTap' from project 'TravelTap')
    cd /Users/erders/Documents/TravelTap
    builtin-copy -exclude .DS_Store -exclude CVS -exclude .svn -exclude .git -exclude .hg -resolve-src-symlinks /Users/erders/Documents/TravelTap/TravelTap/Fonts/Quicksand-Medium.ttf /Users/erders/Library/Developer/Xcode/DerivedData/TravelTap-aoniybxgcgmexqcgzdslgsqiowxj/Build/Products/Debug-iphonesimulator/TravelTap.app

MkDir /Users/erders/Library/Developer/Xcode/DerivedData/TravelTap-aoniybxgcgmexqcgzdslgsqiowxj/Build/Intermediates.noindex/TravelTap.build/Debug-iphonesimulator/TravelTap.build/assetcatalog_output/unthinned (in target 'TravelTap' from project 'TravelTap')
    cd /Users/erders/Documents/TravelTap
    /bin/mkdir -p /Users/erders/Library/Developer/Xcode/DerivedData/TravelTap-aoniybxgcgmexqcgzdslgsqiowxj/Build/Intermediates.noindex/TravelTap.build/Debug-iphonesimulator/TravelTap.build/assetcatalog_output/unthinned

CpResource /Users/erders/Library/Developer/Xcode/DerivedData/TravelTap-aoniybxgcgmexqcgzdslgsqiowxj/Build/Products/Debug-iphonesimulator/TravelTap.app/AttractionPhotos /Users/erders/Documents/TravelTap/TravelTap/AttractionPhotos (in target 'TravelTap' from project 'TravelTap')
    cd /Users/erders/Documents/TravelTap
    builtin-copy -exclude .DS_Store -exclude CVS -exclude .svn -exclude .git -exclude .hg -resolve-src-symlinks /Users/erders/Documents/TravelTap/TravelTap/AttractionPhotos /Users/erders/Library/Developer/Xcode/DerivedData/TravelTap-aoniybxgcgmexqcgzdslgsqiowxj/Build/Products/Debug-iphonesimulator/TravelTap.app

MkDir /Users/erders/Library/Developer/Xcode/DerivedData/TravelTap-aoniybxgcgmexqcgzdslgsqiowxj/Build/Intermediates.noindex/TravelTap.build/Debug-iphonesimulator/TravelTap.build/assetcatalog_output/thinned (in target 'TravelTap' from project 'TravelTap')
    cd /Users/erders/Documents/TravelTap
    /bin/mkdir -p /Users/erders/Library/Developer/Xcode/DerivedData/TravelTap-aoniybxgcgmexqcgzdslgsqiowxj/Build/Intermediates.noindex/TravelTap.build/Debug-iphonesimulator/TravelTap.build/assetcatalog_output/thinned

CpResource /Users/erders/Library/Developer/Xcode/DerivedData/TravelTap-aoniybxgcgmexqcgzdslgsqiowxj/Build/Products/Debug-iphonesimulator/TravelTap.app/Quicksand-Bold.ttf /Users/erders/Documents/TravelTap/TravelTap/Fonts/Quicksand-Bold.ttf (in target 'TravelTap' from project 'TravelTap')
    cd /Users/erders/Documents/TravelTap
    builtin-copy -exclude .DS_Store -exclude CVS -exclude .svn -exclude .git -exclude .hg -resolve-src-symlinks /Users/erders/Documents/TravelTap/TravelTap/Fonts/Quicksand-Bold.ttf /Users/erders/Library/Developer/Xcode/DerivedData/TravelTap-aoniybxgcgmexqcgzdslgsqiowxj/Build/Products/Debug-iphonesimulator/TravelTap.app

CompileAssetCatalogVariant thinned /Users/erders/Library/Developer/Xcode/DerivedData/TravelTap-aoniybxgcgmexqcgzdslgsqiowxj/Build/Products/Debug-iphonesimulator/TravelTap.app /Users/erders/Documents/TravelTap/TravelTap/Assets.xcassets (in target 'TravelTap' from project 'TravelTap')
    cd /Users/erders/Documents/TravelTap
    /Applications/Xcode.app/Contents/Developer/usr/bin/actool /Users/erders/Documents/TravelTap/TravelTap/Assets.xcassets --compile /Users/erders/Library/Developer/Xcode/DerivedData/TravelTap-aoniybxgcgmexqcgzdslgsqiowxj/Build/Intermediates.noindex/TravelTap.build/Debug-iphonesimulator/TravelTap.build/assetcatalog_output/thinned --output-format human-readable-text --notices --warnings --export-dependency-info /Users/erders/Library/Developer/Xcode/DerivedData/TravelTap-aoniybxgcgmexqcgzdslgsqiowxj/Build/Intermediates.noindex/TravelTap.build/Debug-iphonesimulator/TravelTap.build/assetcatalog_dependencies_thinned --output-partial-info-plist /Users/erders/Library/Developer/Xcode/DerivedData/TravelTap-aoniybxgcgmexqcgzdslgsqiowxj/Build/Intermediates.noindex/TravelTap.build/Debug-iphonesimulator/TravelTap.build/assetcatalog_generated_info.plist_thinned --app-icon AppIcon --accent-color AccentColor --compress-pngs --enable-on-demand-resources YES --filter-for-thinning-device-configuration iPhone18,3 --filter-for-device-os-version 26.2 --development-region en --target-device iphone --target-device ipad --minimum-deployment-target 17.0 --platform iphonesimulator
/* com.apple.actool.compilation-results */
/Users/erders/Library/Developer/Xcode/DerivedData/TravelTap-aoniybxgcgmexqcgzdslgsqiowxj/Build/Intermediates.noindex/TravelTap.build/Debug-iphonesimulator/TravelTap.build/assetcatalog_generated_info.plist_thinned
/Users/erders/Library/Developer/Xcode/DerivedData/TravelTap-aoniybxgcgmexqcgzdslgsqiowxj/Build/Intermediates.noindex/TravelTap.build/Debug-iphonesimulator/TravelTap.build/assetcatalog_output/thinned/AppIcon60x60@2x.png
/Users/erders/Library/Developer/Xcode/DerivedData/TravelTap-aoniybxgcgmexqcgzdslgsqiowxj/Build/Intermediates.noindex/TravelTap.build/Debug-iphonesimulator/TravelTap.build/assetcatalog_output/thinned/AppIcon76x76@2x~ipad.png
/Users/erders/Library/Developer/Xcode/DerivedData/TravelTap-aoniybxgcgmexqcgzdslgsqiowxj/Build/Intermediates.noindex/TravelTap.build/Debug-iphonesimulator/TravelTap.build/assetcatalog_output/thinned/Assets.car


SwiftDriver TravelTap normal arm64 com.apple.xcode.tools.swift.compiler (in target 'TravelTap' from project 'TravelTap')
    cd /Users/erders/Documents/TravelTap
    builtin-SwiftDriver -- /Applications/Xcode.app/Contents/Developer/Toolchains/XcodeDefault.xctoolchain/usr/bin/swiftc -module-name TravelTap -Onone -enforce-exclusivity\=checked @/Users/erders/Library/Developer/Xcode/DerivedData/TravelTap-aoniybxgcgmexqcgzdslgsqiowxj/Build/Intermediates.noindex/TravelTap.build/Debug-iphonesimulator/TravelTap.build/Objects-normal/arm64/TravelTap.SwiftFileList -DDEBUG -enable-bare-slash-regex -enable-experimental-feature DebugDescriptionMacro -sdk /Applications/Xcode.app/Contents/Developer/Platforms/iPhoneSimulator.platform/Developer/SDKs/iPhoneSimulator26.2.sdk -target arm64-apple-ios17.0-simulator -g -module-cache-path /Users/erders/Library/Developer/Xcode/DerivedData/ModuleCache.noindex -Xfrontend -serialize-debugging-options -enable-testing -index-store-path /Users/erders/Library/Developer/Xcode/DerivedData/TravelTap-aoniybxgcgmexqcgzdslgsqiowxj/Index.noindex/DataStore -Xcc -D_LIBCPP_HARDENING_MODE\=_LIBCPP_HARDENING_MODE_DEBUG -swift-version 5 -I /Users/erders/Library/Developer/Xcode/DerivedData/TravelTap-aoniybxgcgmexqcgzdslgsqiowxj/Build/Products/Debug-iphonesimulator -F /Users/erders/Library/Developer/Xcode/DerivedData/TravelTap-aoniybxgcgmexqcgzdslgsqiowxj/Build/Products/Debug-iphonesimulator -emit-localized-strings -emit-localized-strings-path /Users/erders/Library/Developer/Xcode/DerivedData/TravelTap-aoniybxgcgmexqcgzdslgsqiowxj/Build/Intermediates.noindex/TravelTap.build/Debug-iphonesimulator/TravelTap.build/Objects-normal/arm64 -c -j12 -enable-batch-mode -incremental -Xcc -ivfsstatcache -Xcc /Users/erders/Library/Developer/Xcode/DerivedData/SDKStatCaches.noindex/iphonesimulator26.2-23C53-7d00a8b37fbd7999ea79df8ebc024bf0.sdkstatcache -output-file-map /Users/erders/Library/Developer/Xcode/DerivedData/TravelTap-aoniybxgcgmexqcgzdslgsqiowxj/Build/Intermediates.noindex/TravelTap.build/Debug-iphonesimulator/TravelTap.build/Objects-normal/arm64/TravelTap-OutputFileMap.json -use-frontend-parseable-output -save-temps -no-color-diagnostics -explicit-module-build -module-cache-path /Users/erders/Library/Developer/Xcode/DerivedData/TravelTap-aoniybxgcgmexqcgzdslgsqiowxj/Build/Intermediates.noindex/SwiftExplicitPrecompiledModules -clang-scanner-module-cache-path /Users/erders/Library/Developer/Xcode/DerivedData/ModuleCache.noindex -sdk-module-cache-path /Users/erders/Library/Developer/Xcode/DerivedData/ModuleCache.noindex -serialize-diagnostics -emit-dependencies -emit-module -emit-module-path /Users/erders/Library/Developer/Xcode/DerivedData/TravelTap-aoniybxgcgmexqcgzdslgsqiowxj/Build/Intermediates.noindex/TravelTap.build/Debug-iphonesimulator/TravelTap.build/Objects-normal/arm64/TravelTap.swiftmodule -validate-clang-modules-once -clang-build-session-file /Users/erders/Library/Developer/Xcode/DerivedData/ModuleCache.noindex/Session.modulevalidation -Xcc -I/Users/erders/Library/Developer/Xcode/DerivedData/TravelTap-aoniybxgcgmexqcgzdslgsqiowxj/Build/Intermediates.noindex/TravelTap.build/Debug-iphonesimulator/TravelTap.build/swift-overrides.hmap -emit-const-values -Xfrontend -const-gather-protocols-file -Xfrontend /Users/erders/Library/Developer/Xcode/DerivedData/TravelTap-aoniybxgcgmexqcgzdslgsqiowxj/Build/Intermediates.noindex/TravelTap.build/Debug-iphonesimulator/TravelTap.build/Objects-normal/arm64/TravelTap_const_extract_protocols.json -Xcc -iquote -Xcc /Users/erders/Library/Developer/Xcode/DerivedData/TravelTap-aoniybxgcgmexqcgzdslgsqiowxj/Build/Intermediates.noindex/TravelTap.build/Debug-iphonesimulator/TravelTap.build/TravelTap-generated-files.hmap -Xcc -I/Users/erders/Library/Developer/Xcode/DerivedData/TravelTap-aoniybxgcgmexqcgzdslgsqiowxj/Build/Intermediates.noindex/TravelTap.build/Debug-iphonesimulator/TravelTap.build/TravelTap-own-target-headers.hmap -Xcc -I/Users/erders/Library/Developer/Xcode/DerivedData/TravelTap-aoniybxgcgmexqcgzdslgsqiowxj/Build/Intermediates.noindex/TravelTap.build/Debug-iphonesimulator/TravelTap.build/TravelTap-all-target-headers.hmap -Xcc -iquote -Xcc /Users/erders/Library/Developer/Xcode/DerivedData/TravelTap-aoniybxgcgmexqcgzdslgsqiowxj/Build/Intermediates.noindex/TravelTap.build/Debug-iphonesimulator/TravelTap.build/TravelTap-project-headers.hmap -Xcc -I/Users/erders/Library/Developer/Xcode/DerivedData/TravelTap-aoniybxgcgmexqcgzdslgsqiowxj/Build/Products/Debug-iphonesimulator/include -Xcc -I/Users/erders/Library/Developer/Xcode/DerivedData/TravelTap-aoniybxgcgmexqcgzdslgsqiowxj/Build/Intermediates.noindex/TravelTap.build/Debug-iphonesimulator/TravelTap.build/DerivedSources-normal/arm64 -Xcc -I/Users/erders/Library/Developer/Xcode/DerivedData/TravelTap-aoniybxgcgmexqcgzdslgsqiowxj/Build/Intermediates.noindex/TravelTap.build/Debug-iphonesimulator/TravelTap.build/DerivedSources/arm64 -Xcc -I/Users/erders/Library/Developer/Xcode/DerivedData/TravelTap-aoniybxgcgmexqcgzdslgsqiowxj/Build/Intermediates.noindex/TravelTap.build/Debug-iphonesimulator/TravelTap.build/DerivedSources -Xcc -DDEBUG\=1 -emit-objc-header -emit-objc-header-path /Users/erders/Library/Developer/Xcode/DerivedData/TravelTap-aoniybxgcgmexqcgzdslgsqiowxj/Build/Intermediates.noindex/TravelTap.build/Debug-iphonesimulator/TravelTap.build/Objects-normal/arm64/TravelTap-Swift.h -working-directory /Users/erders/Documents/TravelTap -experimental-emit-module-separately -disable-cmo

SwiftCompile normal arm64 Compiling\ PortGentilCoastalAttractions.swift,\ GabonPackage.swift,\ BrazzavilleAttractions.swift,\ NorthernCongoAttractions.swift,\ PointeNoireAttractions.swift,\ SouthernCongoAttractions.swift,\ RepublicoftheCongoPackage.swift,\ PrincipeAttractions.swift,\ SaoTomeCityAttractions.swift,\ SaoTomeNorthCentralAttractions.swift,\ SaoTomeSouthEastAttractions.swift,\ SaoTomeandPrincipePackage.swift,\ BurundiPackage.swift,\ BujumburaAttractions.swift,\ GitegaCentralAttractions.swift,\ NorthernBurundiAttractions.swift,\ SouthernBurundiAttractions.swift,\ AnjouanAttractions.swift,\ GrandeComoreAttractions.swift,\ MoheliAttractions.swift,\ ComorosPackage.swift,\ DjiboutiCityBeachesAttractions.swift,\ DjiboutiSouthWestAttractions.swift,\ TadjouraNorthAttractions.swift,\ DjiboutiPackage.swift /Users/erders/Documents/TravelTap/TravelTap/Data/Countries/Africa/CentralAfrica/Gabon/Cities/PortGentilCoastalAttractions.swift /Users/erders/Documents/TravelTap/TravelTap/Data/Countries/Africa/CentralAfrica/Gabon/GabonPackage.swift /Users/erders/Documents/TravelTap/TravelTap/Data/Countries/Africa/CentralAfrica/RepublicoftheCongo/Cities/BrazzavilleAttractions.swift /Users/erders/Documents/TravelTap/TravelTap/Data/Countries/Africa/CentralAfrica/RepublicoftheCongo/Cities/NorthernCongoAttractions.swift /Users/erders/Documents/TravelTap/TravelTap/Data/Countries/Africa/CentralAfrica/RepublicoftheCongo/Cities/PointeNoireAttractions.swift /Users/erders/Documents/TravelTap/TravelTap/Data/Countries/Africa/CentralAfrica/RepublicoftheCongo/Cities/SouthernCongoAttractions.swift /Users/erders/Documents/TravelTap/TravelTap/Data/Countries/Africa/CentralAfrica/RepublicoftheCongo/RepublicoftheCongoPackage.swift /Users/erders/Documents/TravelTap/TravelTap/Data/Countries/Africa/CentralAfrica/SaoTomeandPrincipe/Cities/PrincipeAttractions.swift /Users/erders/Documents/TravelTap/TravelTap/Data/Countries/Africa/CentralAfrica/SaoTomeandPrincipe/Cities/SaoTomeCityAttractions.swift /Users/erders/Documents/TravelTap/TravelTap/Data/Countries/Africa/CentralAfrica/SaoTomeandPrincipe/Cities/SaoTomeNorthCentralAttractions.swift /Users/erders/Documents/TravelTap/TravelTap/Data/Countries/Africa/CentralAfrica/SaoTomeandPrincipe/Cities/SaoTomeSouthEastAttractions.swift /Users/erders/Documents/TravelTap/TravelTap/Data/Countries/Africa/CentralAfrica/SaoTomeandPrincipe/SaoTomeandPrincipePackage.swift /Users/erders/Documents/TravelTap/TravelTap/Data/Countries/Africa/EastAfrica/Burundi/BurundiPackage.swift /Users/erders/Documents/TravelTap/TravelTap/Data/Countries/Africa/EastAfrica/Burundi/Cities/BujumburaAttractions.swift /Users/erders/Documents/TravelTap/TravelTap/Data/Countries/Africa/EastAfrica/Burundi/Cities/GitegaCentralAttractions.swift /Users/erders/Documents/TravelTap/TravelTap/Data/Countries/Africa/EastAfrica/Burundi/Cities/NorthernBurundiAttractions.swift /Users/erders/Documents/TravelTap/TravelTap/Data/Countries/Africa/EastAfrica/Burundi/Cities/SouthernBurundiAttractions.swift /Users/erders/Documents/TravelTap/TravelTap/Data/Countries/Africa/EastAfrica/Comoros/Cities/AnjouanAttractions.swift /Users/erders/Documents/TravelTap/TravelTap/Data/Countries/Africa/EastAfrica/Comoros/Cities/GrandeComoreAttractions.swift /Users/erders/Documents/TravelTap/TravelTap/Data/Countries/Africa/EastAfrica/Comoros/Cities/MoheliAttractions.swift /Users/erders/Documents/TravelTap/TravelTap/Data/Countries/Africa/EastAfrica/Comoros/ComorosPackage.swift /Users/erders/Documents/TravelTap/TravelTap/Data/Countries/Africa/EastAfrica/Djibouti/Cities/DjiboutiCityBeachesAttractions.swift /Users/erders/Documents/TravelTap/TravelTap/Data/Countries/Africa/EastAfrica/Djibouti/Cities/DjiboutiSouthWestAttractions.swift /Users/erders/Documents/TravelTap/TravelTap/Data/Countries/Africa/EastAfrica/Djibouti/Cities/TadjouraNorthAttractions.swift /Users/erders/Documents/TravelTap/TravelTap/Data/Countries/Africa/EastAfrica/Djibouti/DjiboutiPackage.swift (in target 'TravelTap' from project 'TravelTap')

SwiftCompile normal arm64 /Users/erders/Documents/TravelTap/TravelTap/Data/Countries/Africa/CentralAfrica/Gabon/Cities/PortGentilCoastalAttractions.swift (in target 'TravelTap' from project 'TravelTap')
    cd /Users/erders/Documents/TravelTap
    

SwiftCompile normal arm64 /Users/erders/Documents/TravelTap/TravelTap/Data/Countries/Africa/CentralAfrica/Gabon/GabonPackage.swift (in target 'TravelTap' from project 'TravelTap')
    cd /Users/erders/Documents/TravelTap
    

SwiftCompile normal arm64 /Users/erders/Documents/TravelTap/TravelTap/Data/Countries/Africa/CentralAfrica/RepublicoftheCongo/Cities/BrazzavilleAttractions.swift (in target 'TravelTap' from project 'TravelTap')
    cd /Users/erders/Documents/TravelTap
    

SwiftCompile normal arm64 /Users/erders/Documents/TravelTap/TravelTap/Data/Countries/Africa/CentralAfrica/RepublicoftheCongo/Cities/NorthernCongoAttractions.swift (in target 'TravelTap' from project 'TravelTap')
    cd /Users/erders/Documents/TravelTap
    

SwiftCompile normal arm64 /Users/erders/Documents/TravelTap/TravelTap/Data/Countries/Africa/CentralAfrica/RepublicoftheCongo/Cities/PointeNoireAttractions.swift (in target 'TravelTap' from project 'TravelTap')
    cd /Users/erders/Documents/TravelTap
    

SwiftCompile normal arm64 /Users/erders/Documents/TravelTap/TravelTap/Data/Countries/Africa/CentralAfrica/RepublicoftheCongo/Cities/SouthernCongoAttractions.swift (in target 'TravelTap' from project 'TravelTap')
    cd /Users/erders/Documents/TravelTap
    

SwiftCompile normal arm64 /Users/erders/Documents/TravelTap/TravelTap/Data/Countries/Africa/CentralAfrica/RepublicoftheCongo/RepublicoftheCongoPackage.swift (in target 'TravelTap' from project 'TravelTap')
    cd /Users/erders/Documents/TravelTap
    

SwiftCompile normal arm64 /Users/erders/Documents/TravelTap/TravelTap/Data/Countries/Africa/CentralAfrica/SaoTomeandPrincipe/Cities/PrincipeAttractions.swift (in target 'TravelTap' from project 'TravelTap')
    cd /Users/erders/Documents/TravelTap
    

SwiftCompile normal arm64 /Users/erders/Documents/TravelTap/TravelTap/Data/Countries/Africa/CentralAfrica/SaoTomeandPrincipe/Cities/SaoTomeCityAttractions.swift (in target 'TravelTap' from project 'TravelTap')
    cd /Users/erders/Documents/TravelTap
    

SwiftCompile normal arm64 /Users/erders/Documents/TravelTap/TravelTap/Data/Countries/Africa/CentralAfrica/SaoTomeandPrincipe/Cities/SaoTomeNorthCentralAttractions.swift (in target 'TravelTap' from project 'TravelTap')
    cd /Users/erders/Documents/TravelTap
    

SwiftCompile normal arm64 /Users/erders/Documents/TravelTap/TravelTap/Data/Countries/Africa/CentralAfrica/SaoTomeandPrincipe/Cities/SaoTomeSouthEastAttractions.swift (in target 'TravelTap' from project 'TravelTap')
    cd /Users/erders/Documents/TravelTap
    

SwiftCompile normal arm64 /Users/erders/Documents/TravelTap/TravelTap/Data/Countries/Africa/CentralAfrica/SaoTomeandPrincipe/SaoTomeandPrincipePackage.swift (in target 'TravelTap' from project 'TravelTap')
    cd /Users/erders/Documents/TravelTap
    

SwiftCompile normal arm64 /Users/erders/Documents/TravelTap/TravelTap/Data/Countries/Africa/EastAfrica/Burundi/BurundiPackage.swift (in target 'TravelTap' from project 'TravelTap')
    cd /Users/erders/Documents/TravelTap
    

SwiftCompile normal arm64 /Users/erders/Documents/TravelTap/TravelTap/Data/Countries/Africa/EastAfrica/Burundi/Cities/BujumburaAttractions.swift (in target 'TravelTap' from project 'TravelTap')
    cd /Users/erders/Documents/TravelTap
    

SwiftCompile normal arm64 /Users/erders/Documents/TravelTap/TravelTap/Data/Countries/Africa/EastAfrica/Burundi/Cities/GitegaCentralAttractions.swift (in target 'TravelTap' from project 'TravelTap')
    cd /Users/erders/Documents/TravelTap
    

SwiftCompile normal arm64 /Users/erders/Documents/TravelTap/TravelTap/Data/Countries/Africa/EastAfrica/Burundi/Cities/NorthernBurundiAttractions.swift (in target 'TravelTap' from project 'TravelTap')
    cd /Users/erders/Documents/TravelTap
    

SwiftCompile normal arm64 /Users/erders/Documents/TravelTap/TravelTap/Data/Countries/Africa/EastAfrica/Burundi/Cities/SouthernBurundiAttractions.swift (in target 'TravelTap' from project 'TravelTap')
    cd /Users/erders/Documents/TravelTap
    

SwiftCompile normal arm64 /Users/erders/Documents/TravelTap/TravelTap/Data/Countries/Africa/EastAfrica/Comoros/Cities/AnjouanAttractions.swift (in target 'TravelTap' from project 'TravelTap')
    cd /Users/erders/Documents/TravelTap
    

SwiftCompile normal arm64 /Users/erders/Documents/TravelTap/TravelTap/Data/Countries/Africa/EastAfrica/Comoros/Cities/GrandeComoreAttractions.swift (in target 'TravelTap' from project 'TravelTap')
    cd /Users/erders/Documents/TravelTap
    

SwiftCompile normal arm64 /Users/erders/Documents/TravelTap/TravelTap/Data/Countries/Africa/EastAfrica/Comoros/Cities/MoheliAttractions.swift (in target 'TravelTap' from project 'TravelTap')
    cd /Users/erders/Documents/TravelTap
    

SwiftCompile normal arm64 /Users/erders/Documents/TravelTap/TravelTap/Data/Countries/Africa/EastAfrica/Comoros/ComorosPackage.swift (in target 'TravelTap' from project 'TravelTap')
    cd /Users/erders/Documents/TravelTap
    

SwiftCompile normal arm64 /Users/erders/Documents/TravelTap/TravelTap/Data/Countries/Africa/EastAfrica/Djibouti/Cities/DjiboutiCityBeachesAttractions.swift (in target 'TravelTap' from project 'TravelTap')
    cd /Users/erders/Documents/TravelTap
    

SwiftCompile normal arm64 /Users/erders/Documents/TravelTap/TravelTap/Data/Countries/Africa/EastAfrica/Djibouti/Cities/DjiboutiSouthWestAttractions.swift (in target 'TravelTap' from project 'TravelTap')
    cd /Users/erders/Documents/TravelTap
    

SwiftCompile normal arm64 /Users/erders/Documents/TravelTap/TravelTap/Data/Countries/Africa/EastAfrica/Djibouti/Cities/TadjouraNorthAttractions.swift (in target 'TravelTap' from project 'TravelTap')
    cd /Users/erders/Documents/TravelTap
    

SwiftCompile normal arm64 /Users/erders/Documents/TravelTap/TravelTap/Data/Countries/Africa/EastAfrica/Djibouti/DjiboutiPackage.swift (in target 'TravelTap' from project 'TravelTap')
    cd /Users/erders/Documents/TravelTap
    

SwiftCompile normal arm64 Compiling\ BucketListCityView.swift,\ AppInfoView.swift,\ TravelStatsCardView.swift,\ AngolaPackage.swift,\ BenguelaAttractions.swift,\ HuilaAttractions.swift,\ KwanzaNorteAttractions.swift,\ LuandaAttractions.swift,\ MalanjeAttractions.swift,\ MbanzaKongoAttractions.swift,\ MoxicoAttractions.swift,\ NamibeAttractions.swift,\ CameroonPackage.swift,\ DoualaAttractions.swift,\ NorthAttractions.swift,\ SouthAttractions.swift,\ SouthWestAttractions.swift,\ WestNorthWestAttractions.swift,\ YaoundeAttractions.swift,\ CentralAfricanRepublicPackage.swift,\ BanguiAttractions.swift,\ BoaliAttractions.swift,\ CentralCARAttractions.swift,\ DzangaSanghaAttractions.swift,\ NorthernParksAttractions.swift /Users/erders/Documents/TravelTap/TravelTap/Views/BucketListCityView.swift /Users/erders/Documents/TravelTap/TravelTap/Views/AppInfoView.swift /Users/erders/Documents/TravelTap/TravelTap/Views/TravelStatsCardView.swift /Users/erders/Documents/TravelTap/TravelTap/Data/Countries/Africa/CentralAfrica/Angola/AngolaPackage.swift /Users/erders/Documents/TravelTap/TravelTap/Data/Countries/Africa/CentralAfrica/Angola/Cities/BenguelaAttractions.swift /Users/erders/Documents/TravelTap/TravelTap/Data/Countries/Africa/CentralAfrica/Angola/Cities/HuilaAttractions.swift /Users/erders/Documents/TravelTap/TravelTap/Data/Countries/Africa/CentralAfrica/Angola/Cities/KwanzaNorteAttractions.swift /Users/erders/Documents/TravelTap/TravelTap/Data/Countries/Africa/CentralAfrica/Angola/Cities/LuandaAttractions.swift /Users/erders/Documents/TravelTap/TravelTap/Data/Countries/Africa/CentralAfrica/Angola/Cities/MalanjeAttractions.swift /Users/erders/Documents/TravelTap/TravelTap/Data/Countries/Africa/CentralAfrica/Angola/Cities/MbanzaKongoAttractions.swift /Users/erders/Documents/TravelTap/TravelTap/Data/Countries/Africa/CentralAfrica/Angola/Cities/MoxicoAttractions.swift /Users/erders/Documents/TravelTap/TravelTap/Data/Countries/Africa/CentralAfrica/Angola/Cities/NamibeAttractions.swift /Users/erders/Documents/TravelTap/TravelTap/Data/Countries/Africa/CentralAfrica/Cameroon/CameroonPackage.swift /Users/erders/Documents/TravelTap/TravelTap/Data/Countries/Africa/CentralAfrica/Cameroon/Cities/DoualaAttractions.swift /Users/erders/Documents/TravelTap/TravelTap/Data/Countries/Africa/CentralAfrica/Cameroon/Cities/NorthAttractions.swift /Users/erders/Documents/TravelTap/TravelTap/Data/Countries/Africa/CentralAfrica/Cameroon/Cities/SouthAttractions.swift /Users/erders/Documents/TravelTap/TravelTap/Data/Countries/Africa/CentralAfrica/Cameroon/Cities/SouthWestAttractions.swift /Users/erders/Documents/TravelTap/TravelTap/Data/Countries/Africa/CentralAfrica/Cameroon/Cities/WestNorthWestAttractions.swift /Users/erders/Documents/TravelTap/TravelTap/Data/Countries/Africa/CentralAfrica/Cameroon/Cities/YaoundeAttractions.swift /Users/erders/Documents/TravelTap/TravelTap/Data/Countries/Africa/CentralAfrica/CentralAfricanRepublic/CentralAfricanRepublicPackage.swift /Users/erders/Documents/TravelTap/TravelTap/Data/Countries/Africa/CentralAfrica/CentralAfricanRepublic/Cities/BanguiAttractions.swift /Users/erders/Documents/TravelTap/TravelTap/Data/Countries/Africa/CentralAfrica/CentralAfricanRepublic/Cities/BoaliAttractions.swift /Users/erders/Documents/TravelTap/TravelTap/Data/Countries/Africa/CentralAfrica/CentralAfricanRepublic/Cities/CentralCARAttractions.swift /Users/erders/Documents/TravelTap/TravelTap/Data/Countries/Africa/CentralAfrica/CentralAfricanRepublic/Cities/DzangaSanghaAttractions.swift /Users/erders/Documents/TravelTap/TravelTap/Data/Countries/Africa/CentralAfrica/CentralAfricanRepublic/Cities/NorthernParksAttractions.swift (in target 'TravelTap' from project 'TravelTap')
SwiftCompile normal arm64 /Users/erders/Documents/TravelTap/TravelTap/Views/BucketListCityView.swift (in target 'TravelTap' from project 'TravelTap')
    cd /Users/erders/Documents/TravelTap
    

SwiftCompile normal arm64 /Users/erders/Documents/TravelTap/TravelTap/Views/AppInfoView.swift (in target 'TravelTap' from project 'TravelTap')
    cd /Users/erders/Documents/TravelTap
    

SwiftCompile normal arm64 /Users/erders/Documents/TravelTap/TravelTap/Views/TravelStatsCardView.swift (in target 'TravelTap' from project 'TravelTap')
    cd /Users/erders/Documents/TravelTap
    

SwiftCompile normal arm64 /Users/erders/Documents/TravelTap/TravelTap/Data/Countries/Africa/CentralAfrica/Angola/AngolaPackage.swift (in target 'TravelTap' from project 'TravelTap')
    cd /Users/erders/Documents/TravelTap
    

SwiftCompile normal arm64 /Users/erders/Documents/TravelTap/TravelTap/Data/Countries/Africa/CentralAfrica/Angola/Cities/BenguelaAttractions.swift (in target 'TravelTap' from project 'TravelTap')
    cd /Users/erders/Documents/TravelTap
    

SwiftCompile normal arm64 /Users/erders/Documents/TravelTap/TravelTap/Data/Countries/Africa/CentralAfrica/Angola/Cities/HuilaAttractions.swift (in target 'TravelTap' from project 'TravelTap')
    cd /Users/erders/Documents/TravelTap
    

SwiftCompile normal arm64 /Users/erders/Documents/TravelTap/TravelTap/Data/Countries/Africa/CentralAfrica/Angola/Cities/KwanzaNorteAttractions.swift (in target 'TravelTap' from project 'TravelTap')
    cd /Users/erders/Documents/TravelTap
    

SwiftCompile normal arm64 /Users/erders/Documents/TravelTap/TravelTap/Data/Countries/Africa/CentralAfrica/Angola/Cities/LuandaAttractions.swift (in target 'TravelTap' from project 'TravelTap')
    cd /Users/erders/Documents/TravelTap
    

SwiftCompile normal arm64 /Users/erders/Documents/TravelTap/TravelTap/Data/Countries/Africa/CentralAfrica/Angola/Cities/MalanjeAttractions.swift (in target 'TravelTap' from project 'TravelTap')
    cd /Users/erders/Documents/TravelTap
    

SwiftCompile normal arm64 /Users/erders/Documents/TravelTap/TravelTap/Data/Countries/Africa/CentralAfrica/Angola/Cities/MbanzaKongoAttractions.swift (in target 'TravelTap' from project 'TravelTap')
    cd /Users/erders/Documents/TravelTap
    

SwiftCompile normal arm64 /Users/erders/Documents/TravelTap/TravelTap/Data/Countries/Africa/CentralAfrica/Angola/Cities/MoxicoAttractions.swift (in target 'TravelTap' from project 'TravelTap')
    cd /Users/erders/Documents/TravelTap
    

SwiftCompile normal arm64 /Users/erders/Documents/TravelTap/TravelTap/Data/Countries/Africa/CentralAfrica/Angola/Cities/NamibeAttractions.swift (in target 'TravelTap' from project 'TravelTap')
    cd /Users/erders/Documents/TravelTap
    

SwiftCompile normal arm64 /Users/erders/Documents/TravelTap/TravelTap/Data/Countries/Africa/CentralAfrica/Cameroon/CameroonPackage.swift (in target 'TravelTap' from project 'TravelTap')
    cd /Users/erders/Documents/TravelTap
    

SwiftCompile normal arm64 /Users/erders/Documents/TravelTap/TravelTap/Data/Countries/Africa/CentralAfrica/Cameroon/Cities/DoualaAttractions.swift (in target 'TravelTap' from project 'TravelTap')
    cd /Users/erders/Documents/TravelTap
    

SwiftCompile normal arm64 /Users/erders/Documents/TravelTap/TravelTap/Data/Countries/Africa/CentralAfrica/Cameroon/Cities/NorthAttractions.swift (in target 'TravelTap' from project 'TravelTap')
    cd /Users/erders/Documents/TravelTap
    

SwiftCompile normal arm64 /Users/erders/Documents/TravelTap/TravelTap/Data/Countries/Africa/CentralAfrica/Cameroon/Cities/SouthAttractions.swift (in target 'TravelTap' from project 'TravelTap')
    cd /Users/erders/Documents/TravelTap
    

SwiftCompile normal arm64 /Users/erders/Documents/TravelTap/TravelTap/Data/Countries/Africa/CentralAfrica/Cameroon/Cities/SouthWestAttractions.swift (in target 'TravelTap' from project 'TravelTap')
    cd /Users/erders/Documents/TravelTap
    

SwiftCompile normal arm64 /Users/erders/Documents/TravelTap/TravelTap/Data/Countries/Africa/CentralAfrica/Cameroon/Cities/WestNorthWestAttractions.swift (in target 'TravelTap' from project 'TravelTap')
    cd /Users/erders/Documents/TravelTap
    

SwiftCompile normal arm64 /Users/erders/Documents/TravelTap/TravelTap/Data/Countries/Africa/CentralAfrica/Cameroon/Cities/YaoundeAttractions.swift (in target 'TravelTap' from project 'TravelTap')
    cd /Users/erders/Documents/TravelTap
    

SwiftCompile normal arm64 /Users/erders/Documents/TravelTap/TravelTap/Data/Countries/Africa/CentralAfrica/CentralAfricanRepublic/CentralAfricanRepublicPackage.swift (in target 'TravelTap' from project 'TravelTap')
    cd /Users/erders/Documents/TravelTap
    

SwiftCompile normal arm64 /Users/erders/Documents/TravelTap/TravelTap/Data/Countries/Africa/CentralAfrica/CentralAfricanRepublic/Cities/BanguiAttractions.swift (in target 'TravelTap' from project 'TravelTap')
    cd /Users/erders/Documents/TravelTap
    

SwiftCompile normal arm64 /Users/erders/Documents/TravelTap/TravelTap/Data/Countries/Africa/CentralAfrica/CentralAfricanRepublic/Cities/BoaliAttractions.swift (in target 'TravelTap' from project 'TravelTap')
    cd /Users/erders/Documents/TravelTap
    

SwiftCompile normal arm64 /Users/erders/Documents/TravelTap/TravelTap/Data/Countries/Africa/CentralAfrica/CentralAfricanRepublic/Cities/CentralCARAttractions.swift (in target 'TravelTap' from project 'TravelTap')
    cd /Users/erders/Documents/TravelTap
    

SwiftCompile normal arm64 /Users/erders/Documents/TravelTap/TravelTap/Data/Countries/Africa/CentralAfrica/CentralAfricanRepublic/Cities/DzangaSanghaAttractions.swift (in target 'TravelTap' from project 'TravelTap')
    cd /Users/erders/Documents/TravelTap
    

SwiftCompile normal arm64 /Users/erders/Documents/TravelTap/TravelTap/Data/Countries/Africa/CentralAfrica/CentralAfricanRepublic/Cities/NorthernParksAttractions.swift (in target 'TravelTap' from project 'TravelTap')
    cd /Users/erders/Documents/TravelTap
    

SwiftCompile normal arm64 Compiling\ TravelTapApp.swift,\ ContentView.swift,\ Attraction.swift,\ CountryPackage.swift,\ AttractionData.swift,\ WorldMapView.swift,\ TravelMapView.swift,\ CountryMapView.swift,\ AttractionInfoCard.swift,\ AttractionDetailView.swift,\ BundledPhotoManager.swift,\ CityMapView.swift,\ MapAnnotationView.swift,\ RatingManager.swift,\ GooglePlacesManager.swift,\ PhotoDiskCache.swift,\ TierVoteManager.swift,\ BrandColors.swift,\ StarRatingView.swift,\ ShareSheet.swift,\ VisitedAttractionsManager.swift,\ BucketListView.swift,\ SplashScreenView.swift,\ WelcomeView.swift,\ AttractionsListView.swift /Users/erders/Documents/TravelTap/TravelTap/TravelTapApp.swift /Users/erders/Documents/TravelTap/TravelTap/ContentView.swift /Users/erders/Documents/TravelTap/TravelTap/Models/Attraction.swift /Users/erders/Documents/TravelTap/TravelTap/Models/CountryPackage.swift /Users/erders/Documents/TravelTap/TravelTap/Data/AttractionData.swift /Users/erders/Documents/TravelTap/TravelTap/Views/WorldMapView.swift /Users/erders/Documents/TravelTap/TravelTap/Views/TravelMapView.swift /Users/erders/Documents/TravelTap/TravelTap/Views/CountryMapView.swift /Users/erders/Documents/TravelTap/TravelTap/Views/AttractionInfoCard.swift /Users/erders/Documents/TravelTap/TravelTap/Views/AttractionDetailView.swift /Users/erders/Documents/TravelTap/TravelTap/Services/BundledPhotoManager.swift /Users/erders/Documents/TravelTap/TravelTap/Views/CityMapView.swift /Users/erders/Documents/TravelTap/TravelTap/Views/MapAnnotationView.swift /Users/erders/Documents/TravelTap/TravelTap/Services/RatingManager.swift /Users/erders/Documents/TravelTap/TravelTap/Services/GooglePlacesManager.swift /Users/erders/Documents/TravelTap/TravelTap/Services/PhotoDiskCache.swift /Users/erders/Documents/TravelTap/TravelTap/Services/TierVoteManager.swift /Users/erders/Documents/TravelTap/TravelTap/Services/BrandColors.swift /Users/erders/Documents/TravelTap/TravelTap/Views/StarRatingView.swift /Users/erders/Documents/TravelTap/TravelTap/Views/ShareSheet.swift /Users/erders/Documents/TravelTap/TravelTap/Services/VisitedAttractionsManager.swift /Users/erders/Documents/TravelTap/TravelTap/Views/BucketListView.swift /Users/erders/Documents/TravelTap/TravelTap/Views/SplashScreenView.swift /Users/erders/Documents/TravelTap/TravelTap/Views/WelcomeView.swift /Users/erders/Documents/TravelTap/TravelTap/Views/AttractionsListView.swift (in target 'TravelTap' from project 'TravelTap')
Failed frontend command:
/Applications/Xcode.app/Contents/Developer/Toolchains/XcodeDefault.xctoolchain/usr/bin/swift-frontend -frontend -c -filelist /Users/erders/Library/Developer/Xcode/DerivedData/TravelTap-aoniybxgcgmexqcgzdslgsqiowxj/Build/Intermediates.noindex/TravelTap.build/Debug-iphonesimulator/TravelTap.build/Objects-normal/arm64/sources-1 -primary-file /Users/erders/Documents/TravelTap/TravelTap/TravelTapApp.swift -primary-file /Users/erders/Documents/TravelTap/TravelTap/ContentView.swift -primary-file /Users/erders/Documents/TravelTap/TravelTap/Models/Attraction.swift -primary-file /Users/erders/Documents/TravelTap/TravelTap/Models/CountryPackage.swift -primary-file /Users/erders/Documents/TravelTap/TravelTap/Data/AttractionData.swift -primary-file /Users/erders/Documents/TravelTap/TravelTap/Views/WorldMapView.swift -primary-file /Users/erders/Documents/TravelTap/TravelTap/Views/TravelMapView.swift -primary-file /Users/erders/Documents/TravelTap/TravelTap/Views/CountryMapView.swift -primary-file /Users/erders/Documents/TravelTap/TravelTap/Views/AttractionInfoCard.swift -primary-file /Users/erders/Documents/TravelTap/TravelTap/Views/AttractionDetailView.swift -primary-file /Users/erders/Documents/TravelTap/TravelTap/Services/BundledPhotoManager.swift -primary-file /Users/erders/Documents/TravelTap/TravelTap/Views/CityMapView.swift -primary-file /Users/erders/Documents/TravelTap/TravelTap/Views/MapAnnotationView.swift -primary-file /Users/erders/Documents/TravelTap/TravelTap/Services/RatingManager.swift -primary-file /Users/erders/Documents/TravelTap/TravelTap/Services/GooglePlacesManager.swift -primary-file /Users/erders/Documents/TravelTap/TravelTap/Services/PhotoDiskCache.swift -primary-file /Users/erders/Documents/TravelTap/TravelTap/Services/TierVoteManager.swift -primary-file /Users/erders/Documents/TravelTap/TravelTap/Services/BrandColors.swift -primary-file /Users/erders/Documents/TravelTap/TravelTap/Views/StarRatingView.swift -primary-file /Users/erders/Documents/TravelTap/TravelTap/Views/ShareSheet.swift -primary-file /Users/erders/Documents/TravelTap/TravelTap/Services/VisitedAttractionsManager.swift -primary-file /Users/erders/Documents/TravelTap/TravelTap/Views/BucketListView.swift -primary-file /Users/erders/Documents/TravelTap/TravelTap/Views/SplashScreenView.swift -primary-file /Users/erders/Documents/TravelTap/TravelTap/Views/WelcomeView.swift -primary-file /Users/erders/Documents/TravelTap/TravelTap/Views/AttractionsListView.swift -supplementary-output-file-map /Users/erders/Library/Developer/Xcode/DerivedData/TravelTap-aoniybxgcgmexqcgzdslgsqiowxj/Build/Intermediates.noindex/TravelTap.build/Debug-iphonesimulator/TravelTap.build/Objects-normal/arm64/supplementaryOutputs-1 -emit-localized-strings -emit-localized-strings-path /Users/erders/Library/Developer/Xcode/DerivedData/TravelTap-aoniybxgcgmexqcgzdslgsqiowxj/Build/Intermediates.noindex/TravelTap.build/Debug-iphonesimulator/TravelTap.build/Objects-normal/arm64 -target arm64-apple-ios17.0-simulator -module-can-import-version DeveloperToolsSupport 23.0.4 23.0.4 -module-can-import-version SwiftUI 7.2.5.1 7.2.5 -module-can-import-version UIKit 9126.2.4.1 9126.2.4 -disable-cross-import-overlay-search -swift-module-cross-import MapKit /Applications/Xcode.app/Contents/Developer/Platforms/iPhoneSimulator.platform/Developer/SDKs/iPhoneSimulator.sdk/System/Library/Frameworks/MapKit.framework/Modules/MapKit.swiftcrossimport/SwiftUI.swiftoverlay -load-resolved-plugin /Applications/Xcode.app/Contents/Developer/Platforms/iPhoneOS.platform/Developer/usr/lib/swift/host/plugins/libFoundationMacros.dylib\#/Applications/Xcode.app/Contents/Developer/Platforms/iPhoneOS.platform/Developer/usr/bin/swift-plugin-server\#FoundationMacros -load-resolved-plugin /Applications/Xcode.app/Contents/Developer/Platforms/iPhoneOS.platform/Developer/usr/lib/swift/host/plugins/libObservationMacros.dylib\#/Applications/Xcode.app/Contents/Developer/Platforms/iPhoneOS.platform/Developer/usr/bin/swift-plugin-server\#ObservationMacros -load-resolved-plugin /Applications/Xcode.app/Contents/Developer/Platforms/iPhoneOS.platform/Developer/usr/lib/swift/host/plugins/libPreviewsMacros.dylib\#/Applications/Xcode.app/Contents/Developer/Platforms/iPhoneOS.platform/Developer/usr/bin/swift-plugin-server\#PreviewsMacros -load-resolved-plugin /Applications/Xcode.app/Contents/Developer/Platforms/iPhoneOS.platform/Developer/usr/lib/swift/host/plugins/libSwiftMacros.dylib\#/Applications/Xcode.app/Contents/Developer/Platforms/iPhoneOS.platform/Developer/usr/bin/swift-plugin-server\#SwiftMacros -load-resolved-plugin /Applications/Xcode.app/Contents/Developer/Platforms/iPhoneOS.platform/Developer/usr/lib/swift/host/plugins/libSwiftUIMacros.dylib\#/Applications/Xcode.app/Contents/Developer/Platforms/iPhoneOS.platform/Developer/usr/bin/swift-plugin-server\#SwiftUIMacros -disable-implicit-swift-modules -Xcc -fno-implicit-modules -Xcc -fno-implicit-module-maps -explicit-swift-module-map-file /Users/erders/Library/Developer/Xcode/DerivedData/TravelTap-aoniybxgcgmexqcgzdslgsqiowxj/Build/Intermediates.noindex/TravelTap.build/Debug-iphonesimulator/TravelTap.build/Objects-normal/arm64/TravelTap-dependencies-1.json -Xllvm -aarch64-use-tbi -enable-objc-interop -sdk /Applications/Xcode.app/Contents/Developer/Platforms/iPhoneSimulator.platform/Developer/SDKs/iPhoneSimulator26.2.sdk -I /Users/erders/Library/Developer/Xcode/DerivedData/TravelTap-aoniybxgcgmexqcgzdslgsqiowxj/Build/Products/Debug-iphonesimulator -F /Users/erders/Library/Developer/Xcode/DerivedData/TravelTap-aoniybxgcgmexqcgzdslgsqiowxj/Build/Products/Debug-iphonesimulator -no-color-diagnostics -Xcc -fno-color-diagnostics -enable-testing -g -debug-info-format\=dwarf -dwarf-version\=4 -module-cache-path /Users/erders/Library/Developer/Xcode/DerivedData/TravelTap-aoniybxgcgmexqcgzdslgsqiowxj/Build/Intermediates.noindex/SwiftExplicitPrecompiledModules -swift-version 5 -enforce-exclusivity\=checked -Onone -D DEBUG -serialize-debugging-options -const-gather-protocols-file /Users/erders/Library/Developer/Xcode/DerivedData/TravelTap-aoniybxgcgmexqcgzdslgsqiowxj/Build/Intermediates.noindex/TravelTap.build/Debug-iphonesimulator/TravelTap.build/Objects-normal/arm64/TravelTap_const_extract_protocols.json -enable-experimental-feature DebugDescriptionMacro -enable-bare-slash-regex -empty-abi-descriptor -validate-clang-modules-once -clang-build-session-file /Users/erders/Library/Developer/Xcode/DerivedData/ModuleCache.noindex/Session.modulevalidation -Xcc -working-directory -Xcc /Users/erders/Documents/TravelTap -enable-anonymous-context-mangled-names -file-compilation-dir /Users/erders/Documents/TravelTap -Xcc -D_LIBCPP_HARDENING_MODE\=_LIBCPP_HARDENING_MODE_DEBUG -Xcc -ivfsstatcache -Xcc /Users/erders/Library/Developer/Xcode/DerivedData/SDKStatCaches.noindex/iphonesimulator26.2-23C53-7d00a8b37fbd7999ea79df8ebc024bf0.sdkstatcache -Xcc -I/Users/erders/Library/Developer/Xcode/DerivedData/TravelTap-aoniybxgcgmexqcgzdslgsqiowxj/Build/Intermediates.noindex/TravelTap.build/Debug-iphonesimulator/TravelTap.build/swift-overrides.hmap -Xcc -iquote -Xcc /Users/erders/Library/Developer/Xcode/DerivedData/TravelTap-aoniybxgcgmexqcgzdslgsqiowxj/Build/Intermediates.noindex/TravelTap.build/Debug-iphonesimulator/TravelTap.build/TravelTap-generated-files.hmap -Xcc -I/Users/erders/Library/Developer/Xcode/DerivedData/TravelTap-aoniybxgcgmexqcgzdslgsqiowxj/Build/Intermediates.noindex/TravelTap.build/Debug-iphonesimulator/TravelTap.build/TravelTap-own-target-headers.hmap -Xcc -I/Users/erders/Library/Developer/Xcode/DerivedData/TravelTap-aoniybxgcgmexqcgzdslgsqiowxj/Build/Intermediates.noindex/TravelTap.build/Debug-iphonesimulator/TravelTap.build/TravelTap-all-target-headers.hmap -Xcc -iquote -Xcc /Users/erders/Library/Developer/Xcode/DerivedData/TravelTap-aoniybxgcgmexqcgzdslgsqiowxj/Build/Intermediates.noindex/TravelTap.build/Debug-iphonesimulator/TravelTap.build/TravelTap-project-headers.hmap -Xcc -I/Users/erders/Library/Developer/Xcode/DerivedData/TravelTap-aoniybxgcgmexqcgzdslgsqiowxj/Build/Products/Debug-iphonesimulator/include -Xcc -I/Users/erders/Library/Developer/Xcode/DerivedData/TravelTap-aoniybxgcgmexqcgzdslgsqiowxj/Build/Intermediates.noindex/TravelTap.build/Debug-iphonesimulator/TravelTap.build/DerivedSources-normal/arm64 -Xcc -I/Users/erders/Library/Developer/Xcode/DerivedData/TravelTap-aoniybxgcgmexqcgzdslgsqiowxj/Build/Intermediates.noindex/TravelTap.build/Debug-iphonesimulator/TravelTap.build/DerivedSources/arm64 -Xcc -I/Users/erders/Library/Developer/Xcode/DerivedData/TravelTap-aoniybxgcgmexqcgzdslgsqiowxj/Build/Intermediates.noindex/TravelTap.build/Debug-iphonesimulator/TravelTap.build/DerivedSources -Xcc -DDEBUG\=1 -no-auto-bridging-header-chaining -module-name TravelTap -frontend-parseable-output -disable-clang-spi -target-sdk-version 26.2 -target-sdk-name iphonesimulator26.2 -clang-target arm64-apple-ios26.2-simulator -in-process-plugin-server-path /Applications/Xcode.app/Contents/Developer/Toolchains/XcodeDefault.xctoolchain/usr/lib/swift/host/libSwiftInProcPluginServer.dylib -o /Users/erders/Library/Developer/Xcode/DerivedData/TravelTap-aoniybxgcgmexqcgzdslgsqiowxj/Build/Intermediates.noindex/TravelTap.build/Debug-iphonesimulator/TravelTap.build/Objects-normal/arm64/TravelTapApp.o -o /Users/erders/Library/Developer/Xcode/DerivedData/TravelTap-aoniybxgcgmexqcgzdslgsqiowxj/Build/Intermediates.noindex/TravelTap.build/Debug-iphonesimulator/TravelTap.build/Objects-normal/arm64/ContentView.o -o /Users/erders/Library/Developer/Xcode/DerivedData/TravelTap-aoniybxgcgmexqcgzdslgsqiowxj/Build/Intermediates.noindex/TravelTap.build/Debug-iphonesimulator/TravelTap.build/Objects-normal/arm64/Attraction.o -o /Users/erders/Library/Developer/Xcode/DerivedData/TravelTap-aoniybxgcgmexqcgzdslgsqiowxj/Build/Intermediates.noindex/TravelTap.build/Debug-iphonesimulator/TravelTap.build/Objects-normal/arm64/CountryPackage.o -o /Users/erders/Library/Developer/Xcode/DerivedData/TravelTap-aoniybxgcgmexqcgzdslgsqiowxj/Build/Intermediates.noindex/TravelTap.build/Debug-iphonesimulator/TravelTap.build/Objects-normal/arm64/AttractionData.o -o /Users/erders/Library/Developer/Xcode/DerivedData/TravelTap-aoniybxgcgmexqcgzdslgsqiowxj/Build/Intermediates.noindex/TravelTap.build/Debug-iphonesimulator/TravelTap.build/Objects-normal/arm64/WorldMapView.o -o /Users/erders/Library/Developer/Xcode/DerivedData/TravelTap-aoniybxgcgmexqcgzdslgsqiowxj/Build/Intermediates.noindex/TravelTap.build/Debug-iphonesimulator/TravelTap.build/Objects-normal/arm64/TravelMapView.o -o /Users/erders/Library/Developer/Xcode/DerivedData/TravelTap-aoniybxgcgmexqcgzdslgsqiowxj/Build/Intermediates.noindex/TravelTap.build/Debug-iphonesimulator/TravelTap.build/Objects-normal/arm64/CountryMapView.o -o /Users/erders/Library/Developer/Xcode/DerivedData/TravelTap-aoniybxgcgmexqcgzdslgsqiowxj/Build/Intermediates.noindex/TravelTap.build/Debug-iphonesimulator/TravelTap.build/Objects-normal/arm64/AttractionInfoCard.o -o /Users/erders/Library/Developer/Xcode/DerivedData/TravelTap-aoniybxgcgmexqcgzdslgsqiowxj/Build/Intermediates.noindex/TravelTap.build/Debug-iphonesimulator/TravelTap.build/Objects-normal/arm64/AttractionDetailView.o -o /Users/erders/Library/Developer/Xcode/DerivedData/TravelTap-aoniybxgcgmexqcgzdslgsqiowxj/Build/Intermediates.noindex/TravelTap.build/Debug-iphonesimulator/TravelTap.build/Objects-normal/arm64/BundledPhotoManager.o -o /Users/erders/Library/Developer/Xcode/DerivedData/TravelTap-aoniybxgcgmexqcgzdslgsqiowxj/Build/Intermediates.noindex/TravelTap.build/Debug-iphonesimulator/TravelTap.build/Objects-normal/arm64/CityMapView.o -o /Users/erders/Library/Developer/Xcode/DerivedData/TravelTap-aoniybxgcgmexqcgzdslgsqiowxj/Build/Intermediates.noindex/TravelTap.build/Debug-iphonesimulator/TravelTap.build/Objects-normal/arm64/MapAnnotationView.o -o /Users/erders/Library/Developer/Xcode/DerivedData/TravelTap-aoniybxgcgmexqcgzdslgsqiowxj/Build/Intermediates.noindex/TravelTap.build/Debug-iphonesimulator/TravelTap.build/Objects-normal/arm64/RatingManager.o -o /Users/erders/Library/Developer/Xcode/DerivedData/TravelTap-aoniybxgcgmexqcgzdslgsqiowxj/Build/Intermediates.noindex/TravelTap.build/Debug-iphonesimulator/TravelTap.build/Objects-normal/arm64/GooglePlacesManager.o -o /Users/erders/Library/Developer/Xcode/DerivedData/TravelTap-aoniybxgcgmexqcgzdslgsqiowxj/Build/Intermediates.noindex/TravelTap.build/Debug-iphonesimulator/TravelTap.build/Objects-normal/arm64/PhotoDiskCache.o -o /Users/erders/Library/Developer/Xcode/DerivedData/TravelTap-aoniybxgcgmexqcgzdslgsqiowxj/Build/Intermediates.noindex/TravelTap.build/Debug-iphonesimulator/TravelTap.build/Objects-normal/arm64/TierVoteManager.o -o /Users/erders/Library/Developer/Xcode/DerivedData/TravelTap-aoniybxgcgmexqcgzdslgsqiowxj/Build/Intermediates.noindex/TravelTap.build/Debug-iphonesimulator/TravelTap.build/Objects-normal/arm64/BrandColors.o -o /Users/erders/Library/Developer/Xcode/DerivedData/TravelTap-aoniybxgcgmexqcgzdslgsqiowxj/Build/Intermediates.noindex/TravelTap.build/Debug-iphonesimulator/TravelTap.build/Objects-normal/arm64/StarRatingView.o -o /Users/erders/Library/Developer/Xcode/DerivedData/TravelTap-aoniybxgcgmexqcgzdslgsqiowxj/Build/Intermediates.noindex/TravelTap.build/Debug-iphonesimulator/TravelTap.build/Objects-normal/arm64/ShareSheet.o -o /Users/erders/Library/Developer/Xcode/DerivedData/TravelTap-aoniybxgcgmexqcgzdslgsqiowxj/Build/Intermediates.noindex/TravelTap.build/Debug-iphonesimulator/TravelTap.build/Objects-normal/arm64/VisitedAttractionsManager.o -o /Users/erders/Library/Developer/Xcode/DerivedData/TravelTap-aoniybxgcgmexqcgzdslgsqiowxj/Build/Intermediates.noindex/TravelTap.build/Debug-iphonesimulator/TravelTap.build/Objects-normal/arm64/BucketListView.o -o /Users/erders/Library/Developer/Xcode/DerivedData/TravelTap-aoniybxgcgmexqcgzdslgsqiowxj/Build/Intermediates.noindex/TravelTap.build/Debug-iphonesimulator/TravelTap.build/Objects-normal/arm64/SplashScreenView.o -o /Users/erders/Library/Developer/Xcode/DerivedData/TravelTap-aoniybxgcgmexqcgzdslgsqiowxj/Build/Intermediates.noindex/TravelTap.build/Debug-iphonesimulator/TravelTap.build/Objects-normal/arm64/WelcomeView.o -o /Users/erders/Library/Developer/Xcode/DerivedData/TravelTap-aoniybxgcgmexqcgzdslgsqiowxj/Build/Intermediates.noindex/TravelTap.build/Debug-iphonesimulator/TravelTap.build/Objects-normal/arm64/AttractionsListView.o -index-unit-output-path /TravelTap.build/Debug-iphonesimulator/TravelTap.build/Objects-normal/arm64/TravelTapApp.o -index-unit-output-path /TravelTap.build/Debug-iphonesimulator/TravelTap.build/Objects-normal/arm64/ContentView.o -index-unit-output-path /TravelTap.build/Debug-iphonesimulator/TravelTap.build/Objects-normal/arm64/Attraction.o -index-unit-output-path /TravelTap.build/Debug-iphonesimulator/TravelTap.build/Objects-normal/arm64/CountryPackage.o -index-unit-output-path /TravelTap.build/Debug-iphonesimulator/TravelTap.build/Objects-normal/arm64/AttractionData.o -index-unit-output-path /TravelTap.build/Debug-iphonesimulator/TravelTap.build/Objects-normal/arm64/WorldMapView.o -index-unit-output-path /TravelTap.build/Debug-iphonesimulator/TravelTap.build/Objects-normal/arm64/TravelMapView.o -index-unit-output-path /TravelTap.build/Debug-iphonesimulator/TravelTap.build/Objects-normal/arm64/CountryMapView.o -index-unit-output-path /TravelTap.build/Debug-iphonesimulator/TravelTap.build/Objects-normal/arm64/AttractionInfoCard.o -index-unit-output-path /TravelTap.build/Debug-iphonesimulator/TravelTap.build/Objects-normal/arm64/AttractionDetailView.o -index-unit-output-path /TravelTap.build/Debug-iphonesimulator/TravelTap.build/Objects-normal/arm64/BundledPhotoManager.o -index-unit-output-path /TravelTap.build/Debug-iphonesimulator/TravelTap.build/Objects-normal/arm64/CityMapView.o -index-unit-output-path /TravelTap.build/Debug-iphonesimulator/TravelTap.build/Objects-normal/arm64/MapAnnotationView.o -index-unit-output-path /TravelTap.build/Debug-iphonesimulator/TravelTap.build/Objects-normal/arm64/RatingManager.o -index-unit-output-path /TravelTap.build/Debug-iphonesimulator/TravelTap.build/Objects-normal/arm64/GooglePlacesManager.o -index-unit-output-path /TravelTap.build/Debug-iphonesimulator/TravelTap.build/Objects-normal/arm64/PhotoDiskCache.o -index-unit-output-path /TravelTap.build/Debug-iphonesimulator/TravelTap.build/Objects-normal/arm64/TierVoteManager.o -index-unit-output-path /TravelTap.build/Debug-iphonesimulator/TravelTap.build/Objects-normal/arm64/BrandColors.o -index-unit-output-path /TravelTap.build/Debug-iphonesimulator/TravelTap.build/Objects-normal/arm64/StarRatingView.o -index-unit-output-path /TravelTap.build/Debug-iphonesimulator/TravelTap.build/Objects-normal/arm64/ShareSheet.o -index-unit-output-path /TravelTap.build/Debug-iphonesimulator/TravelTap.build/Objects-normal/arm64/VisitedAttractionsManager.o -index-unit-output-path /TravelTap.build/Debug-iphonesimulator/TravelTap.build/Objects-normal/arm64/BucketListView.o -index-unit-output-path /TravelTap.build/Debug-iphonesimulator/TravelTap.build/Objects-normal/arm64/SplashScreenView.o -index-unit-output-path /TravelTap.build/Debug-iphonesimulator/TravelTap.build/Objects-normal/arm64/WelcomeView.o -index-unit-output-path /TravelTap.build/Debug-iphonesimulator/TravelTap.build/Objects-normal/arm64/AttractionsListView.o -index-store-path /Users/erders/Library/Developer/Xcode/DerivedData/TravelTap-aoniybxgcgmexqcgzdslgsqiowxj/Index.noindex/DataStore -index-system-modules

SwiftCompile normal arm64 /Users/erders/Documents/TravelTap/TravelTap/TravelTapApp.swift (in target 'TravelTap' from project 'TravelTap')
    cd /Users/erders/Documents/TravelTap
    

SwiftCompile normal arm64 /Users/erders/Documents/TravelTap/TravelTap/ContentView.swift (in target 'TravelTap' from project 'TravelTap')
    cd /Users/erders/Documents/TravelTap
    

SwiftCompile normal arm64 /Users/erders/Documents/TravelTap/TravelTap/Models/Attraction.swift (in target 'TravelTap' from project 'TravelTap')
    cd /Users/erders/Documents/TravelTap
    

SwiftCompile normal arm64 /Users/erders/Documents/TravelTap/TravelTap/Models/CountryPackage.swift (in target 'TravelTap' from project 'TravelTap')
    cd /Users/erders/Documents/TravelTap
    

SwiftCompile normal arm64 /Users/erders/Documents/TravelTap/TravelTap/Data/AttractionData.swift (in target 'TravelTap' from project 'TravelTap')
    cd /Users/erders/Documents/TravelTap
    

SwiftCompile normal arm64 /Users/erders/Documents/TravelTap/TravelTap/Views/WorldMapView.swift (in target 'TravelTap' from project 'TravelTap')
    cd /Users/erders/Documents/TravelTap
    

SwiftCompile normal arm64 /Users/erders/Documents/TravelTap/TravelTap/Views/TravelMapView.swift (in target 'TravelTap' from project 'TravelTap')
    cd /Users/erders/Documents/TravelTap
    

SwiftCompile normal arm64 /Users/erders/Documents/TravelTap/TravelTap/Views/CountryMapView.swift (in target 'TravelTap' from project 'TravelTap')
    cd /Users/erders/Documents/TravelTap
    

SwiftCompile normal arm64 /Users/erders/Documents/TravelTap/TravelTap/Views/AttractionInfoCard.swift (in target 'TravelTap' from project 'TravelTap')
    cd /Users/erders/Documents/TravelTap
    

SwiftCompile normal arm64 /Users/erders/Documents/TravelTap/TravelTap/Views/AttractionDetailView.swift (in target 'TravelTap' from project 'TravelTap')
    cd /Users/erders/Documents/TravelTap
    
/Users/erders/Documents/TravelTap/TravelTap/Views/AttractionDetailView.swift:90:102: error: extra trailing closure passed in call
        UnsplashManager.shared.searchPhotos(query: "\(attraction.name) \(attraction.city) landmark") { result in
                                                                                                     ^~~~~~~~~~~

SwiftCompile normal arm64 /Users/erders/Documents/TravelTap/TravelTap/Services/BundledPhotoManager.swift (in target 'TravelTap' from project 'TravelTap')
    cd /Users/erders/Documents/TravelTap
    

SwiftCompile normal arm64 /Users/erders/Documents/TravelTap/TravelTap/Views/CityMapView.swift (in target 'TravelTap' from project 'TravelTap')
    cd /Users/erders/Documents/TravelTap
    

SwiftCompile normal arm64 /Users/erders/Documents/TravelTap/TravelTap/Views/MapAnnotationView.swift (in target 'TravelTap' from project 'TravelTap')
    cd /Users/erders/Documents/TravelTap
    

SwiftCompile normal arm64 /Users/erders/Documents/TravelTap/TravelTap/Services/RatingManager.swift (in target 'TravelTap' from project 'TravelTap')
    cd /Users/erders/Documents/TravelTap
    

SwiftCompile normal arm64 /Users/erders/Documents/TravelTap/TravelTap/Services/GooglePlacesManager.swift (in target 'TravelTap' from project 'TravelTap')
    cd /Users/erders/Documents/TravelTap
    

SwiftCompile normal arm64 /Users/erders/Documents/TravelTap/TravelTap/Services/PhotoDiskCache.swift (in target 'TravelTap' from project 'TravelTap')
    cd /Users/erders/Documents/TravelTap
    

SwiftCompile normal arm64 /Users/erders/Documents/TravelTap/TravelTap/Services/TierVoteManager.swift (in target 'TravelTap' from project 'TravelTap')
    cd /Users/erders/Documents/TravelTap
    

SwiftCompile normal arm64 /Users/erders/Documents/TravelTap/TravelTap/Services/BrandColors.swift (in target 'TravelTap' from project 'TravelTap')
    cd /Users/erders/Documents/TravelTap
    

SwiftCompile normal arm64 /Users/erders/Documents/TravelTap/TravelTap/Views/StarRatingView.swift (in target 'TravelTap' from project 'TravelTap')
    cd /Users/erders/Documents/TravelTap
    

SwiftCompile normal arm64 /Users/erders/Documents/TravelTap/TravelTap/Views/ShareSheet.swift (in target 'TravelTap' from project 'TravelTap')
    cd /Users/erders/Documents/TravelTap
    

SwiftCompile normal arm64 /Users/erders/Documents/TravelTap/TravelTap/Services/VisitedAttractionsManager.swift (in target 'TravelTap' from project 'TravelTap')
    cd /Users/erders/Documents/TravelTap
    

SwiftCompile normal arm64 /Users/erders/Documents/TravelTap/TravelTap/Views/BucketListView.swift (in target 'TravelTap' from project 'TravelTap')
    cd /Users/erders/Documents/TravelTap
    

SwiftCompile normal arm64 /Users/erders/Documents/TravelTap/TravelTap/Views/SplashScreenView.swift (in target 'TravelTap' from project 'TravelTap')
    cd /Users/erders/Documents/TravelTap
    

SwiftCompile normal arm64 /Users/erders/Documents/TravelTap/TravelTap/Views/WelcomeView.swift (in target 'TravelTap' from project 'TravelTap')
    cd /Users/erders/Documents/TravelTap
    

SwiftCompile normal arm64 /Users/erders/Documents/TravelTap/TravelTap/Views/AttractionsListView.swift (in target 'TravelTap' from project 'TravelTap')
    cd /Users/erders/Documents/TravelTap
    

SwiftCompile normal arm64 Compiling\ AsmaraAttractions.swift,\ KerenHighlandsAttractions.swift,\ MassawaCoastAttractions.swift,\ SouthArchaeologyAttractions.swift,\ EritreaPackage.swift,\ AddisAbabaAttractions.swift,\ EasternEthiopiaAttractions.swift,\ NorthernEthiopiaAttractions.swift,\ SouthernEthiopiaAttractions.swift,\ EthiopiaPackage.swift,\ KenyaPackage.swift,\ CentralHighlandsAttractions.swift,\ EastRainforestsAttractions.swift,\ NorthIslandsAttractions.swift,\ WestSouthAttractions.swift,\ MadagascarPackage.swift,\ LakeMalawiAttractions.swift,\ LilongweCentralAttractions.swift,\ NorthernMalawiAttractions.swift,\ SouthernMalawiAttractions.swift,\ MalawiPackage.swift,\ MauritiusPackage.swift,\ CentralMozambiqueAttractions.swift,\ InhambaneCoastAttractions.swift,\ MaputoSouthAttractions.swift /Users/erders/Documents/TravelTap/TravelTap/Data/Countries/Africa/EastAfrica/Eritrea/Cities/AsmaraAttractions.swift /Users/erders/Documents/TravelTap/TravelTap/Data/Countries/Africa/EastAfrica/Eritrea/Cities/KerenHighlandsAttractions.swift /Users/erders/Documents/TravelTap/TravelTap/Data/Countries/Africa/EastAfrica/Eritrea/Cities/MassawaCoastAttractions.swift /Users/erders/Documents/TravelTap/TravelTap/Data/Countries/Africa/EastAfrica/Eritrea/Cities/SouthArchaeologyAttractions.swift /Users/erders/Documents/TravelTap/TravelTap/Data/Countries/Africa/EastAfrica/Eritrea/EritreaPackage.swift /Users/erders/Documents/TravelTap/TravelTap/Data/Countries/Africa/EastAfrica/Ethiopia/Cities/AddisAbabaAttractions.swift /Users/erders/Documents/TravelTap/TravelTap/Data/Countries/Africa/EastAfrica/Ethiopia/Cities/EasternEthiopiaAttractions.swift /Users/erders/Documents/TravelTap/TravelTap/Data/Countries/Africa/EastAfrica/Ethiopia/Cities/NorthernEthiopiaAttractions.swift /Users/erders/Documents/TravelTap/TravelTap/Data/Countries/Africa/EastAfrica/Ethiopia/Cities/SouthernEthiopiaAttractions.swift /Users/erders/Documents/TravelTap/TravelTap/Data/Countries/Africa/EastAfrica/Ethiopia/EthiopiaPackage.swift /Users/erders/Documents/TravelTap/TravelTap/Data/Countries/Africa/EastAfrica/Kenya/KenyaPackage.swift /Users/erders/Documents/TravelTap/TravelTap/Data/Countries/Africa/EastAfrica/Madagascar/Cities/CentralHighlandsAttractions.swift /Users/erders/Documents/TravelTap/TravelTap/Data/Countries/Africa/EastAfrica/Madagascar/Cities/EastRainforestsAttractions.swift /Users/erders/Documents/TravelTap/TravelTap/Data/Countries/Africa/EastAfrica/Madagascar/Cities/NorthIslandsAttractions.swift /Users/erders/Documents/TravelTap/TravelTap/Data/Countries/Africa/EastAfrica/Madagascar/Cities/WestSouthAttractions.swift /Users/erders/Documents/TravelTap/TravelTap/Data/Countries/Africa/EastAfrica/Madagascar/MadagascarPackage.swift /Users/erders/Documents/TravelTap/TravelTap/Data/Countries/Africa/EastAfrica/Malawi/Cities/LakeMalawiAttractions.swift /Users/erders/Documents/TravelTap/TravelTap/Data/Countries/Africa/EastAfrica/Malawi/Cities/LilongweCentralAttractions.swift /Users/erders/Documents/TravelTap/TravelTap/Data/Countries/Africa/EastAfrica/Malawi/Cities/NorthernMalawiAttractions.swift /Users/erders/Documents/TravelTap/TravelTap/Data/Countries/Africa/EastAfrica/Malawi/Cities/SouthernMalawiAttractions.swift /Users/erders/Documents/TravelTap/TravelTap/Data/Countries/Africa/EastAfrica/Malawi/MalawiPackage.swift /Users/erders/Documents/TravelTap/TravelTap/Data/Countries/Africa/EastAfrica/Mauritius/MauritiusPackage.swift /Users/erders/Documents/TravelTap/TravelTap/Data/Countries/Africa/EastAfrica/Mozambique/Cities/CentralMozambiqueAttractions.swift /Users/erders/Documents/TravelTap/TravelTap/Data/Countries/Africa/EastAfrica/Mozambique/Cities/InhambaneCoastAttractions.swift /Users/erders/Documents/TravelTap/TravelTap/Data/Countries/Africa/EastAfrica/Mozambique/Cities/MaputoSouthAttractions.swift (in target 'TravelTap' from project 'TravelTap')

SwiftCompile normal arm64 /Users/erders/Documents/TravelTap/TravelTap/Data/Countries/Africa/EastAfrica/Eritrea/Cities/AsmaraAttractions.swift (in target 'TravelTap' from project 'TravelTap')
    cd /Users/erders/Documents/TravelTap
    

SwiftCompile normal arm64 /Users/erders/Documents/TravelTap/TravelTap/Data/Countries/Africa/EastAfrica/Eritrea/Cities/KerenHighlandsAttractions.swift (in target 'TravelTap' from project 'TravelTap')
    cd /Users/erders/Documents/TravelTap
    

SwiftCompile normal arm64 /Users/erders/Documents/TravelTap/TravelTap/Data/Countries/Africa/EastAfrica/Eritrea/Cities/MassawaCoastAttractions.swift (in target 'TravelTap' from project 'TravelTap')
    cd /Users/erders/Documents/TravelTap
    

SwiftCompile normal arm64 /Users/erders/Documents/TravelTap/TravelTap/Data/Countries/Africa/EastAfrica/Eritrea/Cities/SouthArchaeologyAttractions.swift (in target 'TravelTap' from project 'TravelTap')
    cd /Users/erders/Documents/TravelTap
    

SwiftCompile normal arm64 /Users/erders/Documents/TravelTap/TravelTap/Data/Countries/Africa/EastAfrica/Eritrea/EritreaPackage.swift (in target 'TravelTap' from project 'TravelTap')
    cd /Users/erders/Documents/TravelTap
    

SwiftCompile normal arm64 /Users/erders/Documents/TravelTap/TravelTap/Data/Countries/Africa/EastAfrica/Ethiopia/Cities/AddisAbabaAttractions.swift (in target 'TravelTap' from project 'TravelTap')
    cd /Users/erders/Documents/TravelTap
    

SwiftCompile normal arm64 /Users/erders/Documents/TravelTap/TravelTap/Data/Countries/Africa/EastAfrica/Ethiopia/Cities/EasternEthiopiaAttractions.swift (in target 'TravelTap' from project 'TravelTap')
    cd /Users/erders/Documents/TravelTap
    

SwiftCompile normal arm64 /Users/erders/Documents/TravelTap/TravelTap/Data/Countries/Africa/EastAfrica/Ethiopia/Cities/NorthernEthiopiaAttractions.swift (in target 'TravelTap' from project 'TravelTap')
    cd /Users/erders/Documents/TravelTap
    

SwiftCompile normal arm64 /Users/erders/Documents/TravelTap/TravelTap/Data/Countries/Africa/EastAfrica/Ethiopia/Cities/SouthernEthiopiaAttractions.swift (in target 'TravelTap' from project 'TravelTap')
    cd /Users/erders/Documents/TravelTap
    

SwiftCompile normal arm64 /Users/erders/Documents/TravelTap/TravelTap/Data/Countries/Africa/EastAfrica/Ethiopia/EthiopiaPackage.swift (in target 'TravelTap' from project 'TravelTap')
    cd /Users/erders/Documents/TravelTap
    

SwiftCompile normal arm64 /Users/erders/Documents/TravelTap/TravelTap/Data/Countries/Africa/EastAfrica/Kenya/KenyaPackage.swift (in target 'TravelTap' from project 'TravelTap')
    cd /Users/erders/Documents/TravelTap
    

SwiftCompile normal arm64 /Users/erders/Documents/TravelTap/TravelTap/Data/Countries/Africa/EastAfrica/Madagascar/Cities/CentralHighlandsAttractions.swift (in target 'TravelTap' from project 'TravelTap')
    cd /Users/erders/Documents/TravelTap
    

SwiftCompile normal arm64 /Users/erders/Documents/TravelTap/TravelTap/Data/Countries/Africa/EastAfrica/Madagascar/Cities/EastRainforestsAttractions.swift (in target 'TravelTap' from project 'TravelTap')
    cd /Users/erders/Documents/TravelTap
    

SwiftCompile normal arm64 /Users/erders/Documents/TravelTap/TravelTap/Data/Countries/Africa/EastAfrica/Madagascar/Cities/NorthIslandsAttractions.swift (in target 'TravelTap' from project 'TravelTap')
    cd /Users/erders/Documents/TravelTap
    

SwiftCompile normal arm64 /Users/erders/Documents/TravelTap/TravelTap/Data/Countries/Africa/EastAfrica/Madagascar/Cities/WestSouthAttractions.swift (in target 'TravelTap' from project 'TravelTap')
    cd /Users/erders/Documents/TravelTap
    

SwiftCompile normal arm64 /Users/erders/Documents/TravelTap/TravelTap/Data/Countries/Africa/EastAfrica/Madagascar/MadagascarPackage.swift (in target 'TravelTap' from project 'TravelTap')
    cd /Users/erders/Documents/TravelTap
    

SwiftCompile normal arm64 /Users/erders/Documents/TravelTap/TravelTap/Data/Countries/Africa/EastAfrica/Malawi/Cities/LakeMalawiAttractions.swift (in target 'TravelTap' from project 'TravelTap')
    cd /Users/erders/Documents/TravelTap
    

SwiftCompile normal arm64 /Users/erders/Documents/TravelTap/TravelTap/Data/Countries/Africa/EastAfrica/Malawi/Cities/LilongweCentralAttractions.swift (in target 'TravelTap' from project 'TravelTap')
    cd /Users/erders/Documents/TravelTap
    

SwiftCompile normal arm64 /Users/erders/Documents/TravelTap/TravelTap/Data/Countries/Africa/EastAfrica/Malawi/Cities/NorthernMalawiAttractions.swift (in target 'TravelTap' from project 'TravelTap')
    cd /Users/erders/Documents/TravelTap
    

SwiftCompile normal arm64 /Users/erders/Documents/TravelTap/TravelTap/Data/Countries/Africa/EastAfrica/Malawi/Cities/SouthernMalawiAttractions.swift (in target 'TravelTap' from project 'TravelTap')
    cd /Users/erders/Documents/TravelTap
    

SwiftCompile normal arm64 /Users/erders/Documents/TravelTap/TravelTap/Data/Countries/Africa/EastAfrica/Malawi/MalawiPackage.swift (in target 'TravelTap' from project 'TravelTap')
    cd /Users/erders/Documents/TravelTap
    

SwiftCompile normal arm64 /Users/erders/Documents/TravelTap/TravelTap/Data/Countries/Africa/EastAfrica/Mauritius/MauritiusPackage.swift (in target 'TravelTap' from project 'TravelTap')
    cd /Users/erders/Documents/TravelTap
    

SwiftCompile normal arm64 /Users/erders/Documents/TravelTap/TravelTap/Data/Countries/Africa/EastAfrica/Mozambique/Cities/CentralMozambiqueAttractions.swift (in target 'TravelTap' from project 'TravelTap')
    cd /Users/erders/Documents/TravelTap
    

SwiftCompile normal arm64 /Users/erders/Documents/TravelTap/TravelTap/Data/Countries/Africa/EastAfrica/Mozambique/Cities/InhambaneCoastAttractions.swift (in target 'TravelTap' from project 'TravelTap')
    cd /Users/erders/Documents/TravelTap
    

SwiftCompile normal arm64 /Users/erders/Documents/TravelTap/TravelTap/Data/Countries/Africa/EastAfrica/Mozambique/Cities/MaputoSouthAttractions.swift (in target 'TravelTap' from project 'TravelTap')
    cd /Users/erders/Documents/TravelTap
    

SwiftCompile normal arm64 Compiling\ EasternJinjaAttractions.swift,\ KampalaEntebbeAttractions.swift,\ MurchisonNorthAttractions.swift,\ WesternUgandaAttractions.swift,\ UgandaPackage.swift,\ KaribaWesternAttractions.swift,\ LivingstoneVictoriaFallsAttractions.swift,\ LusakaCopperbeltAttractions.swift,\ MajorNationalParksAttractions.swift,\ NorthernWaterfallsAttractions.swift,\ ZambiaPackage.swift,\ GreatZimbabweMasvingoAttractions.swift,\ HarareAttractions.swift,\ ZimbabwePackage.swift,\ AlgeriaPackage.swift,\ EgyptPackage.swift,\ CyrenaicaAttractions.swift,\ FezzanSaharaAttractions.swift,\ TripolitaniaAttractions.swift,\ LibyaPackage.swift,\ MoroccoPackage.swift,\ KhartoumOmdurmanAttractions.swift,\ NorthernSudanPyramidsAttractions.swift,\ RedSeaKassalaAttractions.swift,\ SudanWildernessAttractions.swift /Users/erders/Documents/TravelTap/TravelTap/Data/Countries/Africa/EastAfrica/Uganda/Cities/EasternJinjaAttractions.swift /Users/erders/Documents/TravelTap/TravelTap/Data/Countries/Africa/EastAfrica/Uganda/Cities/KampalaEntebbeAttractions.swift /Users/erders/Documents/TravelTap/TravelTap/Data/Countries/Africa/EastAfrica/Uganda/Cities/MurchisonNorthAttractions.swift /Users/erders/Documents/TravelTap/TravelTap/Data/Countries/Africa/EastAfrica/Uganda/Cities/WesternUgandaAttractions.swift /Users/erders/Documents/TravelTap/TravelTap/Data/Countries/Africa/EastAfrica/Uganda/UgandaPackage.swift /Users/erders/Documents/TravelTap/TravelTap/Data/Countries/Africa/EastAfrica/Zambia/Cities/KaribaWesternAttractions.swift /Users/erders/Documents/TravelTap/TravelTap/Data/Countries/Africa/EastAfrica/Zambia/Cities/LivingstoneVictoriaFallsAttractions.swift /Users/erders/Documents/TravelTap/TravelTap/Data/Countries/Africa/EastAfrica/Zambia/Cities/LusakaCopperbeltAttractions.swift /Users/erders/Documents/TravelTap/TravelTap/Data/Countries/Africa/EastAfrica/Zambia/Cities/MajorNationalParksAttractions.swift /Users/erders/Documents/TravelTap/TravelTap/Data/Countries/Africa/EastAfrica/Zambia/Cities/NorthernWaterfallsAttractions.swift /Users/erders/Documents/TravelTap/TravelTap/Data/Countries/Africa/EastAfrica/Zambia/ZambiaPackage.swift /Users/erders/Documents/TravelTap/TravelTap/Data/Countries/Africa/EastAfrica/Zimbabwe/Cities/GreatZimbabweMasvingoAttractions.swift /Users/erders/Documents/TravelTap/TravelTap/Data/Countries/Africa/EastAfrica/Zimbabwe/Cities/HarareAttractions.swift /Users/erders/Documents/TravelTap/TravelTap/Data/Countries/Africa/EastAfrica/Zimbabwe/ZimbabwePackage.swift /Users/erders/Documents/TravelTap/TravelTap/Data/Countries/Africa/NorthAfrica/Algeria/AlgeriaPackage.swift /Users/erders/Documents/TravelTap/TravelTap/Data/Countries/Africa/NorthAfrica/Egypt/EgyptPackage.swift /Users/erders/Documents/TravelTap/TravelTap/Data/Countries/Africa/NorthAfrica/Libya/Cities/CyrenaicaAttractions.swift /Users/erders/Documents/TravelTap/TravelTap/Data/Countries/Africa/NorthAfrica/Libya/Cities/FezzanSaharaAttractions.swift /Users/erders/Documents/TravelTap/TravelTap/Data/Countries/Africa/NorthAfrica/Libya/Cities/TripolitaniaAttractions.swift /Users/erders/Documents/TravelTap/TravelTap/Data/Countries/Africa/NorthAfrica/Libya/LibyaPackage.swift /Users/erders/Documents/TravelTap/TravelTap/Data/Countries/Africa/NorthAfrica/Morocco/MoroccoPackage.swift /Users/erders/Documents/TravelTap/TravelTap/Data/Countries/Africa/NorthAfrica/Sudan/Cities/KhartoumOmdurmanAttractions.swift /Users/erders/Documents/TravelTap/TravelTap/Data/Countries/Africa/NorthAfrica/Sudan/Cities/NorthernSudanPyramidsAttractions.swift /Users/erders/Documents/TravelTap/TravelTap/Data/Countries/Africa/NorthAfrica/Sudan/Cities/RedSeaKassalaAttractions.swift /Users/erders/Documents/TravelTap/TravelTap/Data/Countries/Africa/NorthAfrica/Sudan/Cities/SudanWildernessAttractions.swift (in target 'TravelTap' from project 'TravelTap')

SwiftCompile normal arm64 /Users/erders/Documents/TravelTap/TravelTap/Data/Countries/Africa/EastAfrica/Uganda/Cities/EasternJinjaAttractions.swift (in target 'TravelTap' from project 'TravelTap')
    cd /Users/erders/Documents/TravelTap
    

SwiftCompile normal arm64 /Users/erders/Documents/TravelTap/TravelTap/Data/Countries/Africa/EastAfrica/Uganda/Cities/KampalaEntebbeAttractions.swift (in target 'TravelTap' from project 'TravelTap')
    cd /Users/erders/Documents/TravelTap
    

SwiftCompile normal arm64 /Users/erders/Documents/TravelTap/TravelTap/Data/Countries/Africa/EastAfrica/Uganda/Cities/MurchisonNorthAttractions.swift (in target 'TravelTap' from project 'TravelTap')
    cd /Users/erders/Documents/TravelTap
    

SwiftCompile normal arm64 /Users/erders/Documents/TravelTap/TravelTap/Data/Countries/Africa/EastAfrica/Uganda/Cities/WesternUgandaAttractions.swift (in target 'TravelTap' from project 'TravelTap')
    cd /Users/erders/Documents/TravelTap
    

SwiftCompile normal arm64 /Users/erders/Documents/TravelTap/TravelTap/Data/Countries/Africa/EastAfrica/Uganda/UgandaPackage.swift (in target 'TravelTap' from project 'TravelTap')
    cd /Users/erders/Documents/TravelTap
    

SwiftCompile normal arm64 /Users/erders/Documents/TravelTap/TravelTap/Data/Countries/Africa/EastAfrica/Zambia/Cities/KaribaWesternAttractions.swift (in target 'TravelTap' from project 'TravelTap')
    cd /Users/erders/Documents/TravelTap
    

SwiftCompile normal arm64 /Users/erders/Documents/TravelTap/TravelTap/Data/Countries/Africa/EastAfrica/Zambia/Cities/LivingstoneVictoriaFallsAttractions.swift (in target 'TravelTap' from project 'TravelTap')
    cd /Users/erders/Documents/TravelTap
    

SwiftCompile normal arm64 /Users/erders/Documents/TravelTap/TravelTap/Data/Countries/Africa/EastAfrica/Zambia/Cities/LusakaCopperbeltAttractions.swift (in target 'TravelTap' from project 'TravelTap')
    cd /Users/erders/Documents/TravelTap
    

SwiftCompile normal arm64 /Users/erders/Documents/TravelTap/TravelTap/Data/Countries/Africa/EastAfrica/Zambia/Cities/MajorNationalParksAttractions.swift (in target 'TravelTap' from project 'TravelTap')
    cd /Users/erders/Documents/TravelTap
    

SwiftCompile normal arm64 /Users/erders/Documents/TravelTap/TravelTap/Data/Countries/Africa/EastAfrica/Zambia/Cities/NorthernWaterfallsAttractions.swift (in target 'TravelTap' from project 'TravelTap')
    cd /Users/erders/Documents/TravelTap
    

SwiftCompile normal arm64 /Users/erders/Documents/TravelTap/TravelTap/Data/Countries/Africa/EastAfrica/Zambia/ZambiaPackage.swift (in target 'TravelTap' from project 'TravelTap')
    cd /Users/erders/Documents/TravelTap
    

SwiftCompile normal arm64 /Users/erders/Documents/TravelTap/TravelTap/Data/Countries/Africa/EastAfrica/Zimbabwe/Cities/GreatZimbabweMasvingoAttractions.swift (in target 'TravelTap' from project 'TravelTap')
    cd /Users/erders/Documents/TravelTap
    

SwiftCompile normal arm64 /Users/erders/Documents/TravelTap/TravelTap/Data/Countries/Africa/EastAfrica/Zimbabwe/Cities/HarareAttractions.swift (in target 'TravelTap' from project 'TravelTap')
    cd /Users/erders/Documents/TravelTap
    

SwiftCompile normal arm64 /Users/erders/Documents/TravelTap/TravelTap/Data/Countries/Africa/EastAfrica/Zimbabwe/ZimbabwePackage.swift (in target 'TravelTap' from project 'TravelTap')
    cd /Users/erders/Documents/TravelTap
    

SwiftCompile normal arm64 /Users/erders/Documents/TravelTap/TravelTap/Data/Countries/Africa/NorthAfrica/Algeria/AlgeriaPackage.swift (in target 'TravelTap' from project 'TravelTap')
    cd /Users/erders/Documents/TravelTap
    

SwiftCompile normal arm64 /Users/erders/Documents/TravelTap/TravelTap/Data/Countries/Africa/NorthAfrica/Egypt/EgyptPackage.swift (in target 'TravelTap' from project 'TravelTap')
    cd /Users/erders/Documents/TravelTap
    

SwiftCompile normal arm64 /Users/erders/Documents/TravelTap/TravelTap/Data/Countries/Africa/NorthAfrica/Libya/Cities/CyrenaicaAttractions.swift (in target 'TravelTap' from project 'TravelTap')
    cd /Users/erders/Documents/TravelTap
    

SwiftCompile normal arm64 /Users/erders/Documents/TravelTap/TravelTap/Data/Countries/Africa/NorthAfrica/Libya/Cities/FezzanSaharaAttractions.swift (in target 'TravelTap' from project 'TravelTap')
    cd /Users/erders/Documents/TravelTap
    

SwiftCompile normal arm64 /Users/erders/Documents/TravelTap/TravelTap/Data/Countries/Africa/NorthAfrica/Libya/Cities/TripolitaniaAttractions.swift (in target 'TravelTap' from project 'TravelTap')
    cd /Users/erders/Documents/TravelTap
    

SwiftCompile normal arm64 /Users/erders/Documents/TravelTap/TravelTap/Data/Countries/Africa/NorthAfrica/Libya/LibyaPackage.swift (in target 'TravelTap' from project 'TravelTap')
    cd /Users/erders/Documents/TravelTap
    

SwiftCompile normal arm64 /Users/erders/Documents/TravelTap/TravelTap/Data/Countries/Africa/NorthAfrica/Morocco/MoroccoPackage.swift (in target 'TravelTap' from project 'TravelTap')
    cd /Users/erders/Documents/TravelTap
    

SwiftCompile normal arm64 /Users/erders/Documents/TravelTap/TravelTap/Data/Countries/Africa/NorthAfrica/Sudan/Cities/KhartoumOmdurmanAttractions.swift (in target 'TravelTap' from project 'TravelTap')
    cd /Users/erders/Documents/TravelTap
    

SwiftCompile normal arm64 /Users/erders/Documents/TravelTap/TravelTap/Data/Countries/Africa/NorthAfrica/Sudan/Cities/NorthernSudanPyramidsAttractions.swift (in target 'TravelTap' from project 'TravelTap')
    cd /Users/erders/Documents/TravelTap
    

SwiftCompile normal arm64 /Users/erders/Documents/TravelTap/TravelTap/Data/Countries/Africa/NorthAfrica/Sudan/Cities/RedSeaKassalaAttractions.swift (in target 'TravelTap' from project 'TravelTap')
    cd /Users/erders/Documents/TravelTap
    

SwiftCompile normal arm64 /Users/erders/Documents/TravelTap/TravelTap/Data/Countries/Africa/NorthAfrica/Sudan/Cities/SudanWildernessAttractions.swift (in target 'TravelTap' from project 'TravelTap')
    cd /Users/erders/Documents/TravelTap
    

SwiftCompile normal arm64 Compiling\ DalanzadgadAttractions.swift,\ KharkhorinAttractions.swift,\ MurunAttractions.swift,\ UlaanbaatarAttractions.swift,\ MongoliaPackage.swift,\ BusanAttractions.swift,\ GyeongjuAttractions.swift,\ IncheonAttractions.swift,\ JejuAttractions.swift,\ SeoulAttractions.swift,\ SouthKoreaPackage.swift,\ HualienAttractions.swift,\ KaohsiungAttractions.swift,\ NantouAttractions.swift,\ TaichungAttractions.swift,\ TainanAttractions.swift,\ TaipeiAttractions.swift,\ TaiwanPackage.swift,\ BahrainPackage.swift,\ ManamaAttractions.swift,\ IsfahanAttractions.swift,\ ShirazAttractions.swift,\ TehranAttractions.swift,\ IranPackage.swift,\ BaghdadAttractions.swift /Users/erders/Documents/TravelTap/TravelTap/Data/Countries/Asia/EastAsia/Mongolia/Cities/DalanzadgadAttractions.swift /Users/erders/Documents/TravelTap/TravelTap/Data/Countries/Asia/EastAsia/Mongolia/Cities/KharkhorinAttractions.swift /Users/erders/Documents/TravelTap/TravelTap/Data/Countries/Asia/EastAsia/Mongolia/Cities/MurunAttractions.swift /Users/erders/Documents/TravelTap/TravelTap/Data/Countries/Asia/EastAsia/Mongolia/Cities/UlaanbaatarAttractions.swift /Users/erders/Documents/TravelTap/TravelTap/Data/Countries/Asia/EastAsia/Mongolia/MongoliaPackage.swift /Users/erders/Documents/TravelTap/TravelTap/Data/Countries/Asia/EastAsia/SouthKorea/Cities/BusanAttractions.swift /Users/erders/Documents/TravelTap/TravelTap/Data/Countries/Asia/EastAsia/SouthKorea/Cities/GyeongjuAttractions.swift /Users/erders/Documents/TravelTap/TravelTap/Data/Countries/Asia/EastAsia/SouthKorea/Cities/IncheonAttractions.swift /Users/erders/Documents/TravelTap/TravelTap/Data/Countries/Asia/EastAsia/SouthKorea/Cities/JejuAttractions.swift /Users/erders/Documents/TravelTap/TravelTap/Data/Countries/Asia/EastAsia/SouthKorea/Cities/SeoulAttractions.swift /Users/erders/Documents/TravelTap/TravelTap/Data/Countries/Asia/EastAsia/SouthKorea/SouthKoreaPackage.swift /Users/erders/Documents/TravelTap/TravelTap/Data/Countries/Asia/EastAsia/Taiwan/Cities/HualienAttractions.swift /Users/erders/Documents/TravelTap/TravelTap/Data/Countries/Asia/EastAsia/Taiwan/Cities/KaohsiungAttractions.swift /Users/erders/Documents/TravelTap/TravelTap/Data/Countries/Asia/EastAsia/Taiwan/Cities/NantouAttractions.swift /Users/erders/Documents/TravelTap/TravelTap/Data/Countries/Asia/EastAsia/Taiwan/Cities/TaichungAttractions.swift /Users/erders/Documents/TravelTap/TravelTap/Data/Countries/Asia/EastAsia/Taiwan/Cities/TainanAttractions.swift /Users/erders/Documents/TravelTap/TravelTap/Data/Countries/Asia/EastAsia/Taiwan/Cities/TaipeiAttractions.swift /Users/erders/Documents/TravelTap/TravelTap/Data/Countries/Asia/EastAsia/Taiwan/TaiwanPackage.swift /Users/erders/Documents/TravelTap/TravelTap/Data/Countries/Asia/MiddleEast/Bahrain/BahrainPackage.swift /Users/erders/Documents/TravelTap/TravelTap/Data/Countries/Asia/MiddleEast/Bahrain/Cities/ManamaAttractions.swift /Users/erders/Documents/TravelTap/TravelTap/Data/Countries/Asia/MiddleEast/Iran/Cities/IsfahanAttractions.swift /Users/erders/Documents/TravelTap/TravelTap/Data/Countries/Asia/MiddleEast/Iran/Cities/ShirazAttractions.swift /Users/erders/Documents/TravelTap/TravelTap/Data/Countries/Asia/MiddleEast/Iran/Cities/TehranAttractions.swift /Users/erders/Documents/TravelTap/TravelTap/Data/Countries/Asia/MiddleEast/Iran/IranPackage.swift /Users/erders/Documents/TravelTap/TravelTap/Data/Countries/Asia/MiddleEast/Iraq/Cities/BaghdadAttractions.swift (in target 'TravelTap' from project 'TravelTap')

SwiftCompile normal arm64 /Users/erders/Documents/TravelTap/TravelTap/Data/Countries/Asia/EastAsia/Mongolia/Cities/DalanzadgadAttractions.swift (in target 'TravelTap' from project 'TravelTap')
    cd /Users/erders/Documents/TravelTap
    

SwiftCompile normal arm64 /Users/erders/Documents/TravelTap/TravelTap/Data/Countries/Asia/EastAsia/Mongolia/Cities/KharkhorinAttractions.swift (in target 'TravelTap' from project 'TravelTap')
    cd /Users/erders/Documents/TravelTap
    

SwiftCompile normal arm64 /Users/erders/Documents/TravelTap/TravelTap/Data/Countries/Asia/EastAsia/Mongolia/Cities/MurunAttractions.swift (in target 'TravelTap' from project 'TravelTap')
    cd /Users/erders/Documents/TravelTap
    

SwiftCompile normal arm64 /Users/erders/Documents/TravelTap/TravelTap/Data/Countries/Asia/EastAsia/Mongolia/Cities/UlaanbaatarAttractions.swift (in target 'TravelTap' from project 'TravelTap')
    cd /Users/erders/Documents/TravelTap
    

SwiftCompile normal arm64 /Users/erders/Documents/TravelTap/TravelTap/Data/Countries/Asia/EastAsia/Mongolia/MongoliaPackage.swift (in target 'TravelTap' from project 'TravelTap')
    cd /Users/erders/Documents/TravelTap
    

SwiftCompile normal arm64 /Users/erders/Documents/TravelTap/TravelTap/Data/Countries/Asia/EastAsia/SouthKorea/Cities/BusanAttractions.swift (in target 'TravelTap' from project 'TravelTap')
    cd /Users/erders/Documents/TravelTap
    

SwiftCompile normal arm64 /Users/erders/Documents/TravelTap/TravelTap/Data/Countries/Asia/EastAsia/SouthKorea/Cities/GyeongjuAttractions.swift (in target 'TravelTap' from project 'TravelTap')
    cd /Users/erders/Documents/TravelTap
    

SwiftCompile normal arm64 /Users/erders/Documents/TravelTap/TravelTap/Data/Countries/Asia/EastAsia/SouthKorea/Cities/IncheonAttractions.swift (in target 'TravelTap' from project 'TravelTap')
    cd /Users/erders/Documents/TravelTap
    

SwiftCompile normal arm64 /Users/erders/Documents/TravelTap/TravelTap/Data/Countries/Asia/EastAsia/SouthKorea/Cities/JejuAttractions.swift (in target 'TravelTap' from project 'TravelTap')
    cd /Users/erders/Documents/TravelTap
    

SwiftCompile normal arm64 /Users/erders/Documents/TravelTap/TravelTap/Data/Countries/Asia/EastAsia/SouthKorea/Cities/SeoulAttractions.swift (in target 'TravelTap' from project 'TravelTap')
    cd /Users/erders/Documents/TravelTap
    

SwiftCompile normal arm64 /Users/erders/Documents/TravelTap/TravelTap/Data/Countries/Asia/EastAsia/SouthKorea/SouthKoreaPackage.swift (in target 'TravelTap' from project 'TravelTap')
    cd /Users/erders/Documents/TravelTap
    

SwiftCompile normal arm64 /Users/erders/Documents/TravelTap/TravelTap/Data/Countries/Asia/EastAsia/Taiwan/Cities/HualienAttractions.swift (in target 'TravelTap' from project 'TravelTap')
    cd /Users/erders/Documents/TravelTap
    

SwiftCompile normal arm64 /Users/erders/Documents/TravelTap/TravelTap/Data/Countries/Asia/EastAsia/Taiwan/Cities/KaohsiungAttractions.swift (in target 'TravelTap' from project 'TravelTap')
    cd /Users/erders/Documents/TravelTap
    

SwiftCompile normal arm64 /Users/erders/Documents/TravelTap/TravelTap/Data/Countries/Asia/EastAsia/Taiwan/Cities/NantouAttractions.swift (in target 'TravelTap' from project 'TravelTap')
    cd /Users/erders/Documents/TravelTap
    

SwiftCompile normal arm64 /Users/erders/Documents/TravelTap/TravelTap/Data/Countries/Asia/EastAsia/Taiwan/Cities/TaichungAttractions.swift (in target 'TravelTap' from project 'TravelTap')
    cd /Users/erders/Documents/TravelTap
    

SwiftCompile normal arm64 /Users/erders/Documents/TravelTap/TravelTap/Data/Countries/Asia/EastAsia/Taiwan/Cities/TainanAttractions.swift (in target 'TravelTap' from project 'TravelTap')
    cd /Users/erders/Documents/TravelTap
    

SwiftCompile normal arm64 /Users/erders/Documents/TravelTap/TravelTap/Data/Countries/Asia/EastAsia/Taiwan/Cities/TaipeiAttractions.swift (in target 'TravelTap' from project 'TravelTap')
    cd /Users/erders/Documents/TravelTap
    

SwiftCompile normal arm64 /Users/erders/Documents/TravelTap/TravelTap/Data/Countries/Asia/EastAsia/Taiwan/TaiwanPackage.swift (in target 'TravelTap' from project 'TravelTap')
    cd /Users/erders/Documents/TravelTap
    

SwiftCompile normal arm64 /Users/erders/Documents/TravelTap/TravelTap/Data/Countries/Asia/MiddleEast/Bahrain/BahrainPackage.swift (in target 'TravelTap' from project 'TravelTap')
    cd /Users/erders/Documents/TravelTap
    

SwiftCompile normal arm64 /Users/erders/Documents/TravelTap/TravelTap/Data/Countries/Asia/MiddleEast/Bahrain/Cities/ManamaAttractions.swift (in target 'TravelTap' from project 'TravelTap')
    cd /Users/erders/Documents/TravelTap
    

SwiftCompile normal arm64 /Users/erders/Documents/TravelTap/TravelTap/Data/Countries/Asia/MiddleEast/Iran/Cities/IsfahanAttractions.swift (in target 'TravelTap' from project 'TravelTap')
    cd /Users/erders/Documents/TravelTap
    

SwiftCompile normal arm64 /Users/erders/Documents/TravelTap/TravelTap/Data/Countries/Asia/MiddleEast/Iran/Cities/ShirazAttractions.swift (in target 'TravelTap' from project 'TravelTap')
    cd /Users/erders/Documents/TravelTap
    

SwiftCompile normal arm64 /Users/erders/Documents/TravelTap/TravelTap/Data/Countries/Asia/MiddleEast/Iran/Cities/TehranAttractions.swift (in target 'TravelTap' from project 'TravelTap')
    cd /Users/erders/Documents/TravelTap
    

SwiftCompile normal arm64 /Users/erders/Documents/TravelTap/TravelTap/Data/Countries/Asia/MiddleEast/Iran/IranPackage.swift (in target 'TravelTap' from project 'TravelTap')
    cd /Users/erders/Documents/TravelTap
    

SwiftCompile normal arm64 /Users/erders/Documents/TravelTap/TravelTap/Data/Countries/Asia/MiddleEast/Iraq/Cities/BaghdadAttractions.swift (in target 'TravelTap' from project 'TravelTap')
    cd /Users/erders/Documents/TravelTap
    

SwiftCompile normal arm64 Compiling\ JaipurAttractions.swift,\ JaisalmerAttractions.swift,\ KeralaAttractions.swift,\ KhajurahoAttractions.swift,\ KolkataAttractions.swift,\ LadakhAttractions.swift,\ MumbaiAttractions.swift,\ MysoreAttractions.swift,\ RishikeshAttractions.swift,\ UdaipurAttractions.swift,\ VaranasiAttractions.swift,\ IndiaPackage.swift,\ AdduAtollAttractions.swift,\ AriAtollAttractions.swift,\ BaaAtollAttractions.swift,\ MaleAttractions.swift,\ NorthMaleAtollAttractions.swift,\ MaldivesPackage.swift,\ AnnapurnaAttractions.swift,\ ChitwanAttractions.swift,\ EverestRegionAttractions.swift,\ KathmanduAttractions.swift,\ LumbiniAttractions.swift,\ PokharaAttractions.swift,\ NepalPackage.swift /Users/erders/Documents/TravelTap/TravelTap/Data/Countries/Asia/SouthAsia/India/Cities/JaipurAttractions.swift /Users/erders/Documents/TravelTap/TravelTap/Data/Countries/Asia/SouthAsia/India/Cities/JaisalmerAttractions.swift /Users/erders/Documents/TravelTap/TravelTap/Data/Countries/Asia/SouthAsia/India/Cities/KeralaAttractions.swift /Users/erders/Documents/TravelTap/TravelTap/Data/Countries/Asia/SouthAsia/India/Cities/KhajurahoAttractions.swift /Users/erders/Documents/TravelTap/TravelTap/Data/Countries/Asia/SouthAsia/India/Cities/KolkataAttractions.swift /Users/erders/Documents/TravelTap/TravelTap/Data/Countries/Asia/SouthAsia/India/Cities/LadakhAttractions.swift /Users/erders/Documents/TravelTap/TravelTap/Data/Countries/Asia/SouthAsia/India/Cities/MumbaiAttractions.swift /Users/erders/Documents/TravelTap/TravelTap/Data/Countries/Asia/SouthAsia/India/Cities/MysoreAttractions.swift /Users/erders/Documents/TravelTap/TravelTap/Data/Countries/Asia/SouthAsia/India/Cities/RishikeshAttractions.swift /Users/erders/Documents/TravelTap/TravelTap/Data/Countries/Asia/SouthAsia/India/Cities/UdaipurAttractions.swift /Users/erders/Documents/TravelTap/TravelTap/Data/Countries/Asia/SouthAsia/India/Cities/VaranasiAttractions.swift /Users/erders/Documents/TravelTap/TravelTap/Data/Countries/Asia/SouthAsia/India/IndiaPackage.swift /Users/erders/Documents/TravelTap/TravelTap/Data/Countries/Asia/SouthAsia/Maldives/Cities/AdduAtollAttractions.swift /Users/erders/Documents/TravelTap/TravelTap/Data/Countries/Asia/SouthAsia/Maldives/Cities/AriAtollAttractions.swift /Users/erders/Documents/TravelTap/TravelTap/Data/Countries/Asia/SouthAsia/Maldives/Cities/BaaAtollAttractions.swift /Users/erders/Documents/TravelTap/TravelTap/Data/Countries/Asia/SouthAsia/Maldives/Cities/MaleAttractions.swift /Users/erders/Documents/TravelTap/TravelTap/Data/Countries/Asia/SouthAsia/Maldives/Cities/NorthMaleAtollAttractions.swift /Users/erders/Documents/TravelTap/TravelTap/Data/Countries/Asia/SouthAsia/Maldives/MaldivesPackage.swift /Users/erders/Documents/TravelTap/TravelTap/Data/Countries/Asia/SouthAsia/Nepal/Cities/AnnapurnaAttractions.swift /Users/erders/Documents/TravelTap/TravelTap/Data/Countries/Asia/SouthAsia/Nepal/Cities/ChitwanAttractions.swift /Users/erders/Documents/TravelTap/TravelTap/Data/Countries/Asia/SouthAsia/Nepal/Cities/EverestRegionAttractions.swift /Users/erders/Documents/TravelTap/TravelTap/Data/Countries/Asia/SouthAsia/Nepal/Cities/KathmanduAttractions.swift /Users/erders/Documents/TravelTap/TravelTap/Data/Countries/Asia/SouthAsia/Nepal/Cities/LumbiniAttractions.swift /Users/erders/Documents/TravelTap/TravelTap/Data/Countries/Asia/SouthAsia/Nepal/Cities/PokharaAttractions.swift /Users/erders/Documents/TravelTap/TravelTap/Data/Countries/Asia/SouthAsia/Nepal/NepalPackage.swift (in target 'TravelTap' from project 'TravelTap')

SwiftCompile normal arm64 /Users/erders/Documents/TravelTap/TravelTap/Data/Countries/Asia/SouthAsia/India/Cities/JaipurAttractions.swift (in target 'TravelTap' from project 'TravelTap')
    cd /Users/erders/Documents/TravelTap
    

SwiftCompile normal arm64 /Users/erders/Documents/TravelTap/TravelTap/Data/Countries/Asia/SouthAsia/India/Cities/JaisalmerAttractions.swift (in target 'TravelTap' from project 'TravelTap')
    cd /Users/erders/Documents/TravelTap
    

SwiftCompile normal arm64 /Users/erders/Documents/TravelTap/TravelTap/Data/Countries/Asia/SouthAsia/India/Cities/KeralaAttractions.swift (in target 'TravelTap' from project 'TravelTap')
    cd /Users/erders/Documents/TravelTap
    

SwiftCompile normal arm64 /Users/erders/Documents/TravelTap/TravelTap/Data/Countries/Asia/SouthAsia/India/Cities/KhajurahoAttractions.swift (in target 'TravelTap' from project 'TravelTap')
    cd /Users/erders/Documents/TravelTap
    

SwiftCompile normal arm64 /Users/erders/Documents/TravelTap/TravelTap/Data/Countries/Asia/SouthAsia/India/Cities/KolkataAttractions.swift (in target 'TravelTap' from project 'TravelTap')
    cd /Users/erders/Documents/TravelTap
    

SwiftCompile normal arm64 /Users/erders/Documents/TravelTap/TravelTap/Data/Countries/Asia/SouthAsia/India/Cities/LadakhAttractions.swift (in target 'TravelTap' from project 'TravelTap')
    cd /Users/erders/Documents/TravelTap
    

SwiftCompile normal arm64 /Users/erders/Documents/TravelTap/TravelTap/Data/Countries/Asia/SouthAsia/India/Cities/MumbaiAttractions.swift (in target 'TravelTap' from project 'TravelTap')
    cd /Users/erders/Documents/TravelTap
    

SwiftCompile normal arm64 /Users/erders/Documents/TravelTap/TravelTap/Data/Countries/Asia/SouthAsia/India/Cities/MysoreAttractions.swift (in target 'TravelTap' from project 'TravelTap')
    cd /Users/erders/Documents/TravelTap
    

SwiftCompile normal arm64 /Users/erders/Documents/TravelTap/TravelTap/Data/Countries/Asia/SouthAsia/India/Cities/RishikeshAttractions.swift (in target 'TravelTap' from project 'TravelTap')
    cd /Users/erders/Documents/TravelTap
    

SwiftCompile normal arm64 /Users/erders/Documents/TravelTap/TravelTap/Data/Countries/Asia/SouthAsia/India/Cities/UdaipurAttractions.swift (in target 'TravelTap' from project 'TravelTap')
    cd /Users/erders/Documents/TravelTap
    

SwiftCompile normal arm64 /Users/erders/Documents/TravelTap/TravelTap/Data/Countries/Asia/SouthAsia/India/Cities/VaranasiAttractions.swift (in target 'TravelTap' from project 'TravelTap')
    cd /Users/erders/Documents/TravelTap
    

SwiftCompile normal arm64 /Users/erders/Documents/TravelTap/TravelTap/Data/Countries/Asia/SouthAsia/India/IndiaPackage.swift (in target 'TravelTap' from project 'TravelTap')
    cd /Users/erders/Documents/TravelTap
    

SwiftCompile normal arm64 /Users/erders/Documents/TravelTap/TravelTap/Data/Countries/Asia/SouthAsia/Maldives/Cities/AdduAtollAttractions.swift (in target 'TravelTap' from project 'TravelTap')
    cd /Users/erders/Documents/TravelTap
    

SwiftCompile normal arm64 /Users/erders/Documents/TravelTap/TravelTap/Data/Countries/Asia/SouthAsia/Maldives/Cities/AriAtollAttractions.swift (in target 'TravelTap' from project 'TravelTap')
    cd /Users/erders/Documents/TravelTap
    

SwiftCompile normal arm64 /Users/erders/Documents/TravelTap/TravelTap/Data/Countries/Asia/SouthAsia/Maldives/Cities/BaaAtollAttractions.swift (in target 'TravelTap' from project 'TravelTap')
    cd /Users/erders/Documents/TravelTap
    

SwiftCompile normal arm64 /Users/erders/Documents/TravelTap/TravelTap/Data/Countries/Asia/SouthAsia/Maldives/Cities/MaleAttractions.swift (in target 'TravelTap' from project 'TravelTap')
    cd /Users/erders/Documents/TravelTap
    

SwiftCompile normal arm64 /Users/erders/Documents/TravelTap/TravelTap/Data/Countries/Asia/SouthAsia/Maldives/Cities/NorthMaleAtollAttractions.swift (in target 'TravelTap' from project 'TravelTap')
    cd /Users/erders/Documents/TravelTap
    

SwiftCompile normal arm64 /Users/erders/Documents/TravelTap/TravelTap/Data/Countries/Asia/SouthAsia/Maldives/MaldivesPackage.swift (in target 'TravelTap' from project 'TravelTap')
    cd /Users/erders/Documents/TravelTap
    

SwiftCompile normal arm64 /Users/erders/Documents/TravelTap/TravelTap/Data/Countries/Asia/SouthAsia/Nepal/Cities/AnnapurnaAttractions.swift (in target 'TravelTap' from project 'TravelTap')
    cd /Users/erders/Documents/TravelTap
    

SwiftCompile normal arm64 /Users/erders/Documents/TravelTap/TravelTap/Data/Countries/Asia/SouthAsia/Nepal/Cities/ChitwanAttractions.swift (in target 'TravelTap' from project 'TravelTap')
    cd /Users/erders/Documents/TravelTap
    

SwiftCompile normal arm64 /Users/erders/Documents/TravelTap/TravelTap/Data/Countries/Asia/SouthAsia/Nepal/Cities/EverestRegionAttractions.swift (in target 'TravelTap' from project 'TravelTap')
    cd /Users/erders/Documents/TravelTap
    

SwiftCompile normal arm64 /Users/erders/Documents/TravelTap/TravelTap/Data/Countries/Asia/SouthAsia/Nepal/Cities/KathmanduAttractions.swift (in target 'TravelTap' from project 'TravelTap')
    cd /Users/erders/Documents/TravelTap
    

SwiftCompile normal arm64 /Users/erders/Documents/TravelTap/TravelTap/Data/Countries/Asia/SouthAsia/Nepal/Cities/LumbiniAttractions.swift (in target 'TravelTap' from project 'TravelTap')
    cd /Users/erders/Documents/TravelTap
    

SwiftCompile normal arm64 /Users/erders/Documents/TravelTap/TravelTap/Data/Countries/Asia/SouthAsia/Nepal/Cities/PokharaAttractions.swift (in target 'TravelTap' from project 'TravelTap')
    cd /Users/erders/Documents/TravelTap
    

SwiftCompile normal arm64 /Users/erders/Documents/TravelTap/TravelTap/Data/Countries/Asia/SouthAsia/Nepal/NepalPackage.swift (in target 'TravelTap' from project 'TravelTap')
    cd /Users/erders/Documents/TravelTap
    

SwiftCompile normal arm64 Compiling\ ZaaminAttractions.swift,\ UzbekistanPackage.swift,\ ChinaPackage.swift,\ BeijingAttractions.swift,\ ChengduAttractions.swift,\ GuilinAttractions.swift,\ HangzhouAttractions.swift,\ LhasaAttractions.swift,\ ShanghaiAttractions.swift,\ ShenzhenAttractions.swift,\ SuzhouAttractions.swift,\ XianAttractions.swift,\ ZhangjiajieAttractions.swift,\ HongKongPackage.swift,\ FukuokaAttractions.swift,\ HakoneAttractions.swift,\ HiroshimaAttractions.swift,\ KyotoAttractions.swift,\ NaraAttractions.swift,\ NikkoAttractions.swift,\ OkinawaAttractions.swift,\ OsakaAttractions.swift,\ SapporoAttractions.swift,\ TokyoAttractions.swift,\ JapanPackage.swift /Users/erders/Documents/TravelTap/TravelTap/Data/Countries/Asia/CentralAsia/Uzbekistan/Cities/ZaaminAttractions.swift /Users/erders/Documents/TravelTap/TravelTap/Data/Countries/Asia/CentralAsia/Uzbekistan/UzbekistanPackage.swift /Users/erders/Documents/TravelTap/TravelTap/Data/Countries/Asia/EastAsia/China/ChinaPackage.swift /Users/erders/Documents/TravelTap/TravelTap/Data/Countries/Asia/EastAsia/China/Cities/BeijingAttractions.swift /Users/erders/Documents/TravelTap/TravelTap/Data/Countries/Asia/EastAsia/China/Cities/ChengduAttractions.swift /Users/erders/Documents/TravelTap/TravelTap/Data/Countries/Asia/EastAsia/China/Cities/GuilinAttractions.swift /Users/erders/Documents/TravelTap/TravelTap/Data/Countries/Asia/EastAsia/China/Cities/HangzhouAttractions.swift /Users/erders/Documents/TravelTap/TravelTap/Data/Countries/Asia/EastAsia/China/Cities/LhasaAttractions.swift /Users/erders/Documents/TravelTap/TravelTap/Data/Countries/Asia/EastAsia/China/Cities/ShanghaiAttractions.swift /Users/erders/Documents/TravelTap/TravelTap/Data/Countries/Asia/EastAsia/China/Cities/ShenzhenAttractions.swift /Users/erders/Documents/TravelTap/TravelTap/Data/Countries/Asia/EastAsia/China/Cities/SuzhouAttractions.swift /Users/erders/Documents/TravelTap/TravelTap/Data/Countries/Asia/EastAsia/China/Cities/XianAttractions.swift /Users/erders/Documents/TravelTap/TravelTap/Data/Countries/Asia/EastAsia/China/Cities/ZhangjiajieAttractions.swift /Users/erders/Documents/TravelTap/TravelTap/Data/Countries/Asia/EastAsia/HongKong/HongKongPackage.swift /Users/erders/Documents/TravelTap/TravelTap/Data/Countries/Asia/EastAsia/Japan/Cities/FukuokaAttractions.swift /Users/erders/Documents/TravelTap/TravelTap/Data/Countries/Asia/EastAsia/Japan/Cities/HakoneAttractions.swift /Users/erders/Documents/TravelTap/TravelTap/Data/Countries/Asia/EastAsia/Japan/Cities/HiroshimaAttractions.swift /Users/erders/Documents/TravelTap/TravelTap/Data/Countries/Asia/EastAsia/Japan/Cities/KyotoAttractions.swift /Users/erders/Documents/TravelTap/TravelTap/Data/Countries/Asia/EastAsia/Japan/Cities/NaraAttractions.swift /Users/erders/Documents/TravelTap/TravelTap/Data/Countries/Asia/EastAsia/Japan/Cities/NikkoAttractions.swift /Users/erders/Documents/TravelTap/TravelTap/Data/Countries/Asia/EastAsia/Japan/Cities/OkinawaAttractions.swift /Users/erders/Documents/TravelTap/TravelTap/Data/Countries/Asia/EastAsia/Japan/Cities/OsakaAttractions.swift /Users/erders/Documents/TravelTap/TravelTap/Data/Countries/Asia/EastAsia/Japan/Cities/SapporoAttractions.swift /Users/erders/Documents/TravelTap/TravelTap/Data/Countries/Asia/EastAsia/Japan/Cities/TokyoAttractions.swift /Users/erders/Documents/TravelTap/TravelTap/Data/Countries/Asia/EastAsia/Japan/JapanPackage.swift (in target 'TravelTap' from project 'TravelTap')

SwiftCompile normal arm64 /Users/erders/Documents/TravelTap/TravelTap/Data/Countries/Asia/CentralAsia/Uzbekistan/Cities/ZaaminAttractions.swift (in target 'TravelTap' from project 'TravelTap')
    cd /Users/erders/Documents/TravelTap
    

SwiftCompile normal arm64 /Users/erders/Documents/TravelTap/TravelTap/Data/Countries/Asia/CentralAsia/Uzbekistan/UzbekistanPackage.swift (in target 'TravelTap' from project 'TravelTap')
    cd /Users/erders/Documents/TravelTap
    

SwiftCompile normal arm64 /Users/erders/Documents/TravelTap/TravelTap/Data/Countries/Asia/EastAsia/China/ChinaPackage.swift (in target 'TravelTap' from project 'TravelTap')
    cd /Users/erders/Documents/TravelTap
    

SwiftCompile normal arm64 /Users/erders/Documents/TravelTap/TravelTap/Data/Countries/Asia/EastAsia/China/Cities/BeijingAttractions.swift (in target 'TravelTap' from project 'TravelTap')
    cd /Users/erders/Documents/TravelTap
    

SwiftCompile normal arm64 /Users/erders/Documents/TravelTap/TravelTap/Data/Countries/Asia/EastAsia/China/Cities/ChengduAttractions.swift (in target 'TravelTap' from project 'TravelTap')
    cd /Users/erders/Documents/TravelTap
    

SwiftCompile normal arm64 /Users/erders/Documents/TravelTap/TravelTap/Data/Countries/Asia/EastAsia/China/Cities/GuilinAttractions.swift (in target 'TravelTap' from project 'TravelTap')
    cd /Users/erders/Documents/TravelTap
    

SwiftCompile normal arm64 /Users/erders/Documents/TravelTap/TravelTap/Data/Countries/Asia/EastAsia/China/Cities/HangzhouAttractions.swift (in target 'TravelTap' from project 'TravelTap')
    cd /Users/erders/Documents/TravelTap
    

SwiftCompile normal arm64 /Users/erders/Documents/TravelTap/TravelTap/Data/Countries/Asia/EastAsia/China/Cities/LhasaAttractions.swift (in target 'TravelTap' from project 'TravelTap')
    cd /Users/erders/Documents/TravelTap
    

SwiftCompile normal arm64 /Users/erders/Documents/TravelTap/TravelTap/Data/Countries/Asia/EastAsia/China/Cities/ShanghaiAttractions.swift (in target 'TravelTap' from project 'TravelTap')
    cd /Users/erders/Documents/TravelTap
    

SwiftCompile normal arm64 /Users/erders/Documents/TravelTap/TravelTap/Data/Countries/Asia/EastAsia/China/Cities/ShenzhenAttractions.swift (in target 'TravelTap' from project 'TravelTap')
    cd /Users/erders/Documents/TravelTap
    

SwiftCompile normal arm64 /Users/erders/Documents/TravelTap/TravelTap/Data/Countries/Asia/EastAsia/China/Cities/SuzhouAttractions.swift (in target 'TravelTap' from project 'TravelTap')
    cd /Users/erders/Documents/TravelTap
    

SwiftCompile normal arm64 /Users/erders/Documents/TravelTap/TravelTap/Data/Countries/Asia/EastAsia/China/Cities/XianAttractions.swift (in target 'TravelTap' from project 'TravelTap')
    cd /Users/erders/Documents/TravelTap
    

SwiftCompile normal arm64 /Users/erders/Documents/TravelTap/TravelTap/Data/Countries/Asia/EastAsia/China/Cities/ZhangjiajieAttractions.swift (in target 'TravelTap' from project 'TravelTap')
    cd /Users/erders/Documents/TravelTap
    

SwiftCompile normal arm64 /Users/erders/Documents/TravelTap/TravelTap/Data/Countries/Asia/EastAsia/HongKong/HongKongPackage.swift (in target 'TravelTap' from project 'TravelTap')
    cd /Users/erders/Documents/TravelTap
    

SwiftCompile normal arm64 /Users/erders/Documents/TravelTap/TravelTap/Data/Countries/Asia/EastAsia/Japan/Cities/FukuokaAttractions.swift (in target 'TravelTap' from project 'TravelTap')
    cd /Users/erders/Documents/TravelTap
    

SwiftCompile normal arm64 /Users/erders/Documents/TravelTap/TravelTap/Data/Countries/Asia/EastAsia/Japan/Cities/HakoneAttractions.swift (in target 'TravelTap' from project 'TravelTap')
    cd /Users/erders/Documents/TravelTap
    

SwiftCompile normal arm64 /Users/erders/Documents/TravelTap/TravelTap/Data/Countries/Asia/EastAsia/Japan/Cities/HiroshimaAttractions.swift (in target 'TravelTap' from project 'TravelTap')
    cd /Users/erders/Documents/TravelTap
    

SwiftCompile normal arm64 /Users/erders/Documents/TravelTap/TravelTap/Data/Countries/Asia/EastAsia/Japan/Cities/KyotoAttractions.swift (in target 'TravelTap' from project 'TravelTap')
    cd /Users/erders/Documents/TravelTap
    

SwiftCompile normal arm64 /Users/erders/Documents/TravelTap/TravelTap/Data/Countries/Asia/EastAsia/Japan/Cities/NaraAttractions.swift (in target 'TravelTap' from project 'TravelTap')
    cd /Users/erders/Documents/TravelTap
    

SwiftCompile normal arm64 /Users/erders/Documents/TravelTap/TravelTap/Data/Countries/Asia/EastAsia/Japan/Cities/NikkoAttractions.swift (in target 'TravelTap' from project 'TravelTap')
    cd /Users/erders/Documents/TravelTap
    

SwiftCompile normal arm64 /Users/erders/Documents/TravelTap/TravelTap/Data/Countries/Asia/EastAsia/Japan/Cities/OkinawaAttractions.swift (in target 'TravelTap' from project 'TravelTap')
    cd /Users/erders/Documents/TravelTap
    

SwiftCompile normal arm64 /Users/erders/Documents/TravelTap/TravelTap/Data/Countries/Asia/EastAsia/Japan/Cities/OsakaAttractions.swift (in target 'TravelTap' from project 'TravelTap')
    cd /Users/erders/Documents/TravelTap
    

SwiftCompile normal arm64 /Users/erders/Documents/TravelTap/TravelTap/Data/Countries/Asia/EastAsia/Japan/Cities/SapporoAttractions.swift (in target 'TravelTap' from project 'TravelTap')
    cd /Users/erders/Documents/TravelTap
    

SwiftCompile normal arm64 /Users/erders/Documents/TravelTap/TravelTap/Data/Countries/Asia/EastAsia/Japan/Cities/TokyoAttractions.swift (in target 'TravelTap' from project 'TravelTap')
    cd /Users/erders/Documents/TravelTap
    

SwiftCompile normal arm64 /Users/erders/Documents/TravelTap/TravelTap/Data/Countries/Asia/EastAsia/Japan/JapanPackage.swift (in target 'TravelTap' from project 'TravelTap')
    cd /Users/erders/Documents/TravelTap
    

SwiftCompile normal arm64 Compiling\ ErbilAttractions.swift,\ IraqPackage.swift,\ HaifaAttractions.swift,\ TelAvivAttractions.swift,\ IsraelPackage.swift,\ AmmanAttractions.swift,\ PetraAttractions.swift,\ JordanPackage.swift,\ KuwaitCityAttractions.swift,\ KuwaitPackage.swift,\ BeirutAttractions.swift,\ LebanonPackage.swift,\ MuscatAttractions.swift,\ OmanPackage.swift,\ DohaAttractions.swift,\ QatarPackage.swift,\ JeddahAttractions.swift,\ RiyadhAttractions.swift,\ SaudiArabiaPackage.swift,\ DamascusAttractions.swift,\ SyriaPackage.swift,\ AbuDhabiAttractions.swift,\ DubaiAttractions.swift,\ UAEPackage.swift,\ BangladeshPackage.swift /Users/erders/Documents/TravelTap/TravelTap/Data/Countries/Asia/MiddleEast/Iraq/Cities/ErbilAttractions.swift /Users/erders/Documents/TravelTap/TravelTap/Data/Countries/Asia/MiddleEast/Iraq/IraqPackage.swift /Users/erders/Documents/TravelTap/TravelTap/Data/Countries/Asia/MiddleEast/Israel/Cities/HaifaAttractions.swift /Users/erders/Documents/TravelTap/TravelTap/Data/Countries/Asia/MiddleEast/Israel/Cities/TelAvivAttractions.swift /Users/erders/Documents/TravelTap/TravelTap/Data/Countries/Asia/MiddleEast/Israel/IsraelPackage.swift /Users/erders/Documents/TravelTap/TravelTap/Data/Countries/Asia/MiddleEast/Jordan/Cities/AmmanAttractions.swift /Users/erders/Documents/TravelTap/TravelTap/Data/Countries/Asia/MiddleEast/Jordan/Cities/PetraAttractions.swift /Users/erders/Documents/TravelTap/TravelTap/Data/Countries/Asia/MiddleEast/Jordan/JordanPackage.swift /Users/erders/Documents/TravelTap/TravelTap/Data/Countries/Asia/MiddleEast/Kuwait/Cities/KuwaitCityAttractions.swift /Users/erders/Documents/TravelTap/TravelTap/Data/Countries/Asia/MiddleEast/Kuwait/KuwaitPackage.swift /Users/erders/Documents/TravelTap/TravelTap/Data/Countries/Asia/MiddleEast/Lebanon/Cities/BeirutAttractions.swift /Users/erders/Documents/TravelTap/TravelTap/Data/Countries/Asia/MiddleEast/Lebanon/LebanonPackage.swift /Users/erders/Documents/TravelTap/TravelTap/Data/Countries/Asia/MiddleEast/Oman/Cities/MuscatAttractions.swift /Users/erders/Documents/TravelTap/TravelTap/Data/Countries/Asia/MiddleEast/Oman/OmanPackage.swift /Users/erders/Documents/TravelTap/TravelTap/Data/Countries/Asia/MiddleEast/Qatar/Cities/DohaAttractions.swift /Users/erders/Documents/TravelTap/TravelTap/Data/Countries/Asia/MiddleEast/Qatar/QatarPackage.swift /Users/erders/Documents/TravelTap/TravelTap/Data/Countries/Asia/MiddleEast/SaudiArabia/Cities/JeddahAttractions.swift /Users/erders/Documents/TravelTap/TravelTap/Data/Countries/Asia/MiddleEast/SaudiArabia/Cities/RiyadhAttractions.swift /Users/erders/Documents/TravelTap/TravelTap/Data/Countries/Asia/MiddleEast/SaudiArabia/SaudiArabiaPackage.swift /Users/erders/Documents/TravelTap/TravelTap/Data/Countries/Asia/MiddleEast/Syria/Cities/DamascusAttractions.swift /Users/erders/Documents/TravelTap/TravelTap/Data/Countries/Asia/MiddleEast/Syria/SyriaPackage.swift /Users/erders/Documents/TravelTap/TravelTap/Data/Countries/Asia/MiddleEast/UAE/Cities/AbuDhabiAttractions.swift /Users/erders/Documents/TravelTap/TravelTap/Data/Countries/Asia/MiddleEast/UAE/Cities/DubaiAttractions.swift /Users/erders/Documents/TravelTap/TravelTap/Data/Countries/Asia/MiddleEast/UAE/UAEPackage.swift /Users/erders/Documents/TravelTap/TravelTap/Data/Countries/Asia/SouthAsia/Bangladesh/BangladeshPackage.swift (in target 'TravelTap' from project 'TravelTap')

SwiftCompile normal arm64 /Users/erders/Documents/TravelTap/TravelTap/Data/Countries/Asia/MiddleEast/Iraq/Cities/ErbilAttractions.swift (in target 'TravelTap' from project 'TravelTap')
    cd /Users/erders/Documents/TravelTap
    

SwiftCompile normal arm64 /Users/erders/Documents/TravelTap/TravelTap/Data/Countries/Asia/MiddleEast/Iraq/IraqPackage.swift (in target 'TravelTap' from project 'TravelTap')
    cd /Users/erders/Documents/TravelTap
    

SwiftCompile normal arm64 /Users/erders/Documents/TravelTap/TravelTap/Data/Countries/Asia/MiddleEast/Israel/Cities/HaifaAttractions.swift (in target 'TravelTap' from project 'TravelTap')
    cd /Users/erders/Documents/TravelTap
    

SwiftCompile normal arm64 /Users/erders/Documents/TravelTap/TravelTap/Data/Countries/Asia/MiddleEast/Israel/Cities/TelAvivAttractions.swift (in target 'TravelTap' from project 'TravelTap')
    cd /Users/erders/Documents/TravelTap
    

SwiftCompile normal arm64 /Users/erders/Documents/TravelTap/TravelTap/Data/Countries/Asia/MiddleEast/Israel/IsraelPackage.swift (in target 'TravelTap' from project 'TravelTap')
    cd /Users/erders/Documents/TravelTap
    

SwiftCompile normal arm64 /Users/erders/Documents/TravelTap/TravelTap/Data/Countries/Asia/MiddleEast/Jordan/Cities/AmmanAttractions.swift (in target 'TravelTap' from project 'TravelTap')
    cd /Users/erders/Documents/TravelTap
    

SwiftCompile normal arm64 /Users/erders/Documents/TravelTap/TravelTap/Data/Countries/Asia/MiddleEast/Jordan/Cities/PetraAttractions.swift (in target 'TravelTap' from project 'TravelTap')
    cd /Users/erders/Documents/TravelTap
    

SwiftCompile normal arm64 /Users/erders/Documents/TravelTap/TravelTap/Data/Countries/Asia/MiddleEast/Jordan/JordanPackage.swift (in target 'TravelTap' from project 'TravelTap')
    cd /Users/erders/Documents/TravelTap
    

SwiftCompile normal arm64 /Users/erders/Documents/TravelTap/TravelTap/Data/Countries/Asia/MiddleEast/Kuwait/Cities/KuwaitCityAttractions.swift (in target 'TravelTap' from project 'TravelTap')
    cd /Users/erders/Documents/TravelTap
    

SwiftCompile normal arm64 /Users/erders/Documents/TravelTap/TravelTap/Data/Countries/Asia/MiddleEast/Kuwait/KuwaitPackage.swift (in target 'TravelTap' from project 'TravelTap')
    cd /Users/erders/Documents/TravelTap
    

SwiftCompile normal arm64 /Users/erders/Documents/TravelTap/TravelTap/Data/Countries/Asia/MiddleEast/Lebanon/Cities/BeirutAttractions.swift (in target 'TravelTap' from project 'TravelTap')
    cd /Users/erders/Documents/TravelTap
    

SwiftCompile normal arm64 /Users/erders/Documents/TravelTap/TravelTap/Data/Countries/Asia/MiddleEast/Lebanon/LebanonPackage.swift (in target 'TravelTap' from project 'TravelTap')
    cd /Users/erders/Documents/TravelTap
    

SwiftCompile normal arm64 /Users/erders/Documents/TravelTap/TravelTap/Data/Countries/Asia/MiddleEast/Oman/Cities/MuscatAttractions.swift (in target 'TravelTap' from project 'TravelTap')
    cd /Users/erders/Documents/TravelTap
    

SwiftCompile normal arm64 /Users/erders/Documents/TravelTap/TravelTap/Data/Countries/Asia/MiddleEast/Oman/OmanPackage.swift (in target 'TravelTap' from project 'TravelTap')
    cd /Users/erders/Documents/TravelTap
    

SwiftCompile normal arm64 /Users/erders/Documents/TravelTap/TravelTap/Data/Countries/Asia/MiddleEast/Qatar/Cities/DohaAttractions.swift (in target 'TravelTap' from project 'TravelTap')
    cd /Users/erders/Documents/TravelTap
    

SwiftCompile normal arm64 /Users/erders/Documents/TravelTap/TravelTap/Data/Countries/Asia/MiddleEast/Qatar/QatarPackage.swift (in target 'TravelTap' from project 'TravelTap')
    cd /Users/erders/Documents/TravelTap
    

SwiftCompile normal arm64 /Users/erders/Documents/TravelTap/TravelTap/Data/Countries/Asia/MiddleEast/SaudiArabia/Cities/JeddahAttractions.swift (in target 'TravelTap' from project 'TravelTap')
    cd /Users/erders/Documents/TravelTap
    

SwiftCompile normal arm64 /Users/erders/Documents/TravelTap/TravelTap/Data/Countries/Asia/MiddleEast/SaudiArabia/Cities/RiyadhAttractions.swift (in target 'TravelTap' from project 'TravelTap')
    cd /Users/erders/Documents/TravelTap
    

SwiftCompile normal arm64 /Users/erders/Documents/TravelTap/TravelTap/Data/Countries/Asia/MiddleEast/SaudiArabia/SaudiArabiaPackage.swift (in target 'TravelTap' from project 'TravelTap')
    cd /Users/erders/Documents/TravelTap
    

SwiftCompile normal arm64 /Users/erders/Documents/TravelTap/TravelTap/Data/Countries/Asia/MiddleEast/Syria/Cities/DamascusAttractions.swift (in target 'TravelTap' from project 'TravelTap')
    cd /Users/erders/Documents/TravelTap
    

SwiftCompile normal arm64 /Users/erders/Documents/TravelTap/TravelTap/Data/Countries/Asia/MiddleEast/Syria/SyriaPackage.swift (in target 'TravelTap' from project 'TravelTap')
    cd /Users/erders/Documents/TravelTap
    

SwiftCompile normal arm64 /Users/erders/Documents/TravelTap/TravelTap/Data/Countries/Asia/MiddleEast/UAE/Cities/AbuDhabiAttractions.swift (in target 'TravelTap' from project 'TravelTap')
    cd /Users/erders/Documents/TravelTap
    

SwiftCompile normal arm64 /Users/erders/Documents/TravelTap/TravelTap/Data/Countries/Asia/MiddleEast/UAE/Cities/DubaiAttractions.swift (in target 'TravelTap' from project 'TravelTap')
    cd /Users/erders/Documents/TravelTap
    

SwiftCompile normal arm64 /Users/erders/Documents/TravelTap/TravelTap/Data/Countries/Asia/MiddleEast/UAE/UAEPackage.swift (in target 'TravelTap' from project 'TravelTap')
    cd /Users/erders/Documents/TravelTap
    

SwiftCompile normal arm64 /Users/erders/Documents/TravelTap/TravelTap/Data/Countries/Asia/SouthAsia/Bangladesh/BangladeshPackage.swift (in target 'TravelTap' from project 'TravelTap')
    cd /Users/erders/Documents/TravelTap
    

SwiftCompile normal arm64 Compiling\ CotonouSouthAttractions.swift,\ NorthAtacoraAttractions.swift,\ OuidahSlaveRouteAttractions.swift,\ PortoNovoEastAttractions.swift,\ BurkinaFasoPackage.swift,\ BoboDioulassoWestAttractions.swift,\ NorthEastParksAttractions.swift,\ OuagadougouCentralAttractions.swift,\ SouthernParksAttractions.swift,\ CapeVerdePackage.swift,\ FogoBravaAttractions.swift,\ SalBoaVistaAttractions.swift,\ SantiagoMaioAttractions.swift,\ SaoVicenteSantoAntaoAttractions.swift,\ AbidjanSouthAttractions.swift,\ CIParksNorthAttractions.swift,\ CoastalBeachesAttractions.swift,\ ManWestAttractions.swift,\ CotedIvoirePackage.swift,\ BanjulCoastalAttractions.swift,\ GambiaBeachesAttractions.swift,\ GambiaNatureAttractions.swift,\ UpriverHistoricAttractions.swift,\ GambiaPackage.swift,\ AccraGreaterAttractions.swift /Users/erders/Documents/TravelTap/TravelTap/Data/Countries/Africa/WestAfrica/Benin/Cities/CotonouSouthAttractions.swift /Users/erders/Documents/TravelTap/TravelTap/Data/Countries/Africa/WestAfrica/Benin/Cities/NorthAtacoraAttractions.swift /Users/erders/Documents/TravelTap/TravelTap/Data/Countries/Africa/WestAfrica/Benin/Cities/OuidahSlaveRouteAttractions.swift /Users/erders/Documents/TravelTap/TravelTap/Data/Countries/Africa/WestAfrica/Benin/Cities/PortoNovoEastAttractions.swift /Users/erders/Documents/TravelTap/TravelTap/Data/Countries/Africa/WestAfrica/BurkinaFaso/BurkinaFasoPackage.swift /Users/erders/Documents/TravelTap/TravelTap/Data/Countries/Africa/WestAfrica/BurkinaFaso/Cities/BoboDioulassoWestAttractions.swift /Users/erders/Documents/TravelTap/TravelTap/Data/Countries/Africa/WestAfrica/BurkinaFaso/Cities/NorthEastParksAttractions.swift /Users/erders/Documents/TravelTap/TravelTap/Data/Countries/Africa/WestAfrica/BurkinaFaso/Cities/OuagadougouCentralAttractions.swift /Users/erders/Documents/TravelTap/TravelTap/Data/Countries/Africa/WestAfrica/BurkinaFaso/Cities/SouthernParksAttractions.swift /Users/erders/Documents/TravelTap/TravelTap/Data/Countries/Africa/WestAfrica/CapeVerde/CapeVerdePackage.swift /Users/erders/Documents/TravelTap/TravelTap/Data/Countries/Africa/WestAfrica/CapeVerde/Cities/FogoBravaAttractions.swift /Users/erders/Documents/TravelTap/TravelTap/Data/Countries/Africa/WestAfrica/CapeVerde/Cities/SalBoaVistaAttractions.swift /Users/erders/Documents/TravelTap/TravelTap/Data/Countries/Africa/WestAfrica/CapeVerde/Cities/SantiagoMaioAttractions.swift /Users/erders/Documents/TravelTap/TravelTap/Data/Countries/Africa/WestAfrica/CapeVerde/Cities/SaoVicenteSantoAntaoAttractions.swift /Users/erders/Documents/TravelTap/TravelTap/Data/Countries/Africa/WestAfrica/CotedIvoire/Cities/AbidjanSouthAttractions.swift /Users/erders/Documents/TravelTap/TravelTap/Data/Countries/Africa/WestAfrica/CotedIvoire/Cities/CIParksNorthAttractions.swift /Users/erders/Documents/TravelTap/TravelTap/Data/Countries/Africa/WestAfrica/CotedIvoire/Cities/CoastalBeachesAttractions.swift /Users/erders/Documents/TravelTap/TravelTap/Data/Countries/Africa/WestAfrica/CotedIvoire/Cities/ManWestAttractions.swift /Users/erders/Documents/TravelTap/TravelTap/Data/Countries/Africa/WestAfrica/CotedIvoire/CotedIvoirePackage.swift /Users/erders/Documents/TravelTap/TravelTap/Data/Countries/Africa/WestAfrica/Gambia/Cities/BanjulCoastalAttractions.swift /Users/erders/Documents/TravelTap/TravelTap/Data/Countries/Africa/WestAfrica/Gambia/Cities/GambiaBeachesAttractions.swift /Users/erders/Documents/TravelTap/TravelTap/Data/Countries/Africa/WestAfrica/Gambia/Cities/GambiaNatureAttractions.swift /Users/erders/Documents/TravelTap/TravelTap/Data/Countries/Africa/WestAfrica/Gambia/Cities/UpriverHistoricAttractions.swift /Users/erders/Documents/TravelTap/TravelTap/Data/Countries/Africa/WestAfrica/Gambia/GambiaPackage.swift /Users/erders/Documents/TravelTap/TravelTap/Data/Countries/Africa/WestAfrica/Ghana/Cities/AccraGreaterAttractions.swift (in target 'TravelTap' from project 'TravelTap')

SwiftCompile normal arm64 /Users/erders/Documents/TravelTap/TravelTap/Data/Countries/Africa/WestAfrica/Benin/Cities/CotonouSouthAttractions.swift (in target 'TravelTap' from project 'TravelTap')
    cd /Users/erders/Documents/TravelTap
    

SwiftCompile normal arm64 /Users/erders/Documents/TravelTap/TravelTap/Data/Countries/Africa/WestAfrica/Benin/Cities/NorthAtacoraAttractions.swift (in target 'TravelTap' from project 'TravelTap')
    cd /Users/erders/Documents/TravelTap
    

SwiftCompile normal arm64 /Users/erders/Documents/TravelTap/TravelTap/Data/Countries/Africa/WestAfrica/Benin/Cities/OuidahSlaveRouteAttractions.swift (in target 'TravelTap' from project 'TravelTap')
    cd /Users/erders/Documents/TravelTap
    

SwiftCompile normal arm64 /Users/erders/Documents/TravelTap/TravelTap/Data/Countries/Africa/WestAfrica/Benin/Cities/PortoNovoEastAttractions.swift (in target 'TravelTap' from project 'TravelTap')
    cd /Users/erders/Documents/TravelTap
    

SwiftCompile normal arm64 /Users/erders/Documents/TravelTap/TravelTap/Data/Countries/Africa/WestAfrica/BurkinaFaso/BurkinaFasoPackage.swift (in target 'TravelTap' from project 'TravelTap')
    cd /Users/erders/Documents/TravelTap
    

SwiftCompile normal arm64 /Users/erders/Documents/TravelTap/TravelTap/Data/Countries/Africa/WestAfrica/BurkinaFaso/Cities/BoboDioulassoWestAttractions.swift (in target 'TravelTap' from project 'TravelTap')
    cd /Users/erders/Documents/TravelTap
    

SwiftCompile normal arm64 /Users/erders/Documents/TravelTap/TravelTap/Data/Countries/Africa/WestAfrica/BurkinaFaso/Cities/NorthEastParksAttractions.swift (in target 'TravelTap' from project 'TravelTap')
    cd /Users/erders/Documents/TravelTap
    

SwiftCompile normal arm64 /Users/erders/Documents/TravelTap/TravelTap/Data/Countries/Africa/WestAfrica/BurkinaFaso/Cities/OuagadougouCentralAttractions.swift (in target 'TravelTap' from project 'TravelTap')
    cd /Users/erders/Documents/TravelTap
    

SwiftCompile normal arm64 /Users/erders/Documents/TravelTap/TravelTap/Data/Countries/Africa/WestAfrica/BurkinaFaso/Cities/SouthernParksAttractions.swift (in target 'TravelTap' from project 'TravelTap')
    cd /Users/erders/Documents/TravelTap
    

SwiftCompile normal arm64 /Users/erders/Documents/TravelTap/TravelTap/Data/Countries/Africa/WestAfrica/CapeVerde/CapeVerdePackage.swift (in target 'TravelTap' from project 'TravelTap')
    cd /Users/erders/Documents/TravelTap
    

SwiftCompile normal arm64 /Users/erders/Documents/TravelTap/TravelTap/Data/Countries/Africa/WestAfrica/CapeVerde/Cities/FogoBravaAttractions.swift (in target 'TravelTap' from project 'TravelTap')
    cd /Users/erders/Documents/TravelTap
    

SwiftCompile normal arm64 /Users/erders/Documents/TravelTap/TravelTap/Data/Countries/Africa/WestAfrica/CapeVerde/Cities/SalBoaVistaAttractions.swift (in target 'TravelTap' from project 'TravelTap')
    cd /Users/erders/Documents/TravelTap
    

SwiftCompile normal arm64 /Users/erders/Documents/TravelTap/TravelTap/Data/Countries/Africa/WestAfrica/CapeVerde/Cities/SantiagoMaioAttractions.swift (in target 'TravelTap' from project 'TravelTap')
    cd /Users/erders/Documents/TravelTap
    

SwiftCompile normal arm64 /Users/erders/Documents/TravelTap/TravelTap/Data/Countries/Africa/WestAfrica/CapeVerde/Cities/SaoVicenteSantoAntaoAttractions.swift (in target 'TravelTap' from project 'TravelTap')
    cd /Users/erders/Documents/TravelTap
    

SwiftCompile normal arm64 /Users/erders/Documents/TravelTap/TravelTap/Data/Countries/Africa/WestAfrica/CotedIvoire/Cities/AbidjanSouthAttractions.swift (in target 'TravelTap' from project 'TravelTap')
    cd /Users/erders/Documents/TravelTap
    

SwiftCompile normal arm64 /Users/erders/Documents/TravelTap/TravelTap/Data/Countries/Africa/WestAfrica/CotedIvoire/Cities/CIParksNorthAttractions.swift (in target 'TravelTap' from project 'TravelTap')
    cd /Users/erders/Documents/TravelTap
    

SwiftCompile normal arm64 /Users/erders/Documents/TravelTap/TravelTap/Data/Countries/Africa/WestAfrica/CotedIvoire/Cities/CoastalBeachesAttractions.swift (in target 'TravelTap' from project 'TravelTap')
    cd /Users/erders/Documents/TravelTap
    

SwiftCompile normal arm64 /Users/erders/Documents/TravelTap/TravelTap/Data/Countries/Africa/WestAfrica/CotedIvoire/Cities/ManWestAttractions.swift (in target 'TravelTap' from project 'TravelTap')
    cd /Users/erders/Documents/TravelTap
    

SwiftCompile normal arm64 /Users/erders/Documents/TravelTap/TravelTap/Data/Countries/Africa/WestAfrica/CotedIvoire/CotedIvoirePackage.swift (in target 'TravelTap' from project 'TravelTap')
    cd /Users/erders/Documents/TravelTap
    

SwiftCompile normal arm64 /Users/erders/Documents/TravelTap/TravelTap/Data/Countries/Africa/WestAfrica/Gambia/Cities/BanjulCoastalAttractions.swift (in target 'TravelTap' from project 'TravelTap')
    cd /Users/erders/Documents/TravelTap
    

SwiftCompile normal arm64 /Users/erders/Documents/TravelTap/TravelTap/Data/Countries/Africa/WestAfrica/Gambia/Cities/GambiaBeachesAttractions.swift (in target 'TravelTap' from project 'TravelTap')
    cd /Users/erders/Documents/TravelTap
    

SwiftCompile normal arm64 /Users/erders/Documents/TravelTap/TravelTap/Data/Countries/Africa/WestAfrica/Gambia/Cities/GambiaNatureAttractions.swift (in target 'TravelTap' from project 'TravelTap')
    cd /Users/erders/Documents/TravelTap
    

SwiftCompile normal arm64 /Users/erders/Documents/TravelTap/TravelTap/Data/Countries/Africa/WestAfrica/Gambia/Cities/UpriverHistoricAttractions.swift (in target 'TravelTap' from project 'TravelTap')
    cd /Users/erders/Documents/TravelTap
    

SwiftCompile normal arm64 /Users/erders/Documents/TravelTap/TravelTap/Data/Countries/Africa/WestAfrica/Gambia/GambiaPackage.swift (in target 'TravelTap' from project 'TravelTap')
    cd /Users/erders/Documents/TravelTap
    

SwiftCompile normal arm64 /Users/erders/Documents/TravelTap/TravelTap/Data/Countries/Africa/WestAfrica/Ghana/Cities/AccraGreaterAttractions.swift (in target 'TravelTap' from project 'TravelTap')
    cd /Users/erders/Documents/TravelTap
    

SwiftEmitModule normal arm64 Emitting\ module\ for\ TravelTap (in target 'TravelTap' from project 'TravelTap')
EmitSwiftModule normal arm64 (in target 'TravelTap' from project 'TravelTap')
    cd /Users/erders/Documents/TravelTap
    

SwiftCompile normal arm64 Compiling\ MoalboalAttractions.swift,\ BoholAttractions.swift,\ LaoagAttractions.swift,\ OslobAttractions.swift,\ CebuCityAttractions.swift,\ BatanesAttractions.swift,\ BacolodAttractions.swift,\ PinatuboAttractions.swift,\ MalapascuaAttractions.swift,\ SurigaoDelSurAttractions.swift,\ TaguigAttractions.swift,\ ManilaCityAttractions.swift,\ ZambalesAttractions.swift,\ CoronAttractions.swift,\ SamarAttractions.swift,\ BoracayAttractions.swift,\ SamalIslandAttractions.swift,\ ViganAttractions.swift,\ SibongaAttractions.swift,\ LeyteAttractions.swift,\ BaguioAttractions.swift,\ SiquijorAttractions.swift,\ BanaueAttractions.swift,\ MakatiAttractions.swift,\ PagudpudAttractions.swift /Users/erders/Documents/TravelTap/TravelTap/Data/Countries/Asia/SoutheastAsia/Philippines/Cities/MoalboalAttractions.swift /Users/erders/Documents/TravelTap/TravelTap/Data/Countries/Asia/SoutheastAsia/Philippines/Cities/BoholAttractions.swift /Users/erders/Documents/TravelTap/TravelTap/Data/Countries/Asia/SoutheastAsia/Philippines/Cities/LaoagAttractions.swift /Users/erders/Documents/TravelTap/TravelTap/Data/Countries/Asia/SoutheastAsia/Philippines/Cities/OslobAttractions.swift /Users/erders/Documents/TravelTap/TravelTap/Data/Countries/Asia/SoutheastAsia/Philippines/Cities/CebuCityAttractions.swift /Users/erders/Documents/TravelTap/TravelTap/Data/Countries/Asia/SoutheastAsia/Philippines/Cities/BatanesAttractions.swift /Users/erders/Documents/TravelTap/TravelTap/Data/Countries/Asia/SoutheastAsia/Philippines/Cities/BacolodAttractions.swift /Users/erders/Documents/TravelTap/TravelTap/Data/Countries/Asia/SoutheastAsia/Philippines/Cities/PinatuboAttractions.swift /Users/erders/Documents/TravelTap/TravelTap/Data/Countries/Asia/SoutheastAsia/Philippines/Cities/MalapascuaAttractions.swift /Users/erders/Documents/TravelTap/TravelTap/Data/Countries/Asia/SoutheastAsia/Philippines/Cities/SurigaoDelSurAttractions.swift /Users/erders/Documents/TravelTap/TravelTap/Data/Countries/Asia/SoutheastAsia/Philippines/Cities/TaguigAttractions.swift /Users/erders/Documents/TravelTap/TravelTap/Data/Countries/Asia/SoutheastAsia/Philippines/Cities/ManilaCityAttractions.swift /Users/erders/Documents/TravelTap/TravelTap/Data/Countries/Asia/SoutheastAsia/Philippines/Cities/ZambalesAttractions.swift /Users/erders/Documents/TravelTap/TravelTap/Data/Countries/Asia/SoutheastAsia/Philippines/Cities/CoronAttractions.swift /Users/erders/Documents/TravelTap/TravelTap/Data/Countries/Asia/SoutheastAsia/Philippines/Cities/SamarAttractions.swift /Users/erders/Documents/TravelTap/TravelTap/Data/Countries/Asia/SoutheastAsia/Philippines/Cities/BoracayAttractions.swift /Users/erders/Documents/TravelTap/TravelTap/Data/Countries/Asia/SoutheastAsia/Philippines/Cities/SamalIslandAttractions.swift /Users/erders/Documents/TravelTap/TravelTap/Data/Countries/Asia/SoutheastAsia/Philippines/Cities/ViganAttractions.swift /Users/erders/Documents/TravelTap/TravelTap/Data/Countries/Asia/SoutheastAsia/Philippines/Cities/SibongaAttractions.swift /Users/erders/Documents/TravelTap/TravelTap/Data/Countries/Asia/SoutheastAsia/Philippines/Cities/LeyteAttractions.swift /Users/erders/Documents/TravelTap/TravelTap/Data/Countries/Asia/SoutheastAsia/Philippines/Cities/BaguioAttractions.swift /Users/erders/Documents/TravelTap/TravelTap/Data/Countries/Asia/SoutheastAsia/Philippines/Cities/SiquijorAttractions.swift /Users/erders/Documents/TravelTap/TravelTap/Data/Countries/Asia/SoutheastAsia/Philippines/Cities/BanaueAttractions.swift /Users/erders/Documents/TravelTap/TravelTap/Data/Countries/Asia/SoutheastAsia/Philippines/Cities/MakatiAttractions.swift /Users/erders/Documents/TravelTap/TravelTap/Data/Countries/Asia/SoutheastAsia/Philippines/Cities/PagudpudAttractions.swift (in target 'TravelTap' from project 'TravelTap')

SwiftCompile normal arm64 /Users/erders/Documents/TravelTap/TravelTap/Data/Countries/Asia/SoutheastAsia/Philippines/Cities/MoalboalAttractions.swift (in target 'TravelTap' from project 'TravelTap')
    cd /Users/erders/Documents/TravelTap
    

SwiftCompile normal arm64 /Users/erders/Documents/TravelTap/TravelTap/Data/Countries/Asia/SoutheastAsia/Philippines/Cities/BoholAttractions.swift (in target 'TravelTap' from project 'TravelTap')
    cd /Users/erders/Documents/TravelTap
    

SwiftCompile normal arm64 /Users/erders/Documents/TravelTap/TravelTap/Data/Countries/Asia/SoutheastAsia/Philippines/Cities/LaoagAttractions.swift (in target 'TravelTap' from project 'TravelTap')
    cd /Users/erders/Documents/TravelTap
    

SwiftCompile normal arm64 /Users/erders/Documents/TravelTap/TravelTap/Data/Countries/Asia/SoutheastAsia/Philippines/Cities/OslobAttractions.swift (in target 'TravelTap' from project 'TravelTap')
    cd /Users/erders/Documents/TravelTap
    

SwiftCompile normal arm64 /Users/erders/Documents/TravelTap/TravelTap/Data/Countries/Asia/SoutheastAsia/Philippines/Cities/CebuCityAttractions.swift (in target 'TravelTap' from project 'TravelTap')
    cd /Users/erders/Documents/TravelTap
    

SwiftCompile normal arm64 /Users/erders/Documents/TravelTap/TravelTap/Data/Countries/Asia/SoutheastAsia/Philippines/Cities/BatanesAttractions.swift (in target 'TravelTap' from project 'TravelTap')
    cd /Users/erders/Documents/TravelTap
    

SwiftCompile normal arm64 /Users/erders/Documents/TravelTap/TravelTap/Data/Countries/Asia/SoutheastAsia/Philippines/Cities/BacolodAttractions.swift (in target 'TravelTap' from project 'TravelTap')
    cd /Users/erders/Documents/TravelTap
    

SwiftCompile normal arm64 /Users/erders/Documents/TravelTap/TravelTap/Data/Countries/Asia/SoutheastAsia/Philippines/Cities/PinatuboAttractions.swift (in target 'TravelTap' from project 'TravelTap')
    cd /Users/erders/Documents/TravelTap
    

SwiftCompile normal arm64 /Users/erders/Documents/TravelTap/TravelTap/Data/Countries/Asia/SoutheastAsia/Philippines/Cities/MalapascuaAttractions.swift (in target 'TravelTap' from project 'TravelTap')
    cd /Users/erders/Documents/TravelTap
    

SwiftCompile normal arm64 /Users/erders/Documents/TravelTap/TravelTap/Data/Countries/Asia/SoutheastAsia/Philippines/Cities/SurigaoDelSurAttractions.swift (in target 'TravelTap' from project 'TravelTap')
    cd /Users/erders/Documents/TravelTap
    

SwiftCompile normal arm64 /Users/erders/Documents/TravelTap/TravelTap/Data/Countries/Asia/SoutheastAsia/Philippines/Cities/TaguigAttractions.swift (in target 'TravelTap' from project 'TravelTap')
    cd /Users/erders/Documents/TravelTap
    

SwiftCompile normal arm64 /Users/erders/Documents/TravelTap/TravelTap/Data/Countries/Asia/SoutheastAsia/Philippines/Cities/ManilaCityAttractions.swift (in target 'TravelTap' from project 'TravelTap')
    cd /Users/erders/Documents/TravelTap
    

SwiftCompile normal arm64 /Users/erders/Documents/TravelTap/TravelTap/Data/Countries/Asia/SoutheastAsia/Philippines/Cities/ZambalesAttractions.swift (in target 'TravelTap' from project 'TravelTap')
    cd /Users/erders/Documents/TravelTap
    

SwiftCompile normal arm64 /Users/erders/Documents/TravelTap/TravelTap/Data/Countries/Asia/SoutheastAsia/Philippines/Cities/CoronAttractions.swift (in target 'TravelTap' from project 'TravelTap')
    cd /Users/erders/Documents/TravelTap
    

SwiftCompile normal arm64 /Users/erders/Documents/TravelTap/TravelTap/Data/Countries/Asia/SoutheastAsia/Philippines/Cities/SamarAttractions.swift (in target 'TravelTap' from project 'TravelTap')
    cd /Users/erders/Documents/TravelTap
    

SwiftCompile normal arm64 /Users/erders/Documents/TravelTap/TravelTap/Data/Countries/Asia/SoutheastAsia/Philippines/Cities/BoracayAttractions.swift (in target 'TravelTap' from project 'TravelTap')
    cd /Users/erders/Documents/TravelTap
    

SwiftCompile normal arm64 /Users/erders/Documents/TravelTap/TravelTap/Data/Countries/Asia/SoutheastAsia/Philippines/Cities/SamalIslandAttractions.swift (in target 'TravelTap' from project 'TravelTap')
    cd /Users/erders/Documents/TravelTap
    

SwiftCompile normal arm64 /Users/erders/Documents/TravelTap/TravelTap/Data/Countries/Asia/SoutheastAsia/Philippines/Cities/ViganAttractions.swift (in target 'TravelTap' from project 'TravelTap')
    cd /Users/erders/Documents/TravelTap
    

SwiftCompile normal arm64 /Users/erders/Documents/TravelTap/TravelTap/Data/Countries/Asia/SoutheastAsia/Philippines/Cities/SibongaAttractions.swift (in target 'TravelTap' from project 'TravelTap')
    cd /Users/erders/Documents/TravelTap
    

SwiftCompile normal arm64 /Users/erders/Documents/TravelTap/TravelTap/Data/Countries/Asia/SoutheastAsia/Philippines/Cities/LeyteAttractions.swift (in target 'TravelTap' from project 'TravelTap')
    cd /Users/erders/Documents/TravelTap
    

SwiftCompile normal arm64 /Users/erders/Documents/TravelTap/TravelTap/Data/Countries/Asia/SoutheastAsia/Philippines/Cities/BaguioAttractions.swift (in target 'TravelTap' from project 'TravelTap')
    cd /Users/erders/Documents/TravelTap
    

SwiftCompile normal arm64 /Users/erders/Documents/TravelTap/TravelTap/Data/Countries/Asia/SoutheastAsia/Philippines/Cities/SiquijorAttractions.swift (in target 'TravelTap' from project 'TravelTap')
    cd /Users/erders/Documents/TravelTap
    

SwiftCompile normal arm64 /Users/erders/Documents/TravelTap/TravelTap/Data/Countries/Asia/SoutheastAsia/Philippines/Cities/BanaueAttractions.swift (in target 'TravelTap' from project 'TravelTap')
    cd /Users/erders/Documents/TravelTap
    

SwiftCompile normal arm64 /Users/erders/Documents/TravelTap/TravelTap/Data/Countries/Asia/SoutheastAsia/Philippines/Cities/MakatiAttractions.swift (in target 'TravelTap' from project 'TravelTap')
    cd /Users/erders/Documents/TravelTap
    

SwiftCompile normal arm64 /Users/erders/Documents/TravelTap/TravelTap/Data/Countries/Asia/SoutheastAsia/Philippines/Cities/PagudpudAttractions.swift (in target 'TravelTap' from project 'TravelTap')
    cd /Users/erders/Documents/TravelTap
    

SwiftDriverJobDiscovery normal arm64 Compiling PortGentilCoastalAttractions.swift, GabonPackage.swift, BrazzavilleAttractions.swift, NorthernCongoAttractions.swift, PointeNoireAttractions.swift, SouthernCongoAttractions.swift, RepublicoftheCongoPackage.swift, PrincipeAttractions.swift, SaoTomeCityAttractions.swift, SaoTomeNorthCentralAttractions.swift, SaoTomeSouthEastAttractions.swift, SaoTomeandPrincipePackage.swift, BurundiPackage.swift, BujumburaAttractions.swift, GitegaCentralAttractions.swift, NorthernBurundiAttractions.swift, SouthernBurundiAttractions.swift, AnjouanAttractions.swift, GrandeComoreAttractions.swift, MoheliAttractions.swift, ComorosPackage.swift, DjiboutiCityBeachesAttractions.swift, DjiboutiSouthWestAttractions.swift, TadjouraNorthAttractions.swift, DjiboutiPackage.swift (in target 'TravelTap' from project 'TravelTap')

SwiftCompile normal arm64 Compiling\ HunzaAttractions.swift,\ IslamabadAttractions.swift,\ KarachiAttractions.swift,\ LahoreAttractions.swift,\ SkarduAttractions.swift,\ SwatAttractions.swift,\ PakistanPackage.swift,\ ColomboAttractions.swift,\ KandyAttractions.swift,\ SriLankaPackage.swift,\ BruneiPackage.swift,\ BandarSeriBegawanAttractions.swift,\ BelaitAttractions.swift,\ TemburongAttractions.swift,\ TutongAttractions.swift,\ CambodiaPackage.swift,\ BattambangAttractions.swift,\ KampotAttractions.swift,\ KepAttractions.swift,\ KratieAttractions.swift,\ MondulkiriAttractions.swift,\ PhnomPenhAttractions.swift,\ RatanakiriAttractions.swift,\ SiemReapAttractions.swift,\ SihanoukvilleAttractions.swift /Users/erders/Documents/TravelTap/TravelTap/Data/Countries/Asia/SouthAsia/Pakistan/Cities/HunzaAttractions.swift /Users/erders/Documents/TravelTap/TravelTap/Data/Countries/Asia/SouthAsia/Pakistan/Cities/IslamabadAttractions.swift /Users/erders/Documents/TravelTap/TravelTap/Data/Countries/Asia/SouthAsia/Pakistan/Cities/KarachiAttractions.swift /Users/erders/Documents/TravelTap/TravelTap/Data/Countries/Asia/SouthAsia/Pakistan/Cities/LahoreAttractions.swift /Users/erders/Documents/TravelTap/TravelTap/Data/Countries/Asia/SouthAsia/Pakistan/Cities/SkarduAttractions.swift /Users/erders/Documents/TravelTap/TravelTap/Data/Countries/Asia/SouthAsia/Pakistan/Cities/SwatAttractions.swift /Users/erders/Documents/TravelTap/TravelTap/Data/Countries/Asia/SouthAsia/Pakistan/PakistanPackage.swift /Users/erders/Documents/TravelTap/TravelTap/Data/Countries/Asia/SouthAsia/SriLanka/Cities/ColomboAttractions.swift /Users/erders/Documents/TravelTap/TravelTap/Data/Countries/Asia/SouthAsia/SriLanka/Cities/KandyAttractions.swift /Users/erders/Documents/TravelTap/TravelTap/Data/Countries/Asia/SouthAsia/SriLanka/SriLankaPackage.swift /Users/erders/Documents/TravelTap/TravelTap/Data/Countries/Asia/SoutheastAsia/Brunei/BruneiPackage.swift /Users/erders/Documents/TravelTap/TravelTap/Data/Countries/Asia/SoutheastAsia/Brunei/Cities/BandarSeriBegawanAttractions.swift /Users/erders/Documents/TravelTap/TravelTap/Data/Countries/Asia/SoutheastAsia/Brunei/Cities/BelaitAttractions.swift /Users/erders/Documents/TravelTap/TravelTap/Data/Countries/Asia/SoutheastAsia/Brunei/Cities/TemburongAttractions.swift /Users/erders/Documents/TravelTap/TravelTap/Data/Countries/Asia/SoutheastAsia/Brunei/Cities/TutongAttractions.swift /Users/erders/Documents/TravelTap/TravelTap/Data/Countries/Asia/SoutheastAsia/Cambodia/CambodiaPackage.swift /Users/erders/Documents/TravelTap/TravelTap/Data/Countries/Asia/SoutheastAsia/Cambodia/Cities/BattambangAttractions.swift /Users/erders/Documents/TravelTap/TravelTap/Data/Countries/Asia/SoutheastAsia/Cambodia/Cities/KampotAttractions.swift /Users/erders/Documents/TravelTap/TravelTap/Data/Countries/Asia/SoutheastAsia/Cambodia/Cities/KepAttractions.swift /Users/erders/Documents/TravelTap/TravelTap/Data/Countries/Asia/SoutheastAsia/Cambodia/Cities/KratieAttractions.swift /Users/erders/Documents/TravelTap/TravelTap/Data/Countries/Asia/SoutheastAsia/Cambodia/Cities/MondulkiriAttractions.swift /Users/erders/Documents/TravelTap/TravelTap/Data/Countries/Asia/SoutheastAsia/Cambodia/Cities/PhnomPenhAttractions.swift /Users/erders/Documents/TravelTap/TravelTap/Data/Countries/Asia/SoutheastAsia/Cambodia/Cities/RatanakiriAttractions.swift /Users/erders/Documents/TravelTap/TravelTap/Data/Countries/Asia/SoutheastAsia/Cambodia/Cities/SiemReapAttractions.swift /Users/erders/Documents/TravelTap/TravelTap/Data/Countries/Asia/SoutheastAsia/Cambodia/Cities/SihanoukvilleAttractions.swift (in target 'TravelTap' from project 'TravelTap')

SwiftCompile normal arm64 /Users/erders/Documents/TravelTap/TravelTap/Data/Countries/Asia/SouthAsia/Pakistan/Cities/HunzaAttractions.swift (in target 'TravelTap' from project 'TravelTap')
    cd /Users/erders/Documents/TravelTap
    

SwiftCompile normal arm64 /Users/erders/Documents/TravelTap/TravelTap/Data/Countries/Asia/SouthAsia/Pakistan/Cities/IslamabadAttractions.swift (in target 'TravelTap' from project 'TravelTap')
    cd /Users/erders/Documents/TravelTap
    

SwiftCompile normal arm64 /Users/erders/Documents/TravelTap/TravelTap/Data/Countries/Asia/SouthAsia/Pakistan/Cities/KarachiAttractions.swift (in target 'TravelTap' from project 'TravelTap')
    cd /Users/erders/Documents/TravelTap
    

SwiftCompile normal arm64 /Users/erders/Documents/TravelTap/TravelTap/Data/Countries/Asia/SouthAsia/Pakistan/Cities/LahoreAttractions.swift (in target 'TravelTap' from project 'TravelTap')
    cd /Users/erders/Documents/TravelTap
    

SwiftCompile normal arm64 /Users/erders/Documents/TravelTap/TravelTap/Data/Countries/Asia/SouthAsia/Pakistan/Cities/SkarduAttractions.swift (in target 'TravelTap' from project 'TravelTap')
    cd /Users/erders/Documents/TravelTap
    

SwiftCompile normal arm64 /Users/erders/Documents/TravelTap/TravelTap/Data/Countries/Asia/SouthAsia/Pakistan/Cities/SwatAttractions.swift (in target 'TravelTap' from project 'TravelTap')
    cd /Users/erders/Documents/TravelTap
    

SwiftCompile normal arm64 /Users/erders/Documents/TravelTap/TravelTap/Data/Countries/Asia/SouthAsia/Pakistan/PakistanPackage.swift (in target 'TravelTap' from project 'TravelTap')
    cd /Users/erders/Documents/TravelTap
    

SwiftCompile normal arm64 /Users/erders/Documents/TravelTap/TravelTap/Data/Countries/Asia/SouthAsia/SriLanka/Cities/ColomboAttractions.swift (in target 'TravelTap' from project 'TravelTap')
    cd /Users/erders/Documents/TravelTap
    

SwiftCompile normal arm64 /Users/erders/Documents/TravelTap/TravelTap/Data/Countries/Asia/SouthAsia/SriLanka/Cities/KandyAttractions.swift (in target 'TravelTap' from project 'TravelTap')
    cd /Users/erders/Documents/TravelTap
    

SwiftCompile normal arm64 /Users/erders/Documents/TravelTap/TravelTap/Data/Countries/Asia/SouthAsia/SriLanka/SriLankaPackage.swift (in target 'TravelTap' from project 'TravelTap')
    cd /Users/erders/Documents/TravelTap
    

SwiftCompile normal arm64 /Users/erders/Documents/TravelTap/TravelTap/Data/Countries/Asia/SoutheastAsia/Brunei/BruneiPackage.swift (in target 'TravelTap' from project 'TravelTap')
    cd /Users/erders/Documents/TravelTap
    

SwiftCompile normal arm64 /Users/erders/Documents/TravelTap/TravelTap/Data/Countries/Asia/SoutheastAsia/Brunei/Cities/BandarSeriBegawanAttractions.swift (in target 'TravelTap' from project 'TravelTap')
    cd /Users/erders/Documents/TravelTap
    

SwiftCompile normal arm64 /Users/erders/Documents/TravelTap/TravelTap/Data/Countries/Asia/SoutheastAsia/Brunei/Cities/BelaitAttractions.swift (in target 'TravelTap' from project 'TravelTap')
    cd /Users/erders/Documents/TravelTap
    

SwiftCompile normal arm64 /Users/erders/Documents/TravelTap/TravelTap/Data/Countries/Asia/SoutheastAsia/Brunei/Cities/TemburongAttractions.swift (in target 'TravelTap' from project 'TravelTap')
    cd /Users/erders/Documents/TravelTap
    

SwiftCompile normal arm64 /Users/erders/Documents/TravelTap/TravelTap/Data/Countries/Asia/SoutheastAsia/Brunei/Cities/TutongAttractions.swift (in target 'TravelTap' from project 'TravelTap')
    cd /Users/erders/Documents/TravelTap
    

SwiftCompile normal arm64 /Users/erders/Documents/TravelTap/TravelTap/Data/Countries/Asia/SoutheastAsia/Cambodia/CambodiaPackage.swift (in target 'TravelTap' from project 'TravelTap')
    cd /Users/erders/Documents/TravelTap
    

SwiftCompile normal arm64 /Users/erders/Documents/TravelTap/TravelTap/Data/Countries/Asia/SoutheastAsia/Cambodia/Cities/BattambangAttractions.swift (in target 'TravelTap' from project 'TravelTap')
    cd /Users/erders/Documents/TravelTap
    

SwiftCompile normal arm64 /Users/erders/Documents/TravelTap/TravelTap/Data/Countries/Asia/SoutheastAsia/Cambodia/Cities/KampotAttractions.swift (in target 'TravelTap' from project 'TravelTap')
    cd /Users/erders/Documents/TravelTap
    

SwiftCompile normal arm64 /Users/erders/Documents/TravelTap/TravelTap/Data/Countries/Asia/SoutheastAsia/Cambodia/Cities/KepAttractions.swift (in target 'TravelTap' from project 'TravelTap')
    cd /Users/erders/Documents/TravelTap
    

SwiftCompile normal arm64 /Users/erders/Documents/TravelTap/TravelTap/Data/Countries/Asia/SoutheastAsia/Cambodia/Cities/KratieAttractions.swift (in target 'TravelTap' from project 'TravelTap')
    cd /Users/erders/Documents/TravelTap
    

SwiftCompile normal arm64 /Users/erders/Documents/TravelTap/TravelTap/Data/Countries/Asia/SoutheastAsia/Cambodia/Cities/MondulkiriAttractions.swift (in target 'TravelTap' from project 'TravelTap')
    cd /Users/erders/Documents/TravelTap
    

SwiftCompile normal arm64 /Users/erders/Documents/TravelTap/TravelTap/Data/Countries/Asia/SoutheastAsia/Cambodia/Cities/PhnomPenhAttractions.swift (in target 'TravelTap' from project 'TravelTap')
    cd /Users/erders/Documents/TravelTap
    

SwiftCompile normal arm64 /Users/erders/Documents/TravelTap/TravelTap/Data/Countries/Asia/SoutheastAsia/Cambodia/Cities/RatanakiriAttractions.swift (in target 'TravelTap' from project 'TravelTap')
    cd /Users/erders/Documents/TravelTap
    

SwiftCompile normal arm64 /Users/erders/Documents/TravelTap/TravelTap/Data/Countries/Asia/SoutheastAsia/Cambodia/Cities/SiemReapAttractions.swift (in target 'TravelTap' from project 'TravelTap')
    cd /Users/erders/Documents/TravelTap
    

SwiftCompile normal arm64 /Users/erders/Documents/TravelTap/TravelTap/Data/Countries/Asia/SoutheastAsia/Cambodia/Cities/SihanoukvilleAttractions.swift (in target 'TravelTap' from project 'TravelTap')
    cd /Users/erders/Documents/TravelTap
    

SwiftDriverJobDiscovery normal arm64 Compiling CotonouSouthAttractions.swift, NorthAtacoraAttractions.swift, OuidahSlaveRouteAttractions.swift, PortoNovoEastAttractions.swift, BurkinaFasoPackage.swift, BoboDioulassoWestAttractions.swift, NorthEastParksAttractions.swift, OuagadougouCentralAttractions.swift, SouthernParksAttractions.swift, CapeVerdePackage.swift, FogoBravaAttractions.swift, SalBoaVistaAttractions.swift, SantiagoMaioAttractions.swift, SaoVicenteSantoAntaoAttractions.swift, AbidjanSouthAttractions.swift, CIParksNorthAttractions.swift, CoastalBeachesAttractions.swift, ManWestAttractions.swift, CotedIvoirePackage.swift, BanjulCoastalAttractions.swift, GambiaBeachesAttractions.swift, GambiaNatureAttractions.swift, UpriverHistoricAttractions.swift, GambiaPackage.swift, AccraGreaterAttractions.swift (in target 'TravelTap' from project 'TravelTap')

SwiftCompile normal arm64 Compiling\ PerthshireAttractions.swift,\ PitlochryAttractions.swift,\ DundeeAttractions.swift,\ OuterHebridesAttractions.swift,\ IsleOfSkyeAttractions.swift,\ GlencoeAttractions.swift,\ LochNessAttractions.swift,\ DumfriesAndGallowayAttractions.swift,\ CairngormsAttractions.swift,\ ScottishBordersAttractions.swift,\ FortWilliamAttractions.swift,\ LochLomondAttractions.swift,\ BohemianSwitzerlandAttractions.swift,\ ZnojmoAttractions.swift,\ HradecKraloveAttractions.swift,\ HlubokaAttractions.swift,\ TrebicAttractions.swift,\ LoketAttractions.swift,\ KonopisteAttractions.swift,\ LitomyslAttractions.swift,\ OstravaAttractions.swift,\ RoudniceAttractions.swift,\ MikulovAttractions.swift,\ KutnaHoraAttractions.swift,\ LiberecAttractions.swift /Users/erders/Documents/TravelTap/TravelTap/Data/Countries/Europe/Scotland/Cities/PerthshireAttractions.swift /Users/erders/Documents/TravelTap/TravelTap/Data/Countries/Europe/Scotland/Cities/PitlochryAttractions.swift /Users/erders/Documents/TravelTap/TravelTap/Data/Countries/Europe/Scotland/Cities/DundeeAttractions.swift /Users/erders/Documents/TravelTap/TravelTap/Data/Countries/Europe/Scotland/Cities/OuterHebridesAttractions.swift /Users/erders/Documents/TravelTap/TravelTap/Data/Countries/Europe/Scotland/Cities/IsleOfSkyeAttractions.swift /Users/erders/Documents/TravelTap/TravelTap/Data/Countries/Europe/Scotland/Cities/GlencoeAttractions.swift /Users/erders/Documents/TravelTap/TravelTap/Data/Countries/Europe/Scotland/Cities/LochNessAttractions.swift /Users/erders/Documents/TravelTap/TravelTap/Data/Countries/Europe/Scotland/Cities/DumfriesAndGallowayAttractions.swift /Users/erders/Documents/TravelTap/TravelTap/Data/Countries/Europe/Scotland/Cities/CairngormsAttractions.swift /Users/erders/Documents/TravelTap/TravelTap/Data/Countries/Europe/Scotland/Cities/ScottishBordersAttractions.swift /Users/erders/Documents/TravelTap/TravelTap/Data/Countries/Europe/Scotland/Cities/FortWilliamAttractions.swift /Users/erders/Documents/TravelTap/TravelTap/Data/Countries/Europe/Scotland/Cities/LochLomondAttractions.swift /Users/erders/Documents/TravelTap/TravelTap/Data/Countries/Europe/Czechia/Cities/BohemianSwitzerlandAttractions.swift /Users/erders/Documents/TravelTap/TravelTap/Data/Countries/Europe/Czechia/Cities/ZnojmoAttractions.swift /Users/erders/Documents/TravelTap/TravelTap/Data/Countries/Europe/Czechia/Cities/HradecKraloveAttractions.swift /Users/erders/Documents/TravelTap/TravelTap/Data/Countries/Europe/Czechia/Cities/HlubokaAttractions.swift /Users/erders/Documents/TravelTap/TravelTap/Data/Countries/Europe/Czechia/Cities/TrebicAttractions.swift /Users/erders/Documents/TravelTap/TravelTap/Data/Countries/Europe/Czechia/Cities/LoketAttractions.swift /Users/erders/Documents/TravelTap/TravelTap/Data/Countries/Europe/Czechia/Cities/KonopisteAttractions.swift /Users/erders/Documents/TravelTap/TravelTap/Data/Countries/Europe/Czechia/Cities/LitomyslAttractions.swift /Users/erders/Documents/TravelTap/TravelTap/Data/Countries/Europe/Czechia/Cities/OstravaAttractions.swift /Users/erders/Documents/TravelTap/TravelTap/Data/Countries/Europe/Czechia/Cities/RoudniceAttractions.swift /Users/erders/Documents/TravelTap/TravelTap/Data/Countries/Europe/Czechia/Cities/MikulovAttractions.swift /Users/erders/Documents/TravelTap/TravelTap/Data/Countries/Europe/Czechia/Cities/KutnaHoraAttractions.swift /Users/erders/Documents/TravelTap/TravelTap/Data/Countries/Europe/Czechia/Cities/LiberecAttractions.swift (in target 'TravelTap' from project 'TravelTap')

SwiftCompile normal arm64 /Users/erders/Documents/TravelTap/TravelTap/Data/Countries/Europe/Scotland/Cities/PerthshireAttractions.swift (in target 'TravelTap' from project 'TravelTap')
    cd /Users/erders/Documents/TravelTap
    

SwiftCompile normal arm64 /Users/erders/Documents/TravelTap/TravelTap/Data/Countries/Europe/Scotland/Cities/PitlochryAttractions.swift (in target 'TravelTap' from project 'TravelTap')
    cd /Users/erders/Documents/TravelTap
    

SwiftCompile normal arm64 /Users/erders/Documents/TravelTap/TravelTap/Data/Countries/Europe/Scotland/Cities/DundeeAttractions.swift (in target 'TravelTap' from project 'TravelTap')
    cd /Users/erders/Documents/TravelTap
    

SwiftCompile normal arm64 /Users/erders/Documents/TravelTap/TravelTap/Data/Countries/Europe/Scotland/Cities/OuterHebridesAttractions.swift (in target 'TravelTap' from project 'TravelTap')
    cd /Users/erders/Documents/TravelTap
    

SwiftCompile normal arm64 /Users/erders/Documents/TravelTap/TravelTap/Data/Countries/Europe/Scotland/Cities/IsleOfSkyeAttractions.swift (in target 'TravelTap' from project 'TravelTap')
    cd /Users/erders/Documents/TravelTap
    

SwiftCompile normal arm64 /Users/erders/Documents/TravelTap/TravelTap/Data/Countries/Europe/Scotland/Cities/GlencoeAttractions.swift (in target 'TravelTap' from project 'TravelTap')
    cd /Users/erders/Documents/TravelTap
    

SwiftCompile normal arm64 /Users/erders/Documents/TravelTap/TravelTap/Data/Countries/Europe/Scotland/Cities/LochNessAttractions.swift (in target 'TravelTap' from project 'TravelTap')
    cd /Users/erders/Documents/TravelTap
    

SwiftCompile normal arm64 /Users/erders/Documents/TravelTap/TravelTap/Data/Countries/Europe/Scotland/Cities/DumfriesAndGallowayAttractions.swift (in target 'TravelTap' from project 'TravelTap')
    cd /Users/erders/Documents/TravelTap
    

SwiftCompile normal arm64 /Users/erders/Documents/TravelTap/TravelTap/Data/Countries/Europe/Scotland/Cities/CairngormsAttractions.swift (in target 'TravelTap' from project 'TravelTap')
    cd /Users/erders/Documents/TravelTap
    

SwiftCompile normal arm64 /Users/erders/Documents/TravelTap/TravelTap/Data/Countries/Europe/Scotland/Cities/ScottishBordersAttractions.swift (in target 'TravelTap' from project 'TravelTap')
    cd /Users/erders/Documents/TravelTap
    

SwiftCompile normal arm64 /Users/erders/Documents/TravelTap/TravelTap/Data/Countries/Europe/Scotland/Cities/FortWilliamAttractions.swift (in target 'TravelTap' from project 'TravelTap')
    cd /Users/erders/Documents/TravelTap
    

SwiftCompile normal arm64 /Users/erders/Documents/TravelTap/TravelTap/Data/Countries/Europe/Scotland/Cities/LochLomondAttractions.swift (in target 'TravelTap' from project 'TravelTap')
    cd /Users/erders/Documents/TravelTap
    

SwiftCompile normal arm64 /Users/erders/Documents/TravelTap/TravelTap/Data/Countries/Europe/Czechia/Cities/BohemianSwitzerlandAttractions.swift (in target 'TravelTap' from project 'TravelTap')
    cd /Users/erders/Documents/TravelTap
    

SwiftCompile normal arm64 /Users/erders/Documents/TravelTap/TravelTap/Data/Countries/Europe/Czechia/Cities/ZnojmoAttractions.swift (in target 'TravelTap' from project 'TravelTap')
    cd /Users/erders/Documents/TravelTap
    

SwiftCompile normal arm64 /Users/erders/Documents/TravelTap/TravelTap/Data/Countries/Europe/Czechia/Cities/HradecKraloveAttractions.swift (in target 'TravelTap' from project 'TravelTap')
    cd /Users/erders/Documents/TravelTap
    

SwiftCompile normal arm64 /Users/erders/Documents/TravelTap/TravelTap/Data/Countries/Europe/Czechia/Cities/HlubokaAttractions.swift (in target 'TravelTap' from project 'TravelTap')
    cd /Users/erders/Documents/TravelTap
    

SwiftCompile normal arm64 /Users/erders/Documents/TravelTap/TravelTap/Data/Countries/Europe/Czechia/Cities/TrebicAttractions.swift (in target 'TravelTap' from project 'TravelTap')
    cd /Users/erders/Documents/TravelTap
    

SwiftCompile normal arm64 /Users/erders/Documents/TravelTap/TravelTap/Data/Countries/Europe/Czechia/Cities/LoketAttractions.swift (in target 'TravelTap' from project 'TravelTap')
    cd /Users/erders/Documents/TravelTap
    

SwiftCompile normal arm64 /Users/erders/Documents/TravelTap/TravelTap/Data/Countries/Europe/Czechia/Cities/KonopisteAttractions.swift (in target 'TravelTap' from project 'TravelTap')
    cd /Users/erders/Documents/TravelTap
    

SwiftCompile normal arm64 /Users/erders/Documents/TravelTap/TravelTap/Data/Countries/Europe/Czechia/Cities/LitomyslAttractions.swift (in target 'TravelTap' from project 'TravelTap')
    cd /Users/erders/Documents/TravelTap
    

SwiftCompile normal arm64 /Users/erders/Documents/TravelTap/TravelTap/Data/Countries/Europe/Czechia/Cities/OstravaAttractions.swift (in target 'TravelTap' from project 'TravelTap')
    cd /Users/erders/Documents/TravelTap
    

SwiftCompile normal arm64 /Users/erders/Documents/TravelTap/TravelTap/Data/Countries/Europe/Czechia/Cities/RoudniceAttractions.swift (in target 'TravelTap' from project 'TravelTap')
    cd /Users/erders/Documents/TravelTap
    

SwiftCompile normal arm64 /Users/erders/Documents/TravelTap/TravelTap/Data/Countries/Europe/Czechia/Cities/MikulovAttractions.swift (in target 'TravelTap' from project 'TravelTap')
    cd /Users/erders/Documents/TravelTap
    

SwiftCompile normal arm64 /Users/erders/Documents/TravelTap/TravelTap/Data/Countries/Europe/Czechia/Cities/KutnaHoraAttractions.swift (in target 'TravelTap' from project 'TravelTap')
    cd /Users/erders/Documents/TravelTap
    

SwiftCompile normal arm64 /Users/erders/Documents/TravelTap/TravelTap/Data/Countries/Europe/Czechia/Cities/LiberecAttractions.swift (in target 'TravelTap' from project 'TravelTap')
    cd /Users/erders/Documents/TravelTap
    

SwiftDriverJobDiscovery normal arm64 Compiling EasternJinjaAttractions.swift, KampalaEntebbeAttractions.swift, MurchisonNorthAttractions.swift, WesternUgandaAttractions.swift, UgandaPackage.swift, KaribaWesternAttractions.swift, LivingstoneVictoriaFallsAttractions.swift, LusakaCopperbeltAttractions.swift, MajorNationalParksAttractions.swift, NorthernWaterfallsAttractions.swift, ZambiaPackage.swift, GreatZimbabweMasvingoAttractions.swift, HarareAttractions.swift, ZimbabwePackage.swift, AlgeriaPackage.swift, EgyptPackage.swift, CyrenaicaAttractions.swift, FezzanSaharaAttractions.swift, TripolitaniaAttractions.swift, LibyaPackage.swift, MoroccoPackage.swift, KhartoumOmdurmanAttractions.swift, NorthernSudanPyramidsAttractions.swift, RedSeaKassalaAttractions.swift, SudanWildernessAttractions.swift (in target 'TravelTap' from project 'TravelTap')

SwiftCompile normal arm64 Compiling\ WashingtonDCAttractions.swift,\ WyomingAttractions.swift,\ USAPackage.swift,\ AustraliaPackage.swift,\ AdelaideAttractions.swift,\ AliceSpringsAttractions.swift,\ BarossaValleyAttractions.swift,\ BayOfFiresAttractions.swift,\ BlueMountainsAttractions.swift,\ BrisbaneAttractions.swift,\ BroomeAttractions.swift,\ BrunyIslandAttractions.swift,\ CairnsAttractions.swift,\ CentralTasmaniaAttractions.swift,\ CradleMountainAttractions.swift,\ DarwinAttractions.swift,\ EsperanceAttractions.swift,\ FlindersIslandAttractions.swift,\ FlindersRangesAttractions.swift,\ FreycinetAttractions.swift,\ GoldCoastAttractions.swift,\ GreatOceanRoadAttractions.swift,\ HobartAttractions.swift,\ HuonValleyAttractions.swift,\ KakaduAttractions.swift /Users/erders/Documents/TravelTap/TravelTap/Data/Countries/NorthAmerica/USA/Cities/WashingtonDCAttractions.swift /Users/erders/Documents/TravelTap/TravelTap/Data/Countries/NorthAmerica/USA/Cities/WyomingAttractions.swift /Users/erders/Documents/TravelTap/TravelTap/Data/Countries/NorthAmerica/USA/USAPackage.swift /Users/erders/Documents/TravelTap/TravelTap/Data/Countries/Oceania/Australia/AustraliaPackage.swift /Users/erders/Documents/TravelTap/TravelTap/Data/Countries/Oceania/Australia/Cities/AdelaideAttractions.swift /Users/erders/Documents/TravelTap/TravelTap/Data/Countries/Oceania/Australia/Cities/AliceSpringsAttractions.swift /Users/erders/Documents/TravelTap/TravelTap/Data/Countries/Oceania/Australia/Cities/BarossaValleyAttractions.swift /Users/erders/Documents/TravelTap/TravelTap/Data/Countries/Oceania/Australia/Cities/BayOfFiresAttractions.swift /Users/erders/Documents/TravelTap/TravelTap/Data/Countries/Oceania/Australia/Cities/BlueMountainsAttractions.swift /Users/erders/Documents/TravelTap/TravelTap/Data/Countries/Oceania/Australia/Cities/BrisbaneAttractions.swift /Users/erders/Documents/TravelTap/TravelTap/Data/Countries/Oceania/Australia/Cities/BroomeAttractions.swift /Users/erders/Documents/TravelTap/TravelTap/Data/Countries/Oceania/Australia/Cities/BrunyIslandAttractions.swift /Users/erders/Documents/TravelTap/TravelTap/Data/Countries/Oceania/Australia/Cities/CairnsAttractions.swift /Users/erders/Documents/TravelTap/TravelTap/Data/Countries/Oceania/Australia/Cities/CentralTasmaniaAttractions.swift /Users/erders/Documents/TravelTap/TravelTap/Data/Countries/Oceania/Australia/Cities/CradleMountainAttractions.swift /Users/erders/Documents/TravelTap/TravelTap/Data/Countries/Oceania/Australia/Cities/DarwinAttractions.swift /Users/erders/Documents/TravelTap/TravelTap/Data/Countries/Oceania/Australia/Cities/EsperanceAttractions.swift /Users/erders/Documents/TravelTap/TravelTap/Data/Countries/Oceania/Australia/Cities/FlindersIslandAttractions.swift /Users/erders/Documents/TravelTap/TravelTap/Data/Countries/Oceania/Australia/Cities/FlindersRangesAttractions.swift /Users/erders/Documents/TravelTap/TravelTap/Data/Countries/Oceania/Australia/Cities/FreycinetAttractions.swift /Users/erders/Documents/TravelTap/TravelTap/Data/Countries/Oceania/Australia/Cities/GoldCoastAttractions.swift /Users/erders/Documents/TravelTap/TravelTap/Data/Countries/Oceania/Australia/Cities/GreatOceanRoadAttractions.swift /Users/erders/Documents/TravelTap/TravelTap/Data/Countries/Oceania/Australia/Cities/HobartAttractions.swift /Users/erders/Documents/TravelTap/TravelTap/Data/Countries/Oceania/Australia/Cities/HuonValleyAttractions.swift /Users/erders/Documents/TravelTap/TravelTap/Data/Countries/Oceania/Australia/Cities/KakaduAttractions.swift (in target 'TravelTap' from project 'TravelTap')

SwiftCompile normal arm64 /Users/erders/Documents/TravelTap/TravelTap/Data/Countries/NorthAmerica/USA/Cities/WashingtonDCAttractions.swift (in target 'TravelTap' from project 'TravelTap')
    cd /Users/erders/Documents/TravelTap
    

SwiftCompile normal arm64 /Users/erders/Documents/TravelTap/TravelTap/Data/Countries/NorthAmerica/USA/Cities/WyomingAttractions.swift (in target 'TravelTap' from project 'TravelTap')
    cd /Users/erders/Documents/TravelTap
    

SwiftCompile normal arm64 /Users/erders/Documents/TravelTap/TravelTap/Data/Countries/NorthAmerica/USA/USAPackage.swift (in target 'TravelTap' from project 'TravelTap')
    cd /Users/erders/Documents/TravelTap
    

SwiftCompile normal arm64 /Users/erders/Documents/TravelTap/TravelTap/Data/Countries/Oceania/Australia/AustraliaPackage.swift (in target 'TravelTap' from project 'TravelTap')
    cd /Users/erders/Documents/TravelTap
    

SwiftCompile normal arm64 /Users/erders/Documents/TravelTap/TravelTap/Data/Countries/Oceania/Australia/Cities/AdelaideAttractions.swift (in target 'TravelTap' from project 'TravelTap')
    cd /Users/erders/Documents/TravelTap
    

SwiftCompile normal arm64 /Users/erders/Documents/TravelTap/TravelTap/Data/Countries/Oceania/Australia/Cities/AliceSpringsAttractions.swift (in target 'TravelTap' from project 'TravelTap')
    cd /Users/erders/Documents/TravelTap
    

SwiftCompile normal arm64 /Users/erders/Documents/TravelTap/TravelTap/Data/Countries/Oceania/Australia/Cities/BarossaValleyAttractions.swift (in target 'TravelTap' from project 'TravelTap')
    cd /Users/erders/Documents/TravelTap
    

SwiftCompile normal arm64 /Users/erders/Documents/TravelTap/TravelTap/Data/Countries/Oceania/Australia/Cities/BayOfFiresAttractions.swift (in target 'TravelTap' from project 'TravelTap')
    cd /Users/erders/Documents/TravelTap
    

SwiftCompile normal arm64 /Users/erders/Documents/TravelTap/TravelTap/Data/Countries/Oceania/Australia/Cities/BlueMountainsAttractions.swift (in target 'TravelTap' from project 'TravelTap')
    cd /Users/erders/Documents/TravelTap
    

SwiftCompile normal arm64 /Users/erders/Documents/TravelTap/TravelTap/Data/Countries/Oceania/Australia/Cities/BrisbaneAttractions.swift (in target 'TravelTap' from project 'TravelTap')
    cd /Users/erders/Documents/TravelTap
    

SwiftCompile normal arm64 /Users/erders/Documents/TravelTap/TravelTap/Data/Countries/Oceania/Australia/Cities/BroomeAttractions.swift (in target 'TravelTap' from project 'TravelTap')
    cd /Users/erders/Documents/TravelTap
    

SwiftCompile normal arm64 /Users/erders/Documents/TravelTap/TravelTap/Data/Countries/Oceania/Australia/Cities/BrunyIslandAttractions.swift (in target 'TravelTap' from project 'TravelTap')
    cd /Users/erders/Documents/TravelTap
    

SwiftCompile normal arm64 /Users/erders/Documents/TravelTap/TravelTap/Data/Countries/Oceania/Australia/Cities/CairnsAttractions.swift (in target 'TravelTap' from project 'TravelTap')
    cd /Users/erders/Documents/TravelTap
    

SwiftCompile normal arm64 /Users/erders/Documents/TravelTap/TravelTap/Data/Countries/Oceania/Australia/Cities/CentralTasmaniaAttractions.swift (in target 'TravelTap' from project 'TravelTap')
    cd /Users/erders/Documents/TravelTap
    

SwiftCompile normal arm64 /Users/erders/Documents/TravelTap/TravelTap/Data/Countries/Oceania/Australia/Cities/CradleMountainAttractions.swift (in target 'TravelTap' from project 'TravelTap')
    cd /Users/erders/Documents/TravelTap
    

SwiftCompile normal arm64 /Users/erders/Documents/TravelTap/TravelTap/Data/Countries/Oceania/Australia/Cities/DarwinAttractions.swift (in target 'TravelTap' from project 'TravelTap')
    cd /Users/erders/Documents/TravelTap
    

SwiftCompile normal arm64 /Users/erders/Documents/TravelTap/TravelTap/Data/Countries/Oceania/Australia/Cities/EsperanceAttractions.swift (in target 'TravelTap' from project 'TravelTap')
    cd /Users/erders/Documents/TravelTap
    

SwiftCompile normal arm64 /Users/erders/Documents/TravelTap/TravelTap/Data/Countries/Oceania/Australia/Cities/FlindersIslandAttractions.swift (in target 'TravelTap' from project 'TravelTap')
    cd /Users/erders/Documents/TravelTap
    

SwiftCompile normal arm64 /Users/erders/Documents/TravelTap/TravelTap/Data/Countries/Oceania/Australia/Cities/FlindersRangesAttractions.swift (in target 'TravelTap' from project 'TravelTap')
    cd /Users/erders/Documents/TravelTap
    

SwiftCompile normal arm64 /Users/erders/Documents/TravelTap/TravelTap/Data/Countries/Oceania/Australia/Cities/FreycinetAttractions.swift (in target 'TravelTap' from project 'TravelTap')
    cd /Users/erders/Documents/TravelTap
    

SwiftCompile normal arm64 /Users/erders/Documents/TravelTap/TravelTap/Data/Countries/Oceania/Australia/Cities/GoldCoastAttractions.swift (in target 'TravelTap' from project 'TravelTap')
    cd /Users/erders/Documents/TravelTap
    

SwiftCompile normal arm64 /Users/erders/Documents/TravelTap/TravelTap/Data/Countries/Oceania/Australia/Cities/GreatOceanRoadAttractions.swift (in target 'TravelTap' from project 'TravelTap')
    cd /Users/erders/Documents/TravelTap
    

SwiftCompile normal arm64 /Users/erders/Documents/TravelTap/TravelTap/Data/Countries/Oceania/Australia/Cities/HobartAttractions.swift (in target 'TravelTap' from project 'TravelTap')
    cd /Users/erders/Documents/TravelTap
    

SwiftCompile normal arm64 /Users/erders/Documents/TravelTap/TravelTap/Data/Countries/Oceania/Australia/Cities/HuonValleyAttractions.swift (in target 'TravelTap' from project 'TravelTap')
    cd /Users/erders/Documents/TravelTap
    

SwiftCompile normal arm64 /Users/erders/Documents/TravelTap/TravelTap/Data/Countries/Oceania/Australia/Cities/KakaduAttractions.swift (in target 'TravelTap' from project 'TravelTap')
    cd /Users/erders/Documents/TravelTap
    

SwiftDriverJobDiscovery normal arm64 Compiling JaipurAttractions.swift, JaisalmerAttractions.swift, KeralaAttractions.swift, KhajurahoAttractions.swift, KolkataAttractions.swift, LadakhAttractions.swift, MumbaiAttractions.swift, MysoreAttractions.swift, RishikeshAttractions.swift, UdaipurAttractions.swift, VaranasiAttractions.swift, IndiaPackage.swift, AdduAtollAttractions.swift, AriAtollAttractions.swift, BaaAtollAttractions.swift, MaleAttractions.swift, NorthMaleAtollAttractions.swift, MaldivesPackage.swift, AnnapurnaAttractions.swift, ChitwanAttractions.swift, EverestRegionAttractions.swift, KathmanduAttractions.swift, LumbiniAttractions.swift, PokharaAttractions.swift, NepalPackage.swift (in target 'TravelTap' from project 'TravelTap')

SwiftCompile normal arm64 Compiling\ VeronaAttractions.swift,\ ItalyPackage.swift,\ GjakovaAttractions.swift,\ PejaAttractions.swift,\ PristinaAttractions.swift,\ PrizrenAttractions.swift,\ KosovoPackage.swift,\ CesisAttractions.swift,\ JurmalaAttractions.swift,\ RigaAttractions.swift,\ SiguldaAttractions.swift,\ LatviaPackage.swift,\ BalzersAttractions.swift,\ MalbunAttractions.swift,\ VaduzAttractions.swift,\ LiechtensteinPackage.swift,\ KaunasAttractions.swift,\ KlaipedaAttractions.swift,\ SiauliaiAttractions.swift,\ TrakaiAttractions.swift,\ VilniusAttractions.swift,\ LithuaniaPackage.swift,\ EchternachAttractions.swift,\ LuxembourgCityAttractions.swift,\ ViandenAttractions.swift /Users/erders/Documents/TravelTap/TravelTap/Data/Countries/Europe/Italy/Cities/VeronaAttractions.swift /Users/erders/Documents/TravelTap/TravelTap/Data/Countries/Europe/Italy/ItalyPackage.swift /Users/erders/Documents/TravelTap/TravelTap/Data/Countries/Europe/Kosovo/Cities/GjakovaAttractions.swift /Users/erders/Documents/TravelTap/TravelTap/Data/Countries/Europe/Kosovo/Cities/PejaAttractions.swift /Users/erders/Documents/TravelTap/TravelTap/Data/Countries/Europe/Kosovo/Cities/PristinaAttractions.swift /Users/erders/Documents/TravelTap/TravelTap/Data/Countries/Europe/Kosovo/Cities/PrizrenAttractions.swift /Users/erders/Documents/TravelTap/TravelTap/Data/Countries/Europe/Kosovo/KosovoPackage.swift /Users/erders/Documents/TravelTap/TravelTap/Data/Countries/Europe/Latvia/Cities/CesisAttractions.swift /Users/erders/Documents/TravelTap/TravelTap/Data/Countries/Europe/Latvia/Cities/JurmalaAttractions.swift /Users/erders/Documents/TravelTap/TravelTap/Data/Countries/Europe/Latvia/Cities/RigaAttractions.swift /Users/erders/Documents/TravelTap/TravelTap/Data/Countries/Europe/Latvia/Cities/SiguldaAttractions.swift /Users/erders/Documents/TravelTap/TravelTap/Data/Countries/Europe/Latvia/LatviaPackage.swift /Users/erders/Documents/TravelTap/TravelTap/Data/Countries/Europe/Liechtenstein/Cities/BalzersAttractions.swift /Users/erders/Documents/TravelTap/TravelTap/Data/Countries/Europe/Liechtenstein/Cities/MalbunAttractions.swift /Users/erders/Documents/TravelTap/TravelTap/Data/Countries/Europe/Liechtenstein/Cities/VaduzAttractions.swift /Users/erders/Documents/TravelTap/TravelTap/Data/Countries/Europe/Liechtenstein/LiechtensteinPackage.swift /Users/erders/Documents/TravelTap/TravelTap/Data/Countries/Europe/Lithuania/Cities/KaunasAttractions.swift /Users/erders/Documents/TravelTap/TravelTap/Data/Countries/Europe/Lithuania/Cities/KlaipedaAttractions.swift /Users/erders/Documents/TravelTap/TravelTap/Data/Countries/Europe/Lithuania/Cities/SiauliaiAttractions.swift /Users/erders/Documents/TravelTap/TravelTap/Data/Countries/Europe/Lithuania/Cities/TrakaiAttractions.swift /Users/erders/Documents/TravelTap/TravelTap/Data/Countries/Europe/Lithuania/Cities/VilniusAttractions.swift /Users/erders/Documents/TravelTap/TravelTap/Data/Countries/Europe/Lithuania/LithuaniaPackage.swift /Users/erders/Documents/TravelTap/TravelTap/Data/Countries/Europe/Luxembourg/Cities/EchternachAttractions.swift /Users/erders/Documents/TravelTap/TravelTap/Data/Countries/Europe/Luxembourg/Cities/LuxembourgCityAttractions.swift /Users/erders/Documents/TravelTap/TravelTap/Data/Countries/Europe/Luxembourg/Cities/ViandenAttractions.swift (in target 'TravelTap' from project 'TravelTap')

SwiftCompile normal arm64 /Users/erders/Documents/TravelTap/TravelTap/Data/Countries/Europe/Italy/Cities/VeronaAttractions.swift (in target 'TravelTap' from project 'TravelTap')
    cd /Users/erders/Documents/TravelTap
    

SwiftCompile normal arm64 /Users/erders/Documents/TravelTap/TravelTap/Data/Countries/Europe/Italy/ItalyPackage.swift (in target 'TravelTap' from project 'TravelTap')
    cd /Users/erders/Documents/TravelTap
    

SwiftCompile normal arm64 /Users/erders/Documents/TravelTap/TravelTap/Data/Countries/Europe/Kosovo/Cities/GjakovaAttractions.swift (in target 'TravelTap' from project 'TravelTap')
    cd /Users/erders/Documents/TravelTap
    

SwiftCompile normal arm64 /Users/erders/Documents/TravelTap/TravelTap/Data/Countries/Europe/Kosovo/Cities/PejaAttractions.swift (in target 'TravelTap' from project 'TravelTap')
    cd /Users/erders/Documents/TravelTap
    

SwiftCompile normal arm64 /Users/erders/Documents/TravelTap/TravelTap/Data/Countries/Europe/Kosovo/Cities/PristinaAttractions.swift (in target 'TravelTap' from project 'TravelTap')
    cd /Users/erders/Documents/TravelTap
    

SwiftCompile normal arm64 /Users/erders/Documents/TravelTap/TravelTap/Data/Countries/Europe/Kosovo/Cities/PrizrenAttractions.swift (in target 'TravelTap' from project 'TravelTap')
    cd /Users/erders/Documents/TravelTap
    

SwiftCompile normal arm64 /Users/erders/Documents/TravelTap/TravelTap/Data/Countries/Europe/Kosovo/KosovoPackage.swift (in target 'TravelTap' from project 'TravelTap')
    cd /Users/erders/Documents/TravelTap
    

SwiftCompile normal arm64 /Users/erders/Documents/TravelTap/TravelTap/Data/Countries/Europe/Latvia/Cities/CesisAttractions.swift (in target 'TravelTap' from project 'TravelTap')
    cd /Users/erders/Documents/TravelTap
    

SwiftCompile normal arm64 /Users/erders/Documents/TravelTap/TravelTap/Data/Countries/Europe/Latvia/Cities/JurmalaAttractions.swift (in target 'TravelTap' from project 'TravelTap')
    cd /Users/erders/Documents/TravelTap
    

SwiftCompile normal arm64 /Users/erders/Documents/TravelTap/TravelTap/Data/Countries/Europe/Latvia/Cities/RigaAttractions.swift (in target 'TravelTap' from project 'TravelTap')
    cd /Users/erders/Documents/TravelTap
    

SwiftCompile normal arm64 /Users/erders/Documents/TravelTap/TravelTap/Data/Countries/Europe/Latvia/Cities/SiguldaAttractions.swift (in target 'TravelTap' from project 'TravelTap')
    cd /Users/erders/Documents/TravelTap
    

SwiftCompile normal arm64 /Users/erders/Documents/TravelTap/TravelTap/Data/Countries/Europe/Latvia/LatviaPackage.swift (in target 'TravelTap' from project 'TravelTap')
    cd /Users/erders/Documents/TravelTap
    

SwiftCompile normal arm64 /Users/erders/Documents/TravelTap/TravelTap/Data/Countries/Europe/Liechtenstein/Cities/BalzersAttractions.swift (in target 'TravelTap' from project 'TravelTap')
    cd /Users/erders/Documents/TravelTap
    

SwiftCompile normal arm64 /Users/erders/Documents/TravelTap/TravelTap/Data/Countries/Europe/Liechtenstein/Cities/MalbunAttractions.swift (in target 'TravelTap' from project 'TravelTap')
    cd /Users/erders/Documents/TravelTap
    

SwiftCompile normal arm64 /Users/erders/Documents/TravelTap/TravelTap/Data/Countries/Europe/Liechtenstein/Cities/VaduzAttractions.swift (in target 'TravelTap' from project 'TravelTap')
    cd /Users/erders/Documents/TravelTap
    

SwiftCompile normal arm64 /Users/erders/Documents/TravelTap/TravelTap/Data/Countries/Europe/Liechtenstein/LiechtensteinPackage.swift (in target 'TravelTap' from project 'TravelTap')
    cd /Users/erders/Documents/TravelTap
    

SwiftCompile normal arm64 /Users/erders/Documents/TravelTap/TravelTap/Data/Countries/Europe/Lithuania/Cities/KaunasAttractions.swift (in target 'TravelTap' from project 'TravelTap')
    cd /Users/erders/Documents/TravelTap
    

SwiftCompile normal arm64 /Users/erders/Documents/TravelTap/TravelTap/Data/Countries/Europe/Lithuania/Cities/KlaipedaAttractions.swift (in target 'TravelTap' from project 'TravelTap')
    cd /Users/erders/Documents/TravelTap
    

SwiftCompile normal arm64 /Users/erders/Documents/TravelTap/TravelTap/Data/Countries/Europe/Lithuania/Cities/SiauliaiAttractions.swift (in target 'TravelTap' from project 'TravelTap')
    cd /Users/erders/Documents/TravelTap
    

SwiftCompile normal arm64 /Users/erders/Documents/TravelTap/TravelTap/Data/Countries/Europe/Lithuania/Cities/TrakaiAttractions.swift (in target 'TravelTap' from project 'TravelTap')
    cd /Users/erders/Documents/TravelTap
    

SwiftCompile normal arm64 /Users/erders/Documents/TravelTap/TravelTap/Data/Countries/Europe/Lithuania/Cities/VilniusAttractions.swift (in target 'TravelTap' from project 'TravelTap')
    cd /Users/erders/Documents/TravelTap
    

SwiftCompile normal arm64 /Users/erders/Documents/TravelTap/TravelTap/Data/Countries/Europe/Lithuania/LithuaniaPackage.swift (in target 'TravelTap' from project 'TravelTap')
    cd /Users/erders/Documents/TravelTap
    

SwiftCompile normal arm64 /Users/erders/Documents/TravelTap/TravelTap/Data/Countries/Europe/Luxembourg/Cities/EchternachAttractions.swift (in target 'TravelTap' from project 'TravelTap')
    cd /Users/erders/Documents/TravelTap
    

SwiftCompile normal arm64 /Users/erders/Documents/TravelTap/TravelTap/Data/Countries/Europe/Luxembourg/Cities/LuxembourgCityAttractions.swift (in target 'TravelTap' from project 'TravelTap')
    cd /Users/erders/Documents/TravelTap
    

SwiftCompile normal arm64 /Users/erders/Documents/TravelTap/TravelTap/Data/Countries/Europe/Luxembourg/Cities/ViandenAttractions.swift (in target 'TravelTap' from project 'TravelTap')
    cd /Users/erders/Documents/TravelTap
    

SwiftDriverJobDiscovery normal arm64 Compiling AsmaraAttractions.swift, KerenHighlandsAttractions.swift, MassawaCoastAttractions.swift, SouthArchaeologyAttractions.swift, EritreaPackage.swift, AddisAbabaAttractions.swift, EasternEthiopiaAttractions.swift, NorthernEthiopiaAttractions.swift, SouthernEthiopiaAttractions.swift, EthiopiaPackage.swift, KenyaPackage.swift, CentralHighlandsAttractions.swift, EastRainforestsAttractions.swift, NorthIslandsAttractions.swift, WestSouthAttractions.swift, MadagascarPackage.swift, LakeMalawiAttractions.swift, LilongweCentralAttractions.swift, NorthernMalawiAttractions.swift, SouthernMalawiAttractions.swift, MalawiPackage.swift, MauritiusPackage.swift, CentralMozambiqueAttractions.swift, InhambaneCoastAttractions.swift, MaputoSouthAttractions.swift (in target 'TravelTap' from project 'TravelTap')

SwiftCompile normal arm64 Compiling\ UruguayPackage.swift,\ BarquisimetoAttractions.swift,\ CanaimaAttractions.swift,\ CaracasAttractions.swift,\ ChoroniAttractions.swift,\ CiudadBolivarAttractions.swift,\ ColoniaTovarAttractions.swift,\ CoroAttractions.swift,\ GranSabanaAttractions.swift,\ IslaMargaritaAttractions.swift,\ LosRoquesAttractions.swift,\ MaracaiboAttractions.swift,\ MochimaAttractions.swift,\ MorrocoyAttractions.swift,\ OrinocoDeltaAttractions.swift,\ VenezuelaPackage.swift,\ WestBengalAttractions.swift,\ HimachalPradeshAttractions.swift,\ RajasthanAttractions.swift,\ OdishaAttractions.swift,\ UttarakhandAttractions.swift,\ GujaratAttractions.swift,\ TamilNaduAttractions.swift,\ AndamanAttractions.swift,\ NortheastIndiaAttractions.swift /Users/erders/Documents/TravelTap/TravelTap/Data/Countries/SouthAmerica/Uruguay/UruguayPackage.swift /Users/erders/Documents/TravelTap/TravelTap/Data/Countries/SouthAmerica/Venezuela/Cities/BarquisimetoAttractions.swift /Users/erders/Documents/TravelTap/TravelTap/Data/Countries/SouthAmerica/Venezuela/Cities/CanaimaAttractions.swift /Users/erders/Documents/TravelTap/TravelTap/Data/Countries/SouthAmerica/Venezuela/Cities/CaracasAttractions.swift /Users/erders/Documents/TravelTap/TravelTap/Data/Countries/SouthAmerica/Venezuela/Cities/ChoroniAttractions.swift /Users/erders/Documents/TravelTap/TravelTap/Data/Countries/SouthAmerica/Venezuela/Cities/CiudadBolivarAttractions.swift /Users/erders/Documents/TravelTap/TravelTap/Data/Countries/SouthAmerica/Venezuela/Cities/ColoniaTovarAttractions.swift /Users/erders/Documents/TravelTap/TravelTap/Data/Countries/SouthAmerica/Venezuela/Cities/CoroAttractions.swift /Users/erders/Documents/TravelTap/TravelTap/Data/Countries/SouthAmerica/Venezuela/Cities/GranSabanaAttractions.swift /Users/erders/Documents/TravelTap/TravelTap/Data/Countries/SouthAmerica/Venezuela/Cities/IslaMargaritaAttractions.swift /Users/erders/Documents/TravelTap/TravelTap/Data/Countries/SouthAmerica/Venezuela/Cities/LosRoquesAttractions.swift /Users/erders/Documents/TravelTap/TravelTap/Data/Countries/SouthAmerica/Venezuela/Cities/MaracaiboAttractions.swift /Users/erders/Documents/TravelTap/TravelTap/Data/Countries/SouthAmerica/Venezuela/Cities/MochimaAttractions.swift /Users/erders/Documents/TravelTap/TravelTap/Data/Countries/SouthAmerica/Venezuela/Cities/MorrocoyAttractions.swift /Users/erders/Documents/TravelTap/TravelTap/Data/Countries/SouthAmerica/Venezuela/Cities/OrinocoDeltaAttractions.swift /Users/erders/Documents/TravelTap/TravelTap/Data/Countries/SouthAmerica/Venezuela/VenezuelaPackage.swift /Users/erders/Documents/TravelTap/TravelTap/Data/Countries/Asia/SouthAsia/India/Cities/WestBengalAttractions.swift /Users/erders/Documents/TravelTap/TravelTap/Data/Countries/Asia/SouthAsia/India/Cities/HimachalPradeshAttractions.swift /Users/erders/Documents/TravelTap/TravelTap/Data/Countries/Asia/SouthAsia/India/Cities/RajasthanAttractions.swift /Users/erders/Documents/TravelTap/TravelTap/Data/Countries/Asia/SouthAsia/India/Cities/OdishaAttractions.swift /Users/erders/Documents/TravelTap/TravelTap/Data/Countries/Asia/SouthAsia/India/Cities/UttarakhandAttractions.swift /Users/erders/Documents/TravelTap/TravelTap/Data/Countries/Asia/SouthAsia/India/Cities/GujaratAttractions.swift /Users/erders/Documents/TravelTap/TravelTap/Data/Countries/Asia/SouthAsia/India/Cities/TamilNaduAttractions.swift /Users/erders/Documents/TravelTap/TravelTap/Data/Countries/Asia/SouthAsia/India/Cities/AndamanAttractions.swift /Users/erders/Documents/TravelTap/TravelTap/Data/Countries/Asia/SouthAsia/India/Cities/NortheastIndiaAttractions.swift (in target 'TravelTap' from project 'TravelTap')

SwiftCompile normal arm64 /Users/erders/Documents/TravelTap/TravelTap/Data/Countries/SouthAmerica/Uruguay/UruguayPackage.swift (in target 'TravelTap' from project 'TravelTap')
    cd /Users/erders/Documents/TravelTap
    

SwiftCompile normal arm64 /Users/erders/Documents/TravelTap/TravelTap/Data/Countries/SouthAmerica/Venezuela/Cities/BarquisimetoAttractions.swift (in target 'TravelTap' from project 'TravelTap')
    cd /Users/erders/Documents/TravelTap
    

SwiftCompile normal arm64 /Users/erders/Documents/TravelTap/TravelTap/Data/Countries/SouthAmerica/Venezuela/Cities/CanaimaAttractions.swift (in target 'TravelTap' from project 'TravelTap')
    cd /Users/erders/Documents/TravelTap
    

SwiftCompile normal arm64 /Users/erders/Documents/TravelTap/TravelTap/Data/Countries/SouthAmerica/Venezuela/Cities/CaracasAttractions.swift (in target 'TravelTap' from project 'TravelTap')
    cd /Users/erders/Documents/TravelTap
    

SwiftCompile normal arm64 /Users/erders/Documents/TravelTap/TravelTap/Data/Countries/SouthAmerica/Venezuela/Cities/ChoroniAttractions.swift (in target 'TravelTap' from project 'TravelTap')
    cd /Users/erders/Documents/TravelTap
    

SwiftCompile normal arm64 /Users/erders/Documents/TravelTap/TravelTap/Data/Countries/SouthAmerica/Venezuela/Cities/CiudadBolivarAttractions.swift (in target 'TravelTap' from project 'TravelTap')
    cd /Users/erders/Documents/TravelTap
    

SwiftCompile normal arm64 /Users/erders/Documents/TravelTap/TravelTap/Data/Countries/SouthAmerica/Venezuela/Cities/ColoniaTovarAttractions.swift (in target 'TravelTap' from project 'TravelTap')
    cd /Users/erders/Documents/TravelTap
    

SwiftCompile normal arm64 /Users/erders/Documents/TravelTap/TravelTap/Data/Countries/SouthAmerica/Venezuela/Cities/CoroAttractions.swift (in target 'TravelTap' from project 'TravelTap')
    cd /Users/erders/Documents/TravelTap
    

SwiftCompile normal arm64 /Users/erders/Documents/TravelTap/TravelTap/Data/Countries/SouthAmerica/Venezuela/Cities/GranSabanaAttractions.swift (in target 'TravelTap' from project 'TravelTap')
    cd /Users/erders/Documents/TravelTap
    

SwiftCompile normal arm64 /Users/erders/Documents/TravelTap/TravelTap/Data/Countries/SouthAmerica/Venezuela/Cities/IslaMargaritaAttractions.swift (in target 'TravelTap' from project 'TravelTap')
    cd /Users/erders/Documents/TravelTap
    

SwiftCompile normal arm64 /Users/erders/Documents/TravelTap/TravelTap/Data/Countries/SouthAmerica/Venezuela/Cities/LosRoquesAttractions.swift (in target 'TravelTap' from project 'TravelTap')
    cd /Users/erders/Documents/TravelTap
    

SwiftCompile normal arm64 /Users/erders/Documents/TravelTap/TravelTap/Data/Countries/SouthAmerica/Venezuela/Cities/MaracaiboAttractions.swift (in target 'TravelTap' from project 'TravelTap')
    cd /Users/erders/Documents/TravelTap
    

SwiftCompile normal arm64 /Users/erders/Documents/TravelTap/TravelTap/Data/Countries/SouthAmerica/Venezuela/Cities/MochimaAttractions.swift (in target 'TravelTap' from project 'TravelTap')
    cd /Users/erders/Documents/TravelTap
    

SwiftCompile normal arm64 /Users/erders/Documents/TravelTap/TravelTap/Data/Countries/SouthAmerica/Venezuela/Cities/MorrocoyAttractions.swift (in target 'TravelTap' from project 'TravelTap')
    cd /Users/erders/Documents/TravelTap
    

SwiftCompile normal arm64 /Users/erders/Documents/TravelTap/TravelTap/Data/Countries/SouthAmerica/Venezuela/Cities/OrinocoDeltaAttractions.swift (in target 'TravelTap' from project 'TravelTap')
    cd /Users/erders/Documents/TravelTap
    

SwiftCompile normal arm64 /Users/erders/Documents/TravelTap/TravelTap/Data/Countries/SouthAmerica/Venezuela/VenezuelaPackage.swift (in target 'TravelTap' from project 'TravelTap')
    cd /Users/erders/Documents/TravelTap
    

SwiftCompile normal arm64 /Users/erders/Documents/TravelTap/TravelTap/Data/Countries/Asia/SouthAsia/India/Cities/WestBengalAttractions.swift (in target 'TravelTap' from project 'TravelTap')
    cd /Users/erders/Documents/TravelTap
    

SwiftCompile normal arm64 /Users/erders/Documents/TravelTap/TravelTap/Data/Countries/Asia/SouthAsia/India/Cities/HimachalPradeshAttractions.swift (in target 'TravelTap' from project 'TravelTap')
    cd /Users/erders/Documents/TravelTap
    

SwiftCompile normal arm64 /Users/erders/Documents/TravelTap/TravelTap/Data/Countries/Asia/SouthAsia/India/Cities/RajasthanAttractions.swift (in target 'TravelTap' from project 'TravelTap')
    cd /Users/erders/Documents/TravelTap
    

SwiftCompile normal arm64 /Users/erders/Documents/TravelTap/TravelTap/Data/Countries/Asia/SouthAsia/India/Cities/OdishaAttractions.swift (in target 'TravelTap' from project 'TravelTap')
    cd /Users/erders/Documents/TravelTap
    

SwiftCompile normal arm64 /Users/erders/Documents/TravelTap/TravelTap/Data/Countries/Asia/SouthAsia/India/Cities/UttarakhandAttractions.swift (in target 'TravelTap' from project 'TravelTap')
    cd /Users/erders/Documents/TravelTap
    

SwiftCompile normal arm64 /Users/erders/Documents/TravelTap/TravelTap/Data/Countries/Asia/SouthAsia/India/Cities/GujaratAttractions.swift (in target 'TravelTap' from project 'TravelTap')
    cd /Users/erders/Documents/TravelTap
    

SwiftCompile normal arm64 /Users/erders/Documents/TravelTap/TravelTap/Data/Countries/Asia/SouthAsia/India/Cities/TamilNaduAttractions.swift (in target 'TravelTap' from project 'TravelTap')
    cd /Users/erders/Documents/TravelTap
    

SwiftCompile normal arm64 /Users/erders/Documents/TravelTap/TravelTap/Data/Countries/Asia/SouthAsia/India/Cities/AndamanAttractions.swift (in target 'TravelTap' from project 'TravelTap')
    cd /Users/erders/Documents/TravelTap
    

SwiftCompile normal arm64 /Users/erders/Documents/TravelTap/TravelTap/Data/Countries/Asia/SouthAsia/India/Cities/NortheastIndiaAttractions.swift (in target 'TravelTap' from project 'TravelTap')
    cd /Users/erders/Documents/TravelTap
    

SwiftCompile normal arm64 Compiling\ GenoaAttractions.swift,\ MantuaAttractions.swift,\ SienaAttractions.swift,\ PerugiaAttractions.swift,\ TriesteAttractions.swift,\ AlesundAttractions.swift,\ NorthCapeAttractions.swift,\ BodoAttractions.swift,\ KristiansandAttractions.swift,\ SognefjordAttractions.swift,\ HardangerfjordAttractions.swift,\ RorosAttractions.swift,\ LillehammerAttractions.swift,\ TrondheimAttractions.swift,\ GeirangerfjordAttractions.swift,\ NationalParksNorwayAttractions.swift,\ HammerfestAttractions.swift,\ StaveChurchesNorwayAttractions.swift,\ FredrikstadAttractions.swift,\ ScenicRoutesNorwayAttractions.swift,\ SvalbardAttractions.swift,\ AltaAttractions.swift,\ LofotenIslandsAttractions.swift,\ AlcobacaAttractions.swift,\ DouroValleyAttractions.swift /Users/erders/Documents/TravelTap/TravelTap/Data/Countries/Europe/Italy/Cities/GenoaAttractions.swift /Users/erders/Documents/TravelTap/TravelTap/Data/Countries/Europe/Italy/Cities/MantuaAttractions.swift /Users/erders/Documents/TravelTap/TravelTap/Data/Countries/Europe/Italy/Cities/SienaAttractions.swift /Users/erders/Documents/TravelTap/TravelTap/Data/Countries/Europe/Italy/Cities/PerugiaAttractions.swift /Users/erders/Documents/TravelTap/TravelTap/Data/Countries/Europe/Italy/Cities/TriesteAttractions.swift /Users/erders/Documents/TravelTap/TravelTap/Data/Countries/Europe/Norway/Cities/AlesundAttractions.swift /Users/erders/Documents/TravelTap/TravelTap/Data/Countries/Europe/Norway/Cities/NorthCapeAttractions.swift /Users/erders/Documents/TravelTap/TravelTap/Data/Countries/Europe/Norway/Cities/BodoAttractions.swift /Users/erders/Documents/TravelTap/TravelTap/Data/Countries/Europe/Norway/Cities/KristiansandAttractions.swift /Users/erders/Documents/TravelTap/TravelTap/Data/Countries/Europe/Norway/Cities/SognefjordAttractions.swift /Users/erders/Documents/TravelTap/TravelTap/Data/Countries/Europe/Norway/Cities/HardangerfjordAttractions.swift /Users/erders/Documents/TravelTap/TravelTap/Data/Countries/Europe/Norway/Cities/RorosAttractions.swift /Users/erders/Documents/TravelTap/TravelTap/Data/Countries/Europe/Norway/Cities/LillehammerAttractions.swift /Users/erders/Documents/TravelTap/TravelTap/Data/Countries/Europe/Norway/Cities/TrondheimAttractions.swift /Users/erders/Documents/TravelTap/TravelTap/Data/Countries/Europe/Norway/Cities/GeirangerfjordAttractions.swift /Users/erders/Documents/TravelTap/TravelTap/Data/Countries/Europe/Norway/Cities/NationalParksNorwayAttractions.swift /Users/erders/Documents/TravelTap/TravelTap/Data/Countries/Europe/Norway/Cities/HammerfestAttractions.swift /Users/erders/Documents/TravelTap/TravelTap/Data/Countries/Europe/Norway/Cities/StaveChurchesNorwayAttractions.swift /Users/erders/Documents/TravelTap/TravelTap/Data/Countries/Europe/Norway/Cities/FredrikstadAttractions.swift /Users/erders/Documents/TravelTap/TravelTap/Data/Countries/Europe/Norway/Cities/ScenicRoutesNorwayAttractions.swift /Users/erders/Documents/TravelTap/TravelTap/Data/Countries/Europe/Norway/Cities/SvalbardAttractions.swift /Users/erders/Documents/TravelTap/TravelTap/Data/Countries/Europe/Norway/Cities/AltaAttractions.swift /Users/erders/Documents/TravelTap/TravelTap/Data/Countries/Europe/Norway/Cities/LofotenIslandsAttractions.swift /Users/erders/Documents/TravelTap/TravelTap/Data/Countries/Europe/Portugal/Cities/AlcobacaAttractions.swift /Users/erders/Documents/TravelTap/TravelTap/Data/Countries/Europe/Portugal/Cities/DouroValleyAttractions.swift (in target 'TravelTap' from project 'TravelTap')

SwiftCompile normal arm64 /Users/erders/Documents/TravelTap/TravelTap/Data/Countries/Europe/Italy/Cities/GenoaAttractions.swift (in target 'TravelTap' from project 'TravelTap')
    cd /Users/erders/Documents/TravelTap
    

SwiftCompile normal arm64 /Users/erders/Documents/TravelTap/TravelTap/Data/Countries/Europe/Italy/Cities/MantuaAttractions.swift (in target 'TravelTap' from project 'TravelTap')
    cd /Users/erders/Documents/TravelTap
    

SwiftCompile normal arm64 /Users/erders/Documents/TravelTap/TravelTap/Data/Countries/Europe/Italy/Cities/SienaAttractions.swift (in target 'TravelTap' from project 'TravelTap')
    cd /Users/erders/Documents/TravelTap
    

SwiftCompile normal arm64 /Users/erders/Documents/TravelTap/TravelTap/Data/Countries/Europe/Italy/Cities/PerugiaAttractions.swift (in target 'TravelTap' from project 'TravelTap')
    cd /Users/erders/Documents/TravelTap
    

SwiftCompile normal arm64 /Users/erders/Documents/TravelTap/TravelTap/Data/Countries/Europe/Italy/Cities/TriesteAttractions.swift (in target 'TravelTap' from project 'TravelTap')
    cd /Users/erders/Documents/TravelTap
    

SwiftCompile normal arm64 /Users/erders/Documents/TravelTap/TravelTap/Data/Countries/Europe/Norway/Cities/AlesundAttractions.swift (in target 'TravelTap' from project 'TravelTap')
    cd /Users/erders/Documents/TravelTap
    

SwiftCompile normal arm64 /Users/erders/Documents/TravelTap/TravelTap/Data/Countries/Europe/Norway/Cities/NorthCapeAttractions.swift (in target 'TravelTap' from project 'TravelTap')
    cd /Users/erders/Documents/TravelTap
    

SwiftCompile normal arm64 /Users/erders/Documents/TravelTap/TravelTap/Data/Countries/Europe/Norway/Cities/BodoAttractions.swift (in target 'TravelTap' from project 'TravelTap')
    cd /Users/erders/Documents/TravelTap
    

SwiftCompile normal arm64 /Users/erders/Documents/TravelTap/TravelTap/Data/Countries/Europe/Norway/Cities/KristiansandAttractions.swift (in target 'TravelTap' from project 'TravelTap')
    cd /Users/erders/Documents/TravelTap
    

SwiftCompile normal arm64 /Users/erders/Documents/TravelTap/TravelTap/Data/Countries/Europe/Norway/Cities/SognefjordAttractions.swift (in target 'TravelTap' from project 'TravelTap')
    cd /Users/erders/Documents/TravelTap
    

SwiftCompile normal arm64 /Users/erders/Documents/TravelTap/TravelTap/Data/Countries/Europe/Norway/Cities/HardangerfjordAttractions.swift (in target 'TravelTap' from project 'TravelTap')
    cd /Users/erders/Documents/TravelTap
    

SwiftCompile normal arm64 /Users/erders/Documents/TravelTap/TravelTap/Data/Countries/Europe/Norway/Cities/RorosAttractions.swift (in target 'TravelTap' from project 'TravelTap')
    cd /Users/erders/Documents/TravelTap
    

SwiftCompile normal arm64 /Users/erders/Documents/TravelTap/TravelTap/Data/Countries/Europe/Norway/Cities/LillehammerAttractions.swift (in target 'TravelTap' from project 'TravelTap')
    cd /Users/erders/Documents/TravelTap
    

SwiftCompile normal arm64 /Users/erders/Documents/TravelTap/TravelTap/Data/Countries/Europe/Norway/Cities/TrondheimAttractions.swift (in target 'TravelTap' from project 'TravelTap')
    cd /Users/erders/Documents/TravelTap
    

SwiftCompile normal arm64 /Users/erders/Documents/TravelTap/TravelTap/Data/Countries/Europe/Norway/Cities/GeirangerfjordAttractions.swift (in target 'TravelTap' from project 'TravelTap')
    cd /Users/erders/Documents/TravelTap
    

SwiftCompile normal arm64 /Users/erders/Documents/TravelTap/TravelTap/Data/Countries/Europe/Norway/Cities/NationalParksNorwayAttractions.swift (in target 'TravelTap' from project 'TravelTap')
    cd /Users/erders/Documents/TravelTap
    

SwiftCompile normal arm64 /Users/erders/Documents/TravelTap/TravelTap/Data/Countries/Europe/Norway/Cities/HammerfestAttractions.swift (in target 'TravelTap' from project 'TravelTap')
    cd /Users/erders/Documents/TravelTap
    

SwiftCompile normal arm64 /Users/erders/Documents/TravelTap/TravelTap/Data/Countries/Europe/Norway/Cities/StaveChurchesNorwayAttractions.swift (in target 'TravelTap' from project 'TravelTap')
    cd /Users/erders/Documents/TravelTap
    

SwiftCompile normal arm64 /Users/erders/Documents/TravelTap/TravelTap/Data/Countries/Europe/Norway/Cities/FredrikstadAttractions.swift (in target 'TravelTap' from project 'TravelTap')
    cd /Users/erders/Documents/TravelTap
    

SwiftCompile normal arm64 /Users/erders/Documents/TravelTap/TravelTap/Data/Countries/Europe/Norway/Cities/ScenicRoutesNorwayAttractions.swift (in target 'TravelTap' from project 'TravelTap')
    cd /Users/erders/Documents/TravelTap
    

SwiftCompile normal arm64 /Users/erders/Documents/TravelTap/TravelTap/Data/Countries/Europe/Norway/Cities/SvalbardAttractions.swift (in target 'TravelTap' from project 'TravelTap')
    cd /Users/erders/Documents/TravelTap
    

SwiftCompile normal arm64 /Users/erders/Documents/TravelTap/TravelTap/Data/Countries/Europe/Norway/Cities/AltaAttractions.swift (in target 'TravelTap' from project 'TravelTap')
    cd /Users/erders/Documents/TravelTap
    

SwiftCompile normal arm64 /Users/erders/Documents/TravelTap/TravelTap/Data/Countries/Europe/Norway/Cities/LofotenIslandsAttractions.swift (in target 'TravelTap' from project 'TravelTap')
    cd /Users/erders/Documents/TravelTap
    

SwiftCompile normal arm64 /Users/erders/Documents/TravelTap/TravelTap/Data/Countries/Europe/Portugal/Cities/AlcobacaAttractions.swift (in target 'TravelTap' from project 'TravelTap')
    cd /Users/erders/Documents/TravelTap
    

SwiftCompile normal arm64 /Users/erders/Documents/TravelTap/TravelTap/Data/Countries/Europe/Portugal/Cities/DouroValleyAttractions.swift (in target 'TravelTap' from project 'TravelTap')
    cd /Users/erders/Documents/TravelTap
    

SwiftDriverJobDiscovery normal arm64 Compiling DalanzadgadAttractions.swift, KharkhorinAttractions.swift, MurunAttractions.swift, UlaanbaatarAttractions.swift, MongoliaPackage.swift, BusanAttractions.swift, GyeongjuAttractions.swift, IncheonAttractions.swift, JejuAttractions.swift, SeoulAttractions.swift, SouthKoreaPackage.swift, HualienAttractions.swift, KaohsiungAttractions.swift, NantouAttractions.swift, TaichungAttractions.swift, TainanAttractions.swift, TaipeiAttractions.swift, TaiwanPackage.swift, BahrainPackage.swift, ManamaAttractions.swift, IsfahanAttractions.swift, ShirazAttractions.swift, TehranAttractions.swift, IranPackage.swift, BaghdadAttractions.swift (in target 'TravelTap' from project 'TravelTap')

SwiftCompile normal arm64 Compiling\ BosniaPackage.swift,\ BlagajAttractions.swift,\ JajceAttractions.swift,\ MostarAttractions.swift,\ SarajevoAttractions.swift,\ BulgariaPackage.swift,\ PlovdivAttractions.swift,\ SofiaAttractions.swift,\ VarnaAttractions.swift,\ VelikoTarnovoAttractions.swift,\ DubrovnikAttractions.swift,\ PlitviceAttractions.swift,\ SplitAttractions.swift,\ ZagrebAttractions.swift,\ CroatiaPackage.swift,\ HvarAttractions.swift,\ KorculaAttractions.swift,\ RovinjAttractions.swift,\ PulaAttractions.swift,\ ZadarAttractions.swift,\ SibenikAttractions.swift,\ KrkaNationalParkAttractions.swift,\ TrogirAttractions.swift,\ MakarskaRivieraAttractions.swift,\ BracAttractions.swift /Users/erders/Documents/TravelTap/TravelTap/Data/Countries/Europe/Bosnia/BosniaPackage.swift /Users/erders/Documents/TravelTap/TravelTap/Data/Countries/Europe/Bosnia/Cities/BlagajAttractions.swift /Users/erders/Documents/TravelTap/TravelTap/Data/Countries/Europe/Bosnia/Cities/JajceAttractions.swift /Users/erders/Documents/TravelTap/TravelTap/Data/Countries/Europe/Bosnia/Cities/MostarAttractions.swift /Users/erders/Documents/TravelTap/TravelTap/Data/Countries/Europe/Bosnia/Cities/SarajevoAttractions.swift /Users/erders/Documents/TravelTap/TravelTap/Data/Countries/Europe/Bulgaria/BulgariaPackage.swift /Users/erders/Documents/TravelTap/TravelTap/Data/Countries/Europe/Bulgaria/Cities/PlovdivAttractions.swift /Users/erders/Documents/TravelTap/TravelTap/Data/Countries/Europe/Bulgaria/Cities/SofiaAttractions.swift /Users/erders/Documents/TravelTap/TravelTap/Data/Countries/Europe/Bulgaria/Cities/VarnaAttractions.swift /Users/erders/Documents/TravelTap/TravelTap/Data/Countries/Europe/Bulgaria/Cities/VelikoTarnovoAttractions.swift /Users/erders/Documents/TravelTap/TravelTap/Data/Countries/Europe/Croatia/Cities/DubrovnikAttractions.swift /Users/erders/Documents/TravelTap/TravelTap/Data/Countries/Europe/Croatia/Cities/PlitviceAttractions.swift /Users/erders/Documents/TravelTap/TravelTap/Data/Countries/Europe/Croatia/Cities/SplitAttractions.swift /Users/erders/Documents/TravelTap/TravelTap/Data/Countries/Europe/Croatia/Cities/ZagrebAttractions.swift /Users/erders/Documents/TravelTap/TravelTap/Data/Countries/Europe/Croatia/CroatiaPackage.swift /Users/erders/Documents/TravelTap/TravelTap/Data/Countries/Europe/Croatia/Cities/HvarAttractions.swift /Users/erders/Documents/TravelTap/TravelTap/Data/Countries/Europe/Croatia/Cities/KorculaAttractions.swift /Users/erders/Documents/TravelTap/TravelTap/Data/Countries/Europe/Croatia/Cities/RovinjAttractions.swift /Users/erders/Documents/TravelTap/TravelTap/Data/Countries/Europe/Croatia/Cities/PulaAttractions.swift /Users/erders/Documents/TravelTap/TravelTap/Data/Countries/Europe/Croatia/Cities/ZadarAttractions.swift /Users/erders/Documents/TravelTap/TravelTap/Data/Countries/Europe/Croatia/Cities/SibenikAttractions.swift /Users/erders/Documents/TravelTap/TravelTap/Data/Countries/Europe/Croatia/Cities/KrkaNationalParkAttractions.swift /Users/erders/Documents/TravelTap/TravelTap/Data/Countries/Europe/Croatia/Cities/TrogirAttractions.swift /Users/erders/Documents/TravelTap/TravelTap/Data/Countries/Europe/Croatia/Cities/MakarskaRivieraAttractions.swift /Users/erders/Documents/TravelTap/TravelTap/Data/Countries/Europe/Croatia/Cities/BracAttractions.swift (in target 'TravelTap' from project 'TravelTap')

SwiftCompile normal arm64 /Users/erders/Documents/TravelTap/TravelTap/Data/Countries/Europe/Bosnia/BosniaPackage.swift (in target 'TravelTap' from project 'TravelTap')
    cd /Users/erders/Documents/TravelTap
    

SwiftCompile normal arm64 /Users/erders/Documents/TravelTap/TravelTap/Data/Countries/Europe/Bosnia/Cities/BlagajAttractions.swift (in target 'TravelTap' from project 'TravelTap')
    cd /Users/erders/Documents/TravelTap
    

SwiftCompile normal arm64 /Users/erders/Documents/TravelTap/TravelTap/Data/Countries/Europe/Bosnia/Cities/JajceAttractions.swift (in target 'TravelTap' from project 'TravelTap')
    cd /Users/erders/Documents/TravelTap
    

SwiftCompile normal arm64 /Users/erders/Documents/TravelTap/TravelTap/Data/Countries/Europe/Bosnia/Cities/MostarAttractions.swift (in target 'TravelTap' from project 'TravelTap')
    cd /Users/erders/Documents/TravelTap
    

SwiftCompile normal arm64 /Users/erders/Documents/TravelTap/TravelTap/Data/Countries/Europe/Bosnia/Cities/SarajevoAttractions.swift (in target 'TravelTap' from project 'TravelTap')
    cd /Users/erders/Documents/TravelTap
    

SwiftCompile normal arm64 /Users/erders/Documents/TravelTap/TravelTap/Data/Countries/Europe/Bulgaria/BulgariaPackage.swift (in target 'TravelTap' from project 'TravelTap')
    cd /Users/erders/Documents/TravelTap
    

SwiftCompile normal arm64 /Users/erders/Documents/TravelTap/TravelTap/Data/Countries/Europe/Bulgaria/Cities/PlovdivAttractions.swift (in target 'TravelTap' from project 'TravelTap')
    cd /Users/erders/Documents/TravelTap
    

SwiftCompile normal arm64 /Users/erders/Documents/TravelTap/TravelTap/Data/Countries/Europe/Bulgaria/Cities/SofiaAttractions.swift (in target 'TravelTap' from project 'TravelTap')
    cd /Users/erders/Documents/TravelTap
    

SwiftCompile normal arm64 /Users/erders/Documents/TravelTap/TravelTap/Data/Countries/Europe/Bulgaria/Cities/VarnaAttractions.swift (in target 'TravelTap' from project 'TravelTap')
    cd /Users/erders/Documents/TravelTap
    

SwiftCompile normal arm64 /Users/erders/Documents/TravelTap/TravelTap/Data/Countries/Europe/Bulgaria/Cities/VelikoTarnovoAttractions.swift (in target 'TravelTap' from project 'TravelTap')
    cd /Users/erders/Documents/TravelTap
    

SwiftCompile normal arm64 /Users/erders/Documents/TravelTap/TravelTap/Data/Countries/Europe/Croatia/Cities/DubrovnikAttractions.swift (in target 'TravelTap' from project 'TravelTap')
    cd /Users/erders/Documents/TravelTap
    

SwiftCompile normal arm64 /Users/erders/Documents/TravelTap/TravelTap/Data/Countries/Europe/Croatia/Cities/PlitviceAttractions.swift (in target 'TravelTap' from project 'TravelTap')
    cd /Users/erders/Documents/TravelTap
    

SwiftCompile normal arm64 /Users/erders/Documents/TravelTap/TravelTap/Data/Countries/Europe/Croatia/Cities/SplitAttractions.swift (in target 'TravelTap' from project 'TravelTap')
    cd /Users/erders/Documents/TravelTap
    

SwiftCompile normal arm64 /Users/erders/Documents/TravelTap/TravelTap/Data/Countries/Europe/Croatia/Cities/ZagrebAttractions.swift (in target 'TravelTap' from project 'TravelTap')
    cd /Users/erders/Documents/TravelTap
    

SwiftCompile normal arm64 /Users/erders/Documents/TravelTap/TravelTap/Data/Countries/Europe/Croatia/CroatiaPackage.swift (in target 'TravelTap' from project 'TravelTap')
    cd /Users/erders/Documents/TravelTap
    

SwiftCompile normal arm64 /Users/erders/Documents/TravelTap/TravelTap/Data/Countries/Europe/Croatia/Cities/HvarAttractions.swift (in target 'TravelTap' from project 'TravelTap')
    cd /Users/erders/Documents/TravelTap
    

SwiftCompile normal arm64 /Users/erders/Documents/TravelTap/TravelTap/Data/Countries/Europe/Croatia/Cities/KorculaAttractions.swift (in target 'TravelTap' from project 'TravelTap')
    cd /Users/erders/Documents/TravelTap
    

SwiftCompile normal arm64 /Users/erders/Documents/TravelTap/TravelTap/Data/Countries/Europe/Croatia/Cities/RovinjAttractions.swift (in target 'TravelTap' from project 'TravelTap')
    cd /Users/erders/Documents/TravelTap
    

SwiftCompile normal arm64 /Users/erders/Documents/TravelTap/TravelTap/Data/Countries/Europe/Croatia/Cities/PulaAttractions.swift (in target 'TravelTap' from project 'TravelTap')
    cd /Users/erders/Documents/TravelTap
    

SwiftCompile normal arm64 /Users/erders/Documents/TravelTap/TravelTap/Data/Countries/Europe/Croatia/Cities/ZadarAttractions.swift (in target 'TravelTap' from project 'TravelTap')
    cd /Users/erders/Documents/TravelTap
    

SwiftCompile normal arm64 /Users/erders/Documents/TravelTap/TravelTap/Data/Countries/Europe/Croatia/Cities/SibenikAttractions.swift (in target 'TravelTap' from project 'TravelTap')
    cd /Users/erders/Documents/TravelTap
    

SwiftCompile normal arm64 /Users/erders/Documents/TravelTap/TravelTap/Data/Countries/Europe/Croatia/Cities/KrkaNationalParkAttractions.swift (in target 'TravelTap' from project 'TravelTap')
    cd /Users/erders/Documents/TravelTap
    

SwiftCompile normal arm64 /Users/erders/Documents/TravelTap/TravelTap/Data/Countries/Europe/Croatia/Cities/TrogirAttractions.swift (in target 'TravelTap' from project 'TravelTap')
    cd /Users/erders/Documents/TravelTap
    

SwiftCompile normal arm64 /Users/erders/Documents/TravelTap/TravelTap/Data/Countries/Europe/Croatia/Cities/MakarskaRivieraAttractions.swift (in target 'TravelTap' from project 'TravelTap')
    cd /Users/erders/Documents/TravelTap
    

SwiftCompile normal arm64 /Users/erders/Documents/TravelTap/TravelTap/Data/Countries/Europe/Croatia/Cities/BracAttractions.swift (in target 'TravelTap' from project 'TravelTap')
    cd /Users/erders/Documents/TravelTap
    

SwiftDriverJobDiscovery normal arm64 Compiling ErbilAttractions.swift, IraqPackage.swift, HaifaAttractions.swift, TelAvivAttractions.swift, IsraelPackage.swift, AmmanAttractions.swift, PetraAttractions.swift, JordanPackage.swift, KuwaitCityAttractions.swift, KuwaitPackage.swift, BeirutAttractions.swift, LebanonPackage.swift, MuscatAttractions.swift, OmanPackage.swift, DohaAttractions.swift, QatarPackage.swift, JeddahAttractions.swift, RiyadhAttractions.swift, SaudiArabiaPackage.swift, DamascusAttractions.swift, SyriaPackage.swift, AbuDhabiAttractions.swift, DubaiAttractions.swift, UAEPackage.swift, BangladeshPackage.swift (in target 'TravelTap' from project 'TravelTap')

SwiftCompile normal arm64 Compiling\ BrownsbergAttractions.swift,\ CentralSurinameAttractions.swift,\ CommewijneAttractions.swift,\ GalibiAttractions.swift,\ KabaleboAttractions.swift,\ NieuwNickerieAttractions.swift,\ ParamariboAttractions.swift,\ SipaliwiniAttractions.swift,\ UpperSurinameAttractions.swift,\ WiaWiaAttractions.swift,\ SurinamePackage.swift,\ CaboPolonioAttractions.swift,\ CarmeloAttractions.swift,\ ColoniaAttractions.swift,\ JoseIgnacioAttractions.swift,\ MaldonadoAttractions.swift,\ MercedesAttractions.swift,\ MinasAttractions.swift,\ MontevideoAttractions.swift,\ PaysanduAttractions.swift,\ PiriapolisAttractions.swift,\ PuntaDelDiabloAttractions.swift,\ PuntaDelEsteAttractions.swift,\ SaltoAttractions.swift,\ TacuaremboAttractions.swift /Users/erders/Documents/TravelTap/TravelTap/Data/Countries/SouthAmerica/Suriname/Cities/BrownsbergAttractions.swift /Users/erders/Documents/TravelTap/TravelTap/Data/Countries/SouthAmerica/Suriname/Cities/CentralSurinameAttractions.swift /Users/erders/Documents/TravelTap/TravelTap/Data/Countries/SouthAmerica/Suriname/Cities/CommewijneAttractions.swift /Users/erders/Documents/TravelTap/TravelTap/Data/Countries/SouthAmerica/Suriname/Cities/GalibiAttractions.swift /Users/erders/Documents/TravelTap/TravelTap/Data/Countries/SouthAmerica/Suriname/Cities/KabaleboAttractions.swift /Users/erders/Documents/TravelTap/TravelTap/Data/Countries/SouthAmerica/Suriname/Cities/NieuwNickerieAttractions.swift /Users/erders/Documents/TravelTap/TravelTap/Data/Countries/SouthAmerica/Suriname/Cities/ParamariboAttractions.swift /Users/erders/Documents/TravelTap/TravelTap/Data/Countries/SouthAmerica/Suriname/Cities/SipaliwiniAttractions.swift /Users/erders/Documents/TravelTap/TravelTap/Data/Countries/SouthAmerica/Suriname/Cities/UpperSurinameAttractions.swift /Users/erders/Documents/TravelTap/TravelTap/Data/Countries/SouthAmerica/Suriname/Cities/WiaWiaAttractions.swift /Users/erders/Documents/TravelTap/TravelTap/Data/Countries/SouthAmerica/Suriname/SurinamePackage.swift /Users/erders/Documents/TravelTap/TravelTap/Data/Countries/SouthAmerica/Uruguay/Cities/CaboPolonioAttractions.swift /Users/erders/Documents/TravelTap/TravelTap/Data/Countries/SouthAmerica/Uruguay/Cities/CarmeloAttractions.swift /Users/erders/Documents/TravelTap/TravelTap/Data/Countries/SouthAmerica/Uruguay/Cities/ColoniaAttractions.swift /Users/erders/Documents/TravelTap/TravelTap/Data/Countries/SouthAmerica/Uruguay/Cities/JoseIgnacioAttractions.swift /Users/erders/Documents/TravelTap/TravelTap/Data/Countries/SouthAmerica/Uruguay/Cities/MaldonadoAttractions.swift /Users/erders/Documents/TravelTap/TravelTap/Data/Countries/SouthAmerica/Uruguay/Cities/MercedesAttractions.swift /Users/erders/Documents/TravelTap/TravelTap/Data/Countries/SouthAmerica/Uruguay/Cities/MinasAttractions.swift /Users/erders/Documents/TravelTap/TravelTap/Data/Countries/SouthAmerica/Uruguay/Cities/MontevideoAttractions.swift /Users/erders/Documents/TravelTap/TravelTap/Data/Countries/SouthAmerica/Uruguay/Cities/PaysanduAttractions.swift /Users/erders/Documents/TravelTap/TravelTap/Data/Countries/SouthAmerica/Uruguay/Cities/PiriapolisAttractions.swift /Users/erders/Documents/TravelTap/TravelTap/Data/Countries/SouthAmerica/Uruguay/Cities/PuntaDelDiabloAttractions.swift /Users/erders/Documents/TravelTap/TravelTap/Data/Countries/SouthAmerica/Uruguay/Cities/PuntaDelEsteAttractions.swift /Users/erders/Documents/TravelTap/TravelTap/Data/Countries/SouthAmerica/Uruguay/Cities/SaltoAttractions.swift /Users/erders/Documents/TravelTap/TravelTap/Data/Countries/SouthAmerica/Uruguay/Cities/TacuaremboAttractions.swift (in target 'TravelTap' from project 'TravelTap')

SwiftCompile normal arm64 /Users/erders/Documents/TravelTap/TravelTap/Data/Countries/SouthAmerica/Suriname/Cities/BrownsbergAttractions.swift (in target 'TravelTap' from project 'TravelTap')
    cd /Users/erders/Documents/TravelTap
    

SwiftCompile normal arm64 /Users/erders/Documents/TravelTap/TravelTap/Data/Countries/SouthAmerica/Suriname/Cities/CentralSurinameAttractions.swift (in target 'TravelTap' from project 'TravelTap')
    cd /Users/erders/Documents/TravelTap
    

SwiftCompile normal arm64 /Users/erders/Documents/TravelTap/TravelTap/Data/Countries/SouthAmerica/Suriname/Cities/CommewijneAttractions.swift (in target 'TravelTap' from project 'TravelTap')
    cd /Users/erders/Documents/TravelTap
    

SwiftCompile normal arm64 /Users/erders/Documents/TravelTap/TravelTap/Data/Countries/SouthAmerica/Suriname/Cities/GalibiAttractions.swift (in target 'TravelTap' from project 'TravelTap')
    cd /Users/erders/Documents/TravelTap
    

SwiftCompile normal arm64 /Users/erders/Documents/TravelTap/TravelTap/Data/Countries/SouthAmerica/Suriname/Cities/KabaleboAttractions.swift (in target 'TravelTap' from project 'TravelTap')
    cd /Users/erders/Documents/TravelTap
    

SwiftCompile normal arm64 /Users/erders/Documents/TravelTap/TravelTap/Data/Countries/SouthAmerica/Suriname/Cities/NieuwNickerieAttractions.swift (in target 'TravelTap' from project 'TravelTap')
    cd /Users/erders/Documents/TravelTap
    

SwiftCompile normal arm64 /Users/erders/Documents/TravelTap/TravelTap/Data/Countries/SouthAmerica/Suriname/Cities/ParamariboAttractions.swift (in target 'TravelTap' from project 'TravelTap')
    cd /Users/erders/Documents/TravelTap
    

SwiftCompile normal arm64 /Users/erders/Documents/TravelTap/TravelTap/Data/Countries/SouthAmerica/Suriname/Cities/SipaliwiniAttractions.swift (in target 'TravelTap' from project 'TravelTap')
    cd /Users/erders/Documents/TravelTap
    

SwiftCompile normal arm64 /Users/erders/Documents/TravelTap/TravelTap/Data/Countries/SouthAmerica/Suriname/Cities/UpperSurinameAttractions.swift (in target 'TravelTap' from project 'TravelTap')
    cd /Users/erders/Documents/TravelTap
    

SwiftCompile normal arm64 /Users/erders/Documents/TravelTap/TravelTap/Data/Countries/SouthAmerica/Suriname/Cities/WiaWiaAttractions.swift (in target 'TravelTap' from project 'TravelTap')
    cd /Users/erders/Documents/TravelTap
    

SwiftCompile normal arm64 /Users/erders/Documents/TravelTap/TravelTap/Data/Countries/SouthAmerica/Suriname/SurinamePackage.swift (in target 'TravelTap' from project 'TravelTap')
    cd /Users/erders/Documents/TravelTap
    

SwiftCompile normal arm64 /Users/erders/Documents/TravelTap/TravelTap/Data/Countries/SouthAmerica/Uruguay/Cities/CaboPolonioAttractions.swift (in target 'TravelTap' from project 'TravelTap')
    cd /Users/erders/Documents/TravelTap
    

SwiftCompile normal arm64 /Users/erders/Documents/TravelTap/TravelTap/Data/Countries/SouthAmerica/Uruguay/Cities/CarmeloAttractions.swift (in target 'TravelTap' from project 'TravelTap')
    cd /Users/erders/Documents/TravelTap
    

SwiftCompile normal arm64 /Users/erders/Documents/TravelTap/TravelTap/Data/Countries/SouthAmerica/Uruguay/Cities/ColoniaAttractions.swift (in target 'TravelTap' from project 'TravelTap')
    cd /Users/erders/Documents/TravelTap
    

SwiftCompile normal arm64 /Users/erders/Documents/TravelTap/TravelTap/Data/Countries/SouthAmerica/Uruguay/Cities/JoseIgnacioAttractions.swift (in target 'TravelTap' from project 'TravelTap')
    cd /Users/erders/Documents/TravelTap
    

SwiftCompile normal arm64 /Users/erders/Documents/TravelTap/TravelTap/Data/Countries/SouthAmerica/Uruguay/Cities/MaldonadoAttractions.swift (in target 'TravelTap' from project 'TravelTap')
    cd /Users/erders/Documents/TravelTap
    

SwiftCompile normal arm64 /Users/erders/Documents/TravelTap/TravelTap/Data/Countries/SouthAmerica/Uruguay/Cities/MercedesAttractions.swift (in target 'TravelTap' from project 'TravelTap')
    cd /Users/erders/Documents/TravelTap
    

SwiftCompile normal arm64 /Users/erders/Documents/TravelTap/TravelTap/Data/Countries/SouthAmerica/Uruguay/Cities/MinasAttractions.swift (in target 'TravelTap' from project 'TravelTap')
    cd /Users/erders/Documents/TravelTap
    

SwiftCompile normal arm64 /Users/erders/Documents/TravelTap/TravelTap/Data/Countries/SouthAmerica/Uruguay/Cities/MontevideoAttractions.swift (in target 'TravelTap' from project 'TravelTap')
    cd /Users/erders/Documents/TravelTap
    

SwiftCompile normal arm64 /Users/erders/Documents/TravelTap/TravelTap/Data/Countries/SouthAmerica/Uruguay/Cities/PaysanduAttractions.swift (in target 'TravelTap' from project 'TravelTap')
    cd /Users/erders/Documents/TravelTap
    

SwiftCompile normal arm64 /Users/erders/Documents/TravelTap/TravelTap/Data/Countries/SouthAmerica/Uruguay/Cities/PiriapolisAttractions.swift (in target 'TravelTap' from project 'TravelTap')
    cd /Users/erders/Documents/TravelTap
    

SwiftCompile normal arm64 /Users/erders/Documents/TravelTap/TravelTap/Data/Countries/SouthAmerica/Uruguay/Cities/PuntaDelDiabloAttractions.swift (in target 'TravelTap' from project 'TravelTap')
    cd /Users/erders/Documents/TravelTap
    

SwiftCompile normal arm64 /Users/erders/Documents/TravelTap/TravelTap/Data/Countries/SouthAmerica/Uruguay/Cities/PuntaDelEsteAttractions.swift (in target 'TravelTap' from project 'TravelTap')
    cd /Users/erders/Documents/TravelTap
    

SwiftCompile normal arm64 /Users/erders/Documents/TravelTap/TravelTap/Data/Countries/SouthAmerica/Uruguay/Cities/SaltoAttractions.swift (in target 'TravelTap' from project 'TravelTap')
    cd /Users/erders/Documents/TravelTap
    

SwiftCompile normal arm64 /Users/erders/Documents/TravelTap/TravelTap/Data/Countries/SouthAmerica/Uruguay/Cities/TacuaremboAttractions.swift (in target 'TravelTap' from project 'TravelTap')
    cd /Users/erders/Documents/TravelTap
    

SwiftDriverJobDiscovery normal arm64 Compiling ZaaminAttractions.swift, UzbekistanPackage.swift, ChinaPackage.swift, BeijingAttractions.swift, ChengduAttractions.swift, GuilinAttractions.swift, HangzhouAttractions.swift, LhasaAttractions.swift, ShanghaiAttractions.swift, ShenzhenAttractions.swift, SuzhouAttractions.swift, XianAttractions.swift, ZhangjiajieAttractions.swift, HongKongPackage.swift, FukuokaAttractions.swift, HakoneAttractions.swift, HiroshimaAttractions.swift, KyotoAttractions.swift, NaraAttractions.swift, NikkoAttractions.swift, OkinawaAttractions.swift, OsakaAttractions.swift, SapporoAttractions.swift, TokyoAttractions.swift, JapanPackage.swift (in target 'TravelTap' from project 'TravelTap')

SwiftCompile normal arm64 Compiling\ LjubljanaAttractions.swift,\ PiranAttractions.swift,\ PostojnaAttractions.swift,\ SloveniaPackage.swift,\ BarcelonaAttractions.swift,\ BilbaoAttractions.swift,\ CanaryIslandsAttractions.swift,\ CordobaAttractions.swift,\ GranadaAttractions.swift,\ HistoricCastileAttractions.swift,\ MadridAttractions.swift,\ MallorcaAttractions.swift,\ NorthernSpainAttractions.swift,\ SanSebastianAttractions.swift,\ SevilleAttractions.swift,\ ToledoAttractions.swift,\ ValenciaAttractions.swift,\ SpainPackage.swift,\ GothenburgAttractions.swift,\ MalmoAttractions.swift,\ StockholmAttractions.swift,\ UppsalaAttractions.swift,\ SwedenPackage.swift,\ VisbyAttractions.swift,\ KirunaAttractions.swift /Users/erders/Documents/TravelTap/TravelTap/Data/Countries/Europe/Slovenia/Cities/LjubljanaAttractions.swift /Users/erders/Documents/TravelTap/TravelTap/Data/Countries/Europe/Slovenia/Cities/PiranAttractions.swift /Users/erders/Documents/TravelTap/TravelTap/Data/Countries/Europe/Slovenia/Cities/PostojnaAttractions.swift /Users/erders/Documents/TravelTap/TravelTap/Data/Countries/Europe/Slovenia/SloveniaPackage.swift /Users/erders/Documents/TravelTap/TravelTap/Data/Countries/Europe/Spain/Cities/BarcelonaAttractions.swift /Users/erders/Documents/TravelTap/TravelTap/Data/Countries/Europe/Spain/Cities/BilbaoAttractions.swift /Users/erders/Documents/TravelTap/TravelTap/Data/Countries/Europe/Spain/Cities/CanaryIslandsAttractions.swift /Users/erders/Documents/TravelTap/TravelTap/Data/Countries/Europe/Spain/Cities/CordobaAttractions.swift /Users/erders/Documents/TravelTap/TravelTap/Data/Countries/Europe/Spain/Cities/GranadaAttractions.swift /Users/erders/Documents/TravelTap/TravelTap/Data/Countries/Europe/Spain/Cities/HistoricCastileAttractions.swift /Users/erders/Documents/TravelTap/TravelTap/Data/Countries/Europe/Spain/Cities/MadridAttractions.swift /Users/erders/Documents/TravelTap/TravelTap/Data/Countries/Europe/Spain/Cities/MallorcaAttractions.swift /Users/erders/Documents/TravelTap/TravelTap/Data/Countries/Europe/Spain/Cities/NorthernSpainAttractions.swift /Users/erders/Documents/TravelTap/TravelTap/Data/Countries/Europe/Spain/Cities/SanSebastianAttractions.swift /Users/erders/Documents/TravelTap/TravelTap/Data/Countries/Europe/Spain/Cities/SevilleAttractions.swift /Users/erders/Documents/TravelTap/TravelTap/Data/Countries/Europe/Spain/Cities/ToledoAttractions.swift /Users/erders/Documents/TravelTap/TravelTap/Data/Countries/Europe/Spain/Cities/ValenciaAttractions.swift /Users/erders/Documents/TravelTap/TravelTap/Data/Countries/Europe/Spain/SpainPackage.swift /Users/erders/Documents/TravelTap/TravelTap/Data/Countries/Europe/Sweden/Cities/GothenburgAttractions.swift /Users/erders/Documents/TravelTap/TravelTap/Data/Countries/Europe/Sweden/Cities/MalmoAttractions.swift /Users/erders/Documents/TravelTap/TravelTap/Data/Countries/Europe/Sweden/Cities/StockholmAttractions.swift /Users/erders/Documents/TravelTap/TravelTap/Data/Countries/Europe/Sweden/Cities/UppsalaAttractions.swift /Users/erders/Documents/TravelTap/TravelTap/Data/Countries/Europe/Sweden/SwedenPackage.swift /Users/erders/Documents/TravelTap/TravelTap/Data/Countries/Europe/Sweden/Cities/VisbyAttractions.swift /Users/erders/Documents/TravelTap/TravelTap/Data/Countries/Europe/Sweden/Cities/KirunaAttractions.swift (in target 'TravelTap' from project 'TravelTap')

SwiftCompile normal arm64 /Users/erders/Documents/TravelTap/TravelTap/Data/Countries/Europe/Slovenia/Cities/LjubljanaAttractions.swift (in target 'TravelTap' from project 'TravelTap')
    cd /Users/erders/Documents/TravelTap
    

SwiftCompile normal arm64 /Users/erders/Documents/TravelTap/TravelTap/Data/Countries/Europe/Slovenia/Cities/PiranAttractions.swift (in target 'TravelTap' from project 'TravelTap')
    cd /Users/erders/Documents/TravelTap
    

SwiftCompile normal arm64 /Users/erders/Documents/TravelTap/TravelTap/Data/Countries/Europe/Slovenia/Cities/PostojnaAttractions.swift (in target 'TravelTap' from project 'TravelTap')
    cd /Users/erders/Documents/TravelTap
    

SwiftCompile normal arm64 /Users/erders/Documents/TravelTap/TravelTap/Data/Countries/Europe/Slovenia/SloveniaPackage.swift (in target 'TravelTap' from project 'TravelTap')
    cd /Users/erders/Documents/TravelTap
    

SwiftCompile normal arm64 /Users/erders/Documents/TravelTap/TravelTap/Data/Countries/Europe/Spain/Cities/BarcelonaAttractions.swift (in target 'TravelTap' from project 'TravelTap')
    cd /Users/erders/Documents/TravelTap
    

SwiftCompile normal arm64 /Users/erders/Documents/TravelTap/TravelTap/Data/Countries/Europe/Spain/Cities/BilbaoAttractions.swift (in target 'TravelTap' from project 'TravelTap')
    cd /Users/erders/Documents/TravelTap
    

SwiftCompile normal arm64 /Users/erders/Documents/TravelTap/TravelTap/Data/Countries/Europe/Spain/Cities/CanaryIslandsAttractions.swift (in target 'TravelTap' from project 'TravelTap')
    cd /Users/erders/Documents/TravelTap
    

SwiftCompile normal arm64 /Users/erders/Documents/TravelTap/TravelTap/Data/Countries/Europe/Spain/Cities/CordobaAttractions.swift (in target 'TravelTap' from project 'TravelTap')
    cd /Users/erders/Documents/TravelTap
    

SwiftCompile normal arm64 /Users/erders/Documents/TravelTap/TravelTap/Data/Countries/Europe/Spain/Cities/GranadaAttractions.swift (in target 'TravelTap' from project 'TravelTap')
    cd /Users/erders/Documents/TravelTap
    

SwiftCompile normal arm64 /Users/erders/Documents/TravelTap/TravelTap/Data/Countries/Europe/Spain/Cities/HistoricCastileAttractions.swift (in target 'TravelTap' from project 'TravelTap')
    cd /Users/erders/Documents/TravelTap
    

SwiftCompile normal arm64 /Users/erders/Documents/TravelTap/TravelTap/Data/Countries/Europe/Spain/Cities/MadridAttractions.swift (in target 'TravelTap' from project 'TravelTap')
    cd /Users/erders/Documents/TravelTap
    

SwiftCompile normal arm64 /Users/erders/Documents/TravelTap/TravelTap/Data/Countries/Europe/Spain/Cities/MallorcaAttractions.swift (in target 'TravelTap' from project 'TravelTap')
    cd /Users/erders/Documents/TravelTap
    

SwiftCompile normal arm64 /Users/erders/Documents/TravelTap/TravelTap/Data/Countries/Europe/Spain/Cities/NorthernSpainAttractions.swift (in target 'TravelTap' from project 'TravelTap')
    cd /Users/erders/Documents/TravelTap
    

SwiftCompile normal arm64 /Users/erders/Documents/TravelTap/TravelTap/Data/Countries/Europe/Spain/Cities/SanSebastianAttractions.swift (in target 'TravelTap' from project 'TravelTap')
    cd /Users/erders/Documents/TravelTap
    

SwiftCompile normal arm64 /Users/erders/Documents/TravelTap/TravelTap/Data/Countries/Europe/Spain/Cities/SevilleAttractions.swift (in target 'TravelTap' from project 'TravelTap')
    cd /Users/erders/Documents/TravelTap
    

SwiftCompile normal arm64 /Users/erders/Documents/TravelTap/TravelTap/Data/Countries/Europe/Spain/Cities/ToledoAttractions.swift (in target 'TravelTap' from project 'TravelTap')
    cd /Users/erders/Documents/TravelTap
    

SwiftCompile normal arm64 /Users/erders/Documents/TravelTap/TravelTap/Data/Countries/Europe/Spain/Cities/ValenciaAttractions.swift (in target 'TravelTap' from project 'TravelTap')
    cd /Users/erders/Documents/TravelTap
    

SwiftCompile normal arm64 /Users/erders/Documents/TravelTap/TravelTap/Data/Countries/Europe/Spain/SpainPackage.swift (in target 'TravelTap' from project 'TravelTap')
    cd /Users/erders/Documents/TravelTap
    

SwiftCompile normal arm64 /Users/erders/Documents/TravelTap/TravelTap/Data/Countries/Europe/Sweden/Cities/GothenburgAttractions.swift (in target 'TravelTap' from project 'TravelTap')
    cd /Users/erders/Documents/TravelTap
    

SwiftCompile normal arm64 /Users/erders/Documents/TravelTap/TravelTap/Data/Countries/Europe/Sweden/Cities/MalmoAttractions.swift (in target 'TravelTap' from project 'TravelTap')
    cd /Users/erders/Documents/TravelTap
    

SwiftCompile normal arm64 /Users/erders/Documents/TravelTap/TravelTap/Data/Countries/Europe/Sweden/Cities/StockholmAttractions.swift (in target 'TravelTap' from project 'TravelTap')
    cd /Users/erders/Documents/TravelTap
    

SwiftCompile normal arm64 /Users/erders/Documents/TravelTap/TravelTap/Data/Countries/Europe/Sweden/Cities/UppsalaAttractions.swift (in target 'TravelTap' from project 'TravelTap')
    cd /Users/erders/Documents/TravelTap
    

SwiftCompile normal arm64 /Users/erders/Documents/TravelTap/TravelTap/Data/Countries/Europe/Sweden/SwedenPackage.swift (in target 'TravelTap' from project 'TravelTap')
    cd /Users/erders/Documents/TravelTap
    

SwiftCompile normal arm64 /Users/erders/Documents/TravelTap/TravelTap/Data/Countries/Europe/Sweden/Cities/VisbyAttractions.swift (in target 'TravelTap' from project 'TravelTap')
    cd /Users/erders/Documents/TravelTap
    

SwiftCompile normal arm64 /Users/erders/Documents/TravelTap/TravelTap/Data/Countries/Europe/Sweden/Cities/KirunaAttractions.swift (in target 'TravelTap' from project 'TravelTap')
    cd /Users/erders/Documents/TravelTap
    

SwiftDriverJobDiscovery normal arm64 Compiling MoalboalAttractions.swift, BoholAttractions.swift, LaoagAttractions.swift, OslobAttractions.swift, CebuCityAttractions.swift, BatanesAttractions.swift, BacolodAttractions.swift, PinatuboAttractions.swift, MalapascuaAttractions.swift, SurigaoDelSurAttractions.swift, TaguigAttractions.swift, ManilaCityAttractions.swift, ZambalesAttractions.swift, CoronAttractions.swift, SamarAttractions.swift, BoracayAttractions.swift, SamalIslandAttractions.swift, ViganAttractions.swift, SibongaAttractions.swift, LeyteAttractions.swift, BaguioAttractions.swift, SiquijorAttractions.swift, BanaueAttractions.swift, MakatiAttractions.swift, PagudpudAttractions.swift (in target 'TravelTap' from project 'TravelTap')

SwiftCompile normal arm64 Compiling\ AntsirabeAttractions.swift,\ MasoalaAttractions.swift,\ IleSainteMarieAttractions.swift,\ RanomafanaAttractions.swift,\ MahajangaAttractions.swift,\ FortDauphinAttractions.swift,\ IsaloAttractions.swift,\ NosyBeAttractions.swift,\ AntsirananaAttractions.swift,\ AntananarivoAttractions.swift,\ ToamasinaAttractions.swift,\ ToliaraAttractions.swift,\ CanberraAttractions.swift,\ GreatBarrierReefAttractions.swift,\ NapierHawkesBayAttractions.swift,\ CoromandelAttractions.swift,\ BayOfIslandsAttractions.swift,\ MarlboroughAttractions.swift,\ DunedinAttractions.swift,\ NelsonAbelTasmanAttractions.swift,\ WestCoastAttractions.swift,\ WanakaAttractions.swift,\ StewartIslandAttractions.swift,\ MilfordSoundAttractions.swift,\ TaupoAttractions.swift /Users/erders/Documents/TravelTap/TravelTap/Data/Countries/Africa/EastAfrica/Madagascar/Cities/AntsirabeAttractions.swift /Users/erders/Documents/TravelTap/TravelTap/Data/Countries/Africa/EastAfrica/Madagascar/Cities/MasoalaAttractions.swift /Users/erders/Documents/TravelTap/TravelTap/Data/Countries/Africa/EastAfrica/Madagascar/Cities/IleSainteMarieAttractions.swift /Users/erders/Documents/TravelTap/TravelTap/Data/Countries/Africa/EastAfrica/Madagascar/Cities/RanomafanaAttractions.swift /Users/erders/Documents/TravelTap/TravelTap/Data/Countries/Africa/EastAfrica/Madagascar/Cities/MahajangaAttractions.swift /Users/erders/Documents/TravelTap/TravelTap/Data/Countries/Africa/EastAfrica/Madagascar/Cities/FortDauphinAttractions.swift /Users/erders/Documents/TravelTap/TravelTap/Data/Countries/Africa/EastAfrica/Madagascar/Cities/IsaloAttractions.swift /Users/erders/Documents/TravelTap/TravelTap/Data/Countries/Africa/EastAfrica/Madagascar/Cities/NosyBeAttractions.swift /Users/erders/Documents/TravelTap/TravelTap/Data/Countries/Africa/EastAfrica/Madagascar/Cities/AntsirananaAttractions.swift /Users/erders/Documents/TravelTap/TravelTap/Data/Countries/Africa/EastAfrica/Madagascar/Cities/AntananarivoAttractions.swift /Users/erders/Documents/TravelTap/TravelTap/Data/Countries/Africa/EastAfrica/Madagascar/Cities/ToamasinaAttractions.swift /Users/erders/Documents/TravelTap/TravelTap/Data/Countries/Africa/EastAfrica/Madagascar/Cities/ToliaraAttractions.swift /Users/erders/Documents/TravelTap/TravelTap/Data/Countries/Oceania/Australia/Cities/CanberraAttractions.swift /Users/erders/Documents/TravelTap/TravelTap/Data/Countries/Oceania/Australia/Cities/GreatBarrierReefAttractions.swift /Users/erders/Documents/TravelTap/TravelTap/Data/Countries/Oceania/NewZealand/Cities/NapierHawkesBayAttractions.swift /Users/erders/Documents/TravelTap/TravelTap/Data/Countries/Oceania/NewZealand/Cities/CoromandelAttractions.swift /Users/erders/Documents/TravelTap/TravelTap/Data/Countries/Oceania/NewZealand/Cities/BayOfIslandsAttractions.swift /Users/erders/Documents/TravelTap/TravelTap/Data/Countries/Oceania/NewZealand/Cities/MarlboroughAttractions.swift /Users/erders/Documents/TravelTap/TravelTap/Data/Countries/Oceania/NewZealand/Cities/DunedinAttractions.swift /Users/erders/Documents/TravelTap/TravelTap/Data/Countries/Oceania/NewZealand/Cities/NelsonAbelTasmanAttractions.swift /Users/erders/Documents/TravelTap/TravelTap/Data/Countries/Oceania/NewZealand/Cities/WestCoastAttractions.swift /Users/erders/Documents/TravelTap/TravelTap/Data/Countries/Oceania/NewZealand/Cities/WanakaAttractions.swift /Users/erders/Documents/TravelTap/TravelTap/Data/Countries/Oceania/NewZealand/Cities/StewartIslandAttractions.swift /Users/erders/Documents/TravelTap/TravelTap/Data/Countries/Oceania/NewZealand/Cities/MilfordSoundAttractions.swift /Users/erders/Documents/TravelTap/TravelTap/Data/Countries/Oceania/NewZealand/Cities/TaupoAttractions.swift (in target 'TravelTap' from project 'TravelTap')

SwiftCompile normal arm64 /Users/erders/Documents/TravelTap/TravelTap/Data/Countries/Africa/EastAfrica/Madagascar/Cities/AntsirabeAttractions.swift (in target 'TravelTap' from project 'TravelTap')
    cd /Users/erders/Documents/TravelTap
    

SwiftCompile normal arm64 /Users/erders/Documents/TravelTap/TravelTap/Data/Countries/Africa/EastAfrica/Madagascar/Cities/MasoalaAttractions.swift (in target 'TravelTap' from project 'TravelTap')
    cd /Users/erders/Documents/TravelTap
    

SwiftCompile normal arm64 /Users/erders/Documents/TravelTap/TravelTap/Data/Countries/Africa/EastAfrica/Madagascar/Cities/IleSainteMarieAttractions.swift (in target 'TravelTap' from project 'TravelTap')
    cd /Users/erders/Documents/TravelTap
    

SwiftCompile normal arm64 /Users/erders/Documents/TravelTap/TravelTap/Data/Countries/Africa/EastAfrica/Madagascar/Cities/RanomafanaAttractions.swift (in target 'TravelTap' from project 'TravelTap')
    cd /Users/erders/Documents/TravelTap
    

SwiftCompile normal arm64 /Users/erders/Documents/TravelTap/TravelTap/Data/Countries/Africa/EastAfrica/Madagascar/Cities/MahajangaAttractions.swift (in target 'TravelTap' from project 'TravelTap')
    cd /Users/erders/Documents/TravelTap
    

SwiftCompile normal arm64 /Users/erders/Documents/TravelTap/TravelTap/Data/Countries/Africa/EastAfrica/Madagascar/Cities/FortDauphinAttractions.swift (in target 'TravelTap' from project 'TravelTap')
    cd /Users/erders/Documents/TravelTap
    

SwiftCompile normal arm64 /Users/erders/Documents/TravelTap/TravelTap/Data/Countries/Africa/EastAfrica/Madagascar/Cities/IsaloAttractions.swift (in target 'TravelTap' from project 'TravelTap')
    cd /Users/erders/Documents/TravelTap
    

SwiftCompile normal arm64 /Users/erders/Documents/TravelTap/TravelTap/Data/Countries/Africa/EastAfrica/Madagascar/Cities/NosyBeAttractions.swift (in target 'TravelTap' from project 'TravelTap')
    cd /Users/erders/Documents/TravelTap
    

SwiftCompile normal arm64 /Users/erders/Documents/TravelTap/TravelTap/Data/Countries/Africa/EastAfrica/Madagascar/Cities/AntsirananaAttractions.swift (in target 'TravelTap' from project 'TravelTap')
    cd /Users/erders/Documents/TravelTap
    

SwiftCompile normal arm64 /Users/erders/Documents/TravelTap/TravelTap/Data/Countries/Africa/EastAfrica/Madagascar/Cities/AntananarivoAttractions.swift (in target 'TravelTap' from project 'TravelTap')
    cd /Users/erders/Documents/TravelTap
    

SwiftCompile normal arm64 /Users/erders/Documents/TravelTap/TravelTap/Data/Countries/Africa/EastAfrica/Madagascar/Cities/ToamasinaAttractions.swift (in target 'TravelTap' from project 'TravelTap')
    cd /Users/erders/Documents/TravelTap
    

SwiftCompile normal arm64 /Users/erders/Documents/TravelTap/TravelTap/Data/Countries/Africa/EastAfrica/Madagascar/Cities/ToliaraAttractions.swift (in target 'TravelTap' from project 'TravelTap')
    cd /Users/erders/Documents/TravelTap
    

SwiftCompile normal arm64 /Users/erders/Documents/TravelTap/TravelTap/Data/Countries/Oceania/Australia/Cities/CanberraAttractions.swift (in target 'TravelTap' from project 'TravelTap')
    cd /Users/erders/Documents/TravelTap
    

SwiftCompile normal arm64 /Users/erders/Documents/TravelTap/TravelTap/Data/Countries/Oceania/Australia/Cities/GreatBarrierReefAttractions.swift (in target 'TravelTap' from project 'TravelTap')
    cd /Users/erders/Documents/TravelTap
    

SwiftCompile normal arm64 /Users/erders/Documents/TravelTap/TravelTap/Data/Countries/Oceania/NewZealand/Cities/NapierHawkesBayAttractions.swift (in target 'TravelTap' from project 'TravelTap')
    cd /Users/erders/Documents/TravelTap
    

SwiftCompile normal arm64 /Users/erders/Documents/TravelTap/TravelTap/Data/Countries/Oceania/NewZealand/Cities/CoromandelAttractions.swift (in target 'TravelTap' from project 'TravelTap')
    cd /Users/erders/Documents/TravelTap
    

SwiftCompile normal arm64 /Users/erders/Documents/TravelTap/TravelTap/Data/Countries/Oceania/NewZealand/Cities/BayOfIslandsAttractions.swift (in target 'TravelTap' from project 'TravelTap')
    cd /Users/erders/Documents/TravelTap
    

SwiftCompile normal arm64 /Users/erders/Documents/TravelTap/TravelTap/Data/Countries/Oceania/NewZealand/Cities/MarlboroughAttractions.swift (in target 'TravelTap' from project 'TravelTap')
    cd /Users/erders/Documents/TravelTap
    

SwiftCompile normal arm64 /Users/erders/Documents/TravelTap/TravelTap/Data/Countries/Oceania/NewZealand/Cities/DunedinAttractions.swift (in target 'TravelTap' from project 'TravelTap')
    cd /Users/erders/Documents/TravelTap
    

SwiftCompile normal arm64 /Users/erders/Documents/TravelTap/TravelTap/Data/Countries/Oceania/NewZealand/Cities/NelsonAbelTasmanAttractions.swift (in target 'TravelTap' from project 'TravelTap')
    cd /Users/erders/Documents/TravelTap
    

SwiftCompile normal arm64 /Users/erders/Documents/TravelTap/TravelTap/Data/Countries/Oceania/NewZealand/Cities/WestCoastAttractions.swift (in target 'TravelTap' from project 'TravelTap')
    cd /Users/erders/Documents/TravelTap
    

SwiftCompile normal arm64 /Users/erders/Documents/TravelTap/TravelTap/Data/Countries/Oceania/NewZealand/Cities/WanakaAttractions.swift (in target 'TravelTap' from project 'TravelTap')
    cd /Users/erders/Documents/TravelTap
    

SwiftCompile normal arm64 /Users/erders/Documents/TravelTap/TravelTap/Data/Countries/Oceania/NewZealand/Cities/StewartIslandAttractions.swift (in target 'TravelTap' from project 'TravelTap')
    cd /Users/erders/Documents/TravelTap
    

SwiftCompile normal arm64 /Users/erders/Documents/TravelTap/TravelTap/Data/Countries/Oceania/NewZealand/Cities/MilfordSoundAttractions.swift (in target 'TravelTap' from project 'TravelTap')
    cd /Users/erders/Documents/TravelTap
    

SwiftCompile normal arm64 /Users/erders/Documents/TravelTap/TravelTap/Data/Countries/Oceania/NewZealand/Cities/TaupoAttractions.swift (in target 'TravelTap' from project 'TravelTap')
    cd /Users/erders/Documents/TravelTap
    

SwiftDriverJobDiscovery normal arm64 Compiling PerthshireAttractions.swift, PitlochryAttractions.swift, DundeeAttractions.swift, OuterHebridesAttractions.swift, IsleOfSkyeAttractions.swift, GlencoeAttractions.swift, LochNessAttractions.swift, DumfriesAndGallowayAttractions.swift, CairngormsAttractions.swift, ScottishBordersAttractions.swift, FortWilliamAttractions.swift, LochLomondAttractions.swift, BohemianSwitzerlandAttractions.swift, ZnojmoAttractions.swift, HradecKraloveAttractions.swift, HlubokaAttractions.swift, TrebicAttractions.swift, LoketAttractions.swift, KonopisteAttractions.swift, LitomyslAttractions.swift, OstravaAttractions.swift, RoudniceAttractions.swift, MikulovAttractions.swift, KutnaHoraAttractions.swift, LiberecAttractions.swift (in target 'TravelTap' from project 'TravelTap')

SwiftCompile normal arm64 Compiling\ KaliningradAttractions.swift,\ YekaterinburgAttractions.swift,\ PermAttractions.swift,\ LakeBaikalAttractions.swift,\ VladivostokAttractions.swift,\ KamchatkaAttractions.swift,\ KrasnodarRegionAttractions.swift,\ SanMarinoCityAttractions.swift,\ SanMarinoPackage.swift,\ EdinburghAttractions.swift,\ GlasgowAttractions.swift,\ InvernessAttractions.swift,\ StAndrewsAttractions.swift,\ ScotlandPackage.swift,\ BelgradeAttractions.swift,\ NisAttractions.swift,\ NoviSadAttractions.swift,\ SuboticaAttractions.swift,\ SerbiaPackage.swift,\ BojniceAttractions.swift,\ BratislavaAttractions.swift,\ HighTatrasAttractions.swift,\ KosiceAttractions.swift,\ SlovakiaPackage.swift,\ BledAttractions.swift /Users/erders/Documents/TravelTap/TravelTap/Data/Countries/Europe/Russia/Cities/KaliningradAttractions.swift /Users/erders/Documents/TravelTap/TravelTap/Data/Countries/Europe/Russia/Cities/YekaterinburgAttractions.swift /Users/erders/Documents/TravelTap/TravelTap/Data/Countries/Europe/Russia/Cities/PermAttractions.swift /Users/erders/Documents/TravelTap/TravelTap/Data/Countries/Europe/Russia/Cities/LakeBaikalAttractions.swift /Users/erders/Documents/TravelTap/TravelTap/Data/Countries/Europe/Russia/Cities/VladivostokAttractions.swift /Users/erders/Documents/TravelTap/TravelTap/Data/Countries/Europe/Russia/Cities/KamchatkaAttractions.swift /Users/erders/Documents/TravelTap/TravelTap/Data/Countries/Europe/Russia/Cities/KrasnodarRegionAttractions.swift /Users/erders/Documents/TravelTap/TravelTap/Data/Countries/Europe/SanMarino/Cities/SanMarinoCityAttractions.swift /Users/erders/Documents/TravelTap/TravelTap/Data/Countries/Europe/SanMarino/SanMarinoPackage.swift /Users/erders/Documents/TravelTap/TravelTap/Data/Countries/Europe/Scotland/Cities/EdinburghAttractions.swift /Users/erders/Documents/TravelTap/TravelTap/Data/Countries/Europe/Scotland/Cities/GlasgowAttractions.swift /Users/erders/Documents/TravelTap/TravelTap/Data/Countries/Europe/Scotland/Cities/InvernessAttractions.swift /Users/erders/Documents/TravelTap/TravelTap/Data/Countries/Europe/Scotland/Cities/StAndrewsAttractions.swift /Users/erders/Documents/TravelTap/TravelTap/Data/Countries/Europe/Scotland/ScotlandPackage.swift /Users/erders/Documents/TravelTap/TravelTap/Data/Countries/Europe/Serbia/Cities/BelgradeAttractions.swift /Users/erders/Documents/TravelTap/TravelTap/Data/Countries/Europe/Serbia/Cities/NisAttractions.swift /Users/erders/Documents/TravelTap/TravelTap/Data/Countries/Europe/Serbia/Cities/NoviSadAttractions.swift /Users/erders/Documents/TravelTap/TravelTap/Data/Countries/Europe/Serbia/Cities/SuboticaAttractions.swift /Users/erders/Documents/TravelTap/TravelTap/Data/Countries/Europe/Serbia/SerbiaPackage.swift /Users/erders/Documents/TravelTap/TravelTap/Data/Countries/Europe/Slovakia/Cities/BojniceAttractions.swift /Users/erders/Documents/TravelTap/TravelTap/Data/Countries/Europe/Slovakia/Cities/BratislavaAttractions.swift /Users/erders/Documents/TravelTap/TravelTap/Data/Countries/Europe/Slovakia/Cities/HighTatrasAttractions.swift /Users/erders/Documents/TravelTap/TravelTap/Data/Countries/Europe/Slovakia/Cities/KosiceAttractions.swift /Users/erders/Documents/TravelTap/TravelTap/Data/Countries/Europe/Slovakia/SlovakiaPackage.swift /Users/erders/Documents/TravelTap/TravelTap/Data/Countries/Europe/Slovenia/Cities/BledAttractions.swift (in target 'TravelTap' from project 'TravelTap')

SwiftCompile normal arm64 /Users/erders/Documents/TravelTap/TravelTap/Data/Countries/Europe/Russia/Cities/KaliningradAttractions.swift (in target 'TravelTap' from project 'TravelTap')
    cd /Users/erders/Documents/TravelTap
    

SwiftCompile normal arm64 /Users/erders/Documents/TravelTap/TravelTap/Data/Countries/Europe/Russia/Cities/YekaterinburgAttractions.swift (in target 'TravelTap' from project 'TravelTap')
    cd /Users/erders/Documents/TravelTap
    

SwiftCompile normal arm64 /Users/erders/Documents/TravelTap/TravelTap/Data/Countries/Europe/Russia/Cities/PermAttractions.swift (in target 'TravelTap' from project 'TravelTap')
    cd /Users/erders/Documents/TravelTap
    

SwiftCompile normal arm64 /Users/erders/Documents/TravelTap/TravelTap/Data/Countries/Europe/Russia/Cities/LakeBaikalAttractions.swift (in target 'TravelTap' from project 'TravelTap')
    cd /Users/erders/Documents/TravelTap
    

SwiftCompile normal arm64 /Users/erders/Documents/TravelTap/TravelTap/Data/Countries/Europe/Russia/Cities/VladivostokAttractions.swift (in target 'TravelTap' from project 'TravelTap')
    cd /Users/erders/Documents/TravelTap
    

SwiftCompile normal arm64 /Users/erders/Documents/TravelTap/TravelTap/Data/Countries/Europe/Russia/Cities/KamchatkaAttractions.swift (in target 'TravelTap' from project 'TravelTap')
    cd /Users/erders/Documents/TravelTap
    

SwiftCompile normal arm64 /Users/erders/Documents/TravelTap/TravelTap/Data/Countries/Europe/Russia/Cities/KrasnodarRegionAttractions.swift (in target 'TravelTap' from project 'TravelTap')
    cd /Users/erders/Documents/TravelTap
    

SwiftCompile normal arm64 /Users/erders/Documents/TravelTap/TravelTap/Data/Countries/Europe/SanMarino/Cities/SanMarinoCityAttractions.swift (in target 'TravelTap' from project 'TravelTap')
    cd /Users/erders/Documents/TravelTap
    

SwiftCompile normal arm64 /Users/erders/Documents/TravelTap/TravelTap/Data/Countries/Europe/SanMarino/SanMarinoPackage.swift (in target 'TravelTap' from project 'TravelTap')
    cd /Users/erders/Documents/TravelTap
    

SwiftCompile normal arm64 /Users/erders/Documents/TravelTap/TravelTap/Data/Countries/Europe/Scotland/Cities/EdinburghAttractions.swift (in target 'TravelTap' from project 'TravelTap')
    cd /Users/erders/Documents/TravelTap
    

SwiftCompile normal arm64 /Users/erders/Documents/TravelTap/TravelTap/Data/Countries/Europe/Scotland/Cities/GlasgowAttractions.swift (in target 'TravelTap' from project 'TravelTap')
    cd /Users/erders/Documents/TravelTap
    

SwiftCompile normal arm64 /Users/erders/Documents/TravelTap/TravelTap/Data/Countries/Europe/Scotland/Cities/InvernessAttractions.swift (in target 'TravelTap' from project 'TravelTap')
    cd /Users/erders/Documents/TravelTap
    

SwiftCompile normal arm64 /Users/erders/Documents/TravelTap/TravelTap/Data/Countries/Europe/Scotland/Cities/StAndrewsAttractions.swift (in target 'TravelTap' from project 'TravelTap')
    cd /Users/erders/Documents/TravelTap
    

SwiftCompile normal arm64 /Users/erders/Documents/TravelTap/TravelTap/Data/Countries/Europe/Scotland/ScotlandPackage.swift (in target 'TravelTap' from project 'TravelTap')
    cd /Users/erders/Documents/TravelTap
    

SwiftCompile normal arm64 /Users/erders/Documents/TravelTap/TravelTap/Data/Countries/Europe/Serbia/Cities/BelgradeAttractions.swift (in target 'TravelTap' from project 'TravelTap')
    cd /Users/erders/Documents/TravelTap
    

SwiftCompile normal arm64 /Users/erders/Documents/TravelTap/TravelTap/Data/Countries/Europe/Serbia/Cities/NisAttractions.swift (in target 'TravelTap' from project 'TravelTap')
    cd /Users/erders/Documents/TravelTap
    

SwiftCompile normal arm64 /Users/erders/Documents/TravelTap/TravelTap/Data/Countries/Europe/Serbia/Cities/NoviSadAttractions.swift (in target 'TravelTap' from project 'TravelTap')
    cd /Users/erders/Documents/TravelTap
    

SwiftCompile normal arm64 /Users/erders/Documents/TravelTap/TravelTap/Data/Countries/Europe/Serbia/Cities/SuboticaAttractions.swift (in target 'TravelTap' from project 'TravelTap')
    cd /Users/erders/Documents/TravelTap
    

SwiftCompile normal arm64 /Users/erders/Documents/TravelTap/TravelTap/Data/Countries/Europe/Serbia/SerbiaPackage.swift (in target 'TravelTap' from project 'TravelTap')
    cd /Users/erders/Documents/TravelTap
    

SwiftCompile normal arm64 /Users/erders/Documents/TravelTap/TravelTap/Data/Countries/Europe/Slovakia/Cities/BojniceAttractions.swift (in target 'TravelTap' from project 'TravelTap')
    cd /Users/erders/Documents/TravelTap
    

SwiftCompile normal arm64 /Users/erders/Documents/TravelTap/TravelTap/Data/Countries/Europe/Slovakia/Cities/BratislavaAttractions.swift (in target 'TravelTap' from project 'TravelTap')
    cd /Users/erders/Documents/TravelTap
    

SwiftCompile normal arm64 /Users/erders/Documents/TravelTap/TravelTap/Data/Countries/Europe/Slovakia/Cities/HighTatrasAttractions.swift (in target 'TravelTap' from project 'TravelTap')
    cd /Users/erders/Documents/TravelTap
    

SwiftCompile normal arm64 /Users/erders/Documents/TravelTap/TravelTap/Data/Countries/Europe/Slovakia/Cities/KosiceAttractions.swift (in target 'TravelTap' from project 'TravelTap')
    cd /Users/erders/Documents/TravelTap
    

SwiftCompile normal arm64 /Users/erders/Documents/TravelTap/TravelTap/Data/Countries/Europe/Slovakia/SlovakiaPackage.swift (in target 'TravelTap' from project 'TravelTap')
    cd /Users/erders/Documents/TravelTap
    

SwiftCompile normal arm64 /Users/erders/Documents/TravelTap/TravelTap/Data/Countries/Europe/Slovenia/Cities/BledAttractions.swift (in target 'TravelTap' from project 'TravelTap')
    cd /Users/erders/Documents/TravelTap
    

SwiftDriverJobDiscovery normal arm64 Compiling GenoaAttractions.swift, MantuaAttractions.swift, SienaAttractions.swift, PerugiaAttractions.swift, TriesteAttractions.swift, AlesundAttractions.swift, NorthCapeAttractions.swift, BodoAttractions.swift, KristiansandAttractions.swift, SognefjordAttractions.swift, HardangerfjordAttractions.swift, RorosAttractions.swift, LillehammerAttractions.swift, TrondheimAttractions.swift, GeirangerfjordAttractions.swift, NationalParksNorwayAttractions.swift, HammerfestAttractions.swift, StaveChurchesNorwayAttractions.swift, FredrikstadAttractions.swift, ScenicRoutesNorwayAttractions.swift, SvalbardAttractions.swift, AltaAttractions.swift, LofotenIslandsAttractions.swift, AlcobacaAttractions.swift, DouroValleyAttractions.swift (in target 'TravelTap' from project 'TravelTap')

SwiftCompile normal arm64 Compiling\ GunGaluutAttractions.swift,\ KhustainAttractions.swift,\ KhovsgolAttractions.swift,\ WesternMongoliaAttractions.swift,\ NorthernMongoliaAttractions.swift,\ TereljAttractions.swift,\ GobiAttractions.swift,\ MongoliaExperiencesAttractions.swift,\ JaffnaAttractions.swift,\ AdamsPeakAttractions.swift,\ NuwaraEliyaAttractions.swift,\ YalaAttractions.swift,\ MihintaleAttractions.swift,\ ArugamBayAttractions.swift,\ TrincomaleeAttractions.swift,\ PolonnaruwaAttractions.swift,\ MirissaAttractions.swift,\ KitulgalaAttractions.swift,\ GalleAttractions.swift,\ HikkaduwaAttractions.swift,\ YapahuwaAttractions.swift,\ EllaAttractions.swift,\ BatticaloaAttractions.swift,\ AnuradhapuraAttractions.swift,\ PinnawalaAttractions.swift /Users/erders/Documents/TravelTap/TravelTap/Data/Countries/Asia/EastAsia/Mongolia/Cities/GunGaluutAttractions.swift /Users/erders/Documents/TravelTap/TravelTap/Data/Countries/Asia/EastAsia/Mongolia/Cities/KhustainAttractions.swift /Users/erders/Documents/TravelTap/TravelTap/Data/Countries/Asia/EastAsia/Mongolia/Cities/KhovsgolAttractions.swift /Users/erders/Documents/TravelTap/TravelTap/Data/Countries/Asia/EastAsia/Mongolia/Cities/WesternMongoliaAttractions.swift /Users/erders/Documents/TravelTap/TravelTap/Data/Countries/Asia/EastAsia/Mongolia/Cities/NorthernMongoliaAttractions.swift /Users/erders/Documents/TravelTap/TravelTap/Data/Countries/Asia/EastAsia/Mongolia/Cities/TereljAttractions.swift /Users/erders/Documents/TravelTap/TravelTap/Data/Countries/Asia/EastAsia/Mongolia/Cities/GobiAttractions.swift /Users/erders/Documents/TravelTap/TravelTap/Data/Countries/Asia/EastAsia/Mongolia/Cities/MongoliaExperiencesAttractions.swift /Users/erders/Documents/TravelTap/TravelTap/Data/Countries/Asia/SouthAsia/SriLanka/Cities/JaffnaAttractions.swift /Users/erders/Documents/TravelTap/TravelTap/Data/Countries/Asia/SouthAsia/SriLanka/Cities/AdamsPeakAttractions.swift /Users/erders/Documents/TravelTap/TravelTap/Data/Countries/Asia/SouthAsia/SriLanka/Cities/NuwaraEliyaAttractions.swift /Users/erders/Documents/TravelTap/TravelTap/Data/Countries/Asia/SouthAsia/SriLanka/Cities/YalaAttractions.swift /Users/erders/Documents/TravelTap/TravelTap/Data/Countries/Asia/SouthAsia/SriLanka/Cities/MihintaleAttractions.swift /Users/erders/Documents/TravelTap/TravelTap/Data/Countries/Asia/SouthAsia/SriLanka/Cities/ArugamBayAttractions.swift /Users/erders/Documents/TravelTap/TravelTap/Data/Countries/Asia/SouthAsia/SriLanka/Cities/TrincomaleeAttractions.swift /Users/erders/Documents/TravelTap/TravelTap/Data/Countries/Asia/SouthAsia/SriLanka/Cities/PolonnaruwaAttractions.swift /Users/erders/Documents/TravelTap/TravelTap/Data/Countries/Asia/SouthAsia/SriLanka/Cities/MirissaAttractions.swift /Users/erders/Documents/TravelTap/TravelTap/Data/Countries/Asia/SouthAsia/SriLanka/Cities/KitulgalaAttractions.swift /Users/erders/Documents/TravelTap/TravelTap/Data/Countries/Asia/SouthAsia/SriLanka/Cities/GalleAttractions.swift /Users/erders/Documents/TravelTap/TravelTap/Data/Countries/Asia/SouthAsia/SriLanka/Cities/HikkaduwaAttractions.swift /Users/erders/Documents/TravelTap/TravelTap/Data/Countries/Asia/SouthAsia/SriLanka/Cities/YapahuwaAttractions.swift /Users/erders/Documents/TravelTap/TravelTap/Data/Countries/Asia/SouthAsia/SriLanka/Cities/EllaAttractions.swift /Users/erders/Documents/TravelTap/TravelTap/Data/Countries/Asia/SouthAsia/SriLanka/Cities/BatticaloaAttractions.swift /Users/erders/Documents/TravelTap/TravelTap/Data/Countries/Asia/SouthAsia/SriLanka/Cities/AnuradhapuraAttractions.swift /Users/erders/Documents/TravelTap/TravelTap/Data/Countries/Asia/SouthAsia/SriLanka/Cities/PinnawalaAttractions.swift (in target 'TravelTap' from project 'TravelTap')

SwiftCompile normal arm64 /Users/erders/Documents/TravelTap/TravelTap/Data/Countries/Asia/EastAsia/Mongolia/Cities/GunGaluutAttractions.swift (in target 'TravelTap' from project 'TravelTap')
    cd /Users/erders/Documents/TravelTap
    

SwiftCompile normal arm64 /Users/erders/Documents/TravelTap/TravelTap/Data/Countries/Asia/EastAsia/Mongolia/Cities/KhustainAttractions.swift (in target 'TravelTap' from project 'TravelTap')
    cd /Users/erders/Documents/TravelTap
    

SwiftCompile normal arm64 /Users/erders/Documents/TravelTap/TravelTap/Data/Countries/Asia/EastAsia/Mongolia/Cities/KhovsgolAttractions.swift (in target 'TravelTap' from project 'TravelTap')
    cd /Users/erders/Documents/TravelTap
    

SwiftCompile normal arm64 /Users/erders/Documents/TravelTap/TravelTap/Data/Countries/Asia/EastAsia/Mongolia/Cities/WesternMongoliaAttractions.swift (in target 'TravelTap' from project 'TravelTap')
    cd /Users/erders/Documents/TravelTap
    

SwiftCompile normal arm64 /Users/erders/Documents/TravelTap/TravelTap/Data/Countries/Asia/EastAsia/Mongolia/Cities/NorthernMongoliaAttractions.swift (in target 'TravelTap' from project 'TravelTap')
    cd /Users/erders/Documents/TravelTap
    

SwiftCompile normal arm64 /Users/erders/Documents/TravelTap/TravelTap/Data/Countries/Asia/EastAsia/Mongolia/Cities/TereljAttractions.swift (in target 'TravelTap' from project 'TravelTap')
    cd /Users/erders/Documents/TravelTap
    

SwiftCompile normal arm64 /Users/erders/Documents/TravelTap/TravelTap/Data/Countries/Asia/EastAsia/Mongolia/Cities/GobiAttractions.swift (in target 'TravelTap' from project 'TravelTap')
    cd /Users/erders/Documents/TravelTap
    

SwiftCompile normal arm64 /Users/erders/Documents/TravelTap/TravelTap/Data/Countries/Asia/EastAsia/Mongolia/Cities/MongoliaExperiencesAttractions.swift (in target 'TravelTap' from project 'TravelTap')
    cd /Users/erders/Documents/TravelTap
    

SwiftCompile normal arm64 /Users/erders/Documents/TravelTap/TravelTap/Data/Countries/Asia/SouthAsia/SriLanka/Cities/JaffnaAttractions.swift (in target 'TravelTap' from project 'TravelTap')
    cd /Users/erders/Documents/TravelTap
    

SwiftCompile normal arm64 /Users/erders/Documents/TravelTap/TravelTap/Data/Countries/Asia/SouthAsia/SriLanka/Cities/AdamsPeakAttractions.swift (in target 'TravelTap' from project 'TravelTap')
    cd /Users/erders/Documents/TravelTap
    

SwiftCompile normal arm64 /Users/erders/Documents/TravelTap/TravelTap/Data/Countries/Asia/SouthAsia/SriLanka/Cities/NuwaraEliyaAttractions.swift (in target 'TravelTap' from project 'TravelTap')
    cd /Users/erders/Documents/TravelTap
    

SwiftCompile normal arm64 /Users/erders/Documents/TravelTap/TravelTap/Data/Countries/Asia/SouthAsia/SriLanka/Cities/YalaAttractions.swift (in target 'TravelTap' from project 'TravelTap')
    cd /Users/erders/Documents/TravelTap
    

SwiftCompile normal arm64 /Users/erders/Documents/TravelTap/TravelTap/Data/Countries/Asia/SouthAsia/SriLanka/Cities/MihintaleAttractions.swift (in target 'TravelTap' from project 'TravelTap')
    cd /Users/erders/Documents/TravelTap
    

SwiftCompile normal arm64 /Users/erders/Documents/TravelTap/TravelTap/Data/Countries/Asia/SouthAsia/SriLanka/Cities/ArugamBayAttractions.swift (in target 'TravelTap' from project 'TravelTap')
    cd /Users/erders/Documents/TravelTap
    

SwiftCompile normal arm64 /Users/erders/Documents/TravelTap/TravelTap/Data/Countries/Asia/SouthAsia/SriLanka/Cities/TrincomaleeAttractions.swift (in target 'TravelTap' from project 'TravelTap')
    cd /Users/erders/Documents/TravelTap
    

SwiftCompile normal arm64 /Users/erders/Documents/TravelTap/TravelTap/Data/Countries/Asia/SouthAsia/SriLanka/Cities/PolonnaruwaAttractions.swift (in target 'TravelTap' from project 'TravelTap')
    cd /Users/erders/Documents/TravelTap
    

SwiftCompile normal arm64 /Users/erders/Documents/TravelTap/TravelTap/Data/Countries/Asia/SouthAsia/SriLanka/Cities/MirissaAttractions.swift (in target 'TravelTap' from project 'TravelTap')
    cd /Users/erders/Documents/TravelTap
    

SwiftCompile normal arm64 /Users/erders/Documents/TravelTap/TravelTap/Data/Countries/Asia/SouthAsia/SriLanka/Cities/KitulgalaAttractions.swift (in target 'TravelTap' from project 'TravelTap')
    cd /Users/erders/Documents/TravelTap
    

SwiftCompile normal arm64 /Users/erders/Documents/TravelTap/TravelTap/Data/Countries/Asia/SouthAsia/SriLanka/Cities/GalleAttractions.swift (in target 'TravelTap' from project 'TravelTap')
    cd /Users/erders/Documents/TravelTap
    

SwiftCompile normal arm64 /Users/erders/Documents/TravelTap/TravelTap/Data/Countries/Asia/SouthAsia/SriLanka/Cities/HikkaduwaAttractions.swift (in target 'TravelTap' from project 'TravelTap')
    cd /Users/erders/Documents/TravelTap
    

SwiftCompile normal arm64 /Users/erders/Documents/TravelTap/TravelTap/Data/Countries/Asia/SouthAsia/SriLanka/Cities/YapahuwaAttractions.swift (in target 'TravelTap' from project 'TravelTap')
    cd /Users/erders/Documents/TravelTap
    

SwiftCompile normal arm64 /Users/erders/Documents/TravelTap/TravelTap/Data/Countries/Asia/SouthAsia/SriLanka/Cities/EllaAttractions.swift (in target 'TravelTap' from project 'TravelTap')
    cd /Users/erders/Documents/TravelTap
    

SwiftCompile normal arm64 /Users/erders/Documents/TravelTap/TravelTap/Data/Countries/Asia/SouthAsia/SriLanka/Cities/BatticaloaAttractions.swift (in target 'TravelTap' from project 'TravelTap')
    cd /Users/erders/Documents/TravelTap
    

SwiftCompile normal arm64 /Users/erders/Documents/TravelTap/TravelTap/Data/Countries/Asia/SouthAsia/SriLanka/Cities/AnuradhapuraAttractions.swift (in target 'TravelTap' from project 'TravelTap')
    cd /Users/erders/Documents/TravelTap
    

SwiftCompile normal arm64 /Users/erders/Documents/TravelTap/TravelTap/Data/Countries/Asia/SouthAsia/SriLanka/Cities/PinnawalaAttractions.swift (in target 'TravelTap' from project 'TravelTap')
    cd /Users/erders/Documents/TravelTap
    

SwiftDriverJobDiscovery normal arm64 Compiling VeronaAttractions.swift, ItalyPackage.swift, GjakovaAttractions.swift, PejaAttractions.swift, PristinaAttractions.swift, PrizrenAttractions.swift, KosovoPackage.swift, CesisAttractions.swift, JurmalaAttractions.swift, RigaAttractions.swift, SiguldaAttractions.swift, LatviaPackage.swift, BalzersAttractions.swift, MalbunAttractions.swift, VaduzAttractions.swift, LiechtensteinPackage.swift, KaunasAttractions.swift, KlaipedaAttractions.swift, SiauliaiAttractions.swift, TrakaiAttractions.swift, VilniusAttractions.swift, LithuaniaPackage.swift, EchternachAttractions.swift, LuxembourgCityAttractions.swift, ViandenAttractions.swift (in target 'TravelTap' from project 'TravelTap')

SwiftCompile normal arm64 Compiling\ HaarlemAttractions.swift,\ GroningenAttractions.swift,\ GoudaAttractions.swift,\ DeventerAttractions.swift,\ WaddenIslandsAttractions.swift,\ AmersfoortAttractions.swift,\ LeeuwardenAttractions.swift,\ DordrechtAttractions.swift,\ NotablePlacesNetherlandsAttractions.swift,\ DelphiAttractions.swift,\ LesbosAttractions.swift,\ KosAttractions.swift,\ ZakynthosAttractions.swift,\ SkopelosAttractions.swift,\ SamosAttractions.swift,\ HydraAttractions.swift,\ FolegandrosAttractions.swift,\ SyrosAttractions.swift,\ NaxosAttractions.swift,\ PatmosAttractions.swift,\ PeloponneseAttractions.swift,\ KefaloniaAttractions.swift,\ TinosAttractions.swift,\ SerifosAttractions.swift,\ OlympiaAttractions.swift /Users/erders/Documents/TravelTap/TravelTap/Data/Countries/Europe/Netherlands/Cities/HaarlemAttractions.swift /Users/erders/Documents/TravelTap/TravelTap/Data/Countries/Europe/Netherlands/Cities/GroningenAttractions.swift /Users/erders/Documents/TravelTap/TravelTap/Data/Countries/Europe/Netherlands/Cities/GoudaAttractions.swift /Users/erders/Documents/TravelTap/TravelTap/Data/Countries/Europe/Netherlands/Cities/DeventerAttractions.swift /Users/erders/Documents/TravelTap/TravelTap/Data/Countries/Europe/Netherlands/Cities/WaddenIslandsAttractions.swift /Users/erders/Documents/TravelTap/TravelTap/Data/Countries/Europe/Netherlands/Cities/AmersfoortAttractions.swift /Users/erders/Documents/TravelTap/TravelTap/Data/Countries/Europe/Netherlands/Cities/LeeuwardenAttractions.swift /Users/erders/Documents/TravelTap/TravelTap/Data/Countries/Europe/Netherlands/Cities/DordrechtAttractions.swift /Users/erders/Documents/TravelTap/TravelTap/Data/Countries/Europe/Netherlands/Cities/NotablePlacesNetherlandsAttractions.swift /Users/erders/Documents/TravelTap/TravelTap/Data/Countries/Europe/Greece/Cities/DelphiAttractions.swift /Users/erders/Documents/TravelTap/TravelTap/Data/Countries/Europe/Greece/Cities/LesbosAttractions.swift /Users/erders/Documents/TravelTap/TravelTap/Data/Countries/Europe/Greece/Cities/KosAttractions.swift /Users/erders/Documents/TravelTap/TravelTap/Data/Countries/Europe/Greece/Cities/ZakynthosAttractions.swift /Users/erders/Documents/TravelTap/TravelTap/Data/Countries/Europe/Greece/Cities/SkopelosAttractions.swift /Users/erders/Documents/TravelTap/TravelTap/Data/Countries/Europe/Greece/Cities/SamosAttractions.swift /Users/erders/Documents/TravelTap/TravelTap/Data/Countries/Europe/Greece/Cities/HydraAttractions.swift /Users/erders/Documents/TravelTap/TravelTap/Data/Countries/Europe/Greece/Cities/FolegandrosAttractions.swift /Users/erders/Documents/TravelTap/TravelTap/Data/Countries/Europe/Greece/Cities/SyrosAttractions.swift /Users/erders/Documents/TravelTap/TravelTap/Data/Countries/Europe/Greece/Cities/NaxosAttractions.swift /Users/erders/Documents/TravelTap/TravelTap/Data/Countries/Europe/Greece/Cities/PatmosAttractions.swift /Users/erders/Documents/TravelTap/TravelTap/Data/Countries/Europe/Greece/Cities/PeloponneseAttractions.swift /Users/erders/Documents/TravelTap/TravelTap/Data/Countries/Europe/Greece/Cities/KefaloniaAttractions.swift /Users/erders/Documents/TravelTap/TravelTap/Data/Countries/Europe/Greece/Cities/TinosAttractions.swift /Users/erders/Documents/TravelTap/TravelTap/Data/Countries/Europe/Greece/Cities/SerifosAttractions.swift /Users/erders/Documents/TravelTap/TravelTap/Data/Countries/Europe/Greece/Cities/OlympiaAttractions.swift (in target 'TravelTap' from project 'TravelTap')

SwiftCompile normal arm64 /Users/erders/Documents/TravelTap/TravelTap/Data/Countries/Europe/Netherlands/Cities/HaarlemAttractions.swift (in target 'TravelTap' from project 'TravelTap')
    cd /Users/erders/Documents/TravelTap
    

SwiftCompile normal arm64 /Users/erders/Documents/TravelTap/TravelTap/Data/Countries/Europe/Netherlands/Cities/GroningenAttractions.swift (in target 'TravelTap' from project 'TravelTap')
    cd /Users/erders/Documents/TravelTap
    

SwiftCompile normal arm64 /Users/erders/Documents/TravelTap/TravelTap/Data/Countries/Europe/Netherlands/Cities/GoudaAttractions.swift (in target 'TravelTap' from project 'TravelTap')
    cd /Users/erders/Documents/TravelTap
    

SwiftCompile normal arm64 /Users/erders/Documents/TravelTap/TravelTap/Data/Countries/Europe/Netherlands/Cities/DeventerAttractions.swift (in target 'TravelTap' from project 'TravelTap')
    cd /Users/erders/Documents/TravelTap
    

SwiftCompile normal arm64 /Users/erders/Documents/TravelTap/TravelTap/Data/Countries/Europe/Netherlands/Cities/WaddenIslandsAttractions.swift (in target 'TravelTap' from project 'TravelTap')
    cd /Users/erders/Documents/TravelTap
    

SwiftCompile normal arm64 /Users/erders/Documents/TravelTap/TravelTap/Data/Countries/Europe/Netherlands/Cities/AmersfoortAttractions.swift (in target 'TravelTap' from project 'TravelTap')
    cd /Users/erders/Documents/TravelTap
    

SwiftCompile normal arm64 /Users/erders/Documents/TravelTap/TravelTap/Data/Countries/Europe/Netherlands/Cities/LeeuwardenAttractions.swift (in target 'TravelTap' from project 'TravelTap')
    cd /Users/erders/Documents/TravelTap
    

SwiftCompile normal arm64 /Users/erders/Documents/TravelTap/TravelTap/Data/Countries/Europe/Netherlands/Cities/DordrechtAttractions.swift (in target 'TravelTap' from project 'TravelTap')
    cd /Users/erders/Documents/TravelTap
    

SwiftCompile normal arm64 /Users/erders/Documents/TravelTap/TravelTap/Data/Countries/Europe/Netherlands/Cities/NotablePlacesNetherlandsAttractions.swift (in target 'TravelTap' from project 'TravelTap')
    cd /Users/erders/Documents/TravelTap
    

SwiftCompile normal arm64 /Users/erders/Documents/TravelTap/TravelTap/Data/Countries/Europe/Greece/Cities/DelphiAttractions.swift (in target 'TravelTap' from project 'TravelTap')
    cd /Users/erders/Documents/TravelTap
    

SwiftCompile normal arm64 /Users/erders/Documents/TravelTap/TravelTap/Data/Countries/Europe/Greece/Cities/LesbosAttractions.swift (in target 'TravelTap' from project 'TravelTap')
    cd /Users/erders/Documents/TravelTap
    

SwiftCompile normal arm64 /Users/erders/Documents/TravelTap/TravelTap/Data/Countries/Europe/Greece/Cities/KosAttractions.swift (in target 'TravelTap' from project 'TravelTap')
    cd /Users/erders/Documents/TravelTap
    

SwiftCompile normal arm64 /Users/erders/Documents/TravelTap/TravelTap/Data/Countries/Europe/Greece/Cities/ZakynthosAttractions.swift (in target 'TravelTap' from project 'TravelTap')
    cd /Users/erders/Documents/TravelTap
    

SwiftCompile normal arm64 /Users/erders/Documents/TravelTap/TravelTap/Data/Countries/Europe/Greece/Cities/SkopelosAttractions.swift (in target 'TravelTap' from project 'TravelTap')
    cd /Users/erders/Documents/TravelTap
    

SwiftCompile normal arm64 /Users/erders/Documents/TravelTap/TravelTap/Data/Countries/Europe/Greece/Cities/SamosAttractions.swift (in target 'TravelTap' from project 'TravelTap')
    cd /Users/erders/Documents/TravelTap
    

SwiftCompile normal arm64 /Users/erders/Documents/TravelTap/TravelTap/Data/Countries/Europe/Greece/Cities/HydraAttractions.swift (in target 'TravelTap' from project 'TravelTap')
    cd /Users/erders/Documents/TravelTap
    

SwiftCompile normal arm64 /Users/erders/Documents/TravelTap/TravelTap/Data/Countries/Europe/Greece/Cities/FolegandrosAttractions.swift (in target 'TravelTap' from project 'TravelTap')
    cd /Users/erders/Documents/TravelTap
    

SwiftCompile normal arm64 /Users/erders/Documents/TravelTap/TravelTap/Data/Countries/Europe/Greece/Cities/SyrosAttractions.swift (in target 'TravelTap' from project 'TravelTap')
    cd /Users/erders/Documents/TravelTap
    

SwiftCompile normal arm64 /Users/erders/Documents/TravelTap/TravelTap/Data/Countries/Europe/Greece/Cities/NaxosAttractions.swift (in target 'TravelTap' from project 'TravelTap')
    cd /Users/erders/Documents/TravelTap
    

SwiftCompile normal arm64 /Users/erders/Documents/TravelTap/TravelTap/Data/Countries/Europe/Greece/Cities/PatmosAttractions.swift (in target 'TravelTap' from project 'TravelTap')
    cd /Users/erders/Documents/TravelTap
    

SwiftCompile normal arm64 /Users/erders/Documents/TravelTap/TravelTap/Data/Countries/Europe/Greece/Cities/PeloponneseAttractions.swift (in target 'TravelTap' from project 'TravelTap')
    cd /Users/erders/Documents/TravelTap
    

SwiftCompile normal arm64 /Users/erders/Documents/TravelTap/TravelTap/Data/Countries/Europe/Greece/Cities/KefaloniaAttractions.swift (in target 'TravelTap' from project 'TravelTap')
    cd /Users/erders/Documents/TravelTap
    

SwiftCompile normal arm64 /Users/erders/Documents/TravelTap/TravelTap/Data/Countries/Europe/Greece/Cities/TinosAttractions.swift (in target 'TravelTap' from project 'TravelTap')
    cd /Users/erders/Documents/TravelTap
    

SwiftCompile normal arm64 /Users/erders/Documents/TravelTap/TravelTap/Data/Countries/Europe/Greece/Cities/SerifosAttractions.swift (in target 'TravelTap' from project 'TravelTap')
    cd /Users/erders/Documents/TravelTap
    

SwiftCompile normal arm64 /Users/erders/Documents/TravelTap/TravelTap/Data/Countries/Europe/Greece/Cities/OlympiaAttractions.swift (in target 'TravelTap' from project 'TravelTap')
    cd /Users/erders/Documents/TravelTap
    

SwiftDriverJobDiscovery normal arm64 Compiling UruguayPackage.swift, BarquisimetoAttractions.swift, CanaimaAttractions.swift, CaracasAttractions.swift, ChoroniAttractions.swift, CiudadBolivarAttractions.swift, ColoniaTovarAttractions.swift, CoroAttractions.swift, GranSabanaAttractions.swift, IslaMargaritaAttractions.swift, LosRoquesAttractions.swift, MaracaiboAttractions.swift, MochimaAttractions.swift, MorrocoyAttractions.swift, OrinocoDeltaAttractions.swift, VenezuelaPackage.swift, WestBengalAttractions.swift, HimachalPradeshAttractions.swift, RajasthanAttractions.swift, OdishaAttractions.swift, UttarakhandAttractions.swift, GujaratAttractions.swift, TamilNaduAttractions.swift, AndamanAttractions.swift, NortheastIndiaAttractions.swift (in target 'TravelTap' from project 'TravelTap')

SwiftCompile normal arm64 Compiling\ EtretatAttractions.swift,\ AntibesAttractions.swift,\ AixEnProvenceAttractions.swift,\ NimesAttractions.swift,\ BiarritzAttractions.swift,\ SaintMaloAttractions.swift,\ VersaillesAttractions.swift,\ NantesAttractions.swift,\ BayonneAttractions.swift,\ RouenAttractions.swift,\ MontpellierAttractions.swift,\ DijonAttractions.swift,\ RennesAttractions.swift,\ ArlesAttractions.swift,\ AvignonAttractions.swift,\ BrightonAttractions.swift,\ PeakDistrictAttractions.swift,\ DurhamAttractions.swift,\ PortsmouthAttractions.swift,\ StratfordUponAvonAttractions.swift,\ BristolAttractions.swift,\ PlymouthAttractions.swift,\ NorwichAttractions.swift,\ ExeterAttractions.swift,\ BathAttractions.swift /Users/erders/Documents/TravelTap/TravelTap/Data/Countries/Europe/France/Cities/EtretatAttractions.swift /Users/erders/Documents/TravelTap/TravelTap/Data/Countries/Europe/France/Cities/AntibesAttractions.swift /Users/erders/Documents/TravelTap/TravelTap/Data/Countries/Europe/France/Cities/AixEnProvenceAttractions.swift /Users/erders/Documents/TravelTap/TravelTap/Data/Countries/Europe/France/Cities/NimesAttractions.swift /Users/erders/Documents/TravelTap/TravelTap/Data/Countries/Europe/France/Cities/BiarritzAttractions.swift /Users/erders/Documents/TravelTap/TravelTap/Data/Countries/Europe/France/Cities/SaintMaloAttractions.swift /Users/erders/Documents/TravelTap/TravelTap/Data/Countries/Europe/France/Cities/VersaillesAttractions.swift /Users/erders/Documents/TravelTap/TravelTap/Data/Countries/Europe/France/Cities/NantesAttractions.swift /Users/erders/Documents/TravelTap/TravelTap/Data/Countries/Europe/France/Cities/BayonneAttractions.swift /Users/erders/Documents/TravelTap/TravelTap/Data/Countries/Europe/France/Cities/RouenAttractions.swift /Users/erders/Documents/TravelTap/TravelTap/Data/Countries/Europe/France/Cities/MontpellierAttractions.swift /Users/erders/Documents/TravelTap/TravelTap/Data/Countries/Europe/France/Cities/DijonAttractions.swift /Users/erders/Documents/TravelTap/TravelTap/Data/Countries/Europe/France/Cities/RennesAttractions.swift /Users/erders/Documents/TravelTap/TravelTap/Data/Countries/Europe/France/Cities/ArlesAttractions.swift /Users/erders/Documents/TravelTap/TravelTap/Data/Countries/Europe/France/Cities/AvignonAttractions.swift /Users/erders/Documents/TravelTap/TravelTap/Data/Countries/Europe/England/Cities/BrightonAttractions.swift /Users/erders/Documents/TravelTap/TravelTap/Data/Countries/Europe/England/Cities/PeakDistrictAttractions.swift /Users/erders/Documents/TravelTap/TravelTap/Data/Countries/Europe/England/Cities/DurhamAttractions.swift /Users/erders/Documents/TravelTap/TravelTap/Data/Countries/Europe/England/Cities/PortsmouthAttractions.swift /Users/erders/Documents/TravelTap/TravelTap/Data/Countries/Europe/England/Cities/StratfordUponAvonAttractions.swift /Users/erders/Documents/TravelTap/TravelTap/Data/Countries/Europe/England/Cities/BristolAttractions.swift /Users/erders/Documents/TravelTap/TravelTap/Data/Countries/Europe/England/Cities/PlymouthAttractions.swift /Users/erders/Documents/TravelTap/TravelTap/Data/Countries/Europe/England/Cities/NorwichAttractions.swift /Users/erders/Documents/TravelTap/TravelTap/Data/Countries/Europe/England/Cities/ExeterAttractions.swift /Users/erders/Documents/TravelTap/TravelTap/Data/Countries/Europe/England/Cities/BathAttractions.swift (in target 'TravelTap' from project 'TravelTap')

SwiftCompile normal arm64 /Users/erders/Documents/TravelTap/TravelTap/Data/Countries/Europe/France/Cities/EtretatAttractions.swift (in target 'TravelTap' from project 'TravelTap')
    cd /Users/erders/Documents/TravelTap
    

SwiftCompile normal arm64 /Users/erders/Documents/TravelTap/TravelTap/Data/Countries/Europe/France/Cities/AntibesAttractions.swift (in target 'TravelTap' from project 'TravelTap')
    cd /Users/erders/Documents/TravelTap
    

SwiftCompile normal arm64 /Users/erders/Documents/TravelTap/TravelTap/Data/Countries/Europe/France/Cities/AixEnProvenceAttractions.swift (in target 'TravelTap' from project 'TravelTap')
    cd /Users/erders/Documents/TravelTap
    

SwiftCompile normal arm64 /Users/erders/Documents/TravelTap/TravelTap/Data/Countries/Europe/France/Cities/NimesAttractions.swift (in target 'TravelTap' from project 'TravelTap')
    cd /Users/erders/Documents/TravelTap
    

SwiftCompile normal arm64 /Users/erders/Documents/TravelTap/TravelTap/Data/Countries/Europe/France/Cities/BiarritzAttractions.swift (in target 'TravelTap' from project 'TravelTap')
    cd /Users/erders/Documents/TravelTap
    

SwiftCompile normal arm64 /Users/erders/Documents/TravelTap/TravelTap/Data/Countries/Europe/France/Cities/SaintMaloAttractions.swift (in target 'TravelTap' from project 'TravelTap')
    cd /Users/erders/Documents/TravelTap
    

SwiftCompile normal arm64 /Users/erders/Documents/TravelTap/TravelTap/Data/Countries/Europe/France/Cities/VersaillesAttractions.swift (in target 'TravelTap' from project 'TravelTap')
    cd /Users/erders/Documents/TravelTap
    

SwiftCompile normal arm64 /Users/erders/Documents/TravelTap/TravelTap/Data/Countries/Europe/France/Cities/NantesAttractions.swift (in target 'TravelTap' from project 'TravelTap')
    cd /Users/erders/Documents/TravelTap
    

SwiftCompile normal arm64 /Users/erders/Documents/TravelTap/TravelTap/Data/Countries/Europe/France/Cities/BayonneAttractions.swift (in target 'TravelTap' from project 'TravelTap')
    cd /Users/erders/Documents/TravelTap
    

SwiftCompile normal arm64 /Users/erders/Documents/TravelTap/TravelTap/Data/Countries/Europe/France/Cities/RouenAttractions.swift (in target 'TravelTap' from project 'TravelTap')
    cd /Users/erders/Documents/TravelTap
    

SwiftCompile normal arm64 /Users/erders/Documents/TravelTap/TravelTap/Data/Countries/Europe/France/Cities/MontpellierAttractions.swift (in target 'TravelTap' from project 'TravelTap')
    cd /Users/erders/Documents/TravelTap
    

SwiftCompile normal arm64 /Users/erders/Documents/TravelTap/TravelTap/Data/Countries/Europe/France/Cities/DijonAttractions.swift (in target 'TravelTap' from project 'TravelTap')
    cd /Users/erders/Documents/TravelTap
    

SwiftCompile normal arm64 /Users/erders/Documents/TravelTap/TravelTap/Data/Countries/Europe/France/Cities/RennesAttractions.swift (in target 'TravelTap' from project 'TravelTap')
    cd /Users/erders/Documents/TravelTap
    

SwiftCompile normal arm64 /Users/erders/Documents/TravelTap/TravelTap/Data/Countries/Europe/France/Cities/ArlesAttractions.swift (in target 'TravelTap' from project 'TravelTap')
    cd /Users/erders/Documents/TravelTap
    

SwiftCompile normal arm64 /Users/erders/Documents/TravelTap/TravelTap/Data/Countries/Europe/France/Cities/AvignonAttractions.swift (in target 'TravelTap' from project 'TravelTap')
    cd /Users/erders/Documents/TravelTap
    

SwiftCompile normal arm64 /Users/erders/Documents/TravelTap/TravelTap/Data/Countries/Europe/England/Cities/BrightonAttractions.swift (in target 'TravelTap' from project 'TravelTap')
    cd /Users/erders/Documents/TravelTap
    

SwiftCompile normal arm64 /Users/erders/Documents/TravelTap/TravelTap/Data/Countries/Europe/England/Cities/PeakDistrictAttractions.swift (in target 'TravelTap' from project 'TravelTap')
    cd /Users/erders/Documents/TravelTap
    

SwiftCompile normal arm64 /Users/erders/Documents/TravelTap/TravelTap/Data/Countries/Europe/England/Cities/DurhamAttractions.swift (in target 'TravelTap' from project 'TravelTap')
    cd /Users/erders/Documents/TravelTap
    

SwiftCompile normal arm64 /Users/erders/Documents/TravelTap/TravelTap/Data/Countries/Europe/England/Cities/PortsmouthAttractions.swift (in target 'TravelTap' from project 'TravelTap')
    cd /Users/erders/Documents/TravelTap
    

SwiftCompile normal arm64 /Users/erders/Documents/TravelTap/TravelTap/Data/Countries/Europe/England/Cities/StratfordUponAvonAttractions.swift (in target 'TravelTap' from project 'TravelTap')
    cd /Users/erders/Documents/TravelTap
    

SwiftCompile normal arm64 /Users/erders/Documents/TravelTap/TravelTap/Data/Countries/Europe/England/Cities/BristolAttractions.swift (in target 'TravelTap' from project 'TravelTap')
    cd /Users/erders/Documents/TravelTap
    

SwiftCompile normal arm64 /Users/erders/Documents/TravelTap/TravelTap/Data/Countries/Europe/England/Cities/PlymouthAttractions.swift (in target 'TravelTap' from project 'TravelTap')
    cd /Users/erders/Documents/TravelTap
    

SwiftCompile normal arm64 /Users/erders/Documents/TravelTap/TravelTap/Data/Countries/Europe/England/Cities/NorwichAttractions.swift (in target 'TravelTap' from project 'TravelTap')
    cd /Users/erders/Documents/TravelTap
    

SwiftCompile normal arm64 /Users/erders/Documents/TravelTap/TravelTap/Data/Countries/Europe/England/Cities/ExeterAttractions.swift (in target 'TravelTap' from project 'TravelTap')
    cd /Users/erders/Documents/TravelTap
    

SwiftCompile normal arm64 /Users/erders/Documents/TravelTap/TravelTap/Data/Countries/Europe/England/Cities/BathAttractions.swift (in target 'TravelTap' from project 'TravelTap')
    cd /Users/erders/Documents/TravelTap
    

SwiftDriverJobDiscovery normal arm64 Compiling HunzaAttractions.swift, IslamabadAttractions.swift, KarachiAttractions.swift, LahoreAttractions.swift, SkarduAttractions.swift, SwatAttractions.swift, PakistanPackage.swift, ColomboAttractions.swift, KandyAttractions.swift, SriLankaPackage.swift, BruneiPackage.swift, BandarSeriBegawanAttractions.swift, BelaitAttractions.swift, TemburongAttractions.swift, TutongAttractions.swift, CambodiaPackage.swift, BattambangAttractions.swift, KampotAttractions.swift, KepAttractions.swift, KratieAttractions.swift, MondulkiriAttractions.swift, PhnomPenhAttractions.swift, RatanakiriAttractions.swift, SiemReapAttractions.swift, SihanoukvilleAttractions.swift (in target 'TravelTap' from project 'TravelTap')

SwiftCompile normal arm64 Compiling\ SallaAttractions.swift,\ SavonlinnaAttractions.swift,\ KuopioAttractions.swift,\ JyvaskylaAttractions.swift,\ MikkeliAttractions.swift,\ LappeenrantaAttractions.swift,\ PorvooAttractions.swift,\ RaumaAttractions.swift,\ OuluAttractions.swift,\ VaasaAttractions.swift,\ AlandAttractions.swift,\ HankoAttractions.swift,\ FiskarsAttractions.swift,\ KotkaAttractions.swift,\ HaminaAttractions.swift,\ LahtiAttractions.swift,\ NaantaliAttractions.swift,\ HameenlinnaAttractions.swift,\ KoliAttractions.swift,\ RepovesiAttractions.swift,\ LemmenjokiAttractions.swift,\ OulankaAttractions.swift,\ NuuksioAttractions.swift,\ AlbiAttractions.swift,\ AnnecyAttractions.swift /Users/erders/Documents/TravelTap/TravelTap/Data/Countries/Europe/Finland/Cities/SallaAttractions.swift /Users/erders/Documents/TravelTap/TravelTap/Data/Countries/Europe/Finland/Cities/SavonlinnaAttractions.swift /Users/erders/Documents/TravelTap/TravelTap/Data/Countries/Europe/Finland/Cities/KuopioAttractions.swift /Users/erders/Documents/TravelTap/TravelTap/Data/Countries/Europe/Finland/Cities/JyvaskylaAttractions.swift /Users/erders/Documents/TravelTap/TravelTap/Data/Countries/Europe/Finland/Cities/MikkeliAttractions.swift /Users/erders/Documents/TravelTap/TravelTap/Data/Countries/Europe/Finland/Cities/LappeenrantaAttractions.swift /Users/erders/Documents/TravelTap/TravelTap/Data/Countries/Europe/Finland/Cities/PorvooAttractions.swift /Users/erders/Documents/TravelTap/TravelTap/Data/Countries/Europe/Finland/Cities/RaumaAttractions.swift /Users/erders/Documents/TravelTap/TravelTap/Data/Countries/Europe/Finland/Cities/OuluAttractions.swift /Users/erders/Documents/TravelTap/TravelTap/Data/Countries/Europe/Finland/Cities/VaasaAttractions.swift /Users/erders/Documents/TravelTap/TravelTap/Data/Countries/Europe/Finland/Cities/AlandAttractions.swift /Users/erders/Documents/TravelTap/TravelTap/Data/Countries/Europe/Finland/Cities/HankoAttractions.swift /Users/erders/Documents/TravelTap/TravelTap/Data/Countries/Europe/Finland/Cities/FiskarsAttractions.swift /Users/erders/Documents/TravelTap/TravelTap/Data/Countries/Europe/Finland/Cities/KotkaAttractions.swift /Users/erders/Documents/TravelTap/TravelTap/Data/Countries/Europe/Finland/Cities/HaminaAttractions.swift /Users/erders/Documents/TravelTap/TravelTap/Data/Countries/Europe/Finland/Cities/LahtiAttractions.swift /Users/erders/Documents/TravelTap/TravelTap/Data/Countries/Europe/Finland/Cities/NaantaliAttractions.swift /Users/erders/Documents/TravelTap/TravelTap/Data/Countries/Europe/Finland/Cities/HameenlinnaAttractions.swift /Users/erders/Documents/TravelTap/TravelTap/Data/Countries/Europe/Finland/Cities/KoliAttractions.swift /Users/erders/Documents/TravelTap/TravelTap/Data/Countries/Europe/Finland/Cities/RepovesiAttractions.swift /Users/erders/Documents/TravelTap/TravelTap/Data/Countries/Europe/Finland/Cities/LemmenjokiAttractions.swift /Users/erders/Documents/TravelTap/TravelTap/Data/Countries/Europe/Finland/Cities/OulankaAttractions.swift /Users/erders/Documents/TravelTap/TravelTap/Data/Countries/Europe/Finland/Cities/NuuksioAttractions.swift /Users/erders/Documents/TravelTap/TravelTap/Data/Countries/Europe/France/Cities/AlbiAttractions.swift /Users/erders/Documents/TravelTap/TravelTap/Data/Countries/Europe/France/Cities/AnnecyAttractions.swift (in target 'TravelTap' from project 'TravelTap')

SwiftCompile normal arm64 /Users/erders/Documents/TravelTap/TravelTap/Data/Countries/Europe/Finland/Cities/SallaAttractions.swift (in target 'TravelTap' from project 'TravelTap')
    cd /Users/erders/Documents/TravelTap
    

SwiftCompile normal arm64 /Users/erders/Documents/TravelTap/TravelTap/Data/Countries/Europe/Finland/Cities/SavonlinnaAttractions.swift (in target 'TravelTap' from project 'TravelTap')
    cd /Users/erders/Documents/TravelTap
    

SwiftCompile normal arm64 /Users/erders/Documents/TravelTap/TravelTap/Data/Countries/Europe/Finland/Cities/KuopioAttractions.swift (in target 'TravelTap' from project 'TravelTap')
    cd /Users/erders/Documents/TravelTap
    

SwiftCompile normal arm64 /Users/erders/Documents/TravelTap/TravelTap/Data/Countries/Europe/Finland/Cities/JyvaskylaAttractions.swift (in target 'TravelTap' from project 'TravelTap')
    cd /Users/erders/Documents/TravelTap
    

SwiftCompile normal arm64 /Users/erders/Documents/TravelTap/TravelTap/Data/Countries/Europe/Finland/Cities/MikkeliAttractions.swift (in target 'TravelTap' from project 'TravelTap')
    cd /Users/erders/Documents/TravelTap
    

SwiftCompile normal arm64 /Users/erders/Documents/TravelTap/TravelTap/Data/Countries/Europe/Finland/Cities/LappeenrantaAttractions.swift (in target 'TravelTap' from project 'TravelTap')
    cd /Users/erders/Documents/TravelTap
    

SwiftCompile normal arm64 /Users/erders/Documents/TravelTap/TravelTap/Data/Countries/Europe/Finland/Cities/PorvooAttractions.swift (in target 'TravelTap' from project 'TravelTap')
    cd /Users/erders/Documents/TravelTap
    

SwiftCompile normal arm64 /Users/erders/Documents/TravelTap/TravelTap/Data/Countries/Europe/Finland/Cities/RaumaAttractions.swift (in target 'TravelTap' from project 'TravelTap')
    cd /Users/erders/Documents/TravelTap
    

SwiftCompile normal arm64 /Users/erders/Documents/TravelTap/TravelTap/Data/Countries/Europe/Finland/Cities/OuluAttractions.swift (in target 'TravelTap' from project 'TravelTap')
    cd /Users/erders/Documents/TravelTap
    

SwiftCompile normal arm64 /Users/erders/Documents/TravelTap/TravelTap/Data/Countries/Europe/Finland/Cities/VaasaAttractions.swift (in target 'TravelTap' from project 'TravelTap')
    cd /Users/erders/Documents/TravelTap
    

SwiftCompile normal arm64 /Users/erders/Documents/TravelTap/TravelTap/Data/Countries/Europe/Finland/Cities/AlandAttractions.swift (in target 'TravelTap' from project 'TravelTap')
    cd /Users/erders/Documents/TravelTap
    

SwiftCompile normal arm64 /Users/erders/Documents/TravelTap/TravelTap/Data/Countries/Europe/Finland/Cities/HankoAttractions.swift (in target 'TravelTap' from project 'TravelTap')
    cd /Users/erders/Documents/TravelTap
    

SwiftCompile normal arm64 /Users/erders/Documents/TravelTap/TravelTap/Data/Countries/Europe/Finland/Cities/FiskarsAttractions.swift (in target 'TravelTap' from project 'TravelTap')
    cd /Users/erders/Documents/TravelTap
    

SwiftCompile normal arm64 /Users/erders/Documents/TravelTap/TravelTap/Data/Countries/Europe/Finland/Cities/KotkaAttractions.swift (in target 'TravelTap' from project 'TravelTap')
    cd /Users/erders/Documents/TravelTap
    

SwiftCompile normal arm64 /Users/erders/Documents/TravelTap/TravelTap/Data/Countries/Europe/Finland/Cities/HaminaAttractions.swift (in target 'TravelTap' from project 'TravelTap')
    cd /Users/erders/Documents/TravelTap
    

SwiftCompile normal arm64 /Users/erders/Documents/TravelTap/TravelTap/Data/Countries/Europe/Finland/Cities/LahtiAttractions.swift (in target 'TravelTap' from project 'TravelTap')
    cd /Users/erders/Documents/TravelTap
    

SwiftCompile normal arm64 /Users/erders/Documents/TravelTap/TravelTap/Data/Countries/Europe/Finland/Cities/NaantaliAttractions.swift (in target 'TravelTap' from project 'TravelTap')
    cd /Users/erders/Documents/TravelTap
    

SwiftCompile normal arm64 /Users/erders/Documents/TravelTap/TravelTap/Data/Countries/Europe/Finland/Cities/HameenlinnaAttractions.swift (in target 'TravelTap' from project 'TravelTap')
    cd /Users/erders/Documents/TravelTap
    

SwiftCompile normal arm64 /Users/erders/Documents/TravelTap/TravelTap/Data/Countries/Europe/Finland/Cities/KoliAttractions.swift (in target 'TravelTap' from project 'TravelTap')
    cd /Users/erders/Documents/TravelTap
    

SwiftCompile normal arm64 /Users/erders/Documents/TravelTap/TravelTap/Data/Countries/Europe/Finland/Cities/RepovesiAttractions.swift (in target 'TravelTap' from project 'TravelTap')
    cd /Users/erders/Documents/TravelTap
    

SwiftCompile normal arm64 /Users/erders/Documents/TravelTap/TravelTap/Data/Countries/Europe/Finland/Cities/LemmenjokiAttractions.swift (in target 'TravelTap' from project 'TravelTap')
    cd /Users/erders/Documents/TravelTap
    

SwiftCompile normal arm64 /Users/erders/Documents/TravelTap/TravelTap/Data/Countries/Europe/Finland/Cities/OulankaAttractions.swift (in target 'TravelTap' from project 'TravelTap')
    cd /Users/erders/Documents/TravelTap
    

SwiftCompile normal arm64 /Users/erders/Documents/TravelTap/TravelTap/Data/Countries/Europe/Finland/Cities/NuuksioAttractions.swift (in target 'TravelTap' from project 'TravelTap')
    cd /Users/erders/Documents/TravelTap
    

SwiftCompile normal arm64 /Users/erders/Documents/TravelTap/TravelTap/Data/Countries/Europe/France/Cities/AlbiAttractions.swift (in target 'TravelTap' from project 'TravelTap')
    cd /Users/erders/Documents/TravelTap
    

SwiftCompile normal arm64 /Users/erders/Documents/TravelTap/TravelTap/Data/Countries/Europe/France/Cities/AnnecyAttractions.swift (in target 'TravelTap' from project 'TravelTap')
    cd /Users/erders/Documents/TravelTap
    

SwiftDriverJobDiscovery normal arm64 Compiling BrownsbergAttractions.swift, CentralSurinameAttractions.swift, CommewijneAttractions.swift, GalibiAttractions.swift, KabaleboAttractions.swift, NieuwNickerieAttractions.swift, ParamariboAttractions.swift, SipaliwiniAttractions.swift, UpperSurinameAttractions.swift, WiaWiaAttractions.swift, SurinamePackage.swift, CaboPolonioAttractions.swift, CarmeloAttractions.swift, ColoniaAttractions.swift, JoseIgnacioAttractions.swift, MaldonadoAttractions.swift, MercedesAttractions.swift, MinasAttractions.swift, MontevideoAttractions.swift, PaysanduAttractions.swift, PiriapolisAttractions.swift, PuntaDelDiabloAttractions.swift, PuntaDelEsteAttractions.swift, SaltoAttractions.swift, TacuaremboAttractions.swift (in target 'TravelTap' from project 'TravelTap')

SwiftCompile normal arm64 Compiling\ OkavangoAttractions.swift,\ TsodiloAttractions.swift,\ GaboroneAttractions.swift,\ KgalagadiAttractions.swift,\ TuliBlockAttractions.swift,\ ChobeAttractions.swift,\ JohannesburgAttractions.swift,\ CapeTownAttractions.swift,\ DurbanAttractions.swift,\ ZululandAttractions.swift,\ NorthWestAttractions.swift,\ DrakensbergAttractions.swift,\ PretoriaAttractions.swift,\ MarrakechAttractions.swift,\ CasablancaAttractions.swift,\ TangierAttractions.swift,\ OuarzazateAttractions.swift,\ AgadirAttractions.swift,\ TinghirAttractions.swift,\ MerzougaAttractions.swift,\ RabatAttractions.swift,\ MeknesAttractions.swift,\ FesAttractions.swift,\ ChefchaouenAttractions.swift /Users/erders/Documents/TravelTap/TravelTap/Data/Countries/Africa/SouthernAfrica/Botswana/Cities/OkavangoAttractions.swift /Users/erders/Documents/TravelTap/TravelTap/Data/Countries/Africa/SouthernAfrica/Botswana/Cities/TsodiloAttractions.swift /Users/erders/Documents/TravelTap/TravelTap/Data/Countries/Africa/SouthernAfrica/Botswana/Cities/GaboroneAttractions.swift /Users/erders/Documents/TravelTap/TravelTap/Data/Countries/Africa/SouthernAfrica/Botswana/Cities/KgalagadiAttractions.swift /Users/erders/Documents/TravelTap/TravelTap/Data/Countries/Africa/SouthernAfrica/Botswana/Cities/TuliBlockAttractions.swift /Users/erders/Documents/TravelTap/TravelTap/Data/Countries/Africa/SouthernAfrica/Botswana/Cities/ChobeAttractions.swift /Users/erders/Documents/TravelTap/TravelTap/Data/Countries/Africa/SouthernAfrica/SouthAfrica/Cities/JohannesburgAttractions.swift /Users/erders/Documents/TravelTap/TravelTap/Data/Countries/Africa/SouthernAfrica/SouthAfrica/Cities/CapeTownAttractions.swift /Users/erders/Documents/TravelTap/TravelTap/Data/Countries/Africa/SouthernAfrica/SouthAfrica/Cities/DurbanAttractions.swift /Users/erders/Documents/TravelTap/TravelTap/Data/Countries/Africa/SouthernAfrica/SouthAfrica/Cities/ZululandAttractions.swift /Users/erders/Documents/TravelTap/TravelTap/Data/Countries/Africa/SouthernAfrica/SouthAfrica/Cities/NorthWestAttractions.swift /Users/erders/Documents/TravelTap/TravelTap/Data/Countries/Africa/SouthernAfrica/SouthAfrica/Cities/DrakensbergAttractions.swift /Users/erders/Documents/TravelTap/TravelTap/Data/Countries/Africa/SouthernAfrica/SouthAfrica/Cities/PretoriaAttractions.swift /Users/erders/Documents/TravelTap/TravelTap/Data/Countries/Africa/NorthAfrica/Morocco/Cities/MarrakechAttractions.swift /Users/erders/Documents/TravelTap/TravelTap/Data/Countries/Africa/NorthAfrica/Morocco/Cities/CasablancaAttractions.swift /Users/erders/Documents/TravelTap/TravelTap/Data/Countries/Africa/NorthAfrica/Morocco/Cities/TangierAttractions.swift /Users/erders/Documents/TravelTap/TravelTap/Data/Countries/Africa/NorthAfrica/Morocco/Cities/OuarzazateAttractions.swift /Users/erders/Documents/TravelTap/TravelTap/Data/Countries/Africa/NorthAfrica/Morocco/Cities/AgadirAttractions.swift /Users/erders/Documents/TravelTap/TravelTap/Data/Countries/Africa/NorthAfrica/Morocco/Cities/TinghirAttractions.swift /Users/erders/Documents/TravelTap/TravelTap/Data/Countries/Africa/NorthAfrica/Morocco/Cities/MerzougaAttractions.swift /Users/erders/Documents/TravelTap/TravelTap/Data/Countries/Africa/NorthAfrica/Morocco/Cities/RabatAttractions.swift /Users/erders/Documents/TravelTap/TravelTap/Data/Countries/Africa/NorthAfrica/Morocco/Cities/MeknesAttractions.swift /Users/erders/Documents/TravelTap/TravelTap/Data/Countries/Africa/NorthAfrica/Morocco/Cities/FesAttractions.swift /Users/erders/Documents/TravelTap/TravelTap/Data/Countries/Africa/NorthAfrica/Morocco/Cities/ChefchaouenAttractions.swift (in target 'TravelTap' from project 'TravelTap')

SwiftCompile normal arm64 /Users/erders/Documents/TravelTap/TravelTap/Data/Countries/Africa/SouthernAfrica/Botswana/Cities/OkavangoAttractions.swift (in target 'TravelTap' from project 'TravelTap')
    cd /Users/erders/Documents/TravelTap
    

SwiftCompile normal arm64 /Users/erders/Documents/TravelTap/TravelTap/Data/Countries/Africa/SouthernAfrica/Botswana/Cities/TsodiloAttractions.swift (in target 'TravelTap' from project 'TravelTap')
    cd /Users/erders/Documents/TravelTap
    

SwiftCompile normal arm64 /Users/erders/Documents/TravelTap/TravelTap/Data/Countries/Africa/SouthernAfrica/Botswana/Cities/GaboroneAttractions.swift (in target 'TravelTap' from project 'TravelTap')
    cd /Users/erders/Documents/TravelTap
    

SwiftCompile normal arm64 /Users/erders/Documents/TravelTap/TravelTap/Data/Countries/Africa/SouthernAfrica/Botswana/Cities/KgalagadiAttractions.swift (in target 'TravelTap' from project 'TravelTap')
    cd /Users/erders/Documents/TravelTap
    

SwiftCompile normal arm64 /Users/erders/Documents/TravelTap/TravelTap/Data/Countries/Africa/SouthernAfrica/Botswana/Cities/TuliBlockAttractions.swift (in target 'TravelTap' from project 'TravelTap')
    cd /Users/erders/Documents/TravelTap
    

SwiftCompile normal arm64 /Users/erders/Documents/TravelTap/TravelTap/Data/Countries/Africa/SouthernAfrica/Botswana/Cities/ChobeAttractions.swift (in target 'TravelTap' from project 'TravelTap')
    cd /Users/erders/Documents/TravelTap
    

SwiftCompile normal arm64 /Users/erders/Documents/TravelTap/TravelTap/Data/Countries/Africa/SouthernAfrica/SouthAfrica/Cities/JohannesburgAttractions.swift (in target 'TravelTap' from project 'TravelTap')
    cd /Users/erders/Documents/TravelTap
    

SwiftCompile normal arm64 /Users/erders/Documents/TravelTap/TravelTap/Data/Countries/Africa/SouthernAfrica/SouthAfrica/Cities/CapeTownAttractions.swift (in target 'TravelTap' from project 'TravelTap')
    cd /Users/erders/Documents/TravelTap
    

SwiftCompile normal arm64 /Users/erders/Documents/TravelTap/TravelTap/Data/Countries/Africa/SouthernAfrica/SouthAfrica/Cities/DurbanAttractions.swift (in target 'TravelTap' from project 'TravelTap')
    cd /Users/erders/Documents/TravelTap
    

SwiftCompile normal arm64 /Users/erders/Documents/TravelTap/TravelTap/Data/Countries/Africa/SouthernAfrica/SouthAfrica/Cities/ZululandAttractions.swift (in target 'TravelTap' from project 'TravelTap')
    cd /Users/erders/Documents/TravelTap
    

SwiftCompile normal arm64 /Users/erders/Documents/TravelTap/TravelTap/Data/Countries/Africa/SouthernAfrica/SouthAfrica/Cities/NorthWestAttractions.swift (in target 'TravelTap' from project 'TravelTap')
    cd /Users/erders/Documents/TravelTap
    

SwiftCompile normal arm64 /Users/erders/Documents/TravelTap/TravelTap/Data/Countries/Africa/SouthernAfrica/SouthAfrica/Cities/DrakensbergAttractions.swift (in target 'TravelTap' from project 'TravelTap')
    cd /Users/erders/Documents/TravelTap
    

SwiftCompile normal arm64 /Users/erders/Documents/TravelTap/TravelTap/Data/Countries/Africa/SouthernAfrica/SouthAfrica/Cities/PretoriaAttractions.swift (in target 'TravelTap' from project 'TravelTap')
    cd /Users/erders/Documents/TravelTap
    

SwiftCompile normal arm64 /Users/erders/Documents/TravelTap/TravelTap/Data/Countries/Africa/NorthAfrica/Morocco/Cities/MarrakechAttractions.swift (in target 'TravelTap' from project 'TravelTap')
    cd /Users/erders/Documents/TravelTap
    

SwiftCompile normal arm64 /Users/erders/Documents/TravelTap/TravelTap/Data/Countries/Africa/NorthAfrica/Morocco/Cities/CasablancaAttractions.swift (in target 'TravelTap' from project 'TravelTap')
    cd /Users/erders/Documents/TravelTap
    

SwiftCompile normal arm64 /Users/erders/Documents/TravelTap/TravelTap/Data/Countries/Africa/NorthAfrica/Morocco/Cities/TangierAttractions.swift (in target 'TravelTap' from project 'TravelTap')
    cd /Users/erders/Documents/TravelTap
    

SwiftCompile normal arm64 /Users/erders/Documents/TravelTap/TravelTap/Data/Countries/Africa/NorthAfrica/Morocco/Cities/OuarzazateAttractions.swift (in target 'TravelTap' from project 'TravelTap')
    cd /Users/erders/Documents/TravelTap
    

SwiftCompile normal arm64 /Users/erders/Documents/TravelTap/TravelTap/Data/Countries/Africa/NorthAfrica/Morocco/Cities/AgadirAttractions.swift (in target 'TravelTap' from project 'TravelTap')
    cd /Users/erders/Documents/TravelTap
    

SwiftCompile normal arm64 /Users/erders/Documents/TravelTap/TravelTap/Data/Countries/Africa/NorthAfrica/Morocco/Cities/TinghirAttractions.swift (in target 'TravelTap' from project 'TravelTap')
    cd /Users/erders/Documents/TravelTap
    

SwiftCompile normal arm64 /Users/erders/Documents/TravelTap/TravelTap/Data/Countries/Africa/NorthAfrica/Morocco/Cities/MerzougaAttractions.swift (in target 'TravelTap' from project 'TravelTap')
    cd /Users/erders/Documents/TravelTap
    

SwiftCompile normal arm64 /Users/erders/Documents/TravelTap/TravelTap/Data/Countries/Africa/NorthAfrica/Morocco/Cities/RabatAttractions.swift (in target 'TravelTap' from project 'TravelTap')
    cd /Users/erders/Documents/TravelTap
    

SwiftCompile normal arm64 /Users/erders/Documents/TravelTap/TravelTap/Data/Countries/Africa/NorthAfrica/Morocco/Cities/MeknesAttractions.swift (in target 'TravelTap' from project 'TravelTap')
    cd /Users/erders/Documents/TravelTap
    

SwiftCompile normal arm64 /Users/erders/Documents/TravelTap/TravelTap/Data/Countries/Africa/NorthAfrica/Morocco/Cities/FesAttractions.swift (in target 'TravelTap' from project 'TravelTap')
    cd /Users/erders/Documents/TravelTap
    

SwiftCompile normal arm64 /Users/erders/Documents/TravelTap/TravelTap/Data/Countries/Africa/NorthAfrica/Morocco/Cities/ChefchaouenAttractions.swift (in target 'TravelTap' from project 'TravelTap')
    cd /Users/erders/Documents/TravelTap
    

SwiftDriverJobDiscovery normal arm64 Compiling WashingtonDCAttractions.swift, WyomingAttractions.swift, USAPackage.swift, AustraliaPackage.swift, AdelaideAttractions.swift, AliceSpringsAttractions.swift, BarossaValleyAttractions.swift, BayOfFiresAttractions.swift, BlueMountainsAttractions.swift, BrisbaneAttractions.swift, BroomeAttractions.swift, BrunyIslandAttractions.swift, CairnsAttractions.swift, CentralTasmaniaAttractions.swift, CradleMountainAttractions.swift, DarwinAttractions.swift, EsperanceAttractions.swift, FlindersIslandAttractions.swift, FlindersRangesAttractions.swift, FreycinetAttractions.swift, GoldCoastAttractions.swift, GreatOceanRoadAttractions.swift, HobartAttractions.swift, HuonValleyAttractions.swift, KakaduAttractions.swift (in target 'TravelTap' from project 'TravelTap')

SwiftCompile normal arm64 Compiling\ BarticaAttractions.swift,\ BerbiceRegionAttractions.swift,\ EssequiboIslandsAttractions.swift,\ GeorgetownAttractions.swift,\ IwokramaForestAttractions.swift,\ KaieteurFallsAttractions.swift,\ LethemAttractions.swift,\ OrinduikFallsAttractions.swift,\ RupununiSavannahAttractions.swift,\ SantaMissionAttractions.swift,\ ShellBeachAttractions.swift,\ SuramaVillageAttractions.swift,\ GuyanaPackage.swift,\ AreguaAttractions.swift,\ AsuncionAttractions.swift,\ CaacupeAttractions.swift,\ CerroCoraAttractions.swift,\ ChacoRegionAttractions.swift,\ CiudadDelEsteAttractions.swift,\ ConcepcionAttractions.swift,\ EncarnacionAttractions.swift,\ JesuitMissionsAttractions.swift,\ ParaguariRegionAttractions.swift,\ PiribebuyAttractions.swift,\ SaltosDelGuairaAttractions.swift /Users/erders/Documents/TravelTap/TravelTap/Data/Countries/SouthAmerica/Guyana/Cities/BarticaAttractions.swift /Users/erders/Documents/TravelTap/TravelTap/Data/Countries/SouthAmerica/Guyana/Cities/BerbiceRegionAttractions.swift /Users/erders/Documents/TravelTap/TravelTap/Data/Countries/SouthAmerica/Guyana/Cities/EssequiboIslandsAttractions.swift /Users/erders/Documents/TravelTap/TravelTap/Data/Countries/SouthAmerica/Guyana/Cities/GeorgetownAttractions.swift /Users/erders/Documents/TravelTap/TravelTap/Data/Countries/SouthAmerica/Guyana/Cities/IwokramaForestAttractions.swift /Users/erders/Documents/TravelTap/TravelTap/Data/Countries/SouthAmerica/Guyana/Cities/KaieteurFallsAttractions.swift /Users/erders/Documents/TravelTap/TravelTap/Data/Countries/SouthAmerica/Guyana/Cities/LethemAttractions.swift /Users/erders/Documents/TravelTap/TravelTap/Data/Countries/SouthAmerica/Guyana/Cities/OrinduikFallsAttractions.swift /Users/erders/Documents/TravelTap/TravelTap/Data/Countries/SouthAmerica/Guyana/Cities/RupununiSavannahAttractions.swift /Users/erders/Documents/TravelTap/TravelTap/Data/Countries/SouthAmerica/Guyana/Cities/SantaMissionAttractions.swift /Users/erders/Documents/TravelTap/TravelTap/Data/Countries/SouthAmerica/Guyana/Cities/ShellBeachAttractions.swift /Users/erders/Documents/TravelTap/TravelTap/Data/Countries/SouthAmerica/Guyana/Cities/SuramaVillageAttractions.swift /Users/erders/Documents/TravelTap/TravelTap/Data/Countries/SouthAmerica/Guyana/GuyanaPackage.swift /Users/erders/Documents/TravelTap/TravelTap/Data/Countries/SouthAmerica/Paraguay/Cities/AreguaAttractions.swift /Users/erders/Documents/TravelTap/TravelTap/Data/Countries/SouthAmerica/Paraguay/Cities/AsuncionAttractions.swift /Users/erders/Documents/TravelTap/TravelTap/Data/Countries/SouthAmerica/Paraguay/Cities/CaacupeAttractions.swift /Users/erders/Documents/TravelTap/TravelTap/Data/Countries/SouthAmerica/Paraguay/Cities/CerroCoraAttractions.swift /Users/erders/Documents/TravelTap/TravelTap/Data/Countries/SouthAmerica/Paraguay/Cities/ChacoRegionAttractions.swift /Users/erders/Documents/TravelTap/TravelTap/Data/Countries/SouthAmerica/Paraguay/Cities/CiudadDelEsteAttractions.swift /Users/erders/Documents/TravelTap/TravelTap/Data/Countries/SouthAmerica/Paraguay/Cities/ConcepcionAttractions.swift /Users/erders/Documents/TravelTap/TravelTap/Data/Countries/SouthAmerica/Paraguay/Cities/EncarnacionAttractions.swift /Users/erders/Documents/TravelTap/TravelTap/Data/Countries/SouthAmerica/Paraguay/Cities/JesuitMissionsAttractions.swift /Users/erders/Documents/TravelTap/TravelTap/Data/Countries/SouthAmerica/Paraguay/Cities/ParaguariRegionAttractions.swift /Users/erders/Documents/TravelTap/TravelTap/Data/Countries/SouthAmerica/Paraguay/Cities/PiribebuyAttractions.swift /Users/erders/Documents/TravelTap/TravelTap/Data/Countries/SouthAmerica/Paraguay/Cities/SaltosDelGuairaAttractions.swift (in target 'TravelTap' from project 'TravelTap')

SwiftCompile normal arm64 /Users/erders/Documents/TravelTap/TravelTap/Data/Countries/SouthAmerica/Guyana/Cities/BarticaAttractions.swift (in target 'TravelTap' from project 'TravelTap')
    cd /Users/erders/Documents/TravelTap
    

SwiftCompile normal arm64 /Users/erders/Documents/TravelTap/TravelTap/Data/Countries/SouthAmerica/Guyana/Cities/BerbiceRegionAttractions.swift (in target 'TravelTap' from project 'TravelTap')
    cd /Users/erders/Documents/TravelTap
    

SwiftCompile normal arm64 /Users/erders/Documents/TravelTap/TravelTap/Data/Countries/SouthAmerica/Guyana/Cities/EssequiboIslandsAttractions.swift (in target 'TravelTap' from project 'TravelTap')
    cd /Users/erders/Documents/TravelTap
    

SwiftCompile normal arm64 /Users/erders/Documents/TravelTap/TravelTap/Data/Countries/SouthAmerica/Guyana/Cities/GeorgetownAttractions.swift (in target 'TravelTap' from project 'TravelTap')
    cd /Users/erders/Documents/TravelTap
    

SwiftCompile normal arm64 /Users/erders/Documents/TravelTap/TravelTap/Data/Countries/SouthAmerica/Guyana/Cities/IwokramaForestAttractions.swift (in target 'TravelTap' from project 'TravelTap')
    cd /Users/erders/Documents/TravelTap
    

SwiftCompile normal arm64 /Users/erders/Documents/TravelTap/TravelTap/Data/Countries/SouthAmerica/Guyana/Cities/KaieteurFallsAttractions.swift (in target 'TravelTap' from project 'TravelTap')
    cd /Users/erders/Documents/TravelTap
    

SwiftCompile normal arm64 /Users/erders/Documents/TravelTap/TravelTap/Data/Countries/SouthAmerica/Guyana/Cities/LethemAttractions.swift (in target 'TravelTap' from project 'TravelTap')
    cd /Users/erders/Documents/TravelTap
    

SwiftCompile normal arm64 /Users/erders/Documents/TravelTap/TravelTap/Data/Countries/SouthAmerica/Guyana/Cities/OrinduikFallsAttractions.swift (in target 'TravelTap' from project 'TravelTap')
    cd /Users/erders/Documents/TravelTap
    

SwiftCompile normal arm64 /Users/erders/Documents/TravelTap/TravelTap/Data/Countries/SouthAmerica/Guyana/Cities/RupununiSavannahAttractions.swift (in target 'TravelTap' from project 'TravelTap')
    cd /Users/erders/Documents/TravelTap
    

SwiftCompile normal arm64 /Users/erders/Documents/TravelTap/TravelTap/Data/Countries/SouthAmerica/Guyana/Cities/SantaMissionAttractions.swift (in target 'TravelTap' from project 'TravelTap')
    cd /Users/erders/Documents/TravelTap
    

SwiftCompile normal arm64 /Users/erders/Documents/TravelTap/TravelTap/Data/Countries/SouthAmerica/Guyana/Cities/ShellBeachAttractions.swift (in target 'TravelTap' from project 'TravelTap')
    cd /Users/erders/Documents/TravelTap
    

SwiftCompile normal arm64 /Users/erders/Documents/TravelTap/TravelTap/Data/Countries/SouthAmerica/Guyana/Cities/SuramaVillageAttractions.swift (in target 'TravelTap' from project 'TravelTap')
    cd /Users/erders/Documents/TravelTap
    

SwiftCompile normal arm64 /Users/erders/Documents/TravelTap/TravelTap/Data/Countries/SouthAmerica/Guyana/GuyanaPackage.swift (in target 'TravelTap' from project 'TravelTap')
    cd /Users/erders/Documents/TravelTap
    

SwiftCompile normal arm64 /Users/erders/Documents/TravelTap/TravelTap/Data/Countries/SouthAmerica/Paraguay/Cities/AreguaAttractions.swift (in target 'TravelTap' from project 'TravelTap')
    cd /Users/erders/Documents/TravelTap
    

SwiftCompile normal arm64 /Users/erders/Documents/TravelTap/TravelTap/Data/Countries/SouthAmerica/Paraguay/Cities/AsuncionAttractions.swift (in target 'TravelTap' from project 'TravelTap')
    cd /Users/erders/Documents/TravelTap
    

SwiftCompile normal arm64 /Users/erders/Documents/TravelTap/TravelTap/Data/Countries/SouthAmerica/Paraguay/Cities/CaacupeAttractions.swift (in target 'TravelTap' from project 'TravelTap')
    cd /Users/erders/Documents/TravelTap
    

SwiftCompile normal arm64 /Users/erders/Documents/TravelTap/TravelTap/Data/Countries/SouthAmerica/Paraguay/Cities/CerroCoraAttractions.swift (in target 'TravelTap' from project 'TravelTap')
    cd /Users/erders/Documents/TravelTap
    

SwiftCompile normal arm64 /Users/erders/Documents/TravelTap/TravelTap/Data/Countries/SouthAmerica/Paraguay/Cities/ChacoRegionAttractions.swift (in target 'TravelTap' from project 'TravelTap')
    cd /Users/erders/Documents/TravelTap
    

SwiftCompile normal arm64 /Users/erders/Documents/TravelTap/TravelTap/Data/Countries/SouthAmerica/Paraguay/Cities/CiudadDelEsteAttractions.swift (in target 'TravelTap' from project 'TravelTap')
    cd /Users/erders/Documents/TravelTap
    

SwiftCompile normal arm64 /Users/erders/Documents/TravelTap/TravelTap/Data/Countries/SouthAmerica/Paraguay/Cities/ConcepcionAttractions.swift (in target 'TravelTap' from project 'TravelTap')
    cd /Users/erders/Documents/TravelTap
    

SwiftCompile normal arm64 /Users/erders/Documents/TravelTap/TravelTap/Data/Countries/SouthAmerica/Paraguay/Cities/EncarnacionAttractions.swift (in target 'TravelTap' from project 'TravelTap')
    cd /Users/erders/Documents/TravelTap
    

SwiftCompile normal arm64 /Users/erders/Documents/TravelTap/TravelTap/Data/Countries/SouthAmerica/Paraguay/Cities/JesuitMissionsAttractions.swift (in target 'TravelTap' from project 'TravelTap')
    cd /Users/erders/Documents/TravelTap
    

SwiftCompile normal arm64 /Users/erders/Documents/TravelTap/TravelTap/Data/Countries/SouthAmerica/Paraguay/Cities/ParaguariRegionAttractions.swift (in target 'TravelTap' from project 'TravelTap')
    cd /Users/erders/Documents/TravelTap
    

SwiftCompile normal arm64 /Users/erders/Documents/TravelTap/TravelTap/Data/Countries/SouthAmerica/Paraguay/Cities/PiribebuyAttractions.swift (in target 'TravelTap' from project 'TravelTap')
    cd /Users/erders/Documents/TravelTap
    

SwiftCompile normal arm64 /Users/erders/Documents/TravelTap/TravelTap/Data/Countries/SouthAmerica/Paraguay/Cities/SaltosDelGuairaAttractions.swift (in target 'TravelTap' from project 'TravelTap')
    cd /Users/erders/Documents/TravelTap
    

SwiftDriverJobDiscovery normal arm64 Compiling BosniaPackage.swift, BlagajAttractions.swift, JajceAttractions.swift, MostarAttractions.swift, SarajevoAttractions.swift, BulgariaPackage.swift, PlovdivAttractions.swift, SofiaAttractions.swift, VarnaAttractions.swift, VelikoTarnovoAttractions.swift, DubrovnikAttractions.swift, PlitviceAttractions.swift, SplitAttractions.swift, ZagrebAttractions.swift, CroatiaPackage.swift, HvarAttractions.swift, KorculaAttractions.swift, RovinjAttractions.swift, PulaAttractions.swift, ZadarAttractions.swift, SibenikAttractions.swift, KrkaNationalParkAttractions.swift, TrogirAttractions.swift, MakarskaRivieraAttractions.swift, BracAttractions.swift (in target 'TravelTap' from project 'TravelTap')

SwiftCompile normal arm64 Compiling\ NuquiPacificCoastAttractions.swift,\ PastoLasLajasAttractions.swift,\ PopayanAttractions.swift,\ ProvidenciaIslandAttractions.swift,\ SanAndresIslandAttractions.swift,\ SanGilAttractions.swift,\ SantaMartaAttractions.swift,\ TatacoaDesertAttractions.swift,\ VillaDeLeyvaAttractions.swift,\ ColombiaPackage.swift,\ AmazonOrienteAttractions.swift,\ BanosAttractions.swift,\ ChimborazoAttractions.swift,\ CotopaxiAttractions.swift,\ GalapagosIslandsAttractions.swift,\ GuayaquilAttractions.swift,\ LojaAttractions.swift,\ MindoAttractions.swift,\ MontanitaPacificCoastAttractions.swift,\ OtavaloAttractions.swift,\ QuilotoaAttractions.swift,\ QuitoAttractions.swift,\ VilcabambaAttractions.swift,\ EcuadorPackage.swift,\ AnnaiAttractions.swift /Users/erders/Documents/TravelTap/TravelTap/Data/Countries/SouthAmerica/Colombia/Cities/NuquiPacificCoastAttractions.swift /Users/erders/Documents/TravelTap/TravelTap/Data/Countries/SouthAmerica/Colombia/Cities/PastoLasLajasAttractions.swift /Users/erders/Documents/TravelTap/TravelTap/Data/Countries/SouthAmerica/Colombia/Cities/PopayanAttractions.swift /Users/erders/Documents/TravelTap/TravelTap/Data/Countries/SouthAmerica/Colombia/Cities/ProvidenciaIslandAttractions.swift /Users/erders/Documents/TravelTap/TravelTap/Data/Countries/SouthAmerica/Colombia/Cities/SanAndresIslandAttractions.swift /Users/erders/Documents/TravelTap/TravelTap/Data/Countries/SouthAmerica/Colombia/Cities/SanGilAttractions.swift /Users/erders/Documents/TravelTap/TravelTap/Data/Countries/SouthAmerica/Colombia/Cities/SantaMartaAttractions.swift /Users/erders/Documents/TravelTap/TravelTap/Data/Countries/SouthAmerica/Colombia/Cities/TatacoaDesertAttractions.swift /Users/erders/Documents/TravelTap/TravelTap/Data/Countries/SouthAmerica/Colombia/Cities/VillaDeLeyvaAttractions.swift /Users/erders/Documents/TravelTap/TravelTap/Data/Countries/SouthAmerica/Colombia/ColombiaPackage.swift /Users/erders/Documents/TravelTap/TravelTap/Data/Countries/SouthAmerica/Ecuador/Cities/AmazonOrienteAttractions.swift /Users/erders/Documents/TravelTap/TravelTap/Data/Countries/SouthAmerica/Ecuador/Cities/BanosAttractions.swift /Users/erders/Documents/TravelTap/TravelTap/Data/Countries/SouthAmerica/Ecuador/Cities/ChimborazoAttractions.swift /Users/erders/Documents/TravelTap/TravelTap/Data/Countries/SouthAmerica/Ecuador/Cities/CotopaxiAttractions.swift /Users/erders/Documents/TravelTap/TravelTap/Data/Countries/SouthAmerica/Ecuador/Cities/GalapagosIslandsAttractions.swift /Users/erders/Documents/TravelTap/TravelTap/Data/Countries/SouthAmerica/Ecuador/Cities/GuayaquilAttractions.swift /Users/erders/Documents/TravelTap/TravelTap/Data/Countries/SouthAmerica/Ecuador/Cities/LojaAttractions.swift /Users/erders/Documents/TravelTap/TravelTap/Data/Countries/SouthAmerica/Ecuador/Cities/MindoAttractions.swift /Users/erders/Documents/TravelTap/TravelTap/Data/Countries/SouthAmerica/Ecuador/Cities/MontanitaPacificCoastAttractions.swift /Users/erders/Documents/TravelTap/TravelTap/Data/Countries/SouthAmerica/Ecuador/Cities/OtavaloAttractions.swift /Users/erders/Documents/TravelTap/TravelTap/Data/Countries/SouthAmerica/Ecuador/Cities/QuilotoaAttractions.swift /Users/erders/Documents/TravelTap/TravelTap/Data/Countries/SouthAmerica/Ecuador/Cities/QuitoAttractions.swift /Users/erders/Documents/TravelTap/TravelTap/Data/Countries/SouthAmerica/Ecuador/Cities/VilcabambaAttractions.swift /Users/erders/Documents/TravelTap/TravelTap/Data/Countries/SouthAmerica/Ecuador/EcuadorPackage.swift /Users/erders/Documents/TravelTap/TravelTap/Data/Countries/SouthAmerica/Guyana/Cities/AnnaiAttractions.swift (in target 'TravelTap' from project 'TravelTap')

SwiftCompile normal arm64 /Users/erders/Documents/TravelTap/TravelTap/Data/Countries/SouthAmerica/Colombia/Cities/NuquiPacificCoastAttractions.swift (in target 'TravelTap' from project 'TravelTap')
    cd /Users/erders/Documents/TravelTap
    

SwiftCompile normal arm64 /Users/erders/Documents/TravelTap/TravelTap/Data/Countries/SouthAmerica/Colombia/Cities/PastoLasLajasAttractions.swift (in target 'TravelTap' from project 'TravelTap')
    cd /Users/erders/Documents/TravelTap
    

SwiftCompile normal arm64 /Users/erders/Documents/TravelTap/TravelTap/Data/Countries/SouthAmerica/Colombia/Cities/PopayanAttractions.swift (in target 'TravelTap' from project 'TravelTap')
    cd /Users/erders/Documents/TravelTap
    

SwiftCompile normal arm64 /Users/erders/Documents/TravelTap/TravelTap/Data/Countries/SouthAmerica/Colombia/Cities/ProvidenciaIslandAttractions.swift (in target 'TravelTap' from project 'TravelTap')
    cd /Users/erders/Documents/TravelTap
    

SwiftCompile normal arm64 /Users/erders/Documents/TravelTap/TravelTap/Data/Countries/SouthAmerica/Colombia/Cities/SanAndresIslandAttractions.swift (in target 'TravelTap' from project 'TravelTap')
    cd /Users/erders/Documents/TravelTap
    

SwiftCompile normal arm64 /Users/erders/Documents/TravelTap/TravelTap/Data/Countries/SouthAmerica/Colombia/Cities/SanGilAttractions.swift (in target 'TravelTap' from project 'TravelTap')
    cd /Users/erders/Documents/TravelTap
    

SwiftCompile normal arm64 /Users/erders/Documents/TravelTap/TravelTap/Data/Countries/SouthAmerica/Colombia/Cities/SantaMartaAttractions.swift (in target 'TravelTap' from project 'TravelTap')
    cd /Users/erders/Documents/TravelTap
    

SwiftCompile normal arm64 /Users/erders/Documents/TravelTap/TravelTap/Data/Countries/SouthAmerica/Colombia/Cities/TatacoaDesertAttractions.swift (in target 'TravelTap' from project 'TravelTap')
    cd /Users/erders/Documents/TravelTap
    

SwiftCompile normal arm64 /Users/erders/Documents/TravelTap/TravelTap/Data/Countries/SouthAmerica/Colombia/Cities/VillaDeLeyvaAttractions.swift (in target 'TravelTap' from project 'TravelTap')
    cd /Users/erders/Documents/TravelTap
    

SwiftCompile normal arm64 /Users/erders/Documents/TravelTap/TravelTap/Data/Countries/SouthAmerica/Colombia/ColombiaPackage.swift (in target 'TravelTap' from project 'TravelTap')
    cd /Users/erders/Documents/TravelTap
    

SwiftCompile normal arm64 /Users/erders/Documents/TravelTap/TravelTap/Data/Countries/SouthAmerica/Ecuador/Cities/AmazonOrienteAttractions.swift (in target 'TravelTap' from project 'TravelTap')
    cd /Users/erders/Documents/TravelTap
    

SwiftCompile normal arm64 /Users/erders/Documents/TravelTap/TravelTap/Data/Countries/SouthAmerica/Ecuador/Cities/BanosAttractions.swift (in target 'TravelTap' from project 'TravelTap')
    cd /Users/erders/Documents/TravelTap
    

SwiftCompile normal arm64 /Users/erders/Documents/TravelTap/TravelTap/Data/Countries/SouthAmerica/Ecuador/Cities/ChimborazoAttractions.swift (in target 'TravelTap' from project 'TravelTap')
    cd /Users/erders/Documents/TravelTap
    

SwiftCompile normal arm64 /Users/erders/Documents/TravelTap/TravelTap/Data/Countries/SouthAmerica/Ecuador/Cities/CotopaxiAttractions.swift (in target 'TravelTap' from project 'TravelTap')
    cd /Users/erders/Documents/TravelTap
    

SwiftCompile normal arm64 /Users/erders/Documents/TravelTap/TravelTap/Data/Countries/SouthAmerica/Ecuador/Cities/GalapagosIslandsAttractions.swift (in target 'TravelTap' from project 'TravelTap')
    cd /Users/erders/Documents/TravelTap
    

SwiftCompile normal arm64 /Users/erders/Documents/TravelTap/TravelTap/Data/Countries/SouthAmerica/Ecuador/Cities/GuayaquilAttractions.swift (in target 'TravelTap' from project 'TravelTap')
    cd /Users/erders/Documents/TravelTap
    

SwiftCompile normal arm64 /Users/erders/Documents/TravelTap/TravelTap/Data/Countries/SouthAmerica/Ecuador/Cities/LojaAttractions.swift (in target 'TravelTap' from project 'TravelTap')
    cd /Users/erders/Documents/TravelTap
    

SwiftCompile normal arm64 /Users/erders/Documents/TravelTap/TravelTap/Data/Countries/SouthAmerica/Ecuador/Cities/MindoAttractions.swift (in target 'TravelTap' from project 'TravelTap')
    cd /Users/erders/Documents/TravelTap
    

SwiftCompile normal arm64 /Users/erders/Documents/TravelTap/TravelTap/Data/Countries/SouthAmerica/Ecuador/Cities/MontanitaPacificCoastAttractions.swift (in target 'TravelTap' from project 'TravelTap')
    cd /Users/erders/Documents/TravelTap
    

SwiftCompile normal arm64 /Users/erders/Documents/TravelTap/TravelTap/Data/Countries/SouthAmerica/Ecuador/Cities/OtavaloAttractions.swift (in target 'TravelTap' from project 'TravelTap')
    cd /Users/erders/Documents/TravelTap
    

SwiftCompile normal arm64 /Users/erders/Documents/TravelTap/TravelTap/Data/Countries/SouthAmerica/Ecuador/Cities/QuilotoaAttractions.swift (in target 'TravelTap' from project 'TravelTap')
    cd /Users/erders/Documents/TravelTap
    

SwiftCompile normal arm64 /Users/erders/Documents/TravelTap/TravelTap/Data/Countries/SouthAmerica/Ecuador/Cities/QuitoAttractions.swift (in target 'TravelTap' from project 'TravelTap')
    cd /Users/erders/Documents/TravelTap
    

SwiftCompile normal arm64 /Users/erders/Documents/TravelTap/TravelTap/Data/Countries/SouthAmerica/Ecuador/Cities/VilcabambaAttractions.swift (in target 'TravelTap' from project 'TravelTap')
    cd /Users/erders/Documents/TravelTap
    

SwiftCompile normal arm64 /Users/erders/Documents/TravelTap/TravelTap/Data/Countries/SouthAmerica/Ecuador/EcuadorPackage.swift (in target 'TravelTap' from project 'TravelTap')
    cd /Users/erders/Documents/TravelTap
    

SwiftCompile normal arm64 /Users/erders/Documents/TravelTap/TravelTap/Data/Countries/SouthAmerica/Guyana/Cities/AnnaiAttractions.swift (in target 'TravelTap' from project 'TravelTap')
    cd /Users/erders/Documents/TravelTap
    

SwiftDriverJobDiscovery normal arm64 Compiling GunGaluutAttractions.swift, KhustainAttractions.swift, KhovsgolAttractions.swift, WesternMongoliaAttractions.swift, NorthernMongoliaAttractions.swift, TereljAttractions.swift, GobiAttractions.swift, MongoliaExperiencesAttractions.swift, JaffnaAttractions.swift, AdamsPeakAttractions.swift, NuwaraEliyaAttractions.swift, YalaAttractions.swift, MihintaleAttractions.swift, ArugamBayAttractions.swift, TrincomaleeAttractions.swift, PolonnaruwaAttractions.swift, MirissaAttractions.swift, KitulgalaAttractions.swift, GalleAttractions.swift, HikkaduwaAttractions.swift, YapahuwaAttractions.swift, EllaAttractions.swift, BatticaloaAttractions.swift, AnuradhapuraAttractions.swift, PinnawalaAttractions.swift (in target 'TravelTap' from project 'TravelTap')

SwiftCompile normal arm64 Compiling\ FrasersHillAttractions.swift,\ KohRongSamloemAttractions.swift,\ KohKongAttractions.swift,\ PreahVihearAttractions.swift,\ TakeoAttractions.swift,\ KohRongAttractions.swift,\ KompongChamAttractions.swift,\ FujairahAttractions.swift,\ RasAlKhaimahAttractions.swift,\ UmmAlQuwainAttractions.swift,\ SharjahAttractions.swift,\ AjmanAttractions.swift,\ HattaAttractions.swift,\ AlAinAttractions.swift,\ ShymkentAttractions.swift,\ PetropavlAttractions.swift,\ PavlodarAttractions.swift,\ AtyrauAttractions.swift,\ KostanayAttractions.swift,\ TarazAttractions.swift,\ SemeyAttractions.swift,\ BurabayAttractions.swift,\ AktauAttractions.swift,\ KaragandaAttractions.swift,\ HaaDhaaluAtollAttractions.swift /Users/erders/Documents/TravelTap/TravelTap/Data/Countries/Asia/SoutheastAsia/Malaysia/Cities/FrasersHillAttractions.swift /Users/erders/Documents/TravelTap/TravelTap/Data/Countries/Asia/SoutheastAsia/Cambodia/Cities/KohRongSamloemAttractions.swift /Users/erders/Documents/TravelTap/TravelTap/Data/Countries/Asia/SoutheastAsia/Cambodia/Cities/KohKongAttractions.swift /Users/erders/Documents/TravelTap/TravelTap/Data/Countries/Asia/SoutheastAsia/Cambodia/Cities/PreahVihearAttractions.swift /Users/erders/Documents/TravelTap/TravelTap/Data/Countries/Asia/SoutheastAsia/Cambodia/Cities/TakeoAttractions.swift /Users/erders/Documents/TravelTap/TravelTap/Data/Countries/Asia/SoutheastAsia/Cambodia/Cities/KohRongAttractions.swift /Users/erders/Documents/TravelTap/TravelTap/Data/Countries/Asia/SoutheastAsia/Cambodia/Cities/KompongChamAttractions.swift /Users/erders/Documents/TravelTap/TravelTap/Data/Countries/Asia/MiddleEast/UAE/Cities/FujairahAttractions.swift /Users/erders/Documents/TravelTap/TravelTap/Data/Countries/Asia/MiddleEast/UAE/Cities/RasAlKhaimahAttractions.swift /Users/erders/Documents/TravelTap/TravelTap/Data/Countries/Asia/MiddleEast/UAE/Cities/UmmAlQuwainAttractions.swift /Users/erders/Documents/TravelTap/TravelTap/Data/Countries/Asia/MiddleEast/UAE/Cities/SharjahAttractions.swift /Users/erders/Documents/TravelTap/TravelTap/Data/Countries/Asia/MiddleEast/UAE/Cities/AjmanAttractions.swift /Users/erders/Documents/TravelTap/TravelTap/Data/Countries/Asia/MiddleEast/UAE/Cities/HattaAttractions.swift /Users/erders/Documents/TravelTap/TravelTap/Data/Countries/Asia/MiddleEast/UAE/Cities/AlAinAttractions.swift /Users/erders/Documents/TravelTap/TravelTap/Data/Countries/Asia/CentralAsia/Kazakhstan/Cities/ShymkentAttractions.swift /Users/erders/Documents/TravelTap/TravelTap/Data/Countries/Asia/CentralAsia/Kazakhstan/Cities/PetropavlAttractions.swift /Users/erders/Documents/TravelTap/TravelTap/Data/Countries/Asia/CentralAsia/Kazakhstan/Cities/PavlodarAttractions.swift /Users/erders/Documents/TravelTap/TravelTap/Data/Countries/Asia/CentralAsia/Kazakhstan/Cities/AtyrauAttractions.swift /Users/erders/Documents/TravelTap/TravelTap/Data/Countries/Asia/CentralAsia/Kazakhstan/Cities/KostanayAttractions.swift /Users/erders/Documents/TravelTap/TravelTap/Data/Countries/Asia/CentralAsia/Kazakhstan/Cities/TarazAttractions.swift /Users/erders/Documents/TravelTap/TravelTap/Data/Countries/Asia/CentralAsia/Kazakhstan/Cities/SemeyAttractions.swift /Users/erders/Documents/TravelTap/TravelTap/Data/Countries/Asia/CentralAsia/Kazakhstan/Cities/BurabayAttractions.swift /Users/erders/Documents/TravelTap/TravelTap/Data/Countries/Asia/CentralAsia/Kazakhstan/Cities/AktauAttractions.swift /Users/erders/Documents/TravelTap/TravelTap/Data/Countries/Asia/CentralAsia/Kazakhstan/Cities/KaragandaAttractions.swift /Users/erders/Documents/TravelTap/TravelTap/Data/Countries/Asia/SouthAsia/Maldives/Cities/HaaDhaaluAtollAttractions.swift (in target 'TravelTap' from project 'TravelTap')

SwiftCompile normal arm64 /Users/erders/Documents/TravelTap/TravelTap/Data/Countries/Asia/SoutheastAsia/Malaysia/Cities/FrasersHillAttractions.swift (in target 'TravelTap' from project 'TravelTap')
    cd /Users/erders/Documents/TravelTap
    

SwiftCompile normal arm64 /Users/erders/Documents/TravelTap/TravelTap/Data/Countries/Asia/SoutheastAsia/Cambodia/Cities/KohRongSamloemAttractions.swift (in target 'TravelTap' from project 'TravelTap')
    cd /Users/erders/Documents/TravelTap
    

SwiftCompile normal arm64 /Users/erders/Documents/TravelTap/TravelTap/Data/Countries/Asia/SoutheastAsia/Cambodia/Cities/KohKongAttractions.swift (in target 'TravelTap' from project 'TravelTap')
    cd /Users/erders/Documents/TravelTap
    

SwiftCompile normal arm64 /Users/erders/Documents/TravelTap/TravelTap/Data/Countries/Asia/SoutheastAsia/Cambodia/Cities/PreahVihearAttractions.swift (in target 'TravelTap' from project 'TravelTap')
    cd /Users/erders/Documents/TravelTap
    

SwiftCompile normal arm64 /Users/erders/Documents/TravelTap/TravelTap/Data/Countries/Asia/SoutheastAsia/Cambodia/Cities/TakeoAttractions.swift (in target 'TravelTap' from project 'TravelTap')
    cd /Users/erders/Documents/TravelTap
    

SwiftCompile normal arm64 /Users/erders/Documents/TravelTap/TravelTap/Data/Countries/Asia/SoutheastAsia/Cambodia/Cities/KohRongAttractions.swift (in target 'TravelTap' from project 'TravelTap')
    cd /Users/erders/Documents/TravelTap
    

SwiftCompile normal arm64 /Users/erders/Documents/TravelTap/TravelTap/Data/Countries/Asia/SoutheastAsia/Cambodia/Cities/KompongChamAttractions.swift (in target 'TravelTap' from project 'TravelTap')
    cd /Users/erders/Documents/TravelTap
    

SwiftCompile normal arm64 /Users/erders/Documents/TravelTap/TravelTap/Data/Countries/Asia/MiddleEast/UAE/Cities/FujairahAttractions.swift (in target 'TravelTap' from project 'TravelTap')
    cd /Users/erders/Documents/TravelTap
    

SwiftCompile normal arm64 /Users/erders/Documents/TravelTap/TravelTap/Data/Countries/Asia/MiddleEast/UAE/Cities/RasAlKhaimahAttractions.swift (in target 'TravelTap' from project 'TravelTap')
    cd /Users/erders/Documents/TravelTap
    

SwiftCompile normal arm64 /Users/erders/Documents/TravelTap/TravelTap/Data/Countries/Asia/MiddleEast/UAE/Cities/UmmAlQuwainAttractions.swift (in target 'TravelTap' from project 'TravelTap')
    cd /Users/erders/Documents/TravelTap
    

SwiftCompile normal arm64 /Users/erders/Documents/TravelTap/TravelTap/Data/Countries/Asia/MiddleEast/UAE/Cities/SharjahAttractions.swift (in target 'TravelTap' from project 'TravelTap')
    cd /Users/erders/Documents/TravelTap
    

SwiftCompile normal arm64 /Users/erders/Documents/TravelTap/TravelTap/Data/Countries/Asia/MiddleEast/UAE/Cities/AjmanAttractions.swift (in target 'TravelTap' from project 'TravelTap')
    cd /Users/erders/Documents/TravelTap
    

SwiftCompile normal arm64 /Users/erders/Documents/TravelTap/TravelTap/Data/Countries/Asia/MiddleEast/UAE/Cities/HattaAttractions.swift (in target 'TravelTap' from project 'TravelTap')
    cd /Users/erders/Documents/TravelTap
    

SwiftCompile normal arm64 /Users/erders/Documents/TravelTap/TravelTap/Data/Countries/Asia/MiddleEast/UAE/Cities/AlAinAttractions.swift (in target 'TravelTap' from project 'TravelTap')
    cd /Users/erders/Documents/TravelTap
    

SwiftCompile normal arm64 /Users/erders/Documents/TravelTap/TravelTap/Data/Countries/Asia/CentralAsia/Kazakhstan/Cities/ShymkentAttractions.swift (in target 'TravelTap' from project 'TravelTap')
    cd /Users/erders/Documents/TravelTap
    

SwiftCompile normal arm64 /Users/erders/Documents/TravelTap/TravelTap/Data/Countries/Asia/CentralAsia/Kazakhstan/Cities/PetropavlAttractions.swift (in target 'TravelTap' from project 'TravelTap')
    cd /Users/erders/Documents/TravelTap
    

SwiftCompile normal arm64 /Users/erders/Documents/TravelTap/TravelTap/Data/Countries/Asia/CentralAsia/Kazakhstan/Cities/PavlodarAttractions.swift (in target 'TravelTap' from project 'TravelTap')
    cd /Users/erders/Documents/TravelTap
    

SwiftCompile normal arm64 /Users/erders/Documents/TravelTap/TravelTap/Data/Countries/Asia/CentralAsia/Kazakhstan/Cities/AtyrauAttractions.swift (in target 'TravelTap' from project 'TravelTap')
    cd /Users/erders/Documents/TravelTap
    

SwiftCompile normal arm64 /Users/erders/Documents/TravelTap/TravelTap/Data/Countries/Asia/CentralAsia/Kazakhstan/Cities/KostanayAttractions.swift (in target 'TravelTap' from project 'TravelTap')
    cd /Users/erders/Documents/TravelTap
    

SwiftCompile normal arm64 /Users/erders/Documents/TravelTap/TravelTap/Data/Countries/Asia/CentralAsia/Kazakhstan/Cities/TarazAttractions.swift (in target 'TravelTap' from project 'TravelTap')
    cd /Users/erders/Documents/TravelTap
    

SwiftCompile normal arm64 /Users/erders/Documents/TravelTap/TravelTap/Data/Countries/Asia/CentralAsia/Kazakhstan/Cities/SemeyAttractions.swift (in target 'TravelTap' from project 'TravelTap')
    cd /Users/erders/Documents/TravelTap
    

SwiftCompile normal arm64 /Users/erders/Documents/TravelTap/TravelTap/Data/Countries/Asia/CentralAsia/Kazakhstan/Cities/BurabayAttractions.swift (in target 'TravelTap' from project 'TravelTap')
    cd /Users/erders/Documents/TravelTap
    

SwiftCompile normal arm64 /Users/erders/Documents/TravelTap/TravelTap/Data/Countries/Asia/CentralAsia/Kazakhstan/Cities/AktauAttractions.swift (in target 'TravelTap' from project 'TravelTap')
    cd /Users/erders/Documents/TravelTap
    

SwiftCompile normal arm64 /Users/erders/Documents/TravelTap/TravelTap/Data/Countries/Asia/CentralAsia/Kazakhstan/Cities/KaragandaAttractions.swift (in target 'TravelTap' from project 'TravelTap')
    cd /Users/erders/Documents/TravelTap
    

SwiftCompile normal arm64 /Users/erders/Documents/TravelTap/TravelTap/Data/Countries/Asia/SouthAsia/Maldives/Cities/HaaDhaaluAtollAttractions.swift (in target 'TravelTap' from project 'TravelTap')
    cd /Users/erders/Documents/TravelTap
    

SwiftDriverJobDiscovery normal arm64 Compiling SallaAttractions.swift, SavonlinnaAttractions.swift, KuopioAttractions.swift, JyvaskylaAttractions.swift, MikkeliAttractions.swift, LappeenrantaAttractions.swift, PorvooAttractions.swift, RaumaAttractions.swift, OuluAttractions.swift, VaasaAttractions.swift, AlandAttractions.swift, HankoAttractions.swift, FiskarsAttractions.swift, KotkaAttractions.swift, HaminaAttractions.swift, LahtiAttractions.swift, NaantaliAttractions.swift, HameenlinnaAttractions.swift, KoliAttractions.swift, RepovesiAttractions.swift, LemmenjokiAttractions.swift, OulankaAttractions.swift, NuuksioAttractions.swift, AlbiAttractions.swift, AnnecyAttractions.swift (in target 'TravelTap' from project 'TravelTap')

SwiftCompile normal arm64 Compiling\ LundAttractions.swift,\ KalmarAttractions.swift,\ HelsingborgAttractions.swift,\ KarlskronaAttractions.swift,\ AbiskoAttractions.swift,\ JokkmokkAttractions.swift,\ GallivareAttractions.swift,\ LuleaAttractions.swift,\ FalunAttractions.swift,\ MoraAttractions.swift,\ RattvikAttractions.swift,\ NusnasAttractions.swift,\ LeksandAttractions.swift,\ MarstrandAttractions.swift,\ SmogenAttractions.swift,\ FjallbackaAttractions.swift,\ LysekilAttractions.swift,\ OrebroAttractions.swift,\ LinkopingAttractions.swift,\ NorrkopingAttractions.swift,\ VasterasAttractions.swift,\ SigtunaAttractions.swift,\ YstadAttractions.swift,\ KristianstadAttractions.swift,\ SundsvallAttractions.swift /Users/erders/Documents/TravelTap/TravelTap/Data/Countries/Europe/Sweden/Cities/LundAttractions.swift /Users/erders/Documents/TravelTap/TravelTap/Data/Countries/Europe/Sweden/Cities/KalmarAttractions.swift /Users/erders/Documents/TravelTap/TravelTap/Data/Countries/Europe/Sweden/Cities/HelsingborgAttractions.swift /Users/erders/Documents/TravelTap/TravelTap/Data/Countries/Europe/Sweden/Cities/KarlskronaAttractions.swift /Users/erders/Documents/TravelTap/TravelTap/Data/Countries/Europe/Sweden/Cities/AbiskoAttractions.swift /Users/erders/Documents/TravelTap/TravelTap/Data/Countries/Europe/Sweden/Cities/JokkmokkAttractions.swift /Users/erders/Documents/TravelTap/TravelTap/Data/Countries/Europe/Sweden/Cities/GallivareAttractions.swift /Users/erders/Documents/TravelTap/TravelTap/Data/Countries/Europe/Sweden/Cities/LuleaAttractions.swift /Users/erders/Documents/TravelTap/TravelTap/Data/Countries/Europe/Sweden/Cities/FalunAttractions.swift /Users/erders/Documents/TravelTap/TravelTap/Data/Countries/Europe/Sweden/Cities/MoraAttractions.swift /Users/erders/Documents/TravelTap/TravelTap/Data/Countries/Europe/Sweden/Cities/RattvikAttractions.swift /Users/erders/Documents/TravelTap/TravelTap/Data/Countries/Europe/Sweden/Cities/NusnasAttractions.swift /Users/erders/Documents/TravelTap/TravelTap/Data/Countries/Europe/Sweden/Cities/LeksandAttractions.swift /Users/erders/Documents/TravelTap/TravelTap/Data/Countries/Europe/Sweden/Cities/MarstrandAttractions.swift /Users/erders/Documents/TravelTap/TravelTap/Data/Countries/Europe/Sweden/Cities/SmogenAttractions.swift /Users/erders/Documents/TravelTap/TravelTap/Data/Countries/Europe/Sweden/Cities/FjallbackaAttractions.swift /Users/erders/Documents/TravelTap/TravelTap/Data/Countries/Europe/Sweden/Cities/LysekilAttractions.swift /Users/erders/Documents/TravelTap/TravelTap/Data/Countries/Europe/Sweden/Cities/OrebroAttractions.swift /Users/erders/Documents/TravelTap/TravelTap/Data/Countries/Europe/Sweden/Cities/LinkopingAttractions.swift /Users/erders/Documents/TravelTap/TravelTap/Data/Countries/Europe/Sweden/Cities/NorrkopingAttractions.swift /Users/erders/Documents/TravelTap/TravelTap/Data/Countries/Europe/Sweden/Cities/VasterasAttractions.swift /Users/erders/Documents/TravelTap/TravelTap/Data/Countries/Europe/Sweden/Cities/SigtunaAttractions.swift /Users/erders/Documents/TravelTap/TravelTap/Data/Countries/Europe/Sweden/Cities/YstadAttractions.swift /Users/erders/Documents/TravelTap/TravelTap/Data/Countries/Europe/Sweden/Cities/KristianstadAttractions.swift /Users/erders/Documents/TravelTap/TravelTap/Data/Countries/Europe/Sweden/Cities/SundsvallAttractions.swift (in target 'TravelTap' from project 'TravelTap')

SwiftCompile normal arm64 /Users/erders/Documents/TravelTap/TravelTap/Data/Countries/Europe/Sweden/Cities/LundAttractions.swift (in target 'TravelTap' from project 'TravelTap')
    cd /Users/erders/Documents/TravelTap
    

SwiftCompile normal arm64 /Users/erders/Documents/TravelTap/TravelTap/Data/Countries/Europe/Sweden/Cities/KalmarAttractions.swift (in target 'TravelTap' from project 'TravelTap')
    cd /Users/erders/Documents/TravelTap
    

SwiftCompile normal arm64 /Users/erders/Documents/TravelTap/TravelTap/Data/Countries/Europe/Sweden/Cities/HelsingborgAttractions.swift (in target 'TravelTap' from project 'TravelTap')
    cd /Users/erders/Documents/TravelTap
    

SwiftCompile normal arm64 /Users/erders/Documents/TravelTap/TravelTap/Data/Countries/Europe/Sweden/Cities/KarlskronaAttractions.swift (in target 'TravelTap' from project 'TravelTap')
    cd /Users/erders/Documents/TravelTap
    

SwiftCompile normal arm64 /Users/erders/Documents/TravelTap/TravelTap/Data/Countries/Europe/Sweden/Cities/AbiskoAttractions.swift (in target 'TravelTap' from project 'TravelTap')
    cd /Users/erders/Documents/TravelTap
    

SwiftCompile normal arm64 /Users/erders/Documents/TravelTap/TravelTap/Data/Countries/Europe/Sweden/Cities/JokkmokkAttractions.swift (in target 'TravelTap' from project 'TravelTap')
    cd /Users/erders/Documents/TravelTap
    

SwiftCompile normal arm64 /Users/erders/Documents/TravelTap/TravelTap/Data/Countries/Europe/Sweden/Cities/GallivareAttractions.swift (in target 'TravelTap' from project 'TravelTap')
    cd /Users/erders/Documents/TravelTap
    

SwiftCompile normal arm64 /Users/erders/Documents/TravelTap/TravelTap/Data/Countries/Europe/Sweden/Cities/LuleaAttractions.swift (in target 'TravelTap' from project 'TravelTap')
    cd /Users/erders/Documents/TravelTap
    

SwiftCompile normal arm64 /Users/erders/Documents/TravelTap/TravelTap/Data/Countries/Europe/Sweden/Cities/FalunAttractions.swift (in target 'TravelTap' from project 'TravelTap')
    cd /Users/erders/Documents/TravelTap
    

SwiftCompile normal arm64 /Users/erders/Documents/TravelTap/TravelTap/Data/Countries/Europe/Sweden/Cities/MoraAttractions.swift (in target 'TravelTap' from project 'TravelTap')
    cd /Users/erders/Documents/TravelTap
    

SwiftCompile normal arm64 /Users/erders/Documents/TravelTap/TravelTap/Data/Countries/Europe/Sweden/Cities/RattvikAttractions.swift (in target 'TravelTap' from project 'TravelTap')
    cd /Users/erders/Documents/TravelTap
    

SwiftCompile normal arm64 /Users/erders/Documents/TravelTap/TravelTap/Data/Countries/Europe/Sweden/Cities/NusnasAttractions.swift (in target 'TravelTap' from project 'TravelTap')
    cd /Users/erders/Documents/TravelTap
    

SwiftCompile normal arm64 /Users/erders/Documents/TravelTap/TravelTap/Data/Countries/Europe/Sweden/Cities/LeksandAttractions.swift (in target 'TravelTap' from project 'TravelTap')
    cd /Users/erders/Documents/TravelTap
    

SwiftCompile normal arm64 /Users/erders/Documents/TravelTap/TravelTap/Data/Countries/Europe/Sweden/Cities/MarstrandAttractions.swift (in target 'TravelTap' from project 'TravelTap')
    cd /Users/erders/Documents/TravelTap
    

SwiftCompile normal arm64 /Users/erders/Documents/TravelTap/TravelTap/Data/Countries/Europe/Sweden/Cities/SmogenAttractions.swift (in target 'TravelTap' from project 'TravelTap')
    cd /Users/erders/Documents/TravelTap
    

SwiftCompile normal arm64 /Users/erders/Documents/TravelTap/TravelTap/Data/Countries/Europe/Sweden/Cities/FjallbackaAttractions.swift (in target 'TravelTap' from project 'TravelTap')
    cd /Users/erders/Documents/TravelTap
    

SwiftCompile normal arm64 /Users/erders/Documents/TravelTap/TravelTap/Data/Countries/Europe/Sweden/Cities/LysekilAttractions.swift (in target 'TravelTap' from project 'TravelTap')
    cd /Users/erders/Documents/TravelTap
    

SwiftCompile normal arm64 /Users/erders/Documents/TravelTap/TravelTap/Data/Countries/Europe/Sweden/Cities/OrebroAttractions.swift (in target 'TravelTap' from project 'TravelTap')
    cd /Users/erders/Documents/TravelTap
    

SwiftCompile normal arm64 /Users/erders/Documents/TravelTap/TravelTap/Data/Countries/Europe/Sweden/Cities/LinkopingAttractions.swift (in target 'TravelTap' from project 'TravelTap')
    cd /Users/erders/Documents/TravelTap
    

SwiftCompile normal arm64 /Users/erders/Documents/TravelTap/TravelTap/Data/Countries/Europe/Sweden/Cities/NorrkopingAttractions.swift (in target 'TravelTap' from project 'TravelTap')
    cd /Users/erders/Documents/TravelTap
    

SwiftCompile normal arm64 /Users/erders/Documents/TravelTap/TravelTap/Data/Countries/Europe/Sweden/Cities/VasterasAttractions.swift (in target 'TravelTap' from project 'TravelTap')
    cd /Users/erders/Documents/TravelTap
    

SwiftCompile normal arm64 /Users/erders/Documents/TravelTap/TravelTap/Data/Countries/Europe/Sweden/Cities/SigtunaAttractions.swift (in target 'TravelTap' from project 'TravelTap')
    cd /Users/erders/Documents/TravelTap
    

SwiftCompile normal arm64 /Users/erders/Documents/TravelTap/TravelTap/Data/Countries/Europe/Sweden/Cities/YstadAttractions.swift (in target 'TravelTap' from project 'TravelTap')
    cd /Users/erders/Documents/TravelTap
    

SwiftCompile normal arm64 /Users/erders/Documents/TravelTap/TravelTap/Data/Countries/Europe/Sweden/Cities/KristianstadAttractions.swift (in target 'TravelTap' from project 'TravelTap')
    cd /Users/erders/Documents/TravelTap
    

SwiftCompile normal arm64 /Users/erders/Documents/TravelTap/TravelTap/Data/Countries/Europe/Sweden/Cities/SundsvallAttractions.swift (in target 'TravelTap' from project 'TravelTap')
    cd /Users/erders/Documents/TravelTap
    

SwiftDriverJobDiscovery normal arm64 Compiling HaarlemAttractions.swift, GroningenAttractions.swift, GoudaAttractions.swift, DeventerAttractions.swift, WaddenIslandsAttractions.swift, AmersfoortAttractions.swift, LeeuwardenAttractions.swift, DordrechtAttractions.swift, NotablePlacesNetherlandsAttractions.swift, DelphiAttractions.swift, LesbosAttractions.swift, KosAttractions.swift, ZakynthosAttractions.swift, SkopelosAttractions.swift, SamosAttractions.swift, HydraAttractions.swift, FolegandrosAttractions.swift, SyrosAttractions.swift, NaxosAttractions.swift, PatmosAttractions.swift, PeloponneseAttractions.swift, KefaloniaAttractions.swift, TinosAttractions.swift, SerifosAttractions.swift, OlympiaAttractions.swift (in target 'TravelTap' from project 'TravelTap')

SwiftCompile normal arm64 Compiling\ SeefeldAttractions.swift,\ MayrhofenAttractions.swift,\ StubaitalAttractions.swift,\ OtztalAttractions.swift,\ GrossglocknerAttractions.swift,\ EisenstadtAttractions.swift,\ NeusiedlerSeeAttractions.swift,\ CarinthianLakesAttractions.swift,\ TyrolAttractionsAttractions.swift,\ GrazAttractions.swift,\ HallstattAttractions.swift,\ InnsbruckAttractions.swift,\ SalzburgAttractions.swift,\ ViennaAttractions.swift,\ BelarusPackage.swift,\ BrestAttractions.swift,\ GrodnoAttractions.swift,\ MinskAttractions.swift,\ NesvizhAttractions.swift,\ BelgiumPackage.swift,\ AntwerpAttractions.swift,\ BrugesAttractions.swift,\ BrusselsAttractions.swift,\ GhentAttractions.swift,\ LiegeAttractions.swift /Users/erders/Documents/TravelTap/TravelTap/Data/Countries/Europe/Austria/Cities/SeefeldAttractions.swift /Users/erders/Documents/TravelTap/TravelTap/Data/Countries/Europe/Austria/Cities/MayrhofenAttractions.swift /Users/erders/Documents/TravelTap/TravelTap/Data/Countries/Europe/Austria/Cities/StubaitalAttractions.swift /Users/erders/Documents/TravelTap/TravelTap/Data/Countries/Europe/Austria/Cities/OtztalAttractions.swift /Users/erders/Documents/TravelTap/TravelTap/Data/Countries/Europe/Austria/Cities/GrossglocknerAttractions.swift /Users/erders/Documents/TravelTap/TravelTap/Data/Countries/Europe/Austria/Cities/EisenstadtAttractions.swift /Users/erders/Documents/TravelTap/TravelTap/Data/Countries/Europe/Austria/Cities/NeusiedlerSeeAttractions.swift /Users/erders/Documents/TravelTap/TravelTap/Data/Countries/Europe/Austria/Cities/CarinthianLakesAttractions.swift /Users/erders/Documents/TravelTap/TravelTap/Data/Countries/Europe/Austria/Cities/TyrolAttractionsAttractions.swift /Users/erders/Documents/TravelTap/TravelTap/Data/Countries/Europe/Austria/Cities/GrazAttractions.swift /Users/erders/Documents/TravelTap/TravelTap/Data/Countries/Europe/Austria/Cities/HallstattAttractions.swift /Users/erders/Documents/TravelTap/TravelTap/Data/Countries/Europe/Austria/Cities/InnsbruckAttractions.swift /Users/erders/Documents/TravelTap/TravelTap/Data/Countries/Europe/Austria/Cities/SalzburgAttractions.swift /Users/erders/Documents/TravelTap/TravelTap/Data/Countries/Europe/Austria/Cities/ViennaAttractions.swift /Users/erders/Documents/TravelTap/TravelTap/Data/Countries/Europe/Belarus/BelarusPackage.swift /Users/erders/Documents/TravelTap/TravelTap/Data/Countries/Europe/Belarus/Cities/BrestAttractions.swift /Users/erders/Documents/TravelTap/TravelTap/Data/Countries/Europe/Belarus/Cities/GrodnoAttractions.swift /Users/erders/Documents/TravelTap/TravelTap/Data/Countries/Europe/Belarus/Cities/MinskAttractions.swift /Users/erders/Documents/TravelTap/TravelTap/Data/Countries/Europe/Belarus/Cities/NesvizhAttractions.swift /Users/erders/Documents/TravelTap/TravelTap/Data/Countries/Europe/Belgium/BelgiumPackage.swift /Users/erders/Documents/TravelTap/TravelTap/Data/Countries/Europe/Belgium/Cities/AntwerpAttractions.swift /Users/erders/Documents/TravelTap/TravelTap/Data/Countries/Europe/Belgium/Cities/BrugesAttractions.swift /Users/erders/Documents/TravelTap/TravelTap/Data/Countries/Europe/Belgium/Cities/BrusselsAttractions.swift /Users/erders/Documents/TravelTap/TravelTap/Data/Countries/Europe/Belgium/Cities/GhentAttractions.swift /Users/erders/Documents/TravelTap/TravelTap/Data/Countries/Europe/Belgium/Cities/LiegeAttractions.swift (in target 'TravelTap' from project 'TravelTap')

SwiftCompile normal arm64 /Users/erders/Documents/TravelTap/TravelTap/Data/Countries/Europe/Austria/Cities/SeefeldAttractions.swift (in target 'TravelTap' from project 'TravelTap')
    cd /Users/erders/Documents/TravelTap
    

SwiftCompile normal arm64 /Users/erders/Documents/TravelTap/TravelTap/Data/Countries/Europe/Austria/Cities/MayrhofenAttractions.swift (in target 'TravelTap' from project 'TravelTap')
    cd /Users/erders/Documents/TravelTap
    

SwiftCompile normal arm64 /Users/erders/Documents/TravelTap/TravelTap/Data/Countries/Europe/Austria/Cities/StubaitalAttractions.swift (in target 'TravelTap' from project 'TravelTap')
    cd /Users/erders/Documents/TravelTap
    

SwiftCompile normal arm64 /Users/erders/Documents/TravelTap/TravelTap/Data/Countries/Europe/Austria/Cities/OtztalAttractions.swift (in target 'TravelTap' from project 'TravelTap')
    cd /Users/erders/Documents/TravelTap
    

SwiftCompile normal arm64 /Users/erders/Documents/TravelTap/TravelTap/Data/Countries/Europe/Austria/Cities/GrossglocknerAttractions.swift (in target 'TravelTap' from project 'TravelTap')
    cd /Users/erders/Documents/TravelTap
    

SwiftCompile normal arm64 /Users/erders/Documents/TravelTap/TravelTap/Data/Countries/Europe/Austria/Cities/EisenstadtAttractions.swift (in target 'TravelTap' from project 'TravelTap')
    cd /Users/erders/Documents/TravelTap
    

SwiftCompile normal arm64 /Users/erders/Documents/TravelTap/TravelTap/Data/Countries/Europe/Austria/Cities/NeusiedlerSeeAttractions.swift (in target 'TravelTap' from project 'TravelTap')
    cd /Users/erders/Documents/TravelTap
    

SwiftCompile normal arm64 /Users/erders/Documents/TravelTap/TravelTap/Data/Countries/Europe/Austria/Cities/CarinthianLakesAttractions.swift (in target 'TravelTap' from project 'TravelTap')
    cd /Users/erders/Documents/TravelTap
    

SwiftCompile normal arm64 /Users/erders/Documents/TravelTap/TravelTap/Data/Countries/Europe/Austria/Cities/TyrolAttractionsAttractions.swift (in target 'TravelTap' from project 'TravelTap')
    cd /Users/erders/Documents/TravelTap
    

SwiftCompile normal arm64 /Users/erders/Documents/TravelTap/TravelTap/Data/Countries/Europe/Austria/Cities/GrazAttractions.swift (in target 'TravelTap' from project 'TravelTap')
    cd /Users/erders/Documents/TravelTap
    

SwiftCompile normal arm64 /Users/erders/Documents/TravelTap/TravelTap/Data/Countries/Europe/Austria/Cities/HallstattAttractions.swift (in target 'TravelTap' from project 'TravelTap')
    cd /Users/erders/Documents/TravelTap
    

SwiftCompile normal arm64 /Users/erders/Documents/TravelTap/TravelTap/Data/Countries/Europe/Austria/Cities/InnsbruckAttractions.swift (in target 'TravelTap' from project 'TravelTap')
    cd /Users/erders/Documents/TravelTap
    

SwiftCompile normal arm64 /Users/erders/Documents/TravelTap/TravelTap/Data/Countries/Europe/Austria/Cities/SalzburgAttractions.swift (in target 'TravelTap' from project 'TravelTap')
    cd /Users/erders/Documents/TravelTap
    

SwiftCompile normal arm64 /Users/erders/Documents/TravelTap/TravelTap/Data/Countries/Europe/Austria/Cities/ViennaAttractions.swift (in target 'TravelTap' from project 'TravelTap')
    cd /Users/erders/Documents/TravelTap
    

SwiftCompile normal arm64 /Users/erders/Documents/TravelTap/TravelTap/Data/Countries/Europe/Belarus/BelarusPackage.swift (in target 'TravelTap' from project 'TravelTap')
    cd /Users/erders/Documents/TravelTap
    

SwiftCompile normal arm64 /Users/erders/Documents/TravelTap/TravelTap/Data/Countries/Europe/Belarus/Cities/BrestAttractions.swift (in target 'TravelTap' from project 'TravelTap')
    cd /Users/erders/Documents/TravelTap
    

SwiftCompile normal arm64 /Users/erders/Documents/TravelTap/TravelTap/Data/Countries/Europe/Belarus/Cities/GrodnoAttractions.swift (in target 'TravelTap' from project 'TravelTap')
    cd /Users/erders/Documents/TravelTap
    

SwiftCompile normal arm64 /Users/erders/Documents/TravelTap/TravelTap/Data/Countries/Europe/Belarus/Cities/MinskAttractions.swift (in target 'TravelTap' from project 'TravelTap')
    cd /Users/erders/Documents/TravelTap
    

SwiftCompile normal arm64 /Users/erders/Documents/TravelTap/TravelTap/Data/Countries/Europe/Belarus/Cities/NesvizhAttractions.swift (in target 'TravelTap' from project 'TravelTap')
    cd /Users/erders/Documents/TravelTap
    

SwiftCompile normal arm64 /Users/erders/Documents/TravelTap/TravelTap/Data/Countries/Europe/Belgium/BelgiumPackage.swift (in target 'TravelTap' from project 'TravelTap')
    cd /Users/erders/Documents/TravelTap
    

SwiftCompile normal arm64 /Users/erders/Documents/TravelTap/TravelTap/Data/Countries/Europe/Belgium/Cities/AntwerpAttractions.swift (in target 'TravelTap' from project 'TravelTap')
    cd /Users/erders/Documents/TravelTap
    

SwiftCompile normal arm64 /Users/erders/Documents/TravelTap/TravelTap/Data/Countries/Europe/Belgium/Cities/BrugesAttractions.swift (in target 'TravelTap' from project 'TravelTap')
    cd /Users/erders/Documents/TravelTap
    

SwiftCompile normal arm64 /Users/erders/Documents/TravelTap/TravelTap/Data/Countries/Europe/Belgium/Cities/BrusselsAttractions.swift (in target 'TravelTap' from project 'TravelTap')
    cd /Users/erders/Documents/TravelTap
    

SwiftCompile normal arm64 /Users/erders/Documents/TravelTap/TravelTap/Data/Countries/Europe/Belgium/Cities/GhentAttractions.swift (in target 'TravelTap' from project 'TravelTap')
    cd /Users/erders/Documents/TravelTap
    

SwiftCompile normal arm64 /Users/erders/Documents/TravelTap/TravelTap/Data/Countries/Europe/Belgium/Cities/LiegeAttractions.swift (in target 'TravelTap' from project 'TravelTap')
    cd /Users/erders/Documents/TravelTap
    

SwiftDriverJobDiscovery normal arm64 Compiling EtretatAttractions.swift, AntibesAttractions.swift, AixEnProvenceAttractions.swift, NimesAttractions.swift, BiarritzAttractions.swift, SaintMaloAttractions.swift, VersaillesAttractions.swift, NantesAttractions.swift, BayonneAttractions.swift, RouenAttractions.swift, MontpellierAttractions.swift, DijonAttractions.swift, RennesAttractions.swift, ArlesAttractions.swift, AvignonAttractions.swift, BrightonAttractions.swift, PeakDistrictAttractions.swift, DurhamAttractions.swift, PortsmouthAttractions.swift, StratfordUponAvonAttractions.swift, BristolAttractions.swift, PlymouthAttractions.swift, NorwichAttractions.swift, ExeterAttractions.swift, BathAttractions.swift (in target 'TravelTap' from project 'TravelTap')

SwiftCompile normal arm64 Compiling\ AalstAttractions.swift,\ TournaiAttractions.swift,\ NamurAttractions.swift,\ BornholmAttractions.swift,\ VejleAttractions.swift,\ RoskildeAttractions.swift,\ RebildAttractions.swift,\ ViborgAttractions.swift,\ SilkeborgAttractions.swift,\ FunenAttractions.swift,\ RibeAttractions.swift,\ GreenlandAttractions.swift,\ DanishRivieraAttractions.swift,\ BillundAttractions.swift,\ MariagerAttractions.swift,\ SkagenAttractions.swift,\ SouthZealandAttractions.swift,\ FaroeIslandsAttractions.swift,\ HelsingorAttractions.swift,\ EsbjergAttractions.swift,\ HerningAttractions.swift,\ KoldingAttractions.swift,\ FredericiaAttractions.swift,\ SamsoAttractions.swift,\ NyborgAttractions.swift /Users/erders/Documents/TravelTap/TravelTap/Data/Countries/Europe/Belgium/Cities/AalstAttractions.swift /Users/erders/Documents/TravelTap/TravelTap/Data/Countries/Europe/Belgium/Cities/TournaiAttractions.swift /Users/erders/Documents/TravelTap/TravelTap/Data/Countries/Europe/Belgium/Cities/NamurAttractions.swift /Users/erders/Documents/TravelTap/TravelTap/Data/Countries/Europe/Denmark/Cities/BornholmAttractions.swift /Users/erders/Documents/TravelTap/TravelTap/Data/Countries/Europe/Denmark/Cities/VejleAttractions.swift /Users/erders/Documents/TravelTap/TravelTap/Data/Countries/Europe/Denmark/Cities/RoskildeAttractions.swift /Users/erders/Documents/TravelTap/TravelTap/Data/Countries/Europe/Denmark/Cities/RebildAttractions.swift /Users/erders/Documents/TravelTap/TravelTap/Data/Countries/Europe/Denmark/Cities/ViborgAttractions.swift /Users/erders/Documents/TravelTap/TravelTap/Data/Countries/Europe/Denmark/Cities/SilkeborgAttractions.swift /Users/erders/Documents/TravelTap/TravelTap/Data/Countries/Europe/Denmark/Cities/FunenAttractions.swift /Users/erders/Documents/TravelTap/TravelTap/Data/Countries/Europe/Denmark/Cities/RibeAttractions.swift /Users/erders/Documents/TravelTap/TravelTap/Data/Countries/Europe/Denmark/Cities/GreenlandAttractions.swift /Users/erders/Documents/TravelTap/TravelTap/Data/Countries/Europe/Denmark/Cities/DanishRivieraAttractions.swift /Users/erders/Documents/TravelTap/TravelTap/Data/Countries/Europe/Denmark/Cities/BillundAttractions.swift /Users/erders/Documents/TravelTap/TravelTap/Data/Countries/Europe/Denmark/Cities/MariagerAttractions.swift /Users/erders/Documents/TravelTap/TravelTap/Data/Countries/Europe/Denmark/Cities/SkagenAttractions.swift /Users/erders/Documents/TravelTap/TravelTap/Data/Countries/Europe/Denmark/Cities/SouthZealandAttractions.swift /Users/erders/Documents/TravelTap/TravelTap/Data/Countries/Europe/Denmark/Cities/FaroeIslandsAttractions.swift /Users/erders/Documents/TravelTap/TravelTap/Data/Countries/Europe/Denmark/Cities/HelsingorAttractions.swift /Users/erders/Documents/TravelTap/TravelTap/Data/Countries/Europe/Denmark/Cities/EsbjergAttractions.swift /Users/erders/Documents/TravelTap/TravelTap/Data/Countries/Europe/Denmark/Cities/HerningAttractions.swift /Users/erders/Documents/TravelTap/TravelTap/Data/Countries/Europe/Denmark/Cities/KoldingAttractions.swift /Users/erders/Documents/TravelTap/TravelTap/Data/Countries/Europe/Denmark/Cities/FredericiaAttractions.swift /Users/erders/Documents/TravelTap/TravelTap/Data/Countries/Europe/Denmark/Cities/SamsoAttractions.swift /Users/erders/Documents/TravelTap/TravelTap/Data/Countries/Europe/Denmark/Cities/NyborgAttractions.swift (in target 'TravelTap' from project 'TravelTap')

SwiftCompile normal arm64 /Users/erders/Documents/TravelTap/TravelTap/Data/Countries/Europe/Belgium/Cities/AalstAttractions.swift (in target 'TravelTap' from project 'TravelTap')
    cd /Users/erders/Documents/TravelTap
    

SwiftCompile normal arm64 /Users/erders/Documents/TravelTap/TravelTap/Data/Countries/Europe/Belgium/Cities/TournaiAttractions.swift (in target 'TravelTap' from project 'TravelTap')
    cd /Users/erders/Documents/TravelTap
    

SwiftCompile normal arm64 /Users/erders/Documents/TravelTap/TravelTap/Data/Countries/Europe/Belgium/Cities/NamurAttractions.swift (in target 'TravelTap' from project 'TravelTap')
    cd /Users/erders/Documents/TravelTap
    

SwiftCompile normal arm64 /Users/erders/Documents/TravelTap/TravelTap/Data/Countries/Europe/Denmark/Cities/BornholmAttractions.swift (in target 'TravelTap' from project 'TravelTap')
    cd /Users/erders/Documents/TravelTap
    

SwiftCompile normal arm64 /Users/erders/Documents/TravelTap/TravelTap/Data/Countries/Europe/Denmark/Cities/VejleAttractions.swift (in target 'TravelTap' from project 'TravelTap')
    cd /Users/erders/Documents/TravelTap
    

SwiftCompile normal arm64 /Users/erders/Documents/TravelTap/TravelTap/Data/Countries/Europe/Denmark/Cities/RoskildeAttractions.swift (in target 'TravelTap' from project 'TravelTap')
    cd /Users/erders/Documents/TravelTap
    

SwiftCompile normal arm64 /Users/erders/Documents/TravelTap/TravelTap/Data/Countries/Europe/Denmark/Cities/RebildAttractions.swift (in target 'TravelTap' from project 'TravelTap')
    cd /Users/erders/Documents/TravelTap
    

SwiftCompile normal arm64 /Users/erders/Documents/TravelTap/TravelTap/Data/Countries/Europe/Denmark/Cities/ViborgAttractions.swift (in target 'TravelTap' from project 'TravelTap')
    cd /Users/erders/Documents/TravelTap
    

SwiftCompile normal arm64 /Users/erders/Documents/TravelTap/TravelTap/Data/Countries/Europe/Denmark/Cities/SilkeborgAttractions.swift (in target 'TravelTap' from project 'TravelTap')
    cd /Users/erders/Documents/TravelTap
    

SwiftCompile normal arm64 /Users/erders/Documents/TravelTap/TravelTap/Data/Countries/Europe/Denmark/Cities/FunenAttractions.swift (in target 'TravelTap' from project 'TravelTap')
    cd /Users/erders/Documents/TravelTap
    

SwiftCompile normal arm64 /Users/erders/Documents/TravelTap/TravelTap/Data/Countries/Europe/Denmark/Cities/RibeAttractions.swift (in target 'TravelTap' from project 'TravelTap')
    cd /Users/erders/Documents/TravelTap
    

SwiftCompile normal arm64 /Users/erders/Documents/TravelTap/TravelTap/Data/Countries/Europe/Denmark/Cities/GreenlandAttractions.swift (in target 'TravelTap' from project 'TravelTap')
    cd /Users/erders/Documents/TravelTap
    

SwiftCompile normal arm64 /Users/erders/Documents/TravelTap/TravelTap/Data/Countries/Europe/Denmark/Cities/DanishRivieraAttractions.swift (in target 'TravelTap' from project 'TravelTap')
    cd /Users/erders/Documents/TravelTap
    

SwiftCompile normal arm64 /Users/erders/Documents/TravelTap/TravelTap/Data/Countries/Europe/Denmark/Cities/BillundAttractions.swift (in target 'TravelTap' from project 'TravelTap')
    cd /Users/erders/Documents/TravelTap
    

SwiftCompile normal arm64 /Users/erders/Documents/TravelTap/TravelTap/Data/Countries/Europe/Denmark/Cities/MariagerAttractions.swift (in target 'TravelTap' from project 'TravelTap')
    cd /Users/erders/Documents/TravelTap
    

SwiftCompile normal arm64 /Users/erders/Documents/TravelTap/TravelTap/Data/Countries/Europe/Denmark/Cities/SkagenAttractions.swift (in target 'TravelTap' from project 'TravelTap')
    cd /Users/erders/Documents/TravelTap
    

SwiftCompile normal arm64 /Users/erders/Documents/TravelTap/TravelTap/Data/Countries/Europe/Denmark/Cities/SouthZealandAttractions.swift (in target 'TravelTap' from project 'TravelTap')
    cd /Users/erders/Documents/TravelTap
    

SwiftCompile normal arm64 /Users/erders/Documents/TravelTap/TravelTap/Data/Countries/Europe/Denmark/Cities/FaroeIslandsAttractions.swift (in target 'TravelTap' from project 'TravelTap')
    cd /Users/erders/Documents/TravelTap
    

SwiftCompile normal arm64 /Users/erders/Documents/TravelTap/TravelTap/Data/Countries/Europe/Denmark/Cities/HelsingorAttractions.swift (in target 'TravelTap' from project 'TravelTap')
    cd /Users/erders/Documents/TravelTap
    

SwiftCompile normal arm64 /Users/erders/Documents/TravelTap/TravelTap/Data/Countries/Europe/Denmark/Cities/EsbjergAttractions.swift (in target 'TravelTap' from project 'TravelTap')
    cd /Users/erders/Documents/TravelTap
    

SwiftCompile normal arm64 /Users/erders/Documents/TravelTap/TravelTap/Data/Countries/Europe/Denmark/Cities/HerningAttractions.swift (in target 'TravelTap' from project 'TravelTap')
    cd /Users/erders/Documents/TravelTap
    

SwiftCompile normal arm64 /Users/erders/Documents/TravelTap/TravelTap/Data/Countries/Europe/Denmark/Cities/KoldingAttractions.swift (in target 'TravelTap' from project 'TravelTap')
    cd /Users/erders/Documents/TravelTap
    

SwiftCompile normal arm64 /Users/erders/Documents/TravelTap/TravelTap/Data/Countries/Europe/Denmark/Cities/FredericiaAttractions.swift (in target 'TravelTap' from project 'TravelTap')
    cd /Users/erders/Documents/TravelTap
    

SwiftCompile normal arm64 /Users/erders/Documents/TravelTap/TravelTap/Data/Countries/Europe/Denmark/Cities/SamsoAttractions.swift (in target 'TravelTap' from project 'TravelTap')
    cd /Users/erders/Documents/TravelTap
    

SwiftCompile normal arm64 /Users/erders/Documents/TravelTap/TravelTap/Data/Countries/Europe/Denmark/Cities/NyborgAttractions.swift (in target 'TravelTap' from project 'TravelTap')
    cd /Users/erders/Documents/TravelTap
    

SwiftDriverJobDiscovery normal arm64 Compiling KaliningradAttractions.swift, YekaterinburgAttractions.swift, PermAttractions.swift, LakeBaikalAttractions.swift, VladivostokAttractions.swift, KamchatkaAttractions.swift, KrasnodarRegionAttractions.swift, SanMarinoCityAttractions.swift, SanMarinoPackage.swift, EdinburghAttractions.swift, GlasgowAttractions.swift, InvernessAttractions.swift, StAndrewsAttractions.swift, ScotlandPackage.swift, BelgradeAttractions.swift, NisAttractions.swift, NoviSadAttractions.swift, SuboticaAttractions.swift, SerbiaPackage.swift, BojniceAttractions.swift, BratislavaAttractions.swift, HighTatrasAttractions.swift, KosiceAttractions.swift, SlovakiaPackage.swift, BledAttractions.swift (in target 'TravelTap' from project 'TravelTap')

SwiftCompile normal arm64 Compiling\ SmolyanAttractions.swift,\ MadaraAttractions.swift,\ ShumenAttractions.swift,\ BelogradchikAttractions.swift,\ PerperikonAttractions.swift,\ RousseAttractions.swift,\ KardzhaliAttractions.swift,\ PamporovoAttractions.swift,\ LovechAttractions.swift,\ HisaryaAttractions.swift,\ NessebarAttractions.swift,\ BorovetsAttractions.swift,\ MelnikAttractions.swift,\ SunnyBeachAttractions.swift,\ KazanlakAttractions.swift,\ SozopolAttractions.swift,\ RilaAttractions.swift,\ BanskoAttractions.swift,\ BurgasAttractions.swift,\ TryavnaAttractions.swift,\ KoprivshtitsaAttractions.swift,\ TransfagarasanAttractions.swift,\ AlbaIuliaAttractions.swift,\ BicazAttractions.swift /Users/erders/Documents/TravelTap/TravelTap/Data/Countries/Europe/Bulgaria/Cities/SmolyanAttractions.swift /Users/erders/Documents/TravelTap/TravelTap/Data/Countries/Europe/Bulgaria/Cities/MadaraAttractions.swift /Users/erders/Documents/TravelTap/TravelTap/Data/Countries/Europe/Bulgaria/Cities/ShumenAttractions.swift /Users/erders/Documents/TravelTap/TravelTap/Data/Countries/Europe/Bulgaria/Cities/BelogradchikAttractions.swift /Users/erders/Documents/TravelTap/TravelTap/Data/Countries/Europe/Bulgaria/Cities/PerperikonAttractions.swift /Users/erders/Documents/TravelTap/TravelTap/Data/Countries/Europe/Bulgaria/Cities/RousseAttractions.swift /Users/erders/Documents/TravelTap/TravelTap/Data/Countries/Europe/Bulgaria/Cities/KardzhaliAttractions.swift /Users/erders/Documents/TravelTap/TravelTap/Data/Countries/Europe/Bulgaria/Cities/PamporovoAttractions.swift /Users/erders/Documents/TravelTap/TravelTap/Data/Countries/Europe/Bulgaria/Cities/LovechAttractions.swift /Users/erders/Documents/TravelTap/TravelTap/Data/Countries/Europe/Bulgaria/Cities/HisaryaAttractions.swift /Users/erders/Documents/TravelTap/TravelTap/Data/Countries/Europe/Bulgaria/Cities/NessebarAttractions.swift /Users/erders/Documents/TravelTap/TravelTap/Data/Countries/Europe/Bulgaria/Cities/BorovetsAttractions.swift /Users/erders/Documents/TravelTap/TravelTap/Data/Countries/Europe/Bulgaria/Cities/MelnikAttractions.swift /Users/erders/Documents/TravelTap/TravelTap/Data/Countries/Europe/Bulgaria/Cities/SunnyBeachAttractions.swift /Users/erders/Documents/TravelTap/TravelTap/Data/Countries/Europe/Bulgaria/Cities/KazanlakAttractions.swift /Users/erders/Documents/TravelTap/TravelTap/Data/Countries/Europe/Bulgaria/Cities/SozopolAttractions.swift /Users/erders/Documents/TravelTap/TravelTap/Data/Countries/Europe/Bulgaria/Cities/RilaAttractions.swift /Users/erders/Documents/TravelTap/TravelTap/Data/Countries/Europe/Bulgaria/Cities/BanskoAttractions.swift /Users/erders/Documents/TravelTap/TravelTap/Data/Countries/Europe/Bulgaria/Cities/BurgasAttractions.swift /Users/erders/Documents/TravelTap/TravelTap/Data/Countries/Europe/Bulgaria/Cities/TryavnaAttractions.swift /Users/erders/Documents/TravelTap/TravelTap/Data/Countries/Europe/Bulgaria/Cities/KoprivshtitsaAttractions.swift /Users/erders/Documents/TravelTap/TravelTap/Data/Countries/Europe/Romania/Cities/TransfagarasanAttractions.swift /Users/erders/Documents/TravelTap/TravelTap/Data/Countries/Europe/Romania/Cities/AlbaIuliaAttractions.swift /Users/erders/Documents/TravelTap/TravelTap/Data/Countries/Europe/Romania/Cities/BicazAttractions.swift (in target 'TravelTap' from project 'TravelTap')

SwiftCompile normal arm64 /Users/erders/Documents/TravelTap/TravelTap/Data/Countries/Europe/Bulgaria/Cities/SmolyanAttractions.swift (in target 'TravelTap' from project 'TravelTap')
    cd /Users/erders/Documents/TravelTap
    

SwiftCompile normal arm64 /Users/erders/Documents/TravelTap/TravelTap/Data/Countries/Europe/Bulgaria/Cities/MadaraAttractions.swift (in target 'TravelTap' from project 'TravelTap')
    cd /Users/erders/Documents/TravelTap
    

SwiftCompile normal arm64 /Users/erders/Documents/TravelTap/TravelTap/Data/Countries/Europe/Bulgaria/Cities/ShumenAttractions.swift (in target 'TravelTap' from project 'TravelTap')
    cd /Users/erders/Documents/TravelTap
    

SwiftCompile normal arm64 /Users/erders/Documents/TravelTap/TravelTap/Data/Countries/Europe/Bulgaria/Cities/BelogradchikAttractions.swift (in target 'TravelTap' from project 'TravelTap')
    cd /Users/erders/Documents/TravelTap
    

SwiftCompile normal arm64 /Users/erders/Documents/TravelTap/TravelTap/Data/Countries/Europe/Bulgaria/Cities/PerperikonAttractions.swift (in target 'TravelTap' from project 'TravelTap')
    cd /Users/erders/Documents/TravelTap
    

SwiftCompile normal arm64 /Users/erders/Documents/TravelTap/TravelTap/Data/Countries/Europe/Bulgaria/Cities/RousseAttractions.swift (in target 'TravelTap' from project 'TravelTap')
    cd /Users/erders/Documents/TravelTap
    

SwiftCompile normal arm64 /Users/erders/Documents/TravelTap/TravelTap/Data/Countries/Europe/Bulgaria/Cities/KardzhaliAttractions.swift (in target 'TravelTap' from project 'TravelTap')
    cd /Users/erders/Documents/TravelTap
    

SwiftCompile normal arm64 /Users/erders/Documents/TravelTap/TravelTap/Data/Countries/Europe/Bulgaria/Cities/PamporovoAttractions.swift (in target 'TravelTap' from project 'TravelTap')
    cd /Users/erders/Documents/TravelTap
    

SwiftCompile normal arm64 /Users/erders/Documents/TravelTap/TravelTap/Data/Countries/Europe/Bulgaria/Cities/LovechAttractions.swift (in target 'TravelTap' from project 'TravelTap')
    cd /Users/erders/Documents/TravelTap
    

SwiftCompile normal arm64 /Users/erders/Documents/TravelTap/TravelTap/Data/Countries/Europe/Bulgaria/Cities/HisaryaAttractions.swift (in target 'TravelTap' from project 'TravelTap')
    cd /Users/erders/Documents/TravelTap
    

SwiftCompile normal arm64 /Users/erders/Documents/TravelTap/TravelTap/Data/Countries/Europe/Bulgaria/Cities/NessebarAttractions.swift (in target 'TravelTap' from project 'TravelTap')
    cd /Users/erders/Documents/TravelTap
    

SwiftCompile normal arm64 /Users/erders/Documents/TravelTap/TravelTap/Data/Countries/Europe/Bulgaria/Cities/BorovetsAttractions.swift (in target 'TravelTap' from project 'TravelTap')
    cd /Users/erders/Documents/TravelTap
    

SwiftCompile normal arm64 /Users/erders/Documents/TravelTap/TravelTap/Data/Countries/Europe/Bulgaria/Cities/MelnikAttractions.swift (in target 'TravelTap' from project 'TravelTap')
    cd /Users/erders/Documents/TravelTap
    

SwiftCompile normal arm64 /Users/erders/Documents/TravelTap/TravelTap/Data/Countries/Europe/Bulgaria/Cities/SunnyBeachAttractions.swift (in target 'TravelTap' from project 'TravelTap')
    cd /Users/erders/Documents/TravelTap
    

SwiftCompile normal arm64 /Users/erders/Documents/TravelTap/TravelTap/Data/Countries/Europe/Bulgaria/Cities/KazanlakAttractions.swift (in target 'TravelTap' from project 'TravelTap')
    cd /Users/erders/Documents/TravelTap
    

SwiftCompile normal arm64 /Users/erders/Documents/TravelTap/TravelTap/Data/Countries/Europe/Bulgaria/Cities/SozopolAttractions.swift (in target 'TravelTap' from project 'TravelTap')
    cd /Users/erders/Documents/TravelTap
    

SwiftCompile normal arm64 /Users/erders/Documents/TravelTap/TravelTap/Data/Countries/Europe/Bulgaria/Cities/RilaAttractions.swift (in target 'TravelTap' from project 'TravelTap')
    cd /Users/erders/Documents/TravelTap
    

SwiftCompile normal arm64 /Users/erders/Documents/TravelTap/TravelTap/Data/Countries/Europe/Bulgaria/Cities/BanskoAttractions.swift (in target 'TravelTap' from project 'TravelTap')
    cd /Users/erders/Documents/TravelTap
    

SwiftCompile normal arm64 /Users/erders/Documents/TravelTap/TravelTap/Data/Countries/Europe/Bulgaria/Cities/BurgasAttractions.swift (in target 'TravelTap' from project 'TravelTap')
    cd /Users/erders/Documents/TravelTap
    

SwiftCompile normal arm64 /Users/erders/Documents/TravelTap/TravelTap/Data/Countries/Europe/Bulgaria/Cities/TryavnaAttractions.swift (in target 'TravelTap' from project 'TravelTap')
    cd /Users/erders/Documents/TravelTap
    

SwiftCompile normal arm64 /Users/erders/Documents/TravelTap/TravelTap/Data/Countries/Europe/Bulgaria/Cities/KoprivshtitsaAttractions.swift (in target 'TravelTap' from project 'TravelTap')
    cd /Users/erders/Documents/TravelTap
    

SwiftCompile normal arm64 /Users/erders/Documents/TravelTap/TravelTap/Data/Countries/Europe/Romania/Cities/TransfagarasanAttractions.swift (in target 'TravelTap' from project 'TravelTap')
    cd /Users/erders/Documents/TravelTap
    

SwiftCompile normal arm64 /Users/erders/Documents/TravelTap/TravelTap/Data/Countries/Europe/Romania/Cities/AlbaIuliaAttractions.swift (in target 'TravelTap' from project 'TravelTap')
    cd /Users/erders/Documents/TravelTap
    

SwiftCompile normal arm64 /Users/erders/Documents/TravelTap/TravelTap/Data/Countries/Europe/Romania/Cities/BicazAttractions.swift (in target 'TravelTap' from project 'TravelTap')
    cd /Users/erders/Documents/TravelTap
    

SwiftDriverJobDiscovery normal arm64 Compiling OkavangoAttractions.swift, TsodiloAttractions.swift, GaboroneAttractions.swift, KgalagadiAttractions.swift, TuliBlockAttractions.swift, ChobeAttractions.swift, JohannesburgAttractions.swift, CapeTownAttractions.swift, DurbanAttractions.swift, ZululandAttractions.swift, NorthWestAttractions.swift, DrakensbergAttractions.swift, PretoriaAttractions.swift, MarrakechAttractions.swift, CasablancaAttractions.swift, TangierAttractions.swift, OuarzazateAttractions.swift, AgadirAttractions.swift, TinghirAttractions.swift, MerzougaAttractions.swift, RabatAttractions.swift, MeknesAttractions.swift, FesAttractions.swift, ChefchaouenAttractions.swift (in target 'TravelTap' from project 'TravelTap')

SwiftCompile normal arm64 Compiling\ LaLibertadAttractions.swift,\ RutaDeLasFloresAttractions.swift,\ SanMiguelESAttractions.swift,\ SanSalvadorAttractions.swift,\ SantaAnaAttractions.swift,\ SuchitotoAttractions.swift,\ ElSalvadorPackage.swift,\ CarriacouAttractions.swift,\ GrandAnseAttractions.swift,\ GrenadaStJohnAttractions.swift,\ PetiteMartiniqueAttractions.swift,\ StDavidAttractions.swift,\ StGeorgesAttractions.swift,\ StMarkAttractions.swift,\ StPatrickAttractions.swift,\ GrenadaPackage.swift,\ GuatemalaAttractions.swift,\ GuatemalaPackage.swift,\ CapHaitienAttractions.swift,\ CotesDesArcadinsAttractions.swift,\ IleAVacheAttractions.swift,\ JacmelAttractions.swift,\ KenscoffAttractions.swift,\ LesCayesAttractions.swift,\ PortAuPrinceAttractions.swift /Users/erders/Documents/TravelTap/TravelTap/Data/Countries/CentralAmerica/ElSalvador/Cities/LaLibertadAttractions.swift /Users/erders/Documents/TravelTap/TravelTap/Data/Countries/CentralAmerica/ElSalvador/Cities/RutaDeLasFloresAttractions.swift /Users/erders/Documents/TravelTap/TravelTap/Data/Countries/CentralAmerica/ElSalvador/Cities/SanMiguelESAttractions.swift /Users/erders/Documents/TravelTap/TravelTap/Data/Countries/CentralAmerica/ElSalvador/Cities/SanSalvadorAttractions.swift /Users/erders/Documents/TravelTap/TravelTap/Data/Countries/CentralAmerica/ElSalvador/Cities/SantaAnaAttractions.swift /Users/erders/Documents/TravelTap/TravelTap/Data/Countries/CentralAmerica/ElSalvador/Cities/SuchitotoAttractions.swift /Users/erders/Documents/TravelTap/TravelTap/Data/Countries/CentralAmerica/ElSalvador/ElSalvadorPackage.swift /Users/erders/Documents/TravelTap/TravelTap/Data/Countries/CentralAmerica/Grenada/Cities/CarriacouAttractions.swift /Users/erders/Documents/TravelTap/TravelTap/Data/Countries/CentralAmerica/Grenada/Cities/GrandAnseAttractions.swift /Users/erders/Documents/TravelTap/TravelTap/Data/Countries/CentralAmerica/Grenada/Cities/GrenadaStJohnAttractions.swift /Users/erders/Documents/TravelTap/TravelTap/Data/Countries/CentralAmerica/Grenada/Cities/PetiteMartiniqueAttractions.swift /Users/erders/Documents/TravelTap/TravelTap/Data/Countries/CentralAmerica/Grenada/Cities/StDavidAttractions.swift /Users/erders/Documents/TravelTap/TravelTap/Data/Countries/CentralAmerica/Grenada/Cities/StGeorgesAttractions.swift /Users/erders/Documents/TravelTap/TravelTap/Data/Countries/CentralAmerica/Grenada/Cities/StMarkAttractions.swift /Users/erders/Documents/TravelTap/TravelTap/Data/Countries/CentralAmerica/Grenada/Cities/StPatrickAttractions.swift /Users/erders/Documents/TravelTap/TravelTap/Data/Countries/CentralAmerica/Grenada/GrenadaPackage.swift /Users/erders/Documents/TravelTap/TravelTap/Data/Countries/CentralAmerica/Guatemala/Cities/GuatemalaAttractions.swift /Users/erders/Documents/TravelTap/TravelTap/Data/Countries/CentralAmerica/Guatemala/GuatemalaPackage.swift /Users/erders/Documents/TravelTap/TravelTap/Data/Countries/CentralAmerica/Haiti/Cities/CapHaitienAttractions.swift /Users/erders/Documents/TravelTap/TravelTap/Data/Countries/CentralAmerica/Haiti/Cities/CotesDesArcadinsAttractions.swift /Users/erders/Documents/TravelTap/TravelTap/Data/Countries/CentralAmerica/Haiti/Cities/IleAVacheAttractions.swift /Users/erders/Documents/TravelTap/TravelTap/Data/Countries/CentralAmerica/Haiti/Cities/JacmelAttractions.swift /Users/erders/Documents/TravelTap/TravelTap/Data/Countries/CentralAmerica/Haiti/Cities/KenscoffAttractions.swift /Users/erders/Documents/TravelTap/TravelTap/Data/Countries/CentralAmerica/Haiti/Cities/LesCayesAttractions.swift /Users/erders/Documents/TravelTap/TravelTap/Data/Countries/CentralAmerica/Haiti/Cities/PortAuPrinceAttractions.swift (in target 'TravelTap' from project 'TravelTap')

SwiftCompile normal arm64 /Users/erders/Documents/TravelTap/TravelTap/Data/Countries/CentralAmerica/ElSalvador/Cities/LaLibertadAttractions.swift (in target 'TravelTap' from project 'TravelTap')
    cd /Users/erders/Documents/TravelTap
    

SwiftCompile normal arm64 /Users/erders/Documents/TravelTap/TravelTap/Data/Countries/CentralAmerica/ElSalvador/Cities/RutaDeLasFloresAttractions.swift (in target 'TravelTap' from project 'TravelTap')
    cd /Users/erders/Documents/TravelTap
    

SwiftCompile normal arm64 /Users/erders/Documents/TravelTap/TravelTap/Data/Countries/CentralAmerica/ElSalvador/Cities/SanMiguelESAttractions.swift (in target 'TravelTap' from project 'TravelTap')
    cd /Users/erders/Documents/TravelTap
    

SwiftCompile normal arm64 /Users/erders/Documents/TravelTap/TravelTap/Data/Countries/CentralAmerica/ElSalvador/Cities/SanSalvadorAttractions.swift (in target 'TravelTap' from project 'TravelTap')
    cd /Users/erders/Documents/TravelTap
    

SwiftCompile normal arm64 /Users/erders/Documents/TravelTap/TravelTap/Data/Countries/CentralAmerica/ElSalvador/Cities/SantaAnaAttractions.swift (in target 'TravelTap' from project 'TravelTap')
    cd /Users/erders/Documents/TravelTap
    

SwiftCompile normal arm64 /Users/erders/Documents/TravelTap/TravelTap/Data/Countries/CentralAmerica/ElSalvador/Cities/SuchitotoAttractions.swift (in target 'TravelTap' from project 'TravelTap')
    cd /Users/erders/Documents/TravelTap
    

SwiftCompile normal arm64 /Users/erders/Documents/TravelTap/TravelTap/Data/Countries/CentralAmerica/ElSalvador/ElSalvadorPackage.swift (in target 'TravelTap' from project 'TravelTap')
    cd /Users/erders/Documents/TravelTap
    

SwiftCompile normal arm64 /Users/erders/Documents/TravelTap/TravelTap/Data/Countries/CentralAmerica/Grenada/Cities/CarriacouAttractions.swift (in target 'TravelTap' from project 'TravelTap')
    cd /Users/erders/Documents/TravelTap
    

SwiftCompile normal arm64 /Users/erders/Documents/TravelTap/TravelTap/Data/Countries/CentralAmerica/Grenada/Cities/GrandAnseAttractions.swift (in target 'TravelTap' from project 'TravelTap')
    cd /Users/erders/Documents/TravelTap
    

SwiftCompile normal arm64 /Users/erders/Documents/TravelTap/TravelTap/Data/Countries/CentralAmerica/Grenada/Cities/GrenadaStJohnAttractions.swift (in target 'TravelTap' from project 'TravelTap')
    cd /Users/erders/Documents/TravelTap
    

SwiftCompile normal arm64 /Users/erders/Documents/TravelTap/TravelTap/Data/Countries/CentralAmerica/Grenada/Cities/PetiteMartiniqueAttractions.swift (in target 'TravelTap' from project 'TravelTap')
    cd /Users/erders/Documents/TravelTap
    

SwiftCompile normal arm64 /Users/erders/Documents/TravelTap/TravelTap/Data/Countries/CentralAmerica/Grenada/Cities/StDavidAttractions.swift (in target 'TravelTap' from project 'TravelTap')
    cd /Users/erders/Documents/TravelTap
    

SwiftCompile normal arm64 /Users/erders/Documents/TravelTap/TravelTap/Data/Countries/CentralAmerica/Grenada/Cities/StGeorgesAttractions.swift (in target 'TravelTap' from project 'TravelTap')
    cd /Users/erders/Documents/TravelTap
    

SwiftCompile normal arm64 /Users/erders/Documents/TravelTap/TravelTap/Data/Countries/CentralAmerica/Grenada/Cities/StMarkAttractions.swift (in target 'TravelTap' from project 'TravelTap')
    cd /Users/erders/Documents/TravelTap
    

SwiftCompile normal arm64 /Users/erders/Documents/TravelTap/TravelTap/Data/Countries/CentralAmerica/Grenada/Cities/StPatrickAttractions.swift (in target 'TravelTap' from project 'TravelTap')
    cd /Users/erders/Documents/TravelTap
    

SwiftCompile normal arm64 /Users/erders/Documents/TravelTap/TravelTap/Data/Countries/CentralAmerica/Grenada/GrenadaPackage.swift (in target 'TravelTap' from project 'TravelTap')
    cd /Users/erders/Documents/TravelTap
    

SwiftCompile normal arm64 /Users/erders/Documents/TravelTap/TravelTap/Data/Countries/CentralAmerica/Guatemala/Cities/GuatemalaAttractions.swift (in target 'TravelTap' from project 'TravelTap')
    cd /Users/erders/Documents/TravelTap
    

SwiftCompile normal arm64 /Users/erders/Documents/TravelTap/TravelTap/Data/Countries/CentralAmerica/Guatemala/GuatemalaPackage.swift (in target 'TravelTap' from project 'TravelTap')
    cd /Users/erders/Documents/TravelTap
    

SwiftCompile normal arm64 /Users/erders/Documents/TravelTap/TravelTap/Data/Countries/CentralAmerica/Haiti/Cities/CapHaitienAttractions.swift (in target 'TravelTap' from project 'TravelTap')
    cd /Users/erders/Documents/TravelTap
    

SwiftCompile normal arm64 /Users/erders/Documents/TravelTap/TravelTap/Data/Countries/CentralAmerica/Haiti/Cities/CotesDesArcadinsAttractions.swift (in target 'TravelTap' from project 'TravelTap')
    cd /Users/erders/Documents/TravelTap
    

SwiftCompile normal arm64 /Users/erders/Documents/TravelTap/TravelTap/Data/Countries/CentralAmerica/Haiti/Cities/IleAVacheAttractions.swift (in target 'TravelTap' from project 'TravelTap')
    cd /Users/erders/Documents/TravelTap
    

SwiftCompile normal arm64 /Users/erders/Documents/TravelTap/TravelTap/Data/Countries/CentralAmerica/Haiti/Cities/JacmelAttractions.swift (in target 'TravelTap' from project 'TravelTap')
    cd /Users/erders/Documents/TravelTap
    

SwiftCompile normal arm64 /Users/erders/Documents/TravelTap/TravelTap/Data/Countries/CentralAmerica/Haiti/Cities/KenscoffAttractions.swift (in target 'TravelTap' from project 'TravelTap')
    cd /Users/erders/Documents/TravelTap
    

SwiftCompile normal arm64 /Users/erders/Documents/TravelTap/TravelTap/Data/Countries/CentralAmerica/Haiti/Cities/LesCayesAttractions.swift (in target 'TravelTap' from project 'TravelTap')
    cd /Users/erders/Documents/TravelTap
    

SwiftCompile normal arm64 /Users/erders/Documents/TravelTap/TravelTap/Data/Countries/CentralAmerica/Haiti/Cities/PortAuPrinceAttractions.swift (in target 'TravelTap' from project 'TravelTap')
    cd /Users/erders/Documents/TravelTap
    

SwiftDriverJobDiscovery normal arm64 Compiling AntsirabeAttractions.swift, MasoalaAttractions.swift, IleSainteMarieAttractions.swift, RanomafanaAttractions.swift, MahajangaAttractions.swift, FortDauphinAttractions.swift, IsaloAttractions.swift, NosyBeAttractions.swift, AntsirananaAttractions.swift, AntananarivoAttractions.swift, ToamasinaAttractions.swift, ToliaraAttractions.swift, CanberraAttractions.swift, GreatBarrierReefAttractions.swift, NapierHawkesBayAttractions.swift, CoromandelAttractions.swift, BayOfIslandsAttractions.swift, MarlboroughAttractions.swift, DunedinAttractions.swift, NelsonAbelTasmanAttractions.swift, WestCoastAttractions.swift, WanakaAttractions.swift, StewartIslandAttractions.swift, MilfordSoundAttractions.swift, TaupoAttractions.swift (in target 'TravelTap' from project 'TravelTap')

SwiftCompile normal arm64 Compiling\ PamukkaleAttractions.swift,\ SafranoluAttractions.swift,\ SanliurfaAttractions.swift,\ TrabzonAttractions.swift,\ VanAttractions.swift,\ TurkeyPackage.swift,\ KharkivAttractions.swift,\ KyivAttractions.swift,\ LvivAttractions.swift,\ OdesaAttractions.swift,\ UkrainePackage.swift,\ ChernivtsiAttractions.swift,\ KamianetsPodilskyiAttractions.swift,\ UmanAttractions.swift,\ CarpathianMountainsAttractions.swift,\ UzhhorodAttractions.swift,\ MukachevoAttractions.swift,\ ChernihivAttractions.swift,\ BilaTserkvaAttractions.swift,\ KhmelnytskyiRegionAttractions.swift,\ VinnytsiaAttractions.swift,\ PoltavaAttractions.swift,\ ZaporizhzhiaAttractions.swift,\ DniproAttractions.swift,\ ChernobylZoneAttractions.swift /Users/erders/Documents/TravelTap/TravelTap/Data/Countries/Europe/Turkey/Cities/PamukkaleAttractions.swift /Users/erders/Documents/TravelTap/TravelTap/Data/Countries/Europe/Turkey/Cities/SafranoluAttractions.swift /Users/erders/Documents/TravelTap/TravelTap/Data/Countries/Europe/Turkey/Cities/SanliurfaAttractions.swift /Users/erders/Documents/TravelTap/TravelTap/Data/Countries/Europe/Turkey/Cities/TrabzonAttractions.swift /Users/erders/Documents/TravelTap/TravelTap/Data/Countries/Europe/Turkey/Cities/VanAttractions.swift /Users/erders/Documents/TravelTap/TravelTap/Data/Countries/Europe/Turkey/TurkeyPackage.swift /Users/erders/Documents/TravelTap/TravelTap/Data/Countries/Europe/Ukraine/Cities/KharkivAttractions.swift /Users/erders/Documents/TravelTap/TravelTap/Data/Countries/Europe/Ukraine/Cities/KyivAttractions.swift /Users/erders/Documents/TravelTap/TravelTap/Data/Countries/Europe/Ukraine/Cities/LvivAttractions.swift /Users/erders/Documents/TravelTap/TravelTap/Data/Countries/Europe/Ukraine/Cities/OdesaAttractions.swift /Users/erders/Documents/TravelTap/TravelTap/Data/Countries/Europe/Ukraine/UkrainePackage.swift /Users/erders/Documents/TravelTap/TravelTap/Data/Countries/Europe/Ukraine/Cities/ChernivtsiAttractions.swift /Users/erders/Documents/TravelTap/TravelTap/Data/Countries/Europe/Ukraine/Cities/KamianetsPodilskyiAttractions.swift /Users/erders/Documents/TravelTap/TravelTap/Data/Countries/Europe/Ukraine/Cities/UmanAttractions.swift /Users/erders/Documents/TravelTap/TravelTap/Data/Countries/Europe/Ukraine/Cities/CarpathianMountainsAttractions.swift /Users/erders/Documents/TravelTap/TravelTap/Data/Countries/Europe/Ukraine/Cities/UzhhorodAttractions.swift /Users/erders/Documents/TravelTap/TravelTap/Data/Countries/Europe/Ukraine/Cities/MukachevoAttractions.swift /Users/erders/Documents/TravelTap/TravelTap/Data/Countries/Europe/Ukraine/Cities/ChernihivAttractions.swift /Users/erders/Documents/TravelTap/TravelTap/Data/Countries/Europe/Ukraine/Cities/BilaTserkvaAttractions.swift /Users/erders/Documents/TravelTap/TravelTap/Data/Countries/Europe/Ukraine/Cities/KhmelnytskyiRegionAttractions.swift /Users/erders/Documents/TravelTap/TravelTap/Data/Countries/Europe/Ukraine/Cities/VinnytsiaAttractions.swift /Users/erders/Documents/TravelTap/TravelTap/Data/Countries/Europe/Ukraine/Cities/PoltavaAttractions.swift /Users/erders/Documents/TravelTap/TravelTap/Data/Countries/Europe/Ukraine/Cities/ZaporizhzhiaAttractions.swift /Users/erders/Documents/TravelTap/TravelTap/Data/Countries/Europe/Ukraine/Cities/DniproAttractions.swift /Users/erders/Documents/TravelTap/TravelTap/Data/Countries/Europe/Ukraine/Cities/ChernobylZoneAttractions.swift (in target 'TravelTap' from project 'TravelTap')

** BUILD FAILED **


The following build commands failed:
	SwiftCompile normal arm64 Compiling\ TravelTapApp.swift,\ ContentView.swift,\ Attraction.swift,\ CountryPackage.swift,\ AttractionData.swift,\ WorldMapView.swift,\ TravelMapView.swift,\ CountryMapView.swift,\ AttractionInfoCard.swift,\ AttractionDetailView.swift,\ BundledPhotoManager.swift,\ CityMapView.swift,\ MapAnnotationView.swift,\ RatingManager.swift,\ GooglePlacesManager.swift,\ PhotoDiskCache.swift,\ TierVoteManager.swift,\ BrandColors.swift,\ StarRatingView.swift,\ ShareSheet.swift,\ VisitedAttractionsManager.swift,\ BucketListView.swift,\ SplashScreenView.swift,\ WelcomeView.swift,\ AttractionsListView.swift /Users/erders/Documents/TravelTap/TravelTap/TravelTapApp.swift /Users/erders/Documents/TravelTap/TravelTap/ContentView.swift /Users/erders/Documents/TravelTap/TravelTap/Models/Attraction.swift /Users/erders/Documents/TravelTap/TravelTap/Models/CountryPackage.swift /Users/erders/Documents/TravelTap/TravelTap/Data/AttractionData.swift /Users/erders/Documents/TravelTap/TravelTap/Views/WorldMapView.swift /Users/erders/Documents/TravelTap/TravelTap/Views/TravelMapView.swift /Users/erders/Documents/TravelTap/TravelTap/Views/CountryMapView.swift /Users/erders/Documents/TravelTap/TravelTap/Views/AttractionInfoCard.swift /Users/erders/Documents/TravelTap/TravelTap/Views/AttractionDetailView.swift /Users/erders/Documents/TravelTap/TravelTap/Services/BundledPhotoManager.swift /Users/erders/Documents/TravelTap/TravelTap/Views/CityMapView.swift /Users/erders/Documents/TravelTap/TravelTap/Views/MapAnnotationView.swift /Users/erders/Documents/TravelTap/TravelTap/Services/RatingManager.swift /Users/erders/Documents/TravelTap/TravelTap/Services/GooglePlacesManager.swift /Users/erders/Documents/TravelTap/TravelTap/Services/PhotoDiskCache.swift /Users/erders/Documents/TravelTap/TravelTap/Services/TierVoteManager.swift /Users/erders/Documents/TravelTap/TravelTap/Services/BrandColors.swift /Users/erders/Documents/TravelTap/TravelTap/Views/StarRatingView.swift /Users/erders/Documents/TravelTap/TravelTap/Views/ShareSheet.swift /Users/erders/Documents/TravelTap/TravelTap/Services/VisitedAttractionsManager.swift /Users/erders/Documents/TravelTap/TravelTap/Views/BucketListView.swift /Users/erders/Documents/TravelTap/TravelTap/Views/SplashScreenView.swift /Users/erders/Documents/TravelTap/TravelTap/Views/WelcomeView.swift /Users/erders/Documents/TravelTap/TravelTap/Views/AttractionsListView.swift (in target 'TravelTap' from project 'TravelTap')
	SwiftCompile normal arm64 /Users/erders/Documents/TravelTap/TravelTap/Views/AttractionDetailView.swift (in target 'TravelTap' from project 'TravelTap')
	Building project TravelTap with scheme TravelTap
(3 failures)
