============================================================
TravelTap Coordinate Correction Script
============================================================
Mode: LIVE (files will be updated)
Distance threshold: 5 km
Skipping: airports, day trips, and known far attractions

Found 351 attraction files


[1/351] Processing: Asia/CentralAsia/Armenia/Cities/AlaverdiAttractions.swift
  Checking: Haghpat Monastery... OK (0.0 km)
  Checking: Sanahin Monastery... OK (0.0 km)

[2/351] Processing: Asia/CentralAsia/Armenia/Cities/AreniAttractions.swift
  Checking: Noravank Monastery... OK (3.2 km)
  Checking: Areni-1 Cave... OK (0.2 km)
  Checking: Areni Wineries... OK (0.5 km)

[3/351] Processing: Asia/CentralAsia/Armenia/Cities/AshtarakAttractions.swift
  Checking: Amberd Fortress... OK (0.0 km)
  Checking: Karmravor Church... OK (0.2 km)

[4/351] Processing: Asia/CentralAsia/Armenia/Cities/DilijanAttractions.swift
  Checking: Haghartsin Monastery... OK (0.3 km)
  Checking: Goshavank Monastery... OK (0.1 km)
  Checking: Lake Parz... NEEDS UPDATE (7.9 km off)
    Current: (40.7514, 44.9606)
    Correct: (40.7392, 44.8681)
    Address: Lake Parz, Dilijan, Armenia
  Checking: Old Dilijan Complex... OK (0.5 km)
  ✅ Updated 1 coordinates in file

[5/351] Processing: Asia/CentralAsia/Armenia/Cities/EtchmiadzinAttractions.swift
  Checking: Etchmiadzin Cathedral... OK (0.0 km)
  Checking: Zvartnots Cathedral Ruins... OK (0.6 km)
  Checking: Saint Gayane Church... OK (0.0 km)

[6/351] Processing: Asia/CentralAsia/Armenia/Cities/GarniAttractions.swift
  Checking: Garni Temple... OK (0.0 km)
  Checking: Symphony of Stones... OK (0.1 km)
  Checking: Geghard Monastery... OK (0.0 km)

[7/351] Processing: Asia/CentralAsia/Armenia/Cities/SevanAttractions.swift
  Checking: Sevanavank Monastery... OK (0.0 km)
  Checking: Lake Sevan Beaches... OK (1.3 km)

[8/351] Processing: Asia/CentralAsia/Armenia/Cities/YerevanAttractions.swift
  Checking: Cascade Complex... OK (0.3 km)
  Checking: Republic Square... OK (0.1 km)
  Checking: Matenadaran... OK (0.0 km)
  Checking: Tsitsernakaberd Genocide Memorial... OK (0.1 km)
  Checking: Vernissage Market... OK (0.3 km)
  Checking: Blue Mosque... OK (0.2 km)
  Checking: Armenian Opera Theatre... OK (0.3 km)
  Skipping: Khor Virap Monastery (excluded)
  Checking: History Museum of Armenia... OK (0.1 km)
  Skipping: Tatev Monastery (excluded)
  Checking: Mother Armenia Statue... OK (0.7 km)
  Checking: Saint Gregory Cathedral... OK (0.8 km)
  Checking: Erebuni Fortress... OK (1.6 km)
  Checking: Yerevan Brandy Company... OK (0.8 km)

[9/351] Processing: Asia/CentralAsia/Azerbaijan/Cities/BakuAttractions.swift
  Checking: Flame Towers... OK (1.0 km)
  Checking: Maiden Tower... OK (0.0 km)
  Checking: Old City (Icherisheher)... OK (0.2 km)
  Checking: Heydar Aliyev Center... OK (0.0 km)
  Checking: Palace of the Shirvanshahs... OK (0.1 km)
  Checking: Highland Park (Dagustu Park)... OK (0.3 km)
  Checking: Fountain Square... OK (0.2 km)
  Checking: Nizami Street... OK (0.9 km)
  Checking: Ateshgah Fire Temple... OK (0.1 km)
  Checking: Yanar Dag (Burning Mountain)... OK (0.0 km)
  Checking: Baku Boulevard... OK (0.7 km)
  Checking: Azerbaijan National Museum of Art... OK (0.6 km)
  Checking: Gobustan Rock Art... OK (1.3 km)
  Checking: Bibi-Heybat Mosque... OK (0.1 km)
  Checking: Taza Pir Mosque... OK (0.2 km)
  Checking: Baku Ferris Wheel... OK (1.5 km)
  Skipping: Heydar Aliyev International Airport (excluded)
  Checking: Absheron National Park... OK (1.7 km)
  Checking: Shirvan National Park... NEEDS UPDATE (120.2 km off)
    Current: (39.5475, 49.0156)
    Correct: (40.4093, 49.8671)
    Address: Baku, Azerbaijan
  ✅ Updated 1 coordinates in file

[10/351] Processing: Asia/CentralAsia/Azerbaijan/Cities/GabalaAttractions.swift
  Checking: Tufandag Mountain Resort... OK (4.1 km)
  Checking: Nohur Lake... OK (0.7 km)
  Skipping: Gabala International Airport (excluded)

[11/351] Processing: Asia/CentralAsia/Azerbaijan/Cities/GanjaAttractions.swift
  Checking: Lake Goygol National Park... NEEDS UPDATE (31.6 km off)
    Current: (40.4058, 46.3225)
    Correct: (40.6879, 46.3723)
    Address: Ganja, Azerbaijan
  Checking: Nizami Ganjavi Mausoleum... OK (1.4 km)
  Skipping: Ganja International Airport (excluded)
  ✅ Updated 1 coordinates in file

[12/351] Processing: Asia/CentralAsia/Azerbaijan/Cities/LankaranAttractions.swift
  Skipping: Lankaran International Airport (excluded)
  Checking: Khan's House (Lankaran)... OK (0.3 km)

[13/351] Processing: Asia/CentralAsia/Azerbaijan/Cities/NaftalanAttractions.swift
  Checking: Naftalan Petroleum Spa... OK (0.1 km)

[14/351] Processing: Asia/CentralAsia/Azerbaijan/Cities/NakhchivanAttractions.swift
  Skipping: Nakhchivan International Airport (excluded)
  Checking: Momine Khatun Mausoleum... OK (0.7 km)

[15/351] Processing: Asia/CentralAsia/Azerbaijan/Cities/QubaAttractions.swift
  Checking: Khinalig Village... OK (0.3 km)
  Checking: Qechresh Forest... NEEDS UPDATE (6.5 km off)
    Current: (41.335, 48.46)
    Correct: (41.3220, 48.3847)
    Address: Qechresh, Azerbaijan
  ✅ Updated 1 coordinates in file

[16/351] Processing: Asia/CentralAsia/Azerbaijan/Cities/ShekiAttractions.swift
  Checking: Palace of Shaki Khans... OK (0.0 km)
  Checking: Upper Caravanserai... OK (1.4 km)
  Checking: Sheki Historic Center... OK (2.5 km)

[17/351] Processing: Asia/CentralAsia/Georgia/Cities/BatumiAttractions.swift
  Checking: Ali and Nino Statue... OK (0.1 km)
  Checking: Batumi Boulevard... OK (0.3 km)
  Checking: Alphabet Tower... OK (0.1 km)
  Checking: Batumi Botanical Garden... OK (0.3 km)
  Checking: Piazza Square... OK (0.0 km)
  Checking: Europe Square... OK (0.0 km)
  Checking: Argo Cable Car... OK (0.0 km)
  Checking: Batumi Dolphinarium... OK (0.1 km)

[18/351] Processing: Asia/CentralAsia/Georgia/Cities/KazbegiAttractions.swift
  Checking: Gergeti Trinity Church... OK (0.0 km)
  Checking: Gveleti Waterfall... OK (0.9 km)
  Checking: Truso Valley... OK (4.2 km)

[19/351] Processing: Asia/CentralAsia/Georgia/Cities/KutaisiAttractions.swift
  Checking: Gelati Monastery... OK (0.0 km)
  Checking: Prometheus Cave... OK (0.0 km)
  Checking: Martvili Canyon... NEEDS UPDATE (33.7 km off)
    Current: (42.4578, 42.377)
    Correct: (42.2733, 42.7023)
    Address: 27 Tsminda Nino Street, Kutaisi 6000, Georgia
  Checking: Bagrati Cathedral... OK (0.0 km)
  ✅ Updated 1 coordinates in file

[20/351] Processing: Asia/CentralAsia/Georgia/Cities/MestiaAttractions.swift
  Checking: Svan Towers of Mestia... OK (0.1 km)
  Checking: Ushguli... NEEDS UPDATE (27.4 km off)
    Current: (42.9178, 43.0157)
    Correct: (43.0441, 42.7259)
    Address: 4 თამარ მეფის ქუჩა, Mestia, Georgia
  Checking: Svaneti Museum of History... OK (0.5 km)
  ✅ Updated 1 coordinates in file

[21/351] Processing: Asia/CentralAsia/Georgia/Cities/SighnaghiAttractions.swift
  Checking: Sighnaghi City Walls... OK (0.1 km)
  Checking: Bodbe Monastery... OK (0.1 km)

[22/351] Processing: Asia/CentralAsia/Georgia/Cities/TbilisiAttractions.swift
  Checking: Narikala Fortress... OK (0.2 km)
  Checking: Holy Trinity Cathedral (Sameba)... OK (0.0 km)
  Checking: Bridge of Peace... OK (0.1 km)
  Checking: Sulfur Baths (Abanotubani)... OK (0.1 km)
  Checking: Chronicle of Georgia... OK (0.0 km)
  Checking: Mtatsminda Park... OK (0.0 km)
  Checking: Rike Park... OK (0.1 km)
  Checking: Mother of Georgia (Kartlis Deda)... OK (0.0 km)
  Checking: Dry Bridge Market... OK (0.1 km)
  Checking: Gabriadze Theater Clock Tower... OK (0.0 km)

[23/351] Processing: Asia/CentralAsia/Georgia/Cities/VardziaAttractions.swift
  Checking: Vardzia Cave Monastery... OK (2.7 km)
  Checking: Khertvisi Fortress... OK (0.1 km)

[24/351] Processing: Asia/CentralAsia/Kazakhstan/Cities/AlmatyAttractions.swift
  Checking: Big Almaty Lake... OK (0.1 km)
  Checking: Shymbulak Ski Resort... OK (0.2 km)
  Checking: Medeu Skating Rink... OK (0.1 km)
  Checking: Kok-Tobe Hill... NEEDS UPDATE (12.8 km off)
    Current: (43.233, 76.9757)
    Correct: (43.1298, 76.9051)
    Address: Kok Tobe, Almaty, Kazakhstan
  Checking: Panfilov Park... OK (0.1 km)
  Checking: Ascension (Zenkov) Cathedral... OK (0.0 km)
  Checking: Kolsay Lakes National Park... NEEDS UPDATE (122.6 km off)
    Current: (42.9333, 78.3333)
    Correct: (43.2380, 76.8829)
    Address: Almaty, Kazakhstan
  Checking: Kaindy Lake... OK (0.1 km)
  Checking: Altyn-Emel National Park... NEEDS UPDATE (48.9 km off)
    Current: (44.3333, 78.4333)
    Correct: (44.0033, 78.8383)
    Address: Altyn Emel National Park, Науаи көшесі 208/2, Алматы, Kazakhstan
  Checking: Charyn Canyon... OK (2.3 km)
  ✅ Updated 3 coordinates in file

[25/351] Processing: Asia/CentralAsia/Kazakhstan/Cities/AstanaAttractions.swift
  Checking: Baiterek Tower... OK (0.0 km)
  Checking: Palace of Peace and Reconciliation... OK (0.0 km)
  Checking: Khan Shatyr Entertainment Center... OK (0.0 km)
  Checking: Burabay National Park... NEEDS UPDATE (17.6 km off)
    Current: (53.05, 70.0)
    Correct: (52.9537, 70.2082)
    Address: National Park Burabay, 020000, Kazakhstan
  ✅ Updated 1 coordinates in file

[26/351] Processing: Asia/CentralAsia/Kazakhstan/Cities/MangystauAttractions.swift
  Checking: Boszhira Valley... NEEDS UPDATE (232.9 km off)
    Current: (43.4528, 54.0864)
    Correct: (43.6719, 51.2121)
    Address: Aktau, Kazakhstan
  Checking: Valley of Balls (Torysh)... NEEDS UPDATE (81.6 km off)
    Current: (44.3614, 51.5611)
    Correct: (43.6719, 51.2121)
    Address: Aktau, Kazakhstan
  Checking: Beket-Ata Underground Mosque... NEEDS UPDATE (230.1 km off)
    Current: (43.5969, 54.07)
    Correct: (43.6719, 51.2121)
    Address: Aktau, Kazakhstan
  Checking: Shakpak-Ata Underground Mosque... NEEDS UPDATE (1583.2 km off)
    Current: (44.4334, 51.1388)
    Correct: (42.5728, 70.6484)
    Address: Shakpak Ata, Kazakhstan
  Checking: Tuzbair Salt Lake... NEEDS UPDATE (163.9 km off)
    Current: (44.0248, 53.1969)
    Correct: (43.6719, 51.2121)
    Address: Aktau, Kazakhstan
  ✅ Updated 5 coordinates in file

[27/351] Processing: Asia/CentralAsia/Kazakhstan/Cities/TurkestanAttractions.swift
  Checking: Mausoleum of Khoja Ahmed Yasawi... OK (0.0 km)
  Checking: Aksu-Zhabagly Nature Reserve... NEEDS UPDATE (11.3 km off)
    Current: (42.3789, 70.6106)
    Correct: (42.2889, 70.6733)
    Address: Aksu-Zhabagly Nature Reserve, Фабричная көшесі 31, Zhabagly 161310, Kazakhstan
  Checking: Arystan Bab Mausoleum... OK (0.3 km)
  Checking: Otrar (Farab)... NEEDS UPDATE (7.1 km off)
    Current: (42.8528, 68.3033)
    Correct: (42.9079, 68.3472)
    Address: Otrar, Kazakhstan
  ✅ Updated 2 coordinates in file

[28/351] Processing: Asia/CentralAsia/Kyrgyzstan/Cities/BishkekAttractions.swift
  Checking: Ala-Too Square... OK (0.2 km)
  Checking: Osh Bazaar... OK (0.2 km)
  Checking: Ala Archa National Park... NEEDS UPDATE (35.8 km off)
    Current: (42.5591, 74.4842)
    Correct: (42.8746, 74.5698)
    Address: Bishkek, Kyrgyzstan
  Checking: Burana Tower... OK (0.0 km)
  Checking: Panfilov Park... OK (0.1 km)
  ✅ Updated 1 coordinates in file

[29/351] Processing: Asia/CentralAsia/Kyrgyzstan/Cities/KarakolAttractions.swift
  Checking: Issyk-Kul Lake... NEEDS UPDATE (94.2 km off)
    Current: (42.4167, 77.25)
    Correct: (42.4782, 78.3956)
    Address: Karakol, Kyrgyzstan
  Checking: Jeti-Ögüz Gorge... NEEDS UPDATE (10.0 km off)
    Current: (42.3397, 78.2325)
    Correct: (42.4290, 78.2147)
    Address: Jeti Oguz, Kyrgyzstan
  Checking: Skazka (Fairytale) Canyon... NEEDS UPDATE (93.4 km off)
    Current: (42.1557, 77.3625)
    Correct: (42.5035, 78.3968)
    Address: G93W+CP4, Karakol, Kyrgyzstan
  Checking: Altyn Arashan... NEEDS UPDATE (20.9 km off)
    Current: (42.373, 78.612)
    Correct: (42.4887, 78.4115)
    Address: FCQ6+CHW, Karakol, Kyrgyzstan
  Checking: Dungan Mosque... OK (1.5 km)
  Checking: Holy Trinity Cathedral... OK (0.8 km)
  ✅ Updated 4 coordinates in file

[30/351] Processing: Asia/CentralAsia/Kyrgyzstan/Cities/NarynAttractions.swift
  Checking: Song-Kul Lake... OK (3.0 km)
  Checking: Tash Rabat Caravanserai... NEEDS UPDATE (6.8 km off)
    Current: (40.8229, 75.2917)
    Correct: (40.8836, 75.2800)
    Address: Tash-Rabat, Kyrgyzstan
  ✅ Updated 1 coordinates in file

[31/351] Processing: Asia/CentralAsia/Kyrgyzstan/Cities/OshAttractions.swift
  Checking: Suleiman-Too Sacred Mountain... OK (0.1 km)
  Checking: Osh Bazaar (Jayma Bazaar)... OK (1.4 km)
  Checking: Sary-Chelek Biosphere Reserve... NEEDS UPDATE (162.5 km off)
    Current: (41.8727, 71.9463)
    Correct: (40.5562, 72.7907)
    Address: HQ4R+F78, Unnamed Road, Osh, Kyrgyzstan
  ✅ Updated 1 coordinates in file

[32/351] Processing: Asia/CentralAsia/Turkmenistan/Cities/AshgabatAttractions.swift
  Checking: Independence Monument... OK (0.0 km)
  Checking: Monument of Neutrality... OK (4.1 km)
  Checking: Ertugrul Gazi Mosque... OK (0.2 km)
  Checking: Turkmen Carpet Museum... OK (1.8 km)

[33/351] Processing: Asia/CentralAsia/Turkmenistan/Cities/DarvazaAttractions.swift
  Checking: Darvaza Gas Crater... OK (0.0 km)

[34/351] Processing: Asia/CentralAsia/Turkmenistan/Cities/KunyaUrgenchAttractions.swift
  Checking: Kutlug-Timur Minaret... OK (4.1 km)
  Checking: Turabek Khanym Mausoleum... OK (4.6 km)

[35/351] Processing: Asia/CentralAsia/Turkmenistan/Cities/MaryAttractions.swift
  Checking: Ancient Merv... OK (1.6 km)
  Checking: Sultan Sanjar Mausoleum... OK (0.2 km)

[36/351] Processing: Asia/CentralAsia/Turkmenistan/Cities/YangykalaAttractions.swift
  Checking: Yangykala Canyon... NEEDS UPDATE (27.6 km off)
    Current: (40.6322, 54.9267)
    Correct: (40.4516, 54.7019)
    Address: Yangykala-Schlucht, Turkmenistan
  ✅ Updated 1 coordinates in file

[37/351] Processing: Asia/CentralAsia/Uzbekistan/Cities/BukharaAttractions.swift
  Checking: Po-i-Kalyan Complex... OK (0.0 km)
  Checking: The Ark Fortress... OK (0.1 km)
  Checking: Lyabi-Hauz Ensemble... OK (0.3 km)
  Checking: Samanid Mausoleum... OK (0.7 km)
  Checking: Chor Minor... OK (0.1 km)

[38/351] Processing: Asia/CentralAsia/Uzbekistan/Cities/KhivaAttractions.swift
  Checking: Itchan Kala... OK (0.4 km)
  Checking: Kalta Minor Minaret... OK (0.2 km)
  Checking: Islam Khoja Minaret... OK (0.0 km)
  Checking: Kuhna Ark... OK (0.1 km)
  Checking: Ayaz-Kala Fortress... NEEDS UPDATE (89.4 km off)
    Current: (42.0097, 61.0272)
    Correct: (41.3895, 60.3415)
    Address: Khiva, Xorazm Region, Uzbekistan
  Checking: Toprak-Kala Fortress... NEEDS UPDATE (71.9 km off)
    Current: (41.9272, 60.8222)
    Correct: (41.3895, 60.3415)
    Address: Khiva, Xorazm Region, Uzbekistan
  ✅ Updated 2 coordinates in file

[39/351] Processing: Asia/CentralAsia/Uzbekistan/Cities/NukusAttractions.swift
  Checking: Savitsky Museum... OK (0.1 km)
  Checking: Ship Cemetery (Muynak)... OK (2.5 km)
  Checking: Mizdakhan Necropolis... NEEDS UPDATE (20.6 km off)
    Current: (42.3965, 59.3815)
    Correct: (42.4619, 59.6166)
    Address: Nukus, Republic of Karakalpakstan, Uzbekistan
  Checking: Ustyurt Plateau... NEEDS UPDATE (221.9 km off)
    Current: (43.0, 57.0)
    Correct: (42.4619, 59.6166)
    Address: Nukus, Republic of Karakalpakstan, Uzbekistan
  ✅ Updated 2 coordinates in file

[40/351] Processing: Asia/CentralAsia/Uzbekistan/Cities/SamarkandAttractions.swift
  Checking: Registan Square... OK (0.0 km)
  Checking: Gur-Emir Mausoleum... OK (0.5 km)
  Checking: Bibi-Khanum Mosque... OK (0.0 km)
  Checking: Shah-i-Zinda Necropolis... OK (0.1 km)
  Checking: Ulugh Beg Observatory... OK (0.1 km)

[41/351] Processing: Asia/CentralAsia/Uzbekistan/Cities/ShakhrisabzAttractions.swift
  Checking: Ak-Saray Palace... OK (0.0 km)
  Checking: Dorut Tilavat Complex... OK (0.0 km)

[42/351] Processing: Asia/CentralAsia/Uzbekistan/Cities/TashkentAttractions.swift
  Checking: Khast-Imam Complex... OK (0.2 km)
  Checking: Chorsu Bazaar... OK (0.2 km)
  Checking: Magic City... OK (0.0 km)
  Checking: Tashkent City Park... OK (0.0 km)
  Checking: Chimgan Mountains... NEEDS UPDATE (6.8 km off)
    Current: (41.551, 70.025)
    Correct: (41.4951, 70.0579)
    Address: Greater Chimgan, Tashkent Region, Uzbekistan
  Checking: Ugam-Chatkal National Park... NEEDS UPDATE (55.6 km off)
    Current: (41.667, 70.0)
    Correct: (41.9254, 70.5741)
    Address: Ugam-Chatkal National Park, Tashkent Region, Uzbekistan
  ✅ Updated 2 coordinates in file

[43/351] Processing: Asia/CentralAsia/Uzbekistan/Cities/ZaaminAttractions.swift
  Checking: Zaamin National Park... NEEDS UPDATE (11.3 km off)
    Current: (39.613, 68.501)
    Correct: (39.6554, 68.3816)
    Address: Zaamin National Park, R-40, Jizzakh Region, Uzbekistan
  ✅ Updated 1 coordinates in file

[44/351] Processing: Asia/EastAsia/China/Cities/BeijingAttractions.swift
  Checking: Forbidden City... OK (0.1 km)
  Checking: Great Wall at Badaling... OK (1.3 km)
  Checking: Temple of Heaven... OK (0.0 km)
  Checking: Summer Palace... OK (0.0 km)
  Checking: Tiananmen Square... OK (0.0 km)
  Checking: Great Wall at Mutianyu... OK (0.1 km)
  Checking: 798 Art District... OK (0.3 km)
  Checking: Hutong neighborhoods... OK (3.8 km)
  Checking: Universal Studios Beijing... OK (1.3 km)
  Checking: Lama Temple... OK (0.1 km)
  Checking: Jingshan Park... OK (0.3 km)
  Checking: National Museum of China... OK (0.1 km)
  Checking: Olympic Park & Bird's Nest... OK (0.1 km)
  Checking: Ming Tombs... OK (0.4 km)
  Checking: Beihai Park... OK (0.2 km)

[45/351] Processing: Asia/EastAsia/China/Cities/ChengduAttractions.swift
  Checking: Giant Panda Research Base... OK (0.0 km)
  Checking: Jinli Ancient Street... NEEDS UPDATE (8.8 km off)
    Current: (30.6453, 104.0473)
    Correct: (30.6515, 103.9559)
    Address: Jin Li Lu, Wu Hou Qu, Cheng Du Shi, Si Chuan Sheng, China, 610045
  Checking: Wuhou Shrine... OK (0.1 km)
  Checking: Leshan Giant Buddha... NEEDS UPDATE (117.6 km off)
    Current: (29.5455, 103.7728)
    Correct: (30.5723, 104.0665)
    Address: Chengdu, Sichuan, China
  Checking: Kuanzhai Alley... OK (1.0 km)
  Checking: Sichuan Cuisine Museum... NEEDS UPDATE (10.2 km off)
    Current: (30.81, 103.89)
    Correct: (30.8949, 103.9308)
    Address: China, Cheng Du Shi, Pi Du Qu, 四川省成都市郫县古城镇荣华北巷8号 邮政编码: 611741
  Checking: Mount Qingcheng... NEEDS UPDATE (8.8 km off)
    Current: (30.9016, 103.5684)
    Correct: (30.9667, 103.5167)
    Address: Qingcheng Shan, Dujiangyan City, Chengdu, China, 623001
  Checking: Dujiangyan Irrigation System... OK (0.6 km)
  ✅ Updated 4 coordinates in file

[46/351] Processing: Asia/EastAsia/China/Cities/GuilinAttractions.swift
  Checking: Li River Cruise... OK (3.7 km)
  Checking: Yangshuo... OK (0.8 km)
  Checking: Reed Flute Cave... OK (1.9 km)
  Checking: Longji Rice Terraces... OK (3.5 km)
  Checking: Elephant Trunk Hill... OK (0.2 km)
  Checking: Two Rivers Four Lakes... OK (1.3 km)

[47/351] Processing: Asia/EastAsia/China/Cities/HangzhouAttractions.swift
  Checking: West Lake... OK (1.0 km)
  Checking: Lingyin Temple... OK (0.1 km)
  Checking: Longjing Tea Plantations... NEEDS UPDATE (10.3 km off)
    Current: (30.2333, 120.1)
    Correct: (30.2638, 120.2015)
    Address: 7672+GJ3, Feng Qi Dong Lu, 庆春商圈 Jiang Gan Qu, Hang Zhou Shi, Zhe Jiang Sheng, China, 310020
  Checking: Leifeng Pagoda... OK (0.2 km)
  Checking: Qinghefang Ancient Street... OK (0.9 km)
  Checking: Xixi National Wetland Park... OK (0.3 km)
  ✅ Updated 1 coordinates in file

[48/351] Processing: Asia/EastAsia/China/Cities/LhasaAttractions.swift
  Checking: Potala Palace... OK (0.0 km)
  Checking: Jokhang Temple... OK (0.4 km)
  Checking: Barkhor Street... OK (0.6 km)
  Checking: Sera Monastery... OK (0.2 km)
  Checking: Norbulingka... OK (0.2 km)
  Checking: Yamdrok Lake... OK (2.9 km)

[49/351] Processing: Asia/EastAsia/China/Cities/ShanghaiAttractions.swift
  Checking: The Bund... OK (0.1 km)
  Checking: Oriental Pearl Tower... OK (0.0 km)
  Checking: Shanghai Tower... OK (0.4 km)
  Checking: Yu Garden... OK (0.0 km)
  Checking: French Concession... OK (0.8 km)
  Checking: Jing'an Temple... OK (0.0 km)
  Checking: Tianzifang... OK (0.3 km)
  Checking: Zhujiajiao Water Town... OK (1.0 km)
  Checking: Shanghai Disney Resort... OK (0.6 km)
  Checking: M50 Creative Park... OK (0.4 km)
  Checking: Shanghai Museum... OK (0.3 km)
  Checking: Nanjing Road... OK (0.5 km)
  Checking: Xintiandi... OK (0.4 km)
  Checking: Jade Buddha Temple... OK (0.1 km)
  Checking: People's Square... OK (0.2 km)
  Checking: Shanghai World Financial Center... OK (0.1 km)

[50/351] Processing: Asia/EastAsia/China/Cities/ShenzhenAttractions.swift
  Checking: Window of the World... NEEDS UPDATE (8.9 km off)
    Current: (22.5348, 113.9737)
    Correct: (22.5429, 114.0596)
    Address: Shenzhen, Guangdong Province, China
  Checking: OCT Loft Creative Culture Park... OK (1.5 km)
  Checking: Shenzhen Bay Park... OK (0.7 km)
  Checking: Ping An Finance Centre... OK (0.8 km)
  Checking: Splendid China & China Folk Village... OK (0.5 km)
  Checking: Dafen Oil Painting Village... OK (2.0 km)
  Checking: Shenzhen Museum... OK (0.3 km)
  Checking: Sea World... OK (0.3 km)
  ✅ Updated 1 coordinates in file

[51/351] Processing: Asia/EastAsia/China/Cities/SuzhouAttractions.swift
  Checking: Humble Administrator's Garden... OK (0.6 km)
  Checking: Suzhou Museum... OK (0.5 km)
  Checking: Tiger Hill... OK (0.6 km)
  Checking: Tongli Water Town... OK (1.0 km)
  Checking: Pingjiang Road... NEEDS UPDATE (62.2 km off)
    Current: (31.3133, 120.63)
    Correct: (31.6368, 121.1653)
    Address: Ping Jiang Lu, Su Zhou Shi, Jiang Su Sheng, China
  Checking: Master of the Nets Garden... OK (0.6 km)
  ✅ Updated 1 coordinates in file

[52/351] Processing: Asia/EastAsia/China/Cities/XianAttractions.swift
  Checking: Terracotta Army... OK (0.1 km)
  Checking: Xi'an City Wall... OK (2.1 km)
  Checking: Muslim Quarter... OK (0.2 km)
  Checking: Great Mosque... OK (0.2 km)
  Checking: Giant Wild Goose Pagoda... OK (0.4 km)
  Checking: Mount Huashan... NEEDS UPDATE (106.3 km off)
    Current: (34.476, 110.0844)
    Correct: (34.2658, 108.9541)
    Address: Xi'An, Shaanxi, China
  Checking: Bell & Drum Towers... OK (2.6 km)
  Checking: Shaanxi History Museum... OK (0.2 km)
  Checking: Tang Paradise... OK (0.5 km)
  Checking: Small Wild Goose Pagoda... OK (0.4 km)
  ✅ Updated 1 coordinates in file

[53/351] Processing: Asia/EastAsia/China/Cities/ZhangjiajieAttractions.swift
  Checking: Zhangjiajie National Forest Park... OK (0.9 km)
  Checking: Tianmen Mountain... OK (0.8 km)
  Checking: Zhangjiajie Grand Canyon Glass Bridge... OK (0.9 km)
  Checking: Baofeng Lake... OK (1.0 km)
  Checking: Yellow Dragon Cave... OK (1.9 km)
  Checking: Tianzi Mountain... OK (4.8 km)

[54/351] Processing: Asia/EastAsia/HongKong/Cities/HongKongCityAttractions.swift
  Checking: Victoria Peak... OK (0.0 km)
  Checking: Tian Tan Buddha (Big Buddha)... OK (0.0 km)
  Checking: Star Ferry... OK (3.6 km)
  Checking: Hong Kong Disneyland... OK (0.0 km)
  Checking: Ocean Park... OK (0.0 km)
  Checking: Temple Street Night Market... OK (0.3 km)
  Checking: Avenue of Stars... OK (0.5 km)
  Checking: Wong Tai Sin Temple... OK (0.0 km)
  Checking: Nan Lian Garden... OK (0.1 km)
  Checking: Tai O Fishing Village... OK (0.3 km)
  Checking: Dragon's Back... OK (0.2 km)
  Checking: Man Mo Temple... OK (0.0 km)
  Checking: Ladies' Market... OK (0.2 km)
  Checking: Chi Lin Nunnery... OK (0.1 km)
  Checking: Repulse Bay & Stanley... OK (0.2 km)

[55/351] Processing: Asia/EastAsia/Japan/Cities/FukuokaAttractions.swift
  Checking: Hakata Yatai Stalls... OK (0.1 km)
  Checking: Dazaifu Tenmangu... OK (0.0 km)
  Checking: Canal City Hakata... OK (0.0 km)
  Checking: Ohori Park... OK (0.1 km)
  Checking: Fukuoka Tower... OK (0.0 km)
  Checking: Nanzoin Temple... OK (1.6 km)
  Checking: Kushida Shrine... OK (0.2 km)
  Checking: Uminonakamichi Seaside Park... OK (1.3 km)
  Checking: Fukuoka Castle Ruins (Maizuru Park)... OK (0.1 km)

[56/351] Processing: Asia/EastAsia/Japan/Cities/HakoneAttractions.swift
  Checking: Lake Ashi... OK (0.7 km)
  Checking: Owakudani... OK (0.1 km)
  Checking: Hakone Open-Air Museum... OK (0.1 km)
  Checking: Hakone Shrine... OK (0.0 km)
  Checking: Hakone Tozan Railway... OK (2.7 km)
  Checking: Yunessun Spa Resort... OK (0.2 km)
  Checking: Pola Museum of Art... OK (0.7 km)
  Checking: Choanji Temple... OK (0.7 km)
  Checking: Hakone Sekisho (Checkpoint)... OK (0.1 km)

[57/351] Processing: Asia/EastAsia/Japan/Cities/HiroshimaAttractions.swift
  Checking: Peace Memorial Park & Museum... OK (0.0 km)
  Checking: Itsukushima Shrine (Miyajima)... OK (0.0 km)
  Checking: Atomic Bomb Dome... OK (0.0 km)
  Checking: Hiroshima Castle... OK (0.1 km)
  Checking: Shukkei-en Garden... OK (0.0 km)
  Checking: Mount Misen (Miyajima)... OK (0.0 km)
  Checking: Mazda Museum... OK (2.3 km)
  Checking: Okonomimura... OK (0.0 km)
  Checking: Orizuru Tower... OK (0.0 km)

[58/351] Processing: Asia/EastAsia/Japan/Cities/KyotoAttractions.swift
  Checking: Fushimi Inari Taisha... OK (0.6 km)
  Checking: Kinkaku-ji (Golden Pavilion)... OK (0.0 km)
  Checking: Kiyomizu-dera... OK (0.0 km)
  Checking: Arashiyama Bamboo Grove... OK (0.0 km)
  Checking: Gion District... OK (0.1 km)
  Checking: Nijo Castle... OK (0.0 km)
  Checking: Ginkaku-ji (Silver Pavilion)... OK (0.0 km)
  Checking: Philosopher's Path... OK (0.5 km)
  Checking: Nishiki Market... OK (0.0 km)
  Checking: Ryoan-ji... OK (0.0 km)
  Checking: Sanjusangendo... OK (0.0 km)
  Checking: Heian Shrine... OK (0.0 km)
  Checking: Eikan-do Zenrin-ji... OK (0.1 km)
  Checking: Nanzen-ji... OK (0.2 km)
  Checking: Yasaka Shrine... OK (0.0 km)
  Checking: Pontocho Alley... OK (0.1 km)
  Checking: Kyoto Imperial Palace... OK (0.1 km)

[59/351] Processing: Asia/EastAsia/Japan/Cities/NaraAttractions.swift
  Checking: Nara Park... OK (0.0 km)
  Checking: Todai-ji Temple... OK (0.0 km)
  Checking: Kasuga Taisha... OK (0.0 km)
  Checking: Kofuku-ji Temple... OK (0.1 km)
  Checking: Isuien Garden... OK (0.2 km)
  Checking: Naramachi... OK (0.5 km)
  Checking: Horyu-ji Temple... OK (0.2 km)
  Checking: Mount Wakakusa... OK (0.1 km)
  Checking: Yakushi-ji Temple... OK (0.2 km)

[60/351] Processing: Asia/EastAsia/Japan/Cities/NikkoAttractions.swift
  Checking: Toshogu Shrine... OK (0.0 km)
  Checking: Kegon Falls... OK (0.1 km)
  Checking: Lake Chuzenji... OK (1.2 km)
  Checking: Shinkyo Bridge... OK (0.1 km)
  Checking: Rinno-ji Temple... OK (0.1 km)
  Checking: Edo Wonderland... OK (0.1 km)
  Checking: Taiyuin Mausoleum... OK (0.1 km)
  Checking: Futarasan Shrine... OK (0.2 km)
  Checking: Tamozawa Imperial Villa... OK (0.2 km)

[61/351] Processing: Asia/EastAsia/Japan/Cities/OkinawaAttractions.swift
  Checking: Okinawa Churaumi Aquarium... OK (0.0 km)
  Checking: Shuri Castle... OK (0.0 km)
  Checking: Kokusai Dori... OK (0.3 km)
  Checking: American Village... OK (0.4 km)
  Checking: Sefa Utaki... OK (0.2 km)
  Checking: Cape Manzamo... OK (0.1 km)
  Checking: Okinawa Peace Memorial Park... OK (0.1 km)
  Checking: Okinawa World (Gyokusendo Cave)... OK (0.1 km)
  Checking: Cape Zanpa... NEEDS UPDATE (35.7 km off)
    Current: (26.4411, 127.7139)
    Correct: (26.1202, 127.7025)
    Address: Okinawa, Japan
  ✅ Updated 1 coordinates in file

[62/351] Processing: Asia/EastAsia/Japan/Cities/OsakaAttractions.swift
  Checking: Dotonbori... OK (0.2 km)
  Checking: Osaka Castle... OK (0.0 km)
  Checking: Universal Studios Japan... OK (0.0 km)
  Checking: Shinsekai... OK (0.1 km)
  Checking: Umeda Sky Building... OK (0.1 km)
  Checking: Kuromon Ichiba Market... OK (0.1 km)
  Checking: Osaka Aquarium Kaiyukan... OK (0.0 km)
  Checking: Sumiyoshi Taisha... OK (0.0 km)
  Checking: CupNoodles Museum Osaka... OK (0.0 km)
  Checking: Abeno Harukas... OK (0.1 km)
  Checking: Shitenno-ji... OK (0.1 km)
  Checking: Minoo Park... OK (0.1 km)
  Checking: Tempozan Ferris Wheel... OK (0.0 km)
  Checking: Amerikamura... OK (0.1 km)

[63/351] Processing: Asia/EastAsia/Japan/Cities/SapporoAttractions.swift
  Checking: Sapporo Snow Festival (Odori Park)... OK (0.5 km)
  Checking: Sapporo Beer Museum... OK (0.0 km)
  Checking: Shiroi Koibito Park... OK (0.1 km)
  Checking: Mount Moiwa... OK (0.1 km)
  Checking: Nijo Market... OK (0.0 km)
  Checking: Susukino... OK (0.1 km)
  Checking: Hokkaido Shrine... OK (0.1 km)
  Checking: Moerenuma Park... OK (0.1 km)
  Checking: Sapporo Clock Tower... OK (0.0 km)

[64/351] Processing: Asia/EastAsia/Japan/Cities/TokyoAttractions.swift
  Checking: Senso-ji Temple... OK (0.0 km)
  Checking: Meiji Shrine... OK (0.0 km)
  Checking: Shibuya Crossing... OK (0.0 km)
  Checking: Tokyo Tower... OK (0.0 km)
  Checking: teamLab Planets... OK (0.4 km)
  Checking: Imperial Palace East Gardens... OK (0.4 km)
  Checking: Shinjuku Gyoen... OK (0.0 km)
  Checking: Akihabara Electric Town... OK (0.2 km)
  Checking: Takeshita Street... OK (0.2 km)
  Checking: Ueno Park... OK (0.1 km)
  Checking: Odaiba... OK (0.9 km)
  Checking: Roppongi Hills... OK (0.0 km)
  Checking: Tsukiji Outer Market... OK (0.1 km)
  Checking: Ginza... OK (0.1 km)
  Checking: Tokyo DisneySea... OK (0.0 km)
  Checking: Ghibli Museum... OK (0.0 km)
  Checking: Sunshine City (Ikebukuro)... OK (0.0 km)
  Checking: Yoyogi Park... OK (0.2 km)
  Checking: Nezu Museum... OK (0.1 km)
  Checking: Tokyo National Museum... OK (0.0 km)
  Checking: Kabukicho Tower... OK (0.1 km)

[65/351] Processing: Asia/EastAsia/Mongolia/Cities/DalanzadgadAttractions.swift
  Checking: Yol Valley (Yolyn Am)... NEEDS UPDATE (29.3 km off)
    Current: (43.4925, 104.0664)
    Correct: (43.5685, 104.4141)
    Address: Dalanzadgad, Ömnögovi, Mongolia
  Checking: Flaming Cliffs (Bayanzag)... NEEDS UPDATE (84.4 km off)
    Current: (44.1378, 103.7175)
    Correct: (43.5685, 104.4141)
    Address: Dalanzadgad, Ömnögovi, Mongolia
  Checking: Khongor Sand Dunes... NEEDS UPDATE (174.5 km off)
    Current: (43.7656, 102.2612)
    Correct: (43.5685, 104.4141)
    Address: Dalanzadgad, Ömnögovi, Mongolia
  Checking: Khavtsgait Petroglyphs... NEEDS UPDATE (85.6 km off)
    Current: (44.0208, 103.5511)
    Correct: (43.5685, 104.4141)
    Address: Dalanzadgad, Ömnögovi, Mongolia
  Checking: Ongi Monastery Ruins... NEEDS UPDATE (199.6 km off)
    Current: (45.3411, 104.0153)
    Correct: (43.5685, 104.4141)
    Address: Dalanzadgad, Ömnögovi, Mongolia
  ✅ Updated 5 coordinates in file

[66/351] Processing: Asia/EastAsia/Mongolia/Cities/KharkhorinAttractions.swift
  Checking: Erdene Zuu Monastery... OK (0.2 km)
  Checking: Museum of Karakorum... OK (2.3 km)
  Checking: Monument to the Mongol States... OK (1.9 km)
  Checking: Phallic Rock... OK (0.1 km)
  Checking: Orkhon Waterfall (Ulaan Tsutgalan)... NEEDS UPDATE (80.0 km off)
    Current: (46.7872, 101.9567)
    Correct: (47.1964, 102.8236)
    Address: Kharkhorin, Ovorkhangai, Mongolia
  Checking: Tuvkhun Monastery... NEEDS UPDATE (47.4 km off)
    Current: (47.0097, 102.2608)
    Correct: (47.1964, 102.8236)
    Address: Kharkhorin, Ovorkhangai, Mongolia
  ✅ Updated 2 coordinates in file

[67/351] Processing: Asia/EastAsia/Mongolia/Cities/MurunAttractions.swift
  Checking: Lake Khuvsgul... NEEDS UPDATE (151.7 km off)
    Current: (50.9925, 100.49)
    Correct: (49.6429, 100.1772)
    Address: Murun, Khovsgol, Mongolia
  Checking: Khatgal Village... NEEDS UPDATE (88.2 km off)
    Current: (50.4358, 100.1558)
    Correct: (49.6429, 100.1772)
    Address: Murun, Khovsgol, Mongolia
  Checking: Uushigiin Uver Deer Stones... OK (0.6 km)
  ✅ Updated 2 coordinates in file

[68/351] Processing: Asia/EastAsia/Mongolia/Cities/UlaanbaatarAttractions.swift
  Checking: Gandantegchinlen Monastery... OK (0.2 km)
  Checking: Sukhbaatar Square... OK (0.0 km)
  Checking: Zaisan Memorial... OK (1.5 km)
  Checking: Bogd Khan Palace Museum... OK (0.1 km)
  Checking: National Museum of Mongolia... OK (0.1 km)
  Checking: Choijin Lama Temple Museum... OK (0.2 km)
  Checking: Gorkhi-Terelj National Park... NEEDS UPDATE (29.2 km off)
    Current: (47.989, 107.4452)
    Correct: (48.1660, 107.7359)
    Address: Энхтайвны Өргөн Чөлөө 206 Gorkhi Terelj National Park, Улаанбаатар, Mongolia
  Checking: Zanabazar Fine Arts Museum... OK (0.3 km)
  Checking: Narantuul Market (Black Market)... OK (0.2 km)
  Checking: The Beatles Square... OK (4.3 km)
  ✅ Updated 1 coordinates in file

[69/351] Processing: Asia/EastAsia/SouthKorea/Cities/BusanAttractions.swift
  Checking: Haeundae Beach... OK (1.9 km)
  Checking: Gamcheon Culture Village... OK (0.0 km)
  Checking: Jagalchi Fish Market... OK (0.0 km)
  Checking: Haedong Yonggungsa Temple... OK (0.0 km)
  Checking: Gwangalli Beach... OK (0.0 km)
  Checking: Taejongdae Resort Park... OK (0.1 km)
  Checking: Oryukdo Skywalk... OK (0.1 km)
  Checking: Beomeosa Temple... OK (0.1 km)

[70/351] Processing: Asia/EastAsia/SouthKorea/Cities/GyeongjuAttractions.swift
  Checking: Bulguksa Temple... OK (0.0 km)
  Checking: Seokguram Grotto... OK (0.0 km)
  Checking: Daereungwon Tomb Complex... OK (0.1 km)
  Checking: Donggung Palace & Wolji Pond... OK (0.0 km)
  Checking: Cheomseongdae Observatory... OK (0.0 km)
  Checking: Gyeongju National Museum... OK (0.2 km)

[71/351] Processing: Asia/EastAsia/SouthKorea/Cities/IncheonAttractions.swift
  Checking: Incheon Chinatown... OK (0.0 km)
  Checking: Songdo Central Park... OK (0.1 km)
  Checking: Wolmido Island... OK (0.5 km)
  Checking: Incheon Grand Park... OK (0.8 km)

[72/351] Processing: Asia/EastAsia/SouthKorea/Cities/JejuAttractions.swift
  Checking: Seongsan Ilchulbong... OK (0.0 km)
  Checking: Hallasan National Park... OK (0.6 km)
  Checking: Manjanggul Cave... OK (0.1 km)
  Checking: Cheonjiyeon Waterfall... OK (0.5 km)
  Checking: Jusangjeolli Cliff... OK (0.1 km)
  Checking: Jeongbang Waterfall... OK (0.3 km)
  Checking: Osulloc Tea Museum... OK (0.0 km)

[73/351] Processing: Asia/EastAsia/SouthKorea/Cities/SeoulAttractions.swift
  Checking: Gyeongbokgung Palace... OK (0.0 km)
  Checking: N Seoul Tower... OK (0.0 km)
  Checking: Bukchon Hanok Village... OK (0.2 km)
  Checking: Myeongdong Shopping Street... OK (0.5 km)
  Checking: Dongdaemun Design Plaza (DDP)... OK (0.0 km)
  Checking: Lotte World Tower... OK (0.0 km)
  Checking: Changdeokgung Palace... OK (0.0 km)
  Checking: Insadong... OK (0.3 km)
  Checking: Hongdae... OK (0.1 km)
  Checking: Itaewon... OK (0.5 km)
  Checking: National Museum of Korea... OK (0.0 km)
  Checking: War Memorial of Korea... OK (0.0 km)
  Checking: Cheonggyecheon Stream... OK (2.0 km)
  Checking: Starfield Library... OK (0.1 km)

[74/351] Processing: Asia/EastAsia/Taiwan/Cities/HualienAttractions.swift
  Checking: Taroko Gorge (Taroko National Park)... NEEDS UPDATE (7.3 km off)
    Current: (24.1578, 121.6217)
    Correct: (24.1667, 121.5500)
    Address: Tailuge Xia, Xiulin Township, Hualien County, Taiwan 972
  Checking: Qixingtan Beach... OK (2.2 km)
  Checking: Swallow Grotto (Yanzikou)... OK (1.2 km)
  ✅ Updated 1 coordinates in file

[75/351] Processing: Asia/EastAsia/Taiwan/Cities/KaohsiungAttractions.swift
  Checking: Dragon and Tiger Pagodas... OK (0.0 km)
  Checking: The Pier-2 Art Center... OK (0.0 km)
  Checking: Fo Guang Shan Buddha Museum... OK (0.2 km)
  Checking: Liuhe Night Market... OK (0.1 km)

[76/351] Processing: Asia/EastAsia/Taiwan/Cities/NantouAttractions.swift
  Checking: Sun Moon Lake... OK (0.6 km)
  Checking: Wenwu Temple... OK (0.1 km)

[77/351] Processing: Asia/EastAsia/Taiwan/Cities/TaichungAttractions.swift
  Checking: Rainbow Village... OK (0.0 km)
  Checking: Miyahara... OK (0.0 km)
  Checking: Gaomei Wetlands... OK (0.5 km)

[78/351] Processing: Asia/EastAsia/Taiwan/Cities/TainanAttractions.swift
  Checking: Anping Old Fort... OK (0.1 km)
  Checking: Chihkan Tower... OK (0.0 km)
  Checking: Garden Night Market... OK (0.2 km)

[79/351] Processing: Asia/EastAsia/Taiwan/Cities/TaipeiAttractions.swift
  Checking: Taipei 101... OK (0.0 km)
  Checking: Chiang Kai-shek Memorial Hall... OK (0.2 km)
  Checking: National Palace Museum... OK (0.0 km)
  Checking: Longshan Temple... OK (0.0 km)
  Checking: Elephant Mountain (Xiangshan)... OK (0.6 km)
  Checking: Raohe Street Night Market... OK (0.0 km)
  Checking: Shilin Night Market... OK (0.1 km)
  Checking: Beitou Hot Springs... OK (0.1 km)

[80/351] Processing: Asia/MiddleEast/Bahrain/Cities/ManamaAttractions.swift
  Checking: Bahrain National Museum... NEEDS UPDATE (5.1 km off)
    Current: (26.2471, 50.5476)
    Correct: (26.2408, 50.5981)
    Address: 6HRX+86G, Shaikh Hamad Cswy, Manama, Bahrain
  Checking: Bahrain Fort (Qal'at al-Bahrain)... OK (0.1 km)
  Checking: Al-Fateh Grand Mosque... OK (0.9 km)
  Checking: Bab Al Bahrain... OK (0.3 km)
  Checking: Manama Souq... OK (0.4 km)
  Checking: Tree of Life... NEEDS UPDATE (23.9 km off)
    Current: (25.9946, 50.5832)
    Correct: (26.2095, 50.5934)
    Address: Building 767 Rd No 3629, Manama 336, Bahrain
  Checking: Bahrain World Trade Center... OK (0.2 km)
  Checking: Bahrain International Circuit... OK (0.2 km)
  Checking: Al Dar Islands... NEEDS UPDATE (16.3 km off)
    Current: (26.2667, 50.7167)
    Correct: (26.1305, 50.6572)
    Address: Al Dar Island, Bahrain
  Checking: Bahrain National Theatre... NEEDS UPDATE (5.4 km off)
    Current: (26.2503, 50.5453)
    Correct: (26.2425, 50.5987)
    Address: 6HVX+2F7, Shaikh Hamad Cswy, Manama, Bahrain
  Checking: Muharraq Old Town... OK (1.2 km)
  Checking: Arad Fort... OK (2.4 km)
  Checking: Block 338 & Adliya... OK (1.3 km)
  Checking: A'ali Royal Burial Mounds... OK (0.9 km)
  Checking: The Avenues Bahrain... NEEDS UPDATE (5.5 km off)
    Current: (26.2253, 50.5347)
    Correct: (26.2458, 50.5854)
    Address: Building No. 3977 Road 4660, Manama, Bahrain
  Checking: Lost Paradise of Dilmun Waterpark... NEEDS UPDATE (5.2 km off)
    Current: (26.0583, 50.525)
    Correct: (26.0139, 50.5099)
    Address: Building 1663, Road 6227, Block 1062 Hawrat Ingah، Southern Governorate 000, Bahrain
  Checking: Oil Museum... NEEDS UPDATE (21.6 km off)
    Current: (26.0411, 50.5139)
    Correct: (26.2235, 50.5876)
    Address: Manama, Bahrain
  Checking: Amwaj Islands... OK (2.1 km)
  ✅ Updated 7 coordinates in file

[81/351] Processing: Asia/MiddleEast/Iran/Cities/IsfahanAttractions.swift
  Checking: Naqsh-e Jahan Square... OK (0.1 km)
  Checking: Imam Mosque (Shah Mosque)... OK (0.1 km)
  Checking: Sheikh Lotfollah Mosque... OK (0.0 km)
  Checking: Ali Qapu Palace... OK (0.1 km)
  Checking: Si-o-se-pol Bridge... OK (0.4 km)
  Checking: Khaju Bridge... OK (0.4 km)
  Checking: Vank Cathedral... OK (0.1 km)
  Checking: Chehel Sotoun Palace... OK (0.2 km)
  Checking: Isfahan Grand Bazaar (Qeysarieh)... OK (0.4 km)

[82/351] Processing: Asia/MiddleEast/Iran/Cities/ShirazAttractions.swift
  Checking: Nasir al-Mulk Mosque (Pink Mosque)... OK (0.0 km)
  Checking: Persepolis... NEEDS UPDATE (48.7 km off)
    Current: (29.9352, 52.8916)
    Correct: (29.6286, 52.5310)
    Address: Fars Province, Shiraz, District 1, ساحلی غربی - کوچه 4، W Saheli St, No. 4, Iran
  Checking: Naqsh-e Rostam... NEEDS UPDATE (52.0 km off)
    Current: (29.9861, 52.8747)
    Correct: (29.5926, 52.5836)
    Address: Shiraz, Fars Province, Iran
  Checking: Eram Garden... OK (0.4 km)
  Checking: Tomb of Hafez... OK (1.6 km)
  Checking: Vakil Bazaar... OK (0.9 km)
  Checking: Arg of Karim Khan... OK (1.2 km)
  Checking: Shah Cheragh Shrine... OK (0.6 km)
  ✅ Updated 2 coordinates in file

[83/351] Processing: Asia/MiddleEast/Iran/Cities/TehranAttractions.swift
  Checking: Golestan Palace... OK (0.2 km)
  Checking: National Jewelry Treasury... OK (0.5 km)
  Checking: Milad Tower... OK (0.0 km)
  Checking: Azadi Tower... OK (0.0 km)
  Checking: National Museum of Iran... OK (0.3 km)
  Checking: Grand Bazaar... OK (0.6 km)
  Checking: Tochal Ski Resort & Telecabin... NEEDS UPDATE (5.1 km off)
    Current: (35.84, 51.41)
    Correct: (35.8860, 51.4059)
    Address: VCP4+98Q, Tehran, Tehran Province, Iran
  Checking: Niavaran Palace Complex... OK (0.7 km)
  Checking: Tabiat Bridge... OK (1.0 km)
  Checking: Darband... OK (0.2 km)
  ✅ Updated 1 coordinates in file

[84/351] Processing: Asia/MiddleEast/Iraq/Cities/BaghdadAttractions.swift
  Checking: National Museum of Iraq... OK (2.1 km)
  Checking: Al-Mutanabbi Street... OK (0.6 km)
  Checking: Al-Kadhimiya Mosque... OK (0.5 km)
  Checking: Baghdad Tower (International Tower)... OK (2.0 km)
  Checking: Al-Shaheed Monument... OK (4.8 km)
  Checking: Firdos Square... OK (3.7 km)
  Checking: Tigris River Cruise... OK (2.8 km)
  Skipping: Babylon (Day Trip) (excluded)
  Checking: Zawraa Park... OK (2.3 km)
  Checking: Abu Hanifa Mosque... OK (3.0 km)
  Checking: Al-Mustansiriya Madrasah... OK (0.6 km)

[85/351] Processing: Asia/MiddleEast/Iraq/Cities/ErbilAttractions.swift
  Checking: Erbil Citadel... OK (0.0 km)
  Checking: Kurdish Textile Museum... OK (0.1 km)
  Checking: Sami Abdul Rahman Park... OK (1.3 km)
  Checking: Erbil Bazaar (Qaysari)... OK (0.3 km)
  Checking: Shanidar Cave... OK (0.3 km)
  Checking: Jalil Khayat Mosque... OK (1.7 km)

[86/351] Processing: Asia/MiddleEast/Israel/Cities/HaifaAttractions.swift
  Checking: Bahá'í Gardens... OK (0.3 km)
  Checking: German Colony... OK (2.0 km)
  Checking: Carmelit Underground Funicular... OK (1.0 km)
  Checking: Stella Maris Monastery... OK (0.2 km)
  Checking: Haifa Cable Car... OK (0.8 km)
  Checking: Wadi Nisnas... OK (0.7 km)
  Checking: Madatech - Israel National Museum of Science... OK (1.8 km)
  Checking: Louis Promenade... OK (1.2 km)
  Checking: Tikotin Museum of Japanese Art... OK (1.2 km)
  Checking: Elijah's Cave... OK (0.5 km)
  Checking: Haifa Educational Zoo... OK (1.3 km)
  Checking: Bat Galim Beach... OK (1.7 km)
  Checking: Hecht Museum... OK (2.8 km)
  Checking: Haifa Port... OK (0.3 km)

[87/351] Processing: Asia/MiddleEast/Israel/Cities/TelAvivAttractions.swift
  Checking: Jaffa Old City... OK (0.6 km)
  Checking: White City Bauhaus Architecture... OK (1.3 km)
  Checking: Carmel Market... OK (0.3 km)
  Checking: Tel Aviv Beach Promenade... OK (1.8 km)
  Checking: Rothschild Boulevard... OK (0.4 km)
  Checking: Tel Aviv Museum of Art... OK (0.1 km)
  Checking: Neve Tzedek... OK (0.3 km)
  Checking: Sarona Market... OK (0.2 km)
  Checking: Independence Hall... OK (0.1 km)
  Checking: Dizengoff Square... OK (0.1 km)
  Checking: Eretz Israel Museum... OK (1.2 km)
  Checking: Gordon Beach... OK (0.1 km)
  Checking: Old Tel Aviv Port... OK (1.5 km)
  Checking: Nachalat Binyamin Arts & Crafts Fair... OK (0.2 km)

[88/351] Processing: Asia/MiddleEast/Jordan/Cities/AmmanAttractions.swift
  Checking: Amman Citadel (Jabal al-Qal'a)... OK (0.3 km)
  Checking: Roman Theatre... OK (0.3 km)
  Checking: Rainbow Street... OK (0.5 km)
  Checking: King Abdullah I Mosque... OK (1.0 km)
  Checking: Jordan Museum... OK (0.8 km)
  Checking: Downtown Amman (Al-Balad)... NEEDS UPDATE (5.4 km off)
    Current: (31.953, 35.93)
    Correct: (31.9498, 35.8724)
    Address: Baalbeck, Amman, Jordan
  Skipping: Dead Sea Beach Resorts (excluded)
  Skipping: Mount Nebo (excluded)
  Skipping: Madaba (Mosaic City) (excluded)
  Skipping: Jerash (Gerasa) (excluded)
  Skipping: Wadi Rum Desert (excluded)
  Skipping: Aqaba Red Sea (excluded)
  Checking: Darat al Funun... OK (0.1 km)
  Checking: Wild Jordan Center... OK (0.9 km)
  Skipping: Ajloun Castle (excluded)
  ✅ Updated 1 coordinates in file

[89/351] Processing: Asia/MiddleEast/Jordan/Cities/PetraAttractions.swift
  Checking: The Treasury (Al-Khazneh)... OK (0.1 km)
  Checking: The Siq... OK (0.8 km)
  Checking: The Monastery (Ad-Deir)... OK (0.5 km)
  Checking: Royal Tombs... OK (0.5 km)
  Checking: The High Place of Sacrifice... OK (0.6 km)
  Checking: Street of Facades... OK (0.4 km)
  Checking: Roman Theatre... OK (0.9 km)
  Checking: Petra by Night... OK (2.1 km)
  Checking: Little Petra (Siq al-Barid)... OK (3.7 km)
  Checking: Great Temple... OK (0.4 km)
  Checking: Byzantine Church... OK (0.4 km)
  Checking: Colonnaded Street... OK (0.5 km)

[90/351] Processing: Asia/MiddleEast/Kuwait/Cities/KuwaitCityAttractions.swift
  Checking: Kuwait Towers... OK (2.1 km)
  Checking: Grand Mosque... OK (0.4 km)
  Checking: The Avenues Mall... OK (1.1 km)
  Checking: Liberation Tower... OK (1.1 km)
  Checking: Souq Al-Mubarakiya... OK (0.6 km)
  Checking: Scientific Center Kuwait... NEEDS UPDATE (8.2 km off)
    Current: (29.3469, 48.0097)
    Correct: (29.3508, 48.0941)
    Address: Scientific Center Walk, 932V+8JX, Salmiya, Kuwait
  Checking: Museum of Modern Art... OK (2.0 km)
  Checking: Tareq Rajab Museum... NEEDS UPDATE (5.7 km off)
    Current: (29.3414, 47.9958)
    Correct: (29.3171, 48.0472)
    Address: Building 22, Block, 12 5 St, Jabriya, Kuwait
  Checking: Marina Mall & Crescent... NEEDS UPDATE (5.4 km off)
    Current: (29.3461, 48.0103)
    Correct: (29.3393, 48.0657)
    Address: Salem Al Mubarak St, Salmiya, Kuwait
  Checking: Al Shaheed Park... OK (0.8 km)
  Checking: Failaka Island... OK (4.4 km)
  Checking: Mirror House... OK (2.4 km)
  Checking: Kuwait National Museum... OK (1.8 km)
  Checking: Seif Palace... OK (0.5 km)
  Checking: 360 Mall... OK (4.3 km)
  Checking: Kubbar Island... NEEDS UPDATE (58.9 km off)
    Current: (29.0667, 48.5)
    Correct: (29.3754, 48.0065)
    Address: 92G4+5J2، Bneid Al Qar، Seafront، Al Kuwayt, Kuwait
  Checking: Al Kout Beach & Mall... NEEDS UPDATE (36.3 km off)
    Current: (29.0808, 48.1294)
    Correct: (29.3780, 47.9751)
    Address: Kuwait City, Kuwait
  ✅ Updated 5 coordinates in file

[91/351] Processing: Asia/MiddleEast/Lebanon/Cities/BeirutAttractions.swift
  Checking: Pigeon Rocks (Raouché)... OK (1.6 km)
  Checking: National Museum of Beirut... OK (0.6 km)
  Checking: Downtown Beirut (BCD)... OK (0.7 km)
  Checking: Mohammad Al-Amin Mosque... OK (0.2 km)
  Checking: Hamra Street... OK (0.1 km)
  Checking: American University of Beirut... OK (0.5 km)
  Checking: Beirut Corniche... NOT FOUND
  Checking: Gemmayzeh & Mar Mikhael... OK (0.7 km)
  Checking: Sursock Museum... OK (0.5 km)
  Checking: Beit Beirut (Yellow House)... OK (0.8 km)
  Skipping: Baalbek Temples (Day Trip) (excluded)
  Skipping: Byblos (Jbeil) (excluded)
  Checking: Jeita Grotto... OK (0.2 km)
  Checking: Harissa & Our Lady of Lebanon... OK (4.7 km)
  Checking: Zaitunay Bay... OK (1.5 km)
  Checking: St. George Greek Orthodox Cathedral... OK (0.1 km)
  Checking: Place de l'Étoile... OK (0.1 km)
  Checking: Ashrafieh... OK (0.2 km)
  Checking: Beirut Souks... OK (0.6 km)
  Skipping: Sidon (Saida) (excluded)

[92/351] Processing: Asia/MiddleEast/Oman/Cities/MuscatAttractions.swift
  Checking: Sultan Qaboos Grand Mosque... OK (2.1 km)
  Checking: Royal Opera House Muscat... NEEDS UPDATE (5.4 km off)
    Current: (23.607, 58.416)
    Correct: (23.6140, 58.4685)
    Address: Royal Opera House Al Kharjiyah Street مسقط OM، Muscat 103, Oman
  Checking: Mutrah Souq... OK (0.4 km)
  Checking: Mutrah Corniche... OK (1.2 km)
  Checking: Al Jalali & Al Mirani Forts... OK (0.4 km)
  Checking: National Museum of Oman... OK (0.1 km)
  Checking: Al Alam Palace... OK (0.4 km)
  Skipping: Wadi Shab (excluded)
  Checking: Bimmah Sinkhole... OK (1.2 km)
  Checking: Qurum Beach... OK (2.9 km)
  Skipping: Nizwa Day Trip (excluded)
  Skipping: Jebel Akhdar (Green Mountain) (excluded)
  Skipping: Wahiba Sands Desert (excluded)
  Checking: Bait Al Zubair Museum... OK (0.2 km)
  Checking: Dolphin & Whale Watching... NEEDS UPDATE (19.4 km off)
    Current: (23.62, 58.57)
    Correct: (23.5880, 58.3829)
    Address: Muscat, Oman
  Skipping: Ras Al Jinz Turtle Reserve (excluded)
  Checking: Muscat Gate Museum... OK (0.8 km)
  Checking: Bandar Khayran... NEEDS UPDATE (6.0 km off)
    Current: (23.45, 58.7167)
    Correct: (23.5016, 58.7342)
    Address: بندر الخيران‎، Oman
  ✅ Updated 3 coordinates in file

[93/351] Processing: Asia/MiddleEast/Qatar/Cities/DohaAttractions.swift
  Checking: Museum of Islamic Art... OK (0.1 km)
  Checking: Souq Waqif... OK (0.2 km)
  Checking: The Pearl-Qatar... OK (0.3 km)
  Checking: National Museum of Qatar... OK (0.1 km)
  Checking: Katara Cultural Village... OK (0.3 km)
  Checking: Doha Corniche... OK (1.1 km)
  Checking: Aspire Park... OK (0.7 km)
  Checking: Villaggio Mall... OK (0.4 km)
  Checking: Msheireb Downtown Doha... OK (0.1 km)
  Checking: Lusail City... OK (1.7 km)
  Checking: Falcon Souq... OK (0.3 km)
  Skipping: Al Zubarah Fort (excluded)
  Checking: 3-2-1 Qatar Olympic and Sports Museum... OK (0.7 km)
  Skipping: Desert Safari & Inland Sea (excluded)
  Checking: Education City Mosques... OK (1.0 km)
  Checking: Dhow Cruise... OK (2.4 km)
  Checking: West Bay Skyline... OK (0.2 km)
  Skipping: Oryx Statue at Hamad Airport (excluded)
  Checking: Mathaf: Arab Museum of Modern Art... OK (2.3 km)
  Checking: Fire Station: Artists in Residence... OK (3.3 km)
  Checking: Banana Island Resort... NEEDS UPDATE (7.9 km off)
    Current: (25.2156, 51.544)
    Correct: (25.2854, 51.5310)
    Address: Doha, Qatar
  Checking: Place Vendome Mall... OK (3.4 km)
  ✅ Updated 1 coordinates in file

[94/351] Processing: Asia/MiddleEast/SaudiArabia/Cities/JeddahAttractions.swift
  Checking: Al-Balad (Historic Jeddah)... OK (0.4 km)
  Checking: King Fahd Fountain... OK (1.9 km)
  Checking: Jeddah Corniche... NEEDS UPDATE (9.2 km off)
    Current: (21.53, 39.15)
    Correct: (21.6023, 39.1078)
    Address: Jeddah Corniche، الشاطئ، جدة 23511, Saudi Arabia
  Checking: Red Sea Mall... OK (1.4 km)
  Checking: Floating Mosque (Al Rahma)... OK (3.8 km)
  Checking: Jeddah Tower (Under Construction)... NEEDS UPDATE (11.9 km off)
    Current: (21.84, 39.07)
    Correct: (21.7340, 39.0829)
    Address: P3MJ+PP7 Kingdom Tower, Obhur Al-Shamaliyah, Jeddah 23811, Saudi Arabia
  Checking: Naseef House Museum... OK (0.1 km)
  Checking: Fakieh Aquarium... NEEDS UPDATE (7.5 km off)
    Current: (21.51, 39.1367)
    Correct: (21.5722, 39.1096)
    Address: Next to, Al Kuranaysh Rd، Al Kurnaysh Br Rd, Ash Shati, Jeddah 23413, Saudi Arabia
  Checking: Obhur Creek... OK (0.8 km)
  Checking: Atallah Happy Land Park... NEEDS UPDATE (10.4 km off)
    Current: (21.5333, 39.15)
    Correct: (21.6180, 39.1083)
    Address: JEBC6263، 6263، حي, 2763 Al Kurnaysh Br Rd, Ash Shati, Jeddah 23611, Saudi Arabia
  Checking: Jeddah Waterfront (New Jeddah Downtown)... NEEDS UPDATE (14.1 km off)
    Current: (21.49, 39.17)
    Correct: (21.6023, 39.1078)
    Address: J425+W4C، الشاطئ، جدة 23511, Saudi Arabia
  Checking: Jeddah Superdome... NEEDS UPDATE (19.1 km off)
    Current: (21.58, 39.12)
    Correct: (21.7490, 39.1516)
    Address: Al-Madinah Al-Munawarah Rd, King Abdulaziz International Airport, Jeddah 23735, Saudi Arabia
  ✅ Updated 6 coordinates in file

[95/351] Processing: Asia/MiddleEast/SaudiArabia/Cities/RiyadhAttractions.swift
  Checking: Kingdom Centre Tower... OK (0.1 km)
  Checking: Diriyah (At-Turaif)... OK (0.3 km)
  Checking: National Museum of Saudi Arabia... OK (0.1 km)
  Checking: Masmak Fortress... OK (0.0 km)
  Checking: Edge of the World... NEEDS UPDATE (19.7 km off)
    Current: (24.8111, 46.1111)
    Correct: (24.9486, 45.9884)
    Address: WXWR+W7 Edge of the World, العويند 15423, Saudi Arabia
  Checking: Boulevard Riyadh City... NEEDS UPDATE (5.1 km off)
    Current: (24.75, 46.65)
    Correct: (24.7694, 46.6046)
    Address: Hittin, Riyadh 13516, Saudi Arabia
  Checking: Al Faisaliah Tower... OK (0.0 km)
  Checking: Riyadh Zoo... OK (3.5 km)
  Checking: Wadi Hanifa... NEEDS UPDATE (12.6 km off)
    Current: (24.6167, 46.5833)
    Correct: (24.5934, 46.7050)
    Address: Wadi Hanifah, Riyadh Saudi Arabia
  Checking: King Abdullah Financial District (KAFD)... OK (0.2 km)
  Checking: Riyadh Season Entertainment... NEEDS UPDATE (11.7 km off)
    Current: (24.78, 46.72)
    Correct: (24.7687, 46.6046)
    Address: 6871 سويد بن حارثة،، Hittin, Riyadh 13516،, Saudi Arabia
  Checking: Murabba Palace (King Abdulaziz Historical Center)... OK (0.2 km)
  ✅ Updated 4 coordinates in file

[96/351] Processing: Asia/MiddleEast/Syria/Cities/DamascusAttractions.swift
  Checking: Umayyad Mosque... OK (0.0 km)
  Checking: Old City of Damascus... OK (2.6 km)
  Checking: Souq al-Hamidiyya... OK (0.1 km)
  Checking: Azem Palace... OK (0.2 km)
  Checking: Straight Street (Via Recta)... OK (1.0 km)
  Checking: Chapel of Saint Paul... OK (0.5 km)
  Checking: National Museum of Damascus... OK (0.5 km)
  Checking: Sayyidah Ruqayya Mosque... OK (0.1 km)
  Checking: Citadel of Damascus... OK (0.1 km)
  Checking: Sayyidah Zaynab Mosque... OK (0.1 km)
  Checking: House of Ananias... OK (0.9 km)
  Checking: Mount Qasioun... OK (2.0 km)

[97/351] Processing: Asia/MiddleEast/UAE/Cities/AbuDhabiAttractions.swift
  Checking: Sheikh Zayed Grand Mosque... OK (0.0 km)
  Checking: Louvre Abu Dhabi... OK (0.0 km)
  Checking: Emirates Palace... OK (0.1 km)
  Checking: Yas Island... OK (0.5 km)
  Checking: Ferrari World Abu Dhabi... OK (0.1 km)
  Checking: Qasr Al Hosn... OK (0.1 km)
  Checking: Abu Dhabi Corniche... OK (2.1 km)
  Checking: Warner Bros. World Abu Dhabi... OK (0.9 km)
  Checking: Saadiyat Beach... OK (2.3 km)
  Checking: Qasr Al Watan... OK (0.9 km)
  Checking: Yas Waterworld... OK (0.3 km)
  Checking: Mangrove National Park... OK (0.5 km)
  Checking: Yas Marina Circuit... OK (1.1 km)
  Checking: Heritage Village... OK (0.4 km)
  Checking: Capital Gate Tower... OK (0.6 km)
  Checking: Jubail Mangrove Park... OK (0.2 km)
  Checking: Soul Beach Saadiyat... OK (1.0 km)
  Checking: Observation Deck at 300... OK (1.1 km)
  Skipping: Al Wathba Fossil Dunes (excluded)
  Checking: Yas Marina... OK (1.1 km)

[98/351] Processing: Asia/MiddleEast/UAE/Cities/DubaiAttractions.swift
  Checking: Burj Khalifa... OK (0.5 km)
  Checking: Dubai Mall... OK (0.0 km)
  Checking: Dubai Fountain... OK (0.1 km)
  Checking: Palm Jumeirah... OK (1.3 km)
  Checking: Atlantis Aquaventure... OK (0.3 km)
  Checking: Dubai Frame... OK (0.0 km)
  Checking: Burj Al Arab... OK (0.0 km)
  Checking: Dubai Creek & Abra Ride... OK (1.5 km)
  Checking: Gold Souk... OK (1.7 km)
  Checking: Museum of the Future... OK (0.1 km)
  Checking: Dubai Marina... OK (0.9 km)
  Checking: JBR Beach & The Walk... OK (0.2 km)
  Checking: Ain Dubai... OK (0.4 km)
  Checking: Al Fahidi Historical District... OK (0.2 km)
  Checking: Global Village... OK (0.2 km)
  Checking: Dubai Miracle Garden... OK (0.0 km)
  Checking: IMG Worlds of Adventure... OK (4.2 km)
  Checking: Ski Dubai... OK (0.2 km)
  Checking: La Mer Beach... OK (1.5 km)
  Checking: Madinat Jumeirah... OK (0.2 km)
  Checking: Dubai Spice Souk... OK (0.5 km)
  Skipping: Desert Safari Experience (excluded)

[99/351] Processing: Asia/SouthAsia/Bangladesh/Cities/DhakaAttractions.swift
  Checking: Lalbagh Fort... OK (0.2 km)

[100/351] Processing: Asia/SouthAsia/Bhutan/Cities/ThimphuAttractions.swift
  Checking: Buddha Dordenma... OK (1.4 km)

[101/351] Processing: Asia/SouthAsia/India/Cities/DelhiAttractions.swift
  Skipping: Taj Mahal (excluded)

[102/351] Processing: Asia/SouthAsia/Maldives/Cities/MaleAttractions.swift
  Checking: Friday Mosque... NEEDS UPDATE (6.1 km off)
    Current: (4.1755, 73.5095)
    Correct: (4.2181, 73.5437)
    Address: Hukuru Miskiy, Reethigas Hingun, Malé, Maldives
  ✅ Updated 1 coordinates in file

[103/351] Processing: Asia/SouthAsia/Nepal/Cities/KathmanduAttractions.swift
  Checking: Boudhanath Stupa... OK (0.0 km)

[104/351] Processing: Asia/SouthAsia/Pakistan/Cities/LahoreAttractions.swift
  Checking: Badshahi Mosque... OK (0.0 km)

[105/351] Processing: Asia/SouthAsia/SriLanka/Cities/ColomboAttractions.swift
  Checking: Gangaramaya Temple... OK (0.1 km)

[106/351] Processing: Asia/SoutheastAsia/Brunei/Cities/BandarSeriBegawanAttractions.swift
  Checking: Sultan Omar Ali Saifuddien Mosque... OK (0.1 km)

[107/351] Processing: Asia/SoutheastAsia/Cambodia/Cities/SiemReapAttractions.swift
  Checking: Angkor Wat... OK (0.0 km)

[108/351] Processing: Asia/SoutheastAsia/Indonesia/Cities/BaliAttractions.swift
  Checking: Tanah Lot Temple... OK (0.5 km)

[109/351] Processing: Asia/SoutheastAsia/Laos/Cities/VientianeAttractions.swift
  Checking: Pha That Luang... OK (0.2 km)

[110/351] Processing: Asia/SoutheastAsia/Malaysia/Cities/KualaLumpurAttractions.swift
  Checking: Petronas Twin Towers... OK (0.0 km)

[111/351] Processing: Asia/SoutheastAsia/Myanmar/Cities/YangonAttractions.swift
  Checking: Shwedagon Pagoda... OK (0.0 km)

[112/351] Processing: Asia/SoutheastAsia/Philippines/Cities/ManilaAttractions.swift
  Checking: Intramuros... OK (0.0 km)

[113/351] Processing: Asia/SoutheastAsia/Singapore/Cities/SingaporeCityAttractions.swift
  Checking: Marina Bay Sands... OK (0.2 km)

[114/351] Processing: Asia/SoutheastAsia/Thailand/Cities/BangkokAttractions.swift
  Checking: Grand Palace... OK (0.0 km)

[115/351] Processing: Asia/SoutheastAsia/Vietnam/Cities/HanoiAttractions.swift
  Checking: Hoan Kiem Lake... OK (0.0 km)

[116/351] Processing: Europe/Albania/Cities/BeratAttractions.swift
  Checking: Berat Castle... OK (0.1 km)
  Checking: Mangalem Quarter... OK (0.1 km)
  Checking: Gorica Bridge... OK (0.2 km)
  Skipping: Tirana International Airport (Serving Berat) (excluded)

[117/351] Processing: Europe/Albania/Cities/GjirokasterAttractions.swift
  Checking: Gjirokaster Castle... OK (0.1 km)
  Checking: The Old Bazaar... OK (0.2 km)
  Checking: Zekate House... OK (0.4 km)
  Skipping: Tirana International Airport (Serving Gjirokastër) (excluded)

[118/351] Processing: Europe/Albania/Cities/SarandeAttractions.swift
  Checking: Lëkurësi Castle... OK (0.3 km)
  Checking: Butrint National Park... OK (0.0 km)
  Checking: Ksamil Islands... OK (0.6 km)
  Skipping: Corfu Airport (Serving Saranda) (excluded)

[119/351] Processing: Europe/Albania/Cities/TiranaAttractions.swift
  Checking: Skanderbeg Square... OK (0.1 km)
  Checking: Bunk'Art 1... OK (0.2 km)
  Checking: Et'hem Bey Mosque... OK (0.1 km)
  Checking: Pyramid of Tirana... OK (0.1 km)
  Checking: Dajti Ekspres... OK (0.2 km)
  Skipping: Tirana International Airport (TIA) (excluded)

[120/351] Processing: Europe/Andorra/Cities/AndorraLaVellaAttractions.swift
  Checking: Caldea Spa... OK (0.0 km)
  Checking: Casa de la Vall... OK (0.0 km)
  Skipping: Barcelona-El Prat Airport (Serving Andorra) (excluded)
  Checking: Barri Antic... OK (0.1 km)
  Checking: Sant Esteve Church... OK (0.1 km)
  Checking: Nobility of Time... OK (0.6 km)
  Checking: Parc Central... OK (0.1 km)
  Checking: Rec del Solà... OK (0.6 km)
  Checking: Pont de Paris... OK (0.1 km)
  Checking: Pyrénées Andorra... OK (0.0 km)
  Checking: 7 Poetes... OK (0.1 km)
  Checking: Madriu-Perafita-Claror Valley... OK (2.3 km)
  Checking: Grandvalira Ski Resort... OK (4.4 km)

[121/351] Processing: Europe/Andorra/Cities/EncampAttractions.swift
  Checking: Grandvalira Ski Resort... NEEDS UPDATE (9.6 km off)
    Current: (42.536, 1.583)
    Correct: (42.5324, 1.7002)
    Address: Estació Esquí Grau Roig, AD200 Encamp, Andorra
  Checking: National Automobile Museum... OK (0.4 km)
  Skipping: Barcelona-El Prat Airport (Serving Encamp) (excluded)
  ✅ Updated 1 coordinates in file

[122/351] Processing: Europe/Austria/Cities/GrazAttractions.swift
  Checking: Schlossberg... OK (0.0 km)
  Checking: Clock Tower... OK (3.8 km)
  Checking: Kunsthaus Graz... OK (0.0 km)
  Checking: Graz Old Town... OK (0.0 km)
  Checking: Double Spiral Staircase... OK (0.2 km)
  Checking: Eggenberg Palace... OK (0.4 km)
  Checking: Murinsel... OK (0.2 km)
  Checking: Styrian Armoury... OK (0.2 km)
  Skipping: Graz Airport (GRZ) (excluded)
  Checking: Mariatrost Basilica... OK (0.1 km)
  Checking: Graz Opera... OK (0.1 km)
  Checking: Burggarten... OK (0.2 km)
  Checking: Franciscan Church... OK (0.1 km)
  Checking: City Park... OK (1.9 km)
  Checking: Mausoleum of Emperor Ferdinand II... OK (0.1 km)
  Checking: Botanical Garden... OK (0.1 km)

[123/351] Processing: Europe/Austria/Cities/HallstattAttractions.swift
  Checking: Hallstatt Village... OK (0.0 km)
  Checking: Hallstatt Skywalk... OK (1.2 km)
  Checking: Hallstatt Salt Mine... OK (1.4 km)
  Checking: Hallstatt Bone House... OK (0.1 km)
  Checking: Lake Hallstatt... OK (2.8 km)
  Checking: Dachstein Ice Cave... NEEDS UPDATE (8.5 km off)
    Current: (47.529, 13.6047)
    Correct: (47.5347, 13.7179)
    Address: Dachstein Giant Ice Cave, 4831 Obertraun, Austria
  Checking: Five Fingers Viewing Platform... NEEDS UPDATE (5.5 km off)
    Current: (47.5317, 13.6189)
    Correct: (47.5286, 13.6920)
    Address: am, Winkl 34, 4831 Obertraun, Austria
  Checking: Hallstatt Catholic Church... OK (0.1 km)
  Skipping: Salzburg Airport (Serving Hallstatt) (excluded)
  Checking: Hallstatt Museum... OK (0.0 km)
  Checking: Waldbachstrub Waterfall... OK (0.3 km)
  Checking: Kalvarienberg... OK (0.2 km)
  Checking: Rudolf's Tower... OK (0.6 km)
  Checking: Lake Gosau... NEEDS UPDATE (6.2 km off)
    Current: (47.5333, 13.4967)
    Correct: (47.5841, 13.5309)
    Address: 4824 Gosau, Austria
  Checking: Altaussee Salt Mine... OK (2.8 km)
  Checking: Kaiservilla Bad Ischl... OK (0.3 km)
  ✅ Updated 3 coordinates in file

[124/351] Processing: Europe/Austria/Cities/InnsbruckAttractions.swift
  Checking: Golden Roof... OK (0.0 km)
  Checking: Nordkette Cable Car... OK (4.6 km)
  Checking: Ambras Castle... OK (0.1 km)
  Checking: Imperial Palace... OK (0.0 km)
  Checking: Court Church... OK (0.0 km)
  Checking: Bergisel Ski Jump... OK (0.1 km)
  Checking: Swarovski Crystal Worlds... OK (0.3 km)
  Checking: Maria-Theresien-Strasse... OK (0.1 km)
  Skipping: Innsbruck Airport (INN) (excluded)
  Checking: Alpine Zoo... OK (0.2 km)
  Checking: City Tower... OK (0.0 km)
  Checking: Tyrol Panorama... OK (0.0 km)
  Checking: Triumphal Arch... OK (0.3 km)
  Checking: Cathedral of St. James... OK (0.0 km)
  Checking: Helbling House... OK (0.0 km)
  Checking: Grassmayr Bell Foundry... OK (0.3 km)

[125/351] Processing: Europe/Austria/Cities/SalzburgAttractions.swift
  Checking: Hohensalzburg Fortress... OK (0.0 km)
  Checking: Mozart's Birthplace... OK (0.0 km)
  Checking: Mirabell Palace and Gardens... OK (0.0 km)
  Checking: Salzburg Cathedral... OK (0.1 km)
  Checking: Getreidegasse... OK (0.1 km)
  Checking: Hellbrunn Palace... OK (0.1 km)
  Checking: St. Peter's Abbey... OK (0.0 km)
  Checking: Museum of Modern Art Salzburg... OK (0.3 km)
  Skipping: Salzburg Airport (SZG) (excluded)
  Checking: Hangar-7... OK (0.1 km)
  Checking: Salzburg Zoo... OK (0.1 km)
  Checking: Toy Museum... OK (0.1 km)
  Checking: Kapuzinerberg... OK (0.4 km)
  Checking: Residenzplatz... OK (0.0 km)
  Checking: Mozart's Residence... OK (0.0 km)
  Checking: Makartsteg... OK (0.0 km)

[126/351] Processing: Europe/Austria/Cities/ViennaAttractions.swift
  Checking: Schönbrunn Palace... OK (0.2 km)
  Checking: St. Stephen's Cathedral... OK (0.0 km)
  Checking: Belvedere Palace... OK (0.0 km)
  Checking: Hofburg Palace... OK (0.1 km)
  Checking: Vienna State Opera... OK (0.1 km)
  Checking: Kunsthistorisches Museum... OK (0.0 km)
  Checking: Naschmarkt... OK (0.1 km)
  Checking: Prater... OK (0.4 km)
  Checking: Ringstrasse... NEEDS UPDATE (60.8 km off)
    Current: (48.2056, 16.3601)
    Correct: (48.4074, 15.5965)
    Address: Ringstraße, 3500 Krems an der Donau, Austria
  Checking: MuseumsQuartier... OK (0.0 km)
  Checking: Spanish Riding School... OK (0.1 km)
  Checking: Hundertwasserhaus... OK (0.0 km)
  Checking: Albertina... OK (0.1 km)
  Checking: Karlskirche... OK (0.0 km)
  Checking: Natural History Museum... OK (0.0 km)
  Checking: Secession Building... OK (0.2 km)
  Checking: Central Cemetery... OK (0.2 km)
  Checking: Grinzing Wine Taverns... OK (0.6 km)
  Checking: Danube Tower... OK (0.2 km)
  Skipping: Vienna International Airport (VIE) (excluded)
  Checking: St. Peter's Church... OK (0.0 km)
  Checking: Volksgarten... OK (0.1 km)
  Checking: City Park... OK (0.1 km)
  Checking: House of Music... OK (0.0 km)
  Checking: Imperial Crypt... OK (0.0 km)
  Checking: Votive Church... OK (0.1 km)
  ✅ Updated 1 coordinates in file

[127/351] Processing: Europe/Belarus/Cities/BrestAttractions.swift
  Checking: Brest Fortress... OK (0.6 km)
  Checking: Museum of Confiscated Art... NEEDS UPDATE (5.4 km off)
    Current: (52.093, 23.685)
    Correct: (52.0997, 23.7637)
    Address: Brest, Brest Region, Belarus
  Checking: Sovetskaya Street... OK (1.1 km)
  Skipping: Minsk National Airport (Serving Brest) (excluded)
  Skipping: Minsk Airport (Serving Brest) (excluded)
  ✅ Updated 1 coordinates in file

[128/351] Processing: Europe/Belarus/Cities/GrodnoAttractions.swift
  Checking: St. Francis Xavier Cathedral... OK (0.1 km)
  Checking: Old and New Castles... OK (0.2 km)
  Checking: Kolozha Church... OK (0.0 km)
  Skipping: Minsk National Airport (Serving Grodno) (excluded)
  Skipping: Minsk Airport (Serving Grodno) (excluded)

[129/351] Processing: Europe/Belarus/Cities/MinskAttractions.swift
  Checking: Independence Avenue... NEEDS UPDATE (6.3 km off)
    Current: (53.9, 27.555)
    Correct: (53.9303, 27.6363)
    Address: prasp. Niezaliežnasci, Minsk, Minskaja voblasć, Belarus
  Checking: National Library of Belarus... OK (0.0 km)
  Checking: Trinity Suburb... OK (0.1 km)
  Checking: Island of Tears... OK (0.1 km)
  Checking: Victory Square... OK (0.0 km)
  Skipping: Minsk National Airport (MSQ) (excluded)
  Skipping: Minsk National Airport (MSQ) (excluded)
  Checking: Belarusian Great Patriotic War Museum... OK (0.0 km)
  Checking: Red Church... OK (0.0 km)
  Checking: Minsk Gates... OK (1.2 km)
  Checking: Gorky Park... OK (0.2 km)
  Checking: Bolshoi Opera and Ballet Theatre... OK (1.1 km)
  Checking: Upper Town (Vierchni Horad)... OK (0.1 km)
  Checking: Holy Spirit Cathedral... OK (0.0 km)
  Checking: National Art Museum... OK (0.3 km)
  Checking: Loshitsa Park... OK (0.4 km)
  Checking: Komalovka Market... OK (2.3 km)
  ✅ Updated 1 coordinates in file

[130/351] Processing: Europe/Belarus/Cities/NesvizhAttractions.swift
  Checking: Nesvizh Castle... OK (0.1 km)
  Checking: Corpus Christi Church... OK (0.1 km)
  Skipping: Minsk National Airport (Serving Nesvizh) (excluded)
  Skipping: Minsk Airport (Serving Nesvizh) (excluded)

[131/351] Processing: Europe/Belgium/Cities/AntwerpAttractions.swift
  Checking: Antwerp Central Station... OK (0.1 km)
  Checking: Cathedral of Our Lady... OK (0.0 km)
  Checking: Grote Markt... OK (0.0 km)
  Checking: Rubens House... OK (0.2 km)
  Checking: Museum aan de Stroom... OK (0.0 km)
  Checking: Diamond District... OK (0.2 km)
  Checking: Plantin-Moretus Museum... OK (0.1 km)
  Skipping: Antwerp International Airport (ANR) (excluded)
  Checking: Het Steen... OK (0.0 km)
  Checking: Antwerp ZOO... OK (0.3 km)
  Checking: St. Charles Borromeo Church... OK (0.0 km)
  Checking: Red Star Line Museum... OK (0.0 km)
  Checking: Meir Shopping Street... OK (0.1 km)
  Checking: Middelheim Open Air Sculpture Museum... OK (0.1 km)
  Checking: St. Anna's Tunnel... OK (0.2 km)
  Checking: Chocolate Nation... OK (0.1 km)

[132/351] Processing: Europe/Belgium/Cities/BrugesAttractions.swift
  Checking: Market Square... OK (0.0 km)
  Checking: Belfry of Bruges... OK (0.0 km)
  Checking: Canal Boat Tour... OK (0.0 km)
  Checking: Basilica of the Holy Blood... OK (0.0 km)
  Checking: Church of Our Lady... OK (0.1 km)
  Checking: Groeninge Museum... OK (0.1 km)
  Checking: Begijnhof... OK (0.1 km)
  Checking: Choco-Story Museum... OK (0.1 km)
  Skipping: Brussels Airport (Serving Bruges) (excluded)
  Checking: Minnewater Park... OK (0.1 km)
  Checking: St John's Hospital... OK (0.1 km)
  Checking: Historium Bruges... OK (0.0 km)
  Checking: Brewery De Halve Maan... OK (0.1 km)
  Checking: Bonifacius Bridge... OK (0.1 km)
  Checking: Jerusalem Chapel... OK (0.1 km)
  Checking: Frietmuseum... OK (0.1 km)

[133/351] Processing: Europe/Belgium/Cities/BrusselsAttractions.swift
  Checking: Grand Place... OK (0.0 km)
  Checking: Manneken Pis... OK (0.0 km)
  Checking: Atomium... OK (0.0 km)
  Checking: Royal Palace of Brussels... OK (0.0 km)
  Checking: Royal Museums of Fine Arts... OK (0.0 km)
  Checking: Belgian Comic Strip Center... OK (0.1 km)
  Checking: Mini-Europe... OK (0.1 km)
  Skipping: Brussels Airport (BRU) (excluded)
  Checking: Parc du Cinquantenaire... OK (0.3 km)
  Checking: Mont des Arts... OK (0.0 km)
  Checking: European Parliament... OK (0.0 km)
  Checking: Galeries Royales Saint-Hubert... OK (0.1 km)
  Checking: St. Michael and St. Gudula Cathedral... OK (0.0 km)
  Checking: Place du Grand Sablon... OK (0.1 km)
  Checking: Autoworld... OK (0.1 km)
  Checking: Train World... OK (0.2 km)
  Checking: Musical Instruments Museum... OK (0.0 km)
  Checking: Palace of Justice... OK (0.0 km)
  Checking: Brussels Park... OK (0.1 km)
  Checking: Horta Museum... OK (0.0 km)

[134/351] Processing: Europe/Belgium/Cities/GhentAttractions.swift
  Checking: Gravensteen Castle... OK (0.0 km)
  Checking: Saint Bavo's Cathedral... OK (0.0 km)
  Checking: Graslei and Korenlei... OK (0.0 km)
  Checking: Ghent Belfry... OK (0.0 km)
  Checking: STAM Ghent City Museum... OK (0.4 km)
  Checking: Saint Nicholas' Church... OK (0.1 km)
  Checking: Patershol... OK (0.4 km)
  Skipping: Brussels Airport (Serving Ghent) (excluded)
  Checking: St. Michael's Bridge... OK (0.0 km)
  Checking: Graffiti Street... OK (0.1 km)
  Checking: Vrijdagmarkt... OK (0.1 km)
  Checking: Citadelpark... OK (0.2 km)
  Checking: S.M.A.K.... OK (0.1 km)
  Checking: Ghent City Hall... OK (0.1 km)
  Checking: Castle of Gerald the Devil... OK (0.1 km)

[135/351] Processing: Europe/Belgium/Cities/LiegeAttractions.swift
  Checking: Montagne de Bueren... OK (0.1 km)
  Checking: Liège-Guillemins Station... OK (0.0 km)
  Checking: La Boverie... NEEDS UPDATE (23.1 km off)
    Current: (50.6233, 5.585)
    Correct: (50.5606, 5.8971)
    Address: Rue Boverie, Belgium
  Checking: Place Saint-Lambert... OK (0.1 km)
  Checking: Le Carré... OK (0.3 km)
  Checking: Grand Curtius Museum... OK (0.1 km)
  Skipping: Liège Airport (LGG) (excluded)
  Checking: Coteaux de la Citadelle... OK (0.2 km)
  Checking: Prince-Bishops' Palace... OK (0.1 km)
  Checking: La Batte Market... OK (0.2 km)
  Checking: Aquarium-Muséum... OK (0.1 km)
  Checking: Collegiate Church of St. Bartholomew... OK (0.0 km)
  Checking: Opéra Royal de Wallonie... OK (0.1 km)
  Checking: Pont de Fragnée... OK (0.8 km)
  Checking: Museum of Walloon Life... OK (0.0 km)
  ✅ Updated 1 coordinates in file

[136/351] Processing: Europe/Bosnia/Cities/BlagajAttractions.swift
  Checking: Blagaj Tekke... OK (1.3 km)
  Skipping: Mostar International Airport (Served by) (excluded)

[137/351] Processing: Europe/Bosnia/Cities/JajceAttractions.swift
  Checking: Pliva Waterfall... OK (0.5 km)
  Checking: Jajce Fortress... OK (0.4 km)
  Skipping: Banja Luka International Airport (BNX) (excluded)

[138/351] Processing: Europe/Bosnia/Cities/MostarAttractions.swift
  Checking: Stari Most (Old Bridge)... OK (0.0 km)
  Checking: Koski Mehmed Pasha Mosque... OK (0.0 km)
  Checking: Old Bazaar (Kujundžiluk)... OK (0.0 km)
  Skipping: Mostar International Airport (OMO) (excluded)
  Checking: Crooked Bridge (Kriva Ćuprija)... OK (0.3 km)
  Checking: Muslibegović House... OK (0.3 km)
  Checking: Sniper Tower (Partisan Memorial)... OK (0.3 km)
  Checking: Kajtaz House... OK (0.2 km)

[139/351] Processing: Europe/Bosnia/Cities/SarajevoAttractions.swift
  Checking: Baščaršija... OK (0.1 km)
  Checking: Latin Bridge... OK (0.0 km)
  Checking: Sarajevo Tunnel of Hope... OK (0.1 km)
  Checking: Trebević Cable Car... OK (0.1 km)
  Checking: Vijećnica (City Hall)... OK (0.1 km)
  Skipping: Sarajevo International Airport (SJJ) (excluded)
  Checking: Yellow Fortress... OK (0.1 km)
  Checking: Gazi Husrev-beg Mosque... OK (0.0 km)
  Checking: Galerija 11/07/95... OK (0.1 km)
  Checking: War Childhood Museum... OK (0.1 km)
  Checking: National Museum of Bosnia and Herzegovina... OK (0.0 km)
  Checking: Avaz Twist Tower... OK (0.1 km)
  Checking: Vrelo Bosne... OK (0.1 km)
  Checking: Sacred Heart Cathedral... OK (0.0 km)
  Checking: Eternal Flame... OK (0.0 km)
  Checking: Sebilj Fountain... OK (0.0 km)

[140/351] Processing: Europe/Bulgaria/Cities/PlovdivAttractions.swift
  Checking: Ancient Theatre... OK (0.1 km)
  Checking: Old Town... OK (0.3 km)
  Checking: Kapana Creative District... OK (0.1 km)
  Checking: Roman Stadium... OK (0.2 km)
  Skipping: Plovdiv Airport (PDV) (excluded)
  Checking: Dzhumaya Mosque... OK (0.2 km)
  Checking: Ethnographic Museum... OK (0.1 km)
  Checking: St. Constantine and Helena Church... OK (0.1 km)
  Checking: Nebet Tepe... OK (0.0 km)
  Checking: Regional Historical Museum... NEEDS UPDATE (54.6 km off)
    Current: (42.1476, 24.7506)
    Correct: (42.6367, 24.8063)
    Address: кв. Васил Левски, ул. Възрожденска № 4, 4300 Karlovo, Bulgaria
  ✅ Updated 1 coordinates in file

[141/351] Processing: Europe/Bulgaria/Cities/SofiaAttractions.swift
  Checking: Alexander Nevsky Cathedral... OK (0.0 km)
  Checking: Vitosha Boulevard... OK (0.5 km)
  Checking: Boyana Church... OK (0.0 km)
  Checking: St. George Rotunda... OK (0.1 km)
  Checking: National Palace of Culture... OK (0.0 km)
  Skipping: Sofia Airport (SOF) (excluded)
  Checking: St. Nedelya Church... OK (0.0 km)
  Checking: Ivan Vazov National Theatre... OK (0.0 km)
  Checking: Ancient Serdica Complex... OK (0.1 km)
  Checking: National History Museum... OK (0.0 km)
  Checking: Sofia History Museum... OK (0.0 km)
  Checking: Russian Church... OK (0.0 km)
  Checking: Sofia Synagogue... OK (0.0 km)
  Checking: Borisova Gradina... OK (0.6 km)

[142/351] Processing: Europe/Bulgaria/Cities/VarnaAttractions.swift
  Checking: Sea Garden... OK (1.2 km)
  Checking: Archaeological Museum... OK (0.2 km)
  Checking: Cathedral of the Assumption... OK (0.5 km)
  Checking: Roman Thermae... OK (0.9 km)
  Skipping: Varna Airport (VAR) (excluded)
  Checking: Varna Beach... OK (2.5 km)
  Checking: Stone Forest (Pobiti Kamani)... OK (3.3 km)
  Checking: Aladzha Monastery... OK (1.0 km)
  Checking: Golden Sands... OK (0.3 km)
  Checking: Euxinograd Palace... OK (4.8 km)

[143/351] Processing: Europe/Bulgaria/Cities/VelikoTarnovoAttractions.swift
  Checking: Tsarevets Fortress... OK (1.9 km)
  Checking: Old Town (Samovodska Charshia)... OK (1.1 km)
  Checking: Asen's Monument... OK (4.8 km)
  Checking: Church of Forty Martyrs... OK (1.6 km)
  Skipping: Sofia Airport (Serving Veliko Tarnovo) (excluded)
  Checking: Trapezitsa Fortress... OK (0.7 km)
  Checking: Arbanassi Village... OK (1.5 km)
  Checking: Regional History Museum... OK (1.9 km)
  Checking: Gurko Street... OK (1.5 km)
  Checking: Holy Trinity Church... OK (3.0 km)

[144/351] Processing: Europe/Croatia/Cities/DubrovnikAttractions.swift
  Checking: Dubrovnik City Walls... OK (0.5 km)
  Checking: Stradun... OK (0.0 km)
  Checking: Game of Thrones Tour... OK (0.3 km)
  Checking: Lokrum Island... OK (0.4 km)
  Checking: Cable Car to Mount Srđ... OK (0.1 km)
  Skipping: Dubrovnik Airport (DBV) (excluded)
  Checking: Lovrijenac Fort... OK (0.0 km)
  Checking: Rector's Palace... OK (0.0 km)
  Checking: Sponza Palace... OK (0.0 km)
  Checking: Franciscan Monastery & Pharmacy... OK (0.0 km)
  Checking: Banje Beach... OK (0.1 km)
  Checking: Buža Bar... OK (0.1 km)
  Checking: Dubrovnik Cathedral... OK (0.0 km)
  Checking: War Photo Limited... OK (0.1 km)

[145/351] Processing: Europe/Croatia/Cities/PlitviceAttractions.swift
  Checking: Lower Lakes... OK (0.6 km)
  Checking: Upper Lakes... OK (4.8 km)
  Checking: Veliki Slap (Great Waterfall)... OK (0.0 km)
  Checking: Lake Kozjak Boat Ride... OK (0.5 km)
  Skipping: Zagreb Airport (Serving Plitvice) (excluded)
  Checking: Veliki Prštavac Waterfall... OK (0.8 km)
  Checking: Supljara Cave... OK (0.2 km)
  Checking: Panoramic Viewpoint... NEEDS UPDATE (5.8 km off)
    Current: (44.9, 15.61)
    Correct: (44.8592, 15.6555)
    Address: Plitvička Jezera, Croatia
  Checking: Gradinsko Lake... OK (1.1 km)
  Checking: Rastoke Village... NEEDS UPDATE (22.3 km off)
    Current: (45.2631, 15.3858)
    Correct: (45.1204, 15.5863)
    Address: 47240, Rastoke, Croatia
  ✅ Updated 2 coordinates in file

[146/351] Processing: Europe/Croatia/Cities/SplitAttractions.swift
  Checking: Diocletian's Palace... OK (0.0 km)
  Checking: Cathedral of Saint Domnius... OK (0.0 km)
  Checking: Riva Promenade... OK (0.3 km)
  Checking: Marjan Hill... OK (1.6 km)
  Skipping: Split Airport (SPU) (excluded)
  Checking: Bačvice Beach... OK (0.1 km)
  Checking: Klis Fortress... OK (0.2 km)
  Checking: Split Archaeological Museum... OK (0.4 km)
  Checking: Salona Ruins... OK (0.5 km)
  Checking: Varoš Quarter... OK (0.2 km)
  Checking: Jupiter's Temple... OK (0.0 km)

[147/351] Processing: Europe/Croatia/Cities/ZagrebAttractions.swift
  Checking: Upper Town (Gornji Grad)... OK (0.0 km)
  Checking: Museum of Broken Relationships... OK (0.1 km)
  Checking: Dolac Market... OK (0.0 km)
  Checking: Zagreb Cathedral... OK (0.1 km)
  Skipping: Zagreb Franjo Tuđman Airport (ZAG) (excluded)
  Checking: Maksimir Park... OK (0.2 km)
  Checking: Mirogoj Cemetery... OK (0.6 km)
  Checking: Croatian National Theatre... OK (0.0 km)
  Checking: St. Mark's Church... OK (0.0 km)
  Checking: Ban Jelačić Square... OK (0.0 km)
  Checking: Croatian Museum of Naïve Art... OK (0.1 km)

[148/351] Processing: Europe/Czechia/Cities/BrnoAttractions.swift
  Checking: Špilberk Castle... OK (0.0 km)
  Checking: Villa Tugendhat... OK (0.0 km)
  Checking: Cathedral of St. Peter and Paul... OK (0.1 km)
  Checking: Ossuary at St. James's Church... OK (0.2 km)
  Skipping: Brno–Tuřany Airport (BRQ) (excluded)

[149/351] Processing: Europe/Czechia/Cities/CeskyKrumlovAttractions.swift
  Checking: Český Krumlov Castle... OK (0.1 km)
  Checking: Historic Centre... OK (0.3 km)
  Checking: Vltava River Rafting... OK (0.2 km)
  Checking: Egon Schiele Art Centrum... OK (0.2 km)
  Skipping: Prague Airport (Serving Cesky Krumlov) (excluded)

[150/351] Processing: Europe/Czechia/Cities/KarlovyVaryAttractions.swift
  Checking: Hot Springs Colonnades... OK (1.0 km)
  Checking: Diana Lookout Tower... OK (1.2 km)
  Checking: Moser Glass Museum... OK (1.8 km)
  Checking: Church of St. Mary Magdalene... OK (0.9 km)
  Skipping: Karlovy Vary Airport (KLV) (excluded)

[151/351] Processing: Europe/Czechia/Cities/PragueAttractions.swift
  Checking: Charles Bridge... OK (0.1 km)
  Checking: Prague Castle... OK (0.0 km)
  Checking: Old Town Square... OK (0.0 km)
  Checking: St. Vitus Cathedral... OK (0.0 km)
  Checking: Jewish Quarter (Josefov)... OK (0.2 km)
  Checking: Dancing House... OK (0.0 km)
  Checking: Lennon Wall... OK (0.0 km)
  Checking: Petřín Hill & Lookout Tower... OK (0.3 km)
  Checking: Lesser Town... OK (0.1 km)
  Checking: Wenceslas Square... OK (0.1 km)
  Checking: Vyšehrad... OK (0.1 km)
  Checking: Clementinum & National Library... OK (0.0 km)
  Checking: Strahov Monastery... OK (0.0 km)
  Checking: Municipal House... OK (0.1 km)
  Checking: National Theatre... OK (0.0 km)
  Checking: Prague Zoo... OK (0.1 km)
  Checking: Church of Our Lady before Týn... OK (0.0 km)
  Skipping: Václav Havel Airport Prague (PRG) (excluded)

[152/351] Processing: Europe/Denmark/Cities/AalborgAttractions.swift
  Checking: Utzon Center... OK (0.6 km)
  Checking: Aalborg Historical Museum... OK (0.3 km)
  Checking: Lindholm Høje... OK (0.8 km)
  Checking: Jomfru Ane Gade... OK (0.3 km)
  Skipping: Aalborg Airport (AAL) (excluded)
  Checking: Aalborg Zoo... OK (1.1 km)
  Checking: Budolfi Church... OK (0.1 km)
  Checking: Aalborg Waterfront... OK (1.2 km)
  Checking: Kunsten Museum... OK (0.2 km)

[153/351] Processing: Europe/Denmark/Cities/AarhusAttractions.swift
  Checking: ARoS Aarhus Art Museum... OK (0.0 km)
  Checking: Den Gamle By... OK (0.5 km)
  Checking: Moesgaard Museum... OK (0.2 km)
  Checking: Latin Quarter... OK (0.2 km)
  Checking: Aarhus Cathedral... OK (0.1 km)
  Skipping: Aarhus Airport (AAR) (excluded)
  Checking: Marselisborg Palace... OK (0.0 km)
  Checking: Dokk1... OK (0.0 km)
  Checking: Tivoli Friheden... OK (0.0 km)
  Checking: Viking Museum... OK (0.1 km)
  Checking: Botanical Garden... OK (0.1 km)
  Checking: The Infinite Bridge... OK (0.6 km)
  Checking: The Iceberg... OK (0.2 km)
  Checking: Salling Rooftop... OK (0.1 km)
  Checking: Aarhus Street Food... OK (0.1 km)

[154/351] Processing: Europe/Denmark/Cities/CopenhagenAttractions.swift
  Checking: Tivoli Gardens... OK (0.0 km)
  Checking: Nyhavn... OK (0.0 km)
  Checking: The Little Mermaid... OK (0.0 km)
  Checking: Christiansborg Palace... OK (0.0 km)
  Checking: Rosenborg Castle... OK (0.0 km)
  Checking: Strøget... OK (0.3 km)
  Checking: Freetown Christiania... OK (0.2 km)
  Skipping: Copenhagen Airport, Kastrup (CPH) (excluded)
  Checking: Amalienborg Palace... OK (0.0 km)
  Checking: Round Tower... OK (0.0 km)
  Checking: National Museum of Denmark... OK (0.0 km)
  Checking: Botanical Garden... OK (0.4 km)
  Checking: Torvehallerne... OK (0.0 km)
  Checking: Ny Carlsberg Glyptotek... OK (0.1 km)
  Checking: The Marble Church... OK (0.0 km)
  Checking: Reffen Street Food... OK (0.1 km)

[155/351] Processing: Europe/Denmark/Cities/OdenseAttractions.swift
  Checking: H.C. Andersen's House... OK (0.3 km)
  Checking: Odense Zoo... OK (0.5 km)
  Checking: St. Canute's Cathedral... OK (0.1 km)
  Checking: Funen Village... OK (3.3 km)
  Skipping: Copenhagen Airport (Serving Odense) (excluded)
  Checking: Odense River... NEEDS UPDATE (18.6 km off)
    Current: (55.397, 10.383)
    Correct: (55.2347, 10.3117)
    Address: Odense River, Denmark
  Checking: Brandts... OK (0.4 km)
  Checking: Munke Mose Park... OK (0.8 km)
  Checking: H.C. Andersen's Childhood Home... OK (0.3 km)
  ✅ Updated 1 coordinates in file

[156/351] Processing: Europe/England/Cities/BirminghamAttractions.swift
  Checking: Cadbury World... OK (0.2 km)
  Checking: National SEA LIFE Centre... OK (0.1 km)
  Checking: Birmingham Museum & Art Gallery... OK (0.1 km)
  Checking: Library of Birmingham... OK (0.0 km)
  Checking: Jewellery Quarter... OK (0.1 km)
  Checking: Birmingham Botanical Gardens... OK (0.3 km)
  Checking: Symphony Hall... OK (0.0 km)
  Checking: Black Country Living Museum... OK (0.1 km)
  Checking: Thinktank Birmingham Science Museum... OK (0.0 km)
  Checking: National Motorcycle Museum... OK (0.5 km)
  Skipping: Birmingham Airport (BHX) (excluded)

[157/351] Processing: Europe/England/Cities/CambridgeAttractions.swift
  Checking: King's College Chapel... OK (0.1 km)
  Checking: The Backs... OK (0.1 km)
  Checking: Trinity College... OK (0.0 km)
  Checking: Punting on the Cam... OK (1.3 km)
  Checking: Fitzwilliam Museum... OK (0.0 km)
  Skipping: London Stansted Airport (Serving Cambridge) (excluded)
  Checking: Mathematical Bridge... OK (0.0 km)
  Checking: St John's College... OK (0.1 km)
  Checking: Great St Mary's Church... OK (0.1 km)
  Checking: Cambridge University Botanic Garden... OK (0.0 km)
  Checking: The Eagle Pub... OK (0.1 km)
  Checking: Kettle's Yard... OK (0.1 km)
  Checking: Corpus Clock... OK (0.0 km)
  Checking: Bridge of Sighs (St John's)... OK (0.1 km)

[158/351] Processing: Europe/England/Cities/LeedsAttractions.swift
  Checking: Royal Armouries Museum... OK (0.0 km)
  Checking: Kirkstall Abbey... OK (0.1 km)
  Checking: Roundhay Park... OK (0.3 km)
  Checking: Leeds Kirkgate Market... OK (0.1 km)
  Checking: Harewood House... OK (0.0 km)
  Checking: Leeds Art Gallery... OK (0.1 km)
  Checking: Victoria Quarter... OK (0.1 km)
  Checking: Leeds Corn Exchange... OK (0.1 km)
  Checking: Thackray Museum of Medicine... OK (0.3 km)
  Checking: Leeds Grand Theatre... OK (0.1 km)
  Skipping: Leeds Bradford Airport (LBA) (excluded)

[159/351] Processing: Europe/England/Cities/LiverpoolAttractions.swift
  Checking: The Beatles Story... OK (0.1 km)
  Checking: Albert Dock... OK (0.1 km)
  Checking: Liverpool Cathedral... OK (0.1 km)
  Checking: The Cavern Club... OK (0.1 km)
  Checking: Anfield Stadium... OK (0.0 km)
  Skipping: Liverpool John Lennon Airport (LPL) (excluded)
  Checking: St George's Hall... OK (0.1 km)
  Checking: Merseyside Maritime Museum... OK (0.0 km)
  Checking: Tate Liverpool... OK (0.0 km)
  Checking: World Museum... OK (0.0 km)
  Checking: Walker Art Gallery... OK (0.0 km)
  Checking: International Slavery Museum... OK (0.0 km)
  Checking: Pier Head... OK (0.1 km)
  Checking: St John's Beacon... OK (0.1 km)
  Checking: Sefton Park... OK (0.4 km)

[160/351] Processing: Europe/England/Cities/LondonAttractions.swift
  Checking: Tower of London... OK (0.0 km)
  Checking: Buckingham Palace... OK (0.0 km)
  Checking: British Museum... OK (0.0 km)
  Checking: Westminster Abbey... OK (0.0 km)
  Checking: Big Ben & Houses of Parliament... OK (0.0 km)
  Checking: St. Paul's Cathedral... OK (0.0 km)
  Checking: Tower Bridge... OK (0.0 km)
  Checking: Natural History Museum... OK (0.0 km)
  Checking: Hyde Park... OK (0.1 km)
  Checking: London Eye... OK (0.0 km)
  Checking: The National Gallery... OK (0.0 km)
  Checking: The View from The Shard... OK (0.0 km)
  Checking: Camden Market... OK (0.1 km)
  Checking: Tate Modern... OK (0.0 km)
  Checking: Covent Garden... OK (0.1 km)
  Checking: Borough Market... OK (0.0 km)
  Checking: Royal Observatory Greenwich... OK (0.0 km)
  Checking: V&A Museum... OK (0.0 km)
  Checking: Trafalgar Square... OK (0.0 km)
  Checking: Notting Hill... OK (0.8 km)
  Checking: Shakespeare's Globe... OK (0.0 km)
  Checking: Churchill War Rooms... OK (0.0 km)
  Checking: South Bank... OK (0.4 km)
  Skipping: Heathrow Airport (LHR) (excluded)
  Checking: Sky Garden... OK (0.0 km)
  Checking: Royal Botanic Gardens, Kew... OK (0.7 km)
  Checking: Kensington Palace... OK (0.0 km)
  Checking: Hampton Court Palace... OK (0.0 km)
  Checking: Greenwich Park... OK (0.1 km)

[161/351] Processing: Europe/England/Cities/ManchesterAttractions.swift
  Checking: Old Trafford... OK (1.0 km)
  Checking: Manchester Cathedral... OK (0.0 km)
  Checking: John Rylands Library... OK (0.1 km)
  Checking: Etihad Stadium... OK (0.0 km)
  Checking: Northern Quarter... OK (0.2 km)
  Checking: Science and Industry Museum... OK (0.1 km)
  Skipping: Manchester Airport (MAN) (excluded)
  Checking: Manchester Museum... OK (0.1 km)
  Checking: IWM North... OK (0.0 km)
  Checking: Manchester Art Gallery... OK (0.0 km)
  Checking: National Football Museum... OK (0.0 km)
  Checking: The Whitworth... OK (0.1 km)
  Checking: Castlefield Urban Heritage Park... OK (0.1 km)
  Checking: People's History Museum... OK (0.0 km)
  Checking: Heaton Park... OK (1.5 km)
  Checking: Chetham's Library... OK (0.1 km)
  Checking: The Lowry... OK (0.1 km)

[162/351] Processing: Europe/England/Cities/OxfordAttractions.swift
  Checking: Bodleian Library... OK (0.0 km)
  Checking: Radcliffe Camera... OK (0.0 km)
  Checking: Christ Church College... OK (0.0 km)
  Checking: Ashmolean Museum... OK (0.1 km)
  Checking: University Church of St Mary... OK (0.0 km)
  Skipping: London Heathrow Airport (Serving Oxford) (excluded)
  Checking: Pitt Rivers Museum... OK (0.1 km)
  Checking: Oxford Castle & Prison... OK (0.0 km)
  Checking: The Bridge of Sighs... OK (0.0 km)
  Checking: Sheldonian Theatre... OK (0.0 km)
  Checking: Oxford Botanic Garden... OK (0.1 km)
  Checking: Magdalen College... OK (0.1 km)
  Checking: The Covered Market... OK (0.1 km)
  Checking: Oxford University Museum of Natural History... OK (0.0 km)

[163/351] Processing: Europe/Estonia/Cities/ParnuAttractions.swift
  Checking: Pärnu Beach... OK (0.8 km)
  Checking: Rannapark... OK (0.5 km)
  Checking: Old Town & Rüütli Street... OK (0.8 km)
  Skipping: Tallinn Airport (Serving Pärnu) (excluded)

[164/351] Processing: Europe/Estonia/Cities/TallinnAttractions.swift
  Checking: Tallinn Old Town... OK (0.1 km)
  Checking: Alexander Nevsky Cathedral... OK (0.0 km)
  Checking: Toompea Castle... OK (0.0 km)
  Checking: Town Hall Square... OK (0.0 km)
  Checking: St. Olaf's Church... OK (0.0 km)
  Checking: Kadriorg Palace & Park... OK (0.0 km)
  Checking: Telliskivi Creative City... OK (0.1 km)
  Checking: Kohtuotsa Viewing Platform... OK (0.0 km)
  Skipping: Tallinn Airport (TLL) (excluded)
  Checking: Seaplane Harbour... OK (0.1 km)
  Checking: Kumu Art Museum... OK (0.2 km)
  Checking: Tallinn TV Tower... OK (0.0 km)
  Checking: Kiek in de Kök Fortifications Museum... OK (0.0 km)
  Checking: Estonian Open Air Museum... OK (0.1 km)
  Checking: Rotermann Quarter... OK (0.1 km)
  Checking: Viru Gate... OK (0.0 km)
  Checking: Vabamu Museum of Occupations and Freedom... OK (0.1 km)

[165/351] Processing: Europe/Estonia/Cities/TartuAttractions.swift
  Checking: University of Tartu... OK (1.9 km)
  Checking: Town Hall Square... OK (0.0 km)
  Checking: Estonian National Museum... OK (4.0 km)
  Checking: Toome Hill... OK (0.2 km)
  Checking: Aparaaditehas... OK (1.7 km)
  Skipping: Tartu Airport (TAY) (excluded)

[166/351] Processing: Europe/FaroeIslands/Cities/GasadalurAttractions.swift
  Checking: Múlafossur Waterfall... OK (0.2 km)
  Skipping: Vágar Airport (FAE) (excluded)

[167/351] Processing: Europe/FaroeIslands/Cities/TorshavnAttractions.swift
  Checking: Tinganes... OK (0.1 km)
  Skipping: Vágar Airport (FAE) (excluded)
  Checking: Skansin Fortress... OK (0.1 km)
  Checking: Tórshavn Cathedral... OK (0.0 km)
  Checking: National Gallery of the Faroe Islands... OK (0.2 km)
  Checking: The Nordic House... OK (0.2 km)
  Checking: National Museum... OK (2.2 km)
  Checking: Kirkjubøur Village... OK (0.2 km)
  Checking: Vágsbotnur Harbor... OK (0.1 km)
  Checking: Svartafoss Waterfall... OK (0.1 km)
  Checking: Vestmanna Bird Cliffs... NEEDS UPDATE (26.0 km off)
    Current: (62.156, -7.166)
    Correct: (62.0107, -6.7741)
    Address: Tórshavn, Faroe Islands
  Checking: Gasadalur & Múlafossur... NEEDS UPDATE (36.1 km off)
    Current: (62.108, -7.435)
    Correct: (62.0107, -6.7741)
    Address: Tórshavn, Faroe Islands
  ✅ Updated 2 coordinates in file

[168/351] Processing: Europe/Finland/Cities/HelsinkiAttractions.swift
  Checking: Helsinki Cathedral... OK (0.0 km)
  Checking: Suomenlinna Sea Fortress... OK (0.0 km)
  Checking: Temppeliaukio Church... OK (0.0 km)
  Checking: Design District Helsinki... OK (0.2 km)
  Checking: Market Square... OK (0.0 km)
  Checking: Oodi Central Library... OK (0.0 km)
  Checking: Löyly Sauna... OK (0.8 km)
  Skipping: Helsinki Airport (HEL) (excluded)
  Checking: Sibelius Monument... OK (0.0 km)
  Checking: Uspenski Cathedral... OK (0.0 km)
  Checking: Seurasaari Open-Air Museum... OK (0.2 km)
  Checking: Ateneum Art Museum... OK (0.0 km)
  Checking: Linnanmäki Amusement Park... OK (0.0 km)
  Checking: Esplanadi Park... OK (0.0 km)
  Checking: Amos Rex... OK (0.0 km)
  Checking: Kiasma... OK (0.0 km)

[169/351] Processing: Europe/Finland/Cities/RovaniemiAttractions.swift
  Checking: Santa Claus Village... OK (0.1 km)
  Checking: Arktikum... OK (0.3 km)
  Checking: Northern Lights Tours... OK (0.0 km)
  Checking: Husky and Reindeer Safaris... OK (0.0 km)
  Skipping: Rovaniemi Airport (RVN) (excluded)

[170/351] Processing: Europe/Finland/Cities/TampereAttractions.swift
  Checking: Särkänniemi... OK (0.1 km)
  Checking: Vapriikki Museum Centre... OK (0.6 km)
  Checking: Pyynikki Observation Tower... OK (0.5 km)
  Checking: Moomin Museum... OK (1.4 km)
  Skipping: Tampere-Pirkkala Airport (TMP) (excluded)
  Checking: Rajaportti Sauna... OK (2.5 km)
  Checking: Tampere Market Hall... OK (0.1 km)
  Checking: Tampere Cathedral... OK (0.5 km)
  Checking: Finlayson Area... OK (0.7 km)

[171/351] Processing: Europe/Finland/Cities/TurkuAttractions.swift
  Checking: Turku Castle... OK (0.0 km)
  Checking: Turku Cathedral... OK (0.1 km)
  Checking: Aura River... NEEDS UPDATE (10.9 km off)
    Current: (60.45, 22.265)
    Correct: (60.5229, 22.3994)
    Address: Aura, Finland
  Checking: Archipelago Trail... OK (1.0 km)
  Skipping: Turku Airport (TKU) (excluded)
  Checking: Turku Market Hall... OK (0.1 km)
  Checking: Forum Marinum Maritime Centre... OK (0.6 km)
  Checking: Luostarinmäki Handicrafts Museum... OK (0.2 km)
  Checking: Moomin World... OK (4.6 km)
  ✅ Updated 1 coordinates in file

[172/351] Processing: Europe/France/Cities/BordeauxAttractions.swift
  Checking: Place de la Bourse... OK (0.1 km)
  Checking: La Cité du Vin... OK (0.0 km)
  Checking: Saint-André Cathedral... OK (0.1 km)
  Checking: Rue Sainte-Catherine... OK (0.3 km)
  Checking: Pont de Pierre... OK (0.3 km)
  Checking: Grand Théâtre... OK (0.0 km)
  Skipping: Bordeaux–Mérignac Airport (BOD) (excluded)
  Checking: Grosse Cloche... OK (0.1 km)
  Checking: Porte Cailhau... OK (0.1 km)
  Checking: Museum of Aquitaine... OK (0.2 km)
  Checking: Public Garden... OK (0.2 km)
  Checking: CAPC Contemporary Art Museum... OK (0.1 km)
  Checking: Darwin Ecosystem... OK (0.9 km)
  Checking: Bassins de Lumières... OK (0.5 km)
  Checking: Basilica of Saint Michael... OK (0.1 km)

[173/351] Processing: Europe/France/Cities/CannesAttractions.swift
  Checking: La Croisette... OK (0.7 km)
  Checking: Palais des Festivals... OK (0.1 km)
  Checking: Le Suquet... OK (0.1 km)
  Checking: Île Sainte-Marguerite... OK (0.4 km)
  Checking: Marché Forville... OK (0.1 km)
  Skipping: Nice Côte d'Azur Airport (Serving Cannes) (excluded)

[174/351] Processing: Europe/France/Cities/LyonAttractions.swift
  Checking: Basilica of Notre-Dame de Fourvière... OK (0.0 km)
  Checking: Old Lyon... OK (0.2 km)
  Checking: Ancient Theatre of Lyon... OK (0.0 km)
  Checking: Presqu'île... OK (0.4 km)
  Checking: Musée des Confluences... OK (0.1 km)
  Checking: Les Halles de Lyon Paul Bocuse... OK (0.0 km)
  Checking: Parc de la Tête d'Or... OK (0.4 km)
  Checking: Croix-Rousse... OK (0.7 km)
  Skipping: Lyon-Saint Exupéry Airport (LYS) (excluded)
  Checking: Museum of Fine Arts... OK (0.0 km)
  Checking: Lyon Cathedral... OK (0.0 km)
  Checking: Miniature and Cinema Museum... OK (0.7 km)
  Checking: Hôtel de Ville & Place des Terreaux... OK (0.1 km)
  Checking: Institut Lumière... OK (0.1 km)
  Checking: Mur des Canuts... OK (0.2 km)
  Checking: Parc des Hauteurs... OK (0.1 km)

[175/351] Processing: Europe/France/Cities/MarseilleAttractions.swift
  Checking: Old Port... OK (0.1 km)
  Checking: Notre-Dame de la Garde... NEEDS UPDATE (22.1 km off)
    Current: (43.2838, 5.3712)
    Correct: (43.1683, 5.5931)
    Address: Trav. Notre Dame de la Garde, 13600 La Ciotat, France
  Checking: Calanques National Park... OK (0.1 km)
  Checking: MuCEM... OK (0.1 km)
  Checking: Château d'If... OK (0.0 km)
  Checking: Le Panier... OK (0.1 km)
  Skipping: Marseille Provence Airport (MRS) (excluded)
  Checking: Longchamp Palace... OK (0.6 km)
  Checking: Marseille Cathedral... OK (0.0 km)
  Checking: Vallon des Auffes... OK (0.2 km)
  Checking: The Old Charity... OK (0.1 km)
  Checking: Orange Velodrome... OK (0.0 km)
  Checking: Fort Saint-Jean... OK (0.0 km)
  Checking: Borély Park... OK (0.3 km)
  Checking: Abbey of Saint-Victor... OK (0.0 km)
  ✅ Updated 1 coordinates in file

[176/351] Processing: Europe/France/Cities/NiceAttractions.swift
  Checking: Promenade des Anglais... OK (0.2 km)
  Checking: Old Town Nice... OK (0.2 km)
  Checking: Castle Hill... OK (2.3 km)
  Checking: Matisse Museum... OK (0.0 km)
  Checking: Marc Chagall National Museum... OK (0.1 km)
  Checking: Place Masséna... OK (0.0 km)
  Checking: Russian Orthodox Cathedral... OK (0.2 km)
  Checking: Nice Port... OK (0.1 km)
  Skipping: Nice Côte d'Azur Airport (NCE) (excluded)
  Checking: Phoenix Park... OK (0.1 km)
  Checking: Cimiez Monastery... OK (0.2 km)
  Checking: MAMAC... OK (0.2 km)
  Checking: Lascaris Palace... OK (0.0 km)
  Checking: Villa Masséna Museum... OK (0.1 km)
  Checking: Coastal Path... OK (0.2 km)
  Checking: Albert I Garden... OK (0.0 km)

[177/351] Processing: Europe/France/Cities/ParisAttractions.swift
  Checking: Eiffel Tower... OK (0.0 km)
  Checking: Louvre Museum... OK (0.0 km)
  Checking: Notre-Dame Cathedral... OK (0.0 km)
  Checking: Arc de Triomphe... OK (0.0 km)
  Checking: Sacré-Cœur Basilica... OK (0.0 km)
  Checking: Palace of Versailles... OK (0.0 km)
  Checking: Musée d'Orsay... OK (0.0 km)
  Checking: Champs-Élysées... OK (0.4 km)
  Checking: Centre Pompidou... OK (0.0 km)
  Checking: Montmartre... OK (0.2 km)
  Checking: Luxembourg Gardens... OK (0.1 km)
  Checking: Les Invalides... OK (0.1 km)
  Checking: Panthéon... OK (0.0 km)
  Checking: Sainte-Chapelle... OK (0.0 km)
  Checking: Tuileries Garden... OK (0.0 km)
  Checking: Musée Rodin... OK (0.0 km)
  Checking: Palais Garnier Opera... OK (0.0 km)
  Checking: Place de la Concorde... OK (0.0 km)
  Checking: Le Marais... OK (0.5 km)
  Checking: Musée de l'Orangerie... OK (0.0 km)
  Checking: Père Lachaise Cemetery... OK (0.0 km)
  Checking: Pont Alexandre III... OK (0.0 km)
  Checking: Latin Quarter... OK (0.2 km)
  Skipping: Charles de Gaulle Airport (CDG) (excluded)

[178/351] Processing: Europe/France/Cities/StrasbourgAttractions.swift
  Checking: Strasbourg Cathedral... OK (0.0 km)
  Checking: Petite France... OK (0.1 km)
  Checking: European Parliament... OK (0.0 km)
  Checking: Covered Bridges... OK (1.2 km)
  Checking: Palais Rohan... OK (0.1 km)
  Checking: Christmas Market... OK (1.0 km)
  Skipping: Strasbourg Airport (SXB) (excluded)

[179/351] Processing: Europe/France/Cities/ToulouseAttractions.swift
  Checking: Capitole Square... OK (0.2 km)
  Checking: Cité de l'Espace... OK (0.1 km)
  Checking: Basilica of Saint-Sernin... OK (0.0 km)
  Checking: Jacobins Convent... OK (0.0 km)
  Checking: Canal du Midi... OK (2.5 km)
  Checking: Garonne Riverbanks... OK (0.8 km)
  Skipping: Toulouse–Blagnac Airport (TLS) (excluded)

[180/351] Processing: Europe/Germany/Cities/BerlinAttractions.swift
  Checking: Brandenburg Gate... OK (0.0 km)
  Checking: Reichstag Building... OK (0.0 km)
  Checking: Museum Island... OK (0.0 km)
  Checking: Berlin Wall Memorial... OK (0.0 km)
  Checking: Checkpoint Charlie... OK (0.0 km)
  Checking: Charlottenburg Palace... OK (0.0 km)
  Checking: Berlin Television Tower... OK (0.0 km)
  Checking: Holocaust Memorial... OK (0.0 km)
  Checking: East Side Gallery... OK (0.0 km)
  Checking: Tiergarten... OK (0.0 km)
  Checking: Berlin Zoo... OK (0.1 km)
  Checking: Potsdamer Platz... OK (0.1 km)
  Checking: Gendarmenmarkt... OK (0.1 km)
  Checking: Berlin Cathedral... OK (0.0 km)
  Checking: Jewish Museum Berlin... OK (0.0 km)
  Checking: Topography of Terror... OK (0.1 km)
  Checking: Victory Column... OK (0.0 km)
  Checking: Hackesche Höfe... OK (0.2 km)
  Checking: Kreuzberg... OK (0.5 km)
  Skipping: Berlin Brandenburg Airport (BER) (excluded)
  Checking: Kaiser Wilhelm Memorial Church... OK (0.0 km)
  Checking: Tempelhofer Feld... OK (0.2 km)
  Checking: Mauerpark... OK (0.1 km)
  Checking: Berliner Unterwelten... OK (0.1 km)
  Checking: Treptower Park... OK (1.0 km)
  Checking: Oberbaum Bridge... OK (0.2 km)
  Checking: KaDeWe... OK (0.0 km)

[181/351] Processing: Europe/Germany/Cities/CologneAttractions.swift
  Checking: Cologne Cathedral... OK (0.0 km)
  Checking: Cologne Old Town... OK (0.2 km)
  Checking: Chocolate Museum... OK (0.0 km)
  Checking: Hohenzollern Bridge... OK (0.0 km)
  Checking: Cologne Zoo... OK (0.1 km)
  Checking: Museum Ludwig... OK (0.0 km)
  Checking: Roman-Germanic Museum... OK (0.0 km)
  Checking: Rhine River Cruise... OK (0.2 km)
  Checking: Flora and Botanical Garden... OK (0.3 km)
  Checking: Great St. Martin Church... OK (0.1 km)
  Skipping: Cologne Bonn Airport (CGN) (excluded)
  Checking: Wallraf-Richartz Museum... OK (0.1 km)
  Checking: Kolumba Museum... OK (0.1 km)
  Checking: Rheinpark... OK (0.1 km)
  Checking: Melaten Cemetery... OK (0.6 km)
  Checking: Claudius Therme... OK (0.3 km)
  Checking: EL-DE Haus... OK (0.1 km)
  Checking: Cologne Cable Car... OK (0.2 km)
  Checking: Fragrance Museum Farina-House... OK (0.0 km)
  Checking: House of 4711... OK (2.9 km)

[182/351] Processing: Europe/Germany/Cities/DresdenAttractions.swift
  Checking: Zwinger Palace... OK (0.1 km)
  Checking: Frauenkirche... OK (0.0 km)
  Checking: Dresden Castle... OK (0.0 km)
  Checking: Semper Opera House... OK (0.0 km)
  Checking: Green Vault... OK (0.1 km)
  Checking: Brühl's Terrace... OK (0.1 km)
  Checking: Albertinum... OK (0.2 km)
  Checking: Neumarkt... OK (0.1 km)
  Checking: Pillnitz Castle... OK (0.1 km)
  Checking: Dresden Transport Museum... OK (0.1 km)
  Skipping: Dresden Airport (DRS) (excluded)
  Checking: Military History Museum... OK (0.2 km)
  Checking: Panometer Dresden... OK (0.2 km)
  Checking: Grand Garden... OK (0.2 km)
  Checking: Kunsthofpassage... OK (0.0 km)
  Checking: Transparent Factory... OK (0.1 km)
  Checking: Yenidze... OK (0.0 km)
  Checking: Blue Wonder... OK (0.1 km)
  Checking: Russian Orthodox Church... OK (0.6 km)
  Checking: Hofkirche... OK (0.0 km)
  Checking: Golden Rider... OK (0.0 km)

[183/351] Processing: Europe/Germany/Cities/DusseldorfAttractions.swift
  Checking: Rhine Promenade... OK (0.4 km)
  Checking: Düsseldorf Old Town... OK (0.2 km)
  Checking: Königsallee... OK (0.5 km)
  Checking: MedienHafen... OK (0.4 km)
  Checking: K20 and K21 Art Collection... OK (1.6 km)
  Checking: Rhine Tower... OK (0.1 km)
  Checking: Benrath Palace... OK (0.3 km)
  Checking: Japanese Garden... OK (1.9 km)
  Checking: Carlstadt... OK (0.2 km)
  Checking: Hofgarten... OK (0.4 km)
  Skipping: Düsseldorf Airport (DUS) (excluded)
  Checking: Kunstpalast... OK (0.1 km)
  Checking: Aquazoo Löbbecke Museum... OK (0.8 km)
  Checking: Classic Remise Düsseldorf... OK (1.0 km)
  Checking: Schloss Jägerhof... OK (0.0 km)
  Checking: St. Lambertus Church... NEEDS UPDATE (61.9 km off)
    Current: (51.2287, 6.7712)
    Correct: (51.7214, 6.3553)
    Address: Marienbaumer Str. 29, 47546 Kalkar, Germany
  Checking: Tonhalle Düsseldorf... OK (0.1 km)
  Checking: EKO-Haus... OK (0.6 km)
  Checking: NRW-Forum... OK (0.1 km)
  Checking: Neanderthal Museum... OK (0.1 km)
  Checking: Kaiserpfalz Kaiserswerth... OK (0.8 km)
  ✅ Updated 1 coordinates in file

[184/351] Processing: Europe/Germany/Cities/FrankfurtAttractions.swift
  Checking: Römerberg... OK (0.0 km)
  Checking: Main Tower... OK (0.0 km)
  Checking: Palmengarten... OK (0.1 km)
  Checking: Städel Museum... OK (0.2 km)
  Checking: Frankfurt Cathedral... OK (0.0 km)
  Checking: New Frankfurt Old Town... OK (0.1 km)
  Checking: Goethe House... OK (0.0 km)
  Checking: Museum Embankment... OK (0.7 km)
  Checking: Frankfurt Zoo... OK (0.3 km)
  Checking: Senckenberg Natural History Museum... OK (0.1 km)
  Skipping: Frankfurt Airport (FRA) (excluded)
  Checking: Kleinmarkthalle... OK (0.1 km)
  Checking: Alte Oper... OK (0.1 km)
  Checking: Eschenheimer Turm... OK (0.0 km)
  Checking: Eiserner Steg... OK (0.1 km)
  Checking: German Film Museum... OK (0.2 km)
  Checking: Liebieghaus... OK (0.0 km)
  Checking: Museum Angewandte Kunst... OK (0.1 km)
  Checking: Klassikstadt... OK (0.6 km)
  Checking: Berger Straße... OK (0.6 km)

[185/351] Processing: Europe/Germany/Cities/HamburgAttractions.swift
  Checking: Miniatur Wunderland... OK (0.0 km)
  Checking: Elbphilharmonie... OK (0.0 km)
  Checking: Speicherstadt... OK (0.4 km)
  Checking: Reeperbahn... OK (0.1 km)
  Checking: Port of Hamburg... OK (4.0 km)
  Checking: St. Michael's Church... OK (0.1 km)
  Checking: Planten un Blomen... OK (0.1 km)
  Checking: Hamburg Town Hall... OK (0.0 km)
  Checking: Alster Lakes... OK (0.6 km)
  Checking: Hamburg Fish Market... OK (0.1 km)
  Skipping: Hamburg Airport (HAM) (excluded)
  Checking: Kunsthalle Hamburg... OK (0.1 km)
  Checking: International Maritime Museum... OK (0.0 km)
  Checking: Cap San Diego... OK (0.2 km)
  Checking: Old Elbe Tunnel... OK (0.0 km)
  Checking: Treppenviertel Blankenese... OK (0.2 km)
  Checking: Chilehaus... OK (0.1 km)
  Checking: Rickmer Rickmers... OK (0.1 km)
  Checking: BallinStadt... OK (0.4 km)
  Checking: Planetarium Hamburg... OK (0.2 km)
  Checking: Tierpark Hagenbeck... OK (0.1 km)

[186/351] Processing: Europe/Germany/Cities/LeipzigAttractions.swift
  Checking: St. Thomas Church... OK (0.1 km)
  Checking: Leipzig Zoo... OK (0.2 km)
  Checking: Monument to the Battle of the Nations... OK (0.0 km)
  Checking: St. Nicholas Church... OK (0.0 km)
  Checking: Bach Museum... OK (0.1 km)
  Checking: Leipzig City History Museum... OK (0.2 km)
  Checking: Augustusplatz... OK (0.0 km)
  Checking: Mädler Passage... OK (0.0 km)
  Checking: Panometer Leipzig... OK (2.7 km)
  Checking: Leipzig Botanical Garden... OK (0.4 km)
  Skipping: Leipzig/Halle Airport (LEJ) (excluded)
  Checking: Museum of Fine Arts... OK (0.0 km)
  Checking: Grassi Museum... OK (0.0 km)
  Checking: Lake Cospuden... OK (0.5 km)
  Checking: Federal Administrative Court... OK (0.2 km)
  Checking: Stasi Museum... OK (0.1 km)
  Checking: Belantis... OK (0.1 km)
  Checking: Mendelssohn House... OK (0.0 km)
  Checking: Leipzig Riverside Forest... OK (1.3 km)
  Checking: Clara-Zetkin-Park... OK (0.3 km)
  Checking: Spinnerei... OK (0.2 km)

[187/351] Processing: Europe/Germany/Cities/MunichAttractions.swift
  Checking: Marienplatz... OK (0.0 km)
  Skipping: Neuschwanstein Castle (excluded)
  Checking: English Garden... OK (1.6 km)
  Checking: Nymphenburg Palace... OK (0.0 km)
  Checking: BMW Welt & Museum... OK (0.2 km)
  Checking: Viktualienmarkt... OK (0.3 km)
  Checking: Frauenkirche... OK (0.1 km)
  Checking: Munich Residenz... OK (0.6 km)
  Checking: Olympic Park... OK (0.3 km)
  Checking: Deutsches Museum... OK (0.6 km)
  Checking: Alte Pinakothek... OK (0.0 km)
  Checking: Hofbräuhaus... OK (0.0 km)
  Checking: Allianz Arena... OK (0.0 km)
  Checking: Asamkirche... OK (0.0 km)
  Checking: Odeonsplatz... OK (0.1 km)
  Checking: St. Peter's Church... OK (0.0 km)
  Checking: Königsplatz... OK (0.0 km)
  Checking: Dachau Memorial Site... OK (0.2 km)
  Checking: Starnberger See... OK (2.6 km)
  Skipping: Munich Airport (MUC) (excluded)
  Checking: Pinakothek der Moderne... OK (0.0 km)
  Checking: Karlsplatz (Stachus)... OK (0.0 km)
  Checking: Hellabrunn Zoo... OK (0.0 km)
  Checking: Theatinerkirche... OK (0.0 km)
  Checking: Bavaria Statue... OK (0.0 km)
  Checking: Lenbachhaus... OK (0.1 km)

[188/351] Processing: Europe/Germany/Cities/NurembergAttractions.swift
  Checking: Nuremberg Castle... OK (0.0 km)
  Checking: Nazi Party Rally Grounds... OK (0.3 km)
  Checking: Nuremberg Old Town... OK (0.2 km)
  Checking: St. Lorenz Church... OK (0.0 km)
  Checking: Albrecht Dürer's House... OK (0.0 km)
  Checking: Nuremberg Trials Memorial... OK (0.8 km)
  Checking: Germanic National Museum... OK (0.2 km)
  Checking: Handwerkerhof... OK (0.2 km)
  Checking: Nuremberg Zoo... OK (1.5 km)
  Checking: Toy Museum... OK (0.2 km)
  Skipping: Nuremberg Airport (NUE) (excluded)
  Checking: DB Museum... OK (0.6 km)
  Checking: Neues Museum... OK (0.1 km)
  Checking: Hangman's Bridge... OK (0.1 km)
  Checking: Tanners' Lane... OK (0.2 km)
  Checking: St. Sebald Church... OK (0.0 km)
  Checking: Fembo House... OK (0.0 km)
  Checking: Museum of Industrial Culture... OK (0.6 km)
  Checking: Medieval Dungeons... OK (0.2 km)
  Checking: Tucher Castle... OK (0.7 km)
  Checking: Historic Art Bunker... OK (0.1 km)

[189/351] Processing: Europe/Germany/Cities/StuttgartAttractions.swift
  Checking: Mercedes-Benz Museum... OK (0.0 km)
  Checking: Porsche Museum... OK (0.0 km)
  Checking: Stuttgart State Gallery... OK (0.0 km)
  Checking: Wilhelma Zoo and Botanical Garden... OK (0.1 km)
  Checking: Killesberg Park... OK (0.2 km)
  Checking: Stuttgart TV Tower... OK (0.0 km)
  Checking: Stuttgart Market Hall... OK (0.2 km)
  Checking: New Palace... OK (0.3 km)
  Checking: Solitude Palace... OK (2.5 km)
  Checking: Stuttgart City Library... OK (0.1 km)
  Skipping: Stuttgart Airport (STR) (excluded)
  Checking: Sepulchral Chapel... NEEDS UPDATE (6.3 km off)
    Current: (48.7819, 9.2687)
    Correct: (48.7758, 9.1829)
    Address: 70 Stuttgart, Germany
  Checking: Pig Museum... OK (3.8 km)
  Checking: Linden Museum... OK (0.0 km)
  Checking: Weissenhof Estate... OK (0.1 km)
  Checking: Old Castle... OK (0.0 km)
  Checking: Feuersee... OK (0.3 km)
  Checking: Eugensplatz... OK (0.1 km)
  Checking: Birkenkopf... OK (0.6 km)
  Checking: Solitude Palace... OK (0.0 km)
  Checking: Max-Eyth-See... OK (0.4 km)
  ✅ Updated 1 coordinates in file

[190/351] Processing: Europe/Gibraltar/Cities/GibraltarCityAttractions.swift
  Checking: Rock of Gibraltar... OK (2.0 km)
  Checking: St. Michael's Cave... OK (0.3 km)
  Checking: Europa Point... OK (0.2 km)
  Skipping: Gibraltar International Airport (GIB) (excluded)
  Checking: The Great Siege Tunnels... OK (0.1 km)
  Checking: Moorish Castle... OK (0.2 km)
  Checking: Skywalk... OK (0.5 km)
  Checking: Gibraltar Botanic Gardens... OK (0.2 km)
  Checking: Windsor Suspension Bridge... OK (0.8 km)
  Checking: Casemates Square... OK (0.0 km)
  Checking: O'Hara's Battery... OK (0.3 km)
  Checking: Dolphin Safari... OK (0.3 km)
  Checking: Ibrahim-Al-Ibrahim Mosque... OK (0.1 km)
  Checking: Gibraltar National Museum... OK (0.2 km)

[191/351] Processing: Europe/Greece/Cities/AthensAttractions.swift
  Checking: Acropolis of Athens... OK (0.0 km)
  Checking: Parthenon... OK (0.0 km)
  Checking: Acropolis Museum... OK (0.0 km)
  Checking: Ancient Agora... OK (0.0 km)
  Checking: Plaka District... OK (0.1 km)
  Checking: Temple of Olympian Zeus... OK (0.0 km)
  Checking: National Archaeological Museum... OK (0.1 km)
  Checking: Syntagma Square... OK (0.1 km)
  Checking: Monastiraki Flea Market... OK (0.0 km)
  Checking: Mount Lycabettus... OK (0.1 km)
  Checking: Panathenaic Stadium... OK (0.0 km)
  Checking: Odeon of Herodes Atticus... OK (0.1 km)
  Checking: National Garden... OK (0.1 km)
  Skipping: Athens International Airport (ATH) (excluded)
  Checking: Philopappos Hill... OK (0.0 km)
  Checking: Kerameikos... OK (0.4 km)
  Checking: Roman Agora... OK (0.0 km)
  Checking: Hadrian's Library... OK (0.0 km)
  Checking: Museum of Cycladic Art... OK (0.0 km)
  Checking: Stavros Niarchos Foundation Cultural Center... OK (0.2 km)

[192/351] Processing: Europe/Greece/Cities/CorfuAttractions.swift
  Checking: Corfu Old Town... OK (0.6 km)
  Checking: Old Fortress (Palaio Frourio)... OK (0.1 km)
  Checking: Achilleion Palace... OK (0.6 km)
  Checking: Paleokastritsa... OK (1.2 km)
  Checking: Canal d'Amour... NEEDS UPDATE (13.7 km off)
    Current: (39.7908, 19.8622)
    Correct: (39.7954, 19.7015)
    Address: Peroulades Melitsa, Sidari 490 81, Greece
  Checking: Mouse Island (Pontikonisi)... OK (1.6 km)
  ✅ Updated 1 coordinates in file

[193/351] Processing: Europe/Greece/Cities/CreteAttractions.swift
  Checking: Palace of Knossos... OK (0.0 km)
  Checking: Heraklion Archaeological Museum... OK (0.0 km)
  Skipping: Samaria Gorge (excluded)
  Checking: Elafonisi Beach... OK (0.1 km)
  Checking: Old Town of Chania... OK (0.3 km)
  Checking: Spinalonga Island... OK (0.9 km)
  Checking: Balos Beach and Lagoon... OK (0.2 km)
  Checking: Arkadi Monastery... OK (0.1 km)
  Skipping: Heraklion International Airport (HER) (excluded)

[194/351] Processing: Europe/Greece/Cities/MykonosAttractions.swift
  Checking: Mykonos Windmills... OK (0.2 km)
  Checking: Little Venice... OK (0.2 km)
  Checking: Mykonos Town (Chora)... OK (0.3 km)
  Checking: Panagia Paraportiani... OK (0.0 km)
  Checking: Paradise Beach... OK (0.5 km)
  Checking: Delos Island... OK (0.0 km)
  Checking: Armenistis Lighthouse... OK (4.3 km)
  Checking: Archaeological Museum of Mykonos... OK (0.3 km)
  Skipping: Mykonos Airport (JMK) (excluded)

[195/351] Processing: Europe/Greece/Cities/RhodesAttractions.swift
  Checking: Rhodes Old Town... OK (1.2 km)
  Checking: Palace of the Grand Master... OK (0.1 km)
  Checking: Lindos Acropolis... OK (0.3 km)
  Checking: Street of the Knights... OK (0.3 km)
  Checking: Valley of the Butterflies... OK (0.3 km)
  Checking: Anthony Quinn Bay... OK (0.6 km)
  Checking: Ancient Kamiros... OK (0.2 km)

[196/351] Processing: Europe/Greece/Cities/SantoriniAttractions.swift
  Checking: Oia Village... OK (0.0 km)
  Checking: Fira Town... OK (0.2 km)
  Checking: Red Beach... OK (0.2 km)
  Checking: Akrotiri Archaeological Site... OK (0.0 km)
  Checking: Nea Kameni Volcano... OK (0.4 km)
  Checking: Imerovigli... OK (0.1 km)
  Checking: Museum of Prehistoric Thera... OK (0.3 km)
  Checking: Santo Wines Winery... OK (1.5 km)
  Skipping: Santorini (Thira) Airport (JTR) (excluded)
  Checking: Amoudi Bay... OK (0.1 km)
  Checking: Pyrgos... OK (0.2 km)
  Checking: Ancient Thera... OK (0.0 km)
  Checking: Perissa Black Sand Beach... OK (0.4 km)
  Checking: Profitis Ilias Monastery... OK (0.2 km)
  Checking: Kamari Beach... OK (0.0 km)
  Checking: Atlantis Books... NEEDS UPDATE (6.5 km off)
    Current: (36.4623, 25.3758)
    Correct: (36.4217, 25.4285)
    Address: Nomikos Conference Centre, Firostefani 847 00, Greece
  Checking: Therasia... OK (0.7 km)
  ✅ Updated 1 coordinates in file

[197/351] Processing: Europe/Greece/Cities/ThessalonikiAttractions.swift
  Checking: White Tower... OK (0.0 km)
  Checking: Rotunda of Galerius... OK (0.1 km)
  Checking: Arch of Galerius... OK (0.0 km)
  Checking: Aristotelous Square... OK (0.0 km)
  Checking: Church of Agios Dimitrios... OK (0.1 km)
  Checking: Museum of Byzantine Culture... OK (0.2 km)
  Checking: Ano Poli (Upper Town)... OK (0.6 km)
  Checking: Archaeological Museum of Thessaloniki... OK (0.3 km)
  Skipping: Thessaloniki Airport (SKG) (excluded)

[198/351] Processing: Europe/Hungary/Cities/BudapestAttractions.swift
  Checking: Hungarian Parliament Building... OK (0.0 km)
  Checking: Széchenyi Thermal Bath... OK (0.1 km)
  Checking: Buda Castle... OK (0.1 km)
  Checking: Fisherman's Bastion... OK (0.0 km)
  Checking: Ruin Bars (Szimpla Kert)... OK (0.1 km)
  Checking: St. Stephen's Basilica... OK (0.0 km)
  Checking: Heroes' Square... OK (0.0 km)
  Checking: Great Market Hall... OK (0.0 km)
  Skipping: Budapest Ferenc Liszt Airport (BUD) (excluded)
  Checking: Gellért Hill & Citadel... OK (0.5 km)
  Checking: Dohány Street Synagogue... OK (0.0 km)
  Checking: Shoes on the Danube Bank... OK (0.0 km)
  Checking: House of Terror... OK (0.0 km)
  Checking: Chain Bridge... OK (0.0 km)
  Checking: Margaret Island... OK (0.1 km)
  Checking: Hungarian State Opera... OK (0.0 km)
  Checking: Hospital in the Rock... OK (0.2 km)

[199/351] Processing: Europe/Hungary/Cities/EgerAttractions.swift
  Checking: Eger Castle... OK (0.1 km)
  Checking: Valley of the Beautiful Women... OK (0.9 km)
  Checking: Minaret of Eger... OK (0.3 km)
  Checking: Dobó Square... OK (0.1 km)
  Skipping: Budapest Airport (Serving Eger) (excluded)

[200/351] Processing: Europe/Hungary/Cities/PecsAttractions.swift
  Checking: Early Christian Necropolis... OK (0.5 km)
  Checking: Pécs Cathedral... OK (0.3 km)
  Checking: Széchenyi Square... OK (0.1 km)
  Checking: Zsolnay Cultural Quarter... OK (1.3 km)
  Skipping: Budapest Airport (Serving Péis) (excluded)

[201/351] Processing: Europe/Hungary/Cities/SzentendreAttractions.swift
  Checking: Main Square (Fő tér)... OK (0.2 km)
  Checking: Hungarian Open Air Museum... OK (4.2 km)
  Checking: Marzipan Museum... OK (0.4 km)
  Checking: Serbian Orthodox Churches... OK (0.2 km)
  Skipping: Budapest Airport (Serving Szentendre) (excluded)

[202/351] Processing: Europe/Iceland/Cities/AkureyriAttractions.swift
  Checking: Akureyri Church... OK (0.4 km)
  Checking: Whale Watching... OK (0.1 km)
  Checking: Goðafoss Waterfall... OK (0.0 km)
  Checking: Diamond Circle... OK (0.7 km)
  Skipping: Akureyri Airport (AEY) (excluded)

[203/351] Processing: Europe/Iceland/Cities/ReykjavikAttractions.swift
  Checking: Hallgrímskirkja... OK (0.0 km)
  Skipping: Blue Lagoon (excluded)
  Skipping: Golden Circle (excluded)
  Checking: Harpa Concert Hall... OK (0.0 km)
  Checking: Northern Lights Tours... NEEDS UPDATE (5.0 km off)
    Current: (64.1466, -21.9426)
    Correct: (64.1351, -21.8420)
    Address: Stefnisvogur 6, 104 Reykjavík, Iceland
  Checking: Sun Voyager... OK (0.0 km)
  Checking: Laugavegur Shopping Street... OK (0.6 km)
  Skipping: Keflavík International Airport (KEF) (excluded)
  Checking: Perlan... OK (0.0 km)
  Checking: Sky Lagoon... OK (0.5 km)
  Checking: National Museum of Iceland... OK (0.0 km)
  Checking: Whales of Iceland... OK (0.4 km)
  Checking: Tjörnin... OK (0.1 km)
  Checking: Saga Museum... OK (0.4 km)
  Checking: Reykjavik Maritime Museum... OK (0.3 km)
  Checking: Grótta Island Lighthouse... OK (0.4 km)
  ✅ Updated 1 coordinates in file

[204/351] Processing: Europe/Iceland/Cities/VikAttractions.swift
  Checking: Reynisfjara Black Sand Beach... OK (1.4 km)
  Checking: Dyrhólaey... OK (0.5 km)
  Checking: Skógafoss Waterfall... OK (0.0 km)
  Checking: Mýrdalsjökull Glacier... OK (1.5 km)
  Skipping: Keflavík Airport (Serving Vík) (excluded)

[205/351] Processing: Europe/Ireland/Cities/CorkAttractions.swift
  Checking: Blarney Castle... OK (0.0 km)
  Checking: English Market... OK (0.0 km)
  Checking: Cork City Gaol... OK (0.0 km)
  Checking: Shandon Bells... OK (0.3 km)
  Checking: Cobh... OK (0.2 km)
  Skipping: Cork Airport (ORK) (excluded)

[206/351] Processing: Europe/Ireland/Cities/DublinAttractions.swift
  Checking: Guinness Storehouse... OK (0.0 km)
  Checking: Trinity College Library... OK (0.2 km)
  Checking: St Patrick's Cathedral... OK (0.0 km)
  Checking: Temple Bar... OK (0.2 km)
  Checking: Dublin Castle... OK (0.0 km)
  Checking: Phoenix Park... OK (0.0 km)
  Checking: Kilmainham Gaol... OK (0.0 km)
  Checking: Ha'penny Bridge... OK (0.0 km)
  Skipping: Dublin Airport (DUB) (excluded)
  Checking: National Museum of Ireland - Archaeology... OK (0.0 km)
  Checking: EPIC The Irish Emigration Museum... OK (0.0 km)
  Checking: Jameson Distillery Bow St.... OK (0.0 km)
  Checking: St Stephen's Green... OK (0.2 km)
  Checking: Christ Church Cathedral... OK (0.0 km)
  Checking: Little Museum of Dublin... OK (0.0 km)
  Checking: Grafton Street... OK (0.1 km)
  Checking: National Gallery of Ireland... OK (0.0 km)

[207/351] Processing: Europe/Ireland/Cities/GalwayAttractions.swift
  Checking: Eyre Square... OK (0.1 km)
  Checking: Latin Quarter... OK (0.1 km)
  Checking: Galway Cathedral... OK (0.0 km)
  Checking: Cliffs of Moher... OK (0.3 km)
  Checking: Spanish Arch... OK (0.0 km)
  Skipping: Shannon Airport (Serving Galway) (excluded)

[208/351] Processing: Europe/Ireland/Cities/KillarneyAttractions.swift
  Checking: Killarney National Park... OK (2.4 km)
  Checking: Muckross House... OK (0.2 km)
  Checking: Ross Castle... OK (0.0 km)
  Skipping: Kerry Airport (KIR) (excluded)

[209/351] Processing: Europe/Ireland/Cities/LimerickAttractions.swift
  Checking: King John's Castle... OK (0.1 km)
  Checking: Hunt Museum... OK (0.2 km)
  Checking: Milk Market... OK (0.1 km)
  Skipping: Shannon Airport (SNN) (excluded)

[210/351] Processing: Europe/Italy/Cities/AmalfiCoastAttractions.swift
  Checking: Positano... OK (0.3 km)
  Checking: Amalfi Town... OK (0.0 km)
  Checking: Ravello... OK (0.3 km)
  Checking: Path of the Gods... OK (1.2 km)
  Checking: Capri... OK (0.0 km)
  Checking: Emerald Grotto... OK (0.9 km)

[211/351] Processing: Europe/Italy/Cities/CinqueTerreAttractions.swift
  Checking: Riomaggiore... OK (0.1 km)
  Checking: Manarola... OK (0.0 km)
  Checking: Vernazza... OK (0.2 km)
  Checking: Monterosso al Mare... OK (0.6 km)
  Checking: Corniglia... OK (0.2 km)
  Checking: Cinque Terre Hiking Trails... NEEDS UPDATE (5.3 km off)
    Current: (44.12, 9.7)
    Correct: (44.1461, 9.6439)
    Address: Cinque Terre, SP, Italy
  ✅ Updated 1 coordinates in file

[212/351] Processing: Europe/Italy/Cities/FlorenceAttractions.swift
  Checking: Uffizi Gallery... OK (0.0 km)
  Checking: Florence Cathedral... OK (0.0 km)
  Checking: Ponte Vecchio... OK (0.0 km)
  Checking: Accademia Gallery... OK (0.0 km)
  Checking: Palazzo Pitti... OK (0.0 km)
  Checking: Piazzale Michelangelo... OK (0.0 km)
  Checking: Basilica of Santa Croce... OK (0.0 km)
  Checking: Palazzo Vecchio... OK (0.0 km)
  Skipping: Florence Airport (FLR) (excluded)
  Checking: Palazzo Vecchio... OK (0.0 km)
  Checking: Bargello National Museum... OK (0.0 km)
  Checking: Medici Chapels... OK (0.0 km)
  Checking: Mercato Centrale... OK (0.1 km)
  Checking: Basilica of Santa Maria Novella... OK (0.0 km)
  Checking: San Miniato al Monte... OK (0.1 km)
  Checking: Piazza della Signoria... OK (0.0 km)
  Checking: Vasari Corridor... OK (0.0 km)
  Checking: Palazzo Strozzi... OK (0.0 km)
  Checking: Rose Garden... NEEDS UPDATE (23.4 km off)
    Current: (43.7634, 11.263)
    Correct: (43.6824, 11.5314)
    Address: Via Dante Alighieri, 62, 50066 Reggello FI, Italy
  ✅ Updated 1 coordinates in file

[213/351] Processing: Europe/Italy/Cities/MilanAttractions.swift
  Checking: Milan Cathedral... OK (0.0 km)
  Checking: The Last Supper... OK (0.1 km)
  Checking: Galleria Vittorio Emanuele II... OK (0.0 km)
  Checking: La Scala Opera House... OK (0.0 km)
  Checking: Sforza Castle... OK (0.0 km)
  Checking: Navigli District... OK (1.7 km)
  Checking: Pinacoteca di Brera... OK (0.0 km)
  Skipping: Milan Malpensa Airport (MXP) (excluded)
  Checking: San Siro Stadium... OK (0.0 km)
  Checking: Basilica di Sant'Ambrogio... OK (0.0 km)
  Checking: Monumental Cemetery... OK (0.3 km)
  Checking: Leonardo3 Museum... OK (0.2 km)
  Checking: Bosco Verticale... OK (0.0 km)
  Checking: Arco della Pace... OK (0.0 km)
  Checking: Piazza Gae Aulenti... OK (0.3 km)
  Checking: QC Termemilano... OK (0.3 km)
  Checking: San Maurizio al Monastero Maggiore... OK (0.2 km)

[214/351] Processing: Europe/Italy/Cities/NaplesAttractions.swift
  Checking: Pompeii... OK (1.7 km)
  Checking: Naples National Archaeological Museum... OK (0.0 km)
  Checking: Mount Vesuvius... OK (0.3 km)
  Checking: Historic Center of Naples... OK (0.6 km)
  Checking: Cappella Sansevero... OK (0.1 km)
  Checking: Royal Palace of Naples... OK (0.0 km)
  Checking: Castel dell'Ovo... OK (0.0 km)
  Skipping: Naples International Airport (NAP) (excluded)
  Checking: Castel Sant'Elmo... OK (0.0 km)
  Checking: San Gregorio Armeno... OK (0.1 km)
  Checking: Catacombs of San Gennaro... OK (0.2 km)
  Checking: Galleria Umberto I... OK (0.0 km)
  Checking: Napoli Sotterranea... OK (1.7 km)
  Checking: Santa Chiara Complex... OK (0.1 km)
  Checking: Piazza del Plebiscito... OK (0.1 km)
  Checking: Lungomare Caracciolo... OK (1.0 km)

[215/351] Processing: Europe/Italy/Cities/PisaAttractions.swift
  Checking: Leaning Tower of Pisa... OK (0.0 km)
  Checking: Piazza dei Miracoli (Field of Miracles)... OK (0.1 km)
  Checking: Pisa Cathedral (Duomo)... OK (0.1 km)
  Checking: Baptistery of St. John... OK (0.1 km)
  Checking: Camposanto Monumentale... OK (0.1 km)
  Checking: Piazza dei Cavalieri... OK (0.1 km)

[216/351] Processing: Europe/Italy/Cities/RomeAttractions.swift
  Checking: Colosseum... OK (0.0 km)
  Checking: Vatican Museums... OK (0.0 km)
  Checking: St. Peter's Basilica... OK (0.0 km)
  Checking: Roman Forum... OK (0.1 km)
  Checking: Trevi Fountain... OK (0.0 km)
  Checking: Pantheon... OK (0.0 km)
  Checking: Spanish Steps... OK (0.0 km)
  Checking: Piazza Navona... OK (0.0 km)
  Checking: Villa Borghese... OK (0.1 km)
  Checking: Castel Sant'Angelo... OK (0.0 km)
  Checking: Baths of Caracalla... OK (0.1 km)
  Checking: Palatine Hill... OK (0.1 km)
  Checking: Trastevere... OK (0.2 km)
  Checking: Capitoline Museums... OK (0.1 km)
  Checking: Campo de' Fiori... OK (0.0 km)
  Checking: Circus Maximus... OK (0.1 km)
  Checking: Mouth of Truth... OK (0.0 km)
  Checking: Santa Maria Maggiore... OK (0.0 km)
  Checking: Catacombs of San Callisto... OK (0.2 km)
  Checking: Appian Way... OK (3.0 km)
  Checking: Aventine Keyhole... OK (0.2 km)
  Checking: Jewish Ghetto... OK (0.1 km)
  Skipping: Fiumicino Airport (FCO) (excluded)
  Checking: Domus Aurea... OK (0.1 km)
  Checking: Palazzo Doria Pamphilj... OK (0.0 km)
  Checking: Piazza del Popolo... OK (0.0 km)
  Checking: Altare della Patria... OK (0.0 km)
  Checking: Basilica of San Clemente... OK (0.0 km)

[217/351] Processing: Europe/Italy/Cities/VeniceAttractions.swift
  Checking: St. Mark's Basilica... OK (0.0 km)
  Checking: Doge's Palace... OK (0.0 km)
  Checking: Grand Canal... OK (0.5 km)
  Checking: Rialto Bridge... OK (0.0 km)
  Checking: Murano Island... OK (0.0 km)
  Checking: Burano Island... OK (0.0 km)
  Checking: St. Mark's Square... OK (0.0 km)
  Checking: Campanile di San Marco... OK (0.0 km)
  Checking: Gallerie dell'Accademia... OK (0.1 km)
  Checking: Peggy Guggenheim Collection... OK (0.0 km)
  Checking: Santa Maria della Salute... OK (0.0 km)
  Checking: Bridge of Sighs... OK (0.0 km)
  Checking: Jewish Ghetto of Venice... NEEDS UPDATE (11.7 km off)
    Current: (45.4453, 12.3261)
    Correct: (45.4806, 12.1841)
    Address: Via Ghetto, 30174 Venezia VE, Italy
  Checking: Scuola Grande di San Rocco... OK (0.0 km)
  Checking: Torcello Island... OK (0.2 km)
  Checking: Lido di Venezia... OK (1.9 km)
  Skipping: Venice Marco Polo Airport (VCE) (excluded)
  Checking: Teatro La Fenice... OK (0.0 km)
  Checking: Palazzo Contarini del Bovolo... OK (0.0 km)
  Checking: San Giorgio Maggiore... OK (0.1 km)
  Checking: Ca' Rezzonico... NEEDS UPDATE (9.6 km off)
    Current: (45.4335, 12.3274)
    Correct: (45.5137, 12.2803)
    Address: Via Cà Rezzonico, 30173 Venezia VE, Italy
  Checking: Venetian Arsenal... OK (0.3 km)
  Checking: Correr Museum... OK (0.0 km)
  ✅ Updated 2 coordinates in file

[218/351] Processing: Europe/Kosovo/Cities/GjakovaAttractions.swift
  Checking: Old Bazaar... OK (0.2 km)
  Skipping: Pristina Airport (Serving Gjakova) (excluded)

[219/351] Processing: Europe/Kosovo/Cities/PejaAttractions.swift
  Checking: Rugova Canyon... NEEDS UPDATE (8.6 km off)
    Current: (42.66, 20.26)
    Correct: (42.6939, 20.1653)
    Address: Gryka e Rugovës, 30000
  Checking: Patriarchate of Peć... OK (0.1 km)
  Skipping: Pristina Airport (Serving Peja) (excluded)
  ✅ Updated 1 coordinates in file

[220/351] Processing: Europe/Kosovo/Cities/PristinaAttractions.swift
  Checking: Newborn Monument... OK (0.0 km)
  Checking: National Library of Kosovo... OK (0.0 km)
  Checking: Ethnological Museum... OK (0.1 km)
  Checking: Germia Park... OK (1.4 km)
  Skipping: Pristina International Airport (PRN) (excluded)
  Checking: Mother Teresa Cathedral... OK (0.0 km)
  Checking: Imperial Mosque... OK (0.1 km)
  Checking: Bear Sanctuary Prishtina... NEEDS UPDATE (7.1 km off)
    Current: (42.7, 21.25)
    Correct: (42.6365, 21.2585)
    Address: XK, Mramor 10000
  Checking: Gračanica Monastery... OK (0.3 km)
  Checking: Mother Teresa Boulevard... OK (0.4 km)
  Checking: Statue of Bill Clinton... OK (0.1 km)
  Checking: Kosovo Museum... OK (0.0 km)
  Checking: Pristina Market... OK (0.3 km)
  Checking: Skanderbeg Square... OK (0.2 km)
  Checking: Jashar Pasha Mosque... OK (0.2 km)
  ✅ Updated 1 coordinates in file

[221/351] Processing: Europe/Kosovo/Cities/PrizrenAttractions.swift
  Checking: Prizren Fortress... OK (0.6 km)
  Checking: Sinan Pasha Mosque... OK (0.5 km)
  Checking: Stone Bridge... OK (0.5 km)
  Skipping: Pristina Airport (Serving Prizren) (excluded)

[222/351] Processing: Europe/Latvia/Cities/CesisAttractions.swift
  Checking: Cēsis Medieval Castle... OK (0.0 km)
  Checking: Cēsis Old Town... OK (0.5 km)
  Checking: Cēsis New Castle... OK (0.0 km)
  Skipping: Riga Airport (Serving Cēsis) (excluded)

[223/351] Processing: Europe/Latvia/Cities/JurmalaAttractions.swift
  Checking: Jomas Street... OK (0.2 km)
  Checking: Jurmala Beach... OK (0.7 km)
  Checking: Dzintari Forest Park... OK (0.4 km)
  Checking: Wooden Architecture... OK (2.0 km)
  Skipping: Riga International Airport (Serving Jūrmala) (excluded)

[224/351] Processing: Europe/Latvia/Cities/RigaAttractions.swift
  Checking: Riga Old Town... OK (0.2 km)
  Checking: House of the Blackheads... OK (0.0 km)
  Checking: St. Peter's Church... OK (0.0 km)
  Checking: Art Nouveau District... OK (0.0 km)
  Checking: Riga Central Market... OK (0.1 km)
  Checking: Freedom Monument... OK (0.0 km)
  Checking: Latvian National Museum of Art... OK (0.1 km)
  Skipping: Riga International Airport (RIX) (excluded)
  Checking: Three Brothers... OK (0.0 km)
  Checking: Riga Cathedral... OK (0.0 km)
  Checking: The Swedish Gate... OK (0.0 km)
  Checking: Riga Motor Museum... OK (0.0 km)
  Checking: Latvian Open-Air Museum... OK (0.0 km)
  Checking: Bastejkalna Park... OK (0.0 km)
  Checking: Museum of the Occupation of Latvia... OK (0.0 km)
  Checking: National Library of Latvia... OK (0.0 km)

[225/351] Processing: Europe/Latvia/Cities/SiguldaAttractions.swift
  Checking: Turaida Museum Reserve... OK (0.4 km)
  Checking: Gutman's Cave... OK (0.0 km)
  Checking: Sigulda Medieval Castle Ruins... OK (0.0 km)
  Checking: Cable Car... OK (0.2 km)
  Skipping: Riga Airport (Serving Sigulda) (excluded)

[226/351] Processing: Europe/Liechtenstein/Cities/BalzersAttractions.swift
  Checking: Gutenberg Castle... OK (0.1 km)
  Skipping: Zurich Airport (Serving Balzers) (excluded)

[227/351] Processing: Europe/Liechtenstein/Cities/MalbunAttractions.swift
  Checking: Sareis Chairlift... OK (0.7 km)
  Skipping: Zurich Airport (Serving Malbun) (excluded)

[228/351] Processing: Europe/Liechtenstein/Cities/VaduzAttractions.swift
  Checking: Vaduz Castle... OK (0.0 km)
  Checking: Kunstmuseum Liechtenstein... OK (0.1 km)
  Checking: Red House... OK (0.2 km)
  Skipping: Zurich Airport (Serving Vaduz) (excluded)
  Checking: Liechtenstein National Museum... OK (0.1 km)
  Checking: The Treasure Chamber... OK (0.0 km)
  Checking: Postage Stamp Museum... OK (0.0 km)
  Checking: Old Rhine Bridge... OK (1.1 km)
  Checking: Cathedral of St. Florin... OK (0.0 km)
  Checking: Government House... OK (0.0 km)
  Checking: Hofkellerei... OK (0.4 km)
  Checking: Städtle Sculptures... OK (0.2 km)
  Checking: Gutenberg Castle... OK (0.0 km)
  Checking: Mitteldorf... OK (0.2 km)

[229/351] Processing: Europe/Lithuania/Cities/KaunasAttractions.swift
  Checking: Kaunas Castle... OK (0.0 km)
  Checking: Ninth Fort... OK (0.3 km)
  Checking: Pažaislis Monastery... OK (0.0 km)
  Checking: Laisvės Alėja... OK (0.5 km)
  Skipping: Kaunas Airport (KUN) (excluded)

[230/351] Processing: Europe/Lithuania/Cities/KlaipedaAttractions.swift
  Checking: Curonian Spit... NEEDS UPDATE (22.2 km off)
    Current: (55.5167, 21.0167)
    Correct: (55.7033, 21.1443)
    Address: Klaipeda, Klaipeda City Municipality, Lithuania
  Checking: Klaipeda Old Town... OK (0.5 km)
  Checking: Lithuanian Sea Museum... OK (0.1 km)
  Checking: Meridianas... OK (0.0 km)
  Skipping: Palanga Airport (Serving Klaipėda) (excluded)
  ✅ Updated 1 coordinates in file

[231/351] Processing: Europe/Lithuania/Cities/SiauliaiAttractions.swift
  Checking: Hill of Crosses... OK (0.1 km)
  Checking: Iron Fox Sculpture... OK (0.3 km)
  Skipping: Kaunas Airport (Serving Šiauliai) (excluded)

[232/351] Processing: Europe/Lithuania/Cities/TrakaiAttractions.swift
  Checking: Trakai Island Castle... OK (0.1 km)
  Checking: Karaite Kenesa... OK (0.2 km)
  Checking: Užutrakis Manor Estate... OK (0.1 km)
  Skipping: Vilnius Airport (Serving Trakai) (excluded)

[233/351] Processing: Europe/Lithuania/Cities/VilniusAttractions.swift
  Checking: Vilnius Old Town... OK (0.6 km)
  Checking: Gediminas Castle Tower... OK (0.0 km)
  Checking: Republic of Užupis... OK (0.1 km)
  Checking: St. Anne's Church... OK (0.0 km)
  Checking: Museum of Occupations and Freedom Fights... OK (0.0 km)
  Checking: Gates of Dawn... OK (0.0 km)
  Skipping: Vilnius International Airport (VNO) (excluded)
  Checking: Vilnius Cathedral... OK (0.0 km)
  Checking: Palace of the Grand Dukes... OK (0.0 km)
  Checking: Hill of Three Crosses... OK (0.0 km)
  Checking: Church of St. Peter and St. Paul... OK (0.0 km)
  Checking: Vilnius University... OK (0.1 km)
  Checking: Bernardine Garden... OK (0.1 km)
  Checking: Halles Market... OK (0.0 km)
  Checking: Vilnius TV Tower... OK (0.1 km)

[234/351] Processing: Europe/Luxembourg/Cities/EchternachAttractions.swift
  Checking: Mullerthal Trail... NEEDS UPDATE (9.4 km off)
    Current: (49.811, 6.421)
    Correct: (49.7823, 6.2979)
    Address: Mullerthal Trl, Waldbillig, Luxembourg
  Checking: Abbey of Echternach... OK (0.1 km)
  Skipping: Luxembourg Airport (Serving Echternach) (excluded)
  ✅ Updated 1 coordinates in file

[235/351] Processing: Europe/Luxembourg/Cities/LuxembourgCityAttractions.swift
  Checking: Le Chemin de la Corniche... OK (0.1 km)
  Checking: The Grund... OK (0.5 km)
  Checking: Bock Casemates... OK (0.0 km)
  Checking: Grand Ducal Palace... OK (0.1 km)
  Skipping: Luxembourg Airport (LUX) (excluded)
  Checking: Notre-Dame Cathedral... OK (0.1 km)
  Checking: Adolphe Bridge... OK (0.0 km)
  Checking: MUDAM Luxembourg... OK (0.1 km)
  Checking: National Museum of History and Art... OK (0.1 km)
  Checking: Monument of Remembrance (Gëlle Fra)... OK (0.0 km)
  Checking: Pfaffenthal Panoramic Elevator... OK (0.3 km)
  Checking: Place Guillaume II... OK (0.1 km)
  Checking: Place d'Armes... OK (0.0 km)
  Checking: Dräi Eechelen Museum... OK (0.1 km)
  Checking: Philharmonie Luxembourg... OK (0.1 km)
  Checking: Luxembourg City History Museum... OK (0.0 km)

[236/351] Processing: Europe/Luxembourg/Cities/ViandenAttractions.swift
  Checking: Vianden Castle... OK (0.1 km)
  Checking: Vianden Chairlift... OK (0.5 km)
  Skipping: Luxembourg Airport (Serving Vianden) (excluded)

[237/351] Processing: Europe/Malta/Cities/MarsaxlokkAttractions.swift
  Checking: Marsaxlokk Sunday Market... OK (0.2 km)
  Checking: St. Peter's Pool... OK (0.9 km)
  Skipping: Malta International Airport (Serving Marsaxlokk) (excluded)

[238/351] Processing: Europe/Malta/Cities/MdinaAttractions.swift
  Checking: Mdina Gate... OK (0.0 km)
  Checking: St. Paul's Cathedral... OK (0.0 km)
  Checking: Fontanella Tea Garden... OK (0.0 km)
  Skipping: Malta International Airport (Serving Mdina) (excluded)

[239/351] Processing: Europe/Malta/Cities/StJuliansAttractions.swift
  Checking: Spinola Bay... OK (0.4 km)
  Skipping: Malta International Airport (Serving St. Julian's) (excluded)

[240/351] Processing: Europe/Malta/Cities/VallettaAttractions.swift
  Checking: St. John's Co-Cathedral... OK (0.0 km)
  Checking: Upper Barrakka Gardens... OK (0.0 km)
  Checking: Fort St. Elmo & National War Museum... OK (0.1 km)
  Checking: Casa Rocca Piccola... OK (0.0 km)
  Skipping: Malta International Airport (MLA) (excluded)
  Checking: Grandmaster's Palace... OK (0.0 km)
  Checking: Lower Barrakka Gardens... OK (0.1 km)
  Checking: Lascaris War Rooms... OK (0.0 km)
  Checking: Manoel Theatre... OK (0.1 km)
  Checking: National Museum of Archaeology... OK (0.1 km)
  Checking: Valletta Waterfront... OK (0.2 km)
  Checking: Basilica of Our Lady of Mount Carmel... OK (0.0 km)
  Checking: Triton Fountain... OK (0.0 km)
  Checking: Parliament Building... OK (0.0 km)
  Checking: Siege Bell War Memorial... OK (0.1 km)
  Checking: Saluting Battery... OK (0.0 km)

[241/351] Processing: Europe/Malta/Cities/VictoriaAttractions.swift
  Checking: The Citadel... OK (0.1 km)
  Skipping: Malta International Airport (Serving Gozo) (excluded)

[242/351] Processing: Europe/Moldova/Cities/ChisinauAttractions.swift
  Checking: Stephen the Great Park... OK (0.3 km)
  Checking: Nativity Cathedral... OK (0.0 km)
  Checking: Valea Morilor Park... OK (0.4 km)
  Checking: National Museum of History... OK (1.2 km)
  Skipping: Chișinău International Airport (RMO) (excluded)

[243/351] Processing: Europe/Moldova/Cities/CricovaAttractions.swift
  Checking: Cricova Wine Cellars... OK (0.2 km)
  Skipping: Chișinău Airport (Serving Cricova) (excluded)

[244/351] Processing: Europe/Moldova/Cities/OrheiulVechiAttractions.swift
  Checking: Cave Monastery... OK (0.3 km)
  Checking: Traditional Village Butuceni... OK (0.4 km)
  Skipping: Chișinău Airport (Serving Orheiul Vechi) (excluded)

[245/351] Processing: Europe/Moldova/Cities/TiraspolAttractions.swift
  Checking: Suvorov Square... OK (0.1 km)
  Checking: Kvint Distillery... OK (0.6 km)
  Skipping: Chișinău Airport (Serving Tiraspol) (excluded)

[246/351] Processing: Europe/Monaco/Cities/FontvieilleAttractions.swift
  Checking: Prince's Car Collection... OK (0.6 km)
  Checking: Exotic Garden... OK (0.2 km)
  Skipping: Nice Côte d'Azur Airport (Serving Fontvieille) (excluded)

[247/351] Processing: Europe/Monaco/Cities/MonacoVilleAttractions.swift
  Checking: Prince's Palace... OK (0.1 km)
  Checking: Oceanographic Museum... OK (0.0 km)
  Checking: Saint Nicholas Cathedral... OK (0.0 km)
  Skipping: Nice Côte d'Azur Airport (NCE) (excluded)

[248/351] Processing: Europe/Monaco/Cities/MonteCarloAttractions.swift
  Checking: Casino de Monte-Carlo... OK (0.0 km)
  Checking: Japanese Garden... OK (0.2 km)
  Checking: Opera de Monte-Carlo... OK (0.0 km)
  Skipping: Nice Côte d'Azur Airport (Serving Monte Carlo) (excluded)
  Checking: Prince's Palace... OK (0.0 km)
  Checking: Oceanographic Museum... OK (0.0 km)
  Checking: St. Nicholas Cathedral... OK (0.0 km)
  Checking: Exotic Garden... OK (0.2 km)
  Checking: Fairmont Hairpin (F1 Circuit)... OK (0.0 km)
  Checking: Larvotto Beach... OK (0.6 km)
  Checking: Port Hercules... OK (0.2 km)
  Checking: Old Town (Le Rocher)... OK (0.0 km)
  Checking: Car Collection of HSH... OK (0.3 km)
  Checking: Metropole Shopping Monte-Carlo... OK (0.1 km)

[249/351] Processing: Europe/Montenegro/Cities/BudvaAttractions.swift
  Checking: Budva Old Town... OK (0.1 km)
  Checking: Sveti Stefan... OK (0.7 km)
  Checking: Mogren Beach... OK (0.2 km)
  Skipping: Tivat Airport (TIV) (excluded)

[250/351] Processing: Europe/Montenegro/Cities/KotorAttractions.swift
  Checking: Kotor Old Town... OK (0.0 km)
  Checking: San Giovanni Fortress... OK (0.1 km)
  Checking: Cathedral of Saint Tryphon... OK (0.0 km)
  Skipping: Tivat Airport (Serving Kotor) (excluded)
  Checking: Our Lady of the Rocks... OK (0.3 km)
  Checking: Perast Old Town... NEEDS UPDATE (9.0 km off)
    Current: (42.486, 18.7)
    Correct: (42.4247, 18.7712)
    Address: Kotor, Montenegro
  Checking: Kotor Cable Car... OK (2.0 km)
  Checking: Maritime Museum... OK (0.1 km)
  Checking: St. Nicholas Church... OK (0.1 km)
  Checking: Kampana Tower... OK (0.1 km)
  Checking: Cat Museum... OK (0.1 km)
  Checking: Gurdic Gate... OK (0.1 km)
  Checking: Sea Gate... OK (0.0 km)
  Checking: Blue Cave... NEEDS UPDATE (15.1 km off)
    Current: (42.3739, 18.5916)
    Correct: (42.4216, 18.7640)
    Address: Njegoševa, Kotor 85330, Montenegro
  Checking: Pima Palace... OK (0.1 km)
  Checking: Lovćen National Park (Mausoleum)... OK (0.5 km)
  ✅ Updated 2 coordinates in file

[251/351] Processing: Europe/Montenegro/Cities/PerastAttractions.swift
  Checking: Our Lady of the Rocks... OK (0.0 km)
  Checking: Perast Waterfront... OK (0.4 km)
  Skipping: Tivat Airport (Serving Perast) (excluded)

[252/351] Processing: Europe/Montenegro/Cities/PodgoricaAttractions.swift
  Checking: Cathedral of the Resurrection... OK (0.0 km)
  Checking: Millennium Bridge... OK (0.3 km)
  Checking: Niagara Falls (Cijevna)... OK (0.3 km)
  Skipping: Podgorica Airport (TGD) (excluded)

[253/351] Processing: Europe/Montenegro/Cities/ZabljakAttractions.swift
  Checking: Black Lake... OK (0.2 km)
  Checking: Tara River Canyon Bridge... NEEDS UPDATE (18.8 km off)
    Current: (43.1505, 19.2953)
    Correct: (43.2093, 19.0776)
    Address: Tara River Canyon, Tepca, Montenegro
  Skipping: Podgorica Airport (Serving Žabljak) (excluded)
  ✅ Updated 1 coordinates in file

[254/351] Processing: Europe/Netherlands/Cities/AmsterdamAttractions.swift
  Checking: Rijksmuseum... OK (0.0 km)
  Checking: Van Gogh Museum... OK (0.0 km)
  Checking: Anne Frank House... OK (0.0 km)
  Checking: Vondelpark... OK (0.0 km)
  Checking: Dam Square... OK (0.0 km)
  Checking: Jordaan... OK (0.2 km)
  Checking: Royal Palace Amsterdam... OK (0.0 km)
  Checking: Heineken Experience... OK (0.0 km)
  Checking: Canal Ring... OK (2.0 km)
  Checking: NEMO Science Museum... OK (0.0 km)
  Checking: A'DAM Lookout... OK (0.1 km)
  Checking: Albert Cuyp Market... OK (0.3 km)
  Checking: Red Light District... OK (0.3 km)
  Checking: Begijnhof... OK (0.1 km)
  Checking: Bloemenmarkt... OK (0.1 km)
  Checking: Rembrandt House Museum... OK (0.0 km)
  Checking: Het Scheepvaartmuseum... OK (0.1 km)
  Checking: De Negen Straatjes... OK (0.0 km)
  Checking: Artis Royal Zoo... OK (0.3 km)
  Checking: Westerkerk... OK (0.0 km)
  Skipping: Amsterdam Airport Schiphol (AMS) (excluded)
  Checking: Stedelijk Museum... OK (0.0 km)
  Checking: Oude Kerk... OK (0.0 km)
  Checking: Eye Filmmuseum... OK (0.0 km)
  Checking: Hortus Botanicus... OK (0.0 km)
  Checking: Moco Museum... OK (0.0 km)
  Checking: Wereldmuseum Amsterdam... OK (0.1 km)
  Checking: H'ART Museum... OK (0.0 km)
  Checking: Johan Cruijff ArenA... OK (0.0 km)

[255/351] Processing: Europe/Netherlands/Cities/EindhovenAttractions.swift
  Checking: Philips Museum... OK (0.0 km)
  Checking: Strijp-S... OK (0.2 km)
  Checking: Van Abbemuseum... OK (0.0 km)
  Skipping: Eindhoven Airport (EIN) (excluded)

[256/351] Processing: Europe/Netherlands/Cities/RotterdamAttractions.swift
  Checking: Erasmus Bridge... OK (0.1 km)
  Checking: Markthal... OK (0.1 km)
  Checking: Cube Houses... OK (0.0 km)
  Checking: Euromast... OK (0.0 km)
  Checking: Depot Boijmans Van Beuningen... OK (0.4 km)
  Checking: Kinderdijk... OK (0.3 km)
  Checking: Witte de Withstraat... OK (0.1 km)
  Skipping: Rotterdam The Hague Airport (RTM) (excluded)
  Checking: Rotterdam Zoo... OK (0.0 km)
  Checking: SS Rotterdam... OK (1.0 km)
  Checking: Kunsthal Rotterdam... OK (0.3 km)
  Checking: Laurenskerk... OK (0.2 km)
  Checking: Maritime Museum Rotterdam... OK (0.1 km)
  Checking: Miniworld Rotterdam... OK (0.3 km)
  Checking: Historic Delfshaven... OK (0.7 km)
  Checking: Hotel New York... OK (0.1 km)
  Checking: De Kuip (Feyenoord Stadium)... OK (0.0 km)

[257/351] Processing: Europe/Netherlands/Cities/TheHagueAttractions.swift
  Checking: Mauritshuis... OK (0.0 km)
  Checking: Binnenhof... OK (0.0 km)
  Checking: Madurodam... OK (0.1 km)
  Checking: Scheveningen Pier... OK (0.2 km)
  Skipping: Rotterdam The Hague Airport (RTM) (excluded)

[258/351] Processing: Europe/Netherlands/Cities/UtrechtAttractions.swift
  Checking: Dom Tower... OK (0.1 km)
  Checking: Castle De Haar... OK (0.0 km)
  Checking: Oudegracht... OK (0.5 km)
  Skipping: Schiphol Airport (Serving Utrecht) (excluded)

[259/351] Processing: Europe/NorthMacedonia/Cities/BitolaAttractions.swift
  Checking: Shirok Sokak... OK (0.7 km)
  Checking: Heraclea Lyncestis... OK (0.0 km)
  Skipping: Ohrid Airport (Serving Bitola) (excluded)

[260/351] Processing: Europe/NorthMacedonia/Cities/MatkaCanyonAttractions.swift
  Checking: Matka Canyon & Lake... OK (0.5 km)
  Skipping: Skopje Airport (Serving Matka Canyon) (excluded)

[261/351] Processing: Europe/NorthMacedonia/Cities/OhridAttractions.swift
  Checking: Church of St. John at Kaneo... OK (0.0 km)
  Checking: Samuel's Fortress... OK (0.1 km)
  Checking: Lake Ohrid Boardwalk (Potpesh)... OK (0.3 km)
  Checking: Ancient Theatre of Ohrid... OK (0.1 km)
  Skipping: Ohrid St. Paul the Apostle Airport (OHD) (excluded)

[262/351] Processing: Europe/NorthMacedonia/Cities/SkopjeAttractions.swift
  Checking: Macedonia Square... OK (0.0 km)
  Checking: Old Bazaar... OK (0.3 km)
  Checking: Kale Fortress... OK (0.2 km)
  Checking: Mother Teresa Memorial House... OK (0.0 km)
  Skipping: Skopje International Airport (SKP) (excluded)

[263/351] Processing: Europe/NorthernIreland/Cities/BelfastAttractions.swift
  Checking: Titanic Belfast... OK (0.0 km)
  Checking: Crumlin Road Gaol... OK (0.2 km)
  Checking: St. George's Market... OK (0.1 km)
  Checking: Botanic Gardens... OK (0.3 km)
  Skipping: Belfast International Airport (BFS) (excluded)
  Checking: Ulster Museum... OK (0.1 km)
  Checking: Belfast City Hall... OK (0.0 km)
  Checking: Peace Walls & Murals... OK (0.6 km)
  Checking: Cave Hill Country Park... OK (1.8 km)
  Checking: Belfast Castle... OK (0.0 km)
  Checking: Cathedral Quarter... OK (0.1 km)
  Checking: SS Nomadic... OK (0.1 km)
  Checking: Grand Opera House... OK (0.0 km)
  Checking: HMS Caroline... OK (0.1 km)
  Checking: Albert Memorial Clock... OK (0.0 km)
  Checking: Belfast Zoo... OK (0.4 km)
  Checking: W5 Interactive Discovery Centre... OK (0.2 km)

[264/351] Processing: Europe/NorthernIreland/Cities/BushmillsAttractions.swift
  Checking: Giant's Causeway... OK (1.2 km)
  Checking: Dunluce Castle... OK (0.1 km)
  Checking: Carrick-a-Rede Rope Bridge... NEEDS UPDATE (12.6 km off)
    Current: (55.23, -6.33)
    Correct: (55.2051, -6.5235)
    Address: Bushmills BT57, UK
  Skipping: Belfast International Airport (Serving Bushmills) (excluded)
  ✅ Updated 1 coordinates in file

[265/351] Processing: Europe/NorthernIreland/Cities/DerryAttractions.swift
  Checking: Derry City Walls... OK (1.0 km)
  Checking: Peace Bridge... OK (0.1 km)
  Checking: Guildhall... OK (0.2 km)
  Skipping: City of Derry Airport (LDY) (excluded)

[266/351] Processing: Europe/Norway/Cities/BergenAttractions.swift
  Checking: Bryggen... OK (0.0 km)
  Checking: Fløibanen Funicular... OK (0.3 km)
  Checking: Fish Market... OK (0.0 km)
  Checking: Norway in a Nutshell... OK (0.0 km)
  Checking: KODE Art Museums... OK (0.2 km)
  Skipping: Bergen Airport (BGO) (excluded)
  Checking: Troldhaugen... OK (0.1 km)
  Checking: Bergenhus Fortress... OK (0.0 km)
  Checking: Ulriken643... OK (1.0 km)
  Checking: Old Bergen Museum... OK (2.6 km)
  Checking: Hanseatic Museum... OK (0.1 km)
  Checking: Fantoft Stave Church... OK (0.0 km)
  Checking: Bergen Aquarium... OK (0.0 km)
  Checking: St. Mary's Church... OK (0.0 km)
  Checking: University Museum of Bergen... OK (0.2 km)
  Checking: VilVite... OK (0.1 km)

[267/351] Processing: Europe/Norway/Cities/OsloAttractions.swift
  Checking: Vigeland Sculpture Park... OK (0.1 km)
  Checking: Viking Ship Museum... OK (0.0 km)
  Checking: Oslo Opera House... OK (0.0 km)
  Checking: The National Gallery... OK (1.0 km)
  Checking: Akershus Fortress... OK (0.0 km)
  Checking: Holmenkollen Ski Jump... OK (0.2 km)
  Checking: Aker Brygge... OK (0.3 km)
  Skipping: Oslo Airport (OSL) (excluded)
  Checking: Munch Museum... OK (0.0 km)
  Checking: Fram Museum... OK (0.0 km)
  Checking: Kon-Tiki Museum... OK (0.0 km)
  Checking: National Museum... OK (0.1 km)
  Checking: Nobel Peace Center... OK (0.0 km)
  Checking: Norsk Folkemuseum... OK (0.1 km)
  Checking: Royal Palace... OK (0.0 km)
  Checking: Mathallen Oslo... OK (0.0 km)
  Checking: Ekebergparken... OK (0.2 km)
  Checking: TusenFryd... NEEDS UPDATE (20.3 km off)
    Current: (59.7483, 10.7766)
    Correct: (59.9306, 10.7550)
    Address: Sagveien 24, 0459 Oslo, Norway
  ✅ Updated 1 coordinates in file

[268/351] Processing: Europe/Norway/Cities/StavangerAttractions.swift
  Skipping: Preikestolen (Pulpit Rock) (excluded)
  Checking: Old Stavanger... OK (0.3 km)
  Checking: Norwegian Petroleum Museum... OK (0.2 km)
  Checking: Lysefjord Cruise... OK (1.3 km)
  Skipping: Stavanger Airport (SVG) (excluded)

[269/351] Processing: Europe/Norway/Cities/TromsoAttractions.swift
  Checking: Arctic Cathedral... OK (1.1 km)
  Checking: Fjellheisen Cable Car... OK (1.8 km)
  Checking: Northern Lights Tours... OK (0.4 km)
  Checking: Polaria... OK (0.5 km)
  Skipping: Tromsø Airport (TOS) (excluded)

[270/351] Processing: Europe/Poland/Cities/GdanskAttractions.swift
  Checking: Long Market... OK (0.1 km)
  Checking: St. Mary's Church... OK (0.1 km)
  Checking: European Solidarity Centre... OK (0.4 km)
  Checking: Sopot Pier... OK (0.3 km)
  Skipping: Gdańsk Lech Wałęsa Airport (GDN) (excluded)
  Checking: Museum of the Second World War... OK (0.1 km)
  Checking: The Crane... OK (0.0 km)
  Checking: Mariacka Street... OK (0.0 km)
  Checking: Westerplatte... OK (0.1 km)
  Checking: Oliwa Cathedral... OK (0.1 km)
  Checking: Artus Court... OK (0.0 km)
  Checking: Main Town Hall... OK (0.0 km)
  Checking: Amber Museum... OK (0.1 km)

[271/351] Processing: Europe/Poland/Cities/KrakowAttractions.swift
  Checking: Wawel Castle... OK (0.0 km)
  Checking: Main Market Square... OK (0.0 km)
  Skipping: Auschwitz-Birkenau (excluded)
  Checking: Kazimierz (Jewish Quarter)... OK (0.3 km)
  Checking: Wieliczka Salt Mine... OK (0.0 km)
  Checking: Oskar Schindler's Enamel Factory... OK (0.0 km)
  Skipping: Kraków John Paul II Airport (KRK) (excluded)
  Checking: St. Mary's Basilica... OK (0.0 km)
  Checking: Cloth Hall... OK (0.0 km)
  Checking: Rynek Underground... OK (0.0 km)
  Checking: Planty Park... OK (0.1 km)
  Checking: Collegium Maius... OK (0.0 km)
  Checking: MOCAK... OK (0.1 km)
  Checking: Kościuszko Mound... OK (0.0 km)
  Checking: Ghetto Heroes Square... OK (0.0 km)

[272/351] Processing: Europe/Poland/Cities/WarsawAttractions.swift
  Checking: Old Town... OK (0.2 km)
  Checking: Royal Castle... OK (0.0 km)
  Checking: Lazienki Park... OK (0.2 km)
  Checking: Warsaw Uprising Museum... OK (0.0 km)
  Checking: Palace of Culture and Science... OK (0.0 km)
  Skipping: Warsaw Chopin Airport (WAW) (excluded)
  Checking: POLIN Museum... OK (0.0 km)
  Checking: Wilanów Palace... OK (0.1 km)
  Checking: Copernicus Science Centre... OK (0.0 km)
  Checking: Vistula Boulevards... OK (0.3 km)
  Checking: Praga District... OK (0.7 km)
  Checking: Fryderyk Chopin Museum... OK (0.1 km)
  Checking: Neon Museum... OK (3.9 km)
  Checking: National Museum... OK (0.1 km)
  Checking: Barbican & City Walls... OK (0.4 km)
  Checking: Saxon Garden... OK (0.1 km)

[273/351] Processing: Europe/Poland/Cities/WroclawAttractions.swift
  Checking: Market Square... OK (0.1 km)
  Checking: Wrocław Dwarfs... OK (0.1 km)
  Checking: Cathedral Island... OK (0.0 km)
  Checking: Centennial Hall... OK (0.0 km)
  Skipping: Wrocław Copernicus Airport (WRO) (excluded)

[274/351] Processing: Europe/Portugal/Cities/AlgarveAttractions.swift
  Checking: Benagil Cave... OK (0.4 km)
  Checking: Ponta da Piedade... OK (0.2 km)
  Checking: Lagos Old Town... OK (0.3 km)
  Checking: Praia da Marinha... OK (0.2 km)
  Checking: Seven Hanging Valleys Trail... NEEDS UPDATE (18.6 km off)
    Current: (37.0901, -8.4306)
    Correct: (37.2555, -8.3965)
    Address: Faro District, Portugal
  Checking: Faro Old Town... OK (0.3 km)
  Checking: Ria Formosa Natural Park... NEEDS UPDATE (9.7 km off)
    Current: (37.0167, -7.8167)
    Correct: (36.9898, -7.9210)
    Address: Parque Natural da Ria Formosa, 8700-225 Faro, Portugal
  Skipping: Faro Airport (FAO) (excluded)
  ✅ Updated 2 coordinates in file

[275/351] Processing: Europe/Portugal/Cities/CoimbraAttractions.swift
  Checking: University of Coimbra... OK (0.0 km)
  Checking: Joanina Library... OK (0.0 km)
  Checking: Old Cathedral of Coimbra... OK (0.1 km)
  Checking: Monastery of Santa Cruz... OK (0.1 km)
  Checking: Portugal dos Pequenitos... OK (0.4 km)
  Checking: Coimbra Fado... OK (0.2 km)
  Skipping: Porto Airport (Serving Coimbra) (excluded)

[276/351] Processing: Europe/Portugal/Cities/LisbonAttractions.swift
  Checking: Belém Tower... OK (0.0 km)
  Checking: Jerónimos Monastery... OK (0.0 km)
  Checking: São Jorge Castle... OK (0.0 km)
  Checking: Tram 28... OK (0.4 km)
  Checking: Praça do Comércio... OK (0.1 km)
  Checking: Alfama District... OK (0.1 km)
  Checking: Lisbon Oceanarium... OK (0.0 km)
  Checking: Santa Justa Lift... OK (0.0 km)
  Skipping: Lisbon Humberto Delgado Airport (LIS) (excluded)
  Checking: LX Factory... OK (0.0 km)
  Checking: Time Out Market... OK (0.1 km)
  Checking: National Coach Museum... OK (0.1 km)
  Checking: MAAT... OK (0.1 km)
  Checking: Calouste Gulbenkian Museum... OK (0.1 km)
  Checking: Padrão dos Descobrimentos... OK (0.0 km)
  Checking: National Tile Museum... OK (0.1 km)
  Checking: National Pantheon... OK (0.0 km)

[277/351] Processing: Europe/Portugal/Cities/PortoAttractions.swift
  Checking: Livraria Lello... OK (0.0 km)
  Checking: Clérigos Tower... OK (0.0 km)
  Checking: São Bento Railway Station... OK (0.1 km)
  Checking: Ribeira District... OK (0.4 km)
  Checking: Dom Luís I Bridge... OK (0.0 km)
  Checking: Port Wine Cellars... OK (0.3 km)
  Checking: Bolhão Market... OK (0.1 km)
  Skipping: Francisco Sá Carneiro Airport (OPO) (excluded)
  Checking: Porto Cathedral... OK (0.0 km)
  Checking: Palácio da Bolsa... OK (0.0 km)
  Checking: Serralves Foundation... OK (0.2 km)
  Checking: Casa da Música... OK (0.0 km)
  Checking: Jardim do Morro... OK (0.0 km)
  Checking: Church of São Francisco... OK (0.0 km)
  Checking: Foz do Douro... OK (0.7 km)
  Checking: Crystal Palace Gardens... OK (0.1 km)

[278/351] Processing: Europe/Portugal/Cities/SintraAttractions.swift
  Checking: Pena Palace... OK (0.0 km)
  Checking: Quinta da Regaleira... OK (0.0 km)
  Checking: Moorish Castle... OK (0.0 km)
  Checking: National Palace of Sintra... OK (0.0 km)
  Checking: Monserrate Palace... OK (0.3 km)
  Checking: Cabo da Roca... OK (0.1 km)
  Skipping: Lisbon Airport (Serving Sintra) (excluded)

[279/351] Processing: Europe/Romania/Cities/BrasovAttractions.swift
  Checking: Bran Castle... OK (0.0 km)
  Checking: Black Church... OK (0.1 km)
  Checking: Council Square... OK (0.0 km)
  Checking: Tampa Mountain... OK (0.8 km)
  Skipping: Brașov-Ghimbav Airport (GHV) (excluded)

[280/351] Processing: Europe/Romania/Cities/BucharestAttractions.swift
  Checking: Palace of the Parliament... OK (0.0 km)
  Checking: Old Town (Lipscani)... OK (0.1 km)
  Checking: Romanian Athenaeum... OK (0.0 km)
  Checking: Village Museum... OK (0.0 km)
  Checking: Revolution Square... OK (0.1 km)
  Skipping: Henri Coandă International Airport (OTP) (excluded)
  Checking: Arcul de Triumf... OK (0.0 km)
  Checking: Stavropoleos Monastery... OK (0.0 km)
  Checking: Cismigiu Gardens... OK (0.1 km)
  Checking: National Museum of Art... OK (0.0 km)
  Checking: Antipa Museum... OK (0.0 km)
  Checking: Cărturești Carusel... OK (0.1 km)
  Checking: The Spring Palace... OK (0.2 km)
  Checking: Curtea Veche... OK (0.1 km)

[281/351] Processing: Europe/Romania/Cities/ClujNapocaAttractions.swift
  Checking: St. Michael's Church... OK (0.1 km)
  Checking: Union Square... OK (0.2 km)
  Checking: Central Park... OK (0.6 km)
  Checking: Botanical Garden... OK (0.5 km)
  Skipping: Avram Iancu Cluj International Airport (CLJ) (excluded)

[282/351] Processing: Europe/Romania/Cities/SibiuAttractions.swift
  Checking: Grand Square... OK (0.1 km)
  Checking: Bridge of Lies... OK (0.2 km)
  Checking: Brukenthal National Museum... OK (0.1 km)
  Checking: ASTRA Open Air Museum... OK (4.2 km)
  Skipping: Sibiu International Airport (SBZ) (excluded)

[283/351] Processing: Europe/Russia/Cities/KazanAttractions.swift
  Checking: Kazan Kremlin... OK (0.3 km)
  Checking: Kul Sharif Mosque... OK (0.0 km)
  Checking: Bauman Street... OK (0.7 km)
  Checking: Temple of All Religions... OK (0.0 km)
  Skipping: Kazan International Airport (KZN) (excluded)

[284/351] Processing: Europe/Russia/Cities/MoscowAttractions.swift
  Checking: Red Square... OK (0.1 km)
  Checking: The Moscow Kremlin... OK (0.1 km)
  Checking: St. Basil's Cathedral... OK (0.0 km)
  Checking: Bolshoi Theatre... OK (0.0 km)
  Checking: Moscow Metro... NEEDS UPDATE (12.1 km off)
    Current: (55.7558, 37.6173)
    Correct: (55.6469, 37.6207)
    Address: Varshavskoye Shosse, 93, Moskva, Russia, 117556
  Checking: Gorky Park... OK (0.1 km)
  Skipping: Sheremetyevo International Airport (SVO) (excluded)
  Checking: The State Tretyakov Gallery... OK (0.1 km)
  Checking: Cathedral of Christ the Saviour... OK (0.0 km)
  Checking: Lenin's Mausoleum... OK (0.0 km)
  Checking: Arbat Street... OK (0.1 km)
  Checking: VDNKh (All-Russian Exhibition Center)... OK (0.8 km)
  Checking: Museum of Cosmonautics... OK (0.1 km)
  Checking: Zaryadye Park... OK (0.1 km)
  Checking: Novodevichy Convent... OK (0.2 km)
  Checking: Kolomenskoye... OK (0.3 km)
  Checking: Moscow City (Business Center)... NEEDS UPDATE (5.1 km off)
    Current: (55.747, 37.535)
    Correct: (55.7569, 37.6151)
    Address: Moscow, Russia
  ✅ Updated 2 coordinates in file

[285/351] Processing: Europe/Russia/Cities/SochiAttractions.swift
  Checking: Rosa Khutor... NEEDS UPDATE (47.5 km off)
    Current: (43.6716, 40.2973)
    Correct: (43.5772, 39.7223)
    Address: Primorskaya Ulitsa, Sochi, Krasnodarskiy kray, Russia, 354000
  Checking: Sochi Olympic Park... OK (0.4 km)
  Checking: Sochi Arboretum (Dendrarium)... OK (3.5 km)
  Skipping: Sochi International Airport (AER) (excluded)
  ✅ Updated 1 coordinates in file

[286/351] Processing: Europe/Russia/Cities/StPetersburgAttractions.swift
  Checking: The State Hermitage Museum... OK (0.0 km)
  Checking: Church of the Savior on Spilled Blood... OK (0.0 km)
  Checking: Peterhof Palace... OK (0.0 km)
  Checking: Peter and Paul Fortress... OK (0.1 km)
  Checking: Catherine Palace... OK (0.0 km)
  Skipping: Pulkovo Airport (LED) (excluded)
  Checking: St. Isaac's Cathedral... OK (0.0 km)
  Checking: Nevsky Prospect... OK (2.0 km)
  Checking: Kazan Cathedral... OK (0.1 km)
  Checking: State Russian Museum... OK (0.0 km)
  Checking: Fabergé Museum... OK (0.0 km)
  Checking: Mariinsky Theatre... OK (0.0 km)
  Checking: Yusupov Palace... OK (0.5 km)
  Checking: Cruiser Aurora... OK (0.0 km)
  Checking: Palace Square... OK (0.1 km)
  Checking: Bronze Horseman... OK (0.0 km)

[287/351] Processing: Europe/SanMarino/Cities/SanMarinoCityAttractions.swift
  Checking: Three Towers of San Marino... OK (0.0 km)
  Checking: Piazza della Libertà... OK (0.3 km)
  Skipping: Rimini Airport (Serving San Marino) (excluded)
  Checking: Basilica di San Marino... OK (0.1 km)
  Checking: Cable Car... OK (0.3 km)
  Checking: San Marino State Museum... OK (0.3 km)
  Checking: Museum of Curiosities... OK (0.4 km)
  Checking: Torture Museum... OK (0.1 km)
  Checking: Witches' Path... OK (0.2 km)
  Checking: Crossbowmen's Quarry... OK (0.0 km)
  Checking: Montale Tower... OK (0.4 km)
  Checking: San Marino Adventures... OK (0.3 km)
  Checking: Consorzio Vini Tipici... OK (1.0 km)

[288/351] Processing: Europe/Scotland/Cities/EdinburghAttractions.swift
  Checking: Edinburgh Castle... OK (0.0 km)
  Checking: Royal Mile... OK (0.2 km)
  Checking: Arthur's Seat... OK (0.0 km)
  Checking: Palace of Holyroodhouse... OK (0.0 km)
  Checking: National Museum of Scotland... OK (0.0 km)
  Checking: Calton Hill... OK (0.0 km)
  Checking: Scotch Whisky Experience... OK (0.0 km)
  Skipping: Edinburgh Airport (EDI) (excluded)
  Checking: Royal Yacht Britannia... OK (0.0 km)
  Checking: Royal Botanic Garden Edinburgh... OK (0.1 km)
  Checking: Camera Obscura & World of Illusions... OK (0.0 km)
  Checking: St Giles' Cathedral... OK (0.0 km)
  Checking: Scottish National Gallery... OK (0.0 km)
  Checking: Dean Village... OK (0.7 km)
  Checking: The Real Mary King's Close... OK (0.0 km)
  Checking: Scottish Parliament Building... OK (0.0 km)

[289/351] Processing: Europe/Scotland/Cities/GlasgowAttractions.swift
  Checking: Kelvingrove Art Gallery and Museum... OK (0.0 km)
  Checking: Glasgow Cathedral... OK (0.1 km)
  Checking: The Riverside Museum... OK (0.0 km)
  Checking: George Square... OK (0.0 km)
  Checking: Buchanan Street... OK (0.2 km)
  Skipping: Glasgow Airport (GLA) (excluded)
  Checking: University of Glasgow... OK (2.2 km)
  Checking: The Necropolis... OK (0.3 km)
  Checking: Barras Market... OK (0.6 km)
  Checking: Pollok Country Park... OK (0.2 km)
  Checking: Glasgow Botanic Gardens... OK (0.3 km)

[290/351] Processing: Europe/Scotland/Cities/InvernessAttractions.swift
  Skipping: Loch Ness (excluded)
  Skipping: Urquhart Castle (excluded)
  Checking: Inverness Castle... OK (0.1 km)
  Checking: Culloden Battlefield... OK (0.0 km)
  Skipping: Inverness Airport (INV) (excluded)
  Checking: Clava Cairns... OK (0.4 km)
  Checking: Inverness Cathedral... OK (0.1 km)
  Checking: Ness Islands... OK (0.5 km)
  Skipping: Loch Ness Exhibition Centre (excluded)
  Checking: Cawdor Castle... OK (0.2 km)

[291/351] Processing: Europe/Scotland/Cities/StAndrewsAttractions.swift
  Checking: The Old Course... OK (0.1 km)
  Checking: St Andrews Cathedral... OK (0.1 km)
  Checking: St Andrews Castle... OK (0.2 km)
  Checking: West Sands Beach... OK (0.9 km)
  Skipping: Edinburgh Airport (Serving St Andrews) (excluded)
  Checking: University of St Andrews... OK (0.0 km)
  Checking: Swilcan Bridge... OK (0.4 km)
  Checking: British Golf Museum... OK (0.1 km)
  Checking: St Andrews Aquarium... OK (1.0 km)

[292/351] Processing: Europe/Serbia/Cities/BelgradeAttractions.swift
  Checking: Belgrade Fortress (Kalemegdan)... OK (0.1 km)
  Checking: Skadarlija... OK (0.2 km)
  Checking: Temple of Saint Sava... OK (0.1 km)
  Checking: Ada Ciganlija... OK (0.5 km)
  Checking: Knez Mihailova Street... OK (0.1 km)
  Skipping: Belgrade Nikola Tesla Airport (BEG) (excluded)
  Checking: Nikola Tesla Museum... OK (0.0 km)
  Checking: Zemun & Gardoš Tower... OK (0.0 km)
  Checking: Republic Square... OK (0.0 km)
  Checking: National Museum of Serbia... OK (0.0 km)
  Checking: Museum of Yugoslavia... OK (0.1 km)
  Checking: Avala Tower... OK (0.0 km)
  Checking: St. Mark's Church... OK (0.0 km)
  Checking: Beton Hala... OK (0.1 km)
  Checking: Western City Gate (Genex Tower)... OK (0.0 km)
  Checking: Ružica Church... OK (0.1 km)

[293/351] Processing: Europe/Serbia/Cities/NisAttractions.swift
  Checking: Niš Fortress... OK (0.3 km)
  Checking: Skull Tower... OK (0.7 km)
  Checking: Mediana... OK (2.5 km)
  Checking: King Milan Square... OK (0.3 km)
  Skipping: Constantine the Great Airport (INI) (excluded)

[294/351] Processing: Europe/Serbia/Cities/NoviSadAttractions.swift
  Checking: Petrovaradin Fortress... OK (0.1 km)
  Checking: Liberty Square... OK (0.2 km)
  Checking: Strand Beach... OK (2.7 km)
  Checking: Dunavska Street... OK (0.4 km)
  Skipping: Belgrade Airport (Serving Novi Sad) (excluded)

[295/351] Processing: Europe/Serbia/Cities/SuboticaAttractions.swift
  Checking: City Hall... OK (0.1 km)
  Checking: Synagogue of Subotica... OK (0.2 km)
  Checking: Palić Lake... OK (3.1 km)
  Checking: Raichle Palace... OK (0.4 km)
  Skipping: Belgrade or Budapest Airport (excluded)

[296/351] Processing: Europe/Slovakia/Cities/BojniceAttractions.swift
  Checking: Bojnice Castle... OK (0.1 km)
  Checking: National Zoo Bojnice... OK (0.3 km)
  Skipping: Bratislava Airport (Serving Bojnice) (excluded)

[297/351] Processing: Europe/Slovakia/Cities/BratislavaAttractions.swift
  Checking: Bratislava Castle... OK (0.0 km)
  Checking: St. Martin's Cathedral... OK (0.0 km)
  Checking: UFO Bridge (SNP Bridge)... OK (0.2 km)
  Checking: Blue Church... OK (0.0 km)
  Checking: Devin Castle... OK (0.0 km)
  Skipping: M. R. Štefánik Airport (BTS) (excluded)
  Checking: Michael's Gate... OK (0.0 km)
  Checking: Primate's Palace... OK (0.1 km)
  Checking: Old Town Hall... OK (0.0 km)
  Checking: Slavín War Memorial... OK (0.0 km)
  Checking: Danubiana Meulensteen Art Museum... OK (0.0 km)
  Checking: Grassalkovich Palace... OK (0.0 km)
  Checking: Slovak Radio Building... OK (0.1 km)
  Checking: Čumil (Man at Work)... OK (0.0 km)
  Checking: Slovak National Theatre... OK (1.0 km)

[298/351] Processing: Europe/Slovakia/Cities/HighTatrasAttractions.swift
  Checking: Štrbské Pleso... OK (0.2 km)
  Checking: Lomnický štít... OK (0.0 km)
  Checking: Hrebienok... OK (0.1 km)
  Skipping: Poprad-Tatry Airport (TAT) (excluded)

[299/351] Processing: Europe/Slovakia/Cities/KosiceAttractions.swift
  Checking: St. Elisabeth Cathedral... OK (0.1 km)
  Checking: Spievajúca fontána... OK (0.0 km)
  Checking: Hrnciarska Street... OK (0.1 km)
  Skipping: Košice International Airport (KSC) (excluded)

[300/351] Processing: Europe/Slovenia/Cities/BledAttractions.swift
  Checking: Lake Bled... OK (0.0 km)
  Checking: Bled Island... OK (0.0 km)
  Checking: Bled Castle... OK (0.5 km)
  Checking: Vintgar Gorge... OK (0.3 km)
  Skipping: Ljubljana Airport (Serving Bled) (excluded)

[301/351] Processing: Europe/Slovenia/Cities/LjubljanaAttractions.swift
  Checking: Ljubljana Castle... OK (0.0 km)
  Checking: Triple Bridge... OK (0.0 km)
  Checking: Dragon Bridge... OK (0.0 km)
  Checking: Tivoli Park... OK (0.2 km)
  Checking: Metelkova Mesto... OK (0.1 km)
  Skipping: Ljubljana Jože Pučnik Airport (LJU) (excluded)
  Checking: Prešeren Square... OK (0.0 km)
  Checking: Central Market... OK (0.1 km)
  Checking: Nebotičnik... OK (0.1 km)
  Checking: Ljubljana Cathedral... OK (0.0 km)
  Checking: Butchers' Bridge... OK (0.0 km)
  Checking: National Gallery of Slovenia... OK (0.1 km)
  Checking: Museum of Illusions... OK (0.1 km)
  Checking: Town Hall... OK (0.1 km)

[302/351] Processing: Europe/Slovenia/Cities/PiranAttractions.swift
  Checking: Tartini Square... OK (0.0 km)
  Checking: St. George's Parish Church... OK (0.1 km)
  Checking: Piran Town Walls... OK (0.1 km)
  Skipping: Trieste Airport (Serving Piran) (excluded)

[303/351] Processing: Europe/Slovenia/Cities/PostojnaAttractions.swift
  Checking: Postojna Cave... OK (0.0 km)
  Checking: Predjama Castle... OK (0.0 km)
  Skipping: Ljubljana Airport (Serving Postojna) (excluded)

[304/351] Processing: Europe/Spain/Cities/BarcelonaAttractions.swift
  Checking: Sagrada Família... OK (0.0 km)
  Checking: Park Güell... OK (0.0 km)
  Checking: La Rambla... OK (0.8 km)
  Checking: La Boqueria Market... OK (0.0 km)
  Checking: Casa Batlló... OK (0.0 km)
  Checking: Gothic Quarter... OK (0.2 km)
  Checking: Casa Milà (La Pedrera)... OK (0.0 km)
  Checking: Barceloneta Beach... OK (0.3 km)
  Checking: Picasso Museum... OK (0.0 km)
  Checking: Camp Nou... OK (0.0 km)
  Checking: Magic Fountain of Montjuïc... OK (0.0 km)
  Checking: Palau de la Música Catalana... OK (0.0 km)
  Checking: Tibidabo Amusement Park... OK (0.1 km)
  Checking: Montjuïc Castle... OK (0.1 km)
  Checking: National Art Museum of Catalonia... OK (0.0 km)
  Checking: Hospital de Sant Pau... OK (0.0 km)
  Checking: El Born... OK (0.1 km)
  Checking: Ciutadella Park... OK (0.1 km)
  Checking: Barcelona Cathedral... OK (0.0 km)
  Checking: Bunkers del Carmel... OK (0.4 km)
  Checking: Poble Espanyol... OK (0.1 km)
  Checking: Port Olímpic... OK (0.3 km)
  Skipping: Barcelona-El Prat Airport (BCN) (excluded)

[305/351] Processing: Europe/Spain/Cities/BilbaoAttractions.swift
  Checking: Guggenheim Museum Bilbao... OK (0.0 km)
  Checking: Casco Viejo... OK (0.3 km)
  Checking: Plaza Nueva... OK (0.1 km)
  Checking: Bilbao Fine Arts Museum... OK (0.2 km)
  Checking: Zubizuri Bridge... OK (0.2 km)
  Checking: Artxanda Funicular... OK (0.6 km)
  Checking: Azkuna Zentroa... OK (0.1 km)
  Checking: La Ribera Market... OK (0.5 km)
  Checking: San Mamés Stadium... OK (0.0 km)
  Checking: Doña Casilda Iturrizar Park... OK (0.1 km)
  Skipping: Bilbao Airport (BIO) (excluded)

[306/351] Processing: Europe/Spain/Cities/GranadaAttractions.swift
  Checking: Alhambra... OK (0.0 km)
  Checking: Generalife Gardens... OK (0.2 km)
  Checking: Albaicín... OK (0.5 km)
  Checking: Granada Cathedral... OK (0.0 km)
  Checking: Royal Chapel... OK (0.0 km)
  Checking: Sacromonte... OK (0.5 km)
  Checking: Mirador de San Nicolás... OK (0.0 km)
  Checking: Hammam Al Ándalus... OK (0.1 km)
  Skipping: Granada-Jaén Airport (GRX) (excluded)

[307/351] Processing: Europe/Spain/Cities/MadridAttractions.swift
  Checking: Prado Museum... OK (0.0 km)
  Checking: Royal Palace of Madrid... OK (0.0 km)
  Checking: Retiro Park... OK (0.1 km)
  Checking: Reina Sofía Museum... OK (0.1 km)
  Checking: Puerta del Sol... OK (0.0 km)
  Checking: Plaza Mayor... OK (0.0 km)
  Checking: Thyssen-Bornemisza Museum... OK (0.0 km)
  Checking: Gran Vía... OK (0.4 km)
  Checking: Temple of Debod... OK (0.0 km)
  Checking: Santiago Bernabéu Stadium... OK (0.0 km)
  Checking: Mercado de San Miguel... OK (0.0 km)
  Checking: La Latina... OK (0.2 km)
  Checking: Almudena Cathedral... OK (0.0 km)
  Checking: Cibeles Palace... OK (0.1 km)
  Checking: Sorolla Museum... OK (0.0 km)
  Checking: Royal Botanical Garden... OK (0.0 km)
  Checking: El Rastro Flea Market... OK (0.3 km)
  Checking: Las Ventas Bullring... OK (0.0 km)
  Checking: Malasaña... OK (0.4 km)
  Skipping: Adolfo Suárez Madrid–Barajas Airport (MAD) (excluded)

[308/351] Processing: Europe/Spain/Cities/MallorcaAttractions.swift
  Checking: Palma Cathedral (La Seu)... OK (0.0 km)
  Checking: Serra de Tramuntana... NEEDS UPDATE (29.4 km off)
    Current: (39.75, 2.75)
    Correct: (39.5654, 2.5048)
    Address: Serra de Tramuntana, Balearic Islands, Spain
  Checking: Valldemossa... OK (0.1 km)
  Checking: Sóller & Port de Sóller... OK (3.4 km)
  Checking: Deià... OK (0.0 km)
  Checking: Caves of Drach... OK (0.4 km)
  ✅ Updated 1 coordinates in file

[309/351] Processing: Europe/Spain/Cities/SanSebastianAttractions.swift
  Checking: La Concha Beach... OK (0.2 km)
  Checking: Parte Vieja (Old Town)... OK (0.4 km)
  Checking: Monte Urgull... OK (0.3 km)
  Checking: Monte Igueldo... OK (3.5 km)
  Checking: San Telmo Museum... OK (0.2 km)
  Checking: Peine del Viento (Wind Comb)... OK (1.1 km)

[310/351] Processing: Europe/Spain/Cities/SevilleAttractions.swift
  Checking: Alcázar of Seville... OK (0.1 km)
  Checking: Seville Cathedral... OK (0.0 km)
  Checking: Plaza de España... OK (0.0 km)
  Checking: Metropol Parasol... OK (0.0 km)
  Checking: Barrio Santa Cruz... OK (0.4 km)
  Checking: Triana... OK (0.6 km)
  Checking: Flamenco Show... OK (0.3 km)
  Checking: Torre del Oro... OK (0.0 km)
  Skipping: Seville Airport (SVQ) (excluded)
  Checking: Maria Luisa Park... OK (0.1 km)
  Checking: Pilatos House... OK (0.0 km)
  Checking: General Archive of the Indies... OK (0.0 km)
  Checking: Palace of the Dueñas... OK (0.1 km)
  Checking: Museum of Fine Arts... OK (0.0 km)
  Checking: Hospital de los Venerables... OK (0.0 km)
  Checking: Basilica of the Macarena... OK (0.1 km)

[311/351] Processing: Europe/Spain/Cities/ToledoAttractions.swift
  Checking: Toledo Cathedral... OK (0.0 km)
  Checking: Alcázar of Toledo... OK (0.1 km)
  Checking: Monastery of San Juan de los Reyes... OK (0.1 km)
  Checking: Synagogue of Santa María la Blanca... OK (0.1 km)
  Checking: El Greco Museum... OK (0.1 km)
  Checking: Puente de San Martín... OK (0.1 km)

[312/351] Processing: Europe/Spain/Cities/ValenciaAttractions.swift
  Checking: City of Arts and Sciences... OK (0.1 km)
  Checking: Valencia Cathedral... OK (0.0 km)
  Checking: La Lonja de la Seda... OK (0.0 km)
  Checking: Central Market... OK (0.0 km)
  Checking: Oceanogràfic... OK (0.0 km)
  Checking: Turia Gardens... OK (0.7 km)
  Checking: Malvarrosa Beach... OK (0.2 km)
  Checking: Bioparc Valencia... OK (0.1 km)
  Skipping: Valencia Airport (VLC) (excluded)
  Checking: Serranos Towers... OK (0.0 km)
  Checking: L'Umbracle... OK (0.1 km)
  Checking: Museum of Fine Arts of Valencia... OK (0.1 km)
  Checking: Plaza de la Virgen... OK (0.0 km)
  Checking: Marquis of Dos Aguas Palace... OK (0.1 km)
  Checking: Albufera Natural Park... OK (3.9 km)
  Checking: North Station... OK (0.0 km)

[313/351] Processing: Europe/Sweden/Cities/GothenburgAttractions.swift
  Checking: Liseberg... OK (0.0 km)
  Checking: Haga District... OK (0.1 km)
  Checking: Universeum... OK (0.0 km)
  Checking: Gothenburg Archipelago... NEEDS UPDATE (5.7 km off)
    Current: (57.65, 11.82)
    Correct: (57.6082, 11.7644)
    Address: Archipelago of Gothenburg, Gothenburg, Sweden
  Checking: Feskekôrka... OK (0.2 km)
  Skipping: Göteborg Landvetter Airport (GOT) (excluded)
  Checking: Volvo Museum... OK (0.8 km)
  Checking: Gothenburg Botanical Garden... OK (0.0 km)
  Checking: Gothenburg Museum of Art... OK (0.0 km)
  Checking: Slottsskogen... OK (0.3 km)
  Checking: Maritiman... OK (0.2 km)
  Checking: Paddan Tour... OK (0.3 km)
  Checking: Skansen Kronan... OK (0.1 km)
  Checking: Trädgårdsföreningen... OK (0.1 km)
  Checking: Aeroseum... OK (0.2 km)
  Checking: Avenyn... OK (0.1 km)
  ✅ Updated 1 coordinates in file

[314/351] Processing: Europe/Sweden/Cities/MalmoAttractions.swift
  Checking: Turning Torso... OK (0.1 km)
  Checking: Malmöhus Castle... OK (0.1 km)
  Checking: Lilla Torg... OK (0.2 km)
  Checking: Ribersborgsstranden... OK (1.1 km)
  Skipping: Malmö Airport (MMX) (excluded)

[315/351] Processing: Europe/Sweden/Cities/StockholmAttractions.swift
  Checking: Vasa Museum... OK (0.0 km)
  Checking: Gamla Stan... OK (0.1 km)
  Checking: Royal Palace... OK (0.0 km)
  Checking: ABBA The Museum... OK (0.0 km)
  Checking: Skansen Open-Air Museum... OK (0.1 km)
  Checking: Fotografiska... OK (0.0 km)
  Checking: Djurgården... OK (0.2 km)
  Skipping: Stockholm Arlanda Airport (ARN) (excluded)
  Checking: Stockholm City Hall... OK (0.1 km)
  Checking: Drottningholm Palace... OK (0.0 km)
  Checking: Nordic Museum... OK (0.1 km)
  Checking: Nobel Prize Museum... OK (0.0 km)
  Checking: Gröna Lund... OK (0.0 km)
  Checking: SkyView... OK (0.1 km)
  Checking: Monteliusvägen... OK (0.1 km)
  Checking: The Royal Armoury... OK (0.1 km)
  Checking: Moderna Museet... OK (0.0 km)
  Checking: Stockholm Cathedral... OK (0.0 km)

[316/351] Processing: Europe/Sweden/Cities/UppsalaAttractions.swift
  Checking: Uppsala Cathedral... OK (0.0 km)
  Checking: Uppsala Castle... OK (0.1 km)
  Checking: Gamla Uppsala... OK (0.4 km)
  Checking: Linnaeus Garden... OK (0.3 km)
  Skipping: Stockholm Arlanda Airport (Serving Uppsala) (excluded)

[317/351] Processing: Europe/Switzerland/Cities/BernAttractions.swift
  Checking: Old City of Bern... OK (0.0 km)
  Checking: Zytglogge (Clock Tower)... OK (0.0 km)
  Checking: Bear Park... OK (0.0 km)
  Checking: Rosengarten... OK (0.1 km)
  Skipping: Zurich Airport (Serving Bern) (excluded)

[318/351] Processing: Europe/Switzerland/Cities/GenevaAttractions.swift
  Checking: Jet d'Eau... OK (0.0 km)
  Checking: Old Town (Vieille Ville)... OK (0.1 km)
  Checking: Palace of Nations... OK (0.0 km)
  Checking: Lake Geneva Cruise... OK (0.5 km)
  Skipping: Geneva Airport (GVA) (excluded)
  Checking: CERN - Globe of Science and Innovation... OK (0.0 km)
  Checking: Patek Philippe Museum... OK (0.1 km)
  Checking: St. Pierre Cathedral... OK (0.0 km)
  Checking: Reformation Wall... OK (0.0 km)
  Checking: International Red Cross and Red Crescent Museum... OK (0.2 km)
  Checking: Jardin Anglais & Flower Clock... OK (0.1 km)
  Checking: Bains des Pâquis... OK (0.1 km)
  Checking: Broken Chair... OK (0.0 km)
  Checking: La Jonction... OK (0.5 km)

[319/351] Processing: Europe/Switzerland/Cities/LucerneAttractions.swift
  Checking: Chapel Bridge... OK (0.0 km)
  Checking: Mount Pilatus... OK (0.1 km)
  Checking: Lion Monument... OK (0.0 km)
  Checking: Lake Lucerne Cruise... OK (0.0 km)
  Skipping: Zurich Airport (Serving Lucerne) (excluded)

[320/351] Processing: Europe/Switzerland/Cities/ZermattAttractions.swift
  Checking: Matterhorn... OK (0.0 km)
  Checking: Gornergrat... OK (3.5 km)
  Checking: Matterhorn Glacier Paradise... OK (0.3 km)
  Skipping: Zermatt Village (excluded)
  Skipping: Zurich/Geneva Airport (Serving Zermatt) (excluded)

[321/351] Processing: Europe/Switzerland/Cities/ZurichAttractions.swift
  Checking: Old Town (Altstadt)... OK (0.3 km)
  Checking: Lake Zurich... OK (3.7 km)
  Checking: Grossmünster... OK (0.0 km)
  Checking: Swiss National Museum... OK (0.1 km)
  Checking: Uetliberg... OK (0.1 km)
  Skipping: Zurich Airport (ZRH) (excluded)
  Checking: Fraumünster... OK (0.1 km)
  Checking: Kunsthaus Zürich... OK (0.1 km)
  Checking: Bahnhofstrasse... OK (0.1 km)
  Checking: FIFA Museum... OK (0.2 km)
  Checking: Zurich Zoo... OK (0.4 km)
  Checking: Lindenhof... OK (0.1 km)
  Checking: Polybahn... OK (0.1 km)
  Checking: Rietberg Museum... OK (0.0 km)
  Checking: Botanical Garden... OK (0.1 km)
  Checking: Lindt Home of Chocolate... OK (0.3 km)

[322/351] Processing: Europe/Turkey/Cities/AdiyamanAttractions.swift
  Checking: Mount Nemrut... OK (0.1 km)
  Checking: Cendere Bridge... OK (3.2 km)
  Checking: Arsemia Ancient City... NEEDS UPDATE (26.0 km off)
    Current: (37.9222, 38.525)
    Correct: (37.7788, 38.2908)
    Address: Yeşilyurt, Malatya Cd. No:234, 02290 Adıyaman Merkez/Adıyaman, Türkiye
  Checking: Karakuş Tumulus... OK (3.7 km)
  ✅ Updated 1 coordinates in file

[323/351] Processing: Europe/Turkey/Cities/AnkaraAttractions.swift
  Checking: Anıtkabir... OK (0.3 km)
  Checking: Museum of Anatolian Civilizations... OK (0.2 km)
  Checking: Ankara Castle... OK (0.3 km)
  Checking: Kocatepe Mosque... OK (0.7 km)
  Checking: Roman Temple of Augustus... OK (0.7 km)
  Checking: Hacı Bayram Mosque... OK (0.7 km)
  Checking: Atatürk Forest Farm... OK (3.0 km)
  Checking: Eymir Lake... OK (1.7 km)
  Checking: Atakule Tower... OK (0.4 km)
  Checking: Gordion Ancient City... NEEDS UPDATE (82.0 km off)
    Current: (39.6522, 31.9731)
    Correct: (39.9334, 32.8597)
    Address: Ankara, Türkiye
  Skipping: Ankara Esenboğa Airport (ESB) (excluded)
  ✅ Updated 1 coordinates in file

[324/351] Processing: Europe/Turkey/Cities/AntalyaAttractions.swift
  Checking: Kaleiçi Old Town... OK (0.5 km)
  Checking: Antalya Museum... OK (0.0 km)
  Checking: Düden Waterfalls... NEEDS UPDATE (13.6 km off)
    Current: (36.851, 30.7834)
    Correct: (36.9647, 30.7268)
    Address: Varsak Mahallesi Düden Şelalesi Parkı içi, Şelale, 07210 Kepez/Antalya, Türkiye
  Checking: Hadrian's Gate... OK (0.0 km)
  Checking: Aspendos Theatre... OK (0.0 km)
  Checking: Perge Ancient City... OK (0.4 km)
  Checking: Olympos Ancient City... OK (0.1 km)
  Checking: Phaselis Ancient City... OK (0.2 km)
  Skipping: Termessos (excluded)
  Checking: Konyaalti Beach... OK (0.7 km)
  Checking: Upper Düden Waterfall... OK (0.0 km)
  Checking: Yivli Minare Mosque... OK (0.0 km)
  Checking: Antalya Aquarium... OK (2.1 km)
  Checking: Kurşunlu Waterfall... NEEDS UPDATE (7.0 km off)
    Current: (36.9406, 30.8336)
    Correct: (37.0030, 30.8218)
    Address: Kurşunlu Waterfall, Kursunlu Şelalesi, 07119 Aksu/Antalya, Türkiye
  Checking: Side Ancient City... OK (1.7 km)
  Checking: Manavgat Waterfall... OK (0.1 km)
  Checking: Köprülü Canyon... OK (0.1 km)
  Checking: Chimera Flames... OK (0.1 km)
  Checking: Lara Beach... OK (1.4 km)
  Checking: Karain Cave... NEEDS UPDATE (17.0 km off)
    Current: (36.9972, 30.5683)
    Correct: (36.8969, 30.7133)
    Address: Antalya, Türkiye
  Checking: Patara Beach... OK (3.1 km)
  Checking: St. Nicholas Church... NEEDS UPDATE (95.9 km off)
    Current: (36.2447, 29.9847)
    Correct: (36.8829, 30.7075)
    Address: Kılınçarslan, Kandiller Sk. No:55, 07100 Muratpaşa/Antalya, Türkiye
  Checking: Myra Rock Tombs... OK (0.2 km)
  Skipping: Xanthos Ancient City (excluded)
  Checking: Kekova Sunken City... OK (1.0 km)
  Checking: Saklıkent Gorge... OK (1.7 km)
  Skipping: Letoon Sanctuary (excluded)
  Checking: Simena Castle... OK (0.9 km)
  Checking: Arykanda Ancient City... NEEDS UPDATE (72.5 km off)
    Current: (36.5172, 30.0525)
    Correct: (36.8969, 30.7133)
    Address: Antalya, Türkiye
  Checking: Limyra Ancient City... NEEDS UPDATE (77.0 km off)
    Current: (36.3528, 30.1792)
    Correct: (36.8969, 30.7133)
    Address: Antalya, Türkiye
  Checking: Selge Ancient City... OK (2.6 km)
  Skipping: Antalya Airport (AYT) (excluded)
  ✅ Updated 6 coordinates in file

[325/351] Processing: Europe/Turkey/Cities/AydinAttractions.swift
  Checking: Aphrodisias... OK (1.1 km)
  Checking: Aphrodisias Museum... OK (0.7 km)
  Checking: Priene Ancient City... NEEDS UPDATE (52.1 km off)
    Current: (37.6594, 27.2978)
    Correct: (37.8380, 27.8456)
    Address: Aydın, Efeler/Aydın, Türkiye
  Checking: Miletus Ancient City... OK (0.1 km)
  Checking: Didyma (Temple of Apollo)... OK (0.1 km)
  ✅ Updated 1 coordinates in file

[326/351] Processing: Europe/Turkey/Cities/BursaAttractions.swift
  Checking: Green Mosque... OK (0.1 km)
  Checking: Green Tomb... OK (0.1 km)
  Checking: Grand Mosque... NEEDS UPDATE (59.6 km off)
    Current: (40.1833, 29.0594)
    Correct: (40.2160, 28.3590)
    Address: Tabaklar, 16700 Karacabey/Bursa, Türkiye
  Checking: Cumalıkızık Village... OK (1.7 km)
  Checking: Osman & Orhan Gazi Tombs... NEEDS UPDATE (11.9 km off)
    Current: (40.1856, 29.0567)
    Correct: (40.2571, 28.9525)
    Address: Emek, Balat OSB, 16140 Ni̇lüfer/Bursa, Türkiye
  Checking: Uludağ Mountain... NEEDS UPDATE (21.5 km off)
    Current: (40.0839, 29.2261)
    Correct: (40.1538, 28.9899)
    Address: Gökçeören mah, yukarı, bağlar sok, 16375 Osmangazi̇/Bursa, Türkiye
  Checking: Koza Han... OK (0.2 km)
  ✅ Updated 3 coordinates in file

[327/351] Processing: Europe/Turkey/Cities/CanakkaleAttractions.swift
  Skipping: Troy Ancient City (excluded)
  Checking: Troy Museum... OK (1.0 km)
  Skipping: Gallipoli Peninsula (excluded)
  Checking: Assos Ancient City... OK (0.3 km)
  Checking: Çanakkale Martyrs' Memorial... OK (0.8 km)

[328/351] Processing: Europe/Turkey/Cities/CappadociaAttractions.swift
  Checking: Göreme Open Air Museum... OK (1.2 km)
  Checking: Hot Air Balloon Ride... OK (2.7 km)
  Checking: Derinkuyu Underground City... OK (0.0 km)
  Checking: Love Valley... OK (1.0 km)
  Checking: Uchisar Castle... OK (0.1 km)
  Checking: Ihlara Valley... OK (1.1 km)
  Checking: Pasabag Valley... OK (1.5 km)
  Checking: Kaymakli Underground City... OK (0.2 km)
  Checking: Red Valley... OK (1.4 km)
  Checking: Selime Monastery... NEEDS UPDATE (6.9 km off)
    Current: (38.3017, 34.1875)
    Correct: (38.3000, 34.2667)
    Address: Selime, Kayaaltı, Selime/Güzelyurt/Aksaray, Türkiye
  Checking: Zelve Open Air Museum... OK (0.3 km)
  Skipping: Kayseri Erkilet Airport (ASR) (excluded)
  ✅ Updated 1 coordinates in file

[329/351] Processing: Europe/Turkey/Cities/DiyarbakirAttractions.swift
  Checking: Diyarbakır Fortress... OK (2.1 km)
  Checking: Hevsel Gardens... OK (1.1 km)
  Checking: Great Mosque of Diyarbakır... OK (0.5 km)
  Checking: Zerzevan Castle... NEEDS UPDATE (38.9 km off)
    Current: (37.8978, 40.745)
    Correct: (37.6072, 40.4986)
    Address: Demirölçek, 21010 Çınar/Diyarbakır, Türkiye
  ✅ Updated 1 coordinates in file

[330/351] Processing: Europe/Turkey/Cities/EdirneAttractions.swift
  Checking: Selimiye Mosque... OK (0.1 km)
  Checking: Old Mosque... OK (0.1 km)
  Checking: Üç Şerefeli Mosque... OK (0.0 km)
  Checking: Kırkpınar Oil Wrestling... OK (1.3 km)
  Checking: Edirne Turkish & Islamic Art Museum... OK (0.1 km)

[331/351] Processing: Europe/Turkey/Cities/GaziantepAttractions.swift
  Skipping: Zeugma Mosaic Museum (excluded)
  Checking: Gaziantep Gastronomy Experience... OK (0.0 km)
  Checking: Gaziantep Castle... OK (0.9 km)
  Skipping: Zeugma Archaeological Site (excluded)
  Checking: Yesemek Open Air Museum... NEEDS UPDATE (13.2 km off)
    Current: (36.9833, 36.6333)
    Correct: (36.9044, 36.7450)
    Address: Yesemek, 27800 İslahiye/Gaziantep, Türkiye
  ✅ Updated 1 coordinates in file

[332/351] Processing: Europe/Turkey/Cities/HatayAttractions.swift
  Checking: St. Pierre Church... OK (2.1 km)
  Checking: Hatay Archaeology Museum... OK (3.1 km)
  Checking: Vespasianus Titus Tunnel... OK (1.7 km)
  Checking: Harbiye Waterfalls... OK (2.3 km)

[333/351] Processing: Europe/Turkey/Cities/IstanbulAttractions.swift
  Checking: Hagia Sophia... OK (0.0 km)
  Checking: Blue Mosque... OK (0.0 km)
  Checking: Topkapi Palace... OK (0.0 km)
  Checking: Galata Tower... OK (0.0 km)
  Checking: Basilica Cistern... OK (0.0 km)
  Checking: Dolmabahçe Palace... OK (0.0 km)
  Checking: Süleymaniye Mosque... OK (0.0 km)
  Checking: Bosphorus Cruise... OK (1.7 km)
  Checking: Chora Church... OK (0.0 km)
  Checking: Istanbul Archaeology Museums... OK (0.0 km)
  Checking: Maiden's Tower... OK (0.0 km)
  Checking: Rumeli Fortress... OK (0.0 km)
  Checking: Princes' Islands... OK (2.2 km)
  Checking: Theodosian Walls... OK (1.9 km)
  Checking: Grand Bazaar... OK (0.0 km)
  Checking: Istiklal Avenue... OK (0.1 km)
  Checking: Taksim Square... OK (0.0 km)
  Checking: Ortaköy... OK (0.8 km)
  Checking: Galata Bridge... OK (0.2 km)
  Checking: Turkish Bath Experience... OK (3.7 km)
  Checking: Spice Bazaar... OK (0.0 km)
  Checking: Miniaturk... OK (0.4 km)
  Checking: Beylerbeyi Palace... OK (0.2 km)
  Checking: Bebek... OK (0.2 km)
  Checking: Çamlıca Hill... OK (0.1 km)
  Checking: Pierre Loti Hill... OK (0.3 km)
  Checking: Eyüp Sultan Mosque... OK (0.0 km)
  Checking: Balat & Fener... OK (0.2 km)
  Checking: Yıldız Palace... OK (0.8 km)
  Checking: Kadıköy... OK (2.9 km)
  Checking: Sultanahmet Hippodrome... OK (0.0 km)
  Checking: Galataport... OK (0.8 km)
  Checking: Karaköy... OK (0.3 km)
  Checking: Rüstem Pasha Mosque... OK (0.1 km)
  Checking: Fatih Mosque... OK (0.0 km)
  Checking: Yedikule Fortress... OK (0.1 km)
  Checking: Istanbul Modern... OK (2.2 km)
  Checking: Pera Museum... OK (0.4 km)
  Checking: Rahmi M. Koç Museum... OK (0.1 km)
  Skipping: Istanbul Airport (IST) (excluded)

[334/351] Processing: Europe/Turkey/Cities/IzmirAttractions.swift
  Skipping: Ephesus Ancient City (excluded)
  Checking: House of the Virgin Mary... OK (0.3 km)
  Checking: Basilica of St. John... OK (0.3 km)
  Checking: Konak Square & Clock Tower... OK (0.1 km)
  Checking: Kemeraltı Bazaar... OK (0.2 km)
  Checking: Kordon... OK (0.5 km)
  Checking: Alaçatı... OK (1.2 km)
  Checking: Asansör... OK (1.4 km)
  Checking: Pergamon Acropolis... OK (0.3 km)
  Checking: Şirince Village... OK (0.3 km)
  Skipping: Izmir Adnan Menderes Airport (ADB) (excluded)

[335/351] Processing: Europe/Turkey/Cities/KarsAttractions.swift
  Checking: Ani Archaeological Site... OK (1.4 km)
  Checking: Kars Castle... OK (1.0 km)
  Checking: Cathedral of Kars... OK (3.4 km)
  Checking: Koramaz Valley... NEEDS UPDATE (23.2 km off)
    Current: (40.8, 43.1833)
    Correct: (40.6013, 43.0975)
    Address: Kars, Kars Merkez/Kars, Türkiye
  ✅ Updated 1 coordinates in file

[336/351] Processing: Europe/Turkey/Cities/KonyaAttractions.swift
  Checking: Mevlana Museum... OK (0.1 km)
  Skipping: Çatalhöyük (excluded)
  Checking: Alaeddin Mosque... OK (0.4 km)
  Checking: Eşrefoğlu Mosque... OK (0.9 km)
  Checking: Karatay Madrasah... OK (0.3 km)
  Checking: Ivriz Rock Relief... NEEDS UPDATE (484.2 km off)
    Current: (37.4753, 34.1611)
    Correct: (41.2799, 31.4203)
    Address: Ereğli, Zonguldak, Türkiye
  ✅ Updated 1 coordinates in file

[337/351] Processing: Europe/Turkey/Cities/MardinAttractions.swift
  Checking: Mardin Old City... OK (1.2 km)
  Checking: Deyrulzafaran Monastery... NEEDS UPDATE (6.9 km off)
    Current: (37.2833, 40.7167)
    Correct: (37.2993, 40.7926)
    Address: Eskikale, Deyrulzafaran Yolu No:1 D:2, 47100 Artuklu/Mardin, Türkiye
  Checking: Mor Yakup (St. Jacob) Church... NEEDS UPDATE (48.7 km off)
    Current: (37.2847, 40.7378)
    Correct: (37.0668, 41.2151)
    Address: Mor Yakup, 47300 Nusaybin/Mardin, Türkiye
  Checking: Midyat Old Town... OK (3.5 km)
  Checking: Zinciriye Madrasah... OK (0.4 km)
  ✅ Updated 2 coordinates in file

[338/351] Processing: Europe/Turkey/Cities/MuglaAttractions.swift
  Checking: Bodrum Castle... OK (0.0 km)
  Checking: Bodrum Amphitheatre... OK (0.9 km)
  Checking: Mausoleum at Halicarnassus... OK (0.0 km)
  Skipping: Ölüdeniz Beach & Blue Lagoon (excluded)
  Checking: Fethiye Lycian Rock Tombs... OK (0.4 km)
  Checking: Butterfly Valley... OK (2.5 km)
  Checking: Kayaköy Ghost Village... OK (0.2 km)
  Checking: Marmaris Castle... OK (0.4 km)
  Checking: Dalyan River & Turtle Beach... OK (4.3 km)
  Checking: Datça Peninsula... OK (0.8 km)
  Checking: Stratonikeia Ancient City... OK (1.1 km)
  Checking: Euromos Temple of Zeus... NEEDS UPDATE (11.5 km off)
    Current: (37.4147, 27.7778)
    Correct: (37.3116, 27.7808)
    Address: Milas, Muğla, Türkiye
  Checking: Labranda Sanctuary... NEEDS UPDATE (11.2 km off)
    Current: (37.4233, 27.8131)
    Correct: (37.3256, 27.7839)
    Address: Labranda Blv., Milas/Muğla, Türkiye
  Checking: Kaunos Ancient City... OK (0.5 km)
  Checking: Knidos Ancient City... OK (0.3 km)
  Checking: Beçin Castle... NEEDS UPDATE (7.7 km off)
    Current: (37.3417, 27.7667)
    Correct: (37.2743, 27.7889)
    Address: Beçin, 48200 Milas/Muğla, Türkiye
  Checking: Iasos Ancient City... OK (0.5 km)
  ✅ Updated 3 coordinates in file

[339/351] Processing: Europe/Turkey/Cities/PamukkaleAttractions.swift
  Checking: Pamukkale Travertines... OK (0.6 km)
  Checking: Hierapolis Ancient City... OK (1.5 km)
  Checking: Cleopatra's Pool... OK (0.2 km)
  Checking: Hierapolis Archaeology Museum... OK (0.4 km)
  Checking: Laodikeia Ancient City... OK (0.4 km)

[340/351] Processing: Europe/Turkey/Cities/SafranoluAttractions.swift
  Checking: Safranbolu Old Town... OK (0.7 km)
  Checking: Cinci Han... OK (0.9 km)
  Checking: Kaymakamlar House... OK (1.1 km)
  Checking: Cinci Hamam... OK (0.8 km)
  Checking: Hidirlik Hill... OK (1.4 km)

[341/351] Processing: Europe/Turkey/Cities/SanliurfaAttractions.swift
  Skipping: Göbeklitepe (excluded)
  Checking: Pool of Sacred Fish... OK (1.8 km)
  Checking: Harran Ancient City... OK (1.2 km)
  Checking: Şanlıurfa Archaeology Museum... OK (0.5 km)
  Checking: Urfa Castle... OK (0.7 km)

[342/351] Processing: Europe/Turkey/Cities/TrabzonAttractions.swift
  Checking: Sumela Monastery... OK (0.0 km)
  Checking: Hagia Sophia of Trabzon... NEEDS UPDATE (6.5 km off)
    Current: (40.9997, 39.7739)
    Correct: (41.0030, 39.6961)
    Address: Fatih, Ayasofya Müzesi, 61030 Ortahisar/Trabzon, Türkiye
  Checking: Uzungöl... OK (1.7 km)
  Checking: Atatürk Mansion... OK (2.2 km)
  Checking: Boztepe Hill... OK (0.8 km)
  ✅ Updated 1 coordinates in file

[343/351] Processing: Europe/Turkey/Cities/VanAttractions.swift
  Checking: Akdamar Church... OK (0.9 km)
  Checking: Van Castle... OK (0.3 km)
  Checking: Lake Van... NEEDS UPDATE (7.3 km off)
    Current: (38.6, 43.0)
    Correct: (38.6140, 42.9182)
    Address: Lake Van, Türkiye
  ✅ Updated 1 coordinates in file

[344/351] Processing: Europe/Ukraine/Cities/KharkivAttractions.swift
  Checking: Freedom Square... OK (0.3 km)
  Checking: Annunciation Cathedral... OK (0.6 km)
  Checking: Shevchenko Park... NEEDS UPDATE (36.1 km off)
    Current: (49.9938, 36.236)
    Correct: (50.2740, 35.9807)
    Address: Shevchenko Park, Zolochiv, Kharkivs'ka oblast, Ukraine, 62200
  Checking: Gorky Park... OK (1.5 km)
  Skipping: Kharkiv International Airport (HRK) (excluded)
  ✅ Updated 1 coordinates in file

[345/351] Processing: Europe/Ukraine/Cities/KyivAttractions.swift
  Checking: Saint Sophia's Cathedral... OK (0.0 km)
  Checking: Kyiv Pechersk Lavra... OK (0.0 km)
  Checking: Independence Square (Maidan)... OK (0.0 km)
  Checking: St. Andrew's Church... OK (0.0 km)
  Checking: Golden Gate... OK (0.0 km)
  Skipping: Boryspil International Airport (KBP) (excluded)
  Checking: St. Michael's Golden-Domed Monastery... OK (0.0 km)
  Checking: Motherland Monument... OK (0.0 km)
  Checking: Andriyivskyy Descent... OK (0.1 km)
  Checking: Hryshko National Botanical Garden... OK (0.2 km)
  Checking: National Opera of Ukraine... OK (0.0 km)
  Checking: House with Chimeras... OK (0.0 km)
  Checking: Pirogovo Open-Air Museum... OK (0.3 km)
  Checking: Ukrainian National Chornobyl Museum... OK (0.1 km)
  Checking: Arsenalna Metro Station... OK (0.2 km)
  Checking: Vydubychi Monastery... OK (0.1 km)

[346/351] Processing: Europe/Ukraine/Cities/LvivAttractions.swift
  Checking: Rynok Square... OK (0.0 km)
  Checking: Lviv Opera House... OK (0.0 km)
  Checking: High Castle... OK (0.4 km)
  Checking: Coffee Mining Manufacture... OK (0.1 km)
  Skipping: Lviv Danylo Halytskyi Airport (LWO) (excluded)

[347/351] Processing: Europe/Ukraine/Cities/OdesaAttractions.swift
  Checking: Potemkin Stairs... OK (0.1 km)
  Checking: Odesa Opera House... OK (0.1 km)
  Checking: Derybasivska Street... OK (0.1 km)
  Checking: Arcadia Beach... OK (1.4 km)
  Skipping: Odesa International Airport (ODS) (excluded)

[348/351] Processing: Europe/Wales/Cities/CardiffAttractions.swift
  Checking: Cardiff Castle... OK (0.1 km)
  Checking: Cardiff Bay... OK (0.3 km)
  Checking: St Fagans National Museum of History... OK (0.1 km)
  Checking: Principality Stadium... OK (0.0 km)
  Skipping: Cardiff Airport (CWL) (excluded)
  Checking: National Museum Cardiff... OK (0.0 km)
  Checking: Wales Millennium Centre... OK (0.0 km)
  Checking: Bute Park... OK (0.1 km)
  Checking: Caerphilly Castle... OK (0.0 km)
  Checking: Llandaff Cathedral... OK (0.0 km)
  Checking: Norwegian Church Arts Centre... OK (0.1 km)
  Checking: Techniquest... OK (0.3 km)
  Checking: Cardiff Market... OK (0.1 km)
  Checking: Victorian Arcades... OK (0.2 km)
  Checking: Roath Park... OK (0.5 km)
  Checking: The Senedd... OK (0.1 km)
  Checking: Castell Coch... OK (1.7 km)

[349/351] Processing: Europe/Wales/Cities/ConwyAttractions.swift
  Checking: Conwy Castle... OK (0.0 km)
  Checking: Smallest House in Great Britain... OK (0.1 km)
  Checking: Conwy Town Walls... OK (0.3 km)
  Skipping: Manchester Airport (Serving Conwy) (excluded)

[350/351] Processing: Europe/Wales/Cities/SnowdoniaAttractions.swift
  Checking: Mount Snowdon (Yr Wyddfa)... OK (0.0 km)
  Checking: Zip World Penrhyn Quarry... NEEDS UPDATE (32.1 km off)
    Current: (53.172, -4.061)
    Correct: (52.9006, -3.8963)
    Address: Snowdonia, Blaenau Ffestiniog LL41 4TP, UK
  Skipping: Manchester Airport (Serving Snowdonia) (excluded)
  ✅ Updated 1 coordinates in file

[351/351] Processing: Europe/Wales/Cities/TenbyAttractions.swift
  Checking: Tenby Harbour & Beach... OK (0.4 km)
  Checking: Caldey Island... OK (0.7 km)
  Skipping: Cardiff Airport (Serving Tenby) (excluded)

============================================================
SUMMARY
============================================================
Total attractions checked: 3168
Skipped (airports/day trips): 265
Coordinates OK: 2752
Corrections applied: 150
Errors (not found): 1

Corrections applied:
  - Lake Parz (Dilijan): 7.9 km off
  - Shirvan National Park (Baku): 120.2 km off
  - Lake Goygol National Park (Ganja): 31.6 km off
  - Qechresh Forest (Quba): 6.5 km off
  - Martvili Canyon (Kutaisi): 33.7 km off
  - Ushguli (Mestia): 27.4 km off
  - Kok-Tobe Hill (Almaty): 12.8 km off
  - Kolsay Lakes National Park (Almaty): 122.6 km off
  - Altyn-Emel National Park (Almaty): 48.9 km off
  - Burabay National Park (Astana): 17.6 km off
  - Boszhira Valley (Aktau): 232.9 km off
  - Valley of Balls (Torysh) (Aktau): 81.6 km off
  - Beket-Ata Underground Mosque (Aktau): 230.1 km off
  - Shakpak-Ata Underground Mosque (Aktau): 1583.2 km off
  - Tuzbair Salt Lake (Aktau): 163.9 km off
  - Aksu-Zhabagly Nature Reserve (Turkestan): 11.3 km off
  - Otrar (Farab) (Turkestan): 7.1 km off
  - Ala Archa National Park (Bishkek): 35.8 km off
  - Issyk-Kul Lake (Karakol): 94.2 km off
  - Jeti-Ögüz Gorge (Karakol): 10.0 km off
  - Skazka (Fairytale) Canyon (Karakol): 93.4 km off
  - Altyn Arashan (Karakol): 20.9 km off
  - Tash Rabat Caravanserai (Naryn): 6.8 km off
  - Sary-Chelek Biosphere Reserve (Osh): 162.5 km off
  - Yangykala Canyon (Yangykala): 27.6 km off
  - Ayaz-Kala Fortress (Khiva): 89.4 km off
  - Toprak-Kala Fortress (Khiva): 71.9 km off
  - Mizdakhan Necropolis (Nukus): 20.6 km off
  - Ustyurt Plateau (Nukus): 221.9 km off
  - Chimgan Mountains (Tashkent): 6.8 km off
  - Ugam-Chatkal National Park (Tashkent): 55.6 km off
  - Zaamin National Park (Zaamin): 11.3 km off
  - Jinli Ancient Street (Chengdu): 8.8 km off
  - Leshan Giant Buddha (Chengdu): 117.6 km off
  - Sichuan Cuisine Museum (Chengdu): 10.2 km off
  - Mount Qingcheng (Chengdu): 8.8 km off
  - Longjing Tea Plantations (Hangzhou): 10.3 km off
  - Window of the World (Shenzhen): 8.9 km off
  - Pingjiang Road (Suzhou): 62.2 km off
  - Mount Huashan (Xi'an): 106.3 km off
  - Cape Zanpa (Okinawa): 35.7 km off
  - Yol Valley (Yolyn Am) (Dalanzadgad): 29.3 km off
  - Flaming Cliffs (Bayanzag) (Dalanzadgad): 84.4 km off
  - Khongor Sand Dunes (Dalanzadgad): 174.5 km off
  - Khavtsgait Petroglyphs (Dalanzadgad): 85.6 km off
  - Ongi Monastery Ruins (Dalanzadgad): 199.6 km off
  - Orkhon Waterfall (Ulaan Tsutgalan) (Kharkhorin): 80.0 km off
  - Tuvkhun Monastery (Kharkhorin): 47.4 km off
  - Lake Khuvsgul (Murun): 151.7 km off
  - Khatgal Village (Murun): 88.2 km off
  - Gorkhi-Terelj National Park (Ulaanbaatar): 29.2 km off
  - Taroko Gorge (Taroko National Park) (Hualien): 7.3 km off
  - Bahrain National Museum (Manama): 5.1 km off
  - Tree of Life (Manama): 23.9 km off
  - Al Dar Islands (Manama): 16.3 km off
  - Bahrain National Theatre (Manama): 5.4 km off
  - The Avenues Bahrain (Manama): 5.5 km off
  - Lost Paradise of Dilmun Waterpark (Manama): 5.2 km off
  - Oil Museum (Manama): 21.6 km off
  - Persepolis (Shiraz): 48.7 km off
  - Naqsh-e Rostam (Shiraz): 52.0 km off
  - Tochal Ski Resort & Telecabin (Tehran): 5.1 km off
  - Downtown Amman (Al-Balad) (Amman): 5.4 km off
  - Scientific Center Kuwait (Kuwait City): 8.2 km off
  - Tareq Rajab Museum (Kuwait City): 5.7 km off
  - Marina Mall & Crescent (Kuwait City): 5.4 km off
  - Kubbar Island (Kuwait City): 58.9 km off
  - Al Kout Beach & Mall (Kuwait City): 36.3 km off
  - Royal Opera House Muscat (Muscat): 5.4 km off
  - Dolphin & Whale Watching (Muscat): 19.4 km off
  - Bandar Khayran (Muscat): 6.0 km off
  - Banana Island Resort (Doha): 7.9 km off
  - Jeddah Corniche (Jeddah): 9.2 km off
  - Jeddah Tower (Under Construction) (Jeddah): 11.9 km off
  - Fakieh Aquarium (Jeddah): 7.5 km off
  - Atallah Happy Land Park (Jeddah): 10.4 km off
  - Jeddah Waterfront (New Jeddah Downtown) (Jeddah): 14.1 km off
  - Jeddah Superdome (Jeddah): 19.1 km off
  - Edge of the World (Riyadh): 19.7 km off
  - Boulevard Riyadh City (Riyadh): 5.1 km off
  - Wadi Hanifa (Riyadh): 12.6 km off
  - Riyadh Season Entertainment (Riyadh): 11.7 km off
  - Friday Mosque (Malé): 6.1 km off
  - Grandvalira Ski Resort (Encamp): 9.6 km off
  - Dachstein Ice Cave (Hallstatt): 8.5 km off
  - Five Fingers Viewing Platform (Hallstatt): 5.5 km off
  - Lake Gosau (Hallstatt): 6.2 km off
  - Ringstrasse (Vienna): 60.8 km off
  - Museum of Confiscated Art (Brest): 5.4 km off
  - Independence Avenue (Minsk): 6.3 km off
  - La Boverie (Liège): 23.1 km off
  - Regional Historical Museum (Plovdiv): 54.6 km off
  - Panoramic Viewpoint (Plitvice Lakes): 5.8 km off
  - Rastoke Village (Plitvice Lakes): 22.3 km off
  - Odense River (Odense): 18.6 km off
  - Vestmanna Bird Cliffs (Tórshavn): 26.0 km off
  - Gasadalur & Múlafossur (Tórshavn): 36.1 km off
  - Aura River (Turku): 10.9 km off
  - Notre-Dame de la Garde (Marseille): 22.1 km off
  - St. Lambertus Church (Düsseldorf): 61.9 km off
  - Sepulchral Chapel (Stuttgart): 6.3 km off
  - Canal d'Amour (Corfu): 13.7 km off
  - Atlantis Books (Santorini): 6.5 km off
  - Northern Lights Tours (Reykjavik): 5.0 km off
  - Cinque Terre Hiking Trails (Cinque Terre): 5.3 km off
  - Rose Garden (Florence): 23.4 km off
  - Jewish Ghetto of Venice (Venice): 11.7 km off
  - Ca' Rezzonico (Venice): 9.6 km off
  - Rugova Canyon (Peja): 8.6 km off
  - Bear Sanctuary Prishtina (Pristina): 7.1 km off
  - Curonian Spit (Klaipeda): 22.2 km off
  - Mullerthal Trail (Echternach): 9.4 km off
  - Perast Old Town (Kotor): 9.0 km off
  - Blue Cave (Kotor): 15.1 km off
  - Tara River Canyon Bridge (Zabljak): 18.8 km off
  - Carrick-a-Rede Rope Bridge (Bushmills): 12.6 km off
  - TusenFryd (Oslo): 20.3 km off
  - Seven Hanging Valleys Trail (Algarve): 18.6 km off
  - Ria Formosa Natural Park (Algarve): 9.7 km off
  - Moscow Metro (Moscow): 12.1 km off
  - Moscow City (Business Center) (Moscow): 5.1 km off
  - Rosa Khutor (Sochi): 47.5 km off
  - Serra de Tramuntana (Mallorca): 29.4 km off
  - Gothenburg Archipelago (Gothenburg): 5.7 km off
  - Arsemia Ancient City (Adıyaman): 26.0 km off
  - Gordion Ancient City (Ankara): 82.0 km off
  - Düden Waterfalls (Antalya): 13.6 km off
  - Kurşunlu Waterfall (Antalya): 7.0 km off
  - Karain Cave (Antalya): 17.0 km off
  - St. Nicholas Church (Antalya): 95.9 km off
  - Arykanda Ancient City (Antalya): 72.5 km off
  - Limyra Ancient City (Antalya): 77.0 km off
  - Priene Ancient City (Aydın): 52.1 km off
  - Grand Mosque (Bursa): 59.6 km off
  - Osman & Orhan Gazi Tombs (Bursa): 11.9 km off
  - Uludağ Mountain (Bursa): 21.5 km off
  - Selime Monastery (Cappadocia): 6.9 km off
  - Zerzevan Castle (Diyarbakır): 38.9 km off
  - Yesemek Open Air Museum (Gaziantep): 13.2 km off
  - Koramaz Valley (Kars): 23.2 km off
  - Ivriz Rock Relief (Ereğli): 484.2 km off
  - Deyrulzafaran Monastery (Mardin): 6.9 km off
  - Mor Yakup (St. Jacob) Church (Nusaybin): 48.7 km off
  - Euromos Temple of Zeus (Milas): 11.5 km off
  - Labranda Sanctuary (Milas): 11.2 km off
  - Beçin Castle (Milas): 7.7 km off
  - Hagia Sophia of Trabzon (Trabzon): 6.5 km off
  - Lake Van (Van): 7.3 km off
  - Shevchenko Park (Kharkiv): 36.1 km off
  - Zip World Penrhyn Quarry (Snowdonia): 32.1 km off

Attractions not found:
  - Beirut Corniche (Beirut, Lebanon)

✅ DONE! Applied 150 coordinate corrections.
