============================================================
TravelTap Coordinate Correction Script
============================================================
Mode: LIVE (files will be updated)
Distance threshold: 0.1 km
Skipping: airports, day trips, and known far attractions

Found 351 attraction files


[1/351] Processing: Asia/CentralAsia/Armenia/Cities/AlaverdiAttractions.swift
  Checking: Haghpat Monastery... OK (0.0 km)
  Checking: Sanahin Monastery... OK (0.0 km)

[2/351] Processing: Asia/CentralAsia/Armenia/Cities/AreniAttractions.swift
  Checking: Noravank Monastery... NEEDS UPDATE (3.2 km off)
    Current: (39.6841, 45.2329)
    Correct: (39.7060, 45.2080)
    Address: Noravank Monastery Rd, Areni 3604, Armenia
  Checking: Areni-1 Cave... NEEDS UPDATE (0.2 km off)
    Current: (39.733, 45.2045)
    Correct: (39.7314, 45.2034)
    Address: 46, 6 Str, Areni 3604, Armenia
  Checking: Areni Wineries... NEEDS UPDATE (0.5 km off)
    Current: (39.7188, 45.1843)
    Correct: (39.7231, 45.1859)
    Address: Areni 3604, Armenia
  ✅ Updated 3 coordinates in file

[3/351] Processing: Asia/CentralAsia/Armenia/Cities/AshtarakAttractions.swift
  Checking: Amberd Fortress... OK (0.0 km)
  Checking: Karmravor Church... NEEDS UPDATE (0.2 km off)
    Current: (40.3013, 44.3642)
    Correct: (40.2997, 44.3655)
    Address: 79X8+V5Q, Khachatur Abovyan St, Ashtarak, Armenia
  ✅ Updated 1 coordinates in file

[4/351] Processing: Asia/CentralAsia/Armenia/Cities/DilijanAttractions.swift
  Checking: Haghartsin Monastery... NEEDS UPDATE (0.3 km off)
    Current: (40.7997, 44.8906)
    Correct: (40.8020, 44.8906)
    Address: RV2R+R65, Teghut 3902, Armenia
  Checking: Goshavank Monastery... OK (0.1 km)
  Checking: Lake Parz... OK (0.0 km)
  Checking: Old Dilijan Complex... NEEDS UPDATE (0.5 km off)
    Current: (40.741, 44.8636)
    Correct: (40.7393, 44.8690)
    Address: 2, 10a Sharambeyan St, Dilijan 3901, Armenia
  ✅ Updated 2 coordinates in file

[5/351] Processing: Asia/CentralAsia/Armenia/Cities/EtchmiadzinAttractions.swift
  Checking: Etchmiadzin Cathedral... OK (0.0 km)
  Checking: Zvartnots Cathedral Ruins... NEEDS UPDATE (0.6 km off)
    Current: (40.1603, 44.3364)
    Correct: (40.1652, 44.3375)
    Address: 1 Manushyan St, Vagharshapat 1109, Armenia
  Checking: Saint Gayane Church... OK (0.0 km)
  ✅ Updated 1 coordinates in file

[6/351] Processing: Asia/CentralAsia/Armenia/Cities/GarniAttractions.swift
  Checking: Garni Temple... OK (0.0 km)
  Checking: Symphony of Stones... NEEDS UPDATE (0.1 km off)
    Current: (40.1158, 44.7431)
    Correct: (40.1159, 44.7414)
    Address: 4P8R+9H6 Symphony of Stones, Garni 2215, Armenia
  Checking: Geghard Monastery... OK (0.0 km)
  ✅ Updated 1 coordinates in file

[7/351] Processing: Asia/CentralAsia/Armenia/Cities/SevanAttractions.swift
  Checking: Sevanavank Monastery... OK (0.0 km)
  Checking: Lake Sevan Beaches... NEEDS UPDATE (1.3 km off)
    Current: (40.56, 45.01)
    Correct: (40.5621, 44.9945)
    Address: SEVAN BEACH, Sevan, Armenia
  ✅ Updated 1 coordinates in file

[8/351] Processing: Asia/CentralAsia/Armenia/Cities/YerevanAttractions.swift
  Checking: Cascade Complex... NEEDS UPDATE (0.3 km off)
    Current: (40.1919, 44.5157)
    Correct: (40.1895, 44.5154)
    Address: 10 Tamanyan St, Yerevan 0009, Armenia
  Checking: Republic Square... OK (0.1 km)
  Checking: Matenadaran... OK (0.0 km)
  Checking: Tsitsernakaberd Genocide Memorial... OK (0.1 km)
  Checking: Vernissage Market... NEEDS UPDATE (0.3 km off)
    Current: (40.1783, 44.517)
    Correct: (40.1758, 44.5184)
    Address: 1, 3 Buzand St, Yerevan 0010, Armenia
  Checking: Blue Mosque... NEEDS UPDATE (0.2 km off)
    Current: (40.1765, 44.5055)
    Correct: (40.1782, 44.5055)
    Address: 12 Mesrop Mashtoc pokhota, Yerevan, Armenia
  Checking: Armenian Opera Theatre... NEEDS UPDATE (0.3 km off)
    Current: (40.1867, 44.5113)
    Correct: (40.1859, 44.5151)
    Address: 54 Tumanyan St, Yerevan, Armenia
  Skipping: Khor Virap Monastery (excluded)
  Checking: History Museum of Armenia... NEEDS UPDATE (0.1 km off)
    Current: (40.1782, 44.5127)
    Correct: (40.1787, 44.5141)
    Address: Հանրապետության հրապարակ 4, Yerevan 375010, Armenia
  Skipping: Tatev Monastery (excluded)
  Checking: Mother Armenia Statue... NEEDS UPDATE (0.7 km off)
    Current: (40.1893, 44.5285)
    Correct: (40.1951, 44.5247)
    Address: 2 Azatutyan Ave, Yerevan, Armenia
  Checking: Saint Gregory Cathedral... NEEDS UPDATE (0.8 km off)
    Current: (40.1665, 44.5237)
    Correct: (40.1722, 44.5172)
    Address: 5GC8+VV9, Yervand Kochar St, Yerevan, Armenia
  Checking: Erebuni Fortress... NEEDS UPDATE (1.6 km off)
    Current: (40.1385, 44.5193)
    Correct: (40.1407, 44.5380)
    Address: 2 3rd St, Yerevan, Armenia
  Checking: Yerevan Brandy Company... NEEDS UPDATE (0.8 km off)
    Current: (40.1833, 44.4999)
    Correct: (40.1765, 44.4974)
    Address: 2 Admiral Isakov Ave, Yerevan 0082, Armenia
  ✅ Updated 9 coordinates in file

[9/351] Processing: Asia/CentralAsia/Azerbaijan/Cities/BakuAttractions.swift
  Checking: Flame Towers... NEEDS UPDATE (1.0 km off)
    Current: (40.3657, 49.8357)
    Correct: (40.3595, 49.8266)
    Address: 9R5G+QJV, Baku, Azerbaijan
  Checking: Maiden Tower... OK (0.0 km)
  Checking: Old City (Icherisheher)... NEEDS UPDATE (0.2 km off)
    Current: (40.3664, 49.8343)
    Correct: (40.3644, 49.8355)
    Address: 24 Veli Memmedov, Bakı, Azerbaijan
  Checking: Heydar Aliyev Center... OK (0.0 km)
  Checking: Palace of the Shirvanshahs... OK (0.1 km)
  Checking: Highland Park (Dagustu Park)... NEEDS UPDATE (0.3 km off)
    Current: (40.3587, 49.8318)
    Correct: (40.3578, 49.8288)
    Address: 9R5H+4G3 Highland Park, Bakı, Azerbaijan
  Checking: Fountain Square... NEEDS UPDATE (0.2 km off)
    Current: (40.3693, 49.8371)
    Correct: (40.3708, 49.8364)
    Address: Fountains Square, 20 Nigar Rafibeyli, Baku 1005, Azerbaijan
  Checking: Nizami Street... NEEDS UPDATE (0.9 km off)
    Current: (40.3773, 49.8458)
    Correct: (40.3722, 49.8377)
    Address: Nizami St, Baku, Azerbaijan
  Checking: Ateshgah Fire Temple... OK (0.1 km)
  Checking: Yanar Dag (Burning Mountain)... OK (0.0 km)
  Checking: Baku Boulevard... NEEDS UPDATE (0.7 km off)
    Current: (40.363, 49.848)
    Correct: (40.3685, 49.8435)
    Address: Baku Boulevard, 92 Neftçilər Prospekti, Bakı, Azerbaijan
  Checking: Azerbaijan National Museum of Art... NEEDS UPDATE (0.6 km off)
    Current: (40.3687, 49.8306)
    Correct: (40.3632, 49.8317)
    Address: 9/11 Niyazi, Bakı, Azerbaijan
  Checking: Gobustan Rock Art... NEEDS UPDATE (1.3 km off)
    Current: (40.1227, 49.3825)
    Correct: (40.1114, 49.3784)
    Address: 496H+H9C, Qobustan, Azerbaijan
  Checking: Bibi-Heybat Mosque... OK (0.1 km)
  Checking: Taza Pir Mosque... NEEDS UPDATE (0.2 km off)
    Current: (40.3741, 49.8285)
    Correct: (40.3721, 49.8287)
    Address: 7 Mirzə Fətəli Axundzadə, Bakı 1001, Azerbaijan
  Checking: Baku Ferris Wheel... NEEDS UPDATE (1.5 km off)
    Current: (40.3588, 49.8542)
    Correct: (40.3547, 49.8376)
    Address: 9R3Q+V27, Baku, Azerbaijan
  Skipping: Heydar Aliyev International Airport (excluded)
  Checking: Absheron National Park... NEEDS UPDATE (1.7 km off)
    Current: (40.2835, 50.3592)
    Correct: (40.2967, 50.3488)
    Address: 78WX+MGG Absheron National Park, The Caspian region, Bakı, Azerbaijan
  Checking: Shirvan National Park... OK (0.0 km)
  ✅ Updated 11 coordinates in file

[10/351] Processing: Asia/CentralAsia/Azerbaijan/Cities/GabalaAttractions.swift
  Checking: Tufandag Mountain Resort... NEEDS UPDATE (4.1 km off)
    Current: (41.0025, 47.8596)
    Correct: (41.0331, 47.8869)
    Address: Duruca kəndi, Qəbələ 3600, Azerbaijan
  Checking: Nohur Lake... NEEDS UPDATE (0.7 km off)
    Current: (40.9535, 47.8816)
    Correct: (40.9595, 47.8834)
    Address: Nohur Lake, Azerbaijan
  Skipping: Gabala International Airport (excluded)
  ✅ Updated 2 coordinates in file

[11/351] Processing: Asia/CentralAsia/Azerbaijan/Cities/GanjaAttractions.swift
  Checking: Lake Goygol National Park... OK (0.0 km)
  Checking: Nizami Ganjavi Mausoleum... NEEDS UPDATE (1.4 km off)
    Current: (40.6974, 46.4385)
    Correct: (40.6857, 46.4320)
    Address: MCPJ+7RM, R51, Ganja, Azerbaijan
  Skipping: Ganja International Airport (excluded)
  ✅ Updated 1 coordinates in file

[12/351] Processing: Asia/CentralAsia/Azerbaijan/Cities/LankaranAttractions.swift
  Skipping: Lankaran International Airport (excluded)
  Checking: Khan's House (Lankaran)... NEEDS UPDATE (0.3 km off)
    Current: (38.754, 48.85)
    Correct: (38.7529, 48.8475)
    Address: Lankaran, Azerbaijan
  ✅ Updated 1 coordinates in file

[13/351] Processing: Asia/CentralAsia/Azerbaijan/Cities/NaftalanAttractions.swift
  Checking: Naftalan Petroleum Spa... OK (0.1 km)

[14/351] Processing: Asia/CentralAsia/Azerbaijan/Cities/NakhchivanAttractions.swift
  Skipping: Nakhchivan International Airport (excluded)
  Checking: Momine Khatun Mausoleum... NEEDS UPDATE (0.7 km off)
    Current: (39.2089, 45.4122)
    Correct: (39.2050, 45.4062)
    Address: Nakhchivan, Azerbaijan
  ✅ Updated 1 coordinates in file

[15/351] Processing: Asia/CentralAsia/Azerbaijan/Cities/QubaAttractions.swift
  Checking: Khinalig Village... NEEDS UPDATE (0.3 km off)
    Current: (41.178, 48.1267)
    Correct: (41.1807, 48.1273)
    Address: Khinaliq, Azerbaijan
  Checking: Qechresh Forest... OK (0.0 km)
  ✅ Updated 1 coordinates in file

[16/351] Processing: Asia/CentralAsia/Azerbaijan/Cities/ShekiAttractions.swift
  Checking: Palace of Shaki Khans... OK (0.0 km)
  Checking: Upper Caravanserai... NEEDS UPDATE (1.4 km off)
    Current: (41.1993, 47.1772)
    Correct: (41.2010, 47.1940)
    Address: 185 Mirzə Fətəli Axundzadə, Şəki 5500, Azerbaijan
  Checking: Sheki Historic Center... NEEDS UPDATE (2.5 km off)
    Current: (41.1919, 47.1706)
    Correct: (41.2037, 47.1957)
    Address: 653W+F7G, Gənclər küçəsi, Şəki 5500, Azerbaijan
  ✅ Updated 2 coordinates in file

[17/351] Processing: Asia/CentralAsia/Georgia/Cities/BatumiAttractions.swift
  Checking: Ali and Nino Statue... OK (0.1 km)
  Checking: Batumi Boulevard... NEEDS UPDATE (0.3 km off)
    Current: (41.6515, 41.6372)
    Correct: (41.6538, 41.6355)
    Address: Batumi Boulevard, 1 Nikoloz Baratashvili Street, Batumi, Georgia
  Checking: Alphabet Tower... OK (0.1 km)
  Checking: Batumi Botanical Garden... NEEDS UPDATE (0.3 km off)
    Current: (41.6922, 41.7065)
    Correct: (41.6944, 41.7075)
    Address: MPR4+M4 Batumi Botanical Garden, Green Cape, Batumi, Georgia
  Checking: Piazza Square... OK (0.0 km)
  Checking: Europe Square... OK (0.0 km)
  Checking: Argo Cable Car... OK (0.0 km)
  Checking: Batumi Dolphinarium... NEEDS UPDATE (0.1 km off)
    Current: (41.6468, 41.6225)
    Correct: (41.6477, 41.6236)
    Address: 51 Rustaveli Ave, Batumi, Georgia
  ✅ Updated 3 coordinates in file

[18/351] Processing: Asia/CentralAsia/Georgia/Cities/KazbegiAttractions.swift
  Checking: Gergeti Trinity Church... OK (0.0 km)
  Checking: Gveleti Waterfall... NEEDS UPDATE (0.9 km off)
    Current: (42.7042, 44.6256)
    Correct: (42.7048, 44.6141)
    Address: PJ37+WMC Gveleti Big Waterfall, Tsdo, Georgia
  Checking: Truso Valley... NEEDS UPDATE (4.2 km off)
    Current: (42.5855, 44.4258)
    Correct: (42.6039, 44.3811)
    Address: Trusso-Schlucht, Georgia
  ✅ Updated 2 coordinates in file

[19/351] Processing: Asia/CentralAsia/Georgia/Cities/KutaisiAttractions.swift
  Checking: Gelati Monastery... OK (0.0 km)
  Checking: Prometheus Cave... OK (0.0 km)
  Checking: Martvili Canyon... OK (0.0 km)
  Checking: Bagrati Cathedral... OK (0.0 km)

[20/351] Processing: Asia/CentralAsia/Georgia/Cities/MestiaAttractions.swift
  Checking: Svan Towers of Mestia... NEEDS UPDATE (0.1 km off)
    Current: (43.044, 42.728)
    Correct: (43.0452, 42.7273)
    Address: 1 თამარ მეფის ქუჩა, Mestia, Georgia
  Checking: Ushguli... OK (0.0 km)
  Checking: Svaneti Museum of History... NEEDS UPDATE (0.5 km off)
    Current: (43.0411, 42.7264)
    Correct: (43.0432, 42.7213)
    Address: Mestia, Georgia
  ✅ Updated 2 coordinates in file

[21/351] Processing: Asia/CentralAsia/Georgia/Cities/SighnaghiAttractions.swift
  Checking: Sighnaghi City Walls... NEEDS UPDATE (0.1 km off)
    Current: (41.621, 45.922)
    Correct: (41.6200, 45.9224)
    Address: Sighnaghi, Georgia
  Checking: Bodbe Monastery... OK (0.1 km)
  ✅ Updated 1 coordinates in file

[22/351] Processing: Asia/CentralAsia/Georgia/Cities/TbilisiAttractions.swift
  Checking: Narikala Fortress... NEEDS UPDATE (0.2 km off)
    Current: (41.6874, 44.8068)
    Correct: (41.6880, 44.8088)
    Address: MRQ5+6G6, Tbilisi, Georgia
  Checking: Holy Trinity Cathedral (Sameba)... OK (0.0 km)
  Checking: Bridge of Peace... OK (0.1 km)
  Checking: Sulfur Baths (Abanotubani)... OK (0.1 km)
  Checking: Chronicle of Georgia... OK (0.0 km)
  Checking: Mtatsminda Park... OK (0.0 km)
  Checking: Rike Park... NEEDS UPDATE (0.1 km off)
    Current: (41.692, 44.809)
    Correct: (41.6920, 44.8105)
    Address: MRR6+R66 Rike Park, T'bilisi, Georgia
  Checking: Mother of Georgia (Kartlis Deda)... OK (0.0 km)
  Checking: Dry Bridge Market... NEEDS UPDATE (0.1 km off)
    Current: (41.7011, 44.8018)
    Correct: (41.7010, 44.8031)
    Address: PR23+96X, Tbilisi, Georgia
  Checking: Gabriadze Theater Clock Tower... OK (0.0 km)
  ✅ Updated 3 coordinates in file

[23/351] Processing: Asia/CentralAsia/Georgia/Cities/VardziaAttractions.swift
  Checking: Vardzia Cave Monastery... NEEDS UPDATE (2.7 km off)
    Current: (41.3718, 43.2545)
    Correct: (41.3811, 43.2842)
    Address: 97JM+CMH, Gogasheni, Georgia
  Checking: Khertvisi Fortress... NEEDS UPDATE (0.1 km off)
    Current: (41.4795, 43.2846)
    Correct: (41.4797, 43.2862)
    Address: Khertvisi-Vardzia-Mirashkhani, Georgia
  ✅ Updated 2 coordinates in file

[24/351] Processing: Asia/CentralAsia/Kazakhstan/Cities/AlmatyAttractions.swift
  Checking: Big Almaty Lake... OK (0.1 km)
  Checking: Shymbulak Ski Resort... NEEDS UPDATE (0.2 km off)
    Current: (43.1275, 77.0819)
    Correct: (43.1287, 77.0805)
    Address: Kerey and Zhanibek Khans St 558/1, Almaty 050020, Kazakhstan
  Checking: Medeu Skating Rink... OK (0.1 km)
  Checking: Kok-Tobe Hill... OK (0.0 km)
  Checking: Panfilov Park... OK (0.1 km)
  Checking: Ascension (Zenkov) Cathedral... OK (0.0 km)
  Checking: Kolsay Lakes National Park... OK (0.0 km)
  Checking: Kaindy Lake... NEEDS UPDATE (0.1 km off)
    Current: (42.9848, 78.4661)
    Correct: (42.9841, 78.4674)
    Address: Kaindy, Kazakhstan
  Checking: Altyn-Emel National Park... OK (0.0 km)
  Checking: Charyn Canyon... NEEDS UPDATE (2.3 km off)
    Current: (43.3532, 79.0769)
    Correct: (43.3599, 79.0500)
    Address: Charyn Canyon, Doroga Na Charynskiy Kan'on, Kazakhstan
  ✅ Updated 3 coordinates in file

[25/351] Processing: Asia/CentralAsia/Kazakhstan/Cities/AstanaAttractions.swift
  Checking: Baiterek Tower... OK (0.0 km)
  Checking: Palace of Peace and Reconciliation... OK (0.0 km)
  Checking: Khan Shatyr Entertainment Center... OK (0.0 km)
  Checking: Burabay National Park... OK (0.0 km)

[26/351] Processing: Asia/CentralAsia/Kazakhstan/Cities/MangystauAttractions.swift
  Checking: Boszhira Valley... OK (0.0 km)
  Checking: Valley of Balls (Torysh)... OK (0.0 km)
  Checking: Beket-Ata Underground Mosque... OK (0.0 km)
  Checking: Shakpak-Ata Underground Mosque... OK (0.0 km)
  Checking: Tuzbair Salt Lake... OK (0.0 km)

[27/351] Processing: Asia/CentralAsia/Kazakhstan/Cities/TurkestanAttractions.swift
  Checking: Mausoleum of Khoja Ahmed Yasawi... OK (0.0 km)
  Checking: Aksu-Zhabagly Nature Reserve... OK (0.0 km)
  Checking: Arystan Bab Mausoleum... NEEDS UPDATE (0.3 km off)
    Current: (42.8486, 68.2678)
    Correct: (42.8516, 68.2681)
    Address: V729+J6Q, Bayaldyr, Kazakhstan
  Checking: Otrar (Farab)... OK (0.0 km)
  ✅ Updated 1 coordinates in file

[28/351] Processing: Asia/CentralAsia/Kyrgyzstan/Cities/BishkekAttractions.swift
  Checking: Ala-Too Square... NEEDS UPDATE (0.2 km off)
    Current: (42.8748, 74.6055)
    Correct: (42.8757, 74.6037)
    Address: VJG3+7FM, Chuy Ave, Bishkek, Kyrgyzstan
  Checking: Osh Bazaar... NEEDS UPDATE (0.2 km off)
    Current: (42.8767, 74.5694)
    Correct: (42.8750, 74.5702)
    Address: Bishkek, Kyrgyzstan
  Checking: Ala Archa National Park... OK (0.0 km)
  Checking: Burana Tower... OK (0.0 km)
  Checking: Panfilov Park... NEEDS UPDATE (0.1 km off)
    Current: (42.879, 74.6015)
    Correct: (42.8797, 74.6001)
    Address: VJH2+V3C Panfilov Park, Bishkek, Kyrgyzstan
  ✅ Updated 3 coordinates in file

[29/351] Processing: Asia/CentralAsia/Kyrgyzstan/Cities/KarakolAttractions.swift
  Checking: Issyk-Kul Lake... OK (0.0 km)
  Checking: Jeti-Ögüz Gorge... OK (0.0 km)
  Checking: Skazka (Fairytale) Canyon... OK (0.0 km)
  Checking: Altyn Arashan... OK (0.0 km)
  Checking: Dungan Mosque... NEEDS UPDATE (1.5 km off)
    Current: (42.4839, 78.3934)
    Correct: (42.4974, 78.3907)
    Address: F9WR+W7W, Bektenova str., Przhevalsk, Kyrgyzstan
  Checking: Holy Trinity Cathedral... NEEDS UPDATE (0.8 km off)
    Current: (42.4826, 78.3917)
    Correct: (42.4891, 78.3947)
    Address: Улица Гагарина 16 Каракол, F9QV+JV6, Gagarin St, Przhevalsk 722200, Kyrgyzstan
  ✅ Updated 2 coordinates in file

[30/351] Processing: Asia/CentralAsia/Kyrgyzstan/Cities/NarynAttractions.swift
  Checking: Song-Kul Lake... NEEDS UPDATE (3.0 km off)
    Current: (41.8409, 75.1657)
    Correct: (41.8339, 75.1312)
    Address: Song-Kul, Kyrgyzstan
  Checking: Tash Rabat Caravanserai... OK (0.0 km)
  ✅ Updated 1 coordinates in file

[31/351] Processing: Asia/CentralAsia/Kyrgyzstan/Cities/OshAttractions.swift
  Checking: Suleiman-Too Sacred Mountain... NEEDS UPDATE (0.1 km off)
    Current: (40.5311, 72.7839)
    Correct: (40.5303, 72.7851)
    Address: Sulejmanova planina, Osh, Kyrgyzstan
  Checking: Osh Bazaar (Jayma Bazaar)... NEEDS UPDATE (1.4 km off)
    Current: (40.5284, 72.7985)
    Correct: (40.5404, 72.7957)
    Address: GQRW+57H, Kyrgyzstan, Osh, Kyrgyzstan
  Checking: Sary-Chelek Biosphere Reserve... OK (0.0 km)
  ✅ Updated 2 coordinates in file

[32/351] Processing: Asia/CentralAsia/Turkmenistan/Cities/AshgabatAttractions.swift
  Checking: Independence Monument... OK (0.0 km)
  Checking: Monument of Neutrality... NEEDS UPDATE (4.1 km off)
    Current: (37.881, 58.38)
    Correct: (37.8823, 58.3333)
    Address: Bitaraplyk binasy, Bitaraplyk şaýoly, Aşgabat, Turkmenistan
  Checking: Ertugrul Gazi Mosque... NEEDS UPDATE (0.2 km off)
    Current: (37.9329, 58.3967)
    Correct: (37.9330, 58.3990)
    Address: W9MX+5JM, Ashgabat, Turkmenistan
  Checking: Turkmen Carpet Museum... NEEDS UPDATE (1.8 km off)
    Current: (37.9405, 58.3755)
    Correct: (37.9241, 58.3779)
    Address: Atamyrat Nyýazow Şaýoly, Aşgabat, Turkmenistan
  ✅ Updated 3 coordinates in file

[33/351] Processing: Asia/CentralAsia/Turkmenistan/Cities/DarvazaAttractions.swift
  Checking: Darvaza Gas Crater... OK (0.0 km)

[34/351] Processing: Asia/CentralAsia/Turkmenistan/Cities/KunyaUrgenchAttractions.swift
  Checking: Kutlug-Timur Minaret... NEEDS UPDATE (4.1 km off)
    Current: (42.3453, 59.1353)
    Correct: (42.3086, 59.1419)
    Address: Gutlug Timuryň minarasy, Kunya-Urgench, Turkmenistan
  Checking: Turabek Khanym Mausoleum... NEEDS UPDATE (4.6 km off)
    Current: (42.3486, 59.1367)
    Correct: (42.3242, 59.1819)
    Address: Köneürgench, Turkmenistan
  ✅ Updated 2 coordinates in file

[35/351] Processing: Asia/CentralAsia/Turkmenistan/Cities/MaryAttractions.swift
  Checking: Ancient Merv... NEEDS UPDATE (1.6 km off)
    Current: (37.6631, 62.1931)
    Correct: (37.6644, 62.1747)
    Address: Merv, Turkmenistan
  Checking: Sultan Sanjar Mausoleum... NEEDS UPDATE (0.2 km off)
    Current: (37.6658, 62.1622)
    Correct: (37.6644, 62.1637)
    Address: M577+QF4, Merv, Turkmenistan
  ✅ Updated 2 coordinates in file

[36/351] Processing: Asia/CentralAsia/Turkmenistan/Cities/YangykalaAttractions.swift
  Checking: Yangykala Canyon... OK (0.0 km)

[37/351] Processing: Asia/CentralAsia/Uzbekistan/Cities/BukharaAttractions.swift
  Checking: Po-i-Kalyan Complex... OK (0.0 km)
  Checking: The Ark Fortress... OK (0.1 km)
  Checking: Lyabi-Hauz Ensemble... NEEDS UPDATE (0.3 km off)
    Current: (39.7705, 64.4188)
    Correct: (39.7730, 64.4208)
    Address: Divan-Beghi, Bukhara, Uzbekistan, QCFC+686, Buxoro, Buxoro Viloyati, Uzbekistan
  Checking: Samanid Mausoleum... NEEDS UPDATE (0.7 km off)
    Current: (39.7758, 64.409)
    Correct: (39.7770, 64.4006)
    Address: QCG2+R64, Bukhara, Bukhara Region, Uzbekistan
  Checking: Chor Minor... OK (0.1 km)
  ✅ Updated 2 coordinates in file

[38/351] Processing: Asia/CentralAsia/Uzbekistan/Cities/KhivaAttractions.swift
  Checking: Itchan Kala... NEEDS UPDATE (0.4 km off)
    Current: (41.3783, 60.3639)
    Correct: (41.3781, 60.3593)
    Address: А, Болтаева-41, 220900, Xiva, Xorazm Viloyati, Uzbekistan
  Checking: Kalta Minor Minaret... NEEDS UPDATE (0.2 km off)
    Current: (41.3784, 60.3601)
    Correct: (41.3783, 60.3580)
    Address: 99H5+85H, Khiva, Xorazm Region, Uzbekistan
  Checking: Islam Khoja Minaret... OK (0.0 km)
  Checking: Kuhna Ark... OK (0.1 km)
  Checking: Ayaz-Kala Fortress... OK (0.0 km)
  Checking: Toprak-Kala Fortress... OK (0.0 km)
  ✅ Updated 2 coordinates in file

[39/351] Processing: Asia/CentralAsia/Uzbekistan/Cities/NukusAttractions.swift
  Checking: Savitsky Museum... OK (0.1 km)
  Checking: Ship Cemetery (Muynak)... NEEDS UPDATE (2.5 km off)
    Current: (43.79, 59.0344)
    Correct: (43.7684, 59.0281)
    Address: Moynaq, Republic of Karakalpakstan, Uzbekistan
  Checking: Mizdakhan Necropolis... OK (0.0 km)
  Checking: Ustyurt Plateau... OK (0.0 km)
  ✅ Updated 1 coordinates in file

[40/351] Processing: Asia/CentralAsia/Uzbekistan/Cities/SamarkandAttractions.swift
  Checking: Registan Square... OK (0.0 km)
  Checking: Gur-Emir Mausoleum... NEEDS UPDATE (0.5 km off)
    Current: (39.6482, 66.9632)
    Correct: (39.6485, 66.9692)
    Address: Oqsaroy 1, Бўстонсарой кўчаси 1/4, Universitetskiy Boulevard, Samarqand, Samarqand viloyati, Uzbekistan
  Checking: Bibi-Khanum Mosque... OK (0.0 km)
  Checking: Shah-i-Zinda Necropolis... NEEDS UPDATE (0.1 km off)
    Current: (39.6631, 66.9878)
    Correct: (39.6621, 66.9879)
    Address: Shohi Zinda ko'chasi, Samarqand, Samarqand viloyati, Uzbekistan
  Checking: Ulugh Beg Observatory... OK (0.1 km)
  ✅ Updated 2 coordinates in file

[41/351] Processing: Asia/CentralAsia/Uzbekistan/Cities/ShakhrisabzAttractions.swift
  Checking: Ak-Saray Palace... OK (0.0 km)
  Checking: Dorut Tilavat Complex... OK (0.0 km)

[42/351] Processing: Asia/CentralAsia/Uzbekistan/Cities/TashkentAttractions.swift
  Checking: Khast-Imam Complex... NEEDS UPDATE (0.2 km off)
    Current: (41.3361, 69.2393)
    Correct: (41.3377, 69.2399)
    Address: 86QQ+3X8, Qorasaroy ko'chasi, Тоshkent, Toshkent, Uzbekistan
  Checking: Chorsu Bazaar... NEEDS UPDATE (0.2 km off)
    Current: (41.3275, 69.2323)
    Correct: (41.3267, 69.2350)
    Address: Tafakkur ko'chasi 57, Тоshkent, Toshkent, Uzbekistan
  Checking: Magic City... OK (0.0 km)
  Checking: Tashkent City Park... OK (0.0 km)
  Checking: Chimgan Mountains... OK (0.0 km)
  Checking: Ugam-Chatkal National Park... OK (0.0 km)
  ✅ Updated 2 coordinates in file

[43/351] Processing: Asia/CentralAsia/Uzbekistan/Cities/ZaaminAttractions.swift
  Checking: Zaamin National Park... OK (0.0 km)

[44/351] Processing: Asia/EastAsia/China/Cities/BeijingAttractions.swift
  Checking: Forbidden City... OK (0.1 km)
  Checking: Great Wall at Badaling... NEEDS UPDATE (1.3 km off)
    Current: (40.354, 116.0066)
    Correct: (40.3598, 116.0200)
    Address: Yanqing District, China, 102112
  Checking: Temple of Heaven... OK (0.0 km)
  Checking: Summer Palace... OK (0.0 km)
  Checking: Tiananmen Square... OK (0.0 km)
  Checking: Great Wall at Mutianyu... OK (0.1 km)
  Checking: 798 Art District... NEEDS UPDATE (0.3 km off)
    Current: (39.9861, 116.4958)
    Correct: (39.9845, 116.4931)
    Address: Beijing 798 Art Zone, Chaoyang, China
  Checking: Hutong neighborhoods... NEEDS UPDATE (3.8 km off)
    Current: (39.9377, 116.3972)
    Correct: (39.9042, 116.4074)
    Address: Beijing, China
  Checking: Universal Studios Beijing... NEEDS UPDATE (1.3 km off)
    Current: (39.8413, 116.6617)
    Correct: (39.8528, 116.6605)
    Address: VM36+463, Tongzhou, China, 101123
  Checking: Lama Temple... OK (0.1 km)
  Checking: Jingshan Park... NEEDS UPDATE (0.3 km off)
    Current: (39.9282, 116.3967)
    Correct: (39.9251, 116.3968)
    Address: Jingshan Park, 44 Jing Shan Xi Jie, 景山 Xi Cheng Qu, Bei Jing Shi, China, 100009
  Checking: National Museum of China... NEEDS UPDATE (0.1 km off)
    Current: (39.9042, 116.4008)
    Correct: (39.9051, 116.4016)
    Address: 16 Dong Chang An Jie, 前门 Dong Cheng Qu, China, 100051
  Checking: Olympic Park & Bird's Nest... NEEDS UPDATE (0.1 km off)
    Current: (39.993, 116.3952)
    Correct: (39.9929, 116.3965)
    Address: 1 Guo Jia Ti Yu Chang Nan Lu, Chao Yang Qu, China, 100101
  Checking: Ming Tombs... NEEDS UPDATE (0.4 km off)
    Current: (40.255, 116.2194)
    Correct: (40.2551, 116.2236)
    Address: 764F+3C3, Chang Chi Lu, Chang Ping Qu, China, 102200
  Checking: Beihai Park... NEEDS UPDATE (0.2 km off)
    Current: (39.9246, 116.3866)
    Correct: (39.9254, 116.3893)
    Address: Beihai Park, 1 Wen Jin Jie, 西安门 Xi Cheng Qu, China, 100034
  ✅ Updated 9 coordinates in file

[45/351] Processing: Asia/EastAsia/China/Cities/ChengduAttractions.swift
  Checking: Giant Panda Research Base... OK (0.0 km)
  Checking: Jinli Ancient Street... OK (0.0 km)
  Checking: Wuhou Shrine... NEEDS UPDATE (0.1 km off)
    Current: (30.6452, 104.0485)
    Correct: (30.6458, 104.0494)
    Address: China, Si Chuan Sheng, Cheng Du Shi, Wu Hou Qu, Gaosheng Bridge, Wu Hou Ci Da Jie, 231号附2号 邮政编码: 610093
  Checking: Leshan Giant Buddha... OK (0.0 km)
  Checking: Kuanzhai Alley... NEEDS UPDATE (1.0 km off)
    Current: (30.6718, 104.0556)
    Correct: (30.6636, 104.0525)
    Address: China, Si Chuan Sheng, Cheng Du Shi, Qing Yang Qu, 长顺上街127号 邮政编码: 610032
  Checking: Sichuan Cuisine Museum... OK (0.0 km)
  Checking: Mount Qingcheng... OK (0.0 km)
  Checking: Dujiangyan Irrigation System... NEEDS UPDATE (0.6 km off)
    Current: (31.0016, 103.612)
    Correct: (31.0052, 103.6075)
    Address: 2J45+326, Dujiangyan City, Chengdu, Sichuan, China, 611830
  ✅ Updated 3 coordinates in file

[46/351] Processing: Asia/EastAsia/China/Cities/GuilinAttractions.swift
  Checking: Li River Cruise... NEEDS UPDATE (3.7 km off)
    Current: (25.2845, 110.2876)
    Correct: (25.2601, 110.3131)
    Address: 7867+26Q, Li Jiang Lu, Qi Xing Qu, Gui Lin Shi, Guang Xi Zhuang Zu Zi Zhi Qu, China, 541010
  Checking: Yangshuo... NEEDS UPDATE (0.8 km off)
    Current: (24.7787, 110.4883)
    Correct: (24.7784, 110.4966)
    Address: Yangshuo County, Guilin, Guangxi, China
  Checking: Reed Flute Cave... NEEDS UPDATE (1.9 km off)
    Current: (25.3019, 110.2547)
    Correct: (25.3044, 110.2736)
    Address: 1 Lu Di Lu, Xiu Feng Qu, Gui Lin Shi, Guang Xi Zhuang Zu Zi Zhi Qu, China, 541002
  Checking: Longji Rice Terraces... NEEDS UPDATE (3.5 km off)
    Current: (25.8004, 110.1207)
    Correct: (25.7704, 110.1322)
    Address: Q4CJ+5VF, Longsheng Various Nationalities Autonomous County, Guilin, Guangxi, China, 541701
  Checking: Elephant Trunk Hill... NEEDS UPDATE (0.2 km off)
    Current: (25.2653, 110.2935)
    Correct: (25.2669, 110.2933)
    Address: 778V+Q8C, Xiangshan District, Guilin, Guilin, Guangxi, China, 541000
  Checking: Two Rivers Four Lakes... NEEDS UPDATE (1.3 km off)
    Current: (25.2792, 110.296)
    Correct: (25.2678, 110.2952)
    Address: 2 Bin Jiang Lu, Xiang Shan Qu, Gui Lin Shi, Guang Xi Zhuang Zu Zi Zhi Qu, China, 541002
  ✅ Updated 6 coordinates in file

[47/351] Processing: Asia/EastAsia/China/Cities/HangzhouAttractions.swift
  Checking: West Lake... NEEDS UPDATE (1.0 km off)
    Current: (30.2548, 120.1443)
    Correct: (30.2479, 120.1503)
    Address: Xi Lake, Hangzhou, China
  Checking: Lingyin Temple... NEEDS UPDATE (0.1 km off)
    Current: (30.2408, 120.103)
    Correct: (30.2408, 120.1015)
    Address: Xihu, Hangzhou, China, 310058
  Checking: Longjing Tea Plantations... OK (0.0 km)
  Checking: Leifeng Pagoda... NEEDS UPDATE (0.2 km off)
    Current: (30.2307, 120.1481)
    Correct: (30.2316, 120.1497)
    Address: 15 Nan Shan Lu, Xi Hu Qu, Hang Zhou Shi, Zhe Jiang Sheng, China, 310007
  Checking: Qinghefang Ancient Street... NEEDS UPDATE (0.9 km off)
    Current: (30.2383, 120.1664)
    Correct: (30.2396, 120.1755)
    Address: Hefang Street, 65QG+R5W上城区杭州市 China, 310006
  Checking: Xixi National Wetland Park... NEEDS UPDATE (0.3 km off)
    Current: (30.2678, 120.0632)
    Correct: (30.2681, 120.0663)
    Address: Xixi National Wetland Park, 518 天目山路 Xi Hu Qu, Hang Zhou Shi, Zhe Jiang Sheng, China, 310023
  ✅ Updated 5 coordinates in file

[48/351] Processing: Asia/EastAsia/China/Cities/LhasaAttractions.swift
  Checking: Potala Palace... OK (0.0 km)
  Checking: Jokhang Temple... NEEDS UPDATE (0.4 km off)
    Current: (29.6533, 91.1319)
    Correct: (29.6502, 91.1339)
    Address: M42M+3GX, Lhasa, Tibet, China, 850000
  Checking: Barkhor Street... NEEDS UPDATE (0.6 km off)
    Current: (29.6536, 91.1322)
    Correct: (29.6486, 91.1335)
    Address: Bakuo Residential District, Lhasa, Tibet, China, 850004
  Checking: Sera Monastery... NEEDS UPDATE (0.2 km off)
    Current: (29.6958, 91.1344)
    Correct: (29.6937, 91.1341)
    Address: China, Xi Zang Zi Zhi Qu, La Sa Shi, Cheng Guan Qu, 色拉中路M4VM+FMR 邮政编码: 850007
  Checking: Norbulingka... NEEDS UPDATE (0.2 km off)
    Current: (29.6533, 91.0925)
    Correct: (29.6512, 91.0930)
    Address: M32V+F6J Norbulingka, Luo Bu Lin Ka Lu, Cheng Guan Qu, La Sa Shi, Xi Zang Zi Zhi Qu, China, 850000
  Checking: Yamdrok Lake... NEEDS UPDATE (2.9 km off)
    Current: (28.9333, 90.6833)
    Correct: (28.9161, 90.7058)
    Address: Yamzho Yumco, Shannan, China
  ✅ Updated 5 coordinates in file

[49/351] Processing: Asia/EastAsia/China/Cities/ShanghaiAttractions.swift
  Checking: The Bund... OK (0.1 km)
  Checking: Oriental Pearl Tower... OK (0.0 km)
  Checking: Shanghai Tower... NEEDS UPDATE (0.4 km off)
    Current: (31.2355, 121.5016)
    Correct: (31.2335, 121.5056)
    Address: 501 Yin Cheng Zhong Lu, Lujiazui, Pu Dong Xin Qu, Shang Hai Shi, China, 200120
  Checking: Yu Garden... OK (0.0 km)
  Checking: French Concession... NEEDS UPDATE (0.8 km off)
    Current: (31.2135, 121.4501)
    Correct: (31.2109, 121.4576)
    Address: Xuhui District, China, 200031
  Checking: Jing'an Temple... OK (0.0 km)
  Checking: Tianzifang... NEEDS UPDATE (0.3 km off)
    Current: (31.2106, 121.4668)
    Correct: (31.2083, 121.4681)
    Address: Tianzifang, Huangpu, China
  Checking: Zhujiajiao Water Town... NEEDS UPDATE (1.0 km off)
    Current: (31.1092, 121.0553)
    Correct: (31.1037, 121.0464)
    Address: Zhujiajiao, Qingpu District, Shanghai, China, 201713
  Checking: Shanghai Disney Resort... NEEDS UPDATE (0.6 km off)
    Current: (31.1445, 121.657)
    Correct: (31.1416, 121.6624)
    Address: China, 上海市浦东新区川沙新镇4MR6+MX2 邮政编码: 201205
  Checking: M50 Creative Park... NEEDS UPDATE (0.4 km off)
    Current: (31.2464, 121.4449)
    Correct: (31.2477, 121.4488)
    Address: 50 Mo Gan Shan Lu, Pu Tuo Qu, Shang Hai Shi, China, 200071
  Checking: Shanghai Museum... NEEDS UPDATE (0.3 km off)
    Current: (31.2294, 121.4732)
    Correct: (31.2283, 121.4755)
    Address: 201 Ren Min Da Dao, People's Square, Huang Pu Qu, China, 200003
  Checking: Nanjing Road... NEEDS UPDATE (0.5 km off)
    Current: (31.235, 121.4743)
    Correct: (31.2357, 121.4797)
    Address: Nan Jing Lu Bu Xing Jie, Huang Pu Qu, Shang Hai Shi, China
  Checking: Xintiandi... NEEDS UPDATE (0.4 km off)
    Current: (31.2195, 121.474)
    Correct: (31.2165, 121.4753)
    Address: Xintiandi station, Huang Pu Qu, Shang Hai Shi, China, 200020
  Checking: Jade Buddha Temple... OK (0.1 km)
  Checking: People's Square... NEEDS UPDATE (0.2 km off)
    Current: (31.2303, 121.4737)
    Correct: (31.2302, 121.4713)
    Address: People's Square, Huangpu, Shanghai, China
  Checking: Shanghai World Financial Center... OK (0.1 km)
  ✅ Updated 10 coordinates in file

[50/351] Processing: Asia/EastAsia/China/Cities/ShenzhenAttractions.swift
  Checking: Window of the World... OK (0.0 km)
  Checking: OCT Loft Creative Culture Park... NEEDS UPDATE (1.5 km off)
    Current: (22.5405, 113.9782)
    Correct: (22.5373, 113.9919)
    Address: China, Guang Dong Sheng, Shen Zhen Shi, Nan Shan Qu, Shan Tou Jie, 汕头街东E-2栋 邮政编码: 518053
  Checking: Shenzhen Bay Park... NEEDS UPDATE (0.7 km off)
    Current: (22.5029, 113.9595)
    Correct: (22.5065, 113.9535)
    Address: GX43+J99, Nanshan, Shenzhen, Guangdong Province, China, 518065
  Checking: Ping An Finance Centre... NEEDS UPDATE (0.8 km off)
    Current: (22.5364, 114.0494)
    Correct: (22.5331, 114.0559)
    Address: 中心城 Futian District, Shenzhen, China, 518017
  Checking: Splendid China & China Folk Village... NEEDS UPDATE (0.5 km off)
    Current: (22.5341, 113.9846)
    Correct: (22.5312, 113.9887)
    Address: Unnamed Road, GXJQ+FFX华侨城南山区深圳市广东省 China, 518053
  Checking: Dafen Oil Painting Village... NEEDS UPDATE (2.0 km off)
    Current: (22.5932, 114.1444)
    Correct: (22.6098, 114.1365)
    Address: Longgang, Shenzhen, China, 518112
  Checking: Shenzhen Museum... NEEDS UPDATE (0.3 km off)
    Current: (22.5455, 114.0599)
    Correct: (22.5437, 114.0620)
    Address: 4001 Jin Tian Lu, 中心城 Fu Tian Qu, Shen Zhen Shi, Guang Dong Sheng, China, 518047
  Checking: Sea World... NEEDS UPDATE (0.3 km off)
    Current: (22.4855, 113.9185)
    Correct: (22.4833, 113.9161)
    Address: China, Guang Dong Sheng, Shen Zhen Shi, Nan Shan Qu, Nanyou, 太子路 邮政编码: 518060
  ✅ Updated 7 coordinates in file

[51/351] Processing: Asia/EastAsia/China/Cities/SuzhouAttractions.swift
  Checking: Humble Administrator's Garden... NEEDS UPDATE (0.6 km off)
    Current: (31.325, 120.6236)
    Correct: (31.3242, 120.6300)
    Address: 178 Dong Bei Jie, Gu Su Qu, Su Zhou Shi, Jiang Su Sheng, China, 215001
  Checking: Suzhou Museum... NEEDS UPDATE (0.5 km off)
    Current: (31.3239, 120.6231)
    Correct: (31.3229, 120.6278)
    Address: 204 Dong Bei Jie, Gu Su Qu, Su Zhou Shi, Jiang Su Sheng, China, 215005
  Checking: Tiger Hill... NEEDS UPDATE (0.6 km off)
    Current: (31.3364, 120.5739)
    Correct: (31.3337, 120.5799)
    Address: China, 江苏省苏州市金阊区8HMH+FXV 邮政编码: 215001
  Checking: Tongli Water Town... NEEDS UPDATE (1.0 km off)
    Current: (31.1567, 120.7161)
    Correct: (31.1499, 120.7231)
    Address: Tongli, Wujiang, Suzhou, Jiangsu, China, 215217
  Checking: Pingjiang Road... OK (0.0 km)
  Checking: Master of the Nets Garden... NEEDS UPDATE (0.6 km off)
    Current: (31.3006, 120.6289)
    Correct: (31.2978, 120.6342)
    Address: Master of the Nets Garden, Gu Su Qu, Su Zhou Shi, China, 215005
  ✅ Updated 5 coordinates in file

[52/351] Processing: Asia/EastAsia/China/Cities/XianAttractions.swift
  Checking: Terracotta Army... OK (0.1 km)
  Checking: Xi'an City Wall... NEEDS UPDATE (2.1 km off)
    Current: (34.2583, 108.9478)
    Correct: (34.2768, 108.9472)
    Address: Xincheng, Xi'An, China, 710003
  Checking: Muslim Quarter... NEEDS UPDATE (0.2 km off)
    Current: (34.2633, 108.9394)
    Correct: (34.2615, 108.9388)
    Address: 90 Bei Guang Ji Jie, 钟楼商圈 Lian Hu Qu, Xi An Shi, Shan Xi Sheng, China, 710008
  Checking: Great Mosque... NEEDS UPDATE (0.2 km off)
    Current: (34.262, 108.938)
    Correct: (34.2632, 108.9391)
    Address: 7W7Q+7JF, Hua Jue Xiang, Lian Hu Qu, Xi An Shi, Shan Xi Sheng, China, 710001
  Checking: Giant Wild Goose Pagoda... NEEDS UPDATE (0.4 km off)
    Current: (34.2185, 108.9595)
    Correct: (34.2182, 108.9642)
    Address: 1 Ci En Lu, Yan Ta Qu, Xi An Shi, Shan Xi Sheng, China, 710064
  Checking: Mount Huashan... OK (0.0 km)
  Checking: Bell & Drum Towers... NEEDS UPDATE (2.6 km off)
    Current: (34.2608, 108.9423)
    Correct: (34.2376, 108.9419)
    Address: 6WQR+2QV, Jian Fu Si Lu, Bei Lin Qu, Xi An Shi, Shan Xi Sheng, China, 710064
  Checking: Shaanxi History Museum... NEEDS UPDATE (0.2 km off)
    Current: (34.2253, 108.9541)
    Correct: (34.2235, 108.9553)
    Address: 91 Xiao Zhai Dong Lu, Yan Ta Qu, Xi An Shi, Shan Xi Sheng, China, 710064
  Checking: Tang Paradise... NEEDS UPDATE (0.5 km off)
    Current: (34.2095, 108.971)
    Correct: (34.2123, 108.9747)
    Address: 99 Fu Rong Xi Lu, Yan Ta Qu, Xi An Shi, Shan Xi Sheng, China, 710061
  Checking: Small Wild Goose Pagoda... NEEDS UPDATE (0.4 km off)
    Current: (34.2359, 108.9397)
    Correct: (34.2392, 108.9420)
    Address: 72 You Yi Xi Lu, Bei Lin Qu, Xi An Shi, Shan Xi Sheng, China, 710064
  ✅ Updated 8 coordinates in file

[53/351] Processing: Asia/EastAsia/China/Cities/ZhangjiajieAttractions.swift
  Checking: Zhangjiajie National Forest Park... NEEDS UPDATE (0.9 km off)
    Current: (29.3232, 110.4342)
    Correct: (29.3153, 110.4348)
    Address: Zhangjiajie National Forest Park, Wu Ling Yuan Qu, Zhang Jia Jie Shi, Hu Nan Sheng, China, 427403
  Checking: Tianmen Mountain... NEEDS UPDATE (0.8 km off)
    Current: (29.0438, 110.475)
    Correct: (29.0468, 110.4821)
    Address: Tianmen Mountain, Yongding District, Zhangjiajie, China, 427302
  Checking: Zhangjiajie Grand Canyon Glass Bridge... NEEDS UPDATE (0.9 km off)
    Current: (29.3986, 110.6865)
    Correct: (29.3982, 110.6962)
    Address: China, 湖南省张家界市武陵源区9MXW+7FP 邮政编码: 427234
  Checking: Baofeng Lake... NEEDS UPDATE (1.0 km off)
    Current: (29.3307, 110.5591)
    Correct: (29.3278, 110.5494)
    Address: Baofeng Lake, Wulingyuan District, Zhangjiajie, Hunan, China, 427499
  Checking: Yellow Dragon Cave... NEEDS UPDATE (1.9 km off)
    Current: (29.3567, 110.5925)
    Correct: (29.3615, 110.6116)
    Address: 9J66+HMJ, Huang Long Lu, Wu Ling Yuan Qu, Zhang Jia Jie Shi, Hu Nan Sheng, China, 427499
  Checking: Tianzi Mountain... NEEDS UPDATE (4.8 km off)
    Current: (29.3621, 110.4571)
    Correct: (29.4037, 110.4436)
    Address: China, Hu Nan Sheng, Zhang Jia Jie Shi, Wu Ling Yuan Qu, 020县道CC3V+FCP 邮政编码: 427401
  ✅ Updated 6 coordinates in file

[54/351] Processing: Asia/EastAsia/HongKong/Cities/HongKongCityAttractions.swift
  Checking: Victoria Peak... OK (0.0 km)
  Checking: Tian Tan Buddha (Big Buddha)... OK (0.0 km)
  Checking: Star Ferry... NEEDS UPDATE (3.6 km off)
    Current: (22.287, 114.167)
    Correct: (22.3193, 114.1694)
    Address: Hong Kong
  Checking: Hong Kong Disneyland... OK (0.0 km)
  Checking: Ocean Park... OK (0.0 km)
  Checking: Temple Street Night Market... NEEDS UPDATE (0.3 km off)
    Current: (22.309, 114.1698)
    Correct: (22.3065, 114.1700)
    Address: Temple St, Jordan, Hong Kong
  Checking: Avenue of Stars... NEEDS UPDATE (0.5 km off)
    Current: (22.2933, 114.173)
    Correct: (22.2959, 114.1768)
    Address: Ave of Stars, Hong Kong
  Checking: Wong Tai Sin Temple... OK (0.0 km)
  Checking: Nan Lian Garden... NEEDS UPDATE (0.1 km off)
    Current: (22.3406, 114.2053)
    Correct: (22.3396, 114.2045)
    Address: Nan Lian Garden, Fung Tak Rd, Diamond Hill, Hong Kong
  Checking: Tai O Fishing Village... NEEDS UPDATE (0.3 km off)
    Current: (22.2536, 113.8637)
    Correct: (22.2523, 113.8661)
    Address: Tai O, Hong Kong
  Checking: Dragon's Back... NEEDS UPDATE (0.2 km off)
    Current: (22.2383, 114.2415)
    Correct: (22.2369, 114.2432)
    Address: Dragon's Back, Shek O, Hong Kong
  Checking: Man Mo Temple... OK (0.0 km)
  Checking: Ladies' Market... NEEDS UPDATE (0.2 km off)
    Current: (22.3194, 114.1705)
    Correct: (22.3211, 114.1702)
    Address: Tung Choi St, Mong Kok, Hong Kong
  Checking: Chi Lin Nunnery... OK (0.1 km)
  Checking: Repulse Bay & Stanley... NEEDS UPDATE (0.2 km off)
    Current: (22.2367, 114.1956)
    Correct: (22.2345, 114.1952)
    Address: Repulse Bay, Hong Kong
  ✅ Updated 8 coordinates in file

[55/351] Processing: Asia/EastAsia/Japan/Cities/FukuokaAttractions.swift
  Checking: Hakata Yatai Stalls... NEEDS UPDATE (0.1 km off)
    Current: (33.5916, 130.4086)
    Correct: (33.5907, 130.4079)
    Address: Japan, 〒810-0801 Fukuoka, Hakata Ward, Nakasu, 1 Chome−8, 那珂川 通り
  Checking: Dazaifu Tenmangu... OK (0.0 km)
  Checking: Canal City Hakata... OK (0.0 km)
  Checking: Ohori Park... OK (0.1 km)
  Checking: Fukuoka Tower... OK (0.0 km)
  Checking: Nanzoin Temple... NEEDS UPDATE (1.6 km off)
    Current: (33.6212, 130.5562)
    Correct: (33.6198, 130.5730)
    Address: 1035 Sasaguri, Kasuya District, Fukuoka 811-2405, Japan
  Checking: Kushida Shrine... NEEDS UPDATE (0.2 km off)
    Current: (33.5908, 130.4106)
    Correct: (33.5930, 130.4105)
    Address: 1-41 Kamikawabatamachi, Hakata Ward, Fukuoka, 812-0026, Japan
  Checking: Uminonakamichi Seaside Park... NEEDS UPDATE (1.3 km off)
    Current: (33.6606, 130.3477)
    Correct: (33.6643, 130.3616)
    Address: Uminonakamichi Seaside Park, 18-25 Saitozaki, Higashi Ward, Fukuoka, 811-0321, Japan
  Checking: Fukuoka Castle Ruins (Maizuru Park)... OK (0.1 km)
  ✅ Updated 4 coordinates in file

[56/351] Processing: Asia/EastAsia/Japan/Cities/HakoneAttractions.swift
  Checking: Lake Ashi... NEEDS UPDATE (0.7 km off)
    Current: (35.2046, 138.9989)
    Correct: (35.2096, 139.0035)
    Address: Lake Ashi, Motohakone, Hakone, Ashigarashimo District, Kanagawa 250-0522, Japan
  Checking: Owakudani... NEEDS UPDATE (0.1 km off)
    Current: (35.2424, 139.0193)
    Correct: (35.2434, 139.0194)
    Address: Owakudani, Sengokuhara, Hakone, Ashigarashimo District, Kanagawa, Japan
  Checking: Hakone Open-Air Museum... OK (0.1 km)
  Checking: Hakone Shrine... OK (0.0 km)
  Checking: Hakone Tozan Railway... NEEDS UPDATE (2.7 km off)
    Current: (35.2333, 139.1037)
    Correct: (35.2383, 139.0750)
    Address: Hakone Tozan Railway, Hakone, Ashigarashimo District, Kanagawa, Japan
  Checking: Yunessun Spa Resort... NEEDS UPDATE (0.2 km off)
    Current: (35.2386, 139.0436)
    Correct: (35.2394, 139.0453)
    Address: Hakone Kowakien Yunessun, 1297 Ninotaira, Hakone, Ashigarashimo District, Kanagawa 250-0407, Japan
  Checking: Pola Museum of Art... NEEDS UPDATE (0.7 km off)
    Current: (35.2536, 139.0274)
    Correct: (35.2567, 139.0212)
    Address: Japan, 〒250-0631 Kanagawa, Ashigarashimo District, Hakone, Sengokuhara, 小塚山１２８５
  Checking: Choanji Temple... NEEDS UPDATE (0.7 km off)
    Current: (35.2678, 139.0116)
    Correct: (35.2736, 139.0129)
    Address: 82 Sengokuhara, Hakone, Ashigarashimo District, Kanagawa 250-0631, Japan
  Checking: Hakone Sekisho (Checkpoint)... NEEDS UPDATE (0.1 km off)
    Current: (35.1932, 139.0253)
    Correct: (35.1924, 139.0262)
    Address: 1番地 Hakone, Ashigarashimo District, Kanagawa 250-0521, Japan
  ✅ Updated 7 coordinates in file

[57/351] Processing: Asia/EastAsia/Japan/Cities/HiroshimaAttractions.swift
  Checking: Peace Memorial Park & Museum... OK (0.0 km)
  Checking: Itsukushima Shrine (Miyajima)... OK (0.0 km)
  Checking: Atomic Bomb Dome... OK (0.0 km)
  Checking: Hiroshima Castle... OK (0.1 km)
  Checking: Shukkei-en Garden... OK (0.0 km)
  Checking: Mount Misen (Miyajima)... OK (0.0 km)
  Checking: Mazda Museum... NEEDS UPDATE (2.3 km off)
    Current: (34.3644, 132.4851)
    Correct: (34.3778, 132.5039)
    Address: 3-1 Shinchi, Fuchu, Aki District, Hiroshima 735-0028, Japan
  Checking: Okonomimura... OK (0.0 km)
  Checking: Orizuru Tower... OK (0.0 km)
  ✅ Updated 1 coordinates in file

[58/351] Processing: Asia/EastAsia/Japan/Cities/KyotoAttractions.swift
  Checking: Fushimi Inari Taisha... NEEDS UPDATE (0.6 km off)
    Current: (34.9671, 135.7727)
    Correct: (34.9677, 135.7792)
    Address: 68 Fukakusa Yabunouchichō, Fushimi Ward, Kyoto, 612-0882, Japan
  Checking: Kinkaku-ji (Golden Pavilion)... OK (0.0 km)
  Checking: Kiyomizu-dera... OK (0.0 km)
  Checking: Arashiyama Bamboo Grove... OK (0.0 km)
  Checking: Gion District... OK (0.1 km)
  Checking: Nijo Castle... OK (0.0 km)
  Checking: Ginkaku-ji (Silver Pavilion)... OK (0.0 km)
  Checking: Philosopher's Path... NEEDS UPDATE (0.5 km off)
    Current: (35.0262, 135.7953)
    Correct: (35.0215, 135.7943)
    Address: Tetsugaku No Michi, Sakyo Ward, Kyoto, Japan
  Checking: Nishiki Market... OK (0.0 km)
  Checking: Ryoan-ji... OK (0.0 km)
  Checking: Sanjusangendo... OK (0.0 km)
  Checking: Heian Shrine... OK (0.0 km)
  Checking: Eikan-do Zenrin-ji... NEEDS UPDATE (0.1 km off)
    Current: (35.0145, 135.7955)
    Correct: (35.0149, 135.7942)
    Address: 48 Eikandōchō, Sakyo Ward, Kyoto, 606-8445, Japan
  Checking: Nanzen-ji... NEEDS UPDATE (0.2 km off)
    Current: (35.0113, 135.7937)
    Correct: (35.0103, 135.7918)
    Address: Nanzenji Fukuchicho, Sakyo Ward, Kyoto, 606-8435, Japan
  Checking: Yasaka Shrine... OK (0.0 km)
  Checking: Pontocho Alley... OK (0.1 km)
  Checking: Kyoto Imperial Palace... NEEDS UPDATE (0.1 km off)
    Current: (35.0254, 135.7621)
    Correct: (35.0241, 135.7621)
    Address: 内 Kyōtogyoen, Kamigyo Ward, Kyoto, 602-0811, Japan
  ✅ Updated 5 coordinates in file

[59/351] Processing: Asia/EastAsia/Japan/Cities/NaraAttractions.swift
  Checking: Nara Park... OK (0.0 km)
  Checking: Todai-ji Temple... OK (0.0 km)
  Checking: Kasuga Taisha... OK (0.0 km)
  Checking: Kofuku-ji Temple... NEEDS UPDATE (0.1 km off)
    Current: (34.6828, 135.8322)
    Correct: (34.6832, 135.8312)
    Address: 48 Noboriōjichō, Nara, 630-8213, Japan
  Checking: Isuien Garden... NEEDS UPDATE (0.2 km off)
    Current: (34.6865, 135.8351)
    Correct: (34.6860, 135.8372)
    Address: Isuien Garden and Neiraku Museum, 74 Suimonchō, Nara, 630-8208, Japan
  Checking: Naramachi... NEEDS UPDATE (0.5 km off)
    Current: (34.6784, 135.8304)
    Correct: (34.6760, 135.8348)
    Address: Naramachi, Nara, Japan
  Checking: Horyu-ji Temple... NEEDS UPDATE (0.2 km off)
    Current: (34.6141, 135.7357)
    Correct: (34.6147, 135.7342)
    Address: 1-1-1 Hōryūji Sannai, Ikaruga, Ikoma District, Nara 636-0115, Japan
  Checking: Mount Wakakusa... OK (0.1 km)
  Checking: Yakushi-ji Temple... NEEDS UPDATE (0.2 km off)
    Current: (34.6685, 135.7865)
    Correct: (34.6686, 135.7843)
    Address: 457 Nishinokyōchō, Nara, 630-8563, Japan
  ✅ Updated 5 coordinates in file

[60/351] Processing: Asia/EastAsia/Japan/Cities/NikkoAttractions.swift
  Checking: Toshogu Shrine... OK (0.0 km)
  Checking: Kegon Falls... OK (0.1 km)
  Checking: Lake Chuzenji... NEEDS UPDATE (1.2 km off)
    Current: (36.7423, 139.4878)
    Correct: (36.7329, 139.4822)
    Address: Lake Chūzenji, Nikko, Tochigi 321-1661, Japan
  Checking: Shinkyo Bridge... OK (0.1 km)
  Checking: Rinno-ji Temple... NEEDS UPDATE (0.1 km off)
    Current: (36.7554, 139.6009)
    Correct: (36.7545, 139.6009)
    Address: 2300 Sannai, Nikko, Tochigi 321-1431, Japan
  Checking: Edo Wonderland... NEEDS UPDATE (0.1 km off)
    Current: (36.7909, 139.699)
    Correct: (36.7908, 139.6973)
    Address: 470-2 Karakura, Nikko, Tochigi 321-2524, Japan
  Checking: Taiyuin Mausoleum... OK (0.1 km)
  Checking: Futarasan Shrine... NEEDS UPDATE (0.2 km off)
    Current: (36.7565, 139.596)
    Correct: (36.7584, 139.5964)
    Address: 2307 Sannai, Nikko, Tochigi 321-1431, Japan
  Checking: Tamozawa Imperial Villa... NEEDS UPDATE (0.2 km off)
    Current: (36.7516, 139.5898)
    Correct: (36.7525, 139.5911)
    Address: Nikko Tamozawa Imperial Villa Memorial Park, 8-27 Honchō, Nikko, Tochigi 321-1434, Japan
  ✅ Updated 5 coordinates in file

[61/351] Processing: Asia/EastAsia/Japan/Cities/OkinawaAttractions.swift
  Checking: Okinawa Churaumi Aquarium... OK (0.0 km)
  Checking: Shuri Castle... OK (0.0 km)
  Checking: Kokusai Dori... NEEDS UPDATE (0.3 km off)
    Current: (26.2154, 127.6848)
    Correct: (26.2139, 127.6879)
    Address: Kokusai dori, 3 Chome-2 Makishi, Naha, Okinawa, Japan
  Checking: American Village... NEEDS UPDATE (0.4 km off)
    Current: (26.3164, 127.7576)
    Correct: (26.3159, 127.7540)
    Address: Mihama, Chatan, Nakagami District, Okinawa 904-0115, Japan
  Checking: Sefa Utaki... NEEDS UPDATE (0.2 km off)
    Current: (26.1734, 127.826)
    Correct: (26.1721, 127.8265)
    Address: Kudeken-539 Chinen, Nanjo, Okinawa 901-1511, Japan
  Checking: Cape Manzamo... OK (0.1 km)
  Checking: Okinawa Peace Memorial Park... OK (0.1 km)
  Checking: Okinawa World (Gyokusendo Cave)... NEEDS UPDATE (0.1 km off)
    Current: (26.1397, 127.7503)
    Correct: (26.1403, 127.7494)
    Address: Maekawa-1336 Tamagusuku, Nanjo, Okinawa 901-0616, Japan
  Checking: Cape Zanpa... OK (0.0 km)
  ✅ Updated 4 coordinates in file

[62/351] Processing: Asia/EastAsia/Japan/Cities/OsakaAttractions.swift
  Checking: Dotonbori... NEEDS UPDATE (0.2 km off)
    Current: (34.6687, 135.5013)
    Correct: (34.6686, 135.5031)
    Address: Dotonbori, Chuo Ward, Osaka, 542-0071, Japan
  Checking: Osaka Castle... OK (0.0 km)
  Checking: Universal Studios Japan... OK (0.0 km)
  Checking: Shinsekai... OK (0.1 km)
  Checking: Umeda Sky Building... OK (0.1 km)
  Checking: Kuromon Ichiba Market... NEEDS UPDATE (0.1 km off)
    Current: (34.6656, 135.5074)
    Correct: (34.6654, 135.5062)
    Address: 2 Chome-21 Nipponbashi, Chuo Ward, Osaka, 542-0073, Japan
  Checking: Osaka Aquarium Kaiyukan... OK (0.0 km)
  Checking: Sumiyoshi Taisha... OK (0.0 km)
  Checking: CupNoodles Museum Osaka... OK (0.0 km)
  Checking: Abeno Harukas... OK (0.1 km)
  Checking: Shitenno-ji... OK (0.1 km)
  Checking: Minoo Park... OK (0.1 km)
  Checking: Tempozan Ferris Wheel... OK (0.0 km)
  Checking: Amerikamura... OK (0.1 km)
  ✅ Updated 2 coordinates in file

[63/351] Processing: Asia/EastAsia/Japan/Cities/SapporoAttractions.swift
  Checking: Sapporo Snow Festival (Odori Park)... NEEDS UPDATE (0.5 km off)
    Current: (43.0598, 141.3486)
    Correct: (43.0608, 141.3544)
    Address: Odori Park, １〜１２丁目 Ōdōrinishi, Chuo Ward, Sapporo, Hokkaido 060-0042, Japan
  Checking: Sapporo Beer Museum... OK (0.0 km)
  Checking: Shiroi Koibito Park... OK (0.1 km)
  Checking: Mount Moiwa... OK (0.1 km)
  Checking: Nijo Market... OK (0.0 km)
  Checking: Susukino... NEEDS UPDATE (0.1 km off)
    Current: (43.0543, 141.3534)
    Correct: (43.0536, 141.3522)
    Address: Susukino St, Minami 6 Jōnishi, Chuo Ward, Sapporo, Hokkaido 064-0806, Japan
  Checking: Hokkaido Shrine... OK (0.1 km)
  Checking: Moerenuma Park... NEEDS UPDATE (0.1 km off)
    Current: (43.1226, 141.4283)
    Correct: (43.1231, 141.4267)
    Address: Moerenuma Park, 1-1 Moerenumakōen, Higashi Ward, Sapporo, Hokkaido 007-0011, Japan
  Checking: Sapporo Clock Tower... OK (0.0 km)
  ✅ Updated 3 coordinates in file

[64/351] Processing: Asia/EastAsia/Japan/Cities/TokyoAttractions.swift
  Checking: Senso-ji Temple... OK (0.0 km)
  Checking: Meiji Shrine... OK (0.0 km)
  Checking: Shibuya Crossing... OK (0.0 km)
  Checking: Tokyo Tower... OK (0.0 km)
  Checking: teamLab Planets... NEEDS UPDATE (0.4 km off)
    Current: (35.6459, 139.7915)
    Correct: (35.6491, 139.7898)
    Address: 6-chōme-1-16 Toyosu, Koto City, Tokyo 135-0061, Japan
  Checking: Imperial Palace East Gardens... NEEDS UPDATE (0.4 km off)
    Current: (35.6852, 139.7528)
    Correct: (35.6868, 139.7571)
    Address: Imperial Palace East National Gardens, 1-1 Chiyoda, Chiyoda City, Tokyo 100-8111, Japan
  Checking: Shinjuku Gyoen... OK (0.0 km)
  Checking: Akihabara Electric Town... NEEDS UPDATE (0.2 km off)
    Current: (35.6984, 139.7731)
    Correct: (35.6996, 139.7714)
    Address: Akihabara Electric Town, Tokyo, Japan
  Checking: Takeshita Street... NEEDS UPDATE (0.2 km off)
    Current: (35.6715, 139.7029)
    Correct: (35.6710, 139.7052)
    Address: Takeshita St, 1-chōme Jingūmae, Shibuya, Tokyo 150-0001, Japan
  Checking: Ueno Park... NEEDS UPDATE (0.1 km off)
    Current: (35.714, 139.7741)
    Correct: (35.7148, 139.7734)
    Address: Ueno Park, 4 Uenokōen, Taito City, Tokyo 110-0007, Japan
  Checking: Odaiba... NEEDS UPDATE (0.9 km off)
    Current: (35.6267, 139.7741)
    Correct: (35.6206, 139.7805)
    Address: Odaiba, Tokyo, Japan
  Checking: Roppongi Hills... OK (0.0 km)
  Checking: Tsukiji Outer Market... OK (0.1 km)
  Checking: Ginza... NEEDS UPDATE (0.1 km off)
    Current: (35.6713, 139.7649)
    Correct: (35.6712, 139.7665)
    Address: Ginza, Chuo City, Tokyo 104-0061, Japan
  Checking: Tokyo DisneySea... OK (0.0 km)
  Checking: Ghibli Museum... OK (0.0 km)
  Checking: Sunshine City (Ikebukuro)... OK (0.0 km)
  Checking: Yoyogi Park... NEEDS UPDATE (0.2 km off)
    Current: (35.6717, 139.6949)
    Correct: (35.6701, 139.6950)
    Address: Yoyogi Park, 2-1 Yoyogikamizonochō, Shibuya, Tokyo 151-0052, Japan
  Checking: Nezu Museum... OK (0.1 km)
  Checking: Tokyo National Museum... OK (0.0 km)
  Checking: Kabukicho Tower... OK (0.1 km)
  ✅ Updated 8 coordinates in file

[65/351] Processing: Asia/EastAsia/Mongolia/Cities/DalanzadgadAttractions.swift
  Checking: Yol Valley (Yolyn Am)... OK (0.0 km)
  Checking: Flaming Cliffs (Bayanzag)... OK (0.0 km)
  Checking: Khongor Sand Dunes... OK (0.0 km)
  Checking: Khavtsgait Petroglyphs... OK (0.0 km)
  Checking: Ongi Monastery Ruins... OK (0.0 km)

[66/351] Processing: Asia/EastAsia/Mongolia/Cities/KharkhorinAttractions.swift
  Checking: Erdene Zuu Monastery... NEEDS UPDATE (0.2 km off)
    Current: (47.2009, 102.8437)
    Correct: (47.2012, 102.8410)
    Address: 6R2R+F9Q, Kharkhorin, Ovorkhangai, Mongolia
  Checking: Museum of Karakorum... NEEDS UPDATE (2.3 km off)
    Current: (47.1963, 102.8536)
    Correct: (47.1964, 102.8236)
    Address: Kharkhorin, Ovorkhangai, Mongolia
  Checking: Monument to the Mongol States... NEEDS UPDATE (1.9 km off)
    Current: (47.2105, 102.8083)
    Correct: (47.1964, 102.8236)
    Address: Kharkhorin, Ovorkhangai, Mongolia
  Checking: Phallic Rock... NEEDS UPDATE (0.1 km off)
    Current: (47.1866, 102.8524)
    Correct: (47.1859, 102.8539)
    Address: 5VP3+8H, Kharkhorin, Ovorkhangai, Mongolia
  Checking: Orkhon Waterfall (Ulaan Tsutgalan)... OK (0.0 km)
  Checking: Tuvkhun Monastery... OK (0.0 km)
  ✅ Updated 4 coordinates in file

[67/351] Processing: Asia/EastAsia/Mongolia/Cities/MurunAttractions.swift
  Checking: Lake Khuvsgul... OK (0.0 km)
  Checking: Khatgal Village... OK (0.0 km)
  Checking: Uushigiin Uver Deer Stones... NEEDS UPDATE (0.6 km off)
    Current: (49.6586, 99.9234)
    Correct: (49.6555, 99.9294)
    Address: MW4H+5QM, Murun, Khovsgol, Mongolia
  ✅ Updated 1 coordinates in file

[68/351] Processing: Asia/EastAsia/Mongolia/Cities/UlaanbaatarAttractions.swift
  Checking: Gandantegchinlen Monastery... NEEDS UPDATE (0.2 km off)
    Current: (47.9219, 106.8936)
    Correct: (47.9231, 106.8950)
    Address: BGD - 16 khoroo, Ulaanbaatar 16040, Mongolia
  Checking: Sukhbaatar Square... OK (0.0 km)
  Checking: Zaisan Memorial... NEEDS UPDATE (1.5 km off)
    Current: (47.8864, 106.9059)
    Correct: (47.8745, 106.9151)
    Address: Zaisan, HUD - 11 khoroo, Ulaanbaatar, Mongolia
  Checking: Bogd Khan Palace Museum... NEEDS UPDATE (0.1 km off)
    Current: (47.8967, 106.9084)
    Correct: (47.8974, 106.9070)
    Address: HUD - 19 khoroo, Ulaanbaatar 17040, Mongolia
  Checking: National Museum of Mongolia... OK (0.1 km)
  Checking: Choijin Lama Temple Museum... NEEDS UPDATE (0.2 km off)
    Current: (47.9157, 106.9167)
    Correct: (47.9145, 106.9185)
    Address: WW79+HH5 Genden St, SBD - 1 khoroo, Ulaanbaatar 14240, Mongolia
  Checking: Gorkhi-Terelj National Park... OK (0.0 km)
  Checking: Zanabazar Fine Arts Museum... NEEDS UPDATE (0.3 km off)
    Current: (47.9178, 106.9115)
    Correct: (47.9202, 106.9094)
    Address: Sambuu St Art Museum, CHD - 4 khoroo, Ulaanbaatar 15170, Mongolia
  Checking: Narantuul Market (Black Market)... NEEDS UPDATE (0.2 km off)
    Current: (47.909, 106.9453)
    Correct: (47.9092, 106.9481)
    Address: WW5X+M7J, BZD - 42 khoroo, Ulaanbaatar 13336, Mongolia
  Checking: The Beatles Square... NEEDS UPDATE (4.3 km off)
    Current: (47.9161, 106.9102)
    Correct: (47.9122, 106.8529)
    Address: WV63+V4H, BGD - 29 khoroo, Ulaanbaatar 16100, Mongolia
  ✅ Updated 7 coordinates in file

[69/351] Processing: Asia/EastAsia/SouthKorea/Cities/BusanAttractions.swift
  Checking: Haeundae Beach... NEEDS UPDATE (1.9 km off)
    Current: (35.1587, 129.1604)
    Correct: (35.1719, 129.1741)
    Address: Haeundae-gu, Busan, South Korea
  Checking: Gamcheon Culture Village... OK (0.0 km)
  Checking: Jagalchi Fish Market... OK (0.0 km)
  Checking: Haedong Yonggungsa Temple... OK (0.0 km)
  Checking: Gwangalli Beach... OK (0.0 km)
  Checking: Taejongdae Resort Park... NEEDS UPDATE (0.1 km off)
    Current: (35.0519, 129.0874)
    Correct: (35.0531, 129.0872)
    Address: Taejongdae, 24 Jeonmang-ro, Yeongdo-gu, Busan, South Korea
  Checking: Oryukdo Skywalk... NEEDS UPDATE (0.1 km off)
    Current: (35.1011, 129.1232)
    Correct: (35.1007, 129.1244)
    Address: Oryukdo Skywalk, 137 Oryukdo-ro, Nam-gu, Busan, South Korea
  Checking: Beomeosa Temple... NEEDS UPDATE (0.1 km off)
    Current: (35.2831, 129.0683)
    Correct: (35.2840, 129.0688)
    Address: 250 Beomeosa-ro, Geumjeong-gu, Busan, South Korea
  ✅ Updated 4 coordinates in file

[70/351] Processing: Asia/EastAsia/SouthKorea/Cities/GyeongjuAttractions.swift
  Checking: Bulguksa Temple... OK (0.0 km)
  Checking: Seokguram Grotto... OK (0.0 km)
  Checking: Daereungwon Tomb Complex... NEEDS UPDATE (0.1 km off)
    Current: (35.8392, 129.2109)
    Correct: (35.8381, 129.2108)
    Address: 31-1 Hwangnam-dong, Gyeongju, Gyeongsangbuk-do, South Korea
  Checking: Donggung Palace & Wolji Pond... OK (0.0 km)
  Checking: Cheomseongdae Observatory... OK (0.0 km)
  Checking: Gyeongju National Museum... NEEDS UPDATE (0.2 km off)
    Current: (35.8305, 129.2289)
    Correct: (35.8294, 129.2279)
    Address: 186 Iljeong-ro, Gyeongju, Gyeongsangbuk-do, South Korea
  ✅ Updated 2 coordinates in file

[71/351] Processing: Asia/EastAsia/SouthKorea/Cities/IncheonAttractions.swift
  Checking: Incheon Chinatown... OK (0.0 km)
  Checking: Songdo Central Park... OK (0.1 km)
  Checking: Wolmido Island... NEEDS UPDATE (0.5 km off)
    Current: (37.4714, 126.5968)
    Correct: (37.4754, 126.5978)
    Address: Wolmido, Incheon
  Checking: Incheon Grand Park... NEEDS UPDATE (0.8 km off)
    Current: (37.4526, 126.749)
    Correct: (37.4592, 126.7522)
    Address: Incheon Grand Park, 236 Munemi-ro, Namdong-gu, Incheon, South Korea
  ✅ Updated 2 coordinates in file

[72/351] Processing: Asia/EastAsia/SouthKorea/Cities/JejuAttractions.swift
  Checking: Seongsan Ilchulbong... OK (0.0 km)
  Checking: Hallasan National Park... NEEDS UPDATE (0.6 km off)
    Current: (33.3617, 126.5292)
    Correct: (33.3606, 126.5358)
    Address: Hallasan National Park, 2070-61 1100로 특별자치도, Cheju, Jeju-do, South Korea
  Checking: Manjanggul Cave... NEEDS UPDATE (0.1 km off)
    Current: (33.5284, 126.7716)
    Correct: (33.5282, 126.7703)
    Address: Manjanggul Lava Tube, 182 Manjanggul-gil, Gujwa-eup, Cheju, Jeju-do, South Korea
  Checking: Cheonjiyeon Waterfall... NEEDS UPDATE (0.5 km off)
    Current: (33.2448, 126.5596)
    Correct: (33.2469, 126.5544)
    Address: Cheonjiyeon Waterfall, Seogwipo-si, South Korea
  Checking: Jusangjeolli Cliff... OK (0.1 km)
  Checking: Jeongbang Waterfall... NEEDS UPDATE (0.3 km off)
    Current: (33.2447, 126.5684)
    Correct: (33.2449, 126.5718)
    Address: 37 Chilsimni-ro 214beon-gil, Seogwipo, Jeju-do, South Korea
  Checking: Osulloc Tea Museum... OK (0.0 km)
  ✅ Updated 4 coordinates in file

[73/351] Processing: Asia/EastAsia/SouthKorea/Cities/SeoulAttractions.swift
  Checking: Gyeongbokgung Palace... OK (0.0 km)
  Checking: N Seoul Tower... OK (0.0 km)
  Checking: Bukchon Hanok Village... NEEDS UPDATE (0.2 km off)
    Current: (37.5826, 126.983)
    Correct: (37.5815, 126.9850)
    Address: Gyedong-gil, Jongno District, Seoul, South Korea
  Checking: Myeongdong Shopping Street... NEEDS UPDATE (0.5 km off)
    Current: (37.56, 126.986)
    Correct: (37.5642, 126.9861)
    Address: 1-5 Myeong-dong, Jung District, Seoul, South Korea
  Checking: Dongdaemun Design Plaza (DDP)... OK (0.0 km)
  Checking: Lotte World Tower... OK (0.0 km)
  Checking: Changdeokgung Palace... OK (0.0 km)
  Checking: Insadong... NEEDS UPDATE (0.3 km off)
    Current: (37.5743, 126.985)
    Correct: (37.5717, 126.9861)
    Address: Insa-dong, Jongno District, Seoul, South Korea
  Checking: Hongdae... NEEDS UPDATE (0.1 km off)
    Current: (37.5567, 126.9237)
    Correct: (37.5562, 126.9250)
    Address: 347-20 Seogyo-dong, Mapo-gu, Seoul, South Korea
  Checking: Itaewon... NEEDS UPDATE (0.5 km off)
    Current: (37.5342, 126.9946)
    Correct: (37.5385, 126.9925)
    Address: Itaewon-dong, Yongsan District, Seoul, South Korea
  Checking: National Museum of Korea... OK (0.0 km)
  Checking: War Memorial of Korea... OK (0.0 km)
  Checking: Cheonggyecheon Stream... NEEDS UPDATE (2.0 km off)
    Current: (37.5689, 127.0018)
    Correct: (37.5691, 126.9787)
    Address: Cheonggyecheon, Jongno District, Seoul, South Korea
  Checking: Starfield Library... NEEDS UPDATE (0.1 km off)
    Current: (37.5113, 127.0596)
    Correct: (37.5101, 127.0601)
    Address: South Korea, Seoul, Gangnam District, Yeongdong-daero, 513 스타필드 코엑스몰 B1
  ✅ Updated 7 coordinates in file

[74/351] Processing: Asia/EastAsia/Taiwan/Cities/HualienAttractions.swift
  Checking: Taroko Gorge (Taroko National Park)... OK (0.0 km)
  Checking: Qixingtan Beach... NEEDS UPDATE (2.2 km off)
    Current: (24.0256, 121.6322)
    Correct: (24.0430, 121.6225)
    Address: Qixingtan Beach, Hualien County, Taiwan
  Checking: Swallow Grotto (Yanzikou)... NEEDS UPDATE (1.2 km off)
    Current: (24.1738, 121.5694)
    Correct: (24.1745, 121.5574)
    Address: 972, Taiwan, Hualien County, Xiulin Township, 花蓮縣秀林鄉
  ✅ Updated 2 coordinates in file

[75/351] Processing: Asia/EastAsia/Taiwan/Cities/KaohsiungAttractions.swift
  Checking: Dragon and Tiger Pagodas... OK (0.0 km)
  Checking: The Pier-2 Art Center... OK (0.0 km)
  Checking: Fo Guang Shan Buddha Museum... NEEDS UPDATE (0.2 km off)
    Current: (22.757, 120.4478)
    Correct: (22.7549, 120.4474)
    Address: No. 1號, Tongling Rd, Dashu District, Kaohsiung City, Taiwan 84049
  Checking: Liuhe Night Market... OK (0.1 km)
  ✅ Updated 1 coordinates in file

[76/351] Processing: Asia/EastAsia/Taiwan/Cities/NantouAttractions.swift
  Checking: Sun Moon Lake... NEEDS UPDATE (0.6 km off)
    Current: (23.8517, 120.9157)
    Correct: (23.8573, 120.9159)
    Address: Sun Moon Lake, Yuchi Township, Nantou County, Taiwan 555
  Checking: Wenwu Temple... OK (0.1 km)
  ✅ Updated 1 coordinates in file

[77/351] Processing: Asia/EastAsia/Taiwan/Cities/TaichungAttractions.swift
  Checking: Rainbow Village... OK (0.0 km)
  Checking: Miyahara... OK (0.0 km)
  Checking: Gaomei Wetlands... NEEDS UPDATE (0.5 km off)
    Current: (24.3129, 120.5501)
    Correct: (24.3133, 120.5452)
    Address: Gaomei Wetlands, Taiwan
  ✅ Updated 1 coordinates in file

[78/351] Processing: Asia/EastAsia/Taiwan/Cities/TainanAttractions.swift
  Checking: Anping Old Fort... OK (0.1 km)
  Checking: Chihkan Tower... OK (0.0 km)
  Checking: Garden Night Market... NEEDS UPDATE (0.2 km off)
    Current: (23.0118, 120.1982)
    Correct: (23.0112, 120.2002)
    Address: No. 533號, Section 3, Hai'an Rd, North District, Tainan City, Taiwan 704
  ✅ Updated 1 coordinates in file

[79/351] Processing: Asia/EastAsia/Taiwan/Cities/TaipeiAttractions.swift
  Checking: Taipei 101... OK (0.0 km)
  Checking: Chiang Kai-shek Memorial Hall... NEEDS UPDATE (0.2 km off)
    Current: (25.0346, 121.5216)
    Correct: (25.0355, 121.5202)
    Address: Zhongzheng District, Taipei City, Taiwan 100
  Checking: National Palace Museum... OK (0.0 km)
  Checking: Longshan Temple... OK (0.0 km)
  Checking: Elephant Mountain (Xiangshan)... NEEDS UPDATE (0.6 km off)
    Current: (25.0273, 121.5707)
    Correct: (25.0272, 121.5765)
    Address: 110, Taiwan, 臺北市信義區象山
  Checking: Raohe Street Night Market... OK (0.0 km)
  Checking: Shilin Night Market... NEEDS UPDATE (0.1 km off)
    Current: (25.0872, 121.5245)
    Correct: (25.0885, 121.5244)
    Address: No. 101, Jihe Rd, Shilin District, Taipei City, Taiwan 111
  Checking: Beitou Hot Springs... OK (0.1 km)
  ✅ Updated 3 coordinates in file

[80/351] Processing: Asia/MiddleEast/Bahrain/Cities/ManamaAttractions.swift
  Checking: Bahrain National Museum... OK (0.0 km)
  Checking: Bahrain Fort (Qal'at al-Bahrain)... OK (0.1 km)
  Checking: Al-Fateh Grand Mosque... NEEDS UPDATE (0.9 km off)
    Current: (26.2161, 50.5894)
    Correct: (26.2189, 50.5980)
    Address: Awal Avenue Corner, Al Fatih Hwy, Manama, Bahrain
  Checking: Bab Al Bahrain... NEEDS UPDATE (0.3 km off)
    Current: (26.233, 50.5789)
    Correct: (26.2340, 50.5757)
    Address: ROAD 475, 304 Bab Al Bahrain Ave, المنامة، Bahrain
  Checking: Manama Souq... NEEDS UPDATE (0.4 km off)
    Current: (26.2328, 50.58)
    Correct: (26.2303, 50.5767)
    Address: Al Mutanabi Ave, Manama, Bahrain
  Checking: Tree of Life... OK (0.0 km)
  Checking: Bahrain World Trade Center... NEEDS UPDATE (0.2 km off)
    Current: (26.2401, 50.5831)
    Correct: (26.2397, 50.5815)
    Address: Isa Al Kabeer Ave, Manama, Bahrain
  Checking: Bahrain International Circuit... NEEDS UPDATE (0.2 km off)
    Current: (26.0336, 50.5114)
    Correct: (26.0321, 50.5108)
    Address: Gate 255, Gulf of Bahrain Avenue Umm Jidar, Sakhir، 1062, Bahrain
  Checking: Al Dar Islands... OK (0.0 km)
  Checking: Bahrain National Theatre... OK (0.0 km)
  Checking: Muharraq Old Town... NEEDS UPDATE (1.2 km off)
    Current: (26.2575, 50.619)
    Correct: (26.2535, 50.6083)
    Address: Muharraq, Bahrain
  Checking: Arad Fort... NEEDS UPDATE (2.4 km off)
    Current: (26.2679, 50.6102)
    Correct: (26.2525, 50.6272)
    Address: 7J2G+XVW, Rd No 4233, Arad, Bahrain
  Checking: Block 338 & Adliya... NEEDS UPDATE (1.3 km off)
    Current: (26.2152, 50.5828)
    Correct: (26.2129, 50.5951)
    Address: Block 338, Manama, Bahrain
  Checking: A'ali Royal Burial Mounds... NEEDS UPDATE (0.9 km off)
    Current: (26.1567, 50.5267)
    Correct: (26.1590, 50.5183)
    Address: A'ali, Bahrain
  Checking: The Avenues Bahrain... OK (0.0 km)
  Checking: Lost Paradise of Dilmun Waterpark... OK (0.0 km)
  Checking: Oil Museum... OK (0.0 km)
  Checking: Amwaj Islands... NEEDS UPDATE (2.1 km off)
    Current: (26.3, 50.6833)
    Correct: (26.2911, 50.6653)
    Address: Amwaj Islands, Bahrain
  ✅ Updated 10 coordinates in file

[81/351] Processing: Asia/MiddleEast/Iran/Cities/IsfahanAttractions.swift
  Checking: Naqsh-e Jahan Square... OK (0.1 km)
  Checking: Imam Mosque (Shah Mosque)... OK (0.1 km)
  Checking: Sheikh Lotfollah Mosque... OK (0.0 km)
  Checking: Ali Qapu Palace... OK (0.1 km)
  Checking: Si-o-se-pol Bridge... NEEDS UPDATE (0.4 km off)
    Current: (32.6424, 51.6709)
    Correct: (32.6447, 51.6677)
    Address: Isfahan Province, Esfahan, Enghelab Sq Chahar Bagh e Abbasi St، JMV9+V3V Si-o-Se Pol Bridge, Iran
  Checking: Khaju Bridge... NEEDS UPDATE (0.4 km off)
    Current: (32.6375, 51.6875)
    Correct: (32.6368, 51.6833)
    Address: Isfahan Province, Isfahan, Khajoo Bridge, JMPM+P8H, Iran
  Checking: Vank Cathedral... NEEDS UPDATE (0.1 km off)
    Current: (32.6341, 51.6554)
    Correct: (32.6350, 51.6557)
    Address: Isfahan Province, Isfahan, Vank Church Alley, Iran
  Checking: Chehel Sotoun Palace... NEEDS UPDATE (0.2 km off)
    Current: (32.6564, 51.6703)
    Correct: (32.6573, 51.6717)
    Address: Esfahan, استان اصفهان اصفهان دروازه دولت) خیابان سپه، Imam Hossein Square، Iran
  Checking: Isfahan Grand Bazaar (Qeysarieh)... NEEDS UPDATE (0.4 km off)
    Current: (32.6596, 51.6758)
    Correct: (32.6627, 51.6777)
    Address: Esfahan Bazaar, Isfahan, Isfahan Province, Iran
  ✅ Updated 5 coordinates in file

[82/351] Processing: Asia/MiddleEast/Iran/Cities/ShirazAttractions.swift
  Checking: Nasir al-Mulk Mosque (Pink Mosque)... OK (0.0 km)
  Checking: Persepolis... OK (0.0 km)
  Checking: Naqsh-e Rostam... OK (0.0 km)
  Checking: Eram Garden... NEEDS UPDATE (0.4 km off)
    Current: (29.6335, 52.5253)
    Correct: (29.6369, 52.5263)
    Address: Shiraz, Eram Blvd, Eram Garden, Iran
  Checking: Tomb of Hafez... NEEDS UPDATE (1.6 km off)
    Current: (29.6201, 52.5742)
    Correct: (29.6258, 52.5585)
    Address: Fars Province, Shiraz, District 3, خیابان حافظیه، JHG5+899 Tomb of Hafez, Iran
  Checking: Vakil Bazaar... NEEDS UPDATE (0.9 km off)
    Current: (29.6085, 52.5428)
    Correct: (29.6153, 52.5470)
    Address: Fars Province, Shiraz, District 8, Vakil Bazaar, Iran
  Checking: Arg of Karim Khan... NEEDS UPDATE (1.2 km off)
    Current: (29.6113, 52.5417)
    Correct: (29.6220, 52.5411)
    Address: Fars Province, Shiraz, خیابان رودکی، JGCR+QCW, Iran
  Checking: Shah Cheragh Shrine... NEEDS UPDATE (0.6 km off)
    Current: (29.6083, 52.5489)
    Correct: (29.6097, 52.5433)
    Address: JG5V+V8, Shiraz, Fars Province, Iran
  ✅ Updated 5 coordinates in file

[83/351] Processing: Asia/MiddleEast/Iran/Cities/TehranAttractions.swift
  Checking: Golestan Palace... NEEDS UPDATE (0.2 km off)
    Current: (35.6792, 51.4182)
    Correct: (35.6798, 51.4205)
    Address: Tehran, Tehran District 12 Fifth Khordad Avenue Arg Sqr, Panzdah-e-Khordad St, Iran
  Checking: National Jewelry Treasury... NEEDS UPDATE (0.5 km off)
    Current: (35.6968, 51.4148)
    Correct: (35.6936, 51.4194)
    Address: Tehran Province, Tehran, Javadiyeh, 213 Avenue Central Bank of، Ferdowsi, Iran
  Checking: Milad Tower... OK (0.0 km)
  Checking: Azadi Tower... OK (0.0 km)
  Checking: National Museum of Iran... NEEDS UPDATE (0.3 km off)
    Current: (35.689, 51.4136)
    Correct: (35.6868, 51.4146)
    Address: Tehran, No.1, Henri Rolin St., Siy-e Tir St., Emam Khomeini, Ave, Iran
  Checking: Grand Bazaar... NEEDS UPDATE (0.6 km off)
    Current: (35.6761, 51.423)
    Correct: (35.6780, 51.4170)
    Address: Tehran Province, Tehran, District 12, Panzdah-e-Khordad St, Iran
  Checking: Tochal Ski Resort & Telecabin... OK (0.0 km)
  Checking: Niavaran Palace Complex... NEEDS UPDATE (0.7 km off)
    Current: (35.8122, 51.4647)
    Correct: (35.8112, 51.4726)
    Address: Tajrish, استان تهران تهران باهنر (نیاوران, میدان شهید, Niavaran Palace Complex, مجموعه فرهنگی تاریخی نیاوران, Iran
  Checking: Tabiat Bridge... NEEDS UPDATE (1.0 km off)
    Current: (35.7578, 51.4097)
    Correct: (35.7544, 51.4204)
    Address: Tehran, تگراه شهید مدرس، QC3C+Q4H Tabiat Bridge, Iran
  Checking: Darband... NEEDS UPDATE (0.2 km off)
    Current: (35.825, 51.425)
    Correct: (35.8233, 51.4251)
    Address: Darband, Tehran, Tehran Province, Iran
  ✅ Updated 7 coordinates in file

[84/351] Processing: Asia/MiddleEast/Iraq/Cities/BaghdadAttractions.swift
  Checking: National Museum of Iraq... NEEDS UPDATE (2.1 km off)
    Current: (33.3296, 44.3624)
    Correct: (33.3281, 44.3850)
    Address: 89HP+62J, Baghdad, Baghdad Governorate, Iraq
  Checking: Al-Mutanabbi Street... NEEDS UPDATE (0.6 km off)
    Current: (33.336, 44.3922)
    Correct: (33.3407, 44.3888)
    Address: Mutanabbi St, Baghdad, Baghdad Governorate, Iraq
  Checking: Al-Kadhimiya Mosque... NEEDS UPDATE (0.5 km off)
    Current: (33.3833, 44.3417)
    Correct: (33.3801, 44.3382)
    Address: Kadhimiya, Baghdad, Baghdad Governorate, Iraq
  Checking: Baghdad Tower (International Tower)... NEEDS UPDATE (2.0 km off)
    Current: (33.315, 44.37)
    Correct: (33.3033, 44.3543)
    Address: Baghdad Tower, شارع بيروت، Baghdad, Baghdad Governorate, Iraq
  Checking: Al-Shaheed Monument... NEEDS UPDATE (4.8 km off)
    Current: (33.3203, 44.4028)
    Correct: (33.3432, 44.4462)
    Address: Baghdad, Baghdad Governorate, Iraq
  Checking: Firdos Square... NEEDS UPDATE (3.7 km off)
    Current: (33.3139, 44.3814)
    Correct: (33.3147, 44.4207)
    Address: Firdos Square, Baghdad, Baghdad Governorate, Iraq
  Checking: Tigris River Cruise... NEEDS UPDATE (2.8 km off)
    Current: (33.33, 44.39)
    Correct: (33.3152, 44.3661)
    Address: Baghdad, Baghdad Governorate, Iraq
  Skipping: Babylon (Day Trip) (excluded)
  Checking: Zawraa Park... NEEDS UPDATE (2.3 km off)
    Current: (33.3333, 44.3667)
    Correct: (33.3149, 44.3770)
    Address: Al-Zawraa Park, شارع دمشق،، Baghdad, Baghdad Governorate, Iraq
  Checking: Abu Hanifa Mosque... NEEDS UPDATE (3.0 km off)
    Current: (33.3653, 44.3894)
    Correct: (33.3719, 44.3584)
    Address: Abu Hanifa Mosque, Baghdad, Baghdad Governorate, 00964, Iraq
  Checking: Al-Mustansiriya Madrasah... NEEDS UPDATE (0.6 km off)
    Current: (33.3389, 44.3967)
    Correct: (33.3383, 44.3901)
    Address: 89QR+832, Shuhada Bridge, Baghdad, Baghdad Governorate, Iraq
  ✅ Updated 10 coordinates in file

[85/351] Processing: Asia/MiddleEast/Iraq/Cities/ErbilAttractions.swift
  Checking: Erbil Citadel... OK (0.0 km)
  Checking: Kurdish Textile Museum... NEEDS UPDATE (0.1 km off)
    Current: (36.1913, 44.0095)
    Correct: (36.1902, 44.0100)
    Address: 52R6+326, Erbil, Erbil Governorate, 44001, Iraq
  Checking: Sami Abdul Rahman Park... NEEDS UPDATE (1.3 km off)
    Current: (36.1944, 43.9986)
    Correct: (36.1912, 43.9850)
    Address: 5XRP+F2M Sami Abdulrahman Park, Erbil, Erbil Governorate, Iraq
  Checking: Erbil Bazaar (Qaysari)... NEEDS UPDATE (0.3 km off)
    Current: (36.19, 44.0083)
    Correct: (36.1881, 44.0100)
    Address: Haji Dawood Mosque, Erbil, Erbil Governorate, Iraq
  Checking: Shanidar Cave... NEEDS UPDATE (0.3 km off)
    Current: (36.8333, 44.2167)
    Correct: (36.8348, 44.2191)
    Address: R6M9+WJ5, Goratu, Erbil Governorate, Iraq
  Checking: Jalil Khayat Mosque... NEEDS UPDATE (1.7 km off)
    Current: (36.1867, 44.0133)
    Correct: (36.2011, 44.0185)
    Address: Erbil, Erbil Governorate, Iraq
  ✅ Updated 5 coordinates in file

[86/351] Processing: Asia/MiddleEast/Israel/Cities/HaifaAttractions.swift
  Checking: Bahá'í Gardens... NEEDS UPDATE (0.3 km off)
    Current: (32.8141, 34.9853)
    Correct: (32.8114, 34.9853)
    Address: Baháʼí Garden Haifa, Yefe Nof St 61, Haifa, Israel
  Checking: German Colony... NEEDS UPDATE (2.0 km off)
    Current: (32.8039, 34.9893)
    Correct: (32.8214, 34.9913)
    Address: German Colony, Haifa, Israel
  Checking: Carmelit Underground Funicular... NEEDS UPDATE (1.0 km off)
    Current: (32.8179, 34.9893)
    Correct: (32.8179, 35.0003)
    Address: Carmelit, Haifa, Israel
  Checking: Stella Maris Monastery... NEEDS UPDATE (0.2 km off)
    Current: (32.8287, 34.972)
    Correct: (32.8272, 34.9701)
    Address: Stella Maris Rd 100, Haifa, 3109002, Israel
  Checking: Haifa Cable Car... NEEDS UPDATE (0.8 km off)
    Current: (32.8241, 34.9729)
    Correct: (32.8312, 34.9709)
    Address: Cable Car/Ha'Aliya HaShniya, Haifa, Israel
  Checking: Wadi Nisnas... NEEDS UPDATE (0.7 km off)
    Current: (32.8157, 34.9891)
    Correct: (32.8165, 34.9961)
    Address: Wadi Nisnas, Haifa, Israel
  Checking: Madatech - Israel National Museum of Science... NEEDS UPDATE (1.8 km off)
    Current: (32.8165, 34.978)
    Correct: (32.8103, 34.9963)
    Address: Shmaryahu Levin St 25, Haifa, 3144801, Israel
  Checking: Louis Promenade... NEEDS UPDATE (1.2 km off)
    Current: (32.8209, 34.9848)
    Correct: (32.8098, 34.9859)
    Address: Louis Promenade, Haifa, Israel
  Checking: Tikotin Museum of Japanese Art... NEEDS UPDATE (1.2 km off)
    Current: (32.8198, 34.9855)
    Correct: (32.8093, 34.9853)
    Address: HaNassi Blvd 89, Haifa, Israel
  Checking: Elijah's Cave... NEEDS UPDATE (0.5 km off)
    Current: (32.8253, 34.9683)
    Correct: (32.8300, 34.9696)
    Address: HaHagana Ave 79, Haifa, Israel
  Checking: Haifa Educational Zoo... NEEDS UPDATE (1.3 km off)
    Current: (32.8183, 34.9857)
    Correct: (32.8062, 34.9867)
    Address: Ha’Em Garden, Ha-Tishbi St 124, Haifa, Israel
  Checking: Bat Galim Beach... NEEDS UPDATE (1.7 km off)
    Current: (32.8231, 34.9681)
    Correct: (32.8355, 34.9793)
    Address: Bat Galim Beach, Israel
  Checking: Hecht Museum... NEEDS UPDATE (2.8 km off)
    Current: (32.7633, 34.9879)
    Correct: (32.7632, 35.0180)
    Address: Abba Khoushy Ave 199, Haifa, Israel
  Checking: Haifa Port... NEEDS UPDATE (0.3 km off)
    Current: (32.8193, 35.0021)
    Correct: (32.8213, 35.0007)
    Address: Haifa Port, Haifa Port - Passenger Terminal, Haifa, Israel
  ✅ Updated 14 coordinates in file

[87/351] Processing: Asia/MiddleEast/Israel/Cities/TelAvivAttractions.swift
  Checking: Jaffa Old City... NEEDS UPDATE (0.6 km off)
    Current: (32.0515, 34.7507)
    Correct: (32.0549, 34.7552)
    Address: Old City, Tel Aviv-Yafo, Israel
  Checking: White City Bauhaus Architecture... NEEDS UPDATE (1.3 km off)
    Current: (32.0731, 34.7749)
    Correct: (32.0730, 34.7892)
    Address: HaYovel Tower, Menakhem Begin Rd 125, Tel Aviv-Yafo, Israel
  Checking: Carmel Market... NEEDS UPDATE (0.3 km off)
    Current: (32.066, 34.7683)
    Correct: (32.0687, 34.7690)
    Address: Carmel Market, Tel Aviv-Yafo
  Checking: Tel Aviv Beach Promenade... NEEDS UPDATE (1.8 km off)
    Current: (32.0861, 34.7674)
    Correct: (32.0700, 34.7633)
    Address: Aviv Beach, Israel
  Checking: Rothschild Boulevard... NEEDS UPDATE (0.4 km off)
    Current: (32.0638, 34.7726)
    Correct: (32.0654, 34.7766)
    Address: Rothschild Blvd, Tel Aviv-Yafo, Israel
  Checking: Tel Aviv Museum of Art... OK (0.1 km)
  Checking: Neve Tzedek... NEEDS UPDATE (0.3 km off)
    Current: (32.0597, 34.7654)
    Correct: (32.0622, 34.7648)
    Address: Neve Tzedek, Tel Aviv-Yafo, Israel
  Checking: Sarona Market... NEEDS UPDATE (0.2 km off)
    Current: (32.0721, 34.7855)
    Correct: (32.0713, 34.7872)
    Address: Aluf Kalman Magen St 3, Tel Aviv-Yafo, Israel
  Checking: Independence Hall... OK (0.1 km)
  Checking: Dizengoff Square... OK (0.1 km)
  Checking: Eretz Israel Museum... NEEDS UPDATE (1.2 km off)
    Current: (32.1133, 34.8008)
    Correct: (32.1032, 34.7962)
    Address: Chaim Levanon St 2, Tel Aviv-Yafo, Israel
  Checking: Gordon Beach... NEEDS UPDATE (0.1 km off)
    Current: (32.0836, 34.7666)
    Correct: (32.0827, 34.7674)
    Address: Gordon Beach, Israel
  Checking: Old Tel Aviv Port... NEEDS UPDATE (1.5 km off)
    Current: (32.097, 34.7732)
    Correct: (32.0853, 34.7818)
    Address: Shalom, Tel Aviv-Jaffa, Israel
  Checking: Nachalat Binyamin Arts & Crafts Fair... NEEDS UPDATE (0.2 km off)
    Current: (32.0665, 34.7713)
    Correct: (32.0677, 34.7701)
    Address: Nachalat Binyamin, Tel Aviv-Yafo, Israel
  ✅ Updated 11 coordinates in file

[88/351] Processing: Asia/MiddleEast/Jordan/Cities/AmmanAttractions.swift
  Checking: Amman Citadel (Jabal al-Qal'a)... NEEDS UPDATE (0.3 km off)
    Current: (31.9562, 35.934)
    Correct: (31.9543, 35.9365)
    Address: K. Ali Ben Al-Hussein St. 146, Amman, Jordan
  Checking: Roman Theatre... NEEDS UPDATE (0.3 km off)
    Current: (31.9512, 35.9358)
    Correct: (31.9518, 35.9393)
    Address: Taha Al Hashemi, Amman, Jordan
  Checking: Rainbow Street... NEEDS UPDATE (0.5 km off)
    Current: (31.954, 35.927)
    Correct: (31.9492, 35.9275)
    Address: Rainbow St., Amman, Jordan
  Checking: King Abdullah I Mosque... NEEDS UPDATE (1.0 km off)
    Current: (31.9534, 35.9078)
    Correct: (31.9612, 35.9129)
    Address: XW67+F4H, Amman, Jordan
  Checking: Jordan Museum... NEEDS UPDATE (0.8 km off)
    Current: (31.953, 35.9287)
    Correct: (31.9458, 35.9272)
    Address: Ali bin Abi Taleb Street، Amman, Jordan
  Checking: Downtown Amman (Al-Balad)... OK (0.0 km)
  Skipping: Dead Sea Beach Resorts (excluded)
  Skipping: Mount Nebo (excluded)
  Skipping: Madaba (Mosaic City) (excluded)
  Skipping: Jerash (Gerasa) (excluded)
  Skipping: Wadi Rum Desert (excluded)
  Skipping: Aqaba Red Sea (excluded)
  Checking: Darat al Funun... NEEDS UPDATE (0.1 km off)
    Current: (31.9548, 35.9298)
    Correct: (31.9539, 35.9306)
    Address: Nadim Al-Mallah St 13, Amman, Jordan
  Checking: Wild Jordan Center... NEEDS UPDATE (0.9 km off)
    Current: (31.9568, 35.9247)
    Correct: (31.9511, 35.9309)
    Address: XW2J+C9R, Othman Ben Affan, Amman, Jordan
  Skipping: Ajloun Castle (excluded)
  ✅ Updated 7 coordinates in file

[89/351] Processing: Asia/MiddleEast/Jordan/Cities/PetraAttractions.swift
  Checking: The Treasury (Al-Khazneh)... OK (0.1 km)
  Checking: The Siq... NEEDS UPDATE (0.8 km off)
    Current: (30.325, 35.448)
    Correct: (30.3230, 35.4562)
    Address: 8FF4+5FW, Wadi Musa, Jordan
  Checking: The Monastery (Ad-Deir)... NEEDS UPDATE (0.5 km off)
    Current: (30.3342, 35.43)
    Correct: (30.3382, 35.4310)
    Address: Jordan
  Checking: Royal Tombs... NEEDS UPDATE (0.5 km off)
    Current: (30.3248, 35.4532)
    Correct: (30.3278, 35.4489)
    Address: Wadi Musa, Jordan
  Checking: The High Place of Sacrifice... NEEDS UPDATE (0.6 km off)
    Current: (30.3265, 35.4466)
    Correct: (30.3215, 35.4470)
    Address: 8CCW+HQQ, Al Madbah, Jordan
  Checking: Street of Facades... NEEDS UPDATE (0.4 km off)
    Current: (30.3235, 35.4515)
    Correct: (30.3254, 35.4475)
    Address: Street of Facades, Jordan
  Checking: Roman Theatre... NEEDS UPDATE (0.9 km off)
    Current: (30.3246, 35.4525)
    Correct: (30.3285, 35.4444)
    Address: Jordan
  Checking: Petra by Night... NEEDS UPDATE (2.1 km off)
    Current: (30.3227, 35.4511)
    Correct: (30.3253, 35.4732)
    Address: in Petra Visitor Center, Tourism St, Wadi Musa 71811, Jordan
  Checking: Little Petra (Siq al-Barid)... NEEDS UPDATE (3.7 km off)
    Current: (30.3718, 35.4283)
    Correct: (30.3802, 35.4658)
    Address: 9FJ8+38C, Al-Baydha, Jordan
  Checking: Great Temple... NEEDS UPDATE (0.4 km off)
    Current: (30.3255, 35.4438)
    Correct: (30.3286, 35.4422)
    Address: 8CHR+FV3, Wadi Musa, Jordan
  Checking: Byzantine Church... NEEDS UPDATE (0.4 km off)
    Current: (30.3275, 35.446)
    Correct: (30.3306, 35.4443)
    Address: 8CJV+6PV, Wadi Musa, Jordan
  Checking: Colonnaded Street... NEEDS UPDATE (0.5 km off)
    Current: (30.326, 35.445)
    Correct: (30.3293, 35.4421)
    Address: Colonnaded St, Jordan
  ✅ Updated 11 coordinates in file

[90/351] Processing: Asia/MiddleEast/Kuwait/Cities/KuwaitCityAttractions.swift
  Checking: Kuwait Towers... NEEDS UPDATE (2.1 km off)
    Current: (29.3909, 47.9811)
    Correct: (29.3896, 48.0027)
    Address: Arabian Gulf St, Al Kuwayt 00000, Kuwait
  Checking: Grand Mosque... NEEDS UPDATE (0.4 km off)
    Current: (29.3778, 47.9714)
    Correct: (29.3791, 47.9752)
    Address: 25, Al Kuwayt, Kuwait
  Checking: The Avenues Mall... NEEDS UPDATE (1.1 km off)
    Current: (29.3125, 47.9383)
    Correct: (29.3032, 47.9360)
    Address: The Avenues Mall, Kuwait
  Checking: Liberation Tower... NEEDS UPDATE (1.1 km off)
    Current: (29.3764, 47.9689)
    Correct: (29.3682, 47.9749)
    Address: 9X9F+7XF, Abdulla Al Salem St, Al Kuwayt, Kuwait
  Checking: Souq Al-Mubarakiya... NEEDS UPDATE (0.6 km off)
    Current: (29.378, 47.9767)
    Correct: (29.3738, 47.9729)
    Address: المباركية, Gharabally Souq St, Al Kuwayt, Kuwait
  Checking: Scientific Center Kuwait... OK (0.0 km)
  Checking: Museum of Modern Art... NEEDS UPDATE (2.0 km off)
    Current: (29.369, 47.9943)
    Correct: (29.3845, 47.9834)
    Address: 9XMM+Q9V, Ibraheem Al Mudhaf St, Al Kuwayt, Kuwait
  Checking: Tareq Rajab Museum... OK (0.0 km)
  Checking: Marina Mall & Crescent... OK (0.0 km)
  Checking: Al Shaheed Park... NEEDS UPDATE (0.8 km off)
    Current: (29.3697, 47.9858)
    Correct: (29.3693, 47.9937)
    Address: Al Shaheed Park, Soor St, Al Kuwayt, Kuwait
  Checking: Failaka Island... NEEDS UPDATE (4.4 km off)
    Current: (29.4333, 48.3333)
    Correct: (29.4427, 48.2891)
    Address: Failaka Island, Kuwait
  Checking: Mirror House... NEEDS UPDATE (2.4 km off)
    Current: (29.3583, 47.9875)
    Correct: (29.3479, 48.0092)
    Address: 17 94 St, Kuwait
  Checking: Kuwait National Museum... NEEDS UPDATE (1.8 km off)
    Current: (29.3778, 47.9847)
    Correct: (29.3732, 47.9669)
    Address: next to the Seif Palace and Kuwait’s National Assembly، Arabian Gulf St, Al Kuwayt, Kuwait
  Checking: Seif Palace... NEEDS UPDATE (0.5 km off)
    Current: (29.3772, 47.9731)
    Correct: (29.3817, 47.9712)
    Address: Seif Palace, Sief Palace, Al Kuwayt, Kuwait
  Checking: 360 Mall... NEEDS UPDATE (4.3 km off)
    Current: (29.2867, 47.9547)
    Correct: (29.2676, 47.9929)
    Address: Jassem Mohamed Al Kharafi Rd، Al Zahraa 13151, Kuwait
  Checking: Kubbar Island... OK (0.0 km)
  Checking: Al Kout Beach & Mall... OK (0.0 km)
  ✅ Updated 12 coordinates in file

[91/351] Processing: Asia/MiddleEast/Lebanon/Cities/BeirutAttractions.swift
  Checking: Pigeon Rocks (Raouché)... NEEDS UPDATE (1.6 km off)
    Current: (33.8734, 35.4735)
    Correct: (33.8877, 35.4734)
    Address: Raoucheh, Beirut, Lebanon
  Checking: National Museum of Beirut... NEEDS UPDATE (0.6 km off)
    Current: (33.8742, 35.5107)
    Correct: (33.8784, 35.5150)
    Address: National museum of Beirut, Mathaf, Lebanon
  Checking: Downtown Beirut (BCD)... NEEDS UPDATE (0.7 km off)
    Current: (33.8969, 35.5033)
    Correct: (33.9021, 35.4995)
    Address: BCD, Bayrut, Lebanon
  Checking: Mohammad Al-Amin Mosque... NEEDS UPDATE (0.2 km off)
    Current: (33.8966, 35.5063)
    Correct: (33.8952, 35.5063)
    Address: ساحة الشهداء، Bayrut, Lebanon
  Checking: Hamra Street... NEEDS UPDATE (0.1 km off)
    Current: (33.8952, 35.4829)
    Correct: (33.8963, 35.4830)
    Address: Hamra, Bayrut, Lebanon
  Checking: American University of Beirut... NEEDS UPDATE (0.5 km off)
    Current: (33.9009, 35.4776)
    Correct: (33.9025, 35.4822)
    Address: American University of Beirut, Beirut, Lebanon
  Checking: Beirut Corniche... NOT FOUND
  Checking: Gemmayzeh & Mar Mikhael... NEEDS UPDATE (0.7 km off)
    Current: (33.89, 35.5159)
    Correct: (33.8955, 35.5206)
    Address: Gouraud & Mar Mikhael, Beirut, Lebanon
  Checking: Sursock Museum... NEEDS UPDATE (0.5 km off)
    Current: (33.8894, 35.519)
    Correct: (33.8932, 35.5164)
    Address: Greek Orthodox Archbishopric Street, Bayrut 2071 5509, Lebanon
  Checking: Beit Beirut (Yellow House)... NEEDS UPDATE (0.8 km off)
    Current: (33.8802, 35.5109)
    Correct: (33.8870, 35.5084)
    Address: VGP5+Q8X, Beirut, Lebanon
  Skipping: Baalbek Temples (Day Trip) (excluded)
  Skipping: Byblos (Jbeil) (excluded)
  Checking: Jeita Grotto... NEEDS UPDATE (0.2 km off)
    Current: (33.9428, 35.6393)
    Correct: (33.9437, 35.6409)
    Address: Valley of the Dog River, شارع كسروان، Beirut, Lebanon
  Checking: Harissa & Our Lady of Lebanon... NEEDS UPDATE (4.7 km off)
    Current: (33.9813, 35.6004)
    Correct: (33.9817, 35.6513)
    Address: XMJ2+MG8, Harissa, Lebanon
  Checking: Zaitunay Bay... NEEDS UPDATE (1.5 km off)
    Current: (33.8998, 35.5141)
    Correct: (33.9022, 35.4982)
    Address: WF2X+V7W Zaitunay Bay, Beirut Marina, Bayrut, Lebanon
  Checking: St. George Greek Orthodox Cathedral... OK (0.1 km)
  Checking: Place de l'Étoile... NEEDS UPDATE (0.1 km off)
    Current: (33.8968, 35.5032)
    Correct: (33.8965, 35.5046)
    Address: VGW3+HRX, Beirut, Lebanon
  Checking: Ashrafieh... NEEDS UPDATE (0.2 km off)
    Current: (33.888, 35.517)
    Correct: (33.8869, 35.5192)
    Address: Achrafieh, Beirut, Lebanon
  Checking: Beirut Souks... NEEDS UPDATE (0.6 km off)
    Current: (33.8989, 35.5009)
    Correct: (33.8938, 35.5018)
    Address: Beirut, Lebanon
  Skipping: Sidon (Saida) (excluded)
  ✅ Updated 15 coordinates in file

[92/351] Processing: Asia/MiddleEast/Oman/Cities/MuscatAttractions.swift
  Checking: Sultan Qaboos Grand Mosque... NEEDS UPDATE (2.1 km off)
    Current: (23.5947, 58.4051)
    Correct: (23.5838, 58.3887)
    Address: Sultan Qaboos St, Muscat, Oman
  Checking: Royal Opera House Muscat... OK (0.0 km)
  Checking: Mutrah Souq... NEEDS UPDATE (0.4 km off)
    Current: (23.6199, 58.568)
    Correct: (23.6204, 58.5645)
    Address: سوق مطرح مطرح، مسقط،، Mutrah Market, near Mutrah Corniche, مسقط، Oman
  Checking: Mutrah Corniche... NEEDS UPDATE (1.2 km off)
    Current: (23.618, 58.562)
    Correct: (23.6228, 58.5729)
    Address: Mutrah Corniche, JHFF+45M، مسقط، Oman
  Checking: Al Jalali & Al Mirani Forts... NEEDS UPDATE (0.4 km off)
    Current: (23.6138, 58.5935)
    Correct: (23.6172, 58.5934)
    Address: Al Mirani Fort, Muscat, Oman
  Checking: National Museum of Oman... NEEDS UPDATE (0.1 km off)
    Current: (23.6121, 58.5929)
    Correct: (23.6116, 58.5937)
    Address: opposite Al Alam Palace، Al Saidiya St, Muscat, Oman
  Checking: Al Alam Palace... NEEDS UPDATE (0.4 km off)
    Current: (23.6127, 58.5942)
    Correct: (23.6159, 58.5947)
    Address: JH8V+9V8, Muscat, Oman
  Skipping: Wadi Shab (excluded)
  Checking: Bimmah Sinkhole... NEEDS UPDATE (1.2 km off)
    Current: (23.0361, 59.0831)
    Correct: (23.0362, 59.0718)
    Address: 23PC+FP7 Bimmah Sinkhole, Dabab Sinkhole هوية نجم, Dibab, Oman
  Checking: Qurum Beach... NEEDS UPDATE (2.9 km off)
    Current: (23.605, 58.4972)
    Correct: (23.6250, 58.4793)
    Address: Qurum Beach, Muscat, Oman
  Skipping: Nizwa Day Trip (excluded)
  Skipping: Jebel Akhdar (Green Mountain) (excluded)
  Skipping: Wahiba Sands Desert (excluded)
  Checking: Bait Al Zubair Museum... NEEDS UPDATE (0.2 km off)
    Current: (23.614, 58.5915)
    Correct: (23.6144, 58.5896)
    Address: JH7Q+QRG, Muscat, Oman
  Checking: Dolphin & Whale Watching... OK (0.0 km)
  Skipping: Ras Al Jinz Turtle Reserve (excluded)
  Checking: Muscat Gate Museum... NEEDS UPDATE (0.8 km off)
    Current: (23.6098, 58.587)
    Correct: (23.6172, 58.5869)
    Address: JH8P+VQG, Al Saidiya St, Muscat, Oman
  Checking: Bandar Khayran... OK (0.0 km)
  ✅ Updated 10 coordinates in file

[93/351] Processing: Asia/MiddleEast/Qatar/Cities/DohaAttractions.swift
  Checking: Museum of Islamic Art... OK (0.1 km)
  Checking: Souq Waqif... NEEDS UPDATE (0.2 km off)
    Current: (25.2866, 51.5331)
    Correct: (25.2880, 51.5329)
    Address: Doha, Qatar
  Checking: The Pearl-Qatar... NEEDS UPDATE (0.3 km off)
    Current: (25.3714, 51.551)
    Correct: (25.3686, 51.5516)
    Address: The Pearl Island, Doha, Qatar
  Checking: National Museum of Qatar... NEEDS UPDATE (0.1 km off)
    Current: (25.2871, 51.5495)
    Correct: (25.2883, 51.5493)
    Address: Museum Pk St, Doha, Qatar
  Checking: Katara Cultural Village... NEEDS UPDATE (0.3 km off)
    Current: (25.3595, 51.5271)
    Correct: (25.3610, 51.5245)
    Address: Doha, Qatar
  Checking: Doha Corniche... NEEDS UPDATE (1.1 km off)
    Current: (25.3048, 51.5218)
    Correct: (25.3144, 51.5216)
    Address: Doha Corniche, Doha, Qatar
  Checking: Aspire Park... NEEDS UPDATE (0.7 km off)
    Current: (25.2619, 51.4427)
    Correct: (25.2600, 51.4356)
    Address: Aspire Park, Aspire Zone, Aspire Park Running Trail, Doha, Qatar
  Checking: Villaggio Mall... NEEDS UPDATE (0.4 km off)
    Current: (25.2627, 51.4437)
    Correct: (25.2590, 51.4436)
    Address: Al Waab St, Doha, Qatar
  Checking: Msheireb Downtown Doha... NEEDS UPDATE (0.1 km off)
    Current: (25.2866, 51.5278)
    Correct: (25.2860, 51.5268)
    Address: Msheireb Downtown Doha, Doha, Qatar
  Checking: Lusail City... NEEDS UPDATE (1.7 km off)
    Current: (25.43, 51.49)
    Correct: (25.4185, 51.5008)
    Address: Lusail, Qatar
  Checking: Falcon Souq... NEEDS UPDATE (0.3 km off)
    Current: (25.2878, 51.5339)
    Correct: (25.2888, 51.5310)
    Address: Al Souq St, Doha, Qatar
  Skipping: Al Zubarah Fort (excluded)
  Checking: 3-2-1 Qatar Olympic and Sports Museum... NEEDS UPDATE (0.7 km off)
    Current: (25.2602, 51.4443)
    Correct: (25.2637, 51.4501)
    Address: 7F72+F2, Doha, Qatar
  Skipping: Desert Safari & Inland Sea (excluded)
  Checking: Education City Mosques... NEEDS UPDATE (1.0 km off)
    Current: (25.3167, 51.4361)
    Correct: (25.3171, 51.4459)
    Address: 8C8W+QJ9, Ar-Rayyan, Qatar
  Checking: Dhow Cruise... NEEDS UPDATE (2.4 km off)
    Current: (25.292, 51.535)
    Correct: (25.3058, 51.5532)
    Address: 8H43+C5 Mina Corniche, Doha, Qatar
  Checking: West Bay Skyline... NEEDS UPDATE (0.2 km off)
    Current: (25.323, 51.531)
    Correct: (25.3220, 51.5328)
    Address: West Bay, Doha, Qatar
  Skipping: Oryx Statue at Hamad Airport (excluded)
  Checking: Mathaf: Arab Museum of Modern Art... NEEDS UPDATE (2.3 km off)
    Current: (25.3131, 51.4423)
    Correct: (25.3108, 51.4191)
    Address: Education City Student Center, الدوحة، Qatar
  Checking: Fire Station: Artists in Residence... NEEDS UPDATE (3.3 km off)
    Current: (25.2793, 51.5277)
    Correct: (25.3025, 51.5079)
    Address: Fire Station Hall، Mohammed Bin Thani, Doha, Qatar
  Checking: Banana Island Resort... OK (0.0 km)
  Checking: Place Vendome Mall... NEEDS UPDATE (3.4 km off)
    Current: (25.4278, 51.5003)
    Correct: (25.4029, 51.5196)
    Address: Wadi Al Gaeya, Lusail, Qatar
  ✅ Updated 17 coordinates in file

[94/351] Processing: Asia/MiddleEast/SaudiArabia/Cities/JeddahAttractions.swift
  Checking: Al-Balad (Historic Jeddah)... NEEDS UPDATE (0.4 km off)
    Current: (21.483, 39.188)
    Correct: (21.4860, 39.1854)
    Address: Al-Balad, Jeddah Saudi Arabia
  Checking: King Fahd Fountain... NEEDS UPDATE (1.9 km off)
    Current: (21.5011, 39.1547)
    Correct: (21.5157, 39.1451)
    Address: Meeza International Tourism Services Co. Ltd، Al Andalus, Jeddah 23311, Saudi Arabia
  Checking: Jeddah Corniche... OK (0.0 km)
  Checking: Red Sea Mall... NEEDS UPDATE (1.4 km off)
    Current: (21.6167, 39.1083)
    Correct: (21.6287, 39.1118)
    Address: طريق الملك عبدالعزيز،، Ash Shati, Jeddah 21146, Saudi Arabia
  Checking: Floating Mosque (Al Rahma)... NEEDS UPDATE (3.8 km off)
    Current: (21.5233, 39.155)
    Correct: (21.5573, 39.1525)
    Address: JERA6978, 6978, 3021 حائل، الأندلس، جدة 23431, Saudi Arabia
  Checking: Jeddah Tower (Under Construction)... OK (0.0 km)
  Checking: Naseef House Museum... OK (0.1 km)
  Checking: Fakieh Aquarium... OK (0.0 km)
  Checking: Obhur Creek... NEEDS UPDATE (0.8 km off)
    Current: (21.7167, 39.1167)
    Correct: (21.7214, 39.1112)
    Address: Obhur Creek, Jeddah Saudi Arabia
  Checking: Atallah Happy Land Park... OK (0.0 km)
  Checking: Jeddah Waterfront (New Jeddah Downtown)... OK (0.0 km)
  Checking: Jeddah Superdome... OK (0.0 km)
  ✅ Updated 5 coordinates in file

[95/351] Processing: Asia/MiddleEast/SaudiArabia/Cities/RiyadhAttractions.swift
  Checking: Kingdom Centre Tower... NEEDS UPDATE (0.1 km off)
    Current: (24.7111, 46.6745)
    Correct: (24.7119, 46.6754)
    Address: King Fahd Rd, Al Olaya, Riyadh 12214, Saudi Arabia
  Checking: Diriyah (At-Turaif)... NEEDS UPDATE (0.3 km off)
    Current: (24.7342, 46.5719)
    Correct: (24.7336, 46.5746)
    Address: Wadi Hanifah, Al Traif, Diriyah 13711, Saudi Arabia
  Checking: National Museum of Saudi Arabia... OK (0.1 km)
  Checking: Masmak Fortress... OK (0.0 km)
  Checking: Edge of the World... OK (0.0 km)
  Checking: Boulevard Riyadh City... OK (0.0 km)
  Checking: Al Faisaliah Tower... OK (0.0 km)
  Checking: Riyadh Zoo... NEEDS UPDATE (3.5 km off)
    Current: (24.65, 46.7167)
    Correct: (24.6753, 46.7375)
    Address: Al Malaz, Riyadh 12832, Saudi Arabia
  Checking: Wadi Hanifa... OK (0.0 km)
  Checking: King Abdullah Financial District (KAFD)... NEEDS UPDATE (0.2 km off)
    Current: (24.765, 46.645)
    Correct: (24.7659, 46.6434)
    Address: KAFD, Al Aqiq, Riyadh Saudi Arabia
  Checking: Riyadh Season Entertainment... OK (0.0 km)
  Checking: Murabba Palace (King Abdulaziz Historical Center)... NEEDS UPDATE (0.2 km off)
    Current: (24.65, 46.71)
    Correct: (24.6481, 46.7110)
    Address: King Faisal Road, حي, 8745 طريق الملك سعود، 2722, الرياض 12631, Saudi Arabia
  ✅ Updated 5 coordinates in file

[96/351] Processing: Asia/MiddleEast/Syria/Cities/DamascusAttractions.swift
  Checking: Umayyad Mosque... OK (0.0 km)
  Checking: Old City of Damascus... NEEDS UPDATE (2.6 km off)
    Current: (33.51, 36.305)
    Correct: (33.5132, 36.2768)
    Address: Damascus, Syria
  Checking: Souq al-Hamidiyya... OK (0.1 km)
  Checking: Azem Palace... NEEDS UPDATE (0.2 km off)
    Current: (33.5117, 36.3058)
    Correct: (33.5103, 36.3069)
    Address: Palais Azim, Damas, Syria
  Checking: Straight Street (Via Recta)... NEEDS UPDATE (1.0 km off)
    Current: (33.5086, 36.3069)
    Correct: (33.5094, 36.3180)
    Address: Bab Sharqi, Damascus, Syria
  Checking: Chapel of Saint Paul... NEEDS UPDATE (0.5 km off)
    Current: (33.5075, 36.3208)
    Correct: (33.5068, 36.3157)
    Address: Church St.Paul, Damas, Syria
  Checking: National Museum of Damascus... NEEDS UPDATE (0.5 km off)
    Current: (33.5167, 36.2917)
    Correct: (33.5128, 36.2899)
    Address: G77Q+4X2, Shoukry Al-Qouwatly, Damascus, Syria
  Checking: Sayyidah Ruqayya Mosque... NEEDS UPDATE (0.1 km off)
    Current: (33.5133, 36.3083)
    Correct: (33.5134, 36.3071)
    Address: G874+9R8, Damascus, Syria
  Checking: Citadel of Damascus... NEEDS UPDATE (0.1 km off)
    Current: (33.5122, 36.3)
    Correct: (33.5115, 36.3012)
    Address: G862+JF6, Damascus, Syria
  Checking: Sayyidah Zaynab Mosque... OK (0.1 km)
  Checking: House of Ananias... NEEDS UPDATE (0.9 km off)
    Current: (33.5094, 36.3083)
    Correct: (33.5113, 36.3176)
    Address: G869+G2F, Damascus, Syria
  Checking: Mount Qasioun... NEEDS UPDATE (2.0 km off)
    Current: (33.55, 36.2667)
    Correct: (33.5458, 36.2873)
    Address: Mount Qasioun, Syria
  ✅ Updated 9 coordinates in file

[97/351] Processing: Asia/MiddleEast/UAE/Cities/AbuDhabiAttractions.swift
  Checking: Sheikh Zayed Grand Mosque... OK (0.0 km)
  Checking: Louvre Abu Dhabi... OK (0.0 km)
  Checking: Emirates Palace... OK (0.1 km)
  Checking: Yas Island... NEEDS UPDATE (0.5 km off)
    Current: (24.4897, 54.6079)
    Correct: (24.4918, 54.6032)
    Address: Yas Island - Abu Dhabi - United Arab Emirates
  Checking: Ferrari World Abu Dhabi... OK (0.1 km)
  Checking: Qasr Al Hosn... OK (0.1 km)
  Checking: Abu Dhabi Corniche... NEEDS UPDATE (2.1 km off)
    Current: (24.4756, 54.3429)
    Correct: (24.4923, 54.3533)
    Address: F9R3+W8 - Al Danah - E1 01 - Abu Dhabi - United Arab Emirates
  Checking: Warner Bros. World Abu Dhabi... NEEDS UPDATE (0.9 km off)
    Current: (24.4896, 54.6077)
    Correct: (24.4909, 54.5992)
    Address: Yas Island - YS4 - Abu Dhabi - United Arab Emirates
  Checking: Saadiyat Beach... NEEDS UPDATE (2.3 km off)
    Current: (24.5389, 54.4169)
    Correct: (24.5489, 54.4366)
    Address: Saadiyat Beach - Al Saadiyat Island - Abu Dhabi - United Arab Emirates
  Checking: Qasr Al Watan... NEEDS UPDATE (0.9 km off)
    Current: (24.4638, 54.3085)
    Correct: (24.4564, 54.3117)
    Address: Abu Dhabi - Al Ras Al Akhdar - Abu Dhabi - United Arab Emirates
  Checking: Yas Waterworld... NEEDS UPDATE (0.3 km off)
    Current: (24.4862, 54.6023)
    Correct: (24.4876, 54.5996)
    Address: Yas Island - YS4 - Abu Dhabi - United Arab Emirates
  Checking: Mangrove National Park... NEEDS UPDATE (0.5 km off)
    Current: (24.4556, 54.43)
    Correct: (24.4567, 54.4251)
    Address: FC4G+M3J Mangrove Marine National Park - Abu Dhabi - United Arab Emirates
  Checking: Yas Marina Circuit... NEEDS UPDATE (1.1 km off)
    Current: (24.4672, 54.6031)
    Correct: (24.4766, 54.6063)
    Address: Yas Central - Yas Leisure Dr - Yas Island - YS1 - Abu Dhabi - United Arab Emirates
  Checking: Heritage Village... NEEDS UPDATE (0.4 km off)
    Current: (24.4803, 54.3328)
    Correct: (24.4767, 54.3310)
    Address: Abu Dhabi Theatre Rd, Corniche - القرية التراثية - Breakwater Road - near Marina Mall - Al Kasir - Kasser Al Amwaj - Abu Dhabi - United Arab Emirates
  Checking: Capital Gate Tower... NEEDS UPDATE (0.6 km off)
    Current: (24.4152, 54.4392)
    Correct: (24.4185, 54.4345)
    Address: Capital Gate - Al Rawdah - Al Ma'arid - Abu Dhabi - United Arab Emirates
  Checking: Jubail Mangrove Park... NEEDS UPDATE (0.2 km off)
    Current: (24.5469, 54.4842)
    Correct: (24.5452, 54.4854)
    Address: Jubail Mangrove Park - Al Jubail Island - JN - Abu Dhabi - United Arab Emirates
  Checking: Soul Beach Saadiyat... NEEDS UPDATE (1.0 km off)
    Current: (24.5412, 54.4201)
    Correct: (24.5393, 54.4103)
    Address: Mamsha - Al Saadiyat Island - SDN1 - Abu Dhabi - United Arab Emirates
  Checking: Observation Deck at 300... NEEDS UPDATE (1.1 km off)
    Current: (24.453, 54.3312)
    Correct: (24.4588, 54.3218)
    Address: Tower 2 - Level 74 King Abdullah Bin Abdulaziz Al Saud St - Al Bateen - W32 - Abu Dhabi - United Arab Emirates
  Skipping: Al Wathba Fossil Dunes (excluded)
  Checking: Yas Marina... NEEDS UPDATE (1.1 km off)
    Current: (24.4673, 54.6093)
    Correct: (24.4766, 54.6063)
    Address: Yas Central - Yas Leisure Dr - Yas Island - YS1 - Abu Dhabi - United Arab Emirates
  ✅ Updated 14 coordinates in file

[98/351] Processing: Asia/MiddleEast/UAE/Cities/DubaiAttractions.swift
  Checking: Burj Khalifa... NEEDS UPDATE (0.5 km off)
    Current: (25.1972, 55.2744)
    Correct: (25.1950, 55.2784)
    Address: Burj Khalifa - Dubai - United Arab Emirates
  Checking: Dubai Mall... OK (0.0 km)
  Checking: Dubai Fountain... OK (0.1 km)
  Checking: Palm Jumeirah... NEEDS UPDATE (1.3 km off)
    Current: (25.1124, 55.139)
    Correct: (25.1222, 55.1321)
    Address: The Palm Jumeirah - Dubai - United Arab Emirates
  Checking: Atlantis Aquaventure... NEEDS UPDATE (0.3 km off)
    Current: (25.1304, 55.1171)
    Correct: (25.1324, 55.1183)
    Address: Atlantis The Palm - Crescent Rd - The Palm Jumeirah - Dubai - United Arab Emirates
  Checking: Dubai Frame... OK (0.0 km)
  Checking: Burj Al Arab... OK (0.0 km)
  Checking: Dubai Creek & Abra Ride... NEEDS UPDATE (1.5 km off)
    Current: (25.2602, 55.3216)
    Correct: (25.2709, 55.3119)
    Address: burdubai, Old Souq Building - 31D St - Naif - Deira - Dubai - United Arab Emirates
  Checking: Gold Souk... NEEDS UPDATE (1.7 km off)
    Current: (25.2854, 55.2991)
    Correct: (25.2700, 55.2981)
    Address: Dubai - Al Ras - Dubai - United Arab Emirates
  Checking: Museum of the Future... OK (0.1 km)
  Checking: Dubai Marina... NEEDS UPDATE (0.9 km off)
    Current: (25.076, 55.133)
    Correct: (25.0807, 55.1398)
    Address: Dubai Marina - Dubai - United Arab Emirates
  Checking: JBR Beach & The Walk... NEEDS UPDATE (0.2 km off)
    Current: (25.0786, 55.132)
    Correct: (25.0766, 55.1327)
    Address: Marsa Dubai - Jumeirah Beach Residence - Dubai - United Arab Emirates
  Checking: Ain Dubai... NEEDS UPDATE (0.4 km off)
    Current: (25.0799, 55.1194)
    Correct: (25.0802, 55.1238)
    Address: Bluewaters by Dubai Retail - Marsa Dubai - Bluewaters Island - Dubai - United Arab Emirates
  Checking: Al Fahidi Historical District... NEEDS UPDATE (0.2 km off)
    Current: (25.2632, 55.2983)
    Correct: (25.2642, 55.3003)
    Address: Dubai - Al Souq Al Kabeer - Al Fahidi - Dubai - United Arab Emirates
  Checking: Global Village... NEEDS UPDATE (0.2 km off)
    Current: (25.0704, 55.3073)
    Correct: (25.0717, 55.3084)
    Address: 38C5+F57 - Wadi Al Safa 4 - Dubai - United Arab Emirates
  Checking: Dubai Miracle Garden... OK (0.0 km)
  Checking: IMG Worlds of Adventure... NEEDS UPDATE (4.2 km off)
    Current: (25.0484, 55.3019)
    Correct: (25.0824, 55.3197)
    Address: Wadi Al Safa 4 - City of Arabia - Dubai - United Arab Emirates
  Checking: Ski Dubai... NEEDS UPDATE (0.2 km off)
    Current: (25.1183, 55.2004)
    Correct: (25.1172, 55.1983)
    Address: Sheikh Zayed Rd - Al Barsha First - Al Barsha - Dubai - United Arab Emirates
  Checking: La Mer Beach... NEEDS UPDATE (1.5 km off)
    Current: (25.2329, 55.2694)
    Correct: (25.2267, 55.2557)
    Address: La mer beach - Jumeirah 1 - Dubai - United Arab Emirates
  Checking: Madinat Jumeirah... NEEDS UPDATE (0.2 km off)
    Current: (25.1329, 55.1857)
    Correct: (25.1331, 55.1835)
    Address: Al Sufouh 1 - Dubai - United Arab Emirates
  Checking: Dubai Spice Souk... NEEDS UPDATE (0.5 km off)
    Current: (25.2672, 55.3011)
    Correct: (25.2676, 55.2965)
    Address: 779W+3H4 - Al Ras - Dubai - United Arab Emirates
  Skipping: Desert Safari Experience (excluded)
  ✅ Updated 15 coordinates in file

[99/351] Processing: Asia/SouthAsia/Bangladesh/Cities/DhakaAttractions.swift
  Checking: Lalbagh Fort... NEEDS UPDATE (0.2 km off)
    Current: (23.7192, 90.388)
    Correct: (23.7182, 90.3866)
    Address: Lalbagh, Dhaka, Bangladesh
  ✅ Updated 1 coordinates in file

[100/351] Processing: Asia/SouthAsia/Bhutan/Cities/ThimphuAttractions.swift
  Checking: Buddha Dordenma... NEEDS UPDATE (1.4 km off)
    Current: (27.456, 89.6472)
    Correct: (27.4435, 89.6453)
    Address: Kuenselphodrang Rd, Thimphu, Bhutan
  ✅ Updated 1 coordinates in file

[101/351] Processing: Asia/SouthAsia/India/Cities/DelhiAttractions.swift
  Skipping: Taj Mahal (excluded)

[102/351] Processing: Asia/SouthAsia/Maldives/Cities/MaleAttractions.swift
  Checking: Friday Mosque... OK (0.0 km)

[103/351] Processing: Asia/SouthAsia/Nepal/Cities/KathmanduAttractions.swift
  Checking: Boudhanath Stupa... OK (0.0 km)

[104/351] Processing: Asia/SouthAsia/Pakistan/Cities/LahoreAttractions.swift
  Checking: Badshahi Mosque... OK (0.0 km)

[105/351] Processing: Asia/SouthAsia/SriLanka/Cities/ColomboAttractions.swift
  Checking: Gangaramaya Temple... OK (0.1 km)

[106/351] Processing: Asia/SoutheastAsia/Brunei/Cities/BandarSeriBegawanAttractions.swift
  Checking: Sultan Omar Ali Saifuddien Mosque... NEEDS UPDATE (0.1 km off)
    Current: (4.8903, 114.94)
    Correct: (4.8896, 114.9393)
    Address: Jalan McArthur, Bandar Seri Begawan BS8711, Brunei
  ✅ Updated 1 coordinates in file

[107/351] Processing: Asia/SoutheastAsia/Cambodia/Cities/SiemReapAttractions.swift
  Checking: Angkor Wat... OK (0.0 km)

[108/351] Processing: Asia/SoutheastAsia/Indonesia/Cities/BaliAttractions.swift
  Checking: Tanah Lot Temple... NEEDS UPDATE (0.5 km off)
    Current: (-8.6212, 115.0867)
    Correct: (-8.6167, 115.0869)
    Address: 93MP+8QC, Jl. Tanah Lot, Beraban, Kec. Kediri, Kabupaten Tabanan, Bali 82121, Indonesia
  ✅ Updated 1 coordinates in file

[109/351] Processing: Asia/SoutheastAsia/Laos/Cities/VientianeAttractions.swift
  Checking: Pha That Luang... NEEDS UPDATE (0.2 km off)
    Current: (17.976, 102.6347)
    Correct: (17.9766, 102.6365)
    Address: That Luang, Xaysettha 10009, Laos
  ✅ Updated 1 coordinates in file

[110/351] Processing: Asia/SoutheastAsia/Malaysia/Cities/KualaLumpurAttractions.swift
  Checking: Petronas Twin Towers... OK (0.0 km)

[111/351] Processing: Asia/SoutheastAsia/Myanmar/Cities/YangonAttractions.swift
  Checking: Shwedagon Pagoda... OK (0.0 km)

[112/351] Processing: Asia/SoutheastAsia/Philippines/Cities/ManilaAttractions.swift
  Checking: Intramuros... OK (0.0 km)

[113/351] Processing: Asia/SoutheastAsia/Singapore/Cities/SingaporeCityAttractions.swift
  Checking: Marina Bay Sands... NEEDS UPDATE (0.2 km off)
    Current: (1.2834, 103.8607)
    Correct: (1.2838, 103.8591)
    Address: 10 Bayfront Ave, Singapore 018956
  ✅ Updated 1 coordinates in file

[114/351] Processing: Asia/SoutheastAsia/Thailand/Cities/BangkokAttractions.swift
  Checking: Grand Palace... OK (0.0 km)

[115/351] Processing: Asia/SoutheastAsia/Vietnam/Cities/HanoiAttractions.swift
  Checking: Hoan Kiem Lake... OK (0.0 km)

[116/351] Processing: Europe/Albania/Cities/BeratAttractions.swift
  Checking: Berat Castle... NEEDS UPDATE (0.1 km off)
    Current: (40.71, 19.945)
    Correct: (40.7106, 19.9461)
    Address: Sheshi Sallabanda 5001, Berat, Albania
  Checking: Mangalem Quarter... NEEDS UPDATE (0.1 km off)
    Current: (40.706, 19.949)
    Correct: (40.7054, 19.9501)
    Address: Mangalem, Moravë, Albania
  Checking: Gorica Bridge... NEEDS UPDATE (0.2 km off)
    Current: (40.7045, 19.947)
    Correct: (40.7032, 19.9446)
    Address: Gorica Bridge, Ura e Goricës, Berat, Albania
  Skipping: Tirana International Airport (Serving Berat) (excluded)
  ✅ Updated 3 coordinates in file

[117/351] Processing: Europe/Albania/Cities/GjirokasterAttractions.swift
  Checking: Gjirokaster Castle... NEEDS UPDATE (0.1 km off)
    Current: (40.0736, 20.1404)
    Correct: (40.0728, 20.1392)
    Address: Rruga Elvia Celebi, Gjirokastër, Albania
  Checking: The Old Bazaar... NEEDS UPDATE (0.2 km off)
    Current: (40.074, 20.139)
    Correct: (40.0736, 20.1371)
    Address: Rruga Astrit Karagjozi 6002, Gjirokastër, Albania
  Checking: Zekate House... NEEDS UPDATE (0.4 km off)
    Current: (40.0765, 20.136)
    Correct: (40.0748, 20.1325)
    Address: Rruga Bashkim Kokona, Gjirokastër, Albania
  Skipping: Tirana International Airport (Serving Gjirokastër) (excluded)
  ✅ Updated 3 coordinates in file

[118/351] Processing: Europe/Albania/Cities/SarandeAttractions.swift
  Checking: Lëkurësi Castle... NEEDS UPDATE (0.3 km off)
    Current: (39.869, 20.026)
    Correct: (39.8659, 20.0257)
    Address: Sarandë, Albania
  Checking: Butrint National Park... OK (0.0 km)
  Checking: Ksamil Islands... NEEDS UPDATE (0.6 km off)
    Current: (39.77, 19.998)
    Correct: (39.7754, 19.9962)
    Address: Ksamil Islands, Albania
  Skipping: Corfu Airport (Serving Saranda) (excluded)
  ✅ Updated 2 coordinates in file

[119/351] Processing: Europe/Albania/Cities/TiranaAttractions.swift
  Checking: Skanderbeg Square... NEEDS UPDATE (0.1 km off)
    Current: (41.3275, 19.8187)
    Correct: (41.3285, 19.8184)
    Address: Plaza Tirana, Sheshi Skender Beu, Tiranë 1001, Albania
  Checking: Bunk'Art 1... NEEDS UPDATE (0.2 km off)
    Current: (41.352, 19.8604)
    Correct: (41.3498, 19.8605)
    Address: Rruga Fadil Deliu, Tiranë 1001, Albania
  Checking: Et'hem Bey Mosque... OK (0.1 km)
  Checking: Pyramid of Tirana... OK (0.1 km)
  Checking: Dajti Ekspres... NEEDS UPDATE (0.2 km off)
    Current: (41.3496, 19.8631)
    Correct: (41.3507, 19.8609)
    Address: Dajti Ekspres, Tiranë, Albania
  Skipping: Tirana International Airport (TIA) (excluded)
  ✅ Updated 3 coordinates in file

[120/351] Processing: Europe/Andorra/Cities/AndorraLaVellaAttractions.swift
  Checking: Caldea Spa... OK (0.0 km)
  Checking: Casa de la Vall... OK (0.0 km)
  Skipping: Barcelona-El Prat Airport (Serving Andorra) (excluded)
  Checking: Barri Antic... NEEDS UPDATE (0.1 km off)
    Current: (42.506, 1.5215)
    Correct: (42.5069, 1.5210)
    Address: Carrer de la Vall, 20, AD500 Andorra la Vella, Andorra
  Checking: Sant Esteve Church... OK (0.1 km)
  Checking: Nobility of Time... NEEDS UPDATE (0.6 km off)
    Current: (42.5085, 1.528)
    Correct: (42.5063, 1.5218)
    Address: AD500 Andorra la Vella, Andorra
  Checking: Parc Central... NEEDS UPDATE (0.1 km off)
    Current: (42.505, 1.526)
    Correct: (42.5061, 1.5263)
    Address: Parc Central, AD500 Andorra la Vella, Andorra
  Checking: Rec del Solà... NEEDS UPDATE (0.6 km off)
    Current: (42.509, 1.52)
    Correct: (42.5111, 1.5269)
    Address: Passeig del Rec del Solà, AD500 Andorra la Vella, Andorra
  Checking: Pont de Paris... OK (0.1 km)
  Checking: Pyrénées Andorra... OK (0.0 km)
  Checking: 7 Poetes... OK (0.1 km)
  Checking: Madriu-Perafita-Claror Valley... NEEDS UPDATE (2.3 km off)
    Current: (42.495, 1.58)
    Correct: (42.4833, 1.6032)
    Address: Vall del Madriu-Perafita-Claror, c/Prat de la creu 74-76 baixos, AD500 Andorra la Vella, Andorra
  Checking: Grandvalira Ski Resort... NEEDS UPDATE (4.4 km off)
    Current: (42.53, 1.58)
    Correct: (42.5087, 1.5350)
    Address: Despatx 401, Av. Carlemany, 68, AD300 Escaldes-Engordany, Andorra
  ✅ Updated 6 coordinates in file

[121/351] Processing: Europe/Andorra/Cities/EncampAttractions.swift
  Checking: Grandvalira Ski Resort... OK (0.0 km)
  Checking: National Automobile Museum... NEEDS UPDATE (0.4 km off)
    Current: (42.535, 1.582)
    Correct: (42.5331, 1.5779)
    Address: Av. de Joan Martí, 64, AD200 Encamp, Andorra
  Skipping: Barcelona-El Prat Airport (Serving Encamp) (excluded)
  ✅ Updated 1 coordinates in file

[122/351] Processing: Europe/Austria/Cities/GrazAttractions.swift
  Checking: Schlossberg... OK (0.0 km)
  Checking: Clock Tower... NEEDS UPDATE (3.8 km off)
    Current: (47.0754, 15.4366)
    Correct: (47.0444, 15.4148)
    Address: Kärntner Str. 173, 8053 Graz, Austria
  Checking: Kunsthaus Graz... OK (0.0 km)
  Checking: Graz Old Town... OK (0.0 km)
  Checking: Double Spiral Staircase... NEEDS UPDATE (0.2 km off)
    Current: (47.0713, 15.4421)
    Correct: (47.0727, 15.4428)
    Address: Hofgasse 15, 8010 Graz, Austria
  Checking: Eggenberg Palace... NEEDS UPDATE (0.4 km off)
    Current: (47.0761, 15.3922)
    Correct: (47.0726, 15.3947)
    Address: Schloss Eggenberg, Eggenberger Allee 90, 8020 Graz, Austria
  Checking: Murinsel... NEEDS UPDATE (0.2 km off)
    Current: (47.0717, 15.433)
    Correct: (47.0731, 15.4346)
    Address: Lendkai 19, 8020 Graz, Austria
  Checking: Styrian Armoury... NEEDS UPDATE (0.2 km off)
    Current: (47.0715, 15.44)
    Correct: (47.0698, 15.4399)
    Address: Herrengasse 16, 8010 Graz, Austria
  Skipping: Graz Airport (GRZ) (excluded)
  Checking: Mariatrost Basilica... OK (0.1 km)
  Checking: Graz Opera... NEEDS UPDATE (0.1 km off)
    Current: (47.0694, 15.4439)
    Correct: (47.0692, 15.4452)
    Address: Kaiser-Josef-Platz 10, 8010 Graz, Austria
  Checking: Burggarten... NEEDS UPDATE (0.2 km off)
    Current: (47.0736, 15.4419)
    Correct: (47.0730, 15.4444)
    Address: Burggarten, Hofgasse 15, 8010 Graz, Austria
  Checking: Franciscan Church... OK (0.1 km)
  Checking: City Park... NEEDS UPDATE (1.9 km off)
    Current: (47.0722, 15.445)
    Correct: (47.0604, 15.4270)
    Address: Lazarettgürtel 55, 8020 Graz, Austria
  Checking: Mausoleum of Emperor Ferdinand II... OK (0.1 km)
  Checking: Botanical Garden... NEEDS UPDATE (0.1 km off)
    Current: (47.0825, 15.4583)
    Correct: (47.0818, 15.4571)
    Address: Botanical Gardens, Schubertstraße 59, 8010 Graz, Austria
  ✅ Updated 9 coordinates in file

[123/351] Processing: Europe/Austria/Cities/HallstattAttractions.swift
  Checking: Hallstatt Village... OK (0.0 km)
  Checking: Hallstatt Skywalk... NEEDS UPDATE (1.2 km off)
    Current: (47.5501, 13.6433)
    Correct: (47.5613, 13.6436)
    Address: Salzberg 21, 4830 Hallstatt, Austria
  Checking: Hallstatt Salt Mine... NEEDS UPDATE (1.4 km off)
    Current: (47.5501, 13.6433)
    Correct: (47.5622, 13.6493)
    Address: Hallstatt, Austria
  Checking: Hallstatt Bone House... NEEDS UPDATE (0.1 km off)
    Current: (47.563, 13.6501)
    Correct: (47.5622, 13.6493)
    Address: Hallstatt, Austria
  Checking: Lake Hallstatt... NEEDS UPDATE (2.8 km off)
    Current: (47.5566, 13.6455)
    Correct: (47.5786, 13.6629)
    Address: Hallstätter See, Austria
  Checking: Dachstein Ice Cave... OK (0.0 km)
  Checking: Five Fingers Viewing Platform... OK (0.0 km)
  Checking: Hallstatt Catholic Church... NEEDS UPDATE (0.1 km off)
    Current: (47.5622, 13.6507)
    Correct: (47.5622, 13.6493)
    Address: Hallstatt, Austria
  Skipping: Salzburg Airport (Serving Hallstatt) (excluded)
  Checking: Hallstatt Museum... OK (0.0 km)
  Checking: Waldbachstrub Waterfall... NEEDS UPDATE (0.3 km off)
    Current: (47.5501, 13.63)
    Correct: (47.5498, 13.6336)
    Address: Waldbachstrub, 4830 Hallstatt, Austria
  Checking: Kalvarienberg... NEEDS UPDATE (0.2 km off)
    Current: (47.5635, 13.648)
    Correct: (47.5622, 13.6493)
    Address: Hallstatt, Austria
  Checking: Rudolf's Tower... NEEDS UPDATE (0.6 km off)
    Current: (47.5615, 13.642)
    Correct: (47.5622, 13.6493)
    Address: Hallstatt, Austria
  Checking: Lake Gosau... OK (0.0 km)
  Checking: Altaussee Salt Mine... NEEDS UPDATE (2.8 km off)
    Current: (47.6385, 13.7715)
    Correct: (47.6514, 13.7391)
    Address: Lichtersberg 25, 8992 Altaussee, Austria
  Checking: Kaiservilla Bad Ischl... NEEDS UPDATE (0.3 km off)
    Current: (47.7127, 13.6219)
    Correct: (47.7149, 13.6209)
    Address: Jainzen 38, 4820 Bad Ischl, Austria
  ✅ Updated 10 coordinates in file

[124/351] Processing: Europe/Austria/Cities/InnsbruckAttractions.swift
  Checking: Golden Roof... OK (0.0 km)
  Checking: Nordkette Cable Car... NEEDS UPDATE (4.6 km off)
    Current: (47.3111, 11.3847)
    Correct: (47.2705, 11.3950)
    Address: Innsbrucker Nordkettenbahnen, Rennweg 3, 6020 Innsbruck, Austria
  Checking: Ambras Castle... NEEDS UPDATE (0.1 km off)
    Current: (47.2556, 11.4344)
    Correct: (47.2567, 11.4349)
    Address: Schloßstraße 20, 6020 Innsbruck, Austria
  Checking: Imperial Palace... OK (0.0 km)
  Checking: Court Church... OK (0.0 km)
  Checking: Bergisel Ski Jump... NEEDS UPDATE (0.1 km off)
    Current: (47.2494, 11.3978)
    Correct: (47.2491, 11.3995)
    Address: Bergiselweg 3, 6020 Innsbruck, Austria
  Checking: Swarovski Crystal Worlds... NEEDS UPDATE (0.3 km off)
    Current: (47.2969, 11.6011)
    Correct: (47.2938, 11.6008)
    Address: Kristallweltenstraße 1, 6112 Wattens, Austria
  Checking: Maria-Theresien-Strasse... OK (0.1 km)
  Skipping: Innsbruck Airport (INN) (excluded)
  Checking: Alpine Zoo... NEEDS UPDATE (0.2 km off)
    Current: (47.2825, 11.3972)
    Correct: (47.2812, 11.3980)
    Address: Weiherburggasse 37a, 6020 Innsbruck, Austria
  Checking: City Tower... OK (0.0 km)
  Checking: Tyrol Panorama... OK (0.0 km)
  Checking: Triumphal Arch... NEEDS UPDATE (0.3 km off)
    Current: (47.2652, 11.3945)
    Correct: (47.2626, 11.3948)
    Address: Maria-Theresien-Straße, 6020 Innsbruck, Austria
  Checking: Cathedral of St. James... OK (0.0 km)
  Checking: Helbling House... OK (0.0 km)
  Checking: Grassmayr Bell Foundry... NEEDS UPDATE (0.3 km off)
    Current: (47.2588, 11.3999)
    Correct: (47.2562, 11.3982)
    Address: Leopoldstraße 53, 6020 Innsbruck, Austria
  ✅ Updated 7 coordinates in file

[125/351] Processing: Europe/Austria/Cities/SalzburgAttractions.swift
  Checking: Hohensalzburg Fortress... OK (0.0 km)
  Checking: Mozart's Birthplace... OK (0.0 km)
  Checking: Mirabell Palace and Gardens... OK (0.0 km)
  Checking: Salzburg Cathedral... NEEDS UPDATE (0.1 km off)
    Current: (47.7986, 13.0455)
    Correct: (47.7979, 13.0466)
    Address: Domplatz 1a, 5020 Salzburg, Austria
  Checking: Getreidegasse... OK (0.1 km)
  Checking: Hellbrunn Palace... OK (0.1 km)
  Checking: St. Peter's Abbey... OK (0.0 km)
  Checking: Museum of Modern Art Salzburg... NEEDS UPDATE (0.3 km off)
    Current: (47.7988, 13.0396)
    Correct: (47.8009, 13.0384)
    Address: Am Mönchsberg 32, 5020 Salzburg, Austria
  Skipping: Salzburg Airport (SZG) (excluded)
  Checking: Hangar-7... OK (0.1 km)
  Checking: Salzburg Zoo... NEEDS UPDATE (0.1 km off)
    Current: (47.7564, 13.0642)
    Correct: (47.7574, 13.0654)
    Address: Hellbrunnerstraße 60, 5081 Anif, Austria
  Checking: Toy Museum... NEEDS UPDATE (0.1 km off)
    Current: (47.8009, 13.0401)
    Correct: (47.7998, 13.0399)
    Address: Bürgerspitalgasse 2, 5020 Salzburg, Austria
  Checking: Kapuzinerberg... NEEDS UPDATE (0.4 km off)
    Current: (47.8033, 13.0519)
    Correct: (47.8043, 13.0574)
    Address: Kapuzinerberg, 5020 Salzburg, Austria
  Checking: Residenzplatz... OK (0.0 km)
  Checking: Mozart's Residence... OK (0.0 km)
  Checking: Makartsteg... OK (0.0 km)
  ✅ Updated 5 coordinates in file

[126/351] Processing: Europe/Austria/Cities/ViennaAttractions.swift
  Checking: Schönbrunn Palace... NEEDS UPDATE (0.2 km off)
    Current: (48.1845, 16.3122)
    Correct: (48.1858, 16.3128)
    Address: Schönbrunner Schloßstraße 47, 1130 Wien, Austria
  Checking: St. Stephen's Cathedral... OK (0.0 km)
  Checking: Belvedere Palace... OK (0.0 km)
  Checking: Hofburg Palace... NEEDS UPDATE (0.1 km off)
    Current: (48.2066, 16.3656)
    Correct: (48.2057, 16.3648)
    Address: 1010 Vienna, Austria
  Checking: Vienna State Opera... OK (0.1 km)
  Checking: Kunsthistorisches Museum... OK (0.0 km)
  Checking: Naschmarkt... OK (0.1 km)
  Checking: Prater... NEEDS UPDATE (0.4 km off)
    Current: (48.2166, 16.3958)
    Correct: (48.2165, 16.4006)
    Address: Prater, 1020 Wien, Austria
  Checking: Ringstrasse... OK (0.0 km)
  Checking: MuseumsQuartier... OK (0.0 km)
  Checking: Spanish Riding School... OK (0.1 km)
  Checking: Hundertwasserhaus... OK (0.0 km)
  Checking: Albertina... OK (0.1 km)
  Checking: Karlskirche... OK (0.0 km)
  Checking: Natural History Museum... OK (0.0 km)
  Checking: Secession Building... NEEDS UPDATE (0.2 km off)
    Current: (48.2002, 16.3678)
    Correct: (48.2005, 16.3658)
    Address: Friedrichstraße 12, 1010 Wien, Austria
  Checking: Central Cemetery... NEEDS UPDATE (0.2 km off)
    Current: (48.1497, 16.44)
    Correct: (48.1511, 16.4384)
    Address: Simmeringer Hauptstraße 234, 1110 Wien, Austria
  Checking: Grinzing Wine Taverns... NEEDS UPDATE (0.6 km off)
    Current: (48.2623, 16.3426)
    Correct: (48.2573, 16.3391)
    Address: Grinzing, Vienna, Austria
  Checking: Danube Tower... NEEDS UPDATE (0.2 km off)
    Current: (48.2425, 16.4108)
    Correct: (48.2403, 16.4101)
    Address: Danube Tower, Donauturmplatz 1, 1220 Wien, Austria
  Skipping: Vienna International Airport (VIE) (excluded)
  Checking: St. Peter's Church... OK (0.0 km)
  Checking: Volksgarten... NEEDS UPDATE (0.1 km off)
    Current: (48.2078, 16.3611)
    Correct: (48.2073, 16.3625)
    Address: Volksgarten, 1010 Wien, Austria
  Checking: City Park... OK (0.1 km)
  Checking: House of Music... OK (0.0 km)
  Checking: Imperial Crypt... OK (0.0 km)
  Checking: Votive Church... OK (0.1 km)
  ✅ Updated 8 coordinates in file

[127/351] Processing: Europe/Belarus/Cities/BrestAttractions.swift
  Checking: Brest Fortress... NEEDS UPDATE (0.6 km off)
    Current: (52.0833, 23.65)
    Correct: (52.0828, 23.6581)
    Address: вулiца Герояу абароны Брэсцкай крэпасцi 60, Brest 224018, Belarus
  Checking: Museum of Confiscated Art... OK (0.0 km)
  Checking: Sovetskaya Street... NEEDS UPDATE (1.1 km off)
    Current: (52.094, 23.69)
    Correct: (52.0854, 23.6969)
    Address: Sovetskaya St, Brest, Brest Region, Belarus
  Skipping: Minsk National Airport (Serving Brest) (excluded)
  Skipping: Minsk Airport (Serving Brest) (excluded)
  ✅ Updated 2 coordinates in file

[128/351] Processing: Europe/Belarus/Cities/GrodnoAttractions.swift
  Checking: St. Francis Xavier Cathedral... OK (0.1 km)
  Checking: Old and New Castles... NEEDS UPDATE (0.2 km off)
    Current: (53.677, 23.823)
    Correct: (53.6761, 23.8254)
    Address: улица Замковая 20, Hrodna, Hrodna Region, Belarus
  Checking: Kolozha Church... OK (0.0 km)
  Skipping: Minsk National Airport (Serving Grodno) (excluded)
  Skipping: Minsk Airport (Serving Grodno) (excluded)
  ✅ Updated 1 coordinates in file

[129/351] Processing: Europe/Belarus/Cities/MinskAttractions.swift
  Checking: Independence Avenue... OK (0.0 km)
  Checking: National Library of Belarus... OK (0.0 km)
  Checking: Trinity Suburb... OK (0.1 km)
  Checking: Island of Tears... OK (0.1 km)
  Checking: Victory Square... OK (0.0 km)
  Skipping: Minsk National Airport (MSQ) (excluded)
  Skipping: Minsk National Airport (MSQ) (excluded)
  Checking: Belarusian Great Patriotic War Museum... OK (0.0 km)
  Checking: Red Church... OK (0.0 km)
  Checking: Minsk Gates... NEEDS UPDATE (1.2 km off)
    Current: (53.8915, 27.5505)
    Correct: (53.9006, 27.5590)
    Address: Minsk, Minsk Region, Belarus
  Checking: Gorky Park... NEEDS UPDATE (0.2 km off)
    Current: (53.904, 27.57)
    Correct: (53.9029, 27.5729)
    Address: Park Horkaha, vulica Frunze 2, Minsk, Minskaja voblasć, Belarus
  Checking: Bolshoi Opera and Ballet Theatre... NEEDS UPDATE (1.1 km off)
    Current: (53.9105, 27.5615)
    Correct: (53.9006, 27.5590)
    Address: Minsk, Minsk Region, Belarus
  Checking: Upper Town (Vierchni Horad)... NEEDS UPDATE (0.1 km off)
    Current: (53.904, 27.556)
    Correct: (53.9030, 27.5550)
    Address: Vierchni Horad, Minsk, Minsk Region, Belarus
  Checking: Holy Spirit Cathedral... OK (0.0 km)
  Checking: National Art Museum... NEEDS UPDATE (0.3 km off)
    Current: (53.8985, 27.561)
    Correct: (53.9006, 27.5590)
    Address: Minsk, Minsk Region, Belarus
  Checking: Loshitsa Park... NEEDS UPDATE (0.4 km off)
    Current: (53.854, 27.573)
    Correct: (53.8511, 27.5751)
    Address: Loshytsa, Minsk, Minsk Region, Belarus
  Checking: Komalovka Market... NEEDS UPDATE (2.3 km off)
    Current: (53.918, 27.579)
    Correct: (53.9006, 27.5590)
    Address: Minsk, Minsk Region, Belarus
  ✅ Updated 7 coordinates in file

[130/351] Processing: Europe/Belarus/Cities/NesvizhAttractions.swift
  Checking: Nesvizh Castle... OK (0.1 km)
  Checking: Corpus Christi Church... OK (0.1 km)
  Skipping: Minsk National Airport (Serving Nesvizh) (excluded)
  Skipping: Minsk Airport (Serving Nesvizh) (excluded)

[131/351] Processing: Europe/Belgium/Cities/AntwerpAttractions.swift
  Checking: Antwerp Central Station... NEEDS UPDATE (0.1 km off)
    Current: (51.2172, 4.4213)
    Correct: (51.2160, 4.4211)
    Address: Antwerpen-Centraal station, Koningin Astridplein 27, 2018 Antwerpen, Belgium
  Checking: Cathedral of Our Lady... OK (0.0 km)
  Checking: Grote Markt... OK (0.0 km)
  Checking: Rubens House... NEEDS UPDATE (0.2 km off)
    Current: (51.2153, 4.4094)
    Correct: (51.2170, 4.4094)
    Address: The Rubens House Museum, Wapper, 2000 Antwerpen, Belgium
  Checking: Museum aan de Stroom... OK (0.0 km)
  Checking: Diamond District... NEEDS UPDATE (0.2 km off)
    Current: (51.2165, 4.4195)
    Correct: (51.2145, 4.4190)
    Address: Hoveniersstraat 53, 2018 Antwerpen, Belgium
  Checking: Plantin-Moretus Museum... NEEDS UPDATE (0.1 km off)
    Current: (51.218, 4.3962)
    Correct: (51.2184, 4.3982)
    Address: Vrijdagmarkt 22, 2000 Antwerpen, Belgium
  Skipping: Antwerp International Airport (ANR) (excluded)
  Checking: Het Steen... OK (0.0 km)
  Checking: Antwerp ZOO... NEEDS UPDATE (0.3 km off)
    Current: (51.2185, 4.4214)
    Correct: (51.2163, 4.4235)
    Address: Koningin Astridplein 20-26, 2018 Antwerpen, Belgium
  Checking: St. Charles Borromeo Church... OK (0.0 km)
  Checking: Red Star Line Museum... OK (0.0 km)
  Checking: Meir Shopping Street... NEEDS UPDATE (0.1 km off)
    Current: (51.2188, 4.4103)
    Correct: (51.2181, 4.4091)
    Address: Meir, 2000 Antwerpen, Belgium
  Checking: Middelheim Open Air Sculpture Museum... OK (0.1 km)
  Checking: St. Anna's Tunnel... NEEDS UPDATE (0.2 km off)
    Current: (51.2215, 4.3923)
    Correct: (51.2197, 4.3921)
    Address: Sint-Annatunnel, Antwerpen, Belgium
  Checking: Chocolate Nation... NEEDS UPDATE (0.1 km off)
    Current: (51.2182, 4.421)
    Correct: (51.2192, 4.4210)
    Address: Koningin Astridplein 7, 2018 Antwerpen, Belgium
  ✅ Updated 8 coordinates in file

[132/351] Processing: Europe/Belgium/Cities/BrugesAttractions.swift
  Checking: Market Square... OK (0.0 km)
  Checking: Belfry of Bruges... OK (0.0 km)
  Checking: Canal Boat Tour... OK (0.0 km)
  Checking: Basilica of the Holy Blood... OK (0.0 km)
  Checking: Church of Our Lady... OK (0.1 km)
  Checking: Groeninge Museum... OK (0.1 km)
  Checking: Begijnhof... NEEDS UPDATE (0.1 km off)
    Current: (51.2025, 3.2233)
    Correct: (51.2013, 3.2230)
    Address: Begijnhof, 8000 Brugge, Belgium
  Checking: Choco-Story Museum... OK (0.1 km)
  Skipping: Brussels Airport (Serving Bruges) (excluded)
  Checking: Minnewater Park... OK (0.1 km)
  Checking: St John's Hospital... OK (0.1 km)
  Checking: Historium Bruges... OK (0.0 km)
  Checking: Brewery De Halve Maan... OK (0.1 km)
  Checking: Bonifacius Bridge... OK (0.1 km)
  Checking: Jerusalem Chapel... NEEDS UPDATE (0.1 km off)
    Current: (51.2132, 3.2327)
    Correct: (51.2124, 3.2337)
    Address: Balstraat 14, 8000 Brugge, Belgium
  Checking: Frietmuseum... OK (0.1 km)
  ✅ Updated 2 coordinates in file

[133/351] Processing: Europe/Belgium/Cities/BrusselsAttractions.swift
  Checking: Grand Place... OK (0.0 km)
  Checking: Manneken Pis... OK (0.0 km)
  Checking: Atomium... OK (0.0 km)
  Checking: Royal Palace of Brussels... OK (0.0 km)
  Checking: Royal Museums of Fine Arts... OK (0.0 km)
  Checking: Belgian Comic Strip Center... OK (0.1 km)
  Checking: Mini-Europe... NEEDS UPDATE (0.1 km off)
    Current: (50.8947, 4.3377)
    Correct: (50.8940, 4.3390)
    Address: Av. du Football 1, 1020 Bruxelles, Belgium
  Skipping: Brussels Airport (BRU) (excluded)
  Checking: Parc du Cinquantenaire... NEEDS UPDATE (0.3 km off)
    Current: (50.8411, 4.3944)
    Correct: (50.8414, 4.3905)
    Address: Parc du Cinquantenaire, 1000 Bruxelles, Belgium
  Checking: Mont des Arts... OK (0.0 km)
  Checking: European Parliament... OK (0.0 km)
  Checking: Galeries Royales Saint-Hubert... OK (0.1 km)
  Checking: St. Michael and St. Gudula Cathedral... OK (0.0 km)
  Checking: Place du Grand Sablon... OK (0.1 km)
  Checking: Autoworld... OK (0.1 km)
  Checking: Train World... NEEDS UPDATE (0.2 km off)
    Current: (50.8791, 4.3802)
    Correct: (50.8778, 4.3791)
    Address: Pl. Princesse Elisabeth 5, 1030 Schaerbeek, Belgium
  Checking: Musical Instruments Museum... OK (0.0 km)
  Checking: Palace of Justice... OK (0.0 km)
  Checking: Brussels Park... OK (0.1 km)
  Checking: Horta Museum... OK (0.0 km)
  ✅ Updated 3 coordinates in file

[134/351] Processing: Europe/Belgium/Cities/GhentAttractions.swift
  Checking: Gravensteen Castle... OK (0.0 km)
  Checking: Saint Bavo's Cathedral... OK (0.0 km)
  Checking: Graslei and Korenlei... OK (0.0 km)
  Checking: Ghent Belfry... OK (0.0 km)
  Checking: STAM Ghent City Museum... NEEDS UPDATE (0.4 km off)
    Current: (51.0411, 3.7147)
    Correct: (51.0440, 3.7175)
    Address: Godshuizenlaan 2, 9000 Gent, Belgium
  Checking: Saint Nicholas' Church... OK (0.1 km)
  Checking: Patershol... NEEDS UPDATE (0.4 km off)
    Current: (51.058, 3.7183)
    Correct: (51.0596, 3.7232)
    Address: Patershol, 9000 Ghent, Belgium
  Skipping: Brussels Airport (Serving Ghent) (excluded)
  Checking: St. Michael's Bridge... OK (0.0 km)
  Checking: Graffiti Street... NEEDS UPDATE (0.1 km off)
    Current: (51.0549, 3.7259)
    Correct: (51.0555, 3.7246)
    Address: Werregarenstraat, 9000 Gent, Belgium
  Checking: Vrijdagmarkt... OK (0.1 km)
  Checking: Citadelpark... NEEDS UPDATE (0.2 km off)
    Current: (51.0372, 3.7225)
    Correct: (51.0390, 3.7237)
    Address: Citadelpark, 9000 Gent, Belgium
  Checking: S.M.A.K.... NEEDS UPDATE (0.1 km off)
    Current: (51.0385, 3.7209)
    Correct: (51.0382, 3.7229)
    Address: Jan Hoetplein 1, 9000 Gent, Belgium
  Checking: Ghent City Hall... OK (0.1 km)
  Checking: Castle of Gerald the Devil... OK (0.1 km)
  ✅ Updated 5 coordinates in file

[135/351] Processing: Europe/Belgium/Cities/LiegeAttractions.swift
  Checking: Montagne de Bueren... OK (0.1 km)
  Checking: Liège-Guillemins Station... OK (0.0 km)
  Checking: La Boverie... OK (0.0 km)
  Checking: Place Saint-Lambert... OK (0.1 km)
  Checking: Le Carré... NEEDS UPDATE (0.3 km off)
    Current: (50.6441, 5.5697)
    Correct: (50.6413, 5.5689)
    Address: Le Carré, 4000 Liège, Belgium
  Checking: Grand Curtius Museum... NEEDS UPDATE (0.1 km off)
    Current: (50.6481, 5.5817)
    Correct: (50.6473, 5.5833)
    Address: Féronstrée 136, 4000 Liège, Belgium
  Skipping: Liège Airport (LGG) (excluded)
  Checking: Coteaux de la Citadelle... NEEDS UPDATE (0.2 km off)
    Current: (50.648, 5.577)
    Correct: (50.6473, 5.5744)
    Address: Coteaux de la Citadelle, Rue du Palais, 4000 Liège, Belgium
  Checking: Prince-Bishops' Palace... NEEDS UPDATE (0.1 km off)
    Current: (50.6455, 5.5744)
    Correct: (50.6463, 5.5732)
    Address: Pl. Saint-Lambert 18a, 4000 Liège, Belgium
  Checking: La Batte Market... NEEDS UPDATE (0.2 km off)
    Current: (50.643, 5.58)
    Correct: (50.6444, 5.5784)
    Address: La Batte, 4000 Liège, Belgium
  Checking: Aquarium-Muséum... OK (0.1 km)
  Checking: Collegiate Church of St. Bartholomew... OK (0.0 km)
  Checking: Opéra Royal de Wallonie... NEEDS UPDATE (0.1 km off)
    Current: (50.6425, 5.5714)
    Correct: (50.6435, 5.5706)
    Address: Pl. de l'Opéra, 4000 Liège, Belgium
  Checking: Pont de Fragnée... NEEDS UPDATE (0.8 km off)
    Current: (50.628, 5.578)
    Correct: (50.6209, 5.5794)
    Address: Pont de Fragnée, Liège, Belgium
  Checking: Museum of Walloon Life... OK (0.0 km)
  ✅ Updated 7 coordinates in file

[136/351] Processing: Europe/Bosnia/Cities/BlagajAttractions.swift
  Checking: Blagaj Tekke... NEEDS UPDATE (1.3 km off)
    Current: (43.2573, 17.8876)
    Correct: (43.2572, 17.9032)
    Address: 7W43+V7H, Blagaj bb, 88000, Bosnia and Herzegovina
  Skipping: Mostar International Airport (Served by) (excluded)
  ✅ Updated 1 coordinates in file

[137/351] Processing: Europe/Bosnia/Cities/JajceAttractions.swift
  Checking: Pliva Waterfall... NEEDS UPDATE (0.5 km off)
    Current: (44.342, 17.269)
    Correct: (44.3379, 17.2703)
    Address: 87QC+44V, Jajce 70101, Bosnia and Herzegovina
  Checking: Jajce Fortress... NEEDS UPDATE (0.4 km off)
    Current: (44.344, 17.2675)
    Correct: (44.3408, 17.2693)
    Address: 87R9+8PG, Harmani, Jajce 70101, Bosnia and Herzegovina
  Skipping: Banja Luka International Airport (BNX) (excluded)
  ✅ Updated 2 coordinates in file

[138/351] Processing: Europe/Bosnia/Cities/MostarAttractions.swift
  Checking: Stari Most (Old Bridge)... OK (0.0 km)
  Checking: Koski Mehmed Pasha Mosque... OK (0.0 km)
  Checking: Old Bazaar (Kujundžiluk)... OK (0.0 km)
  Skipping: Mostar International Airport (OMO) (excluded)
  Checking: Crooked Bridge (Kriva Ćuprija)... NEEDS UPDATE (0.3 km off)
    Current: (43.3395, 17.814)
    Correct: (43.3367, 17.8131)
    Address: 8RP7+M7J Crooked Bridge, Jusovina, Mostar 88000, Bosnia and Herzegovina
  Checking: Muslibegović House... NEEDS UPDATE (0.3 km off)
    Current: (43.339, 17.8145)
    Correct: (43.3418, 17.8164)
    Address: Osmana Džikića 41, Mostar 88000, Bosnia and Herzegovina
  Checking: Sniper Tower (Partisan Memorial)... NEEDS UPDATE (0.3 km off)
    Current: (43.3425, 17.8095)
    Correct: (43.3441, 17.8063)
    Address: 8RV4+JGV, Mostar 88000, Bosnia and Herzegovina
  Checking: Kajtaz House... NEEDS UPDATE (0.2 km off)
    Current: (43.3365, 17.816)
    Correct: (43.3358, 17.8183)
    Address: Gaše Ilića bb, Mostar 88000, Bosnia and Herzegovina
  ✅ Updated 4 coordinates in file

[139/351] Processing: Europe/Bosnia/Cities/SarajevoAttractions.swift
  Checking: Baščaršija... NEEDS UPDATE (0.1 km off)
    Current: (43.8598, 18.4312)
    Correct: (43.8600, 18.4300)
    Address: Baščaršija, 71000 Sarajevo, Bosnia and Herzegovina
  Checking: Latin Bridge... OK (0.0 km)
  Checking: Sarajevo Tunnel of Hope... OK (0.1 km)
  Checking: Trebević Cable Car... OK (0.1 km)
  Checking: Vijećnica (City Hall)... NEEDS UPDATE (0.1 km off)
    Current: (43.8584, 18.435)
    Correct: (43.8592, 18.4336)
    Address: Brodac 1, Sarajevo 71000, Bosnia and Herzegovina
  Skipping: Sarajevo International Airport (SJJ) (excluded)
  Checking: Yellow Fortress... NEEDS UPDATE (0.1 km off)
    Current: (43.8611, 18.4389)
    Correct: (43.8614, 18.4376)
    Address: VC4P+G96, Jekovac, Sarajevo 71000, Bosnia and Herzegovina
  Checking: Gazi Husrev-beg Mosque... OK (0.0 km)
  Checking: Galerija 11/07/95... OK (0.1 km)
  Checking: War Childhood Museum... NEEDS UPDATE (0.1 km off)
    Current: (43.8606, 18.4286)
    Correct: (43.8619, 18.4284)
    Address: 30-32, Logavina, 32, Sarajevo 71000, Bosnia and Herzegovina
  Checking: National Museum of Bosnia and Herzegovina... OK (0.0 km)
  Checking: Avaz Twist Tower... OK (0.1 km)
  Checking: Vrelo Bosne... NEEDS UPDATE (0.1 km off)
    Current: (43.818, 18.2694)
    Correct: (43.8188, 18.2680)
    Address: Bosna Spring, Ilidža, Sarajevo 71000, Bosnia and Herzegovina
  Checking: Sacred Heart Cathedral... OK (0.0 km)
  Checking: Eternal Flame... OK (0.0 km)
  Checking: Sebilj Fountain... OK (0.0 km)
  ✅ Updated 5 coordinates in file

[140/351] Processing: Europe/Bulgaria/Cities/PlovdivAttractions.swift
  Checking: Ancient Theatre... OK (0.1 km)
  Checking: Old Town... NEEDS UPDATE (0.3 km off)
    Current: (42.1483, 24.7506)
    Correct: (42.1500, 24.7529)
    Address: Old Town of Plovdiv, Staria gradPlovdiv Center, ul. "Saborna" 24, 4000 Plovdiv, Bulgaria
  Checking: Kapana Creative District... OK (0.1 km)
  Checking: Roman Stadium... NEEDS UPDATE (0.2 km off)
    Current: (42.1486, 24.7497)
    Correct: (42.1476, 24.7481)
    Address: Staria gradPlovdiv Center, ul. "Hristo G. Danov", 4000 Plovdiv, Bulgaria
  Skipping: Plovdiv Airport (PDV) (excluded)
  Checking: Dzhumaya Mosque... NEEDS UPDATE (0.2 km off)
    Current: (42.1483, 24.7511)
    Correct: (42.1479, 24.7483)
    Address: пл. „Джумаята, TsentarPlovdiv Center, ul. "Zhelezarska" 1, 4000 Plovdiv, Bulgaria
  Checking: Ethnographic Museum... NEEDS UPDATE (0.1 km off)
    Current: (42.1492, 24.7519)
    Correct: (42.1500, 24.7532)
    Address: TsentarPlovdiv Center, ul. "Doctor Stoyan Chomakov" 2, 4000 Plovdiv, Bulgaria
  Checking: St. Constantine and Helena Church... OK (0.1 km)
  Checking: Nebet Tepe... OK (0.0 km)
  Checking: Regional Historical Museum... OK (0.0 km)
  ✅ Updated 4 coordinates in file

[141/351] Processing: Europe/Bulgaria/Cities/SofiaAttractions.swift
  Checking: Alexander Nevsky Cathedral... OK (0.0 km)
  Checking: Vitosha Boulevard... NEEDS UPDATE (0.5 km off)
    Current: (42.69, 23.32)
    Correct: (42.6859, 23.3179)
    Address: bul. "Vitosha", Sofia, Bulgaria
  Checking: Boyana Church... OK (0.0 km)
  Checking: St. George Rotunda... OK (0.1 km)
  Checking: National Palace of Culture... OK (0.0 km)
  Skipping: Sofia Airport (SOF) (excluded)
  Checking: St. Nedelya Church... OK (0.0 km)
  Checking: Ivan Vazov National Theatre... OK (0.0 km)
  Checking: Ancient Serdica Complex... NEEDS UPDATE (0.1 km off)
    Current: (42.698, 23.322)
    Correct: (42.6977, 23.3233)
    Address: Old City Center, pl. "Nezavisimost", 1000 Sofia, Bulgaria
  Checking: National History Museum... OK (0.0 km)
  Checking: Sofia History Museum... OK (0.0 km)
  Checking: Russian Church... OK (0.0 km)
  Checking: Sofia Synagogue... OK (0.0 km)
  Checking: Borisova Gradina... NEEDS UPDATE (0.6 km off)
    Current: (42.6841, 23.3392)
    Correct: (42.6796, 23.3442)
    Address: Borisova Gradina, Sofia, Bulgaria
  ✅ Updated 3 coordinates in file

[142/351] Processing: Europe/Bulgaria/Cities/VarnaAttractions.swift
  Checking: Sea Garden... NEEDS UPDATE (1.2 km off)
    Current: (43.2183, 27.9261)
    Correct: (43.2079, 27.9316)
    Address: Sea Garden, Varna, Bulgaria
  Checking: Archaeological Museum... NEEDS UPDATE (0.2 km off)
    Current: (43.2067, 27.9172)
    Correct: (43.2075, 27.9149)
    Address: Archaeological Museum, Varna CenterOdesos, бул. „Княгиня Мария Луиза“ 41, 9000 Varna, Bulgaria
  Checking: Cathedral of the Assumption... NEEDS UPDATE (0.5 km off)
    Current: (43.2061, 27.9161)
    Correct: (43.2035, 27.9103)
    Address: Varna CenterOdesos, ul. "Ruse" 23, 9000 Varna, Bulgaria
  Checking: Roman Thermae... NEEDS UPDATE (0.9 km off)
    Current: (43.2083, 27.9147)
    Correct: (43.2002, 27.9180)
    Address: Varna CenterOdesos, ul. "San Stefano", 9000 Varna, Bulgaria
  Skipping: Varna Airport (VAR) (excluded)
  Checking: Varna Beach... NEEDS UPDATE (2.5 km off)
    Current: (43.2217, 27.9328)
    Correct: (43.2000, 27.9230)
    Address: Varna beach, Bulgaria
  Checking: Stone Forest (Pobiti Kamani)... NEEDS UPDATE (3.3 km off)
    Current: (43.2258, 27.7061)
    Correct: (43.2333, 27.6667)
    Address: Pobitite Kamuni, 9144, Bulgaria
  Checking: Aladzha Monastery... NEEDS UPDATE (1.0 km off)
    Current: (43.2767, 28.0039)
    Correct: (43.2780, 28.0155)
    Address: Primorski, Абай 61, 9000 Varna, Bulgaria
  Checking: Golden Sands... NEEDS UPDATE (0.3 km off)
    Current: (43.2828, 28.0403)
    Correct: (43.2856, 28.0406)
    Address: Golden SandsPrimorski, Bulgaria
  Checking: Euxinograd Palace... NEEDS UPDATE (4.8 km off)
    Current: (43.2617, 28.0039)
    Correct: (43.2192, 27.9947)
    Address: Evksinograd Palace, Св. Св. Константин и Елена Резиденция, EvksinogradPrimorski, 9002 Varna, Bulgaria
  ✅ Updated 9 coordinates in file

[143/351] Processing: Europe/Bulgaria/Cities/VelikoTarnovoAttractions.swift
  Checking: Tsarevets Fortress... NEEDS UPDATE (1.9 km off)
    Current: (43.0836, 25.6292)
    Correct: (43.0837, 25.6526)
    Address: Tsarevets, ul. "Ivan Vazov" 38, 5000 Veliko Tarnovo, Bulgaria
  Checking: Old Town (Samovodska Charshia)... NEEDS UPDATE (1.1 km off)
    Current: (43.0817, 25.6258)
    Correct: (43.0843, 25.6392)
    Address: g.k. Varusha - north, ul. "Rezervoarska" 4a, 5000 Veliko Tarnovo, Bulgaria
  Checking: Asen's Monument... NEEDS UPDATE (4.8 km off)
    Current: (43.0731, 25.6133)
    Correct: (43.1121, 25.6399)
    Address: 4J6Q+RX, 5029 Veliko Tarnovo, Bulgaria
  Checking: Church of Forty Martyrs... NEEDS UPDATE (1.6 km off)
    Current: (43.0822, 25.63)
    Correct: (43.0845, 25.6500)
    Address: g.k. Asenov, ул. „Свети Климент Охридски“ 22, 5000 Veliko Tarnovo, Bulgaria
  Skipping: Sofia Airport (Serving Veliko Tarnovo) (excluded)
  Checking: Trapezitsa Fortress... NEEDS UPDATE (0.7 km off)
    Current: (43.0861, 25.6381)
    Correct: (43.0864, 25.6465)
    Address: Trapezitsa, ul. "Trapezitsa", 5000 Veliko Tarnovo, Bulgaria
  Checking: Arbanassi Village... NEEDS UPDATE (1.5 km off)
    Current: (43.1022, 25.6514)
    Correct: (43.0981, 25.6692)
    Address: Arbanasi, Bulgaria
  Checking: Regional History Museum... NEEDS UPDATE (1.9 km off)
    Current: (43.0772, 25.6197)
    Correct: (43.0809, 25.6426)
    Address: g.k. Varusha - south, ul. "Ivan Vazov" 17, 5000 Veliko Tarnovo, Bulgaria
  Checking: Gurko Street... NEEDS UPDATE (1.5 km off)
    Current: (43.08, 25.6211)
    Correct: (43.0834, 25.6390)
    Address: ul. "General Gurko", 5000 Veliko Tarnovo, Bulgaria
  Checking: Holy Trinity Church... NEEDS UPDATE (3.0 km off)
    Current: (43.0811, 25.6142)
    Correct: (43.0787, 25.6509)
    Address: Sveta Gora, ul. "Slivnitsa" 35, 5003 Veliko Tarnovo, Bulgaria
  ✅ Updated 9 coordinates in file

[144/351] Processing: Europe/Croatia/Cities/DubrovnikAttractions.swift
  Checking: Dubrovnik City Walls... NEEDS UPDATE (0.5 km off)
    Current: (42.6412, 18.1062)
    Correct: (42.6400, 18.1115)
    Address: Gundulićeva poljana 2, 20000, Dubrovnik, Croatia
  Checking: Stradun... OK (0.0 km)
  Checking: Game of Thrones Tour... NEEDS UPDATE (0.3 km off)
    Current: (42.6407, 18.1084)
    Correct: (42.6423, 18.1048)
    Address: Stradun 33, 20000, Dubrovnik, Croatia
  Checking: Lokrum Island... NEEDS UPDATE (0.4 km off)
    Current: (42.628, 18.1192)
    Correct: (42.6311, 18.1177)
    Address: Lokrum, Croatia
  Checking: Cable Car to Mount Srđ... OK (0.1 km)
  Skipping: Dubrovnik Airport (DBV) (excluded)
  Checking: Lovrijenac Fort... OK (0.0 km)
  Checking: Rector's Palace... OK (0.0 km)
  Checking: Sponza Palace... OK (0.0 km)
  Checking: Franciscan Monastery & Pharmacy... OK (0.0 km)
  Checking: Banje Beach... OK (0.1 km)
  Checking: Buža Bar... OK (0.1 km)
  Checking: Dubrovnik Cathedral... OK (0.0 km)
  Checking: War Photo Limited... OK (0.1 km)
  ✅ Updated 3 coordinates in file

[145/351] Processing: Europe/Croatia/Cities/PlitviceAttractions.swift
  Checking: Lower Lakes... NEEDS UPDATE (0.6 km off)
    Current: (44.9026, 15.6108)
    Correct: (44.8978, 15.6061)
    Address: Plitvica selo 71, 53231, Plitvica Selo, Croatia
  Checking: Upper Lakes... NEEDS UPDATE (4.8 km off)
    Current: (44.8806, 15.6022)
    Correct: (44.8592, 15.6555)
    Address: Plitvička Jezera, Croatia
  Checking: Veliki Slap (Great Waterfall)... OK (0.0 km)
  Checking: Lake Kozjak Boat Ride... NEEDS UPDATE (0.5 km off)
    Current: (44.8893, 15.6052)
    Correct: (44.8864, 15.6100)
    Address: Kozjak, 53231, Plitvička Jezera, Croatia
  Skipping: Zagreb Airport (Serving Plitvice) (excluded)
  Checking: Veliki Prštavac Waterfall... NEEDS UPDATE (0.8 km off)
    Current: (44.8835, 15.6012)
    Correct: (44.8780, 15.6085)
    Address: 53231, Plitvička Jezera, Croatia
  Checking: Supljara Cave... NEEDS UPDATE (0.2 km off)
    Current: (44.8998, 15.6089)
    Correct: (44.8999, 15.6117)
    Address: 53231, Rastovača, Croatia
  Checking: Panoramic Viewpoint... OK (0.0 km)
  Checking: Gradinsko Lake... NEEDS UPDATE (1.1 km off)
    Current: (44.8781, 15.5978)
    Correct: (44.8782, 15.6115)
    Address: Gradinsko jezero, 53231, Croatia
  Checking: Rastoke Village... OK (0.0 km)
  ✅ Updated 6 coordinates in file

[146/351] Processing: Europe/Croatia/Cities/SplitAttractions.swift
  Checking: Diocletian's Palace... OK (0.0 km)
  Checking: Cathedral of Saint Domnius... OK (0.0 km)
  Checking: Riva Promenade... NEEDS UPDATE (0.3 km off)
    Current: (43.5061, 16.4416)
    Correct: (43.5078, 16.4385)
    Address: Obala Hrvatskog narodnog preporoda, 21000, Split, Croatia
  Checking: Marjan Hill... NEEDS UPDATE (1.6 km off)
    Current: (43.5094, 16.4122)
    Correct: (43.5073, 16.4324)
    Address: Marjan Hill Stairs, Marasovića ul., 21000, Split, Croatia
  Skipping: Split Airport (SPU) (excluded)
  Checking: Bačvice Beach... OK (0.1 km)
  Checking: Klis Fortress... NEEDS UPDATE (0.2 km off)
    Current: (43.5608, 16.5239)
    Correct: (43.5596, 16.5227)
    Address: Trg Mejdan 10, 21231, Klis, Croatia
  Checking: Split Archaeological Museum... NEEDS UPDATE (0.4 km off)
    Current: (43.5123, 16.4352)
    Correct: (43.5158, 16.4349)
    Address: Ul. Zrinsko Frankopanska 25, 21000, Split, Croatia
  Checking: Salona Ruins... NEEDS UPDATE (0.5 km off)
    Current: (43.5383, 16.4847)
    Correct: (43.5421, 16.4813)
    Address: Ul. don Frane Bulića 91, 21210, Solin, Croatia
  Checking: Varoš Quarter... NEEDS UPDATE (0.2 km off)
    Current: (43.5092, 16.4332)
    Correct: (43.5103, 16.4313)
    Address: 21000, Varoš, Split, Croatia
  Checking: Jupiter's Temple... OK (0.0 km)
  ✅ Updated 6 coordinates in file

[147/351] Processing: Europe/Croatia/Cities/ZagrebAttractions.swift
  Checking: Upper Town (Gornji Grad)... OK (0.0 km)
  Checking: Museum of Broken Relationships... NEEDS UPDATE (0.1 km off)
    Current: (45.8147, 15.9722)
    Correct: (45.8150, 15.9736)
    Address: Ćirilometodska ul. 2, 10000, Zagreb, Croatia
  Checking: Dolac Market... OK (0.0 km)
  Checking: Zagreb Cathedral... OK (0.1 km)
  Skipping: Zagreb Franjo Tuđman Airport (ZAG) (excluded)
  Checking: Maksimir Park... NEEDS UPDATE (0.2 km off)
    Current: (45.8264, 16.0167)
    Correct: (45.8244, 16.0176)
    Address: Park Maksimir, Maksimirski perivoj 1, 10000, Zagreb, Croatia
  Checking: Mirogoj Cemetery... NEEDS UPDATE (0.6 km off)
    Current: (45.8325, 15.9806)
    Correct: (45.8359, 15.9869)
    Address: Aleja Hermanna Bollea 27, 10000, Zagreb, Croatia
  Checking: Croatian National Theatre... OK (0.0 km)
  Checking: St. Mark's Church... OK (0.0 km)
  Checking: Ban Jelačić Square... OK (0.0 km)
  Checking: Croatian Museum of Naïve Art... OK (0.1 km)
  ✅ Updated 3 coordinates in file

[148/351] Processing: Europe/Czechia/Cities/BrnoAttractions.swift
  Checking: Špilberk Castle... OK (0.0 km)
  Checking: Villa Tugendhat... OK (0.0 km)
  Checking: Cathedral of St. Peter and Paul... OK (0.1 km)
  Checking: Ossuary at St. James's Church... NEEDS UPDATE (0.2 km off)
    Current: (49.1954, 16.607)
    Correct: (49.1966, 16.6081)
    Address: Jakubské nám. 11, 602 00 Brno-střed, Czechia
  Skipping: Brno–Tuřany Airport (BRQ) (excluded)
  ✅ Updated 1 coordinates in file

[149/351] Processing: Europe/Czechia/Cities/CeskyKrumlovAttractions.swift
  Checking: Český Krumlov Castle... NEEDS UPDATE (0.1 km off)
    Current: (48.8127, 14.3155)
    Correct: (48.8128, 14.3140)
    Address: Zámek 59, 381 01 Český Krumlov-Český Krumlov 1, Czechia
  Checking: Historic Centre... NEEDS UPDATE (0.3 km off)
    Current: (48.8108, 14.3151)
    Correct: (48.8127, 14.3175)
    Address: 381 01 Český Krumlov-Český Krumlov 1, Czechia
  Checking: Vltava River Rafting... NEEDS UPDATE (0.2 km off)
    Current: (48.8108, 14.318)
    Correct: (48.8127, 14.3175)
    Address: 381 01 Český Krumlov-Český Krumlov 1, Czechia
  Checking: Egon Schiele Art Centrum... NEEDS UPDATE (0.2 km off)
    Current: (48.8117, 14.315)
    Correct: (48.8108, 14.3133)
    Address: Široká 71, 381 01 Český Krumlov-Český Krumlov 1, Czechia
  Skipping: Prague Airport (Serving Cesky Krumlov) (excluded)
  ✅ Updated 4 coordinates in file

[150/351] Processing: Europe/Czechia/Cities/KarlovyVaryAttractions.swift
  Checking: Hot Springs Colonnades... NEEDS UPDATE (1.0 km off)
    Current: (50.2316, 12.8786)
    Correct: (50.2227, 12.8834)
    Address: 2, Divadelní nám. 2036, 360 01 Karlovy Vary-Karlovy Vary 1, Czechia
  Checking: Diana Lookout Tower... NEEDS UPDATE (1.2 km off)
    Current: (50.2283, 12.8635)
    Correct: (50.2190, 12.8723)
    Address: Vrch přátelství 360 01, 360 01 Karlovy Vary-Karlovy Vary 1, Czechia
  Checking: Moser Glass Museum... NEEDS UPDATE (1.8 km off)
    Current: (50.2344, 12.8605)
    Correct: (50.2282, 12.8378)
    Address: 19, Kpt. Jaroše 46, Dvory, 360 06 Karlovy Vary-Karlovy Vary 6, Czechia
  Checking: Church of St. Mary Magdalene... NEEDS UPDATE (0.9 km off)
    Current: (50.2303, 12.8797)
    Correct: (50.2227, 12.8843)
    Address: nám. Svobody 1, 360 01 Karlovy Vary-Karlovy Vary 1, Czechia
  Skipping: Karlovy Vary Airport (KLV) (excluded)
  ✅ Updated 4 coordinates in file

[151/351] Processing: Europe/Czechia/Cities/PragueAttractions.swift
  Checking: Charles Bridge... OK (0.1 km)
  Checking: Prague Castle... OK (0.0 km)
  Checking: Old Town Square... OK (0.0 km)
  Checking: St. Vitus Cathedral... OK (0.0 km)
  Checking: Jewish Quarter (Josefov)... NEEDS UPDATE (0.2 km off)
    Current: (50.0903, 14.4173)
    Correct: (50.0905, 14.4203)
    Address: U Staré školy, Staré Město, 110 00 Praha-Praha 1, Czechia
  Checking: Dancing House... OK (0.0 km)
  Checking: Lennon Wall... OK (0.0 km)
  Checking: Petřín Hill & Lookout Tower... NEEDS UPDATE (0.3 km off)
    Current: (50.0835, 14.3951)
    Correct: (50.0814, 14.3939)
    Address: Petřín, 169 00 Prague-Prague 6, Czechia
  Checking: Lesser Town... OK (0.1 km)
  Checking: Wenceslas Square... OK (0.1 km)
  Checking: Vyšehrad... NEEDS UPDATE (0.1 km off)
    Current: (50.0647, 14.42)
    Correct: (50.0637, 14.4202)
    Address: Vyšehrad, 128 00 Prague 2, Czechia
  Checking: Clementinum & National Library... OK (0.0 km)
  Checking: Strahov Monastery... OK (0.0 km)
  Checking: Municipal House... OK (0.1 km)
  Checking: National Theatre... OK (0.0 km)
  Checking: Prague Zoo... NEEDS UPDATE (0.1 km off)
    Current: (50.1167, 14.4061)
    Correct: (50.1177, 14.4062)
    Address: U Trojského zámku 120/3, 171 00 Praha 7, Czechia
  Checking: Church of Our Lady before Týn... OK (0.0 km)
  Skipping: Václav Havel Airport Prague (PRG) (excluded)
  ✅ Updated 4 coordinates in file

[152/351] Processing: Europe/Denmark/Cities/AalborgAttractions.swift
  Checking: Utzon Center... NEEDS UPDATE (0.6 km off)
    Current: (57.0538, 9.9198)
    Correct: (57.0495, 9.9262)
    Address: Utzon Center, Slotspladsen 4, 9000 Aalborg, Denmark
  Checking: Aalborg Historical Museum... NEEDS UPDATE (0.3 km off)
    Current: (57.0471, 9.9226)
    Correct: (57.0482, 9.9179)
    Address: Aalborg Historiske Museum, Algade, 9000 Aalborg, Denmark
  Checking: Lindholm Høje... NEEDS UPDATE (0.8 km off)
    Current: (57.0775, 9.9247)
    Correct: (57.0776, 9.9118)
    Address: Vendilavej 11, 9400 Nørresundby, Denmark
  Checking: Jomfru Ane Gade... NEEDS UPDATE (0.3 km off)
    Current: (57.0475, 9.9192)
    Correct: (57.0503, 9.9189)
    Address: Jomfru Ane Gade, 9000 Aalborg, Denmark
  Skipping: Aalborg Airport (AAL) (excluded)
  Checking: Aalborg Zoo... NEEDS UPDATE (1.1 km off)
    Current: (57.0297, 9.9111)
    Correct: (57.0370, 9.8980)
    Address: Mølleparkvej 63, 9000 Aalborg, Denmark
  Checking: Budolfi Church... NEEDS UPDATE (0.1 km off)
    Current: (57.0472, 9.9214)
    Correct: (57.0479, 9.9194)
    Address: Aalborg Domkirke, Algade 40, 9000 Aalborg, Denmark
  Checking: Aalborg Waterfront... NEEDS UPDATE (1.2 km off)
    Current: (57.0525, 9.9175)
    Correct: (57.0470, 9.9344)
    Address: Aalborg Waterfront, 9000 Aalborg, Denmark
  Checking: Kunsten Museum... NEEDS UPDATE (0.2 km off)
    Current: (57.043, 9.9083)
    Correct: (57.0426, 9.9058)
    Address: Kong Christians Alle 50, 9000 Aalborg, Denmark
  ✅ Updated 8 coordinates in file

[153/351] Processing: Europe/Denmark/Cities/AarhusAttractions.swift
  Checking: ARoS Aarhus Art Museum... OK (0.0 km)
  Checking: Den Gamle By... NEEDS UPDATE (0.5 km off)
    Current: (56.162, 10.1894)
    Correct: (56.1578, 10.1936)
    Address: Viborgvej 2, 8000 Aarhus Centrum, Denmark
  Checking: Moesgaard Museum... NEEDS UPDATE (0.2 km off)
    Current: (56.0893, 10.2267)
    Correct: (56.0887, 10.2235)
    Address: Moesgaard Museum, Moesgård Allé 15, 8270 Højbjerg, Denmark
  Checking: Latin Quarter... NEEDS UPDATE (0.2 km off)
    Current: (56.1587, 10.2077)
    Correct: (56.1588, 10.2108)
    Address: Latinerkvarteret, 8000 Aarhus, Denmark
  Checking: Aarhus Cathedral... NEEDS UPDATE (0.1 km off)
    Current: (56.1578, 10.2101)
    Correct: (56.1569, 10.2109)
    Address: Store Torv, 8000 Aarhus, Denmark
  Skipping: Aarhus Airport (AAR) (excluded)
  Checking: Marselisborg Palace... OK (0.0 km)
  Checking: Dokk1... OK (0.0 km)
  Checking: Tivoli Friheden... OK (0.0 km)
  Checking: Viking Museum... OK (0.1 km)
  Checking: Botanical Garden... OK (0.1 km)
  Checking: The Infinite Bridge... NEEDS UPDATE (0.6 km off)
    Current: (56.1189, 10.2198)
    Correct: (56.1247, 10.2183)
    Address: Ørneredevej 3, 8000 Aarhus, Denmark
  Checking: The Iceberg... NEEDS UPDATE (0.2 km off)
    Current: (56.1666, 10.2285)
    Correct: (56.1650, 10.2298)
    Address: Mariane Thomsens Gade 43, 8000 Aarhus, Denmark
  Checking: Salling Rooftop... NEEDS UPDATE (0.1 km off)
    Current: (56.1555, 10.2063)
    Correct: (56.1542, 10.2066)
    Address: Søndergade 27, 8000 Aarhus, Denmark
  Checking: Aarhus Street Food... NEEDS UPDATE (0.1 km off)
    Current: (56.1517, 10.2114)
    Correct: (56.1515, 10.2093)
    Address: Ny Banegårdsgade 46, 8000 Aarhus, Denmark
  ✅ Updated 8 coordinates in file

[154/351] Processing: Europe/Denmark/Cities/CopenhagenAttractions.swift
  Checking: Tivoli Gardens... OK (0.0 km)
  Checking: Nyhavn... OK (0.0 km)
  Checking: The Little Mermaid... OK (0.0 km)
  Checking: Christiansborg Palace... OK (0.0 km)
  Checking: Rosenborg Castle... OK (0.0 km)
  Checking: Strøget... NEEDS UPDATE (0.3 km off)
    Current: (55.6779, 12.5727)
    Correct: (55.6787, 12.5774)
    Address: Strøget, København, Denmark
  Checking: Freetown Christiania... NEEDS UPDATE (0.2 km off)
    Current: (55.6714, 12.5959)
    Correct: (55.6734, 12.5964)
    Address: Freetown Christiania, Copenhagen Municipality, Denmark
  Skipping: Copenhagen Airport, Kastrup (CPH) (excluded)
  Checking: Amalienborg Palace... OK (0.0 km)
  Checking: Round Tower... OK (0.0 km)
  Checking: National Museum of Denmark... OK (0.0 km)
  Checking: Botanical Garden... NEEDS UPDATE (0.4 km off)
    Current: (55.6882, 12.5721)
    Correct: (55.6849, 12.5734)
    Address: Botanical Garden, Gothersgade 128, 1123 København K, Denmark
  Checking: Torvehallerne... OK (0.0 km)
  Checking: Ny Carlsberg Glyptotek... NEEDS UPDATE (0.1 km off)
    Current: (55.6722, 12.5714)
    Correct: (55.6730, 12.5725)
    Address: Dantes Plads 7, 1556 København, Denmark
  Checking: The Marble Church... OK (0.0 km)
  Checking: Reffen Street Food... NEEDS UPDATE (0.1 km off)
    Current: (55.6936, 12.6105)
    Correct: (55.6936, 12.6082)
    Address: Refshalevej 167, 1432 København, Denmark
  ✅ Updated 5 coordinates in file

[155/351] Processing: Europe/Denmark/Cities/OdenseAttractions.swift
  Checking: H.C. Andersen's House... NEEDS UPDATE (0.3 km off)
    Current: (55.3965, 10.3885)
    Correct: (55.3985, 10.3906)
    Address: H.C. Andersen Haven 1, 5000 Odense C, Denmark
  Checking: Odense Zoo... NEEDS UPDATE (0.5 km off)
    Current: (55.3808, 10.3788)
    Correct: (55.3786, 10.3715)
    Address: Sdr. Boulevard 306, 5000 Odense C, Denmark
  Checking: St. Canute's Cathedral... NEEDS UPDATE (0.1 km off)
    Current: (55.3962, 10.3878)
    Correct: (55.3953, 10.3886)
    Address: Dronning Christines Pl. 1, 5000 Odense, Denmark
  Checking: Funen Village... NEEDS UPDATE (3.3 km off)
    Current: (55.3802, 10.3702)
    Correct: (55.4038, 10.4024)
    Address: Odense, Denmark
  Skipping: Copenhagen Airport (Serving Odense) (excluded)
  Checking: Odense River... OK (0.0 km)
  Checking: Brandts... NEEDS UPDATE (0.4 km off)
    Current: (55.3972, 10.3867)
    Correct: (55.3959, 10.3808)
    Address: Amfipladsen 7, 5000 Odense, Denmark
  Checking: Munke Mose Park... NEEDS UPDATE (0.8 km off)
    Current: (55.3958, 10.3792)
    Correct: (55.3897, 10.3848)
    Address: Jagtvej 59, 5000 Odense, Denmark
  Checking: H.C. Andersen's Childhood Home... NEEDS UPDATE (0.3 km off)
    Current: (55.3967, 10.3858)
    Correct: (55.3945, 10.3873)
    Address: Munkemøllestræde 3, 5000 Odense, Denmark
  ✅ Updated 7 coordinates in file

[156/351] Processing: Europe/England/Cities/BirminghamAttractions.swift
  Checking: Cadbury World... NEEDS UPDATE (0.2 km off)
    Current: (52.43, -1.9325)
    Correct: (52.4288, -1.9314)
    Address: 69 Linden Rd, Birmingham B30 1JR, UK
  Checking: National SEA LIFE Centre... OK (0.1 km)
  Checking: Birmingham Museum & Art Gallery... OK (0.1 km)
  Checking: Library of Birmingham... OK (0.0 km)
  Checking: Jewellery Quarter... OK (0.1 km)
  Checking: Birmingham Botanical Gardens... NEEDS UPDATE (0.3 km off)
    Current: (52.4646, -1.9272)
    Correct: (52.4672, -1.9296)
    Address: The Birmingham Botanical Gardens, Birmingham Botanical Gardens, Westbourne Rd, Edgbaston, Birmingham B15 3TR, UK
  Checking: Symphony Hall... OK (0.0 km)
  Checking: Black Country Living Museum... OK (0.1 km)
  Checking: Thinktank Birmingham Science Museum... OK (0.0 km)
  Checking: National Motorcycle Museum... NEEDS UPDATE (0.5 km off)
    Current: (52.4455, -1.7144)
    Correct: (52.4444, -1.7071)
    Address: Coventry Road, Bickenhill, Hampton in Arden, Solihull B92 0EJ, UK
  Skipping: Birmingham Airport (BHX) (excluded)
  ✅ Updated 3 coordinates in file

[157/351] Processing: Europe/England/Cities/CambridgeAttractions.swift
  Checking: King's College Chapel... OK (0.1 km)
  Checking: The Backs... NEEDS UPDATE (0.1 km off)
    Current: (52.203, 0.113)
    Correct: (52.2042, 0.1130)
    Address: The Backs, Queen's Rd, Cambridge CB3 9AH, UK
  Checking: Trinity College... OK (0.0 km)
  Checking: Punting on the Cam... NEEDS UPDATE (1.3 km off)
    Current: (52.202, 0.116)
    Correct: (52.1951, 0.1313)
    Address: Cambridge, UK
  Checking: Fitzwilliam Museum... OK (0.0 km)
  Skipping: London Stansted Airport (Serving Cambridge) (excluded)
  Checking: Mathematical Bridge... OK (0.0 km)
  Checking: St John's College... OK (0.1 km)
  Checking: Great St Mary's Church... OK (0.1 km)
  Checking: Cambridge University Botanic Garden... OK (0.0 km)
  Checking: The Eagle Pub... OK (0.1 km)
  Checking: Kettle's Yard... NEEDS UPDATE (0.1 km off)
    Current: (52.2114, 0.113)
    Correct: (52.2109, 0.1145)
    Address: Castle St, Cambridge CB3 0AQ, UK
  Checking: Corpus Clock... OK (0.0 km)
  Checking: Bridge of Sighs (St John's)... NEEDS UPDATE (0.1 km off)
    Current: (52.2081, 0.1175)
    Correct: (52.2084, 0.1158)
    Address: Bridge of Sighs, St John's College, St John's St, Cambridge CB2 1TP, UK
  ✅ Updated 4 coordinates in file

[158/351] Processing: Europe/England/Cities/LeedsAttractions.swift
  Checking: Royal Armouries Museum... OK (0.0 km)
  Checking: Kirkstall Abbey... OK (0.1 km)
  Checking: Roundhay Park... NEEDS UPDATE (0.3 km off)
    Current: (53.8375, -1.4965)
    Correct: (53.8351, -1.4969)
    Address: Roundhay Park, Mansion Ln, Roundhay, Leeds LS8 2HH, UK
  Checking: Leeds Kirkgate Market... NEEDS UPDATE (0.1 km off)
    Current: (53.7972, -1.541)
    Correct: (53.7973, -1.5387)
    Address: Leeds Kirkgate Market, Kirkgate, Leeds LS2 7HY, UK
  Checking: Harewood House... OK (0.0 km)
  Checking: Leeds Art Gallery... OK (0.1 km)
  Checking: Victoria Quarter... OK (0.1 km)
  Checking: Leeds Corn Exchange... OK (0.1 km)
  Checking: Thackray Museum of Medicine... NEEDS UPDATE (0.3 km off)
    Current: (53.8055, -1.5177)
    Correct: (53.8082, -1.5186)
    Address: 141 Beckett St, Harehills, Leeds LS9 7LN, UK
  Checking: Leeds Grand Theatre... NEEDS UPDATE (0.1 km off)
    Current: (53.8003, -1.5427)
    Correct: (53.8000, -1.5411)
    Address: Leeds Grand Theatre, 46 New Briggate, Leeds LS1 6NU, UK
  Skipping: Leeds Bradford Airport (LBA) (excluded)
  ✅ Updated 4 coordinates in file

[159/351] Processing: Europe/England/Cities/LiverpoolAttractions.swift
  Checking: The Beatles Story... OK (0.1 km)
  Checking: Albert Dock... OK (0.1 km)
  Checking: Liverpool Cathedral... NEEDS UPDATE (0.1 km off)
    Current: (53.3963, -2.9726)
    Correct: (53.3975, -2.9733)
    Address: St James’ Mount, Liverpool L1 7AZ, UK
  Checking: The Cavern Club... OK (0.1 km)
  Checking: Anfield Stadium... OK (0.0 km)
  Skipping: Liverpool John Lennon Airport (LPL) (excluded)
  Checking: St George's Hall... NEEDS UPDATE (0.1 km off)
    Current: (53.4077, -2.9791)
    Correct: (53.4085, -2.9803)
    Address: St George's Pl, Liverpool L1 1JJ, UK
  Checking: Merseyside Maritime Museum... OK (0.0 km)
  Checking: Tate Liverpool... OK (0.0 km)
  Checking: World Museum... OK (0.0 km)
  Checking: Walker Art Gallery... OK (0.0 km)
  Checking: International Slavery Museum... OK (0.0 km)
  Checking: Pier Head... NEEDS UPDATE (0.1 km off)
    Current: (53.4045, -2.9956)
    Correct: (53.4046, -2.9972)
    Address: Pier Head, Liverpool L3 1DP, UK
  Checking: St John's Beacon... OK (0.1 km)
  Checking: Sefton Park... NEEDS UPDATE (0.4 km off)
    Current: (53.3828, -2.9427)
    Correct: (53.3829, -2.9370)
    Address: Sefton Park, Sefton Park, Liverpool L17, UK
  ✅ Updated 4 coordinates in file

[160/351] Processing: Europe/England/Cities/LondonAttractions.swift
  Checking: Tower of London... OK (0.0 km)
  Checking: Buckingham Palace... OK (0.0 km)
  Checking: British Museum... OK (0.0 km)
  Checking: Westminster Abbey... OK (0.0 km)
  Checking: Big Ben & Houses of Parliament... OK (0.0 km)
  Checking: St. Paul's Cathedral... OK (0.0 km)
  Checking: Tower Bridge... OK (0.0 km)
  Checking: Natural History Museum... OK (0.0 km)
  Checking: Hyde Park... NEEDS UPDATE (0.1 km off)
    Current: (51.5073, -0.1657)
    Correct: (51.5074, -0.1641)
    Address: Hyde Park, London, UK
  Checking: London Eye... OK (0.0 km)
  Checking: The National Gallery... OK (0.0 km)
  Checking: The View from The Shard... OK (0.0 km)
  Checking: Camden Market... NEEDS UPDATE (0.1 km off)
    Current: (51.5416, -0.1464)
    Correct: (51.5413, -0.1450)
    Address: Camden Lock Pl, London NW1 8AF, UK
  Checking: Tate Modern... OK (0.0 km)
  Checking: Covent Garden... OK (0.1 km)
  Checking: Borough Market... OK (0.0 km)
  Checking: Royal Observatory Greenwich... OK (0.0 km)
  Checking: V&A Museum... OK (0.0 km)
  Checking: Trafalgar Square... OK (0.0 km)
  Checking: Notting Hill... NEEDS UPDATE (0.8 km off)
    Current: (51.5094, -0.2059)
    Correct: (51.5160, -0.2090)
    Address: Notting Hill, London, UK
  Checking: Shakespeare's Globe... OK (0.0 km)
  Checking: Churchill War Rooms... OK (0.0 km)
  Checking: South Bank... NEEDS UPDATE (0.4 km off)
    Current: (51.5055, -0.116)
    Correct: (51.5037, -0.1117)
    Address: South Bank, London, UK
  Skipping: Heathrow Airport (LHR) (excluded)
  Checking: Sky Garden... OK (0.0 km)
  Checking: Royal Botanic Gardens, Kew... NEEDS UPDATE (0.7 km off)
    Current: (51.4787, -0.2955)
    Correct: (51.4837, -0.2897)
    Address: Royal Botanic Gardens, Richmond TW9 3AB, UK
  Checking: Kensington Palace... OK (0.0 km)
  Checking: Hampton Court Palace... OK (0.0 km)
  Checking: Greenwich Park... NEEDS UPDATE (0.1 km off)
    Current: (51.4767, 0.0)
    Correct: (51.4769, 0.0015)
    Address: Greenwich Park, London SE10 8QY, UK
  ✅ Updated 6 coordinates in file

[161/351] Processing: Europe/England/Cities/ManchesterAttractions.swift
  Checking: Old Trafford... NEEDS UPDATE (1.0 km off)
    Current: (53.4631, -2.2913)
    Correct: (53.4621, -2.2766)
    Address: Old Trafford, Stretford, Manchester, UK
  Checking: Manchester Cathedral... OK (0.0 km)
  Checking: John Rylands Library... OK (0.1 km)
  Checking: Etihad Stadium... OK (0.0 km)
  Checking: Northern Quarter... NEEDS UPDATE (0.2 km off)
    Current: (53.4841, -2.2356)
    Correct: (53.4825, -2.2345)
    Address: Northern Quarter, Manchester, UK
  Checking: Science and Industry Museum... OK (0.1 km)
  Skipping: Manchester Airport (MAN) (excluded)
  Checking: Manchester Museum... OK (0.1 km)
  Checking: IWM North... OK (0.0 km)
  Checking: Manchester Art Gallery... OK (0.0 km)
  Checking: National Football Museum... OK (0.0 km)
  Checking: The Whitworth... NEEDS UPDATE (0.1 km off)
    Current: (53.4593, -2.2289)
    Correct: (53.4603, -2.2293)
    Address: Oxford Rd, Manchester M15 6ER, UK
  Checking: Castlefield Urban Heritage Park... OK (0.1 km)
  Checking: People's History Museum... OK (0.0 km)
  Checking: Heaton Park... NEEDS UPDATE (1.5 km off)
    Current: (53.5369, -2.2464)
    Correct: (53.5303, -2.2657)
    Address: Heaton Park, Bury Old Rd, Manchester M25 0EQ, UK
  Checking: Chetham's Library... OK (0.1 km)
  Checking: The Lowry... OK (0.1 km)
  ✅ Updated 4 coordinates in file

[162/351] Processing: Europe/England/Cities/OxfordAttractions.swift
  Checking: Bodleian Library... OK (0.0 km)
  Checking: Radcliffe Camera... OK (0.0 km)
  Checking: Christ Church College... OK (0.0 km)
  Checking: Ashmolean Museum... NEEDS UPDATE (0.1 km off)
    Current: (51.7547, -1.2614)
    Correct: (51.7554, -1.2601)
    Address: Beaumont St, Oxford OX1 2PH, UK
  Checking: University Church of St Mary... OK (0.0 km)
  Skipping: London Heathrow Airport (Serving Oxford) (excluded)
  Checking: Pitt Rivers Museum... OK (0.1 km)
  Checking: Oxford Castle & Prison... OK (0.0 km)
  Checking: The Bridge of Sighs... OK (0.0 km)
  Checking: Sheldonian Theatre... OK (0.0 km)
  Checking: Oxford Botanic Garden... OK (0.1 km)
  Checking: Magdalen College... OK (0.1 km)
  Checking: The Covered Market... OK (0.1 km)
  Checking: Oxford University Museum of Natural History... OK (0.0 km)
  ✅ Updated 1 coordinates in file

[163/351] Processing: Europe/Estonia/Cities/ParnuAttractions.swift
  Checking: Pärnu Beach... NEEDS UPDATE (0.8 km off)
    Current: (58.3728, 24.4881)
    Correct: (58.3720, 24.5026)
    Address: Pärnu Beach, 80012 Pärnu County, Estonia
  Checking: Rannapark... NEEDS UPDATE (0.5 km off)
    Current: (58.3753, 24.4889)
    Correct: (58.3798, 24.4881)
    Address: Rannapark, Pärnu Rannapark, Pärnu, 80031 Pärnu maakond, Estonia
  Checking: Old Town & Rüütli Street... NEEDS UPDATE (0.8 km off)
    Current: (58.3858, 24.5033)
    Correct: (58.3917, 24.4953)
    Address: Pärnu, Pärnu County, Estonia
  Skipping: Tallinn Airport (Serving Pärnu) (excluded)
  ✅ Updated 3 coordinates in file

[164/351] Processing: Europe/Estonia/Cities/TallinnAttractions.swift
  Checking: Tallinn Old Town... NEEDS UPDATE (0.1 km off)
    Current: (59.4372, 24.7453)
    Correct: (59.4364, 24.7446)
    Address: Vanalinn, Tallinn, Estonia
  Checking: Alexander Nevsky Cathedral... OK (0.0 km)
  Checking: Toompea Castle... OK (0.0 km)
  Checking: Town Hall Square... OK (0.0 km)
  Checking: St. Olaf's Church... OK (0.0 km)
  Checking: Kadriorg Palace & Park... OK (0.0 km)
  Checking: Telliskivi Creative City... OK (0.1 km)
  Checking: Kohtuotsa Viewing Platform... OK (0.0 km)
  Skipping: Tallinn Airport (TLL) (excluded)
  Checking: Seaplane Harbour... NEEDS UPDATE (0.1 km off)
    Current: (59.4514, 24.7408)
    Correct: (59.4517, 24.7384)
    Address: Vesilennuki tn 6, 10145 Tallinn, Estonia
  Checking: Kumu Art Museum... NEEDS UPDATE (0.2 km off)
    Current: (59.4358, 24.7963)
    Correct: (59.4371, 24.7975)
    Address: Valge tn 1, 10127 Tallinn, Estonia
  Checking: Tallinn TV Tower... OK (0.0 km)
  Checking: Kiek in de Kök Fortifications Museum... OK (0.0 km)
  Checking: Estonian Open Air Museum... OK (0.1 km)
  Checking: Rotermann Quarter... OK (0.1 km)
  Checking: Viru Gate... OK (0.0 km)
  Checking: Vabamu Museum of Occupations and Freedom... OK (0.1 km)
  ✅ Updated 3 coordinates in file

[165/351] Processing: Europe/Estonia/Cities/TartuAttractions.swift
  Checking: University of Tartu... NEEDS UPDATE (1.9 km off)
    Current: (58.3803, 26.7189)
    Correct: (58.3633, 26.7266)
    Address: Nigula tn 9, 50107 Tartu, Estonia
  Checking: Town Hall Square... OK (0.0 km)
  Checking: Estonian National Museum... NEEDS UPDATE (4.0 km off)
    Current: (58.3653, 26.7069)
    Correct: (58.3953, 26.7446)
    Address: Muuseumi tee 2, 60532 Tartu, Estonia
  Checking: Toome Hill... NEEDS UPDATE (0.2 km off)
    Current: (58.3794, 26.7153)
    Correct: (58.3809, 26.7159)
    Address: Toomemägi, 51003 Tartu, Estonia
  Checking: Aparaaditehas... NEEDS UPDATE (1.7 km off)
    Current: (58.3839, 26.7289)
    Correct: (58.3702, 26.7161)
    Address: Kastani tn 42, 50410 Tartu, Estonia
  Skipping: Tartu Airport (TAY) (excluded)
  ✅ Updated 4 coordinates in file

[166/351] Processing: Europe/FaroeIslands/Cities/GasadalurAttractions.swift
  Checking: Múlafossur Waterfall... NEEDS UPDATE (0.2 km off)
    Current: (62.109, -7.436)
    Correct: (62.1076, -7.4355)
    Address: 4H57+2QG, Gasadalur 387, Faroe Islands
  Skipping: Vágar Airport (FAE) (excluded)
  ✅ Updated 1 coordinates in file

[167/351] Processing: Europe/FaroeIslands/Cities/TorshavnAttractions.swift
  Checking: Tinganes... OK (0.1 km)
  Skipping: Vágar Airport (FAE) (excluded)
  Checking: Skansin Fortress... NEEDS UPDATE (0.1 km off)
    Current: (62.0075, -6.765)
    Correct: (62.0078, -6.7630)
    Address: 0 Yviri við Strond, Tórshavn 100, Faroe Islands
  Checking: Tórshavn Cathedral... OK (0.0 km)
  Checking: National Gallery of the Faroe Islands... NEEDS UPDATE (0.2 km off)
    Current: (62.016, -6.779)
    Correct: (62.0175, -6.7806)
    Address: 9 Gundadalsvegur, Tórshavn 100, Faroe Islands
  Checking: The Nordic House... NEEDS UPDATE (0.2 km off)
    Current: (62.02, -6.785)
    Correct: (62.0221, -6.7847)
    Address: 14 Norðari Ringvegur, Tórshavn 100, Faroe Islands
  Checking: National Museum... NEEDS UPDATE (2.2 km off)
    Current: (62.03, -6.765)
    Correct: (62.0107, -6.7741)
    Address: Tórshavn, Faroe Islands
  Checking: Kirkjubøur Village... NEEDS UPDATE (0.2 km off)
    Current: (61.954, -6.794)
    Correct: (61.9538, -6.7983)
    Address: Kirkjubøur, Faroe Islands
  Checking: Vágsbotnur Harbor... OK (0.1 km)
  Checking: Svartafoss Waterfall... NEEDS UPDATE (0.1 km off)
    Current: (62.025, -6.78)
    Correct: (62.0261, -6.7807)
    Address: 26G9+FP2 Svartafoss Waterfall, Tórshavn 188, Faroe Islands
  Checking: Vestmanna Bird Cliffs... OK (0.0 km)
  Checking: Gasadalur & Múlafossur... OK (0.0 km)
  ✅ Updated 6 coordinates in file

[168/351] Processing: Europe/Finland/Cities/HelsinkiAttractions.swift
  Checking: Helsinki Cathedral... OK (0.0 km)
  Checking: Suomenlinna Sea Fortress... OK (0.0 km)
  Checking: Temppeliaukio Church... OK (0.0 km)
  Checking: Design District Helsinki... NEEDS UPDATE (0.2 km off)
    Current: (60.163, 24.945)
    Correct: (60.1634, 24.9418)
    Address: Design District, Helsinki, Finland
  Checking: Market Square... OK (0.0 km)
  Checking: Oodi Central Library... OK (0.0 km)
  Checking: Löyly Sauna... NEEDS UPDATE (0.8 km off)
    Current: (60.1528, 24.9156)
    Correct: (60.1521, 24.9303)
    Address: Hernesaarenranta 4, 00150 Helsinki, Finland
  Skipping: Helsinki Airport (HEL) (excluded)
  Checking: Sibelius Monument... OK (0.0 km)
  Checking: Uspenski Cathedral... OK (0.0 km)
  Checking: Seurasaari Open-Air Museum... NEEDS UPDATE (0.2 km off)
    Current: (60.1837, 24.886)
    Correct: (60.1856, 24.8846)
    Address: Seurasaari, 00250 Helsinki, Finland
  Checking: Ateneum Art Museum... OK (0.0 km)
  Checking: Linnanmäki Amusement Park... OK (0.0 km)
  Checking: Esplanadi Park... OK (0.0 km)
  Checking: Amos Rex... OK (0.0 km)
  Checking: Kiasma... OK (0.0 km)
  ✅ Updated 3 coordinates in file

[169/351] Processing: Europe/Finland/Cities/RovaniemiAttractions.swift
  Checking: Santa Claus Village... OK (0.1 km)
  Checking: Arktikum... NEEDS UPDATE (0.3 km off)
    Current: (66.5105, 25.727)
    Correct: (66.5076, 25.7261)
    Address: Pohjoisranta 4, 96200 Rovaniemi, Finland
  Checking: Northern Lights Tours... OK (0.0 km)
  Checking: Husky and Reindeer Safaris... OK (0.0 km)
  Skipping: Rovaniemi Airport (RVN) (excluded)
  ✅ Updated 1 coordinates in file

[170/351] Processing: Europe/Finland/Cities/TampereAttractions.swift
  Checking: Särkänniemi... OK (0.1 km)
  Checking: Vapriikki Museum Centre... NEEDS UPDATE (0.6 km off)
    Current: (61.4993, 23.7697)
    Correct: (61.5030, 23.7606)
    Address: Alaverstaanraitti 5, 33101 Tampere, Finland
  Checking: Pyynikki Observation Tower... NEEDS UPDATE (0.5 km off)
    Current: (61.4918, 23.734)
    Correct: (61.4964, 23.7322)
    Address: Pyynikin näkötorni, Näkötornintie 20, 33230 Tampere, Finland
  Checking: Moomin Museum... NEEDS UPDATE (1.4 km off)
    Current: (61.499, 23.7557)
    Correct: (61.4961, 23.7807)
    Address: Tampere-talo, Yliopistonkatu 55, 33100 Tampere, Finland
  Skipping: Tampere-Pirkkala Airport (TMP) (excluded)
  Checking: Rajaportti Sauna... NEEDS UPDATE (2.5 km off)
    Current: (61.4856, 23.7508)
    Correct: (61.5020, 23.7199)
    Address: Pispalan valtatie 9, 33250 Tampere, Finland
  Checking: Tampere Market Hall... NEEDS UPDATE (0.1 km off)
    Current: (61.4975, 23.7608)
    Correct: (61.4969, 23.7586)
    Address: Hämeenkatu 19, 33200 Tampere, Finland
  Checking: Tampere Cathedral... NEEDS UPDATE (0.5 km off)
    Current: (61.4986, 23.7677)
    Correct: (61.5025, 23.7699)
    Address: Tuomiokirkonkatu 3b, 33100 Tampere, Finland
  Checking: Finlayson Area... NEEDS UPDATE (0.7 km off)
    Current: (61.5008, 23.7717)
    Correct: (61.5013, 23.7587)
    Address: Finlaysoninkatu, 33210 Tampere, Finland
  ✅ Updated 7 coordinates in file

[171/351] Processing: Europe/Finland/Cities/TurkuAttractions.swift
  Checking: Turku Castle... OK (0.0 km)
  Checking: Turku Cathedral... OK (0.1 km)
  Checking: Aura River... OK (0.0 km)
  Checking: Archipelago Trail... NEEDS UPDATE (1.0 km off)
    Current: (60.4518, 22.2666)
    Correct: (60.4518, 22.2486)
    Address: Turku, Finland
  Skipping: Turku Airport (TKU) (excluded)
  Checking: Turku Market Hall... NEEDS UPDATE (0.1 km off)
    Current: (60.45, 22.2683)
    Correct: (60.4497, 22.2661)
    Address: Eerikinkatu 16, 20100 Turku, Finland
  Checking: Forum Marinum Maritime Centre... NEEDS UPDATE (0.6 km off)
    Current: (60.4375, 22.2242)
    Correct: (60.4367, 22.2357)
    Address: Linnankatu 72, 20100 Turku, Finland
  Checking: Luostarinmäki Handicrafts Museum... NEEDS UPDATE (0.2 km off)
    Current: (60.4481, 22.275)
    Correct: (60.4469, 22.2764)
    Address: Vartiovuorenkatu 2, 20101 Turku, Finland
  Checking: Moomin World... NEEDS UPDATE (4.6 km off)
    Current: (60.4378, 21.9578)
    Correct: (60.4720, 22.0055)
    Address: Kaivokatu 5, 21101 Naantali, Finland
  ✅ Updated 5 coordinates in file

[172/351] Processing: Europe/France/Cities/BordeauxAttractions.swift
  Checking: Place de la Bourse... NEEDS UPDATE (0.1 km off)
    Current: (44.8414, -0.569)
    Correct: (44.8415, -0.5705)
    Address: Pl. de la Bourse, 33000 Bordeaux, France
  Checking: La Cité du Vin... OK (0.0 km)
  Checking: Saint-André Cathedral... OK (0.1 km)
  Checking: Rue Sainte-Catherine... NEEDS UPDATE (0.3 km off)
    Current: (44.84, -0.5742)
    Correct: (44.8369, -0.5737)
    Address: Rue Sainte-Catherine, 33000 Bordeaux, France
  Checking: Pont de Pierre... NEEDS UPDATE (0.3 km off)
    Current: (44.8362, -0.5634)
    Correct: (44.8386, -0.5625)
    Address: Pont de Pierre, Pont de Pierre, 33000 Bordeaux, France
  Checking: Grand Théâtre... OK (0.0 km)
  Skipping: Bordeaux–Mérignac Airport (BOD) (excluded)
  Checking: Grosse Cloche... NEEDS UPDATE (0.1 km off)
    Current: (44.8361, -0.5701)
    Correct: (44.8354, -0.5713)
    Address: Rue Saint-James, 33000 Bordeaux, France
  Checking: Porte Cailhau... OK (0.1 km)
  Checking: Museum of Aquitaine... NEEDS UPDATE (0.2 km off)
    Current: (44.8365, -0.5765)
    Correct: (44.8356, -0.5750)
    Address: 20 Cr Pasteur, 33000 Bordeaux, France
  Checking: Public Garden... NEEDS UPDATE (0.2 km off)
    Current: (44.848, -0.5786)
    Correct: (44.8495, -0.5801)
    Address: public Garden, Rue du Jardin public, 33000 Bordeaux, France
  Checking: CAPC Contemporary Art Museum... OK (0.1 km)
  Checking: Darwin Ecosystem... NEEDS UPDATE (0.9 km off)
    Current: (44.8427, -0.5562)
    Correct: (44.8496, -0.5611)
    Address: 87 Quai des Queyries RDC Bâtiment Nord, 33100 Bordeaux, France
  Checking: Bassins de Lumières... NEEDS UPDATE (0.5 km off)
    Current: (44.8703, -0.5539)
    Correct: (44.8703, -0.5601)
    Address: Imp. Brown de Colstoun, 33300 Bordeaux, France
  Checking: Basilica of Saint Michael... NEEDS UPDATE (0.1 km off)
    Current: (44.8354, -0.5654)
    Correct: (44.8344, -0.5651)
    Address: 16 Pl. Meynard, 33000 Bordeaux, France
  ✅ Updated 9 coordinates in file

[173/351] Processing: Europe/France/Cities/CannesAttractions.swift
  Checking: La Croisette... NEEDS UPDATE (0.7 km off)
    Current: (43.5507, 7.0264)
    Correct: (43.5514, 7.0173)
    Address: Bd de la Croisette, 06400 Cannes, France
  Checking: Palais des Festivals... OK (0.1 km)
  Checking: Le Suquet... NEEDS UPDATE (0.1 km off)
    Current: (43.5515, 7.0117)
    Correct: (43.5503, 7.0115)
    Address: Le Suquet, 06400 Cannes, France
  Checking: Île Sainte-Marguerite... NEEDS UPDATE (0.4 km off)
    Current: (43.5194, 7.0439)
    Correct: (43.5199, 7.0485)
    Address: Île Sainte-Marguerite, 06400 Cannes, France
  Checking: Marché Forville... NEEDS UPDATE (0.1 km off)
    Current: (43.5512, 7.0131)
    Correct: (43.5521, 7.0120)
    Address: 6 Rue du Marché Forville, 06400 Cannes, France
  Skipping: Nice Côte d'Azur Airport (Serving Cannes) (excluded)
  ✅ Updated 4 coordinates in file

[174/351] Processing: Europe/France/Cities/LyonAttractions.swift
  Checking: Basilica of Notre-Dame de Fourvière... OK (0.0 km)
  Checking: Old Lyon... NEEDS UPDATE (0.2 km off)
    Current: (45.7615, 4.827)
    Correct: (45.7630, 4.8280)
    Address: Vieux Lyon, 69005 Lyon, France
  Checking: Ancient Theatre of Lyon... OK (0.0 km)
  Checking: Presqu'île... NEEDS UPDATE (0.4 km off)
    Current: (45.7575, 4.834)
    Correct: (45.7611, 4.8354)
    Address: 40 Rue de la République, 69002 Lyon, France
  Checking: Musée des Confluences... OK (0.1 km)
  Checking: Les Halles de Lyon Paul Bocuse... OK (0.0 km)
  Checking: Parc de la Tête d'Or... NEEDS UPDATE (0.4 km off)
    Current: (45.7773, 4.855)
    Correct: (45.7756, 4.8505)
    Address: Parc de la Tête d'Or, Boulevard des Belges, 69006 Lyon, France
  Checking: Croix-Rousse... NEEDS UPDATE (0.7 km off)
    Current: (45.7735, 4.8292)
    Correct: (45.7796, 4.8274)
    Address: La Croix-Rousse, 69004 Lyon, France
  Skipping: Lyon-Saint Exupéry Airport (LYS) (excluded)
  Checking: Museum of Fine Arts... OK (0.0 km)
  Checking: Lyon Cathedral... OK (0.0 km)
  Checking: Miniature and Cinema Museum... NEEDS UPDATE (0.7 km off)
    Current: (45.7621, 4.8277)
    Correct: (45.7640, 4.8357)
    Address: Lyon, France
  Checking: Hôtel de Ville & Place des Terreaux... OK (0.1 km)
  Checking: Institut Lumière... OK (0.1 km)
  Checking: Mur des Canuts... NEEDS UPDATE (0.2 km off)
    Current: (45.7769, 4.8267)
    Correct: (45.7780, 4.8280)
    Address: 36 Bd des Canuts, 69004 Lyon, France
  Checking: Parc des Hauteurs... NEEDS UPDATE (0.1 km off)
    Current: (45.7628, 4.8222)
    Correct: (45.7623, 4.8234)
    Address: Parc des Hauteurs, Pl. de Fourvière, 69005 Lyon, France
  ✅ Updated 7 coordinates in file

[175/351] Processing: Europe/France/Cities/MarseilleAttractions.swift
  Checking: Old Port... NEEDS UPDATE (0.1 km off)
    Current: (43.295, 5.3736)
    Correct: (43.2961, 5.3740)
    Address: Old Port, Marseille, France
  Checking: Notre-Dame de la Garde... OK (0.0 km)
  Checking: Calanques National Park... OK (0.1 km)
  Checking: MuCEM... OK (0.1 km)
  Checking: Château d'If... OK (0.0 km)
  Checking: Le Panier... NEEDS UPDATE (0.1 km off)
    Current: (43.2988, 5.3681)
    Correct: (43.2999, 5.3681)
    Address: Le Panier, 13002 Marseille, France
  Skipping: Marseille Provence Airport (MRS) (excluded)
  Checking: Longchamp Palace... NEEDS UPDATE (0.6 km off)
    Current: (43.3039, 5.3946)
    Correct: (43.3011, 5.3879)
    Address: 22 Bd Longchamp, 13001 Marseille, France
  Checking: Marseille Cathedral... OK (0.0 km)
  Checking: Vallon des Auffes... NEEDS UPDATE (0.2 km off)
    Current: (43.2858, 5.3524)
    Correct: (43.2850, 5.3540)
    Address: Rue du Vallon des Auffes, 13007 Marseille, France
  Checking: The Old Charity... OK (0.1 km)
  Checking: Orange Velodrome... OK (0.0 km)
  Checking: Fort Saint-Jean... OK (0.0 km)
  Checking: Borély Park... NEEDS UPDATE (0.3 km off)
    Current: (43.2575, 5.382)
    Correct: (43.2603, 5.3823)
    Address: Parc Borély, Av. du Parc Borély, 13008 Marseille, France
  Checking: Abbey of Saint-Victor... OK (0.0 km)
  ✅ Updated 5 coordinates in file

[176/351] Processing: Europe/France/Cities/NiceAttractions.swift
  Checking: Promenade des Anglais... NEEDS UPDATE (0.2 km off)
    Current: (43.6951, 7.2653)
    Correct: (43.6950, 7.2678)
    Address: Prom. des Anglais, Nice, France
  Checking: Old Town Nice... NEEDS UPDATE (0.2 km off)
    Current: (43.6961, 7.2754)
    Correct: (43.6972, 7.2776)
    Address: old nice, Nice, France
  Checking: Castle Hill... NEEDS UPDATE (2.3 km off)
    Current: (43.6949, 7.2818)
    Correct: (43.7102, 7.2620)
    Address: Nice, France
  Checking: Matisse Museum... OK (0.0 km)
  Checking: Marc Chagall National Museum... OK (0.1 km)
  Checking: Place Masséna... OK (0.0 km)
  Checking: Russian Orthodox Cathedral... NEEDS UPDATE (0.2 km off)
    Current: (43.7043, 7.2512)
    Correct: (43.7039, 7.2539)
    Address: Av. Nicolas II, 06000 Nice, France
  Checking: Nice Port... OK (0.1 km)
  Skipping: Nice Côte d'Azur Airport (NCE) (excluded)
  Checking: Phoenix Park... OK (0.1 km)
  Checking: Cimiez Monastery... NEEDS UPDATE (0.2 km off)
    Current: (43.7214, 7.2783)
    Correct: (43.7201, 7.2790)
    Address: Place Jean-Paul II Pape, 06000 Nice, France
  Checking: MAMAC... NEEDS UPDATE (0.2 km off)
    Current: (43.7001, 7.2783)
    Correct: (43.7015, 7.2784)
    Address: Place Yves Klein, 06000 Nice, France
  Checking: Lascaris Palace... OK (0.0 km)
  Checking: Villa Masséna Museum... NEEDS UPDATE (0.1 km off)
    Current: (43.6963, 7.2599)
    Correct: (43.6954, 7.2589)
    Address: Villa Masséna, 65 Rue de France, 06000 Nice, France
  Checking: Coastal Path... NEEDS UPDATE (0.2 km off)
    Current: (43.6917, 7.2928)
    Correct: (43.6902, 7.2939)
    Address: Coastal Path, 8 Av. Jean Lorrain, 06300 Nice, France
  Checking: Albert I Garden... OK (0.0 km)
  ✅ Updated 8 coordinates in file

[177/351] Processing: Europe/France/Cities/ParisAttractions.swift
  Checking: Eiffel Tower... OK (0.0 km)
  Checking: Louvre Museum... OK (0.0 km)
  Checking: Notre-Dame Cathedral... OK (0.0 km)
  Checking: Arc de Triomphe... OK (0.0 km)
  Checking: Sacré-Cœur Basilica... OK (0.0 km)
  Checking: Palace of Versailles... OK (0.0 km)
  Checking: Musée d'Orsay... OK (0.0 km)
  Checking: Champs-Élysées... NEEDS UPDATE (0.4 km off)
    Current: (48.8698, 2.3078)
    Correct: (48.8662, 2.3078)
    Address: Champs-Élysées, Paris, France
  Checking: Centre Pompidou... OK (0.0 km)
  Checking: Montmartre... NEEDS UPDATE (0.2 km off)
    Current: (48.8865, 2.342)
    Correct: (48.8867, 2.3389)
    Address: Montmartre, 75018 Paris, France
  Checking: Luxembourg Gardens... OK (0.1 km)
  Checking: Les Invalides... NEEDS UPDATE (0.1 km off)
    Current: (48.8553, 2.3126)
    Correct: (48.8565, 2.3127)
    Address: 75007 Paris, France
  Checking: Panthéon... OK (0.0 km)
  Checking: Sainte-Chapelle... OK (0.0 km)
  Checking: Tuileries Garden... OK (0.0 km)
  Checking: Musée Rodin... OK (0.0 km)
  Checking: Palais Garnier Opera... OK (0.0 km)
  Checking: Place de la Concorde... OK (0.0 km)
  Checking: Le Marais... NEEDS UPDATE (0.5 km off)
    Current: (48.8566, 2.36)
    Correct: (48.8612, 2.3582)
    Address: Le Marais, Paris, France
  Checking: Musée de l'Orangerie... OK (0.0 km)
  Checking: Père Lachaise Cemetery... OK (0.0 km)
  Checking: Pont Alexandre III... OK (0.0 km)
  Checking: Latin Quarter... NEEDS UPDATE (0.2 km off)
    Current: (48.8495, 2.3439)
    Correct: (48.8509, 2.3456)
    Address: Latin Quarter, Paris, France
  Skipping: Charles de Gaulle Airport (CDG) (excluded)
  ✅ Updated 5 coordinates in file

[178/351] Processing: Europe/France/Cities/StrasbourgAttractions.swift
  Checking: Strasbourg Cathedral... OK (0.0 km)
  Checking: Petite France... OK (0.1 km)
  Checking: European Parliament... OK (0.0 km)
  Checking: Covered Bridges... NEEDS UPDATE (1.2 km off)
    Current: (48.5794, 7.7392)
    Correct: (48.5734, 7.7521)
    Address: Strasbourg, France
  Checking: Palais Rohan... OK (0.1 km)
  Checking: Christmas Market... NEEDS UPDATE (1.0 km off)
    Current: (48.582, 7.75)
    Correct: (48.5734, 7.7521)
    Address: Strasbourg, France
  Skipping: Strasbourg Airport (SXB) (excluded)
  ✅ Updated 2 coordinates in file

[179/351] Processing: Europe/France/Cities/ToulouseAttractions.swift
  Checking: Capitole Square... NEEDS UPDATE (0.2 km off)
    Current: (43.6045, 1.4439)
    Correct: (43.6033, 1.4423)
    Address: Capitole de Toulouse, Toulouse, France
  Checking: Cité de l'Espace... OK (0.1 km)
  Checking: Basilica of Saint-Sernin... OK (0.0 km)
  Checking: Jacobins Convent... OK (0.0 km)
  Checking: Canal du Midi... NEEDS UPDATE (2.5 km off)
    Current: (43.6002, 1.4492)
    Correct: (43.6118, 1.4225)
    Address: Canal du Midi, 110-116 Bd de l'Embouchure, 31200 Toulouse, France
  Checking: Garonne Riverbanks... NEEDS UPDATE (0.8 km off)
    Current: (43.5993, 1.4365)
    Correct: (43.6048, 1.4428)
    Address: Toulouse, France
  Skipping: Toulouse–Blagnac Airport (TLS) (excluded)
  ✅ Updated 3 coordinates in file

[180/351] Processing: Europe/Germany/Cities/BerlinAttractions.swift
  Checking: Brandenburg Gate... OK (0.0 km)
  Checking: Reichstag Building... OK (0.0 km)
  Checking: Museum Island... OK (0.0 km)
  Checking: Berlin Wall Memorial... OK (0.0 km)
  Checking: Checkpoint Charlie... OK (0.0 km)
  Checking: Charlottenburg Palace... OK (0.0 km)
  Checking: Berlin Television Tower... OK (0.0 km)
  Checking: Holocaust Memorial... OK (0.0 km)
  Checking: East Side Gallery... OK (0.0 km)
  Checking: Tiergarten... OK (0.0 km)
  Checking: Berlin Zoo... NEEDS UPDATE (0.1 km off)
    Current: (52.5076, 13.3378)
    Correct: (52.5078, 13.3394)
    Address: Hardenbergpl. 8, 10787 Berlin, Germany
  Checking: Potsdamer Platz... OK (0.1 km)
  Checking: Gendarmenmarkt... OK (0.1 km)
  Checking: Berlin Cathedral... OK (0.0 km)
  Checking: Jewish Museum Berlin... OK (0.0 km)
  Checking: Topography of Terror... OK (0.1 km)
  Checking: Victory Column... OK (0.0 km)
  Checking: Hackesche Höfe... NEEDS UPDATE (0.2 km off)
    Current: (52.5253, 13.4016)
    Correct: (52.5240, 13.4024)
    Address: Rosenthaler Str. 40, 10178 Berlin, Germany
  Checking: Kreuzberg... NEEDS UPDATE (0.5 km off)
    Current: (52.4966, 13.4127)
    Correct: (52.4983, 13.4066)
    Address: Kreuzberg, 10 Berlin-Friedrichshain-Kreuzberg, Germany
  Skipping: Berlin Brandenburg Airport (BER) (excluded)
  Checking: Kaiser Wilhelm Memorial Church... OK (0.0 km)
  Checking: Tempelhofer Feld... NEEDS UPDATE (0.2 km off)
    Current: (52.473, 13.402)
    Correct: (52.4749, 13.4006)
    Address: Tempelhofer Feld, Tempelhofer Damm, 12101 Berlin, Germany
  Checking: Mauerpark... NEEDS UPDATE (0.1 km off)
    Current: (52.544, 13.402)
    Correct: (52.5427, 13.4027)
    Address: Mauerpark, Bernauer Str. 63, 13355 Berlin, Germany
  Checking: Berliner Unterwelten... OK (0.1 km)
  Checking: Treptower Park... NEEDS UPDATE (1.0 km off)
    Current: (52.487, 13.47)
    Correct: (52.4940, 13.4614)
    Address: Puschkinallee, Elsenstraße, 12435 Berlin, Germany
  Checking: Oberbaum Bridge... NEEDS UPDATE (0.2 km off)
    Current: (52.502, 13.443)
    Correct: (52.5019, 13.4457)
    Address: Oberbaumbrücke, 10243 Berlin-Bezirk Friedrichshain-Kreuzberg, Germany
  Checking: KaDeWe... OK (0.0 km)
  ✅ Updated 7 coordinates in file

[181/351] Processing: Europe/Germany/Cities/CologneAttractions.swift
  Checking: Cologne Cathedral... OK (0.0 km)
  Checking: Cologne Old Town... NEEDS UPDATE (0.2 km off)
    Current: (50.9387, 6.9603)
    Correct: (50.9372, 6.9625)
    Address: Buttermarkt 14, 50667 Köln, Germany
  Checking: Chocolate Museum... OK (0.0 km)
  Checking: Hohenzollern Bridge... OK (0.0 km)
  Checking: Cologne Zoo... NEEDS UPDATE (0.1 km off)
    Current: (50.9595, 6.9739)
    Correct: (50.9583, 6.9730)
    Address: Riehler Str. 173, 50735 Köln, Germany
  Checking: Museum Ludwig... OK (0.0 km)
  Checking: Roman-Germanic Museum... OK (0.0 km)
  Checking: Rhine River Cruise... NEEDS UPDATE (0.2 km off)
    Current: (50.9365, 6.9634)
    Correct: (50.9375, 6.9603)
    Address: Cologne, Germany
  Checking: Flora and Botanical Garden... NEEDS UPDATE (0.3 km off)
    Current: (50.9614, 6.9691)
    Correct: (50.9591, 6.9723)
    Address: Flora und Botanischer Garten Köln, Alter Stammheimer Weg, 50735 Köln, Germany
  Checking: Great St. Martin Church... OK (0.1 km)
  Skipping: Cologne Bonn Airport (CGN) (excluded)
  Checking: Wallraf-Richartz Museum... OK (0.1 km)
  Checking: Kolumba Museum... OK (0.1 km)
  Checking: Rheinpark... OK (0.1 km)
  Checking: Melaten Cemetery... NEEDS UPDATE (0.6 km off)
    Current: (50.934, 6.918)
    Correct: (50.9394, 6.9171)
    Address: Aachener Str. 204, 50931 Köln, Germany
  Checking: Claudius Therme... NEEDS UPDATE (0.3 km off)
    Current: (50.949, 6.977)
    Correct: (50.9505, 6.9804)
    Address: Sachsenbergstraße 1, 50679 Köln, Germany
  Checking: EL-DE Haus... OK (0.1 km)
  Checking: Cologne Cable Car... NEEDS UPDATE (0.2 km off)
    Current: (50.957, 6.97)
    Correct: (50.9572, 6.9735)
    Address: Rhein-Seilbahn, Riehler Str. 180, 50735 Köln, Germany
  Checking: Fragrance Museum Farina-House... OK (0.0 km)
  Checking: House of 4711... NEEDS UPDATE (2.9 km off)
    Current: (50.938, 6.952)
    Correct: (50.9288, 6.9140)
    Address: Theresienstraße 64, 50931 Köln, Germany
  ✅ Updated 8 coordinates in file

[182/351] Processing: Europe/Germany/Cities/DresdenAttractions.swift
  Checking: Zwinger Palace... OK (0.1 km)
  Checking: Frauenkirche... OK (0.0 km)
  Checking: Dresden Castle... OK (0.0 km)
  Checking: Semper Opera House... OK (0.0 km)
  Checking: Green Vault... OK (0.1 km)
  Checking: Brühl's Terrace... OK (0.1 km)
  Checking: Albertinum... NEEDS UPDATE (0.2 km off)
    Current: (51.0528, 13.7461)
    Correct: (51.0520, 13.7443)
    Address: Tzschirnerpl. 2, 01067 Dresden, Germany
  Checking: Neumarkt... OK (0.1 km)
  Checking: Pillnitz Castle... NEEDS UPDATE (0.1 km off)
    Current: (51.0078, 13.8696)
    Correct: (51.0084, 13.8711)
    Address: Pillnitz Castle, 01326, August-Böckstiegel-Straße 2, 01326 Dresden, Germany
  Checking: Dresden Transport Museum... OK (0.1 km)
  Skipping: Dresden Airport (DRS) (excluded)
  Checking: Military History Museum... NEEDS UPDATE (0.2 km off)
    Current: (51.0772, 13.7607)
    Correct: (51.0785, 13.7600)
    Address: Olbrichtpl. 2, 01099 Dresden, Germany
  Checking: Panometer Dresden... NEEDS UPDATE (0.2 km off)
    Current: (51.0253, 13.7915)
    Correct: (51.0255, 13.7885)
    Address: Gasanstaltstraße 8B, 01237 Dresden, Germany
  Checking: Grand Garden... NEEDS UPDATE (0.2 km off)
    Current: (51.0372, 13.7631)
    Correct: (51.0383, 13.7616)
    Address: The Grand Garden of Dresden, Hauptallee 10, 01219 Dresden, Germany
  Checking: Kunsthofpassage... OK (0.0 km)
  Checking: Transparent Factory... OK (0.1 km)
  Checking: Yenidze... OK (0.0 km)
  Checking: Blue Wonder... OK (0.1 km)
  Checking: Russian Orthodox Church... NEEDS UPDATE (0.6 km off)
    Current: (51.0392, 13.7319)
    Correct: (51.0335, 13.7312)
    Address: Fritz-Löffler-Straße 19, 01069 Dresden, Germany
  Checking: Hofkirche... OK (0.0 km)
  Checking: Golden Rider... OK (0.0 km)
  ✅ Updated 6 coordinates in file

[183/351] Processing: Europe/Germany/Cities/DusseldorfAttractions.swift
  Checking: Rhine Promenade... NEEDS UPDATE (0.4 km off)
    Current: (51.2237, 6.771)
    Correct: (51.2270, 6.7705)
    Address: Rhine embankment promenade, Unnamed Road, 40213 Düsseldorf, Germany
  Checking: Düsseldorf Old Town... NEEDS UPDATE (0.2 km off)
    Current: (51.227, 6.7725)
    Correct: (51.2287, 6.7727)
    Address: Altstadt, 40213 Düsseldorf-Stadtbezirk 1, Germany
  Checking: Königsallee... NEEDS UPDATE (0.5 km off)
    Current: (51.2258, 6.7823)
    Correct: (51.2219, 6.7793)
    Address: Königsallee, 40 Düsseldorf, Germany
  Checking: MedienHafen... NEEDS UPDATE (0.4 km off)
    Current: (51.2178, 6.7584)
    Correct: (51.2146, 6.7550)
    Address: c/o TIGGES Rechtsanwälte, Zollhof 8, 40219 Düsseldorf, Germany
  Checking: K20 and K21 Art Collection... NEEDS UPDATE (1.6 km off)
    Current: (51.2307, 6.7748)
    Correct: (51.2166, 6.7740)
    Address: Ständehausstraße 1, 40217 Düsseldorf, Germany
  Checking: Rhine Tower... NEEDS UPDATE (0.1 km off)
    Current: (51.2183, 6.7633)
    Correct: (51.2179, 6.7617)
    Address: Stromstraße 20, 40221 Düsseldorf, Germany
  Checking: Benrath Palace... NEEDS UPDATE (0.3 km off)
    Current: (51.1624, 6.8666)
    Correct: (51.1610, 6.8706)
    Address: Schloss Benrath, Benrather Schloßallee 100-108, 40597 Düsseldorf, Germany
  Checking: Japanese Garden... NEEDS UPDATE (1.9 km off)
    Current: (51.2478, 6.7672)
    Correct: (51.2566, 6.7443)
    Address: Japanese Garden, Kaiserswerther Str. 380, 40474 Düsseldorf, Germany
  Checking: Carlstadt... NEEDS UPDATE (0.2 km off)
    Current: (51.222, 6.773)
    Correct: (51.2207, 6.7740)
    Address: Düsseldorf-Carlstadt, 40 Düsseldorf-Stadtbezirk 1, Germany
  Checking: Hofgarten... NEEDS UPDATE (0.4 km off)
    Current: (51.2305, 6.7853)
    Correct: (51.2289, 6.7795)
    Address: Hofgarten, 40213 Düsseldorf, Germany
  Skipping: Düsseldorf Airport (DUS) (excluded)
  Checking: Kunstpalast... OK (0.1 km)
  Checking: Aquazoo Löbbecke Museum... NEEDS UPDATE (0.8 km off)
    Current: (51.2592, 6.7607)
    Correct: (51.2565, 6.7500)
    Address: Kaiserswerther Str. 380, 40474 Düsseldorf, Germany
  Checking: Classic Remise Düsseldorf... NEEDS UPDATE (1.0 km off)
    Current: (51.1966, 6.8091)
    Correct: (51.1950, 6.8238)
    Address: Harffstraße 110a, 40591 Düsseldorf, Germany
  Checking: Schloss Jägerhof... OK (0.0 km)
  Checking: St. Lambertus Church... OK (0.0 km)
  Checking: Tonhalle Düsseldorf... NEEDS UPDATE (0.1 km off)
    Current: (51.2333, 6.7718)
    Correct: (51.2321, 6.7726)
    Address: Ehrenhof 1, 40479 Düsseldorf, Germany
  Checking: EKO-Haus... NEEDS UPDATE (0.6 km off)
    Current: (51.2372, 6.7538)
    Correct: (51.2397, 6.7456)
    Address: Brüggener Weg 6, 40547 Düsseldorf, Germany
  Checking: NRW-Forum... OK (0.1 km)
  Checking: Neanderthal Museum... OK (0.1 km)
  Checking: Kaiserpfalz Kaiserswerth... NEEDS UPDATE (0.8 km off)
    Current: (51.3069, 6.7335)
    Correct: (51.2994, 6.7319)
    Address: Kaiserpfalz Kaiserswerth, Burgallee, 40489 Düsseldorf, Germany
  ✅ Updated 15 coordinates in file

[184/351] Processing: Europe/Germany/Cities/FrankfurtAttractions.swift
  Checking: Römerberg... OK (0.0 km)
  Checking: Main Tower... OK (0.0 km)
  Checking: Palmengarten... OK (0.1 km)
  Checking: Städel Museum... NEEDS UPDATE (0.2 km off)
    Current: (50.1048, 8.6729)
    Correct: (50.1031, 8.6741)
    Address: Schaumainkai 63, 60596 Frankfurt am Main, Germany
  Checking: Frankfurt Cathedral... OK (0.0 km)
  Checking: New Frankfurt Old Town... OK (0.1 km)
  Checking: Goethe House... OK (0.0 km)
  Checking: Museum Embankment... NEEDS UPDATE (0.7 km off)
    Current: (50.105, 8.68)
    Correct: (50.1109, 8.6821)
    Address: Frankfurt am Main, Germany
  Checking: Frankfurt Zoo... NEEDS UPDATE (0.3 km off)
    Current: (50.1164, 8.7042)
    Correct: (50.1165, 8.6993)
    Address: Bernhard-Grzimek-Allee 1, 60316 Frankfurt am Main, Germany
  Checking: Senckenberg Natural History Museum... OK (0.1 km)
  Skipping: Frankfurt Airport (FRA) (excluded)
  Checking: Kleinmarkthalle... OK (0.1 km)
  Checking: Alte Oper... NEEDS UPDATE (0.1 km off)
    Current: (50.115, 8.671)
    Correct: (50.1160, 8.6719)
    Address: Opernpl. 1, 60313 Frankfurt am Main, Germany
  Checking: Eschenheimer Turm... OK (0.0 km)
  Checking: Eiserner Steg... NEEDS UPDATE (0.1 km off)
    Current: (50.109, 8.682)
    Correct: (50.1080, 8.6822)
    Address: Eiserner Steg, 60 Frankfurt am Main, Germany
  Checking: German Film Museum... NEEDS UPDATE (0.2 km off)
    Current: (50.106, 8.676)
    Correct: (50.1051, 8.6777)
    Address: Schaumainkai 41, 60596 Frankfurt am Main, Germany
  Checking: Liebieghaus... OK (0.0 km)
  Checking: Museum Angewandte Kunst... OK (0.1 km)
  Checking: Klassikstadt... NEEDS UPDATE (0.6 km off)
    Current: (50.128, 8.76)
    Correct: (50.1319, 8.7551)
    Address: Orber Str. 4a, 60386 Frankfurt am Main, Germany
  Checking: Berger Straße... NEEDS UPDATE (0.6 km off)
    Current: (50.125, 8.7)
    Correct: (50.1261, 8.7077)
    Address: Berger Str., 60 Frankfurt am Main, Germany
  ✅ Updated 8 coordinates in file

[185/351] Processing: Europe/Germany/Cities/HamburgAttractions.swift
  Checking: Miniatur Wunderland... OK (0.0 km)
  Checking: Elbphilharmonie... OK (0.0 km)
  Checking: Speicherstadt... NEEDS UPDATE (0.4 km off)
    Current: (53.5432, 9.991)
    Correct: (53.5450, 9.9968)
    Address: Speicherstadt, 20457 Hamburg, Germany
  Checking: Reeperbahn... OK (0.1 km)
  Checking: Port of Hamburg... NEEDS UPDATE (4.0 km off)
    Current: (53.5451, 9.9663)
    Correct: (53.5094, 9.9655)
    Address: Port of Hamburg, Hamburg, Germany
  Checking: St. Michael's Church... OK (0.1 km)
  Checking: Planten un Blomen... NEEDS UPDATE (0.1 km off)
    Current: (53.561, 9.9819)
    Correct: (53.5620, 9.9821)
    Address: Planten un Blomen, St. Petersburger Str., 20355 Hamburg, Germany
  Checking: Hamburg Town Hall... OK (0.0 km)
  Checking: Alster Lakes... NEEDS UPDATE (0.6 km off)
    Current: (53.5653, 9.9983)
    Correct: (53.5681, 10.0058)
    Address: Alster Lakes, 20148 Hamburg, Germany
  Checking: Hamburg Fish Market... OK (0.1 km)
  Skipping: Hamburg Airport (HAM) (excluded)
  Checking: Kunsthalle Hamburg... OK (0.1 km)
  Checking: International Maritime Museum... OK (0.0 km)
  Checking: Cap San Diego... NEEDS UPDATE (0.2 km off)
    Current: (53.544, 9.975)
    Correct: (53.5430, 9.9768)
    Address: Überseebrücke, 20459 Hamburg, Germany
  Checking: Old Elbe Tunnel... OK (0.0 km)
  Checking: Treppenviertel Blankenese... NEEDS UPDATE (0.2 km off)
    Current: (53.558, 9.81)
    Correct: (53.5578, 9.8071)
    Address: Treppenviertel Blankenese, Am Hang 9, 22587 Hamburg, Germany
  Checking: Chilehaus... NEEDS UPDATE (0.1 km off)
    Current: (53.548, 10.001)
    Correct: (53.5483, 10.0030)
    Address: Fischertwiete 2A, 20095 Hamburg, Germany
  Checking: Rickmer Rickmers... OK (0.1 km)
  Checking: BallinStadt... NEEDS UPDATE (0.4 km off)
    Current: (53.524, 10.015)
    Correct: (53.5204, 10.0169)
    Address: Veddeler Bogen 2, 20539 Hamburg, Germany
  Checking: Planetarium Hamburg... NEEDS UPDATE (0.2 km off)
    Current: (53.596, 10.01)
    Correct: (53.5973, 10.0091)
    Address: Linnering 1, 22299 Hamburg, Germany
  Checking: Tierpark Hagenbeck... NEEDS UPDATE (0.1 km off)
    Current: (53.596, 9.94)
    Correct: (53.5970, 9.9395)
    Address: Lokstedter Grenzstraße 2, 22527 Hamburg, Germany
  ✅ Updated 10 coordinates in file

[186/351] Processing: Europe/Germany/Cities/LeipzigAttractions.swift
  Checking: St. Thomas Church... OK (0.1 km)
  Checking: Leipzig Zoo... NEEDS UPDATE (0.2 km off)
    Current: (51.3489, 12.3739)
    Correct: (51.3485, 12.3710)
    Address: Pfaffendorfer Str. 29, 04105 Leipzig, Germany
  Checking: Monument to the Battle of the Nations... OK (0.0 km)
  Checking: St. Nicholas Church... OK (0.0 km)
  Checking: Bach Museum... OK (0.1 km)
  Checking: Leipzig City History Museum... NEEDS UPDATE (0.2 km off)
    Current: (51.3383, 12.3756)
    Correct: (51.3397, 12.3731)
    Address: 04 Leipzig, Germany
  Checking: Augustusplatz... OK (0.0 km)
  Checking: Mädler Passage... OK (0.0 km)
  Checking: Panometer Leipzig... NEEDS UPDATE (2.7 km off)
    Current: (51.3228, 12.35)
    Correct: (51.3143, 12.3868)
    Address: Richard-Lehmann-Straße 114, 04275 Leipzig, Germany
  Checking: Leipzig Botanical Garden... NEEDS UPDATE (0.4 km off)
    Current: (51.3324, 12.391)
    Correct: (51.3292, 12.3917)
    Address: Botanical Garden, Linnéstraße 1, 04103 Leipzig, Germany
  Skipping: Leipzig/Halle Airport (LEJ) (excluded)
  Checking: Museum of Fine Arts... OK (0.0 km)
  Checking: Grassi Museum... OK (0.0 km)
  Checking: Lake Cospuden... NEEDS UPDATE (0.5 km off)
    Current: (51.2709, 12.3369)
    Correct: (51.2665, 12.3386)
    Address: Cossi, 04 Leipzig, Germany
  Checking: Federal Administrative Court... NEEDS UPDATE (0.2 km off)
    Current: (51.3328, 12.3725)
    Correct: (51.3332, 12.3704)
    Address: Simsonpl. 1, 04107 Leipzig, Germany
  Checking: Stasi Museum... OK (0.1 km)
  Checking: Belantis... NEEDS UPDATE (0.1 km off)
    Current: (51.253, 12.316)
    Correct: (51.2517, 12.3153)
    Address: Zur Weißen Mark 1, 04249 Leipzig, Germany
  Checking: Mendelssohn House... OK (0.0 km)
  Checking: Leipzig Riverside Forest... NEEDS UPDATE (1.3 km off)
    Current: (51.35, 12.34)
    Correct: (51.3536, 12.3575)
    Address: Leipziger Auwald, Waldstraße 175, 04105 Leipzig, Germany
  Checking: Clara-Zetkin-Park... NEEDS UPDATE (0.3 km off)
    Current: (51.33, 12.355)
    Correct: (51.3304, 12.3591)
    Address: Clara-Zetkin-Park, 04107 Leipzig, Germany
  Checking: Spinnerei... NEEDS UPDATE (0.2 km off)
    Current: (51.3289, 12.3214)
    Correct: (51.3278, 12.3200)
    Address: Spinnereistraße 7, 04179 Leipzig, Germany
  ✅ Updated 10 coordinates in file

[187/351] Processing: Europe/Germany/Cities/MunichAttractions.swift
  Checking: Marienplatz... OK (0.0 km)
  Skipping: Neuschwanstein Castle (excluded)
  Checking: English Garden... NEEDS UPDATE (1.6 km off)
    Current: (48.1528, 11.5919)
    Correct: (48.1642, 11.6056)
    Address: English Garden, München, Germany
  Checking: Nymphenburg Palace... OK (0.0 km)
  Checking: BMW Welt & Museum... NEEDS UPDATE (0.2 km off)
    Current: (48.177, 11.559)
    Correct: (48.1772, 11.5563)
    Address: Am Olympiapark 1, 80809 München, Germany
  Checking: Viktualienmarkt... NEEDS UPDATE (0.3 km off)
    Current: (48.1345, 11.5723)
    Correct: (48.1355, 11.5764)
    Address: Viktualienmarkt, 80 München-Altstadt-Lehel, Germany
  Checking: Frauenkirche... OK (0.1 km)
  Checking: Munich Residenz... NEEDS UPDATE (0.6 km off)
    Current: (48.138, 11.5735)
    Correct: (48.1418, 11.5795)
    Address: Residenzstraße 1, 80333 München, Germany
  Checking: Olympic Park... NEEDS UPDATE (0.3 km off)
    Current: (48.1754, 11.5517)
    Correct: (48.1777, 11.5512)
    Address: 80809 Munich, Germany
  Checking: Deutsches Museum... NEEDS UPDATE (0.6 km off)
    Current: (48.1247, 11.5833)
    Correct: (48.1299, 11.5835)
    Address: Museumsinsel 1, 80538 München, Germany
  Checking: Alte Pinakothek... OK (0.0 km)
  Checking: Hofbräuhaus... OK (0.0 km)
  Checking: Allianz Arena... OK (0.0 km)
  Checking: Asamkirche... OK (0.0 km)
  Checking: Odeonsplatz... OK (0.1 km)
  Checking: St. Peter's Church... OK (0.0 km)
  Checking: Königsplatz... OK (0.0 km)
  Checking: Dachau Memorial Site... NEEDS UPDATE (0.2 km off)
    Current: (48.27, 11.4681)
    Correct: (48.2679, 11.4688)
    Address: Pater-Roth-Straße 2A, 85221 Dachau, Germany
  Checking: Starnberger See... NEEDS UPDATE (2.6 km off)
    Current: (47.9333, 11.3167)
    Correct: (47.9102, 11.3122)
    Address: Lake Starnberg, 82, Germany
  Skipping: Munich Airport (MUC) (excluded)
  Checking: Pinakothek der Moderne... OK (0.0 km)
  Checking: Karlsplatz (Stachus)... OK (0.0 km)
  Checking: Hellabrunn Zoo... OK (0.0 km)
  Checking: Theatinerkirche... OK (0.0 km)
  Checking: Bavaria Statue... OK (0.0 km)
  Checking: Lenbachhaus... OK (0.1 km)
  ✅ Updated 8 coordinates in file

[188/351] Processing: Europe/Germany/Cities/NurembergAttractions.swift
  Checking: Nuremberg Castle... OK (0.0 km)
  Checking: Nazi Party Rally Grounds... NEEDS UPDATE (0.3 km off)
    Current: (49.4318, 11.1088)
    Correct: (49.4324, 11.1125)
    Address: Bayernstraße 100, 90471 Nürnberg, Germany
  Checking: Nuremberg Old Town... NEEDS UPDATE (0.2 km off)
    Current: (49.453, 11.0772)
    Correct: (49.4543, 11.0746)
    Address: 90 Nuremberg, Germany
  Checking: St. Lorenz Church... OK (0.0 km)
  Checking: Albrecht Dürer's House... OK (0.0 km)
  Checking: Nuremberg Trials Memorial... NEEDS UPDATE (0.8 km off)
    Current: (49.4531, 11.0369)
    Correct: (49.4544, 11.0482)
    Address: Bärenschanzstraße 72, 90429 Nürnberg, Germany
  Checking: Germanic National Museum... NEEDS UPDATE (0.2 km off)
    Current: (49.4474, 11.0772)
    Correct: (49.4484, 11.0752)
    Address: Kartäusergasse 1, 90402 Nürnberg, Germany
  Checking: Handwerkerhof... NEEDS UPDATE (0.2 km off)
    Current: (49.4458, 11.0813)
    Correct: (49.4477, 11.0812)
    Address: Königstraße 82, 90402 Nürnberg, Germany
  Checking: Nuremberg Zoo... NEEDS UPDATE (1.5 km off)
    Current: (49.4525, 11.1594)
    Correct: (49.4503, 11.1394)
    Address: Am Tiergarten 30, 90480 Nürnberg, Germany
  Checking: Toy Museum... NEEDS UPDATE (0.2 km off)
    Current: (49.456, 11.0747)
    Correct: (49.4546, 11.0743)
    Address: Karlstraße 13-15, 90403 Nürnberg, Germany
  Skipping: Nuremberg Airport (NUE) (excluded)
  Checking: DB Museum... NEEDS UPDATE (0.6 km off)
    Current: (49.4456, 11.0825)
    Correct: (49.4457, 11.0739)
    Address: Lessingstraße 6, 90443 Nürnberg, Germany
  Checking: Neues Museum... OK (0.1 km)
  Checking: Hangman's Bridge... OK (0.1 km)
  Checking: Tanners' Lane... NEEDS UPDATE (0.2 km off)
    Current: (49.4554, 11.0731)
    Correct: (49.4543, 11.0746)
    Address: 90 Nuremberg, Germany
  Checking: St. Sebald Church... OK (0.0 km)
  Checking: Fembo House... OK (0.0 km)
  Checking: Museum of Industrial Culture... NEEDS UPDATE (0.6 km off)
    Current: (49.4586, 11.1039)
    Correct: (49.4613, 11.1112)
    Address: Äußere Sulzbacher Str. 62, 90491 Nürnberg, Germany
  Checking: Medieval Dungeons... NEEDS UPDATE (0.2 km off)
    Current: (49.4547, 11.0768)
    Correct: (49.4543, 11.0746)
    Address: 90 Nuremberg, Germany
  Checking: Tucher Castle... NEEDS UPDATE (0.7 km off)
    Current: (49.4582, 11.0827)
    Correct: (49.4647, 11.0838)
    Address: Am Alten Sudhaus 4, 90409 Nürnberg, Germany
  Checking: Historic Art Bunker... OK (0.1 km)
  ✅ Updated 12 coordinates in file

[189/351] Processing: Europe/Germany/Cities/StuttgartAttractions.swift
  Checking: Mercedes-Benz Museum... OK (0.0 km)
  Checking: Porsche Museum... OK (0.0 km)
  Checking: Stuttgart State Gallery... OK (0.0 km)
  Checking: Wilhelma Zoo and Botanical Garden... NEEDS UPDATE (0.1 km off)
    Current: (48.805, 9.2067)
    Correct: (48.8041, 9.2080)
    Address: Wilhelma - Zoological-botanical garden, Wilhelma 13, 70376 Stuttgart, Germany
  Checking: Killesberg Park... NEEDS UPDATE (0.2 km off)
    Current: (48.8036, 9.1717)
    Correct: (48.8041, 9.1738)
    Address: Höhenpark Killesberg, Stresemannstraße, 70191 Stuttgart, Germany
  Checking: Stuttgart TV Tower... OK (0.0 km)
  Checking: Stuttgart Market Hall... NEEDS UPDATE (0.2 km off)
    Current: (48.775, 9.1783)
    Correct: (48.7763, 9.1794)
    Address: Dorotheenstraße 4, 70173 Stuttgart, Germany
  Checking: New Palace... NEEDS UPDATE (0.3 km off)
    Current: (48.7785, 9.181)
    Correct: (48.7758, 9.1829)
    Address: 70 Stuttgart, Germany
  Checking: Solitude Palace... NEEDS UPDATE (2.5 km off)
    Current: (48.7674, 9.068)
    Correct: (48.7869, 9.0843)
    Address: Solitude 1, 70197 Stuttgart, Germany
  Checking: Stuttgart City Library... NEEDS UPDATE (0.1 km off)
    Current: (48.7909, 9.182)
    Correct: (48.7900, 9.1831)
    Address: Mailänder Platz 1, 70173 Stuttgart, Germany
  Skipping: Stuttgart Airport (STR) (excluded)
  Checking: Sepulchral Chapel... OK (0.0 km)
  Checking: Pig Museum... NEEDS UPDATE (3.8 km off)
    Current: (48.7942, 9.2272)
    Correct: (48.7758, 9.1829)
    Address: 70 Stuttgart, Germany
  Checking: Linden Museum... OK (0.0 km)
  Checking: Weissenhof Estate... NEEDS UPDATE (0.1 km off)
    Current: (48.8003, 9.1775)
    Correct: (48.8016, 9.1772)
    Address: Weissenhof Estate, 70 Stuttgart-North, Germany
  Checking: Old Castle... OK (0.0 km)
  Checking: Feuersee... NEEDS UPDATE (0.3 km off)
    Current: (48.7725, 9.1678)
    Correct: (48.7741, 9.1640)
    Address: Feuersee, 70 Stuttgart-West, Germany
  Checking: Eugensplatz... OK (0.1 km)
  Checking: Birkenkopf... NEEDS UPDATE (0.6 km off)
    Current: (48.7644, 9.1239)
    Correct: (48.7652, 9.1317)
    Address: Birkenkopf, 70197 Stuttgart, Germany
  Checking: Solitude Palace... OK (0.0 km)
  Checking: Max-Eyth-See... NEEDS UPDATE (0.4 km off)
    Current: (48.8358, 9.2222)
    Correct: (48.8351, 9.2169)
    Address: Max-Eyth-See, 70378 Stuttgart, Germany
  ✅ Updated 11 coordinates in file

[190/351] Processing: Europe/Gibraltar/Cities/GibraltarCityAttractions.swift
  Checking: Rock of Gibraltar... NEEDS UPDATE (2.0 km off)
    Current: (36.126, -5.34)
    Correct: (36.1441, -5.3417)
    Address: Rock of Gibraltar, Gibraltar GX11 1AA, Gibraltar
  Checking: St. Michael's Cave... NEEDS UPDATE (0.3 km off)
    Current: (36.123, -5.345)
    Correct: (36.1260, -5.3455)
    Address: St Michael Rd, Gibraltar GX11 1AA, Gibraltar
  Checking: Europa Point... NEEDS UPDATE (0.2 km off)
    Current: (36.109, -5.346)
    Correct: (36.1106, -5.3458)
    Address: Europa Point, Gibraltar GX11 1AA, Gibraltar
  Skipping: Gibraltar International Airport (GIB) (excluded)
  Checking: The Great Siege Tunnels... OK (0.1 km)
  Checking: Moorish Castle... NEEDS UPDATE (0.2 km off)
    Current: (36.142, -5.35)
    Correct: (36.1439, -5.3499)
    Address: 5 Moorish Castle Estate, Gibraltar GX11 1AA, Gibraltar
  Checking: Skywalk... NEEDS UPDATE (0.5 km off)
    Current: (36.13, -5.34)
    Correct: (36.1309, -5.3454)
    Address: 4MJ3+9R7, St Michael Rd, Gibraltar GX11 1AA, Gibraltar
  Checking: Gibraltar Botanic Gardens... NEEDS UPDATE (0.2 km off)
    Current: (36.134, -5.352)
    Correct: (36.1318, -5.3515)
    Address: 4JJX+PCM Gibraltar Botanic Gardens, Red Sands Rd, Gibraltar GX11 1AA, Gibraltar
  Checking: Windsor Suspension Bridge... NEEDS UPDATE (0.8 km off)
    Current: (36.136, -5.343)
    Correct: (36.1304, -5.3476)
    Address: Windsor Suspension Bridge, Gibraltar GX11 1AA, Gibraltar
  Checking: Casemates Square... OK (0.0 km)
  Checking: O'Hara's Battery... NEEDS UPDATE (0.3 km off)
    Current: (36.126, -5.344)
    Correct: (36.1238, -5.3429)
    Address: Ohara's Rd, Gibraltar GX11 1AA, Gibraltar
  Checking: Dolphin Safari... NEEDS UPDATE (0.3 km off)
    Current: (36.146, -5.354)
    Correct: (36.1485, -5.3525)
    Address: Dolphin Safari Gibraltar dolphins, 6 The Square, Marina Bay, Gibraltar GX11 1AA, Gibraltar
  Checking: Ibrahim-Al-Ibrahim Mosque... NEEDS UPDATE (0.1 km off)
    Current: (36.111, -5.345)
    Correct: (36.1120, -5.3455)
    Address: GX11 1AA, Gibraltar, Gibraltar GX11 1AA, Gibraltar
  Checking: Gibraltar National Museum... NEEDS UPDATE (0.2 km off)
    Current: (36.139, -5.3525)
    Correct: (36.1390, -5.3543)
    Address: 18, 20 Bomb House Ln, Gibraltar GX11 1AA, Gibraltar
  ✅ Updated 11 coordinates in file

[191/351] Processing: Europe/Greece/Cities/AthensAttractions.swift
  Checking: Acropolis of Athens... OK (0.0 km)
  Checking: Parthenon... OK (0.0 km)
  Checking: Acropolis Museum... OK (0.0 km)
  Checking: Ancient Agora... OK (0.0 km)
  Checking: Plaka District... OK (0.1 km)
  Checking: Temple of Olympian Zeus... OK (0.0 km)
  Checking: National Archaeological Museum... OK (0.1 km)
  Checking: Syntagma Square... OK (0.1 km)
  Checking: Monastiraki Flea Market... OK (0.0 km)
  Checking: Mount Lycabettus... NEEDS UPDATE (0.1 km off)
    Current: (37.9816, 23.7444)
    Correct: (37.9818, 23.7431)
    Address: Mount Lycabettus, Athens 114 71, Greece
  Checking: Panathenaic Stadium... OK (0.0 km)
  Checking: Odeon of Herodes Atticus... NEEDS UPDATE (0.1 km off)
    Current: (37.9708, 23.7261)
    Correct: (37.9708, 23.7246)
    Address: Dionysiou Areopagitou, Athina 105 55, Greece
  Checking: National Garden... NEEDS UPDATE (0.1 km off)
    Current: (37.9735, 23.7375)
    Correct: (37.9726, 23.7374)
    Address: Athens National Garden, Athina 105 57, Greece
  Skipping: Athens International Airport (ATH) (excluded)
  Checking: Philopappos Hill... OK (0.0 km)
  Checking: Kerameikos... NEEDS UPDATE (0.4 km off)
    Current: (37.9782, 23.7179)
    Correct: (37.9814, 23.7163)
    Address: Keramikos, Athens, Greece
  Checking: Roman Agora... OK (0.0 km)
  Checking: Hadrian's Library... OK (0.0 km)
  Checking: Museum of Cycladic Art... OK (0.0 km)
  Checking: Stavros Niarchos Foundation Cultural Center... NEEDS UPDATE (0.2 km off)
    Current: (37.939, 23.69)
    Correct: (37.9399, 23.6921)
    Address: Leof. Andrea Siggrou 364, Kallithea 176 74, Greece
  ✅ Updated 5 coordinates in file

[192/351] Processing: Europe/Greece/Cities/CorfuAttractions.swift
  Checking: Corfu Old Town... NEEDS UPDATE (0.6 km off)
    Current: (39.6243, 19.9217)
    Correct: (39.6234, 19.9289)
    Address: Old Town of Corfu, Corfu 491 00, Greece
  Checking: Old Fortress (Palaio Frourio)... NEEDS UPDATE (0.1 km off)
    Current: (39.6241, 19.9287)
    Correct: (39.6235, 19.9275)
    Address: Corfu 491 00, Greece
  Checking: Achilleion Palace... NEEDS UPDATE (0.6 km off)
    Current: (39.5633, 19.8972)
    Correct: (39.5628, 19.9043)
    Address: Achilleio 490 84, Greece
  Checking: Paleokastritsa... NEEDS UPDATE (1.2 km off)
    Current: (39.6858, 19.7053)
    Correct: (39.6752, 19.7081)
    Address: Palaiokastritsa 490 83, Greece
  Checking: Canal d'Amour... OK (0.0 km)
  Checking: Mouse Island (Pontikonisi)... NEEDS UPDATE (1.6 km off)
    Current: (39.5989, 19.9131)
    Correct: (39.5844, 19.9140)
    Address: 1, Perama 490 84, Greece
  ✅ Updated 5 coordinates in file

[193/351] Processing: Europe/Greece/Cities/CreteAttractions.swift
  Checking: Palace of Knossos... OK (0.0 km)
  Checking: Heraklion Archaeological Museum... OK (0.0 km)
  Skipping: Samaria Gorge (excluded)
  Checking: Elafonisi Beach... NEEDS UPDATE (0.1 km off)
    Current: (35.272, 23.5405)
    Correct: (35.2712, 23.5413)
    Address: Elafonissi Beach, Kissamos 730 01, Greece
  Checking: Old Town of Chania... NEEDS UPDATE (0.3 km off)
    Current: (35.5183, 24.0175)
    Correct: (35.5172, 24.0208)
    Address: Old Town, Chania, Greece
  Checking: Spinalonga Island... NEEDS UPDATE (0.9 km off)
    Current: (35.3006, 25.7468)
    Correct: (35.2972, 25.7383)
    Address: Nisida Spinalonga, Agios Nikolaos, Greece
  Checking: Balos Beach and Lagoon... NEEDS UPDATE (0.2 km off)
    Current: (35.581, 23.589)
    Correct: (35.5793, 23.5887)
    Address: Balos Beach, Greece
  Checking: Arkadi Monastery... OK (0.1 km)
  Skipping: Heraklion International Airport (HER) (excluded)
  ✅ Updated 4 coordinates in file

[194/351] Processing: Europe/Greece/Cities/MykonosAttractions.swift
  Checking: Mykonos Windmills... NEEDS UPDATE (0.2 km off)
    Current: (37.4463, 25.3242)
    Correct: (37.4446, 25.3259)
    Address: Mpaoumi, Mikonos 846 00, Greece
  Checking: Little Venice... NEEDS UPDATE (0.2 km off)
    Current: (37.446, 25.3245)
    Correct: (37.4471, 25.3268)
    Address: Little Venice, Μύκονος, Greece
  Checking: Mykonos Town (Chora)... NEEDS UPDATE (0.3 km off)
    Current: (37.4467, 25.3289)
    Correct: (37.4447, 25.3263)
    Address: Mykonos 846 00, Greece
  Checking: Panagia Paraportiani... OK (0.0 km)
  Checking: Paradise Beach... NEEDS UPDATE (0.5 km off)
    Current: (37.4091, 25.351)
    Correct: (37.4107, 25.3557)
    Address: Paradise Beach, Mikonos 846 00, Greece
  Checking: Delos Island... OK (0.0 km)
  Checking: Armenistis Lighthouse... NEEDS UPDATE (4.3 km off)
    Current: (37.4808, 25.267)
    Correct: (37.4897, 25.3146)
    Address: F8Q7+VV, Mikonos 846 00, Greece
  Checking: Archaeological Museum of Mykonos... NEEDS UPDATE (0.3 km off)
    Current: (37.4478, 25.3282)
    Correct: (37.4500, 25.3294)
    Address: Μουσείο, Χώρα Μυκόνου, Mikonos 846 00, Greece
  Skipping: Mykonos Airport (JMK) (excluded)
  ✅ Updated 6 coordinates in file

[195/351] Processing: Europe/Greece/Cities/RhodesAttractions.swift
  Checking: Rhodes Old Town... NEEDS UPDATE (1.2 km off)
    Current: (36.4446, 28.2243)
    Correct: (36.4359, 28.2173)
    Address: Rhodes, Greece
  Checking: Palace of the Grand Master... OK (0.1 km)
  Checking: Lindos Acropolis... NEEDS UPDATE (0.3 km off)
    Current: (36.0917, 28.0856)
    Correct: (36.0915, 28.0885)
    Address: 33RP+P7 Acropolis of Lindos, Lindos 851 07, Greece
  Checking: Street of the Knights... NEEDS UPDATE (0.3 km off)
    Current: (36.4456, 28.2234)
    Correct: (36.4451, 28.2268)
    Address: Ippoton 1-9, Rodos 851 00, Greece
  Checking: Valley of the Butterflies... NEEDS UPDATE (0.3 km off)
    Current: (36.3397, 28.0564)
    Correct: (36.3394, 28.0597)
    Address: Butterflies Valley, Epano Kalamonas 851 06, Greece
  Checking: Anthony Quinn Bay... NEEDS UPDATE (0.6 km off)
    Current: (36.3269, 28.2078)
    Correct: (36.3215, 28.2095)
    Address: Faliraki, Greece
  Checking: Ancient Kamiros... NEEDS UPDATE (0.2 km off)
    Current: (36.3361, 27.9236)
    Correct: (36.3358, 27.9214)
    Address: Kameiros 851 06, Greece
  ✅ Updated 6 coordinates in file

[196/351] Processing: Europe/Greece/Cities/SantoriniAttractions.swift
  Checking: Oia Village... OK (0.0 km)
  Checking: Fira Town... NEEDS UPDATE (0.2 km off)
    Current: (36.4165, 25.4321)
    Correct: (36.4183, 25.4323)
    Address: Fira 847 00, Greece
  Checking: Red Beach... NEEDS UPDATE (0.2 km off)
    Current: (36.349, 25.3921)
    Correct: (36.3489, 25.3939)
    Address: Red beach, Greece
  Checking: Akrotiri Archaeological Site... OK (0.0 km)
  Checking: Nea Kameni Volcano... NEEDS UPDATE (0.4 km off)
    Current: (36.4034, 25.4014)
    Correct: (36.4000, 25.4000)
    Address: Nea Kameni, Santorini 847 00, Greece
  Checking: Imerovigli... OK (0.1 km)
  Checking: Museum of Prehistoric Thera... NEEDS UPDATE (0.3 km off)
    Current: (36.4171, 25.4296)
    Correct: (36.4168, 25.4327)
    Address: Fira 847 00, Greece
  Checking: Santo Wines Winery... NEEDS UPDATE (1.5 km off)
    Current: (36.3796, 25.4499)
    Correct: (36.3876, 25.4367)
    Address: Pyrgos Kallistis 847 00, Greece
  Skipping: Santorini (Thira) Airport (JTR) (excluded)
  Checking: Amoudi Bay... NEEDS UPDATE (0.1 km off)
    Current: (36.46, 25.3718)
    Correct: (36.4607, 25.3708)
    Address: Ammoudi Bay, Οία 847 02, Greece
  Checking: Pyrgos... NEEDS UPDATE (0.2 km off)
    Current: (36.3831, 25.4503)
    Correct: (36.3830, 25.4478)
    Address: Pyrgos Kallistis 847 00, Greece
  Checking: Ancient Thera... OK (0.0 km)
  Checking: Perissa Black Sand Beach... NEEDS UPDATE (0.4 km off)
    Current: (36.3541, 25.4735)
    Correct: (36.3535, 25.4693)
    Address: Perissa 847 03, Greece
  Checking: Profitis Ilias Monastery... NEEDS UPDATE (0.2 km off)
    Current: (36.3667, 25.4619)
    Correct: (36.3684, 25.4636)
    Address: Epar.Od. Pirgou Kallistis - Profiti Ilia 10, Pirgos Kallistis 847 00, Greece
  Checking: Kamari Beach... OK (0.0 km)
  Checking: Atlantis Books... OK (0.0 km)
  Checking: Therasia... NEEDS UPDATE (0.7 km off)
    Current: (36.4357, 25.3444)
    Correct: (36.4366, 25.3371)
    Address: Therasia, Ia 847 02, Greece
  ✅ Updated 10 coordinates in file

[197/351] Processing: Europe/Greece/Cities/ThessalonikiAttractions.swift
  Checking: White Tower... OK (0.0 km)
  Checking: Rotunda of Galerius... OK (0.1 km)
  Checking: Arch of Galerius... OK (0.0 km)
  Checking: Aristotelous Square... OK (0.0 km)
  Checking: Church of Agios Dimitrios... OK (0.1 km)
  Checking: Museum of Byzantine Culture... NEEDS UPDATE (0.2 km off)
    Current: (40.6228, 22.9537)
    Correct: (40.6239, 22.9551)
    Address: Leof. Stratou 2, Thessaloniki 546 40, Greece
  Checking: Ano Poli (Upper Town)... NEEDS UPDATE (0.6 km off)
    Current: (40.6438, 22.9526)
    Correct: (40.6420, 22.9460)
    Address: Ano Poli, Thessaloniki, Greece
  Checking: Archaeological Museum of Thessaloniki... NEEDS UPDATE (0.3 km off)
    Current: (40.6235, 22.9551)
    Correct: (40.6255, 22.9537)
    Address: Manoli Andronikou 6, Thessaloniki 546 21, Greece
  Skipping: Thessaloniki Airport (SKG) (excluded)
  ✅ Updated 3 coordinates in file

[198/351] Processing: Europe/Hungary/Cities/BudapestAttractions.swift
  Checking: Hungarian Parliament Building... OK (0.0 km)
  Checking: Széchenyi Thermal Bath... OK (0.1 km)
  Checking: Buda Castle... OK (0.1 km)
  Checking: Fisherman's Bastion... OK (0.0 km)
  Checking: Ruin Bars (Szimpla Kert)... OK (0.1 km)
  Checking: St. Stephen's Basilica... OK (0.0 km)
  Checking: Heroes' Square... OK (0.0 km)
  Checking: Great Market Hall... OK (0.0 km)
  Skipping: Budapest Ferenc Liszt Airport (BUD) (excluded)
  Checking: Gellért Hill & Citadel... NEEDS UPDATE (0.5 km off)
    Current: (47.4867, 19.0481)
    Correct: (47.4864, 19.0411)
    Address: Budapest, Gellért Hill, 1016 Hungary
  Checking: Dohány Street Synagogue... OK (0.0 km)
  Checking: Shoes on the Danube Bank... OK (0.0 km)
  Checking: House of Terror... OK (0.0 km)
  Checking: Chain Bridge... OK (0.0 km)
  Checking: Margaret Island... OK (0.1 km)
  Checking: Hungarian State Opera... OK (0.0 km)
  Checking: Hospital in the Rock... NEEDS UPDATE (0.2 km off)
    Current: (47.5003, 19.0335)
    Correct: (47.5008, 19.0314)
    Address: Budapest, Lovas út 4/c, 1012 Hungary
  ✅ Updated 2 coordinates in file

[199/351] Processing: Europe/Hungary/Cities/EgerAttractions.swift
  Checking: Eger Castle... OK (0.1 km)
  Checking: Valley of the Beautiful Women... NEEDS UPDATE (0.9 km off)
    Current: (47.8983, 20.3611)
    Correct: (47.8902, 20.3590)
    Address: Eger, Valley of the Beautiful Woman, Szépasszonyvölgy 35, 3300 Hungary
  Checking: Minaret of Eger... NEEDS UPDATE (0.3 km off)
    Current: (47.9022, 20.3758)
    Correct: (47.9046, 20.3764)
    Address: Eger, Knézich Károly u. 1, 3300 Hungary
  Checking: Dobó Square... NEEDS UPDATE (0.1 km off)
    Current: (47.9025, 20.375)
    Correct: (47.9024, 20.3769)
    Address: Eger, Dobó István tér, 3300 Hungary
  Skipping: Budapest Airport (Serving Eger) (excluded)
  ✅ Updated 3 coordinates in file

[200/351] Processing: Europe/Hungary/Cities/PecsAttractions.swift
  Checking: Early Christian Necropolis... NEEDS UPDATE (0.5 km off)
    Current: (46.0766, 18.2283)
    Correct: (46.0727, 18.2323)
    Address: Pécs, Hungary
  Checking: Pécs Cathedral... NEEDS UPDATE (0.3 km off)
    Current: (46.0773, 18.2275)
    Correct: (46.0786, 18.2236)
    Address: Pécs, Dóm tér 2, 7621 Hungary
  Checking: Széchenyi Square... OK (0.1 km)
  Checking: Zsolnay Cultural Quarter... NEEDS UPDATE (1.3 km off)
    Current: (46.0694, 18.2378)
    Correct: (46.0785, 18.2479)
    Address: Pécs, Felsővámház u. 52, 7626 Hungary
  Skipping: Budapest Airport (Serving Péis) (excluded)
  ✅ Updated 3 coordinates in file

[201/351] Processing: Europe/Hungary/Cities/SzentendreAttractions.swift
  Checking: Main Square (Fő tér)... NEEDS UPDATE (0.2 km off)
    Current: (47.6697, 19.0753)
    Correct: (47.6677, 19.0757)
    Address: Szentendre, Fő tér, 2000 Hungary
  Checking: Hungarian Open Air Museum... NEEDS UPDATE (4.2 km off)
    Current: (47.655, 19.0392)
    Correct: (47.6923, 19.0454)
    Address: Szentendre, Sztaravodai út 75, 2000 Hungary
  Checking: Marzipan Museum... NEEDS UPDATE (0.4 km off)
    Current: (47.67, 19.0744)
    Correct: (47.6664, 19.0765)
    Address: Szentendre, Dumtsa Jenő u. 14, 2000 Hungary
  Checking: Serbian Orthodox Churches... NEEDS UPDATE (0.2 km off)
    Current: (47.6708, 19.0753)
    Correct: (47.6714, 19.0781)
    Address: Szentendre, Bogdányi út 44, 2000 Hungary
  Skipping: Budapest Airport (Serving Szentendre) (excluded)
  ✅ Updated 4 coordinates in file

[202/351] Processing: Europe/Iceland/Cities/AkureyriAttractions.swift
  Checking: Akureyri Church... NEEDS UPDATE (0.4 km off)
    Current: (65.6835, -18.0923)
    Correct: (65.6799, -18.0908)
    Address: við Eyrarlandsveg, 600 Akureyri, Iceland
  Checking: Whale Watching... NEEDS UPDATE (0.1 km off)
    Current: (65.6839, -18.0878)
    Correct: (65.6833, -18.0856)
    Address: Oddeyrarbót 2, 600 Akureyri, Iceland
  Checking: Goðafoss Waterfall... OK (0.0 km)
  Checking: Diamond Circle... NEEDS UPDATE (0.7 km off)
    Current: (65.6885, -18.0878)
    Correct: (65.6826, -18.0907)
    Address: Akureyri, Iceland
  Skipping: Akureyri Airport (AEY) (excluded)
  ✅ Updated 3 coordinates in file

[203/351] Processing: Europe/Iceland/Cities/ReykjavikAttractions.swift
  Checking: Hallgrímskirkja... OK (0.0 km)
  Skipping: Blue Lagoon (excluded)
  Skipping: Golden Circle (excluded)
  Checking: Harpa Concert Hall... OK (0.0 km)
  Checking: Northern Lights Tours... OK (0.0 km)
  Checking: Sun Voyager... OK (0.0 km)
  Checking: Laugavegur Shopping Street... NEEDS UPDATE (0.6 km off)
    Current: (64.1434, -21.9252)
    Correct: (64.1430, -21.9124)
    Address: Laugavegur, Reykjavík, Iceland
  Skipping: Keflavík International Airport (KEF) (excluded)
  Checking: Perlan... OK (0.0 km)
  Checking: Sky Lagoon... NEEDS UPDATE (0.5 km off)
    Current: (64.113, -21.939)
    Correct: (64.1165, -21.9463)
    Address: Vesturvör 44-48, 200 Kópavogur, Iceland
  Checking: National Museum of Iceland... OK (0.0 km)
  Checking: Whales of Iceland... NEEDS UPDATE (0.4 km off)
    Current: (64.1569, -21.9566)
    Correct: (64.1554, -21.9483)
    Address: Fiskislóð 23-25, 101 Reykjavík, Iceland
  Checking: Tjörnin... OK (0.1 km)
  Checking: Saga Museum... NEEDS UPDATE (0.4 km off)
    Current: (64.1561, -21.9511)
    Correct: (64.1525, -21.9513)
    Address: Grandagarður 2, 101 Reykjavík, Iceland
  Checking: Reykjavik Maritime Museum... NEEDS UPDATE (0.3 km off)
    Current: (64.1557, -21.949)
    Correct: (64.1532, -21.9486)
    Address: Grandagarður 8, 101 Reykjavík, Iceland
  Checking: Grótta Island Lighthouse... NEEDS UPDATE (0.4 km off)
    Current: (64.1627, -22.0163)
    Correct: (64.1650, -22.0220)
    Address: Gróttuviti, 170 Seltjarnarnes, Iceland
  ✅ Updated 6 coordinates in file

[204/351] Processing: Europe/Iceland/Cities/VikAttractions.swift
  Checking: Reynisfjara Black Sand Beach... NEEDS UPDATE (1.4 km off)
    Current: (63.4042, -19.0435)
    Correct: (63.4057, -19.0716)
    Address: Reynisfjara Beach, Iceland
  Checking: Dyrhólaey... NEEDS UPDATE (0.5 km off)
    Current: (63.4016, -19.1269)
    Correct: (63.4047, -19.1186)
    Address: Dyrhólaey, 871, Iceland
  Checking: Skógafoss Waterfall... OK (0.0 km)
  Checking: Mýrdalsjökull Glacier... NEEDS UPDATE (1.5 km off)
    Current: (63.65, -19.1)
    Correct: (63.6467, -19.1303)
    Address: Mýrdalsjökull, 881, Iceland
  Skipping: Keflavík Airport (Serving Vík) (excluded)
  ✅ Updated 3 coordinates in file

[205/351] Processing: Europe/Ireland/Cities/CorkAttractions.swift
  Checking: Blarney Castle... OK (0.0 km)
  Checking: English Market... OK (0.0 km)
  Checking: Cork City Gaol... OK (0.0 km)
  Checking: Shandon Bells... NEEDS UPDATE (0.3 km off)
    Current: (51.902, -8.4801)
    Correct: (51.9033, -8.4759)
    Address: Church St, Shandon, Cork, Ireland
  Checking: Cobh... NEEDS UPDATE (0.2 km off)
    Current: (51.851, -8.295)
    Correct: (51.8530, -8.2951)
    Address: Cobh, Co. Cork, Ireland
  Skipping: Cork Airport (ORK) (excluded)
  ✅ Updated 2 coordinates in file

[206/351] Processing: Europe/Ireland/Cities/DublinAttractions.swift
  Checking: Guinness Storehouse... OK (0.0 km)
  Checking: Trinity College Library... NEEDS UPDATE (0.2 km off)
    Current: (53.3429, -6.2546)
    Correct: (53.3440, -6.2566)
    Address: Old Library, College Green, South-East Inner City, Dublin 2, D02 VR66, Ireland
  Checking: St Patrick's Cathedral... OK (0.0 km)
  Checking: Temple Bar... NEEDS UPDATE (0.2 km off)
    Current: (53.3454, -6.2641)
    Correct: (53.3449, -6.2675)
    Address: Temple Bar, Dublin, Ireland
  Checking: Dublin Castle... OK (0.0 km)
  Checking: Phoenix Park... OK (0.0 km)
  Checking: Kilmainham Gaol... OK (0.0 km)
  Checking: Ha'penny Bridge... OK (0.0 km)
  Skipping: Dublin Airport (DUB) (excluded)
  Checking: National Museum of Ireland - Archaeology... OK (0.0 km)
  Checking: EPIC The Irish Emigration Museum... OK (0.0 km)
  Checking: Jameson Distillery Bow St.... OK (0.0 km)
  Checking: St Stephen's Green... NEEDS UPDATE (0.2 km off)
    Current: (53.3382, -6.2591)
    Correct: (53.3370, -6.2600)
    Address: St Stephen's Green, Dublin, Ireland
  Checking: Christ Church Cathedral... OK (0.0 km)
  Checking: Little Museum of Dublin... OK (0.0 km)
  Checking: Grafton Street... OK (0.1 km)
  Checking: National Gallery of Ireland... OK (0.0 km)
  ✅ Updated 3 coordinates in file

[207/351] Processing: Europe/Ireland/Cities/GalwayAttractions.swift
  Checking: Eyre Square... OK (0.1 km)
  Checking: Latin Quarter... NEEDS UPDATE (0.1 km off)
    Current: (53.2719, -9.0537)
    Correct: (53.2708, -9.0545)
    Address: 22 High St, Galway, Co. Galway, H91 VX4E, Ireland
  Checking: Galway Cathedral... OK (0.0 km)
  Checking: Cliffs of Moher... NEEDS UPDATE (0.3 km off)
    Current: (52.9715, -9.4265)
    Correct: (52.9715, -9.4309)
    Address: Cliffs of Moher, Co. Clare, Ireland
  Checking: Spanish Arch... OK (0.0 km)
  Skipping: Shannon Airport (Serving Galway) (excluded)
  ✅ Updated 2 coordinates in file

[208/351] Processing: Europe/Ireland/Cities/KillarneyAttractions.swift
  Checking: Killarney National Park... NEEDS UPDATE (2.4 km off)
    Current: (52.0264, -9.5442)
    Correct: (52.0058, -9.5562)
    Address: Killarney National Park, Co. Kerry, Ireland
  Checking: Muckross House... NEEDS UPDATE (0.2 km off)
    Current: (52.018, -9.5065)
    Correct: (52.0181, -9.5041)
    Address: Muckross, Killarney, Co. Kerry, Ireland
  Checking: Ross Castle... OK (0.0 km)
  Skipping: Kerry Airport (KIR) (excluded)
  ✅ Updated 2 coordinates in file

[209/351] Processing: Europe/Ireland/Cities/LimerickAttractions.swift
  Checking: King John's Castle... OK (0.1 km)
  Checking: Hunt Museum... NEEDS UPDATE (0.2 km off)
    Current: (52.6655, -8.6265)
    Correct: (52.6662, -8.6242)
    Address: Hunt Museum, Rutland St, Prior's-Land, Limerick, V94 EV8A, Ireland
  Checking: Milk Market... NEEDS UPDATE (0.1 km off)
    Current: (52.6628, -8.6212)
    Correct: (52.6637, -8.6221)
    Address: Cornmarket Row, Irishtown, Limerick, V94 R602, Ireland
  Skipping: Shannon Airport (SNN) (excluded)
  ✅ Updated 2 coordinates in file

[210/351] Processing: Europe/Italy/Cities/AmalfiCoastAttractions.swift
  Checking: Positano... NEEDS UPDATE (0.3 km off)
    Current: (40.6281, 14.485)
    Correct: (40.6295, 14.4823)
    Address: 84017 Positano, SA, Italy
  Checking: Amalfi Town... OK (0.0 km)
  Checking: Ravello... NEEDS UPDATE (0.3 km off)
    Current: (40.6492, 14.6119)
    Correct: (40.6516, 14.6141)
    Address: 84010 Ravello, SA, Italy
  Checking: Path of the Gods... NEEDS UPDATE (1.2 km off)
    Current: (40.6214, 14.535)
    Correct: (40.6217, 14.5203)
    Address: Sentiero degli Dei, Italy
  Checking: Capri... OK (0.0 km)
  Checking: Emerald Grotto... NEEDS UPDATE (0.9 km off)
    Current: (40.6225, 14.5625)
    Correct: (40.6151, 14.5670)
    Address: Via Smeraldo, 33, 84010 Conca dei Marini SA, Italy
  ✅ Updated 4 coordinates in file

[211/351] Processing: Europe/Italy/Cities/CinqueTerreAttractions.swift
  Checking: Riomaggiore... OK (0.1 km)
  Checking: Manarola... OK (0.0 km)
  Checking: Vernazza... NEEDS UPDATE (0.2 km off)
    Current: (44.135, 9.6847)
    Correct: (44.1354, 9.6828)
    Address: 19018 Vernazza, SP, Italy
  Checking: Monterosso al Mare... NEEDS UPDATE (0.6 km off)
    Current: (44.1451, 9.6533)
    Correct: (44.1452, 9.6464)
    Address: 19016 Monterosso al Mare, SP, Italy
  Checking: Corniglia... NEEDS UPDATE (0.2 km off)
    Current: (44.1197, 9.7128)
    Correct: (44.1199, 9.7100)
    Address: 19018 Corniglia, SP, Italy
  Checking: Cinque Terre Hiking Trails... OK (0.0 km)
  ✅ Updated 3 coordinates in file

[212/351] Processing: Europe/Italy/Cities/FlorenceAttractions.swift
  Checking: Uffizi Gallery... OK (0.0 km)
  Checking: Florence Cathedral... OK (0.0 km)
  Checking: Ponte Vecchio... OK (0.0 km)
  Checking: Accademia Gallery... OK (0.0 km)
  Checking: Palazzo Pitti... OK (0.0 km)
  Checking: Piazzale Michelangelo... OK (0.0 km)
  Checking: Basilica of Santa Croce... OK (0.0 km)
  Checking: Palazzo Vecchio... OK (0.0 km)
  Skipping: Florence Airport (FLR) (excluded)
  Checking: Palazzo Vecchio... OK (0.0 km)
  Checking: Bargello National Museum... OK (0.0 km)
  Checking: Medici Chapels... OK (0.0 km)
  Checking: Mercato Centrale... NEEDS UPDATE (0.1 km off)
    Current: (43.7766, 11.2546)
    Correct: (43.7765, 11.2528)
    Address: Piazza del Mercato Centrale, 50123 Firenze FI, Italy
  Checking: Basilica of Santa Maria Novella... OK (0.0 km)
  Checking: San Miniato al Monte... OK (0.1 km)
  Checking: Piazza della Signoria... OK (0.0 km)
  Checking: Vasari Corridor... OK (0.0 km)
  Checking: Palazzo Strozzi... OK (0.0 km)
  Checking: Rose Garden... OK (0.0 km)
  ✅ Updated 1 coordinates in file

[213/351] Processing: Europe/Italy/Cities/MilanAttractions.swift
  Checking: Milan Cathedral... OK (0.0 km)
  Checking: The Last Supper... OK (0.1 km)
  Checking: Galleria Vittorio Emanuele II... OK (0.0 km)
  Checking: La Scala Opera House... OK (0.0 km)
  Checking: Sforza Castle... OK (0.0 km)
  Checking: Navigli District... NEEDS UPDATE (1.7 km off)
    Current: (45.4498, 9.1772)
    Correct: (45.4628, 9.1890)
    Address: Cerchia dei Navigli, Milano MI, Italy
  Checking: Pinacoteca di Brera... OK (0.0 km)
  Skipping: Milan Malpensa Airport (MXP) (excluded)
  Checking: San Siro Stadium... OK (0.0 km)
  Checking: Basilica di Sant'Ambrogio... OK (0.0 km)
  Checking: Monumental Cemetery... NEEDS UPDATE (0.3 km off)
    Current: (45.4868, 9.1793)
    Correct: (45.4846, 9.1802)
    Address: Piazzale Cimitero Monumentale, 20154 Milano MI, Italy
  Checking: Leonardo3 Museum... NEEDS UPDATE (0.2 km off)
    Current: (45.4651, 9.1895)
    Correct: (45.4665, 9.1900)
    Address: Galleria Vittorio Emanuele II, 11, 20121 Milano MI, Italy
  Checking: Bosco Verticale... OK (0.0 km)
  Checking: Arco della Pace... OK (0.0 km)
  Checking: Piazza Gae Aulenti... NEEDS UPDATE (0.3 km off)
    Current: (45.4836, 9.1863)
    Correct: (45.4837, 9.1897)
    Address: Piazza Gae Aulenti, 20124 Milano MI, Italy
  Checking: QC Termemilano... NEEDS UPDATE (0.3 km off)
    Current: (45.4542, 9.2023)
    Correct: (45.4517, 9.2017)
    Address: P.le Medaglie D'Oro, 2, 20135 Milano MI, Italy
  Checking: San Maurizio al Monastero Maggiore... NEEDS UPDATE (0.2 km off)
    Current: (45.4655, 9.1764)
    Correct: (45.4656, 9.1789)
    Address: Corso Magenta, 15, 20123 Milano MI, Italy
  ✅ Updated 6 coordinates in file

[214/351] Processing: Europe/Italy/Cities/NaplesAttractions.swift
  Checking: Pompeii... NEEDS UPDATE (1.7 km off)
    Current: (40.7489, 14.4848)
    Correct: (40.7497, 14.5053)
    Address: 80045 Pompei, Metropolitan City of Naples, Italy
  Checking: Naples National Archaeological Museum... OK (0.0 km)
  Checking: Mount Vesuvius... NEEDS UPDATE (0.3 km off)
    Current: (40.821, 14.426)
    Correct: (40.8224, 14.4289)
    Address: Mount Vesuvius, 80044 Ottaviano, Metropolitan City of Naples, Italy
  Checking: Historic Center of Naples... NEEDS UPDATE (0.6 km off)
    Current: (40.8493, 14.2571)
    Correct: (40.8518, 14.2634)
    Address: Via Rita Atria, 11, 80139 Napoli NA, Italy
  Checking: Cappella Sansevero... OK (0.1 km)
  Checking: Royal Palace of Naples... OK (0.0 km)
  Checking: Castel dell'Ovo... OK (0.0 km)
  Skipping: Naples International Airport (NAP) (excluded)
  Checking: Castel Sant'Elmo... OK (0.0 km)
  Checking: San Gregorio Armeno... OK (0.1 km)
  Checking: Catacombs of San Gennaro... NEEDS UPDATE (0.2 km off)
    Current: (40.8631, 14.2464)
    Correct: (40.8651, 14.2474)
    Address: Via Capodimonte, 13, 80100 Napoli NA, Italy
  Checking: Galleria Umberto I... OK (0.0 km)
  Checking: Napoli Sotterranea... NEEDS UPDATE (1.7 km off)
    Current: (40.8507, 14.2556)
    Correct: (40.8373, 14.2455)
    Address: Vico S. Anna di Palazzo, 52, 80132 Napoli NA, Italy
  Checking: Santa Chiara Complex... NEEDS UPDATE (0.1 km off)
    Current: (40.8465, 14.2524)
    Correct: (40.8467, 14.2536)
    Address: Via Santa Chiara, 12/16, 80134 Napoli NA, Italy
  Checking: Piazza del Plebiscito... OK (0.1 km)
  Checking: Lungomare Caracciolo... NEEDS UPDATE (1.0 km off)
    Current: (40.8322, 14.2388)
    Correct: (40.8313, 14.2275)
    Address: V. Francesco Caracciolo, Napoli NA, Italy
  ✅ Updated 7 coordinates in file

[215/351] Processing: Europe/Italy/Cities/PisaAttractions.swift
  Checking: Leaning Tower of Pisa... OK (0.0 km)
  Checking: Piazza dei Miracoli (Field of Miracles)... OK (0.1 km)
  Checking: Pisa Cathedral (Duomo)... NEEDS UPDATE (0.1 km off)
    Current: (43.7232, 10.3945)
    Correct: (43.7234, 10.3959)
    Address: Piazza del Duomo, 56126 Pisa PI, Italy
  Checking: Baptistery of St. John... OK (0.1 km)
  Checking: Camposanto Monumentale... OK (0.1 km)
  Checking: Piazza dei Cavalieri... OK (0.1 km)
  ✅ Updated 1 coordinates in file

[216/351] Processing: Europe/Italy/Cities/RomeAttractions.swift
  Checking: Colosseum... OK (0.0 km)
  Checking: Vatican Museums... OK (0.0 km)
  Checking: St. Peter's Basilica... OK (0.0 km)
  Checking: Roman Forum... NEEDS UPDATE (0.1 km off)
    Current: (41.8925, 12.4853)
    Correct: (41.8921, 12.4864)
    Address: 00186 Rome, Metropolitan City of Rome Capital, Italy
  Checking: Trevi Fountain... OK (0.0 km)
  Checking: Pantheon... OK (0.0 km)
  Checking: Spanish Steps... OK (0.0 km)
  Checking: Piazza Navona... OK (0.0 km)
  Checking: Villa Borghese... NEEDS UPDATE (0.1 km off)
    Current: (41.9129, 12.4852)
    Correct: (41.9139, 12.4854)
    Address: Villa Borghese, 00197 Roma RM, Italy
  Checking: Castel Sant'Angelo... OK (0.0 km)
  Checking: Baths of Caracalla... OK (0.1 km)
  Checking: Palatine Hill... OK (0.1 km)
  Checking: Trastevere... NEEDS UPDATE (0.2 km off)
    Current: (41.8864, 12.4696)
    Correct: (41.8848, 12.4704)
    Address: Trastevere, Rome, Metropolitan City of Rome Capital, Italy
  Checking: Capitoline Museums... OK (0.1 km)
  Checking: Campo de' Fiori... OK (0.0 km)
  Checking: Circus Maximus... OK (0.1 km)
  Checking: Mouth of Truth... OK (0.0 km)
  Checking: Santa Maria Maggiore... OK (0.0 km)
  Checking: Catacombs of San Callisto... NEEDS UPDATE (0.2 km off)
    Current: (41.8576, 12.5114)
    Correct: (41.8589, 12.5107)
    Address: Via Appia Antica, 110/126, 00179 Roma RM, Italy
  Checking: Appian Way... NEEDS UPDATE (3.0 km off)
    Current: (41.8513, 12.5319)
    Correct: (41.8669, 12.5030)
    Address: Via Appia Antica, 56, 00179 Roma RM, Italy
  Checking: Aventine Keyhole... NEEDS UPDATE (0.2 km off)
    Current: (41.8837, 12.4795)
    Correct: (41.8825, 12.4776)
    Address: Aventine Hill, 00153 Rome, Metropolitan City of Rome Capital, Italy
  Checking: Jewish Ghetto... OK (0.1 km)
  Skipping: Fiumicino Airport (FCO) (excluded)
  Checking: Domus Aurea... OK (0.1 km)
  Checking: Palazzo Doria Pamphilj... OK (0.0 km)
  Checking: Piazza del Popolo... OK (0.0 km)
  Checking: Altare della Patria... OK (0.0 km)
  Checking: Basilica of San Clemente... OK (0.0 km)
  ✅ Updated 6 coordinates in file

[217/351] Processing: Europe/Italy/Cities/VeniceAttractions.swift
  Checking: St. Mark's Basilica... OK (0.0 km)
  Checking: Doge's Palace... OK (0.0 km)
  Checking: Grand Canal... NEEDS UPDATE (0.5 km off)
    Current: (45.4374, 12.3319)
    Correct: (45.4373, 12.3256)
    Address: Grand Canal, 30100 Venice, Metropolitan City of Venice, Italy
  Checking: Rialto Bridge... OK (0.0 km)
  Checking: Murano Island... OK (0.0 km)
  Checking: Burano Island... OK (0.0 km)
  Checking: St. Mark's Square... OK (0.0 km)
  Checking: Campanile di San Marco... OK (0.0 km)
  Checking: Gallerie dell'Accademia... OK (0.1 km)
  Checking: Peggy Guggenheim Collection... OK (0.0 km)
  Checking: Santa Maria della Salute... OK (0.0 km)
  Checking: Bridge of Sighs... OK (0.0 km)
  Checking: Jewish Ghetto of Venice... OK (0.0 km)
  Checking: Scuola Grande di San Rocco... OK (0.0 km)
  Checking: Torcello Island... NEEDS UPDATE (0.2 km off)
    Current: (45.4972, 12.4181)
    Correct: (45.4963, 12.4153)
    Address: Torcello, 30142 Venice, Metropolitan City of Venice, Italy
  Checking: Lido di Venezia... NEEDS UPDATE (1.9 km off)
    Current: (45.4058, 12.3592)
    Correct: (45.3893, 12.3531)
    Address: Lido di Venezia, Italy
  Skipping: Venice Marco Polo Airport (VCE) (excluded)
  Checking: Teatro La Fenice... OK (0.0 km)
  Checking: Palazzo Contarini del Bovolo... OK (0.0 km)
  Checking: San Giorgio Maggiore... OK (0.1 km)
  Checking: Ca' Rezzonico... OK (0.0 km)
  Checking: Venetian Arsenal... NEEDS UPDATE (0.3 km off)
    Current: (45.4357, 12.3533)
    Correct: (45.4347, 12.3499)
    Address: Campo de la Tana, 2169, 30122 Venezia VE, Italy
  Checking: Correr Museum... OK (0.0 km)
  ✅ Updated 4 coordinates in file

[218/351] Processing: Europe/Kosovo/Cities/GjakovaAttractions.swift
  Checking: Old Bazaar... NEEDS UPDATE (0.2 km off)
    Current: (42.38, 20.43)
    Correct: (42.3791, 20.4283)
    Address: 9CHH+J8P, Gjakova 50000
  Skipping: Pristina Airport (Serving Gjakova) (excluded)
  ✅ Updated 1 coordinates in file

[219/351] Processing: Europe/Kosovo/Cities/PejaAttractions.swift
  Checking: Rugova Canyon... OK (0.0 km)
  Checking: Patriarchate of Peć... OK (0.1 km)
  Skipping: Pristina Airport (Serving Peja) (excluded)

[220/351] Processing: Europe/Kosovo/Cities/PristinaAttractions.swift
  Checking: Newborn Monument... OK (0.0 km)
  Checking: National Library of Kosovo... OK (0.0 km)
  Checking: Ethnological Museum... NEEDS UPDATE (0.1 km off)
    Current: (42.6667, 21.1664)
    Correct: (42.6677, 21.1674)
    Address: Pristina 10000
  Checking: Germia Park... NEEDS UPDATE (1.4 km off)
    Current: (42.67, 21.196)
    Correct: (42.6753, 21.2111)
    Address: M6G6+4CP Gërmia Park, Dr. Shpëtim Robaj, Prishtina 10000
  Skipping: Pristina International Airport (PRN) (excluded)
  Checking: Mother Teresa Cathedral... OK (0.0 km)
  Checking: Imperial Mosque... NEEDS UPDATE (0.1 km off)
    Current: (42.6669, 21.1654)
    Correct: (42.6670, 21.1670)
    Address: M588+QRV, Ibrahim Lutfiu, Prishtina 10000
  Checking: Bear Sanctuary Prishtina... OK (0.0 km)
  Checking: Gračanica Monastery... NEEDS UPDATE (0.3 km off)
    Current: (42.6, 21.19)
    Correct: (42.5985, 21.1935)
    Address: H5XV+99X, Gračanica 10500
  Checking: Mother Teresa Boulevard... NEEDS UPDATE (0.4 km off)
    Current: (42.66, 21.16)
    Correct: (42.6623, 21.1630)
    Address: Bulevardi Nënë Tereza, Prishtina 10000
  Checking: Statue of Bill Clinton... NEEDS UPDATE (0.1 km off)
    Current: (42.653, 21.154)
    Correct: (42.6540, 21.1531)
    Address: Statue of Bill Clinton, Idriz Gjilani, Prishtina 10000
  Checking: Kosovo Museum... OK (0.0 km)
  Checking: Pristina Market... NEEDS UPDATE (0.3 km off)
    Current: (42.666, 21.167)
    Correct: (42.6673, 21.1643)
    Address: Pristina
  Checking: Skanderbeg Square... NEEDS UPDATE (0.2 km off)
    Current: (42.662, 21.163)
    Correct: (42.6637, 21.1638)
    Address: 4 Fehmi Agani, Prishtina 10000
  Checking: Jashar Pasha Mosque... NEEDS UPDATE (0.2 km off)
    Current: (42.6665, 21.1662)
    Correct: (42.6673, 21.1643)
    Address: Pristina
  ✅ Updated 9 coordinates in file

[221/351] Processing: Europe/Kosovo/Cities/PrizrenAttractions.swift
  Checking: Prizren Fortress... NEEDS UPDATE (0.6 km off)
    Current: (42.215, 20.743)
    Correct: (42.2097, 20.7450)
    Address: 6P5W+W73, Prizren 20000
  Checking: Sinan Pasha Mosque... NEEDS UPDATE (0.5 km off)
    Current: (42.2136, 20.741)
    Correct: (42.2090, 20.7414)
    Address: 6P5R+HGX, Mimar Sinani, Prizren 20000
  Checking: Stone Bridge... NEEDS UPDATE (0.5 km off)
    Current: (42.2138, 20.7395)
    Correct: (42.2095, 20.7406)
    Address: 6P5R+Q6X Old Stone Bridge, Ura e Gurit, Prizren 20000
  Skipping: Pristina Airport (Serving Prizren) (excluded)
  ✅ Updated 3 coordinates in file

[222/351] Processing: Europe/Latvia/Cities/CesisAttractions.swift
  Checking: Cēsis Medieval Castle... OK (0.0 km)
  Checking: Cēsis Old Town... NEEDS UPDATE (0.5 km off)
    Current: (57.312, 25.273)
    Correct: (57.3090, 25.2677)
    Address: Cēsis, Cēsu pilsēta, Cēsis Municipality, LV-4101, Latvia
  Checking: Cēsis New Castle... OK (0.0 km)
  Skipping: Riga Airport (Serving Cēsis) (excluded)
  ✅ Updated 1 coordinates in file

[223/351] Processing: Europe/Latvia/Cities/JurmalaAttractions.swift
  Checking: Jomas Street... NEEDS UPDATE (0.2 km off)
    Current: (56.9715, 23.8033)
    Correct: (56.9730, 23.8011)
    Address: Jomas iela, Jūrmala, LV-2015, Latvia
  Checking: Jurmala Beach... NEEDS UPDATE (0.7 km off)
    Current: (56.9796, 23.7933)
    Correct: (56.9747, 23.7857)
    Address: Jūrmalas pludmale, Gulf of, Rīga, LV-2015, Latvia
  Checking: Dzintari Forest Park... NEEDS UPDATE (0.4 km off)
    Current: (56.975, 23.812)
    Correct: (56.9760, 23.8190)
    Address: Dzintari Forest Park, Jomas iela/ Turaidas iela, Meža prospekts, Jūrmala, LV-2015, Latvia
  Checking: Wooden Architecture... NEEDS UPDATE (2.0 km off)
    Current: (56.973, 23.805)
    Correct: (56.9684, 23.7738)
    Address: Jūrmala, Latvia
  Skipping: Riga International Airport (Serving Jūrmala) (excluded)
  ✅ Updated 4 coordinates in file

[224/351] Processing: Europe/Latvia/Cities/RigaAttractions.swift
  Checking: Riga Old Town... NEEDS UPDATE (0.2 km off)
    Current: (56.9475, 24.1064)
    Correct: (56.9493, 24.1049)
    Address: Vecrīga, Central District, Riga, LV-1050, Latvia
  Checking: House of the Blackheads... OK (0.0 km)
  Checking: St. Peter's Church... OK (0.0 km)
  Checking: Art Nouveau District... OK (0.0 km)
  Checking: Riga Central Market... NEEDS UPDATE (0.1 km off)
    Current: (56.9448, 24.1154)
    Correct: (56.9439, 24.1150)
    Address: Nēģu iela 7, Latgales priekšpilsēta, Rīga, LV-1050, Latvia
  Checking: Freedom Monument... OK (0.0 km)
  Checking: Latvian National Museum of Art... NEEDS UPDATE (0.1 km off)
    Current: (56.9547, 24.1133)
    Correct: (56.9558, 24.1131)
    Address: Jaņa Rozentāla laukums 1, Centra rajons, Rīga, LV-1010, Latvia
  Skipping: Riga International Airport (RIX) (excluded)
  Checking: Three Brothers... OK (0.0 km)
  Checking: Riga Cathedral... OK (0.0 km)
  Checking: The Swedish Gate... OK (0.0 km)
  Checking: Riga Motor Museum... OK (0.0 km)
  Checking: Latvian Open-Air Museum... OK (0.0 km)
  Checking: Bastejkalna Park... OK (0.0 km)
  Checking: Museum of the Occupation of Latvia... OK (0.0 km)
  Checking: National Library of Latvia... OK (0.0 km)
  ✅ Updated 3 coordinates in file

[225/351] Processing: Europe/Latvia/Cities/SiguldaAttractions.swift
  Checking: Turaida Museum Reserve... NEEDS UPDATE (0.4 km off)
    Current: (57.1833, 24.8503)
    Correct: (57.1868, 24.8477)
    Address: Turaidas iela 10, Turaida, Krimuldas pagasts, Siguldas novads, LV-2150, Latvia
  Checking: Gutman's Cave... OK (0.0 km)
  Checking: Sigulda Medieval Castle Ruins... OK (0.0 km)
  Checking: Cable Car... NEEDS UPDATE (0.2 km off)
    Current: (57.1633, 24.8433)
    Correct: (57.1636, 24.8461)
    Address: Cablecar Sigulda, Jāņa Poruka iela 14, Sigulda, Siguldas pilsēta, Siguldas novads, LV-2150, Latvia
  Skipping: Riga Airport (Serving Sigulda) (excluded)
  ✅ Updated 2 coordinates in file

[226/351] Processing: Europe/Liechtenstein/Cities/BalzersAttractions.swift
  Checking: Gutenberg Castle... OK (0.1 km)
  Skipping: Zurich Airport (Serving Balzers) (excluded)

[227/351] Processing: Europe/Liechtenstein/Cities/MalbunAttractions.swift
  Checking: Sareis Chairlift... NEEDS UPDATE (0.7 km off)
    Current: (47.103, 9.61)
    Correct: (47.1030, 9.6195)
    Address: Sareis, 9497 Malbun, Liechtenstein
  Skipping: Zurich Airport (Serving Malbun) (excluded)
  ✅ Updated 1 coordinates in file

[228/351] Processing: Europe/Liechtenstein/Cities/VaduzAttractions.swift
  Checking: Vaduz Castle... OK (0.0 km)
  Checking: Kunstmuseum Liechtenstein... OK (0.1 km)
  Checking: Red House... NEEDS UPDATE (0.2 km off)
    Current: (47.143, 9.522)
    Correct: (47.1449, 9.5217)
    Address: Fürst-Franz-Josef-Strasse 102, 9490 Vaduz, Liechtenstein
  Skipping: Zurich Airport (Serving Vaduz) (excluded)
  Checking: Liechtenstein National Museum... OK (0.1 km)
  Checking: The Treasure Chamber... OK (0.0 km)
  Checking: Postage Stamp Museum... OK (0.0 km)
  Checking: Old Rhine Bridge... NEEDS UPDATE (1.1 km off)
    Current: (47.135, 9.51)
    Correct: (47.1411, 9.5211)
    Address: 9490 Vaduz, Liechtenstein
  Checking: Cathedral of St. Florin... OK (0.0 km)
  Checking: Government House... OK (0.0 km)
  Checking: Hofkellerei... NEEDS UPDATE (0.4 km off)
    Current: (47.1445, 9.5215)
    Correct: (47.1449, 9.5164)
    Address: Feldstrasse 4, 9490 Vaduz, Liechtenstein
  Checking: Städtle Sculptures... NEEDS UPDATE (0.2 km off)
    Current: (47.1395, 9.522)
    Correct: (47.1411, 9.5211)
    Address: 9490 Vaduz, Liechtenstein
  Checking: Gutenberg Castle... OK (0.0 km)
  Checking: Mitteldorf... NEEDS UPDATE (0.2 km off)
    Current: (47.142, 9.522)
    Correct: (47.1433, 9.5209)
    Address: Mitteldorf, 9490 Vaduz, Liechtenstein
  ✅ Updated 5 coordinates in file

[229/351] Processing: Europe/Lithuania/Cities/KaunasAttractions.swift
  Checking: Kaunas Castle... OK (0.0 km)
  Checking: Ninth Fort... NEEDS UPDATE (0.3 km off)
    Current: (54.9455, 23.8711)
    Correct: (54.9439, 23.8750)
    Address: 9th Fort of the Kaunas Fortress, Žemaičių pl. 73, 47435 Kaunas, Lithuania
  Checking: Pažaislis Monastery... OK (0.0 km)
  Checking: Laisvės Alėja... NEEDS UPDATE (0.5 km off)
    Current: (54.897, 23.913)
    Correct: (54.8970, 23.9205)
    Address: Laisvės al., Kaunas, Kauno m. sav., Lithuania
  Skipping: Kaunas Airport (KUN) (excluded)
  ✅ Updated 2 coordinates in file

[230/351] Processing: Europe/Lithuania/Cities/KlaipedaAttractions.swift
  Checking: Curonian Spit... OK (0.0 km)
  Checking: Klaipeda Old Town... NEEDS UPDATE (0.5 km off)
    Current: (55.708, 21.13)
    Correct: (55.7053, 21.1227)
    Address: Priešpilio g., 91240 Klaipėda, Lithuania
  Checking: Lithuanian Sea Museum... NEEDS UPDATE (0.1 km off)
    Current: (55.7175, 21.1011)
    Correct: (55.7167, 21.0998)
    Address: Smiltynės g. 3, 93100 Klaipėda, Lithuania
  Checking: Meridianas... OK (0.0 km)
  Skipping: Palanga Airport (Serving Klaipėda) (excluded)
  ✅ Updated 2 coordinates in file

[231/351] Processing: Europe/Lithuania/Cities/SiauliaiAttractions.swift
  Checking: Hill of Crosses... OK (0.1 km)
  Checking: Iron Fox Sculpture... NEEDS UPDATE (0.3 km off)
    Current: (55.932, 23.324)
    Correct: (55.9312, 23.3290)
    Address: 76248 Šiauliai, Lithuania
  Skipping: Kaunas Airport (Serving Šiauliai) (excluded)
  ✅ Updated 1 coordinates in file

[232/351] Processing: Europe/Lithuania/Cities/TrakaiAttractions.swift
  Checking: Trakai Island Castle... OK (0.1 km)
  Checking: Karaite Kenesa... NEEDS UPDATE (0.2 km off)
    Current: (54.6465, 24.9355)
    Correct: (54.6477, 24.9326)
    Address: Karaimų g. 30, 21106 Trakai, Lithuania
  Checking: Užutrakis Manor Estate... NEEDS UPDATE (0.1 km off)
    Current: (54.661, 24.943)
    Correct: (54.6597, 24.9436)
    Address: Užutrakio dvaras, Užtrakio g. 17, 21102 Trakai, Lithuania
  Skipping: Vilnius Airport (Serving Trakai) (excluded)
  ✅ Updated 2 coordinates in file

[233/351] Processing: Europe/Lithuania/Cities/VilniusAttractions.swift
  Checking: Vilnius Old Town... NEEDS UPDATE (0.6 km off)
    Current: (54.6833, 25.2833)
    Correct: (54.6783, 25.2865)
    Address: Vilnius Old Town, Vilnius, Vilnius City Municipality, Lithuania
  Checking: Gediminas Castle Tower... OK (0.0 km)
  Checking: Republic of Užupis... OK (0.1 km)
  Checking: St. Anne's Church... OK (0.0 km)
  Checking: Museum of Occupations and Freedom Fights... OK (0.0 km)
  Checking: Gates of Dawn... OK (0.0 km)
  Skipping: Vilnius International Airport (VNO) (excluded)
  Checking: Vilnius Cathedral... OK (0.0 km)
  Checking: Palace of the Grand Dukes... OK (0.0 km)
  Checking: Hill of Three Crosses... OK (0.0 km)
  Checking: Church of St. Peter and St. Paul... OK (0.0 km)
  Checking: Vilnius University... OK (0.1 km)
  Checking: Bernardine Garden... OK (0.1 km)
  Checking: Halles Market... OK (0.0 km)
  Checking: Vilnius TV Tower... NEEDS UPDATE (0.1 km off)
    Current: (54.6873, 25.2127)
    Correct: (54.6871, 25.2146)
    Address: Sausio 13-osios g. 10, 04347 Vilnius, Lithuania
  ✅ Updated 2 coordinates in file

[234/351] Processing: Europe/Luxembourg/Cities/EchternachAttractions.swift
  Checking: Mullerthal Trail... OK (0.0 km)
  Checking: Abbey of Echternach... OK (0.1 km)
  Skipping: Luxembourg Airport (Serving Echternach) (excluded)

[235/351] Processing: Europe/Luxembourg/Cities/LuxembourgCityAttractions.swift
  Checking: Le Chemin de la Corniche... OK (0.1 km)
  Checking: The Grund... NEEDS UPDATE (0.5 km off)
    Current: (49.608, 6.135)
    Correct: (49.6109, 6.1408)
    Address: Grund Luxembourg
  Checking: Bock Casemates... OK (0.0 km)
  Checking: Grand Ducal Palace... NEEDS UPDATE (0.1 km off)
    Current: (49.611, 6.131)
    Correct: (49.6109, 6.1328)
    Address: 17 Rue du Marché-aux-Herbes, 1728 Ville-Haute Luxembourg
  Skipping: Luxembourg Airport (LUX) (excluded)
  Checking: Notre-Dame Cathedral... OK (0.1 km)
  Checking: Adolphe Bridge... OK (0.0 km)
  Checking: MUDAM Luxembourg... OK (0.1 km)
  Checking: National Museum of History and Art... OK (0.1 km)
  Checking: Monument of Remembrance (Gëlle Fra)... OK (0.0 km)
  Checking: Pfaffenthal Panoramic Elevator... NEEDS UPDATE (0.3 km off)
    Current: (49.6133, 6.1313)
    Correct: (49.6154, 6.1298)
    Address: 2 Rue du Pont, 2344 Ville-Haute Luxembourg
  Checking: Place Guillaume II... OK (0.1 km)
  Checking: Place d'Armes... OK (0.0 km)
  Checking: Dräi Eechelen Museum... NEEDS UPDATE (0.1 km off)
    Current: (49.6173, 6.1408)
    Correct: (49.6170, 6.1392)
    Address: Park Drai Eechelen, 2616 Clausen Luxembourg
  Checking: Philharmonie Luxembourg... OK (0.1 km)
  Checking: Luxembourg City History Museum... OK (0.0 km)
  ✅ Updated 4 coordinates in file

[236/351] Processing: Europe/Luxembourg/Cities/ViandenAttractions.swift
  Checking: Vianden Castle... OK (0.1 km)
  Checking: Vianden Chairlift... NEEDS UPDATE (0.5 km off)
    Current: (49.932, 6.208)
    Correct: (49.9364, 6.2062)
    Address: 39 Rue du Sanatorium, 9425 Vianden, Luxembourg
  Skipping: Luxembourg Airport (Serving Vianden) (excluded)
  ✅ Updated 1 coordinates in file

[237/351] Processing: Europe/Malta/Cities/MarsaxlokkAttractions.swift
  Checking: Marsaxlokk Sunday Market... NEEDS UPDATE (0.2 km off)
    Current: (35.841, 14.543)
    Correct: (35.8411, 14.5453)
    Address: 79 Xatt is-Sajjieda, Marsaxlokk, Malta
  Checking: St. Peter's Pool... NEEDS UPDATE (0.9 km off)
    Current: (35.835, 14.55)
    Correct: (35.8336, 14.5596)
    Address: St.Peter's Pool, Marsaxlokk, Malta
  Skipping: Malta International Airport (Serving Marsaxlokk) (excluded)
  ✅ Updated 2 coordinates in file

[238/351] Processing: Europe/Malta/Cities/MdinaAttractions.swift
  Checking: Mdina Gate... OK (0.0 km)
  Checking: St. Paul's Cathedral... OK (0.0 km)
  Checking: Fontanella Tea Garden... OK (0.0 km)
  Skipping: Malta International Airport (Serving Mdina) (excluded)

[239/351] Processing: Europe/Malta/Cities/StJuliansAttractions.swift
  Checking: Spinola Bay... NEEDS UPDATE (0.4 km off)
    Current: (35.918, 14.488)
    Correct: (35.9192, 14.4918)
    Address: Spinola bay, Spinola bay, St Julian's, Malta
  Skipping: Malta International Airport (Serving St. Julian's) (excluded)
  ✅ Updated 1 coordinates in file

[240/351] Processing: Europe/Malta/Cities/VallettaAttractions.swift
  Checking: St. John's Co-Cathedral... OK (0.0 km)
  Checking: Upper Barrakka Gardens... OK (0.0 km)
  Checking: Fort St. Elmo & National War Museum... NEEDS UPDATE (0.1 km off)
    Current: (35.902, 14.518)
    Correct: (35.9011, 14.5188)
    Address: Mediterranean Street, Valletta, Malta
  Checking: Casa Rocca Piccola... OK (0.0 km)
  Skipping: Malta International Airport (MLA) (excluded)
  Checking: Grandmaster's Palace... OK (0.0 km)
  Checking: Lower Barrakka Gardens... OK (0.1 km)
  Checking: Lascaris War Rooms... OK (0.0 km)
  Checking: Manoel Theatre... OK (0.1 km)
  Checking: National Museum of Archaeology... OK (0.1 km)
  Checking: Valletta Waterfront... NEEDS UPDATE (0.2 km off)
    Current: (35.8897, 14.5058)
    Correct: (35.8901, 14.5080)
    Address: Valletta Waterfront, Floriana, Malta
  Checking: Basilica of Our Lady of Mount Carmel... OK (0.0 km)
  Checking: Triton Fountain... OK (0.0 km)
  Checking: Parliament Building... OK (0.0 km)
  Checking: Siege Bell War Memorial... NEEDS UPDATE (0.1 km off)
    Current: (35.8986, 14.5189)
    Correct: (35.8976, 14.5183)
    Address: 32 Lvant, Il-Belt Valletta, Malta
  Checking: Saluting Battery... OK (0.0 km)
  ✅ Updated 3 coordinates in file

[241/351] Processing: Europe/Malta/Cities/VictoriaAttractions.swift
  Checking: The Citadel... NEEDS UPDATE (0.1 km off)
    Current: (36.046, 14.241)
    Correct: (36.0465, 14.2398)
    Address: Citadel, It-Telgħa tal-Belt, Victoria, Malta
  Skipping: Malta International Airport (Serving Gozo) (excluded)
  ✅ Updated 1 coordinates in file

[242/351] Processing: Europe/Moldova/Cities/ChisinauAttractions.swift
  Checking: Stephen the Great Park... NEEDS UPDATE (0.3 km off)
    Current: (47.0245, 28.831)
    Correct: (47.0255, 28.8280)
    Address: Stephen the Great Central Park, Bulevardul Ștefan cel Mare și Sfînt 148, Chișinău, Moldova
  Checking: Nativity Cathedral... OK (0.0 km)
  Checking: Valea Morilor Park... NEEDS UPDATE (0.4 km off)
    Current: (47.02, 28.815)
    Correct: (47.0186, 28.8194)
    Address: Valea Morilor Park, Strada Grigore Alexandrescu, Chișinău, Moldova
  Checking: National Museum of History... NEEDS UPDATE (1.2 km off)
    Current: (47.0228, 28.8285)
    Correct: (47.0157, 28.8407)
    Address: Strada Tighina 47, Chișinău, Moldova
  Skipping: Chișinău International Airport (RMO) (excluded)
  ✅ Updated 3 coordinates in file

[243/351] Processing: Europe/Moldova/Cities/CricovaAttractions.swift
  Checking: Cricova Wine Cellars... NEEDS UPDATE (0.2 km off)
    Current: (47.1467, 28.8617)
    Correct: (47.1486, 28.8604)
    Address: MD-2084, Str. Chișinăului 124, Cricova, Moldova
  Skipping: Chișinău Airport (Serving Cricova) (excluded)
  ✅ Updated 1 coordinates in file

[244/351] Processing: Europe/Moldova/Cities/OrheiulVechiAttractions.swift
  Checking: Cave Monastery... NEEDS UPDATE (0.3 km off)
    Current: (47.3025, 28.9714)
    Correct: (47.3029, 28.9679)
    Address: Butuceni, Moldova
  Checking: Traditional Village Butuceni... NEEDS UPDATE (0.4 km off)
    Current: (47.305, 28.968)
    Correct: (47.3015, 28.9669)
    Address: Butuceni, Moldova
  Skipping: Chișinău Airport (Serving Orheiul Vechi) (excluded)
  ✅ Updated 2 coordinates in file

[245/351] Processing: Europe/Moldova/Cities/TiraspolAttractions.swift
  Checking: Suvorov Square... NEEDS UPDATE (0.1 km off)
    Current: (46.8361, 29.6105)
    Correct: (46.8361, 29.6119)
    Address: Suvorov Square, Tiraspol, Moldova
  Checking: Kvint Distillery... NEEDS UPDATE (0.6 km off)
    Current: (46.845, 29.62)
    Correct: (46.8407, 29.6252)
    Address: Strada Lenin 38, MD-3300, Tiraspol, Moldova
  Skipping: Chișinău Airport (Serving Tiraspol) (excluded)
  ✅ Updated 2 coordinates in file

[246/351] Processing: Europe/Monaco/Cities/FontvieilleAttractions.swift
  Checking: Prince's Car Collection... NEEDS UPDATE (0.6 km off)
    Current: (43.731, 7.418)
    Correct: (43.7353, 7.4217)
    Address: 54 Rte de la Piscine, 98000 Monaco
  Checking: Exotic Garden... NEEDS UPDATE (0.2 km off)
    Current: (43.733, 7.413)
    Correct: (43.7313, 7.4139)
    Address: Exotic Garden of Monaco, 62 Bd du Jardin Exotique, 98000 Monaco
  Skipping: Nice Côte d'Azur Airport (Serving Fontvieille) (excluded)
  ✅ Updated 2 coordinates in file

[247/351] Processing: Europe/Monaco/Cities/MonacoVilleAttractions.swift
  Checking: Prince's Palace... OK (0.1 km)
  Checking: Oceanographic Museum... OK (0.0 km)
  Checking: Saint Nicholas Cathedral... OK (0.0 km)
  Skipping: Nice Côte d'Azur Airport (NCE) (excluded)

[248/351] Processing: Europe/Monaco/Cities/MonteCarloAttractions.swift
  Checking: Casino de Monte-Carlo... OK (0.0 km)
  Checking: Japanese Garden... NEEDS UPDATE (0.2 km off)
    Current: (43.743, 7.433)
    Correct: (43.7423, 7.4309)
    Address: Princess Grace Japanese Garden, 5 Av. Princesse Grâce, 98000 Monaco
  Checking: Opera de Monte-Carlo... OK (0.0 km)
  Skipping: Nice Côte d'Azur Airport (Serving Monte Carlo) (excluded)
  Checking: Prince's Palace... OK (0.0 km)
  Checking: Oceanographic Museum... OK (0.0 km)
  Checking: St. Nicholas Cathedral... OK (0.0 km)
  Checking: Exotic Garden... NEEDS UPDATE (0.2 km off)
    Current: (43.733, 7.413)
    Correct: (43.7313, 7.4139)
    Address: Exotic Garden of Monaco, 62 Bd du Jardin Exotique, 98000 Monaco
  Checking: Fairmont Hairpin (F1 Circuit)... OK (0.0 km)
  Checking: Larvotto Beach... NEEDS UPDATE (0.6 km off)
    Current: (43.747, 7.436)
    Correct: (43.7434, 7.4307)
    Address: Larvotto, 98000 Monaco
  Checking: Port Hercules... NEEDS UPDATE (0.2 km off)
    Current: (43.736, 7.423)
    Correct: (43.7348, 7.4240)
    Address: Port Hercule, Monaco
  Checking: Old Town (Le Rocher)... OK (0.0 km)
  Checking: Car Collection of HSH... NEEDS UPDATE (0.3 km off)
    Current: (43.7335, 7.419)
    Correct: (43.7353, 7.4217)
    Address: 54 Rte de la Piscine, 98000 Monaco
  Checking: Metropole Shopping Monte-Carlo... NEEDS UPDATE (0.1 km off)
    Current: (43.74, 7.4285)
    Correct: (43.7410, 7.4280)
    Address: 17 Av. des Spélugues, 98000 Monaco
  ✅ Updated 6 coordinates in file

[249/351] Processing: Europe/Montenegro/Cities/BudvaAttractions.swift
  Checking: Budva Old Town... OK (0.1 km)
  Checking: Sveti Stefan... NEEDS UPDATE (0.7 km off)
    Current: (42.2547, 18.8913)
    Correct: (42.2515, 18.8982)
    Address: Sveti Stefan, Montenegro
  Checking: Mogren Beach... NEEDS UPDATE (0.2 km off)
    Current: (42.277, 18.835)
    Correct: (42.2771, 18.8326)
    Address: Mogren beach, Montenegro
  Skipping: Tivat Airport (TIV) (excluded)
  ✅ Updated 2 coordinates in file

[250/351] Processing: Europe/Montenegro/Cities/KotorAttractions.swift
  Checking: Kotor Old Town... OK (0.0 km)
  Checking: San Giovanni Fortress... OK (0.1 km)
  Checking: Cathedral of Saint Tryphon... OK (0.0 km)
  Skipping: Tivat Airport (Serving Kotor) (excluded)
  Checking: Our Lady of the Rocks... NEEDS UPDATE (0.3 km off)
    Current: (42.4868, 18.6922)
    Correct: (42.4867, 18.6887)
    Address: Our Lady of the Rocks, Montenegro
  Checking: Perast Old Town... OK (0.0 km)
  Checking: Kotor Cable Car... NEEDS UPDATE (2.0 km off)
    Current: (42.41, 18.78)
    Correct: (42.4255, 18.7677)
    Address: Port of Kotor, Kotor 85330, Montenegro
  Checking: Maritime Museum... OK (0.1 km)
  Checking: St. Nicholas Church... OK (0.1 km)
  Checking: Kampana Tower... OK (0.1 km)
  Checking: Cat Museum... OK (0.1 km)
  Checking: Gurdic Gate... OK (0.1 km)
  Checking: Sea Gate... OK (0.0 km)
  Checking: Blue Cave... OK (0.0 km)
  Checking: Pima Palace... OK (0.1 km)
  Checking: Lovćen National Park (Mausoleum)... NEEDS UPDATE (0.5 km off)
    Current: (42.3999, 18.8375)
    Correct: (42.3976, 18.8433)
    Address: 9RXV+28R Lovćen National Park, Cetinje, Montenegro
  ✅ Updated 3 coordinates in file

[251/351] Processing: Europe/Montenegro/Cities/PerastAttractions.swift
  Checking: Our Lady of the Rocks... OK (0.0 km)
  Checking: Perast Waterfront... NEEDS UPDATE (0.4 km off)
    Current: (42.4868, 18.6997)
    Correct: (42.4847, 18.7038)
    Address: FPM3+VGG Kotor Bay, Perast, Montenegro
  Skipping: Tivat Airport (Serving Perast) (excluded)
  ✅ Updated 1 coordinates in file

[252/351] Processing: Europe/Montenegro/Cities/PodgoricaAttractions.swift
  Checking: Cathedral of the Resurrection... OK (0.0 km)
  Checking: Millennium Bridge... NEEDS UPDATE (0.3 km off)
    Current: (42.4442, 19.2612)
    Correct: (42.4452, 19.2581)
    Address: C7W5+36Q Millennium Bridge, Podgorica, Montenegro
  Checking: Niagara Falls (Cijevna)... NEEDS UPDATE (0.3 km off)
    Current: (42.386, 19.282)
    Correct: (42.3836, 19.2794)
    Address: 97MH+CM, Podgorica, Montenegro
  Skipping: Podgorica Airport (TGD) (excluded)
  ✅ Updated 2 coordinates in file

[253/351] Processing: Europe/Montenegro/Cities/ZabljakAttractions.swift
  Checking: Black Lake... NEEDS UPDATE (0.2 km off)
    Current: (43.146, 19.094)
    Correct: (43.1462, 19.0921)
    Address: Crno Jezero, Montenegro
  Checking: Tara River Canyon Bridge... OK (0.0 km)
  Skipping: Podgorica Airport (Serving Žabljak) (excluded)
  ✅ Updated 1 coordinates in file

[254/351] Processing: Europe/Netherlands/Cities/AmsterdamAttractions.swift
  Checking: Rijksmuseum... OK (0.0 km)
  Checking: Van Gogh Museum... OK (0.0 km)
  Checking: Anne Frank House... OK (0.0 km)
  Checking: Vondelpark... OK (0.0 km)
  Checking: Dam Square... OK (0.0 km)
  Checking: Jordaan... NEEDS UPDATE (0.2 km off)
    Current: (52.3747, 4.8839)
    Correct: (52.3739, 4.8809)
    Address: Jordaan, Amsterdam, Netherlands
  Checking: Royal Palace Amsterdam... OK (0.0 km)
  Checking: Heineken Experience... OK (0.0 km)
  Checking: Canal Ring... NEEDS UPDATE (2.0 km off)
    Current: (52.3702, 4.8863)
    Correct: (52.3877, 4.8872)
    Address: Vierwindenstraat 8, 1013 LA Amsterdam, Netherlands
  Checking: NEMO Science Museum... OK (0.0 km)
  Checking: A'DAM Lookout... OK (0.1 km)
  Checking: Albert Cuyp Market... NEEDS UPDATE (0.3 km off)
    Current: (52.3561, 4.8953)
    Correct: (52.3553, 4.8916)
    Address: Albert Cuypstraat 101, 1072 VV Amsterdam, Netherlands
  Checking: Red Light District... NEEDS UPDATE (0.3 km off)
    Current: (52.3735, 4.8984)
    Correct: (52.3719, 4.8959)
    Address: De Wallen, 1012 Amsterdam, Netherlands
  Checking: Begijnhof... OK (0.1 km)
  Checking: Bloemenmarkt... OK (0.1 km)
  Checking: Rembrandt House Museum... OK (0.0 km)
  Checking: Het Scheepvaartmuseum... OK (0.1 km)
  Checking: De Negen Straatjes... OK (0.0 km)
  Checking: Artis Royal Zoo... NEEDS UPDATE (0.3 km off)
    Current: (52.3661, 4.9125)
    Correct: (52.3660, 4.9165)
    Address: ARTIS, Plantage Kerklaan 38-40, 1018 CZ Amsterdam, Netherlands
  Checking: Westerkerk... OK (0.0 km)
  Skipping: Amsterdam Airport Schiphol (AMS) (excluded)
  Checking: Stedelijk Museum... OK (0.0 km)
  Checking: Oude Kerk... OK (0.0 km)
  Checking: Eye Filmmuseum... OK (0.0 km)
  Checking: Hortus Botanicus... OK (0.0 km)
  Checking: Moco Museum... OK (0.0 km)
  Checking: Wereldmuseum Amsterdam... NEEDS UPDATE (0.1 km off)
    Current: (52.3619, 4.9216)
    Correct: (52.3628, 4.9227)
    Address: Linnaeusstraat 2, 1092 CK Amsterdam, Netherlands
  Checking: H'ART Museum... OK (0.0 km)
  Checking: Johan Cruijff ArenA... OK (0.0 km)
  ✅ Updated 6 coordinates in file

[255/351] Processing: Europe/Netherlands/Cities/EindhovenAttractions.swift
  Checking: Philips Museum... OK (0.0 km)
  Checking: Strijp-S... NEEDS UPDATE (0.2 km off)
    Current: (51.4486, 5.4573)
    Correct: (51.4466, 5.4575)
    Address: Strijp-S, Eindhoven, Netherlands
  Checking: Van Abbemuseum... OK (0.0 km)
  Skipping: Eindhoven Airport (EIN) (excluded)
  ✅ Updated 1 coordinates in file

[256/351] Processing: Europe/Netherlands/Cities/RotterdamAttractions.swift
  Checking: Erasmus Bridge... NEEDS UPDATE (0.1 km off)
    Current: (51.9089, 4.4853)
    Correct: (51.9090, 4.4871)
    Address: Erasmusbrug, Erasmusbrug, 3011 BN Rotterdam, Netherlands
  Checking: Markthal... OK (0.1 km)
  Checking: Cube Houses... OK (0.0 km)
  Checking: Euromast... OK (0.0 km)
  Checking: Depot Boijmans Van Beuningen... NEEDS UPDATE (0.4 km off)
    Current: (51.9167, 4.475)
    Correct: (51.9138, 4.4711)
    Address: Museumpark 24, 3015 CX Rotterdam, Netherlands
  Checking: Kinderdijk... NEEDS UPDATE (0.3 km off)
    Current: (51.884, 4.6375)
    Correct: (51.8837, 4.6331)
    Address: Kinderdijk, Netherlands
  Checking: Witte de Withstraat... NEEDS UPDATE (0.1 km off)
    Current: (51.9167, 4.4778)
    Correct: (51.9158, 4.4778)
    Address: Witte de Withstraat, 3012 Rotterdam, Netherlands
  Skipping: Rotterdam The Hague Airport (RTM) (excluded)
  Checking: Rotterdam Zoo... OK (0.0 km)
  Checking: SS Rotterdam... NEEDS UPDATE (1.0 km off)
    Current: (51.9015, 4.4608)
    Correct: (51.8977, 4.4734)
    Address: 3e Katendrechtse Hoofd 25, 3072 AM Rotterdam, Netherlands
  Checking: Kunsthal Rotterdam... NEEDS UPDATE (0.3 km off)
    Current: (51.9085, 4.4729)
    Correct: (51.9108, 4.4737)
    Address: Museumpark, Westzeedijk 341, 3015 AA Rotterdam, Netherlands
  Checking: Laurenskerk... NEEDS UPDATE (0.2 km off)
    Current: (51.9213, 4.482)
    Correct: (51.9215, 4.4849)
    Address: Grotekerkplein 15, 3011 GC Rotterdam, Netherlands
  Checking: Maritime Museum Rotterdam... OK (0.1 km)
  Checking: Miniworld Rotterdam... NEEDS UPDATE (0.3 km off)
    Current: (51.9221, 4.4697)
    Correct: (51.9228, 4.4652)
    Address: Weena 745, 3013 AR Rotterdam, Netherlands
  Checking: Historic Delfshaven... NEEDS UPDATE (0.7 km off)
    Current: (51.9095, 4.4475)
    Correct: (51.9049, 4.4540)
    Address: Delfshaven, Rotterdam, Netherlands
  Checking: Hotel New York... OK (0.1 km)
  Checking: De Kuip (Feyenoord Stadium)... OK (0.0 km)
  ✅ Updated 9 coordinates in file

[257/351] Processing: Europe/Netherlands/Cities/TheHagueAttractions.swift
  Checking: Mauritshuis... OK (0.0 km)
  Checking: Binnenhof... OK (0.0 km)
  Checking: Madurodam... NEEDS UPDATE (0.1 km off)
    Current: (52.0994, 4.2974)
    Correct: (52.0991, 4.2990)
    Address: George Maduroplein 1, 2584 RZ Den Haag, Netherlands
  Checking: Scheveningen Pier... NEEDS UPDATE (0.2 km off)
    Current: (52.1158, 4.2801)
    Correct: (52.1158, 4.2827)
    Address: Strandweg 150-154, 2586 JW Den Haag, Netherlands
  Skipping: Rotterdam The Hague Airport (RTM) (excluded)
  ✅ Updated 2 coordinates in file

[258/351] Processing: Europe/Netherlands/Cities/UtrechtAttractions.swift
  Checking: Dom Tower... OK (0.1 km)
  Checking: Castle De Haar... OK (0.0 km)
  Checking: Oudegracht... NEEDS UPDATE (0.5 km off)
    Current: (52.0933, 5.117)
    Correct: (52.0892, 5.1199)
    Address: Oudegracht, 3511 Utrecht, Netherlands
  Skipping: Schiphol Airport (Serving Utrecht) (excluded)
  ✅ Updated 1 coordinates in file

[259/351] Processing: Europe/NorthMacedonia/Cities/BitolaAttractions.swift
  Checking: Shirok Sokak... NEEDS UPDATE (0.7 km off)
    Current: (41.0297, 21.3292)
    Correct: (41.0275, 21.3364)
    Address: Shirok Sokak, Bitola, North Macedonia
  Checking: Heraclea Lyncestis... OK (0.0 km)
  Skipping: Ohrid Airport (Serving Bitola) (excluded)
  ✅ Updated 1 coordinates in file

[260/351] Processing: Europe/NorthMacedonia/Cities/MatkaCanyonAttractions.swift
  Checking: Matka Canyon & Lake... NEEDS UPDATE (0.5 km off)
    Current: (41.954, 21.298)
    Correct: (41.9580, 21.2957)
    Address: X75W+859 Matka Canyon Trail, Skopje 1000, North Macedonia
  Skipping: Skopje Airport (Serving Matka Canyon) (excluded)
  ✅ Updated 1 coordinates in file

[261/351] Processing: Europe/NorthMacedonia/Cities/OhridAttractions.swift
  Checking: Church of St. John at Kaneo... OK (0.0 km)
  Checking: Samuel's Fortress... OK (0.1 km)
  Checking: Lake Ohrid Boardwalk (Potpesh)... NEEDS UPDATE (0.3 km off)
    Current: (41.112, 20.795)
    Correct: (41.1107, 20.7918)
    Address: Beach Potpesh, Ohrid, North Macedonia
  Checking: Ancient Theatre of Ohrid... OK (0.1 km)
  Skipping: Ohrid St. Paul the Apostle Airport (OHD) (excluded)
  ✅ Updated 1 coordinates in file

[262/351] Processing: Europe/NorthMacedonia/Cities/SkopjeAttractions.swift
  Checking: Macedonia Square... OK (0.0 km)
  Checking: Old Bazaar... NEEDS UPDATE (0.3 km off)
    Current: (42.0016, 21.4338)
    Correct: (42.0008, 21.4367)
    Address: MK, Shkupi 1000, North Macedonia
  Checking: Kale Fortress... NEEDS UPDATE (0.2 km off)
    Current: (42.0006, 21.4334)
    Correct: (42.0019, 21.4324)
    Address: Samoilova, Skopje 1000, North Macedonia
  Checking: Mother Teresa Memorial House... OK (0.0 km)
  Skipping: Skopje International Airport (SKP) (excluded)
  ✅ Updated 2 coordinates in file

[263/351] Processing: Europe/NorthernIreland/Cities/BelfastAttractions.swift
  Checking: Titanic Belfast... OK (0.0 km)
  Checking: Crumlin Road Gaol... NEEDS UPDATE (0.2 km off)
    Current: (54.61, -5.94)
    Correct: (54.6090, -5.9424)
    Address: 53-55 Crumlin Rd, Belfast BT14 6ST, UK
  Checking: St. George's Market... OK (0.1 km)
  Checking: Botanic Gardens... NEEDS UPDATE (0.3 km off)
    Current: (54.58, -5.93)
    Correct: (54.5824, -5.9325)
    Address: Botanic Gardens, College Park Ave, Botanic Ave, Belfast BT7 1LP, UK
  Skipping: Belfast International Airport (BFS) (excluded)
  Checking: Ulster Museum... OK (0.1 km)
  Checking: Belfast City Hall... OK (0.0 km)
  Checking: Peace Walls & Murals... NEEDS UPDATE (0.6 km off)
    Current: (54.605, -5.95)
    Correct: (54.6007, -5.9563)
    Address: 11 Bombay St, Belfast BT13 2RX, UK
  Checking: Cave Hill Country Park... NEEDS UPDATE (1.8 km off)
    Current: (54.6333, -5.95)
    Correct: (54.6497, -5.9502)
    Address: Cave Hill Country Park, Antrim Rd, Belfast BT5 5GR, UK
  Checking: Belfast Castle... OK (0.0 km)
  Checking: Cathedral Quarter... OK (0.1 km)
  Checking: SS Nomadic... NEEDS UPDATE (0.1 km off)
    Current: (54.6067, -5.9094)
    Correct: (54.6064, -5.9112)
    Address: Hamilton Dock, Queens Rd, Belfast BT3 9DT, UK
  Checking: Grand Opera House... OK (0.0 km)
  Checking: HMS Caroline... OK (0.1 km)
  Checking: Albert Memorial Clock... OK (0.0 km)
  Checking: Belfast Zoo... NEEDS UPDATE (0.4 km off)
    Current: (54.6578, -5.9389)
    Correct: (54.6546, -5.9427)
    Address: Antrim Rd, Belfast BT36 7PN, UK
  Checking: W5 Interactive Discovery Centre... NEEDS UPDATE (0.2 km off)
    Current: (54.603, -5.915)
    Correct: (54.6047, -5.9155)
    Address: The Odyssey, 2 Queens Quay, Belfast BT3 9QQ, UK
  ✅ Updated 7 coordinates in file

[264/351] Processing: Europe/NorthernIreland/Cities/BushmillsAttractions.swift
  Checking: Giant's Causeway... NEEDS UPDATE (1.2 km off)
    Current: (55.2408, -6.5116)
    Correct: (55.2311, -6.5181)
    Address: Giant's Causeway & Bushmills Railway, 6 Runkerry Rd, Bushmills BT57 8SZ, UK
  Checking: Dunluce Castle... OK (0.1 km)
  Checking: Carrick-a-Rede Rope Bridge... OK (0.0 km)
  Skipping: Belfast International Airport (Serving Bushmills) (excluded)
  ✅ Updated 1 coordinates in file

[265/351] Processing: Europe/NorthernIreland/Cities/DerryAttractions.swift
  Checking: Derry City Walls... NEEDS UPDATE (1.0 km off)
    Current: (54.997, -7.309)
    Correct: (54.9952, -7.3250)
    Address: The Diamond, Londonderry BT48 6HW, UK
  Checking: Peace Bridge... OK (0.1 km)
  Checking: Guildhall... NEEDS UPDATE (0.2 km off)
    Current: (54.999, -7.32)
    Correct: (54.9976, -7.3194)
    Address: Londonderry BT48 7BB, UK
  Skipping: City of Derry Airport (LDY) (excluded)
  ✅ Updated 2 coordinates in file

[266/351] Processing: Europe/Norway/Cities/BergenAttractions.swift
  Checking: Bryggen... OK (0.0 km)
  Checking: Fløibanen Funicular... NEEDS UPDATE (0.3 km off)
    Current: (60.3936, 5.3287)
    Correct: (60.3964, 5.3286)
    Address: Vetrlidsallmenningen 23A, 5014 Bergen, Norway
  Checking: Fish Market... OK (0.0 km)
  Checking: Norway in a Nutshell... OK (0.0 km)
  Checking: KODE Art Museums... NEEDS UPDATE (0.2 km off)
    Current: (60.3914, 5.3289)
    Correct: (60.3892, 5.3290)
    Address: Rasmus Meyers allé 9, 5015 Bergen, Norway
  Skipping: Bergen Airport (BGO) (excluded)
  Checking: Troldhaugen... OK (0.1 km)
  Checking: Bergenhus Fortress... OK (0.0 km)
  Checking: Ulriken643... NEEDS UPDATE (1.0 km off)
    Current: (60.3773, 5.3804)
    Correct: (60.3740, 5.3638)
    Address: Haukelandsbakken 40, 5009 Bergen, Norway
  Checking: Old Bergen Museum... NEEDS UPDATE (2.6 km off)
    Current: (60.4184, 5.309)
    Correct: (60.3952, 5.3136)
    Address: Strangehagen 8, 5011 Bergen, Norway
  Checking: Hanseatic Museum... NEEDS UPDATE (0.1 km off)
    Current: (60.397, 5.3245)
    Correct: (60.3959, 5.3259)
    Address: Finnegården 1a, 5003 Bergen, Norway
  Checking: Fantoft Stave Church... OK (0.0 km)
  Checking: Bergen Aquarium... OK (0.0 km)
  Checking: St. Mary's Church... OK (0.0 km)
  Checking: University Museum of Bergen... NEEDS UPDATE (0.2 km off)
    Current: (60.3883, 5.3216)
    Correct: (60.3869, 5.3203)
    Address: Haakon Sheteligs plass 10, 5007 Bergen, Norway
  Checking: VilVite... NEEDS UPDATE (0.1 km off)
    Current: (60.3817, 5.3323)
    Correct: (60.3816, 5.3297)
    Address: Thormøhlens Gate 51, 5006 Bergen, Norway
  ✅ Updated 7 coordinates in file

[267/351] Processing: Europe/Norway/Cities/OsloAttractions.swift
  Checking: Vigeland Sculpture Park... OK (0.1 km)
  Checking: Viking Ship Museum... OK (0.0 km)
  Checking: Oslo Opera House... OK (0.0 km)
  Checking: The National Gallery... NEEDS UPDATE (1.0 km off)
    Current: (59.9185, 10.7416)
    Correct: (59.9119, 10.7282)
    Address: Dronning Mauds gate 4, 0250 Oslo, Norway
  Checking: Akershus Fortress... OK (0.0 km)
  Checking: Holmenkollen Ski Jump... NEEDS UPDATE (0.2 km off)
    Current: (59.9645, 10.6688)
    Correct: (59.9650, 10.6647)
    Address: Kongeveien 5, 0787 Oslo, Norway
  Checking: Aker Brygge... NEEDS UPDATE (0.3 km off)
    Current: (59.912, 10.73)
    Correct: (59.9100, 10.7258)
    Address: Aker Brygge, Oslo, Norway
  Skipping: Oslo Airport (OSL) (excluded)
  Checking: Munch Museum... OK (0.0 km)
  Checking: Fram Museum... OK (0.0 km)
  Checking: Kon-Tiki Museum... OK (0.0 km)
  Checking: National Museum... OK (0.1 km)
  Checking: Nobel Peace Center... OK (0.0 km)
  Checking: Norsk Folkemuseum... OK (0.1 km)
  Checking: Royal Palace... OK (0.0 km)
  Checking: Mathallen Oslo... OK (0.0 km)
  Checking: Ekebergparken... NEEDS UPDATE (0.2 km off)
    Current: (59.8972, 10.762)
    Correct: (59.8987, 10.7598)
    Address: Ekebergparken, Kongsveien 23, 0193 Oslo, Norway
  Checking: TusenFryd... OK (0.0 km)
  ✅ Updated 4 coordinates in file

[268/351] Processing: Europe/Norway/Cities/StavangerAttractions.swift
  Skipping: Preikestolen (Pulpit Rock) (excluded)
  Checking: Old Stavanger... NEEDS UPDATE (0.3 km off)
    Current: (58.9736, 5.7306)
    Correct: (58.9718, 5.7261)
    Address: Øvre Strandgate, 4005 Stavanger, Norway
  Checking: Norwegian Petroleum Museum... NEEDS UPDATE (0.2 km off)
    Current: (58.9716, 5.7367)
    Correct: (58.9735, 5.7347)
    Address: Kjeringholmen 1a, 4006 Stavanger, Norway
  Checking: Lysefjord Cruise... NEEDS UPDATE (1.3 km off)
    Current: (58.97, 5.7331)
    Correct: (58.9815, 5.7404)
    Address: Halvorstraen, 4077 Stavanger, Norway
  Skipping: Stavanger Airport (SVG) (excluded)
  ✅ Updated 3 coordinates in file

[269/351] Processing: Europe/Norway/Cities/TromsoAttractions.swift
  Checking: Arctic Cathedral... NEEDS UPDATE (1.1 km off)
    Current: (69.6536, 19.0124)
    Correct: (69.6480, 18.9875)
    Address: Hans Nilsens veg 41, 9020 Tromsdalen, Norway
  Checking: Fjellheisen Cable Car... NEEDS UPDATE (1.8 km off)
    Current: (69.6487, 19.0281)
    Correct: (69.6411, 18.9862)
    Address: Sollivegen 12, 9020 Tromsdalen, Norway
  Checking: Northern Lights Tours... NEEDS UPDATE (0.4 km off)
    Current: (69.6492, 18.9553)
    Correct: (69.6526, 18.9529)
    Address: Skolegata 43, 9008 Tromsø, Norway
  Checking: Polaria... NEEDS UPDATE (0.5 km off)
    Current: (69.6478, 18.9558)
    Correct: (69.6437, 18.9498)
    Address: Hjalmar Johansens gate 12, 9007 Tromsø, Norway
  Skipping: Tromsø Airport (TOS) (excluded)
  ✅ Updated 4 coordinates in file

[270/351] Processing: Europe/Poland/Cities/GdanskAttractions.swift
  Checking: Long Market... OK (0.1 km)
  Checking: St. Mary's Church... OK (0.1 km)
  Checking: European Solidarity Centre... NEEDS UPDATE (0.4 km off)
    Current: (54.3619, 18.6564)
    Correct: (54.3613, 18.6497)
    Address: European Solidarity Centre, pI. Solidarności 1, 80-863 Gdańsk, Poland
  Checking: Sopot Pier... NEEDS UPDATE (0.3 km off)
    Current: (54.4483, 18.5744)
    Correct: (54.4465, 18.5720)
    Address: Plac Zdrojowy 2, 81-723 Sopot, Poland
  Skipping: Gdańsk Lech Wałęsa Airport (GDN) (excluded)
  Checking: Museum of the Second World War... OK (0.1 km)
  Checking: The Crane... OK (0.0 km)
  Checking: Mariacka Street... OK (0.0 km)
  Checking: Westerplatte... NEEDS UPDATE (0.1 km off)
    Current: (54.4075, 18.6714)
    Correct: (54.4069, 18.6695)
    Address: Westerplatte, Gdańsk, Poland
  Checking: Oliwa Cathedral... OK (0.1 km)
  Checking: Artus Court... OK (0.0 km)
  Checking: Main Town Hall... OK (0.0 km)
  Checking: Amber Museum... NEEDS UPDATE (0.1 km off)
    Current: (54.3546, 18.6517)
    Correct: (54.3540, 18.6500)
    Address: Wielkie Młyny 16, 80-849 Gdańsk, Poland
  ✅ Updated 4 coordinates in file

[271/351] Processing: Europe/Poland/Cities/KrakowAttractions.swift
  Checking: Wawel Castle... OK (0.0 km)
  Checking: Main Market Square... OK (0.0 km)
  Skipping: Auschwitz-Birkenau (excluded)
  Checking: Kazimierz (Jewish Quarter)... NEEDS UPDATE (0.3 km off)
    Current: (50.0511, 19.9442)
    Correct: (50.0486, 19.9447)
    Address: Kazimierz, Kraków, Poland
  Checking: Wieliczka Salt Mine... OK (0.0 km)
  Checking: Oskar Schindler's Enamel Factory... OK (0.0 km)
  Skipping: Kraków John Paul II Airport (KRK) (excluded)
  Checking: St. Mary's Basilica... OK (0.0 km)
  Checking: Cloth Hall... OK (0.0 km)
  Checking: Rynek Underground... OK (0.0 km)
  Checking: Planty Park... NEEDS UPDATE (0.1 km off)
    Current: (50.06, 19.94)
    Correct: (50.0599, 19.9414)
    Address: Planty, 31-041 Kraków, Poland
  Checking: Collegium Maius... OK (0.0 km)
  Checking: MOCAK... OK (0.1 km)
  Checking: Kościuszko Mound... OK (0.0 km)
  Checking: Ghetto Heroes Square... OK (0.0 km)
  ✅ Updated 2 coordinates in file

[272/351] Processing: Europe/Poland/Cities/WarsawAttractions.swift
  Checking: Old Town... NEEDS UPDATE (0.2 km off)
    Current: (52.2496, 21.0122)
    Correct: (52.2477, 21.0136)
    Address: Warsaw Old Town, Warsaw, Poland
  Checking: Royal Castle... OK (0.0 km)
  Checking: Lazienki Park... NEEDS UPDATE (0.2 km off)
    Current: (52.2153, 21.0355)
    Correct: (52.2147, 21.0329)
    Address: Royal Baths Park, Agrykola 1, 00-460 Warszawa, Poland
  Checking: Warsaw Uprising Museum... OK (0.0 km)
  Checking: Palace of Culture and Science... OK (0.0 km)
  Skipping: Warsaw Chopin Airport (WAW) (excluded)
  Checking: POLIN Museum... OK (0.0 km)
  Checking: Wilanów Palace... OK (0.1 km)
  Checking: Copernicus Science Centre... OK (0.0 km)
  Checking: Vistula Boulevards... NEEDS UPDATE (0.3 km off)
    Current: (52.242, 21.026)
    Correct: (52.2447, 21.0253)
    Address: Vistula Boulevards, Generała George’a Smitha Pattona, 00-401 Warszawa, Poland
  Checking: Praga District... NEEDS UPDATE (0.7 km off)
    Current: (52.253, 21.035)
    Correct: (52.2472, 21.0344)
    Address: Praga, Warsaw, Poland
  Checking: Fryderyk Chopin Museum... OK (0.1 km)
  Checking: Neon Museum... NEEDS UPDATE (3.9 km off)
    Current: (52.2497, 21.056)
    Correct: (52.2318, 21.0068)
    Address: pl. Defilad 1, 00-901 Warszawa, Poland
  Checking: National Museum... OK (0.1 km)
  Checking: Barbican & City Walls... NEEDS UPDATE (0.4 km off)
    Current: (52.2514, 21.0107)
    Correct: (52.2476, 21.0130)
    Address: 00-001 Warsaw, Poland
  Checking: Saxon Garden... OK (0.1 km)
  ✅ Updated 6 coordinates in file

[273/351] Processing: Europe/Poland/Cities/WroclawAttractions.swift
  Checking: Market Square... OK (0.1 km)
  Checking: Wrocław Dwarfs... NEEDS UPDATE (0.1 km off)
    Current: (51.11, 17.0319)
    Correct: (51.1089, 17.0329)
    Address: Świdnicka 1, 53-319 Wrocław, Poland
  Checking: Cathedral Island... OK (0.0 km)
  Checking: Centennial Hall... OK (0.0 km)
  Skipping: Wrocław Copernicus Airport (WRO) (excluded)
  ✅ Updated 1 coordinates in file

[274/351] Processing: Europe/Portugal/Cities/AlgarveAttractions.swift
  Checking: Benagil Cave... NEEDS UPDATE (0.4 km off)
    Current: (37.0873, -8.4234)
    Correct: (37.0872, -8.4277)
    Address: Benagil, 8400 Carvoeiro, Portugal
  Checking: Ponta da Piedade... NEEDS UPDATE (0.2 km off)
    Current: (37.0817, -8.6684)
    Correct: (37.0799, -8.6686)
    Address: Estr. da Ponta da Piedade, 8600-544 Lagos, Portugal
  Checking: Lagos Old Town... NEEDS UPDATE (0.3 km off)
    Current: (37.1018, -8.673)
    Correct: (37.1000, -8.6748)
    Address: R. João Bonança 10, 8600-598 Lagos, Portugal
  Checking: Praia da Marinha... NEEDS UPDATE (0.2 km off)
    Current: (37.09, -8.4108)
    Correct: (37.0897, -8.4131)
    Address: Marinha Beach, Portugal
  Checking: Seven Hanging Valleys Trail... OK (0.0 km)
  Checking: Faro Old Town... NEEDS UPDATE (0.3 km off)
    Current: (37.0136, -7.9347)
    Correct: (37.0165, -7.9352)
    Address: 8000-470 Faro, Portugal
  Checking: Ria Formosa Natural Park... OK (0.0 km)
  Skipping: Faro Airport (FAO) (excluded)
  ✅ Updated 5 coordinates in file

[275/351] Processing: Europe/Portugal/Cities/CoimbraAttractions.swift
  Checking: University of Coimbra... OK (0.0 km)
  Checking: Joanina Library... OK (0.0 km)
  Checking: Old Cathedral of Coimbra... OK (0.1 km)
  Checking: Monastery of Santa Cruz... OK (0.1 km)
  Checking: Portugal dos Pequenitos... NEEDS UPDATE (0.4 km off)
    Current: (40.2, -8.4313)
    Correct: (40.2023, -8.4344)
    Address: Portugal dos Pequenitos, Largo Rossio de Santa Clara, 3040-256 Coimbra, Portugal
  Checking: Coimbra Fado... NEEDS UPDATE (0.2 km off)
    Current: (40.2089, -8.4263)
    Correct: (40.2089, -8.4284)
    Address: R. Quebra Costas 7, 3000-340 Coimbra, Portugal
  Skipping: Porto Airport (Serving Coimbra) (excluded)
  ✅ Updated 2 coordinates in file

[276/351] Processing: Europe/Portugal/Cities/LisbonAttractions.swift
  Checking: Belém Tower... OK (0.0 km)
  Checking: Jerónimos Monastery... OK (0.0 km)
  Checking: São Jorge Castle... OK (0.0 km)
  Checking: Tram 28... NEEDS UPDATE (0.4 km off)
    Current: (38.7139, -9.1398)
    Correct: (38.7152, -9.1361)
    Address: Praça Martim Moniz 577, 1100-341 Lisboa, Portugal
  Checking: Praça do Comércio... OK (0.1 km)
  Checking: Alfama District... OK (0.1 km)
  Checking: Lisbon Oceanarium... OK (0.0 km)
  Checking: Santa Justa Lift... OK (0.0 km)
  Skipping: Lisbon Humberto Delgado Airport (LIS) (excluded)
  Checking: LX Factory... OK (0.0 km)
  Checking: Time Out Market... OK (0.1 km)
  Checking: National Coach Museum... OK (0.1 km)
  Checking: MAAT... OK (0.1 km)
  Checking: Calouste Gulbenkian Museum... NEEDS UPDATE (0.1 km off)
    Current: (38.7368, -9.1544)
    Correct: (38.7378, -9.1535)
    Address: Av. de Berna 45A, 1067-001 Lisboa, Portugal
  Checking: Padrão dos Descobrimentos... OK (0.0 km)
  Checking: National Tile Museum... OK (0.1 km)
  Checking: National Pantheon... OK (0.0 km)
  ✅ Updated 2 coordinates in file

[277/351] Processing: Europe/Portugal/Cities/PortoAttractions.swift
  Checking: Livraria Lello... OK (0.0 km)
  Checking: Clérigos Tower... OK (0.0 km)
  Checking: São Bento Railway Station... OK (0.1 km)
  Checking: Ribeira District... NEEDS UPDATE (0.4 km off)
    Current: (41.1406, -8.6131)
    Correct: (41.1433, -8.6103)
    Address: Ribeira, Porto, Portugal
  Checking: Dom Luís I Bridge... OK (0.0 km)
  Checking: Port Wine Cellars... NEEDS UPDATE (0.3 km off)
    Current: (41.1377, -8.6156)
    Correct: (41.1354, -8.6143)
    Address: Rua do Choupelo 54, 4400-187 Vila Nova de Gaia, Portugal
  Checking: Bolhão Market... OK (0.1 km)
  Skipping: Francisco Sá Carneiro Airport (OPO) (excluded)
  Checking: Porto Cathedral... OK (0.0 km)
  Checking: Palácio da Bolsa... OK (0.0 km)
  Checking: Serralves Foundation... NEEDS UPDATE (0.2 km off)
    Current: (41.1598, -8.6599)
    Correct: (41.1590, -8.6581)
    Address: Parque de Serralves, R. Dom João de Castro 210, 4150-417 Porto, Portugal
  Checking: Casa da Música... OK (0.0 km)
  Checking: Jardim do Morro... OK (0.0 km)
  Checking: Church of São Francisco... OK (0.0 km)
  Checking: Foz do Douro... NEEDS UPDATE (0.7 km off)
    Current: (41.1481, -8.6677)
    Correct: (41.1518, -8.6746)
    Address: 4150 Foz do Douro, Portugal
  Checking: Crystal Palace Gardens... OK (0.1 km)
  ✅ Updated 4 coordinates in file

[278/351] Processing: Europe/Portugal/Cities/SintraAttractions.swift
  Checking: Pena Palace... OK (0.0 km)
  Checking: Quinta da Regaleira... OK (0.0 km)
  Checking: Moorish Castle... OK (0.0 km)
  Checking: National Palace of Sintra... OK (0.0 km)
  Checking: Monserrate Palace... NEEDS UPDATE (0.3 km off)
    Current: (38.7915, -9.4194)
    Correct: (38.7942, -9.4206)
    Address: R. Barbosa du Bocage 136, 2710-405 Sintra, Portugal
  Checking: Cabo da Roca... OK (0.1 km)
  Skipping: Lisbon Airport (Serving Sintra) (excluded)
  ✅ Updated 1 coordinates in file

[279/351] Processing: Europe/Romania/Cities/BrasovAttractions.swift
  Checking: Bran Castle... OK (0.0 km)
  Checking: Black Church... OK (0.1 km)
  Checking: Council Square... OK (0.0 km)
  Checking: Tampa Mountain... NEEDS UPDATE (0.8 km off)
    Current: (45.6397, 25.5989)
    Correct: (45.6341, 25.5928)
    Address: Tâmpa, Brașov, Romania
  Skipping: Brașov-Ghimbav Airport (GHV) (excluded)
  ✅ Updated 1 coordinates in file

[280/351] Processing: Europe/Romania/Cities/BucharestAttractions.swift
  Checking: Palace of the Parliament... OK (0.0 km)
  Checking: Old Town (Lipscani)... NEEDS UPDATE (0.1 km off)
    Current: (44.4322, 26.101)
    Correct: (44.4330, 26.1024)
    Address: Old Town, Bucharest, Romania
  Checking: Romanian Athenaeum... OK (0.0 km)
  Checking: Village Museum... OK (0.0 km)
  Checking: Revolution Square... NEEDS UPDATE (0.1 km off)
    Current: (44.4397, 26.0961)
    Correct: (44.4392, 26.0977)
    Address: Piața Revoluției, București, Romania
  Skipping: Henri Coandă International Airport (OTP) (excluded)
  Checking: Arcul de Triumf... OK (0.0 km)
  Checking: Stavropoleos Monastery... OK (0.0 km)
  Checking: Cismigiu Gardens... OK (0.1 km)
  Checking: National Museum of Art... OK (0.0 km)
  Checking: Antipa Museum... OK (0.0 km)
  Checking: Cărturești Carusel... OK (0.1 km)
  Checking: The Spring Palace... NEEDS UPDATE (0.2 km off)
    Current: (44.4697, 26.0906)
    Correct: (44.4692, 26.0925)
    Address: Bulevardul Primăverii 50, București 014192, Romania
  Checking: Curtea Veche... OK (0.1 km)
  ✅ Updated 3 coordinates in file

[281/351] Processing: Europe/Romania/Cities/ClujNapocaAttractions.swift
  Checking: St. Michael's Church... OK (0.1 km)
  Checking: Union Square... NEEDS UPDATE (0.2 km off)
    Current: (46.7711, 23.5896)
    Correct: (46.7694, 23.5900)
    Address: Piața Unirii, Cluj-Napoca, Romania
  Checking: Central Park... NEEDS UPDATE (0.6 km off)
    Current: (46.7672, 23.5869)
    Correct: (46.7717, 23.5834)
    Address: Central Park Simion Bărnuțiu, Parcul Central, Cluj-Napoca, Romania
  Checking: Botanical Garden... NEEDS UPDATE (0.5 km off)
    Current: (46.7583, 23.5878)
    Correct: (46.7625, 23.5885)
    Address: Alexandru Borza Botanical Garden, Str. Republicii 42, Cluj-Napoca 400015, Romania
  Skipping: Avram Iancu Cluj International Airport (CLJ) (excluded)
  ✅ Updated 3 coordinates in file

[282/351] Processing: Europe/Romania/Cities/SibiuAttractions.swift
  Checking: Grand Square... OK (0.1 km)
  Checking: Bridge of Lies... NEEDS UPDATE (0.2 km off)
    Current: (45.7969, 24.15)
    Correct: (45.7983, 24.1508)
    Address: The Bridge of Lies, Piața Mică, Sibiu 550182, Romania
  Checking: Brukenthal National Museum... NEEDS UPDATE (0.1 km off)
    Current: (45.7975, 24.1511)
    Correct: (45.7966, 24.1507)
    Address: Piața Mare 4 - 5, Sibiu 550163, Romania
  Checking: ASTRA Open Air Museum... NEEDS UPDATE (4.2 km off)
    Current: (45.7556, 24.0992)
    Correct: (45.7808, 24.1402)
    Address: Unnamed Road, Sibiu 557260, Romania
  Skipping: Sibiu International Airport (SBZ) (excluded)
  ✅ Updated 3 coordinates in file

[283/351] Processing: Europe/Russia/Cities/KazanAttractions.swift
  Checking: Kazan Kremlin... NEEDS UPDATE (0.3 km off)
    Current: (55.7963, 49.1066)
    Correct: (55.7994, 49.1060)
    Address: Kazan, Republic of Tatarstan, Russia, 420014
  Checking: Kul Sharif Mosque... OK (0.0 km)
  Checking: Bauman Street... NEEDS UPDATE (0.7 km off)
    Current: (55.7921, 49.1118)
    Correct: (55.7883, 49.1198)
    Address: Bauman St, Kazan, Respublika Tatarstan, Russia
  Checking: Temple of All Religions... OK (0.0 km)
  Skipping: Kazan International Airport (KZN) (excluded)
  ✅ Updated 2 coordinates in file

[284/351] Processing: Europe/Russia/Cities/MoscowAttractions.swift
  Checking: Red Square... OK (0.1 km)
  Checking: The Moscow Kremlin... NEEDS UPDATE (0.1 km off)
    Current: (55.752, 37.6175)
    Correct: (55.7510, 37.6176)
    Address: Moscow, Russia, 103132
  Checking: St. Basil's Cathedral... OK (0.0 km)
  Checking: Bolshoi Theatre... OK (0.0 km)
  Checking: Moscow Metro... OK (0.0 km)
  Checking: Gorky Park... NEEDS UPDATE (0.1 km off)
    Current: (55.7295, 37.6015)
    Correct: (55.7284, 37.6013)
    Address: Gorky Central Park of Culture and Leisure, Krymsky Val, 9, Moskva, Russia, 119049
  Skipping: Sheremetyevo International Airport (SVO) (excluded)
  Checking: The State Tretyakov Gallery... OK (0.1 km)
  Checking: Cathedral of Christ the Saviour... OK (0.0 km)
  Checking: Lenin's Mausoleum... OK (0.0 km)
  Checking: Arbat Street... OK (0.1 km)
  Checking: VDNKh (All-Russian Exhibition Center)... NEEDS UPDATE (0.8 km off)
    Current: (55.826, 37.638)
    Correct: (55.8310, 37.6298)
    Address: All-Russian Exhibition Center, Prospekt Mira, 119, Moskva, Russia, 129223
  Checking: Museum of Cosmonautics... OK (0.1 km)
  Checking: Zaryadye Park... OK (0.1 km)
  Checking: Novodevichy Convent... NEEDS UPDATE (0.2 km off)
    Current: (55.7275, 37.555)
    Correct: (55.7262, 37.5564)
    Address: Novodevichy Passage, 1, Moskva, Russia, 119435
  Checking: Kolomenskoye... NEEDS UPDATE (0.3 km off)
    Current: (55.67, 37.665)
    Correct: (55.6704, 37.6695)
    Address: Kolomenskoye, prospekt Andropova, 39, Moskva, Russia, 115487
  Checking: Moscow City (Business Center)... OK (0.0 km)
  ✅ Updated 5 coordinates in file

[285/351] Processing: Europe/Russia/Cities/SochiAttractions.swift
  Checking: Rosa Khutor... OK (0.0 km)
  Checking: Sochi Olympic Park... NEEDS UPDATE (0.4 km off)
    Current: (43.4022, 39.9561)
    Correct: (43.4056, 39.9544)
    Address: Олимпийский Парк, ул. Просвещения, Bolshoy Sochi, Krasnodarskiy kray, Russia, 354340
  Checking: Sochi Arboretum (Dendrarium)... NEEDS UPDATE (3.5 km off)
    Current: (43.5724, 39.7431)
    Correct: (43.6028, 39.7342)
    Address: Sochi, Krasnodar Krai, Russia
  Skipping: Sochi International Airport (AER) (excluded)
  ✅ Updated 2 coordinates in file

[286/351] Processing: Europe/Russia/Cities/StPetersburgAttractions.swift
  Checking: The State Hermitage Museum... OK (0.0 km)
  Checking: Church of the Savior on Spilled Blood... OK (0.0 km)
  Checking: Peterhof Palace... OK (0.0 km)
  Checking: Peter and Paul Fortress... OK (0.1 km)
  Checking: Catherine Palace... OK (0.0 km)
  Skipping: Pulkovo Airport (LED) (excluded)
  Checking: St. Isaac's Cathedral... OK (0.0 km)
  Checking: Nevsky Prospect... NEEDS UPDATE (2.0 km off)
    Current: (59.935, 30.325)
    Correct: (59.9312, 30.3605)
    Address: Nevsky pr., Sankt-Peterburg, Russia
  Checking: Kazan Cathedral... NEEDS UPDATE (0.1 km off)
    Current: (59.9345, 30.325)
    Correct: (59.9336, 30.3234)
    Address: Kazanskaya ploshchad, 2, Sankt-Peterburg, Russia, 191186
  Checking: State Russian Museum... OK (0.0 km)
  Checking: Fabergé Museum... OK (0.0 km)
  Checking: Mariinsky Theatre... OK (0.0 km)
  Checking: Yusupov Palace... NEEDS UPDATE (0.5 km off)
    Current: (59.932, 30.299)
    Correct: (59.9279, 30.3003)
    Address: Ulitsa Dekabristov, 21, Sankt-Peterburg, Russia, 190000
  Checking: Cruiser Aurora... OK (0.0 km)
  Checking: Palace Square... OK (0.1 km)
  Checking: Bronze Horseman... OK (0.0 km)
  ✅ Updated 3 coordinates in file

[287/351] Processing: Europe/SanMarino/Cities/SanMarinoCityAttractions.swift
  Checking: Three Towers of San Marino... OK (0.0 km)
  Checking: Piazza della Libertà... NEEDS UPDATE (0.3 km off)
    Current: (43.934, 12.447)
    Correct: (43.9366, 12.4467)
    Address: Piazza della Libertà, 47890 Città di San Marino, San Marino
  Skipping: Rimini Airport (Serving San Marino) (excluded)
  Checking: Basilica di San Marino... OK (0.1 km)
  Checking: Cable Car... NEEDS UPDATE (0.3 km off)
    Current: (43.938, 12.447)
    Correct: (43.9404, 12.4456)
    Address: Piazzale Campo della Fiera, 1, 47893 Borgo Maggiore, San Marino
  Checking: San Marino State Museum... NEEDS UPDATE (0.3 km off)
    Current: (43.9335, 12.4465)
    Correct: (43.9360, 12.4466)
    Address: Piazzetta del Titano, 1, 47890 Città di San Marino, San Marino
  Checking: Museum of Curiosities... NEEDS UPDATE (0.4 km off)
    Current: (43.932, 12.446)
    Correct: (43.9356, 12.4473)
    Address: 47890 San Marino
  Checking: Torture Museum... OK (0.1 km)
  Checking: Witches' Path... NEEDS UPDATE (0.2 km off)
    Current: (43.9345, 12.449)
    Correct: (43.9356, 12.4473)
    Address: 47890 San Marino
  Checking: Crossbowmen's Quarry... OK (0.0 km)
  Checking: Montale Tower... NEEDS UPDATE (0.4 km off)
    Current: (43.933, 12.451)
    Correct: (43.9356, 12.4473)
    Address: 47890 San Marino
  Checking: San Marino Adventures... NEEDS UPDATE (0.3 km off)
    Current: (43.945, 12.43)
    Correct: (43.9431, 12.4280)
    Address: Parco di Montecerreto, 47890 Città di San Marino, San Marino
  Checking: Consorzio Vini Tipici... NEEDS UPDATE (1.0 km off)
    Current: (43.95, 12.46)
    Correct: (43.9408, 12.4582)
    Address: Strada Serrabolino, 89, 47893 Valdragone, San Marino
  ✅ Updated 8 coordinates in file

[288/351] Processing: Europe/Scotland/Cities/EdinburghAttractions.swift
  Checking: Edinburgh Castle... OK (0.0 km)
  Checking: Royal Mile... NEEDS UPDATE (0.2 km off)
    Current: (55.9504, -3.1904)
    Correct: (55.9501, -3.1880)
    Address: Edinburgh EH1 1QS, UK
  Checking: Arthur's Seat... OK (0.0 km)
  Checking: Palace of Holyroodhouse... OK (0.0 km)
  Checking: National Museum of Scotland... OK (0.0 km)
  Checking: Calton Hill... OK (0.0 km)
  Checking: Scotch Whisky Experience... OK (0.0 km)
  Skipping: Edinburgh Airport (EDI) (excluded)
  Checking: Royal Yacht Britannia... OK (0.0 km)
  Checking: Royal Botanic Garden Edinburgh... OK (0.1 km)
  Checking: Camera Obscura & World of Illusions... OK (0.0 km)
  Checking: St Giles' Cathedral... OK (0.0 km)
  Checking: Scottish National Gallery... OK (0.0 km)
  Checking: Dean Village... NEEDS UPDATE (0.7 km off)
    Current: (55.9525, -3.2185)
    Correct: (55.9581, -3.2121)
    Address: Dean St, Edinburgh EH4, UK
  Checking: The Real Mary King's Close... OK (0.0 km)
  Checking: Scottish Parliament Building... OK (0.0 km)
  ✅ Updated 2 coordinates in file

[289/351] Processing: Europe/Scotland/Cities/GlasgowAttractions.swift
  Checking: Kelvingrove Art Gallery and Museum... OK (0.0 km)
  Checking: Glasgow Cathedral... OK (0.1 km)
  Checking: The Riverside Museum... OK (0.0 km)
  Checking: George Square... OK (0.0 km)
  Checking: Buchanan Street... NEEDS UPDATE (0.2 km off)
    Current: (55.8595, -4.2534)
    Correct: (55.8612, -4.2539)
    Address: Buchanan St, Glasgow, UK
  Skipping: Glasgow Airport (GLA) (excluded)
  Checking: University of Glasgow... NEEDS UPDATE (2.2 km off)
    Current: (55.8721, -4.2882)
    Correct: (55.8617, -4.2583)
    Address: Glasgow, UK
  Checking: The Necropolis... NEEDS UPDATE (0.3 km off)
    Current: (55.8614, -4.2276)
    Correct: (55.8627, -4.2311)
    Address: Castle St, Glasgow G4 0UZ, UK
  Checking: Barras Market... NEEDS UPDATE (0.6 km off)
    Current: (55.85, -4.2333)
    Correct: (55.8551, -4.2372)
    Address: 244 Gallowgate, Glasgow G4 0TT, UK
  Checking: Pollok Country Park... NEEDS UPDATE (0.2 km off)
    Current: (55.8292, -4.3142)
    Correct: (55.8310, -4.3125)
    Address: Pollok Country Park, 2060 Pollokshaws Rd, Bellahouston, Glasgow G43 1AT, UK
  Checking: Glasgow Botanic Gardens... NEEDS UPDATE (0.3 km off)
    Current: (55.8778, -4.2886)
    Correct: (55.8797, -4.2912)
    Address: Glasgow Botanic Gardens, 730 Great Western Rd, Glasgow G12 0UE, UK
  ✅ Updated 6 coordinates in file

[290/351] Processing: Europe/Scotland/Cities/InvernessAttractions.swift
  Skipping: Loch Ness (excluded)
  Skipping: Urquhart Castle (excluded)
  Checking: Inverness Castle... OK (0.1 km)
  Checking: Culloden Battlefield... OK (0.0 km)
  Skipping: Inverness Airport (INV) (excluded)
  Checking: Clava Cairns... NEEDS UPDATE (0.4 km off)
    Current: (57.475, -4.0667)
    Correct: (57.4735, -4.0732)
    Address: Inverness IV2 5EU, UK
  Checking: Inverness Cathedral... NEEDS UPDATE (0.1 km off)
    Current: (57.4756, -4.2283)
    Correct: (57.4745, -4.2291)
    Address: Ardross St, Inverness IV3 5NN, UK
  Checking: Ness Islands... NEEDS UPDATE (0.5 km off)
    Current: (57.4694, -4.2306)
    Correct: (57.4645, -4.2299)
    Address: Ness Islands, Great Glen Way, Inverness IV2 4QS, UK
  Skipping: Loch Ness Exhibition Centre (excluded)
  Checking: Cawdor Castle... NEEDS UPDATE (0.2 km off)
    Current: (57.5225, -3.9256)
    Correct: (57.5241, -3.9265)
    Address: Cawdor Castle and Gardens, B9090, Cawdor, Nairn IV12 5RD, UK
  ✅ Updated 4 coordinates in file

[291/351] Processing: Europe/Scotland/Cities/StAndrewsAttractions.swift
  Checking: The Old Course... OK (0.1 km)
  Checking: St Andrews Cathedral... OK (0.1 km)
  Checking: St Andrews Castle... NEEDS UPDATE (0.2 km off)
    Current: (56.3406, -2.7882)
    Correct: (56.3422, -2.7902)
    Address: The Scores, St Andrews KY16 9AR, UK
  Checking: West Sands Beach... NEEDS UPDATE (0.9 km off)
    Current: (56.3489, -2.8167)
    Correct: (56.3556, -2.8087)
    Address: West Sands Beach KY16, UK
  Skipping: Edinburgh Airport (Serving St Andrews) (excluded)
  Checking: University of St Andrews... OK (0.0 km)
  Checking: Swilcan Bridge... NEEDS UPDATE (0.4 km off)
    Current: (56.3428, -2.8011)
    Correct: (56.3431, -2.8070)
    Address: 17 The Links, St Andrews KY16 9JE, UK
  Checking: British Golf Museum... OK (0.1 km)
  Checking: St Andrews Aquarium... NEEDS UPDATE (1.0 km off)
    Current: (56.3381, -2.7867)
    Correct: (56.3437, -2.7999)
    Address: The Scores, St Andrews KY16 9AS, UK
  ✅ Updated 4 coordinates in file

[292/351] Processing: Europe/Serbia/Cities/BelgradeAttractions.swift
  Checking: Belgrade Fortress (Kalemegdan)... OK (0.1 km)
  Checking: Skadarlija... NEEDS UPDATE (0.2 km off)
    Current: (44.8172, 20.4622)
    Correct: (44.8178, 20.4647)
    Address: Skadarlija, Belgrade, Serbia
  Checking: Temple of Saint Sava... OK (0.1 km)
  Checking: Ada Ciganlija... NEEDS UPDATE (0.5 km off)
    Current: (44.7878, 20.4056)
    Correct: (44.7923, 20.4059)
    Address: Ada Ciganlija, Beograd, Serbia
  Checking: Knez Mihailova Street... NEEDS UPDATE (0.1 km off)
    Current: (44.8186, 20.4563)
    Correct: (44.8177, 20.4570)
    Address: Kneza Mihaila, Beograd, Serbia
  Skipping: Belgrade Nikola Tesla Airport (BEG) (excluded)
  Checking: Nikola Tesla Museum... OK (0.0 km)
  Checking: Zemun & Gardoš Tower... OK (0.0 km)
  Checking: Republic Square... OK (0.0 km)
  Checking: National Museum of Serbia... OK (0.0 km)
  Checking: Museum of Yugoslavia... NEEDS UPDATE (0.1 km off)
    Current: (44.7871, 20.4533)
    Correct: (44.7879, 20.4520)
    Address: Михаила Мике Јанковића 6, Београд 11000, Serbia
  Checking: Avala Tower... OK (0.0 km)
  Checking: St. Mark's Church... OK (0.0 km)
  Checking: Beton Hala... OK (0.1 km)
  Checking: Western City Gate (Genex Tower)... OK (0.0 km)
  Checking: Ružica Church... OK (0.1 km)
  ✅ Updated 4 coordinates in file

[293/351] Processing: Europe/Serbia/Cities/NisAttractions.swift
  Checking: Niš Fortress... NEEDS UPDATE (0.3 km off)
    Current: (43.3233, 21.8956)
    Correct: (43.3260, 21.8954)
    Address: Đuke Dinić, Niš 18000, Serbia
  Checking: Skull Tower... NEEDS UPDATE (0.7 km off)
    Current: (43.3142, 21.9156)
    Correct: (43.3121, 21.9238)
    Address: 8W6F+RG, Bulevar Dr Zorana Đinđića, Niš, Serbia
  Checking: Mediana... NEEDS UPDATE (2.5 km off)
    Current: (43.3128, 21.9378)
    Correct: (43.3176, 21.9079)
    Address: Medijana, Serbia
  Checking: King Milan Square... NEEDS UPDATE (0.3 km off)
    Current: (43.3197, 21.8983)
    Correct: (43.3214, 21.8958)
    Address: Generala Milojka Lešjanina 8, Niš, Serbia
  Skipping: Constantine the Great Airport (INI) (excluded)
  ✅ Updated 4 coordinates in file

[294/351] Processing: Europe/Serbia/Cities/NoviSadAttractions.swift
  Checking: Petrovaradin Fortress... OK (0.1 km)
  Checking: Liberty Square... NEEDS UPDATE (0.2 km off)
    Current: (45.2551, 19.8428)
    Correct: (45.2547, 19.8453)
    Address: Trg slobode 4, Novi Sad 21000, Serbia
  Checking: Strand Beach... NEEDS UPDATE (2.7 km off)
    Current: (45.2583, 19.865)
    Correct: (45.2369, 19.8490)
    Address: Novi Sad 21000, Serbia
  Checking: Dunavska Street... NEEDS UPDATE (0.4 km off)
    Current: (45.2569, 19.8467)
    Correct: (45.2562, 19.8512)
    Address: Dunavska, Novi Sad, Serbia
  Skipping: Belgrade Airport (Serving Novi Sad) (excluded)
  ✅ Updated 3 coordinates in file

[295/351] Processing: Europe/Serbia/Cities/SuboticaAttractions.swift
  Checking: City Hall... NEEDS UPDATE (0.1 km off)
    Current: (46.1006, 19.6656)
    Correct: (46.0997, 19.6646)
    Address: Trg Slobode 1, Subotica 24000, Serbia
  Checking: Synagogue of Subotica... NEEDS UPDATE (0.2 km off)
    Current: (46.1, 19.6636)
    Correct: (46.1014, 19.6612)
    Address: Trg Jakaba i Komora 6, Subotica 24000, Serbia
  Checking: Palić Lake... NEEDS UPDATE (3.1 km off)
    Current: (46.0989, 19.7653)
    Correct: (46.0724, 19.7540)
    Address: Palic Lake, Palić, Serbia
  Checking: Raichle Palace... NEEDS UPDATE (0.4 km off)
    Current: (46.1017, 19.6636)
    Correct: (46.1016, 19.6687)
    Address: Park Rajhl Ferenca 5, Subotica 24000, Serbia
  Skipping: Belgrade or Budapest Airport (excluded)
  ✅ Updated 4 coordinates in file

[296/351] Processing: Europe/Slovakia/Cities/BojniceAttractions.swift
  Checking: Bojnice Castle... OK (0.1 km)
  Checking: National Zoo Bojnice... NEEDS UPDATE (0.3 km off)
    Current: (48.781, 18.574)
    Correct: (48.7812, 18.5775)
    Address: Zámok a okolie 939/6, 972 01 Bojnice, Slovakia
  Skipping: Bratislava Airport (Serving Bojnice) (excluded)
  ✅ Updated 1 coordinates in file

[297/351] Processing: Europe/Slovakia/Cities/BratislavaAttractions.swift
  Checking: Bratislava Castle... OK (0.0 km)
  Checking: St. Martin's Cathedral... OK (0.0 km)
  Checking: UFO Bridge (SNP Bridge)... NEEDS UPDATE (0.2 km off)
    Current: (48.1368, 17.1044)
    Correct: (48.1383, 17.1046)
    Address: Most SNP, Bratislava, Slovakia
  Checking: Blue Church... OK (0.0 km)
  Checking: Devin Castle... OK (0.0 km)
  Skipping: M. R. Štefánik Airport (BTS) (excluded)
  Checking: Michael's Gate... OK (0.0 km)
  Checking: Primate's Palace... NEEDS UPDATE (0.1 km off)
    Current: (48.1448, 17.1086)
    Correct: (48.1439, 17.1097)
    Address: Primaciálne námestie 2, 811 01 Bratislava, Slovakia
  Checking: Old Town Hall... OK (0.0 km)
  Checking: Slavín War Memorial... OK (0.0 km)
  Checking: Danubiana Meulensteen Art Museum... OK (0.0 km)
  Checking: Grassalkovich Palace... OK (0.0 km)
  Checking: Slovak Radio Building... OK (0.1 km)
  Checking: Čumil (Man at Work)... OK (0.0 km)
  Checking: Slovak National Theatre... NEEDS UPDATE (1.0 km off)
    Current: (48.1424, 17.1105)
    Correct: (48.1419, 17.1235)
    Address: Pribinova 17, 819 01 Bratislava-Staré Mesto, Slovakia
  ✅ Updated 3 coordinates in file

[298/351] Processing: Europe/Slovakia/Cities/HighTatrasAttractions.swift
  Checking: Štrbské Pleso... NEEDS UPDATE (0.2 km off)
    Current: (49.1215, 20.0626)
    Correct: (49.1194, 20.0630)
    Address: Štrbské Pleso, 059 85 Vysoké Tatry, Slovakia
  Checking: Lomnický štít... OK (0.0 km)
  Checking: Hrebienok... NEEDS UPDATE (0.1 km off)
    Current: (49.1585, 20.2235)
    Correct: (49.1585, 20.2249)
    Address: Vysoké Tatry - Hrebienok, Vysoké Tatry 48, 062 01 Vysoké Tatry, Slovakia
  Skipping: Poprad-Tatry Airport (TAT) (excluded)
  ✅ Updated 2 coordinates in file

[299/351] Processing: Europe/Slovakia/Cities/KosiceAttractions.swift
  Checking: St. Elisabeth Cathedral... OK (0.1 km)
  Checking: Spievajúca fontána... OK (0.0 km)
  Checking: Hrnciarska Street... NEEDS UPDATE (0.1 km off)
    Current: (48.722, 21.259)
    Correct: (48.7228, 21.2599)
    Address: Hrnčiarska, 040 01 Košice-Staré Mesto, Slovakia
  Skipping: Košice International Airport (KSC) (excluded)
  ✅ Updated 1 coordinates in file

[300/351] Processing: Europe/Slovenia/Cities/BledAttractions.swift
  Checking: Lake Bled... OK (0.0 km)
  Checking: Bled Island... OK (0.0 km)
  Checking: Bled Castle... NEEDS UPDATE (0.5 km off)
    Current: (46.37, 14.107)
    Correct: (46.3699, 14.1006)
    Address: Grajska cesta 61, 4260 Bled, Slovenia
  Checking: Vintgar Gorge... NEEDS UPDATE (0.3 km off)
    Current: (46.391, 14.084)
    Correct: (46.3936, 14.0857)
    Address: Soteska Vintgar, Turistično društvo Gorje, Podhom 80, 4247 Zgornje Gorje, Slovenia
  Skipping: Ljubljana Airport (Serving Bled) (excluded)
  ✅ Updated 2 coordinates in file

[301/351] Processing: Europe/Slovenia/Cities/LjubljanaAttractions.swift
  Checking: Ljubljana Castle... OK (0.0 km)
  Checking: Triple Bridge... OK (0.0 km)
  Checking: Dragon Bridge... OK (0.0 km)
  Checking: Tivoli Park... NEEDS UPDATE (0.2 km off)
    Current: (46.0553, 14.4969)
    Correct: (46.0539, 14.4949)
    Address: Tivoli Park, Tivoli, 1000 Ljubljana, Slovenia
  Checking: Metelkova Mesto... OK (0.1 km)
  Skipping: Ljubljana Jože Pučnik Airport (LJU) (excluded)
  Checking: Prešeren Square... OK (0.0 km)
  Checking: Central Market... OK (0.1 km)
  Checking: Nebotičnik... OK (0.1 km)
  Checking: Ljubljana Cathedral... OK (0.0 km)
  Checking: Butchers' Bridge... OK (0.0 km)
  Checking: National Gallery of Slovenia... OK (0.1 km)
  Checking: Museum of Illusions... OK (0.1 km)
  Checking: Town Hall... OK (0.1 km)
  ✅ Updated 1 coordinates in file

[302/351] Processing: Europe/Slovenia/Cities/PiranAttractions.swift
  Checking: Tartini Square... OK (0.0 km)
  Checking: St. George's Parish Church... NEEDS UPDATE (0.1 km off)
    Current: (45.5295, 13.5695)
    Correct: (45.5297, 13.5682)
    Address: Adamičeva ulica, 6330 Piran, Slovenia
  Checking: Piran Town Walls... OK (0.1 km)
  Skipping: Trieste Airport (Serving Piran) (excluded)
  ✅ Updated 1 coordinates in file

[303/351] Processing: Europe/Slovenia/Cities/PostojnaAttractions.swift
  Checking: Postojna Cave... OK (0.0 km)
  Checking: Predjama Castle... OK (0.0 km)
  Skipping: Ljubljana Airport (Serving Postojna) (excluded)

[304/351] Processing: Europe/Spain/Cities/BarcelonaAttractions.swift
  Checking: Sagrada Família... OK (0.0 km)
  Checking: Park Güell... OK (0.0 km)
  Checking: La Rambla... NEEDS UPDATE (0.8 km off)
    Current: (41.3797, 2.1746)
    Correct: (41.3856, 2.1698)
    Address: La Rambla, Barcelona, Spain
  Checking: La Boqueria Market... OK (0.0 km)
  Checking: Casa Batlló... OK (0.0 km)
  Checking: Gothic Quarter... NEEDS UPDATE (0.2 km off)
    Current: (41.384, 2.1762)
    Correct: (41.3819, 2.1773)
    Address: Gothic Quarter, Ciutat Vella, Barcelona, Spain
  Checking: Casa Milà (La Pedrera)... OK (0.0 km)
  Checking: Barceloneta Beach... NEEDS UPDATE (0.3 km off)
    Current: (41.3759, 2.1907)
    Correct: (41.3784, 2.1925)
    Address: Barceloneta Beach, Spain
  Checking: Picasso Museum... OK (0.0 km)
  Checking: Camp Nou... OK (0.0 km)
  Checking: Magic Fountain of Montjuïc... OK (0.0 km)
  Checking: Palau de la Música Catalana... OK (0.0 km)
  Checking: Tibidabo Amusement Park... OK (0.1 km)
  Checking: Montjuïc Castle... NEEDS UPDATE (0.1 km off)
    Current: (41.3639, 2.1659)
    Correct: (41.3630, 2.1651)
    Address: Ctra. de Montjuïc, 66, Sants-Montjuïc, 08038 Barcelona, Spain
  Checking: National Art Museum of Catalonia... OK (0.0 km)
  Checking: Hospital de Sant Pau... OK (0.0 km)
  Checking: El Born... NEEDS UPDATE (0.1 km off)
    Current: (41.3856, 2.1824)
    Correct: (41.3843, 2.1824)
    Address: El Born, Ciutat Vella, 08003 Barcelona, Spain
  Checking: Ciutadella Park... NEEDS UPDATE (0.1 km off)
    Current: (41.3875, 2.1875)
    Correct: (41.3881, 2.1860)
    Address: Ciutadella Park, Passeig de Picasso, 21, Ciutat Vella, 08003 Barcelona, Spain
  Checking: Barcelona Cathedral... OK (0.0 km)
  Checking: Bunkers del Carmel... NEEDS UPDATE (0.4 km off)
    Current: (41.4186, 2.157)
    Correct: (41.4192, 2.1618)
    Address: Carrer de la Gran Vista, 96, Horta-Guinardó, 08032 Barcelona, Spain
  Checking: Poble Espanyol... OK (0.1 km)
  Checking: Port Olímpic... NEEDS UPDATE (0.3 km off)
    Current: (41.3872, 2.2016)
    Correct: (41.3879, 2.1985)
    Address: Edifici Capitanía, Passeig Marítim del Port Olímpic, S/N, Sant Martí, 08005 Barcelona, Spain
  Skipping: Barcelona-El Prat Airport (BCN) (excluded)
  ✅ Updated 8 coordinates in file

[305/351] Processing: Europe/Spain/Cities/BilbaoAttractions.swift
  Checking: Guggenheim Museum Bilbao... OK (0.0 km)
  Checking: Casco Viejo... NEEDS UPDATE (0.3 km off)
    Current: (43.257, -2.923)
    Correct: (43.2596, -2.9238)
    Address: Casco Viejo, Ibaiondo, Bilbao, Biscay, Spain
  Checking: Plaza Nueva... OK (0.1 km)
  Checking: Bilbao Fine Arts Museum... NEEDS UPDATE (0.2 km off)
    Current: (43.2655, -2.94)
    Correct: (43.2659, -2.9379)
    Address: Museo Plaza, Artetxe Kondearen Zumarkalea, 2, Abando, 48009 Bilbao, Bizkaia, Spain
  Checking: Zubizuri Bridge... NEEDS UPDATE (0.2 km off)
    Current: (43.2647, -2.928)
    Correct: (43.2664, -2.9285)
    Address: Zubizuri, Bilbao, Vizcaya, Spain
  Checking: Artxanda Funicular... NEEDS UPDATE (0.6 km off)
    Current: (43.27, -2.926)
    Correct: (43.2740, -2.9202)
    Address: Carretera Artxanda-Santo Domingo Errepidea, 27, 48015 Bilbao, Bizkaia, Spain
  Checking: Azkuna Zentroa... NEEDS UPDATE (0.1 km off)
    Current: (43.2605, -2.936)
    Correct: (43.2597, -2.9372)
    Address: Arriquíbar Plaza, 4, Abando, 48010 Bilbao, Bizkaia, Spain
  Checking: La Ribera Market... NEEDS UPDATE (0.5 km off)
    Current: (43.255, -2.924)
    Correct: (43.2591, -2.9249)
    Address: Erribera Kalea, 1, Ibaiondo, 48005 Bilbao, Bizkaia, Spain
  Checking: San Mamés Stadium... OK (0.0 km)
  Checking: Doña Casilda Iturrizar Park... OK (0.1 km)
  Skipping: Bilbao Airport (BIO) (excluded)
  ✅ Updated 6 coordinates in file

[306/351] Processing: Europe/Spain/Cities/GranadaAttractions.swift
  Checking: Alhambra... OK (0.0 km)
  Checking: Generalife Gardens... NEEDS UPDATE (0.2 km off)
    Current: (37.1772, -3.583)
    Correct: (37.1769, -3.5851)
    Address: Generalife Gardens, P.º del Generalife, 1C, Centro, 18009 Granada, Spain
  Checking: Albaicín... NEEDS UPDATE (0.5 km off)
    Current: (37.181, -3.5915)
    Correct: (37.1855, -3.5901)
    Address: Albaicín, Granada, Spain
  Checking: Granada Cathedral... OK (0.0 km)
  Checking: Royal Chapel... OK (0.0 km)
  Checking: Sacromonte... NEEDS UPDATE (0.5 km off)
    Current: (37.1832, -3.5815)
    Correct: (37.1821, -3.5864)
    Address: Sacromonte, Albaicín, 18010 Granada, Spain
  Checking: Mirador de San Nicolás... OK (0.0 km)
  Checking: Hammam Al Ándalus... NEEDS UPDATE (0.1 km off)
    Current: (37.1776, -3.5928)
    Correct: (37.1776, -3.5939)
    Address: C. Sta. Ana, 16, Centro, 18009 Granada, Spain
  Skipping: Granada-Jaén Airport (GRX) (excluded)
  ✅ Updated 4 coordinates in file

[307/351] Processing: Europe/Spain/Cities/MadridAttractions.swift
  Checking: Prado Museum... OK (0.0 km)
  Checking: Royal Palace of Madrid... OK (0.0 km)
  Checking: Retiro Park... OK (0.1 km)
  Checking: Reina Sofía Museum... OK (0.1 km)
  Checking: Puerta del Sol... OK (0.0 km)
  Checking: Plaza Mayor... OK (0.0 km)
  Checking: Thyssen-Bornemisza Museum... OK (0.0 km)
  Checking: Gran Vía... NEEDS UPDATE (0.4 km off)
    Current: (40.4204, -3.7017)
    Correct: (40.4189, -3.6969)
    Address: Gran Vía, Centro, Madrid, Spain
  Checking: Temple of Debod... OK (0.0 km)
  Checking: Santiago Bernabéu Stadium... OK (0.0 km)
  Checking: Mercado de San Miguel... OK (0.0 km)
  Checking: La Latina... NEEDS UPDATE (0.2 km off)
    Current: (40.4095, -3.7106)
    Correct: (40.4115, -3.7106)
    Address: La Latina, Centro, 28005 Madrid, Spain
  Checking: Almudena Cathedral... OK (0.0 km)
  Checking: Cibeles Palace... NEEDS UPDATE (0.1 km off)
    Current: (40.4194, -3.6931)
    Correct: (40.4189, -3.6920)
    Address: Palacio de Cibeles, Retiro, 28014 Madrid, Spain
  Checking: Sorolla Museum... OK (0.0 km)
  Checking: Royal Botanical Garden... OK (0.0 km)
  Checking: El Rastro Flea Market... NEEDS UPDATE (0.3 km off)
    Current: (40.4081, -3.7082)
    Correct: (40.4108, -3.7071)
    Address: Pl. de Cascorro, 4, Centro, 28005 Madrid, Spain
  Checking: Las Ventas Bullring... OK (0.0 km)
  Checking: Malasaña... NEEDS UPDATE (0.4 km off)
    Current: (40.4267, -3.7064)
    Correct: (40.4234, -3.7078)
    Address: Malasaña, Centro, Madrid, Spain
  Skipping: Adolfo Suárez Madrid–Barajas Airport (MAD) (excluded)
  ✅ Updated 5 coordinates in file

[308/351] Processing: Europe/Spain/Cities/MallorcaAttractions.swift
  Checking: Palma Cathedral (La Seu)... OK (0.0 km)
  Checking: Serra de Tramuntana... OK (0.0 km)
  Checking: Valldemossa... OK (0.1 km)
  Checking: Sóller & Port de Sóller... NEEDS UPDATE (3.4 km off)
    Current: (39.7678, 2.715)
    Correct: (39.7952, 2.6975)
    Address: Port de Sóller, Balearic Islands, Spain
  Checking: Deià... OK (0.0 km)
  Checking: Caves of Drach... NEEDS UPDATE (0.4 km off)
    Current: (39.5389, 3.3325)
    Correct: (39.5357, 3.3307)
    Address: Ctra. de les Coves, s/n, 07680 Porto Cristo, Illes Balears, Spain
  ✅ Updated 2 coordinates in file

[309/351] Processing: Europe/Spain/Cities/SanSebastianAttractions.swift
  Checking: La Concha Beach... NEEDS UPDATE (0.2 km off)
    Current: (43.3196, -1.9883)
    Correct: (43.3186, -1.9860)
    Address: Beach of La Concha, 20007, Gipuzkoa, Spain
  Checking: Parte Vieja (Old Town)... NEEDS UPDATE (0.4 km off)
    Current: (43.3244, -1.9845)
    Correct: (43.3255, -1.9894)
    Address: Old Town, Donostia / San Sebastián, Gipuzkoa, Spain
  Checking: Monte Urgull... NEEDS UPDATE (0.3 km off)
    Current: (43.3264, -1.9861)
    Correct: (43.3252, -1.9898)
    Address: Urgull, 20003 Donostia / San Sebastián, Gipuzkoa, Spain
  Checking: Monte Igueldo... NEEDS UPDATE (3.5 km off)
    Current: (43.3194, -2.0072)
    Correct: (43.3054, -2.0455)
    Address: Igeldo, Donostia / San Sebastián, Gipuzkoa, Spain
  Checking: San Telmo Museum... NEEDS UPDATE (0.2 km off)
    Current: (43.3247, -1.9828)
    Correct: (43.3250, -1.9848)
    Address: Plaza Zuloaga, 1, 20003 Donostia / San Sebastián, Gipuzkoa, Spain
  Checking: Peine del Viento (Wind Comb)... NEEDS UPDATE (1.1 km off)
    Current: (43.3125, -2.01)
    Correct: (43.3218, -2.0054)
    Address: Eduardo Chillida Pasealekua, s/n, 20008 Donostia / San Sebastián, Gipuzkoa, Spain
  ✅ Updated 6 coordinates in file

[310/351] Processing: Europe/Spain/Cities/SevilleAttractions.swift
  Checking: Alcázar of Seville... OK (0.1 km)
  Checking: Seville Cathedral... OK (0.0 km)
  Checking: Plaza de España... OK (0.0 km)
  Checking: Metropol Parasol... OK (0.0 km)
  Checking: Barrio Santa Cruz... NEEDS UPDATE (0.4 km off)
    Current: (37.3858, -5.9865)
    Correct: (37.3842, -5.9903)
    Address: Santa Cruz, Seville, Casco Antiguo, Seville, Spain
  Checking: Triana... NEEDS UPDATE (0.6 km off)
    Current: (37.3831, -6.0029)
    Correct: (37.3811, -6.0094)
    Address: Triana, Seville, Spain
  Checking: Flamenco Show... NEEDS UPDATE (0.3 km off)
    Current: (37.3896, -5.9893)
    Correct: (37.3892, -5.9930)
    Address: C. Francos, 14, Casco Antiguo, 41004 Sevilla, Spain
  Checking: Torre del Oro... OK (0.0 km)
  Skipping: Seville Airport (SVQ) (excluded)
  Checking: Maria Luisa Park... NEEDS UPDATE (0.1 km off)
    Current: (37.3747, -5.9886)
    Correct: (37.3742, -5.9872)
    Address: Parque de María Luisa, 41013 Sevilla, Spain
  Checking: Pilatos House... OK (0.0 km)
  Checking: General Archive of the Indies... OK (0.0 km)
  Checking: Palace of the Dueñas... OK (0.1 km)
  Checking: Museum of Fine Arts... OK (0.0 km)
  Checking: Hospital de los Venerables... OK (0.0 km)
  Checking: Basilica of the Macarena... OK (0.1 km)
  ✅ Updated 4 coordinates in file

[311/351] Processing: Europe/Spain/Cities/ToledoAttractions.swift
  Checking: Toledo Cathedral... OK (0.0 km)
  Checking: Alcázar of Toledo... OK (0.1 km)
  Checking: Monastery of San Juan de los Reyes... NEEDS UPDATE (0.1 km off)
    Current: (39.8569, -4.0311)
    Correct: (39.8579, -4.0317)
    Address: C. de los Reyes Católicos, 17, 45002 Toledo, Spain
  Checking: Synagogue of Santa María la Blanca... NEEDS UPDATE (0.1 km off)
    Current: (39.8567, -4.0294)
    Correct: (39.8570, -4.0307)
    Address: C. de los Reyes Católicos, 4, 45002 Toledo, Spain
  Checking: El Greco Museum... OK (0.1 km)
  Checking: Puente de San Martín... NEEDS UPDATE (0.1 km off)
    Current: (39.8558, -4.0336)
    Correct: (39.8567, -4.0342)
    Address: San Martin's Bridge, Bajada San Martín, 45004 Toledo, Spain
  ✅ Updated 3 coordinates in file

[312/351] Processing: Europe/Spain/Cities/ValenciaAttractions.swift
  Checking: City of Arts and Sciences... OK (0.1 km)
  Checking: Valencia Cathedral... OK (0.0 km)
  Checking: La Lonja de la Seda... OK (0.0 km)
  Checking: Central Market... OK (0.0 km)
  Checking: Oceanogràfic... OK (0.0 km)
  Checking: Turia Gardens... NEEDS UPDATE (0.7 km off)
    Current: (39.475, -0.362)
    Correct: (39.4769, -0.3697)
    Address: Jardín del Turia, 46003 València, Valencia, Spain
  Checking: Malvarrosa Beach... NEEDS UPDATE (0.2 km off)
    Current: (39.4761, -0.3249)
    Correct: (39.4751, -0.3236)
    Address: Passeig de Neptú, 34, Poblados Marítimos, 46011 València, Valencia, Spain
  Checking: Bioparc Valencia... NEEDS UPDATE (0.1 km off)
    Current: (39.4787, -0.4063)
    Correct: (39.4780, -0.4076)
    Address: Bioparc Valencia, Av. Pío Baroja, 3, Campanar, 46015 València, Valencia, Spain
  Skipping: Valencia Airport (VLC) (excluded)
  Checking: Serranos Towers... OK (0.0 km)
  Checking: L'Umbracle... NEEDS UPDATE (0.1 km off)
    Current: (39.456, -0.353)
    Correct: (39.4550, -0.3532)
    Address: Av. del Professor López Piñero, 5, Quatre Carreres, 46013 València, Valencia, Spain
  Checking: Museum of Fine Arts of Valencia... OK (0.1 km)
  Checking: Plaza de la Virgen... OK (0.0 km)
  Checking: Marquis of Dos Aguas Palace... OK (0.1 km)
  Checking: Albufera Natural Park... NEEDS UPDATE (3.9 km off)
    Current: (39.3361, -0.3666)
    Correct: (39.3489, -0.3240)
    Address: Parque Natural de la Albufera, Pobles del Sud, 46012 València, Valencia, Spain
  Checking: North Station... OK (0.0 km)
  ✅ Updated 5 coordinates in file

[313/351] Processing: Europe/Sweden/Cities/GothenburgAttractions.swift
  Checking: Liseberg... OK (0.0 km)
  Checking: Haga District... NEEDS UPDATE (0.1 km off)
    Current: (57.6991, 11.9547)
    Correct: (57.6986, 11.9563)
    Address: Haga, Gothenburg, Sweden
  Checking: Universeum... OK (0.0 km)
  Checking: Gothenburg Archipelago... OK (0.0 km)
  Checking: Feskekôrka... NEEDS UPDATE (0.2 km off)
    Current: (57.6998, 11.9596)
    Correct: (57.7011, 11.9578)
    Address: Fisktorget 4, 411 20 Göteborg, Sweden
  Skipping: Göteborg Landvetter Airport (GOT) (excluded)
  Checking: Volvo Museum... NEEDS UPDATE (0.8 km off)
    Current: (57.696, 11.99)
    Correct: (57.6897, 11.9975)
    Address: Arendals Skans, 418 79 Göteborg, Sweden
  Checking: Gothenburg Botanical Garden... OK (0.0 km)
  Checking: Gothenburg Museum of Art... OK (0.0 km)
  Checking: Slottsskogen... NEEDS UPDATE (0.3 km off)
    Current: (57.685, 11.94)
    Correct: (57.6840, 11.9439)
    Address: Slottsskogen, Gothenburg, Sweden
  Checking: Maritiman... NEEDS UPDATE (0.2 km off)
    Current: (57.708, 11.963)
    Correct: (57.7087, 11.9607)
    Address: Packhusplatsen 12, 411 13 Göteborg, Sweden
  Checking: Paddan Tour... NEEDS UPDATE (0.3 km off)
    Current: (57.706, 11.97)
    Correct: (57.7036, 11.9700)
    Address: Kungsportsplatsen, 411 10 Göteborg, Sweden
  Checking: Skansen Kronan... OK (0.1 km)
  Checking: Trädgårdsföreningen... OK (0.1 km)
  Checking: Aeroseum... NEEDS UPDATE (0.2 km off)
    Current: (57.771, 11.884)
    Correct: (57.7719, 11.8815)
    Address: Nya Bergets Väg 50, 417 46 Göteborg, Sweden
  Checking: Avenyn... OK (0.1 km)
  ✅ Updated 7 coordinates in file

[314/351] Processing: Europe/Sweden/Cities/MalmoAttractions.swift
  Checking: Turning Torso... OK (0.1 km)
  Checking: Malmöhus Castle... OK (0.1 km)
  Checking: Lilla Torg... NEEDS UPDATE (0.2 km off)
    Current: (55.6038, 12.9988)
    Correct: (55.6052, 12.9988)
    Address: Lilla torg, 211 34 Malmö, Sweden
  Checking: Ribersborgsstranden... NEEDS UPDATE (1.1 km off)
    Current: (55.6108, 12.9625)
    Correct: (55.6006, 12.9595)
    Address: Ribersborgsstranden, Malmö, Sweden
  Skipping: Malmö Airport (MMX) (excluded)
  ✅ Updated 2 coordinates in file

[315/351] Processing: Europe/Sweden/Cities/StockholmAttractions.swift
  Checking: Vasa Museum... OK (0.0 km)
  Checking: Gamla Stan... OK (0.1 km)
  Checking: Royal Palace... OK (0.0 km)
  Checking: ABBA The Museum... OK (0.0 km)
  Checking: Skansen Open-Air Museum... NEEDS UPDATE (0.1 km off)
    Current: (59.3268, 18.1036)
    Correct: (59.3263, 18.1059)
    Address: Skansen, Djurgårdsslätten 49-51, 115 21 Stockholm, Sweden
  Checking: Fotografiska... OK (0.0 km)
  Checking: Djurgården... NEEDS UPDATE (0.2 km off)
    Current: (59.326, 18.11)
    Correct: (59.3263, 18.1132)
    Address: Djurgården, Östermalm, Stockholm, Sweden
  Skipping: Stockholm Arlanda Airport (ARN) (excluded)
  Checking: Stockholm City Hall... OK (0.1 km)
  Checking: Drottningholm Palace... OK (0.0 km)
  Checking: Nordic Museum... NEEDS UPDATE (0.1 km off)
    Current: (59.3298, 18.0933)
    Correct: (59.3290, 18.0943)
    Address: Djurgårdsvägen 6-16, 115 93 Stockholm, Sweden
  Checking: Nobel Prize Museum... OK (0.0 km)
  Checking: Gröna Lund... OK (0.0 km)
  Checking: SkyView... OK (0.1 km)
  Checking: Monteliusvägen... OK (0.1 km)
  Checking: The Royal Armoury... OK (0.1 km)
  Checking: Moderna Museet... OK (0.0 km)
  Checking: Stockholm Cathedral... OK (0.0 km)
  ✅ Updated 3 coordinates in file

[316/351] Processing: Europe/Sweden/Cities/UppsalaAttractions.swift
  Checking: Uppsala Cathedral... OK (0.0 km)
  Checking: Uppsala Castle... OK (0.1 km)
  Checking: Gamla Uppsala... NEEDS UPDATE (0.4 km off)
    Current: (59.8976, 17.6299)
    Correct: (59.8973, 17.6368)
    Address: Gamla Uppsala, Uppsala, Sweden
  Checking: Linnaeus Garden... NEEDS UPDATE (0.3 km off)
    Current: (59.8594, 17.632)
    Correct: (59.8620, 17.6331)
    Address: Linnaeus garden, Svartbäcksgatan 27 B, 753 32 Uppsala, Sweden
  Skipping: Stockholm Arlanda Airport (Serving Uppsala) (excluded)
  ✅ Updated 2 coordinates in file

[317/351] Processing: Europe/Switzerland/Cities/BernAttractions.swift
  Checking: Old City of Bern... OK (0.0 km)
  Checking: Zytglogge (Clock Tower)... OK (0.0 km)
  Checking: Bear Park... OK (0.0 km)
  Checking: Rosengarten... OK (0.1 km)
  Skipping: Zurich Airport (Serving Bern) (excluded)

[318/351] Processing: Europe/Switzerland/Cities/GenevaAttractions.swift
  Checking: Jet d'Eau... OK (0.0 km)
  Checking: Old Town (Vieille Ville)... OK (0.1 km)
  Checking: Palace of Nations... OK (0.0 km)
  Checking: Lake Geneva Cruise... NEEDS UPDATE (0.5 km off)
    Current: (46.205, 6.15)
    Correct: (46.2044, 6.1432)
    Address: Geneva, Switzerland
  Skipping: Geneva Airport (GVA) (excluded)
  Checking: CERN - Globe of Science and Innovation... OK (0.0 km)
  Checking: Patek Philippe Museum... NEEDS UPDATE (0.1 km off)
    Current: (46.1983, 6.1367)
    Correct: (46.1983, 6.1382)
    Address: Rue des Vieux-Grenadiers 7, 1205 Genève, Switzerland
  Checking: St. Pierre Cathedral... OK (0.0 km)
  Checking: Reformation Wall... OK (0.0 km)
  Checking: International Red Cross and Red Crescent Museum... NEEDS UPDATE (0.2 km off)
    Current: (46.2274, 6.1394)
    Correct: (46.2269, 6.1373)
    Address: Av. de la Paix 17, 1202 Genève, Switzerland
  Checking: Jardin Anglais & Flower Clock... NEEDS UPDATE (0.1 km off)
    Current: (46.2045, 6.1524)
    Correct: (46.2042, 6.1510)
    Address: Quai du Général-Guisan 28, 1204 Genève, Switzerland
  Checking: Bains des Pâquis... OK (0.1 km)
  Checking: Broken Chair... OK (0.0 km)
  Checking: La Jonction... NEEDS UPDATE (0.5 km off)
    Current: (46.2023, 6.1202)
    Correct: (46.2015, 6.1272)
    Address: La Jonction, 1205 Genève, Switzerland
  ✅ Updated 5 coordinates in file

[319/351] Processing: Europe/Switzerland/Cities/LucerneAttractions.swift
  Checking: Chapel Bridge... OK (0.0 km)
  Checking: Mount Pilatus... OK (0.1 km)
  Checking: Lion Monument... OK (0.0 km)
  Checking: Lake Lucerne Cruise... OK (0.0 km)
  Skipping: Zurich Airport (Serving Lucerne) (excluded)

[320/351] Processing: Europe/Switzerland/Cities/ZermattAttractions.swift
  Checking: Matterhorn... OK (0.0 km)
  Checking: Gornergrat... NEEDS UPDATE (3.5 km off)
    Current: (45.9833, 7.7858)
    Correct: (46.0114, 7.7668)
    Address: Gornergrat, 3920 Zermatt, Switzerland
  Checking: Matterhorn Glacier Paradise... NEEDS UPDATE (0.3 km off)
    Current: (45.9406, 7.7281)
    Correct: (45.9386, 7.7299)
    Address: 3920 Zermatt, Switzerland
  Skipping: Zermatt Village (excluded)
  Skipping: Zurich/Geneva Airport (Serving Zermatt) (excluded)
  ✅ Updated 2 coordinates in file

[321/351] Processing: Europe/Switzerland/Cities/ZurichAttractions.swift
  Checking: Old Town (Altstadt)... NEEDS UPDATE (0.3 km off)
    Current: (47.3717, 8.542)
    Correct: (47.3737, 8.5436)
    Address: Niederdorfstrasse 19, 8001 Zürich, Switzerland
  Checking: Lake Zurich... NEEDS UPDATE (3.7 km off)
    Current: (47.35, 8.57)
    Correct: (47.3769, 8.5417)
    Address: Zürich, Switzerland
  Checking: Grossmünster... OK (0.0 km)
  Checking: Swiss National Museum... OK (0.1 km)
  Checking: Uetliberg... OK (0.1 km)
  Skipping: Zurich Airport (ZRH) (excluded)
  Checking: Fraumünster... OK (0.1 km)
  Checking: Kunsthaus Zürich... NEEDS UPDATE (0.1 km off)
    Current: (47.3702, 8.5482)
    Correct: (47.3711, 8.5491)
    Address: Heimpl. 1/5, 8001 Zürich, Switzerland
  Checking: Bahnhofstrasse... NEEDS UPDATE (0.1 km off)
    Current: (47.373, 8.538)
    Correct: (47.3717, 8.5386)
    Address: Bahnhofstrasse, 8001 Zürich, Switzerland
  Checking: FIFA Museum... NEEDS UPDATE (0.2 km off)
    Current: (47.3616, 8.5312)
    Correct: (47.3633, 8.5317)
    Address: Seestrasse 27, 8002 Zürich, Switzerland
  Checking: Zurich Zoo... NEEDS UPDATE (0.4 km off)
    Current: (47.3879, 8.5755)
    Correct: (47.3843, 8.5745)
    Address: Zürichbergstrasse 221, 8044 Zürich, Switzerland
  Checking: Lindenhof... NEEDS UPDATE (0.1 km off)
    Current: (47.3734, 8.5413)
    Correct: (47.3722, 8.5413)
    Address: Lindenhof, 8001 Zürich, Switzerland
  Checking: Polybahn... OK (0.1 km)
  Checking: Rietberg Museum... OK (0.0 km)
  Checking: Botanical Garden... OK (0.1 km)
  Checking: Lindt Home of Chocolate... NEEDS UPDATE (0.3 km off)
    Current: (47.3157, 8.552)
    Correct: (47.3182, 8.5511)
    Address: Seestrasse 204, 8802 Kilchberg, Switzerland
  ✅ Updated 8 coordinates in file

[322/351] Processing: Europe/Turkey/Cities/AdiyamanAttractions.swift
  Checking: Mount Nemrut... OK (0.1 km)
  Checking: Cendere Bridge... NEEDS UPDATE (3.2 km off)
    Current: (37.9178, 38.5778)
    Correct: (37.9329, 38.6085)
    Address: Cendere Bridge, 02400 Burmapınar Köyü/Kahta/Kâhta/Adıyaman, Türkiye
  Checking: Arsemia Ancient City... OK (0.0 km)
  Checking: Karakuş Tumulus... NEEDS UPDATE (3.7 km off)
    Current: (37.8833, 38.55)
    Correct: (37.8692, 38.5879)
    Address: Karşıyaka, 4025. Sk. No:17, 02402 Bağözü/Kâhta/Adıyaman, Türkiye
  ✅ Updated 2 coordinates in file

[323/351] Processing: Europe/Turkey/Cities/AnkaraAttractions.swift
  Checking: Anıtkabir... NEEDS UPDATE (0.3 km off)
    Current: (39.9252, 32.8367)
    Correct: (39.9273, 32.8351)
    Address: Mebusevleri, Anıtkabir, 06570 Çankaya/Ankara, Türkiye
  Checking: Museum of Anatolian Civilizations... NEEDS UPDATE (0.2 km off)
    Current: (39.9384, 32.8641)
    Correct: (39.9382, 32.8619)
    Address: Kale, Gözcü Sk. No:2, 06240 Ulus/Altındağ/Ankara, Türkiye
  Checking: Ankara Castle... NEEDS UPDATE (0.3 km off)
    Current: (39.9412, 32.8639)
    Correct: (39.9390, 32.8654)
    Address: Kale, 06240 Altındağ/Ankara, Türkiye
  Checking: Kocatepe Mosque... NEEDS UPDATE (0.7 km off)
    Current: (39.9136, 32.8532)
    Correct: (39.9166, 32.8607)
    Address: Kültür, Dr. Mediha Eldem Sk. No:67, 06420 Çankaya/Ankara, Türkiye
  Checking: Roman Temple of Augustus... NEEDS UPDATE (0.7 km off)
    Current: (39.9407, 32.8645)
    Correct: (39.9441, 32.8582)
    Address: Hacı Bayram, 06030 Altındağ/Ankara, Türkiye
  Checking: Hacı Bayram Mosque... NEEDS UPDATE (0.7 km off)
    Current: (39.9408, 32.8648)
    Correct: (39.9445, 32.8580)
    Address: Hacı Bayram, Sarıbağ Sk. No:13, 06050 Altındağ/Ankara, Türkiye
  Checking: Atatürk Forest Farm... NEEDS UPDATE (3.0 km off)
    Current: (39.9678, 32.7847)
    Correct: (39.9477, 32.8076)
    Address: Gazi, 06560 Etimesgut/Ankara, Türkiye
  Checking: Eymir Lake... NEEDS UPDATE (1.7 km off)
    Current: (39.8381, 32.8444)
    Correct: (39.8262, 32.8324)
    Address: Lake Eymir, Oran, 06450 Çankaya/Ankara, Türkiye
  Checking: Atakule Tower... NEEDS UPDATE (0.4 km off)
    Current: (39.8864, 32.8603)
    Correct: (39.8859, 32.8557)
    Address: Çankaya, Çankaya Cd., 06690 Çankaya/Ankara, Türkiye
  Checking: Gordion Ancient City... OK (0.0 km)
  Skipping: Ankara Esenboğa Airport (ESB) (excluded)
  ✅ Updated 9 coordinates in file

[324/351] Processing: Europe/Turkey/Cities/AntalyaAttractions.swift
  Checking: Kaleiçi Old Town... NEEDS UPDATE (0.5 km off)
    Current: (36.8849, 30.7012)
    Correct: (36.8823, 30.7053)
    Address: Kılınçarslan Mahallesi Hesapcı Sokak, Kılınçarslan, Kaleiçi, 07100 Muratpaşa/Antalya, Türkiye
  Checking: Antalya Museum... OK (0.0 km)
  Checking: Düden Waterfalls... OK (0.0 km)
  Checking: Hadrian's Gate... OK (0.0 km)
  Checking: Aspendos Theatre... OK (0.0 km)
  Checking: Perge Ancient City... NEEDS UPDATE (0.4 km off)
    Current: (36.9614, 30.8539)
    Correct: (36.9577, 30.8526)
    Address: Barbaros, Perge Yolu, 07112 Aksu/Antalya, Türkiye
  Checking: Olympos Ancient City... OK (0.1 km)
  Checking: Phaselis Ancient City... NEEDS UPDATE (0.2 km off)
    Current: (36.5236, 30.5522)
    Correct: (36.5252, 30.5520)
    Address: Tekirova, 8011 Sokak No:1, 07990 Kemer/Antalya, Türkiye
  Skipping: Termessos (excluded)
  Checking: Konyaalti Beach... NEEDS UPDATE (0.7 km off)
    Current: (36.861, 30.6378)
    Correct: (36.8646, 30.6439)
    Address: Konyaaltı Beaches, Meltem, 07070 Muratpaşa/Antalya, Türkiye
  Checking: Upper Düden Waterfall... OK (0.0 km)
  Checking: Yivli Minare Mosque... OK (0.0 km)
  Checking: Antalya Aquarium... NEEDS UPDATE (2.1 km off)
    Current: (36.8611, 30.6556)
    Correct: (36.8792, 30.6603)
    Address: Minicity and Su Hotel eastern corner of Konyaaltı Beach, Arapsuyu, Dumlupınar Blv. No:502, 07200 Konyaaltı/Antalya, Türkiye
  Checking: Kurşunlu Waterfall... OK (0.0 km)
  Checking: Side Ancient City... NEEDS UPDATE (1.7 km off)
    Current: (36.7643, 31.3867)
    Correct: (36.7769, 31.3976)
    Address: Side, Manavgat/Antalya, Türkiye
  Checking: Manavgat Waterfall... NEEDS UPDATE (0.1 km off)
    Current: (36.8125, 31.4519)
    Correct: (36.8130, 31.4533)
    Address: Sarılar, istiklal caddesi no 35, 07600 Manavgat/Antalya, Türkiye
  Checking: Köprülü Canyon... OK (0.1 km)
  Checking: Chimera Flames... OK (0.1 km)
  Checking: Lara Beach... NEEDS UPDATE (1.4 km off)
    Current: (36.8493, 30.8315)
    Correct: (36.8474, 30.8161)
    Address: Lara Beach, Güzeloba, 07230 Muratpaşa/Antalya, Türkiye
  Checking: Karain Cave... OK (0.0 km)
  Checking: Patara Beach... NEEDS UPDATE (3.1 km off)
    Current: (36.2662, 29.3172)
    Correct: (36.2754, 29.2844)
    Address: Patara Beach, Gelemiş, 07976 Kaş/Antalya, Türkiye
  Checking: St. Nicholas Church... OK (0.0 km)
  Checking: Myra Rock Tombs... NEEDS UPDATE (0.2 km off)
    Current: (36.2589, 29.9828)
    Correct: (36.2588, 29.9845)
    Address: Alakent, 07570 Demre/Antalya, Türkiye
  Skipping: Xanthos Ancient City (excluded)
  Checking: Kekova Sunken City... NEEDS UPDATE (1.0 km off)
    Current: (36.1806, 29.8778)
    Correct: (36.1822, 29.8666)
    Address: Kekova adasi, 07570 Demre/Antalya, Türkiye
  Checking: Saklıkent Gorge... NEEDS UPDATE (1.7 km off)
    Current: (36.4703, 29.4222)
    Correct: (36.4738, 29.4034)
    Address: Saklikent National Park, Kayadibi, Saklıkent Sokak No : 26, 48300 Seydikemer/Muğla, Türkiye
  Skipping: Letoon Sanctuary (excluded)
  Checking: Simena Castle... NEEDS UPDATE (0.9 km off)
    Current: (36.1933, 29.8528)
    Correct: (36.1912, 29.8619)
    Address: Kaleüçağız, 07572 Demre/Antalya, Türkiye
  Checking: Arykanda Ancient City... OK (0.0 km)
  Checking: Limyra Ancient City... OK (0.0 km)
  Checking: Selge Ancient City... NEEDS UPDATE (2.6 km off)
    Current: (37.205, 31.1383)
    Correct: (37.2275, 31.1285)
    Address: Altınkaya, 07550 Manavgat/Antalya, Türkiye
  Skipping: Antalya Airport (AYT) (excluded)
  ✅ Updated 14 coordinates in file

[325/351] Processing: Europe/Turkey/Cities/AydinAttractions.swift
  Checking: Aphrodisias... NEEDS UPDATE (1.1 km off)
    Current: (37.7089, 28.7217)
    Correct: (37.7098, 28.7097)
    Address: Geyre, 09385 Karacasu/Aydın, Türkiye
  Checking: Aphrodisias Museum... NEEDS UPDATE (0.7 km off)
    Current: (37.7083, 28.72)
    Correct: (37.7091, 28.7278)
    Address: Geyre, 09385 Karacasu/Aydın, Türkiye
  Checking: Priene Ancient City... OK (0.0 km)
  Checking: Miletus Ancient City... NEEDS UPDATE (0.1 km off)
    Current: (37.5297, 27.2756)
    Correct: (37.5306, 27.2761)
    Address: Balat, Hacılar Sk No:9, 09290 Didim/Aydın, Türkiye
  Checking: Didyma (Temple of Apollo)... NEEDS UPDATE (0.1 km off)
    Current: (37.3853, 27.2561)
    Correct: (37.3853, 27.2573)
    Address: Hisar, Özgürlük Cd., 09270 Didim/Aydın, Türkiye
  ✅ Updated 4 coordinates in file

[326/351] Processing: Europe/Turkey/Cities/BursaAttractions.swift
  Checking: Green Mosque... NEEDS UPDATE (0.1 km off)
    Current: (40.1817, 29.0728)
    Correct: (40.1822, 29.0741)
    Address: Yeşil, Yeşil Cami, 16360 Yıldırım/Bursa, Türkiye
  Checking: Green Tomb... NEEDS UPDATE (0.1 km off)
    Current: (40.1814, 29.0733)
    Correct: (40.1814, 29.0749)
    Address: Yeşil, 1. Yeşil Cd. 66-1, 16360 Yıldırım/Bursa, Türkiye
  Checking: Grand Mosque... OK (0.0 km)
  Checking: Cumalıkızık Village... NEEDS UPDATE (1.7 km off)
    Current: (40.1708, 29.1906)
    Correct: (40.1776, 29.1721)
    Address: Cumalıkızık, 16370 Yıldırım/Bursa, Türkiye
  Checking: Osman & Orhan Gazi Tombs... OK (0.0 km)
  Checking: Uludağ Mountain... OK (0.0 km)
  Checking: Koza Han... NEEDS UPDATE (0.2 km off)
    Current: (40.1846, 29.0606)
    Correct: (40.1845, 29.0635)
    Address: Osmangazi, Uzunçarşı Cd., 16010 Osmangazi̇/Bursa, Türkiye
  ✅ Updated 4 coordinates in file

[327/351] Processing: Europe/Turkey/Cities/CanakkaleAttractions.swift
  Skipping: Troy Ancient City (excluded)
  Checking: Troy Museum... NEEDS UPDATE (1.0 km off)
    Current: (39.9525, 26.2383)
    Correct: (39.9554, 26.2494)
    Address: İzmir yolu, 17100 Tevfikiye/Çanakkale Merkez/Çanakkale, Türkiye
  Skipping: Gallipoli Peninsula (excluded)
  Checking: Assos Ancient City... NEEDS UPDATE (0.3 km off)
    Current: (39.4903, 26.3389)
    Correct: (39.4901, 26.3351)
    Address: Behramkale, 17862 Behram/Ayvacık/Çanakkale, Türkiye
  Checking: Çanakkale Martyrs' Memorial... NEEDS UPDATE (0.8 km off)
    Current: (40.0467, 26.2267)
    Correct: (40.0508, 26.2192)
    Address: Morto Koyu, Seddülbahir Köyü Yolu, 17902 Seddülbahir/Eceabat/Çanakkale, Türkiye
  ✅ Updated 3 coordinates in file

[328/351] Processing: Europe/Turkey/Cities/CappadociaAttractions.swift
  Checking: Göreme Open Air Museum... NEEDS UPDATE (1.2 km off)
    Current: (38.6431, 34.8306)
    Correct: (38.6412, 34.8444)
    Address: Göreme, İsali - Gaferli - Avcılar, 50180 Göreme/Nevşehir Merkez/Nevşehir, Türkiye
  Checking: Hot Air Balloon Ride... NEEDS UPDATE (2.7 km off)
    Current: (38.6457, 34.8272)
    Correct: (38.6587, 34.8532)
    Address: Cappadocia, Türkiye
  Checking: Derinkuyu Underground City... OK (0.0 km)
  Checking: Love Valley... NEEDS UPDATE (1.0 km off)
    Current: (38.6575, 34.8325)
    Correct: (38.6589, 34.8215)
    Address: İsali - Gaferli - Avcılar, MR69+JW, 50180 Göreme/Nevşehir Merkez/Nevşehir, Türkiye
  Checking: Uchisar Castle... OK (0.1 km)
  Checking: Ihlara Valley... NEEDS UPDATE (1.1 km off)
    Current: (38.2397, 34.2933)
    Correct: (38.2385, 34.3064)
    Address: Ihlara, Kayaardı, 68570 Ihlara/Güzelyurt/Aksaray, Türkiye
  Checking: Pasabag Valley... NEEDS UPDATE (1.5 km off)
    Current: (38.6622, 34.8575)
    Correct: (38.6619, 34.8403)
    Address: Pasabag, İsali - Gaferli - Avcılar, 50180 Göreme/Nevşehir Merkez/Nevşehir, Türkiye
  Checking: Kaymakli Underground City... NEEDS UPDATE (0.2 km off)
    Current: (38.4558, 34.7544)
    Correct: (38.4572, 34.7523)
    Address: Kaymaklı, Nevşehir Merkez/Nevşehir, Türkiye
  Checking: Red Valley... NEEDS UPDATE (1.4 km off)
    Current: (38.6583, 34.8464)
    Correct: (38.6519, 34.8597)
    Address: Bahçelievler, Kapadokya Yürüyüş Yolu, 50650 Ortahisar/Ürgüp/Nevşehir, Türkiye
  Checking: Selime Monastery... OK (0.0 km)
  Checking: Zelve Open Air Museum... NEEDS UPDATE (0.3 km off)
    Current: (38.6667, 34.8622)
    Correct: (38.6693, 34.8633)
    Address: Kume Evleri No:1, 50180 Aktepe/Avanos/Nevşehir, Türkiye
  Skipping: Kayseri Erkilet Airport (ASR) (excluded)
  ✅ Updated 8 coordinates in file

[329/351] Processing: Europe/Turkey/Cities/DiyarbakirAttractions.swift
  Checking: Diyarbakır Fortress... NEEDS UPDATE (2.1 km off)
    Current: (37.9167, 40.2167)
    Correct: (37.9156, 40.2409)
    Address: Cevat Paşa, Karaman Sk. No:60, 21300 Sur/Diyarbakır, Türkiye
  Checking: Hevsel Gardens... NEEDS UPDATE (1.1 km off)
    Current: (37.9083, 40.2444)
    Correct: (37.8989, 40.2415)
    Address: Hevsel Gardens, Ali Paşa, Unnamed Road, 21200 Sur/Diyarbakır, Türkiye
  Checking: Great Mosque of Diyarbakır... NEEDS UPDATE (0.5 km off)
    Current: (37.9111, 40.2306)
    Correct: (37.9124, 40.2359)
    Address: Cami Kebir, Pirinçler Sk. No: 1, 21300 Sur/Diyarbakır, Türkiye
  Checking: Zerzevan Castle... OK (0.0 km)
  ✅ Updated 3 coordinates in file

[330/351] Processing: Europe/Turkey/Cities/EdirneAttractions.swift
  Checking: Selimiye Mosque... OK (0.1 km)
  Checking: Old Mosque... NEEDS UPDATE (0.1 km off)
    Current: (41.6761, 26.5544)
    Correct: (41.6767, 26.5557)
    Address: Sabuni, Muafakathane Sokak No: 1, 22100 Edirne Merkez/Edirne, Türkiye
  Checking: Üç Şerefeli Mosque... OK (0.0 km)
  Checking: Kırkpınar Oil Wrestling... NEEDS UPDATE (1.3 km off)
    Current: (41.6667, 26.55)
    Correct: (41.6771, 26.5557)
    Address: Edirne, Edirne Merkez/Edirne, Türkiye
  Checking: Edirne Turkish & Islamic Art Museum... OK (0.1 km)
  ✅ Updated 2 coordinates in file

[331/351] Processing: Europe/Turkey/Cities/GaziantepAttractions.swift
  Skipping: Zeugma Mosaic Museum (excluded)
  Checking: Gaziantep Gastronomy Experience... OK (0.0 km)
  Checking: Gaziantep Castle... NEEDS UPDATE (0.9 km off)
    Current: (37.06, 37.3772)
    Correct: (37.0663, 37.3832)
    Address: Karagöz, Naip Hamamı Sk. No:1, 27400 Şahinbey/Gaziantep, Türkiye
  Skipping: Zeugma Archaeological Site (excluded)
  Checking: Yesemek Open Air Museum... OK (0.0 km)
  ✅ Updated 1 coordinates in file

[332/351] Processing: Europe/Turkey/Cities/HatayAttractions.swift
  Checking: St. Pierre Church... NEEDS UPDATE (2.1 km off)
    Current: (36.2133, 36.1547)
    Correct: (36.2094, 36.1782)
    Address: Küçükdalyan, 31010 Antakya/Hatay, Türkiye
  Checking: Hatay Archaeology Museum... NEEDS UPDATE (3.1 km off)
    Current: (36.2, 36.16)
    Correct: (36.2200, 36.1848)
    Address: Maşuklu, Antakya Reyhanlı Yolu No:117, 31120 Antakya/Hatay, Türkiye
  Checking: Vespasianus Titus Tunnel... NEEDS UPDATE (1.7 km off)
    Current: (36.1228, 35.9414)
    Correct: (36.1216, 35.9223)
    Address: Kapısuyu, 31800 Samandağ/Hatay, Türkiye
  Checking: Harbiye Waterfalls... NEEDS UPDATE (2.3 km off)
    Current: (36.1361, 36.1361)
    Correct: (36.1426, 36.1600)
    Address: Harbiye, Defne/Hatay, Türkiye
  ✅ Updated 4 coordinates in file

[333/351] Processing: Europe/Turkey/Cities/IstanbulAttractions.swift
  Checking: Hagia Sophia... OK (0.0 km)
  Checking: Blue Mosque... OK (0.0 km)
  Checking: Topkapi Palace... OK (0.0 km)
  Checking: Galata Tower... OK (0.0 km)
  Checking: Basilica Cistern... OK (0.0 km)
  Checking: Dolmabahçe Palace... OK (0.0 km)
  Checking: Süleymaniye Mosque... OK (0.0 km)
  Checking: Bosphorus Cruise... NEEDS UPDATE (1.7 km off)
    Current: (41.0173, 28.9711)
    Correct: (41.0037, 28.9802)
    Address: Cankurtaran, Keresteci Hakkı Sk. No: 20/A, 34122 Fatih/İstanbul, Türkiye
  Checking: Chora Church... OK (0.0 km)
  Checking: Istanbul Archaeology Museums... OK (0.0 km)
  Checking: Maiden's Tower... OK (0.0 km)
  Checking: Rumeli Fortress... OK (0.0 km)
  Checking: Princes' Islands... NEEDS UPDATE (2.2 km off)
    Current: (40.8766, 29.1214)
    Correct: (40.8764, 29.0954)
    Address: Adalar/İstanbul, Türkiye
  Checking: Theodosian Walls... NEEDS UPDATE (1.9 km off)
    Current: (41.018, 28.9225)
    Correct: (41.0315, 28.9363)
    Address: Derviş Ali, Hoca Çakır Cd. No:1, 34087 Fatih/İstanbul, Türkiye
  Checking: Grand Bazaar... OK (0.0 km)
  Checking: Istiklal Avenue... OK (0.1 km)
  Checking: Taksim Square... OK (0.0 km)
  Checking: Ortaköy... NEEDS UPDATE (0.8 km off)
    Current: (41.0472, 29.0275)
    Correct: (41.0540, 29.0271)
    Address: Ortaköy, Beşiktaş/İstanbul, Türkiye
  Checking: Galata Bridge... NEEDS UPDATE (0.2 km off)
    Current: (41.02, 28.973)
    Correct: (41.0218, 28.9745)
    Address: Galata Köprüsü, İstanbul, Türkiye
  Checking: Turkish Bath Experience... NEEDS UPDATE (3.7 km off)
    Current: (41.006, 28.97)
    Correct: (41.0367, 28.9854)
    Address: Taksim Meşrutiyet cad, Gümüşsuyu, oteller sk no 3, 34421 Beyoğlu/İstanbul, Türkiye
  Checking: Spice Bazaar... OK (0.0 km)
  Checking: Miniaturk... NEEDS UPDATE (0.4 km off)
    Current: (41.0628, 28.9492)
    Correct: (41.0590, 28.9492)
    Address: Örnektepe, İmrahor Cd. No:7, 34445 Beyoğlu/İstanbul, Türkiye
  Checking: Beylerbeyi Palace... NEEDS UPDATE (0.2 km off)
    Current: (41.0417, 29.0375)
    Correct: (41.0426, 29.0399)
    Address: Beylerbeyi, Abdullahağa Cd., 34676 Üsküdar/İstanbul, Türkiye
  Checking: Bebek... NEEDS UPDATE (0.2 km off)
    Current: (41.0769, 29.0436)
    Correct: (41.0777, 29.0416)
    Address: Bebek, Beşiktaş/İstanbul, Türkiye
  Checking: Çamlıca Hill... NEEDS UPDATE (0.1 km off)
    Current: (41.0283, 29.0706)
    Correct: (41.0282, 29.0692)
    Address: Kısıklı, Çamlıca Tepesi yl No:25/10, 34692 Üsküdar/İstanbul, Türkiye
  Checking: Pierre Loti Hill... NEEDS UPDATE (0.3 km off)
    Current: (41.0522, 28.9361)
    Correct: (41.0542, 28.9338)
    Address: Merkez, İdris Köşkü Cd., 34050 Eyüpsultan/İstanbul, Türkiye
  Checking: Eyüp Sultan Mosque... OK (0.0 km)
  Checking: Balat & Fener... NEEDS UPDATE (0.2 km off)
    Current: (41.0292, 28.9492)
    Correct: (41.0314, 28.9491)
    Address: Balat, Vodina Cd. No:92, 34087 Fatih/İstanbul, Türkiye
  Checking: Yıldız Palace... NEEDS UPDATE (0.8 km off)
    Current: (41.0497, 29.0211)
    Correct: (41.0500, 29.0117)
    Address: Yıldız, Yıldız Şale Köşkü, 34349 Beşiktaş/İstanbul, Türkiye
  Checking: Kadıköy... NEEDS UPDATE (2.9 km off)
    Current: (40.9917, 29.0256)
    Correct: (40.9819, 29.0576)
    Address: Kadıköy/İstanbul, Türkiye
  Checking: Sultanahmet Hippodrome... OK (0.0 km)
  Checking: Galataport... NEEDS UPDATE (0.8 km off)
    Current: (41.0211, 28.9828)
    Correct: (41.0276, 28.9853)
    Address: Kılıçali Paşa, Meclis-i Mebusan Cd. No: 8 İç Kapı No: 102, 34433 Beyoğlu/İstanbul, Türkiye
  Checking: Karaköy... NEEDS UPDATE (0.3 km off)
    Current: (41.0214, 28.9764)
    Correct: (41.0239, 28.9770)
    Address: Karaköy, Müeyyedzade, Beyoğlu/İstanbul, Türkiye
  Checking: Rüstem Pasha Mosque... NEEDS UPDATE (0.1 km off)
    Current: (41.0167, 28.9681)
    Correct: (41.0176, 28.9688)
    Address: Rüstem Paşa, Hasırcılar Cd. No:62, 34116 Fatih/İstanbul, Türkiye
  Checking: Fatih Mosque... OK (0.0 km)
  Checking: Yedikule Fortress... OK (0.1 km)
  Checking: Istanbul Modern... NEEDS UPDATE (2.2 km off)
    Current: (41.0283, 28.9567)
    Correct: (41.0259, 28.9828)
    Address: Kılıçali Paşa, Tophane İskele Cd. No:1/1, 34433 Beyoğlu/İstanbul, Türkiye
  Checking: Pera Museum... NEEDS UPDATE (0.4 km off)
    Current: (41.0347, 28.9772)
    Correct: (41.0319, 28.9751)
    Address: Asmalı Mescit, Meşrutiyet Cd. No:65, 34430 Beyoğlu/İstanbul, Türkiye
  Checking: Rahmi M. Koç Museum... NEEDS UPDATE (0.1 km off)
    Current: (41.0425, 28.95)
    Correct: (41.0419, 28.9491)
    Address: Piri Paşa, Rahmi M. Koç Caddesi No: 3, 34445 Beyoğlu/İstanbul, Türkiye
  Skipping: Istanbul Airport (IST) (excluded)
  ✅ Updated 20 coordinates in file

[334/351] Processing: Europe/Turkey/Cities/IzmirAttractions.swift
  Skipping: Ephesus Ancient City (excluded)
  Checking: House of the Virgin Mary... NEEDS UPDATE (0.3 km off)
    Current: (37.9128, 27.3306)
    Correct: (37.9117, 27.3342)
    Address: Atatürk Mahallesi, Meryemana Mevkii, Küme Evler, Atatürk, 35920 Selçuk/İzmir, Türkiye
  Checking: Basilica of St. John... NEEDS UPDATE (0.3 km off)
    Current: (37.9511, 27.3686)
    Correct: (37.9530, 27.3670)
    Address: Atatürk, St. Jean Cd. No:4, 35920 Selçuk/İzmir, Türkiye
  Checking: Konak Square & Clock Tower... OK (0.1 km)
  Checking: Kemeraltı Bazaar... NEEDS UPDATE (0.2 km off)
    Current: (38.4203, 27.1339)
    Correct: (38.4187, 27.1330)
    Address: Konak, Anafartalar Cd., 35250 Konak/İzmir, Türkiye
  Checking: Kordon... NEEDS UPDATE (0.5 km off)
    Current: (38.4337, 27.1415)
    Correct: (38.4382, 27.1414)
    Address: Kordon Alsancak İzmir, Alsancak, 35250 Konak/İzmir, Türkiye
  Checking: Alaçatı... NEEDS UPDATE (1.2 km off)
    Current: (38.2783, 26.3772)
    Correct: (38.2887, 26.3778)
    Address: Alaçatı, Çeşme/İzmir, Türkiye
  Checking: Asansör... NEEDS UPDATE (1.4 km off)
    Current: (38.4206, 27.1217)
    Correct: (38.4087, 27.1176)
    Address: Turgut Reis, Şht. Nihatbey Cd. 76/A, 35000 Konak/İzmir, Türkiye
  Checking: Pergamon Acropolis... NEEDS UPDATE (0.3 km off)
    Current: (39.1331, 27.1839)
    Correct: (39.1313, 27.1861)
    Address: Ulucami, 35700 Bergama/İzmir, Türkiye
  Checking: Şirince Village... NEEDS UPDATE (0.3 km off)
    Current: (37.9461, 27.4297)
    Correct: (37.9441, 27.4316)
    Address: Şirince, 35920 Selçuk/İzmir, Türkiye
  Skipping: Izmir Adnan Menderes Airport (ADB) (excluded)
  ✅ Updated 8 coordinates in file

[335/351] Processing: Europe/Turkey/Cities/KarsAttractions.swift
  Checking: Ani Archaeological Site... NEEDS UPDATE (1.4 km off)
    Current: (40.5058, 43.5728)
    Correct: (40.5177, 43.5665)
    Address: Ocaklı, Güllüce, Ocaklı/Kars Merkez/Kars, Türkiye
  Checking: Kars Castle... NEEDS UPDATE (1.0 km off)
    Current: (40.605, 43.095)
    Correct: (40.6134, 43.0904)
    Address: Kaleiçi, 36100 Kars Merkez/Kars, Türkiye
  Checking: Cathedral of Kars... NEEDS UPDATE (3.4 km off)
    Current: (40.605, 43.0933)
    Correct: (40.6139, 43.1317)
    Address: Aydınlıkevler, Kaleiçi, 36000 Kars Merkez/Kars, Türkiye
  Checking: Koramaz Valley... OK (0.0 km)
  ✅ Updated 3 coordinates in file

[336/351] Processing: Europe/Turkey/Cities/KonyaAttractions.swift
  Checking: Mevlana Museum... OK (0.1 km)
  Skipping: Çatalhöyük (excluded)
  Checking: Alaeddin Mosque... NEEDS UPDATE (0.4 km off)
    Current: (37.8756, 32.4889)
    Correct: (37.8733, 32.4929)
    Address: İhsaniye, Alaaddin Blv. No:4211, 42030 Selçuklu/Konya, Türkiye
  Checking: Eşrefoğlu Mosque... NEEDS UPDATE (0.9 km off)
    Current: (37.6878, 31.7269)
    Correct: (37.6835, 31.7187)
    Address: İçerişehir, Kale Sk. No:21, 42700 Beyşehir/Konya, Türkiye
  Checking: Karatay Madrasah... NEEDS UPDATE (0.3 km off)
    Current: (37.8747, 32.4958)
    Correct: (37.8750, 32.4929)
    Address: Ferhuniye, 42040 Selçuklu/Konya, Türkiye
  Checking: Ivriz Rock Relief... OK (0.0 km)
  ✅ Updated 3 coordinates in file

[337/351] Processing: Europe/Turkey/Cities/MardinAttractions.swift
  Checking: Mardin Old City... NEEDS UPDATE (1.2 km off)
    Current: (37.3129, 40.735)
    Correct: (37.3145, 40.7486)
    Address: Savurkapı, 1. Cadde No:62, 47100 Artuklu/Mardin, Türkiye
  Checking: Deyrulzafaran Monastery... OK (0.0 km)
  Checking: Mor Yakup (St. Jacob) Church... OK (0.0 km)
  Checking: Midyat Old Town... NEEDS UPDATE (3.5 km off)
    Current: (37.4167, 41.3333)
    Correct: (37.4151, 41.3734)
    Address: Midyat, Mardin, Türkiye
  Checking: Zinciriye Madrasah... NEEDS UPDATE (0.4 km off)
    Current: (37.3133, 40.7356)
    Correct: (37.3142, 40.7400)
    Address: Şar, 47100 Artuklu/Mardin, Türkiye
  ✅ Updated 3 coordinates in file

[338/351] Processing: Europe/Turkey/Cities/MuglaAttractions.swift
  Checking: Bodrum Castle... OK (0.0 km)
  Checking: Bodrum Amphitheatre... NEEDS UPDATE (0.9 km off)
    Current: (37.0389, 27.4225)
    Correct: (37.0344, 27.4305)
    Address: Bodrum, Muğla, Türkiye
  Checking: Mausoleum at Halicarnassus... OK (0.0 km)
  Skipping: Ölüdeniz Beach & Blue Lagoon (excluded)
  Checking: Fethiye Lycian Rock Tombs... NEEDS UPDATE (0.4 km off)
    Current: (36.6208, 29.11)
    Correct: (36.6183, 29.1135)
    Address: Cumhuriyet, Kaya Cd., 48303 Fethiye/Muğla, Türkiye
  Checking: Butterfly Valley... NEEDS UPDATE (2.5 km off)
    Current: (36.5167, 29.1167)
    Correct: (36.4966, 29.1303)
    Address: Butterfly Valley, Faralya, 48300 Fethiye/Muğla, Türkiye
  Checking: Kayaköy Ghost Village... NEEDS UPDATE (0.2 km off)
    Current: (36.5761, 29.0889)
    Correct: (36.5751, 29.0913)
    Address: Kayaköy, 48300 Fethiye/Muğla, Türkiye
  Checking: Marmaris Castle... NEEDS UPDATE (0.4 km off)
    Current: (36.8506, 28.2694)
    Correct: (36.8506, 28.2743)
    Address: Tepe, 30. Sk No:54, 48700 Marmaris/Muğla, Türkiye
  Checking: Dalyan River & Turtle Beach... NEEDS UPDATE (4.3 km off)
    Current: (36.8333, 28.6333)
    Correct: (36.8010, 28.6060)
    Address: Dalyan, 48800 Ortaca/Muğla, Türkiye
  Checking: Datça Peninsula... NEEDS UPDATE (0.8 km off)
    Current: (36.7333, 27.6833)
    Correct: (36.7262, 27.6858)
    Address: Datça, İskele, 48900 Datça/Muğla, Türkiye
  Checking: Stratonikeia Ancient City... NEEDS UPDATE (1.1 km off)
    Current: (37.3208, 28.0569)
    Correct: (37.3121, 28.0631)
    Address: Eskihisar, Eskihisar sokak no 269, 48500 Yatağan/Muğla, Türkiye
  Checking: Euromos Temple of Zeus... OK (0.0 km)
  Checking: Labranda Sanctuary... OK (0.0 km)
  Checking: Kaunos Ancient City... NEEDS UPDATE (0.5 km off)
    Current: (36.825, 28.6167)
    Correct: (36.8260, 28.6221)
    Address: Dalyan, 48800 Ortaca/Köyceğiz/Muğla, Türkiye
  Checking: Knidos Ancient City... NEEDS UPDATE (0.3 km off)
    Current: (36.6861, 27.3764)
    Correct: (36.6880, 27.3744)
    Address: Yazı, Çevre Yolu, 48900 Datça/Muğla, Türkiye
  Checking: Beçin Castle... OK (0.0 km)
  Checking: Iasos Ancient City... NEEDS UPDATE (0.5 km off)
    Current: (37.2764, 27.5889)
    Correct: (37.2796, 27.5849)
    Address: Kıyıkışlacık, Mahallesi, 48200 Milas/Muğla, Türkiye
  ✅ Updated 11 coordinates in file

[339/351] Processing: Europe/Turkey/Cities/PamukkaleAttractions.swift
  Checking: Pamukkale Travertines... NEEDS UPDATE (0.6 km off)
    Current: (37.9204, 29.1186)
    Correct: (37.9244, 29.1232)
    Address: Merkez, Pamukkale, 20190 Pamukkale/Denizli, Türkiye
  Checking: Hierapolis Ancient City... NEEDS UPDATE (1.5 km off)
    Current: (37.9262, 29.1248)
    Correct: (37.9137, 29.1187)
    Address: Pamukkale, 20190 Pamukkale/Denizli, Türkiye
  Checking: Cleopatra's Pool... NEEDS UPDATE (0.2 km off)
    Current: (37.9247, 29.1242)
    Correct: (37.9260, 29.1256)
    Address: Pamukkale, 20190 Pamukkale/Denizli, Türkiye
  Checking: Hierapolis Archaeology Museum... NEEDS UPDATE (0.4 km off)
    Current: (37.925, 29.12)
    Correct: (37.9250, 29.1241)
    Address: Sümer Mahallesi, 2259. Sokak No:12, 20020 Merkez/Pamukkale/Denizli, Türkiye
  Checking: Laodikeia Ancient City... NEEDS UPDATE (0.4 km off)
    Current: (37.8378, 29.1044)
    Correct: (37.8367, 29.1088)
    Address: Goncalı, R4P5+HW, 20000 Merkez/Pamukkale/Denizli, Türkiye
  ✅ Updated 5 coordinates in file

[340/351] Processing: Europe/Turkey/Cities/SafranoluAttractions.swift
  Checking: Safranbolu Old Town... NEEDS UPDATE (0.7 km off)
    Current: (41.2531, 32.6903)
    Correct: (41.2493, 32.6831)
    Address: Safranbolu, Karabük, Türkiye
  Checking: Cinci Han... NEEDS UPDATE (0.9 km off)
    Current: (41.2528, 32.6908)
    Correct: (41.2447, 32.6935)
    Address: Çeşme, Cinci Han Sk., 78600 Safranbolu/Karabük, Türkiye
  Checking: Kaymakamlar House... NEEDS UPDATE (1.1 km off)
    Current: (41.2539, 32.6917)
    Correct: (41.2441, 32.6943)
    Address: Musalla, Hıdırlık Sk. no:6, 78600 Safranbolu/Karabük, Türkiye
  Checking: Cinci Hamam... NEEDS UPDATE (0.8 km off)
    Current: (41.2525, 32.6906)
    Correct: (41.2453, 32.6932)
    Address: Çavuş, 78600 Safranbolu/Karabük, Türkiye
  Checking: Hidirlik Hill... NEEDS UPDATE (1.4 km off)
    Current: (41.2556, 32.6889)
    Correct: (41.2437, 32.6948)
    Address: Babasultan, Hıdırlık Ykş. Sk. No:2, 78600 Safranbolu/Karabük, Türkiye
  ✅ Updated 5 coordinates in file

[341/351] Processing: Europe/Turkey/Cities/SanliurfaAttractions.swift
  Skipping: Göbeklitepe (excluded)
  Checking: Pool of Sacred Fish... NEEDS UPDATE (1.8 km off)
    Current: (37.1517, 38.7903)
    Correct: (37.1674, 38.7955)
    Address: Şanlıurfa, Türkiye
  Checking: Harran Ancient City... NEEDS UPDATE (1.2 km off)
    Current: (36.8725, 39.0311)
    Correct: (36.8631, 39.0243)
    Address: Harran, Şanlıurfa, Türkiye
  Checking: Şanlıurfa Archaeology Museum... NEEDS UPDATE (0.5 km off)
    Current: (37.1583, 38.7833)
    Correct: (37.1543, 38.7813)
    Address: Haleplibahçe, 2372. Sk. No:74/1, 63200 Eyyübiye/Şanlıurfa, Türkiye
  Checking: Urfa Castle... NEEDS UPDATE (0.7 km off)
    Current: (37.15, 38.79)
    Correct: (37.1457, 38.7841)
    Address: Yusufpaşa, Ptt, Yakubiye, 5. Cd., 63100 Eyyübiye/Şanlıurfa, Türkiye
  ✅ Updated 4 coordinates in file

[342/351] Processing: Europe/Turkey/Cities/TrabzonAttractions.swift
  Checking: Sumela Monastery... OK (0.0 km)
  Checking: Hagia Sophia of Trabzon... OK (0.0 km)
  Checking: Uzungöl... NEEDS UPDATE (1.7 km off)
    Current: (40.6217, 40.2922)
    Correct: (40.6335, 40.2788)
    Address: Uzungöl, Çaykara/Trabzon, Türkiye
  Checking: Atatürk Mansion... NEEDS UPDATE (2.2 km off)
    Current: (40.9881, 39.7186)
    Correct: (41.0058, 39.7310)
    Address: İskenderpaşa, İskele Cd. No:4, 61100 Trabzon Merkez/Trabzon, Türkiye
  Checking: Boztepe Hill... NEEDS UPDATE (0.8 km off)
    Current: (41.0033, 39.7333)
    Correct: (40.9966, 39.7328)
    Address: Boztepe, 61030 Ortahisar/Trabzon, Türkiye
  ✅ Updated 3 coordinates in file

[343/351] Processing: Europe/Turkey/Cities/VanAttractions.swift
  Checking: Akdamar Church... NEEDS UPDATE (0.9 km off)
    Current: (38.3319, 43.0364)
    Correct: (38.3403, 43.0369)
    Address: Van, Akdamar Adası, 65700 Gevaş/Van, Türkiye
  Checking: Van Castle... NEEDS UPDATE (0.3 km off)
    Current: (38.5011, 43.3428)
    Correct: (38.5027, 43.3399)
    Address: Yalı, 65040 Merkez/İpekyolu/Van, Türkiye
  Checking: Lake Van... OK (0.0 km)
  ✅ Updated 2 coordinates in file

[344/351] Processing: Europe/Ukraine/Cities/KharkivAttractions.swift
  Checking: Freedom Square... NEEDS UPDATE (0.3 km off)
    Current: (50.0036, 36.2292)
    Correct: (50.0052, 36.2318)
    Address: Svobody Square, Kharkiv, Kharkivs'ka oblast, Ukraine, 61000
  Checking: Annunciation Cathedral... NEEDS UPDATE (0.6 km off)
    Current: (49.9919, 36.2318)
    Correct: (49.9906, 36.2240)
    Address: Blahovishchenska Square, 1, Kharkiv, Kharkivs'ka oblast, Ukraine, 61000
  Checking: Shevchenko Park... OK (0.0 km)
  Checking: Gorky Park... NEEDS UPDATE (1.5 km off)
    Current: (50.005, 36.2358)
    Correct: (50.0163, 36.2467)
    Address: Maxim Gorky Central Park for Culture and Recreation, Sumska St, 81, Kharkiv, Kharkivs'ka oblast, Ukraine, 61000
  Skipping: Kharkiv International Airport (HRK) (excluded)
  ✅ Updated 3 coordinates in file

[345/351] Processing: Europe/Ukraine/Cities/KyivAttractions.swift
  Checking: Saint Sophia's Cathedral... OK (0.0 km)
  Checking: Kyiv Pechersk Lavra... OK (0.0 km)
  Checking: Independence Square (Maidan)... OK (0.0 km)
  Checking: St. Andrew's Church... OK (0.0 km)
  Checking: Golden Gate... OK (0.0 km)
  Skipping: Boryspil International Airport (KBP) (excluded)
  Checking: St. Michael's Golden-Domed Monastery... OK (0.0 km)
  Checking: Motherland Monument... OK (0.0 km)
  Checking: Andriyivskyy Descent... OK (0.1 km)
  Checking: Hryshko National Botanical Garden... NEEDS UPDATE (0.2 km off)
    Current: (50.415, 30.56)
    Correct: (50.4149, 30.5628)
    Address: Kyiv National Botanical Garden, 1, Sadovo-Botanichna St, Kyiv, Ukraine, 01014
  Checking: National Opera of Ukraine... OK (0.0 km)
  Checking: House with Chimeras... OK (0.0 km)
  Checking: Pirogovo Open-Air Museum... NEEDS UPDATE (0.3 km off)
    Current: (50.3535, 30.51)
    Correct: (50.3512, 30.5129)
    Address: Pyrohiv, Kyiv, Ukraine, 02000
  Checking: Ukrainian National Chornobyl Museum... OK (0.1 km)
  Checking: Arsenalna Metro Station... NEEDS UPDATE (0.2 km off)
    Current: (50.4444, 30.5456)
    Correct: (50.4431, 30.5472)
    Address: Arsenalna, Kyiv, Ukraine, 02000
  Checking: Vydubychi Monastery... OK (0.1 km)
  ✅ Updated 3 coordinates in file

[346/351] Processing: Europe/Ukraine/Cities/LvivAttractions.swift
  Checking: Rynok Square... OK (0.0 km)
  Checking: Lviv Opera House... OK (0.0 km)
  Checking: High Castle... NEEDS UPDATE (0.4 km off)
    Current: (49.8484, 24.0398)
    Correct: (49.8480, 24.0344)
    Address: Vysokyi Zamok St, 7, L'viv, L'vivs'ka oblast, Ukraine, 79000
  Checking: Coffee Mining Manufacture... NEEDS UPDATE (0.1 km off)
    Current: (49.8408, 24.0296)
    Correct: (49.8397, 24.0297)
    Address: Lviv, Lviv Oblast, Ukraine, 79000
  Skipping: Lviv Danylo Halytskyi Airport (LWO) (excluded)
  ✅ Updated 2 coordinates in file

[347/351] Processing: Europe/Ukraine/Cities/OdesaAttractions.swift
  Checking: Potemkin Stairs... OK (0.1 km)
  Checking: Odesa Opera House... NEEDS UPDATE (0.1 km off)
    Current: (46.4861, 30.7396)
    Correct: (46.4855, 30.7412)
    Address: Teatralnyi Ln, 1, Odesa, Odes'ka oblast, Ukraine, 65000
  Checking: Derybasivska Street... NEEDS UPDATE (0.1 km off)
    Current: (46.4846, 30.7375)
    Correct: (46.4841, 30.7388)
    Address: Derybasivska St, Odesa, Odes'ka oblast, Ukraine, 65000
  Checking: Arcadia Beach... NEEDS UPDATE (1.4 km off)
    Current: (46.4361, 30.7542)
    Correct: (46.4274, 30.7668)
    Address: Arkadiyska Alley, Odesa, Odes'ka oblast, Ukraine, 65000
  Skipping: Odesa International Airport (ODS) (excluded)
  ✅ Updated 3 coordinates in file

[348/351] Processing: Europe/Wales/Cities/CardiffAttractions.swift
  Checking: Cardiff Castle... NEEDS UPDATE (0.1 km off)
    Current: (51.4813, -3.181)
    Correct: (51.4822, -3.1812)
    Address: Castle St, Cardiff CF10 3RB, UK
  Checking: Cardiff Bay... NEEDS UPDATE (0.3 km off)
    Current: (51.4633, -3.165)
    Correct: (51.4649, -3.1613)
    Address: Cardiff Bay, Cardiff CF10 5AL, UK
  Checking: St Fagans National Museum of History... NEEDS UPDATE (0.1 km off)
    Current: (51.486, -3.272)
    Correct: (51.4872, -3.2724)
    Address: Cardiff CF5 6XB, UK
  Checking: Principality Stadium... OK (0.0 km)
  Skipping: Cardiff Airport (CWL) (excluded)
  Checking: National Museum Cardiff... OK (0.0 km)
  Checking: Wales Millennium Centre... OK (0.0 km)
  Checking: Bute Park... OK (0.1 km)
  Checking: Caerphilly Castle... OK (0.0 km)
  Checking: Llandaff Cathedral... OK (0.0 km)
  Checking: Norwegian Church Arts Centre... NEEDS UPDATE (0.1 km off)
    Current: (51.4623, -3.1614)
    Correct: (51.4614, -3.1619)
    Address: Bay, Norwegian Church Arts Centre, Harbour Dr, Cardiff CF10 4PA, UK
  Checking: Techniquest... NEEDS UPDATE (0.3 km off)
    Current: (51.4608, -3.17)
    Correct: (51.4628, -3.1675)
    Address: Stuart St, Cardiff CF10 5BW, UK
  Checking: Cardiff Market... OK (0.1 km)
  Checking: Victorian Arcades... NEEDS UPDATE (0.2 km off)
    Current: (51.4795, -3.179)
    Correct: (51.4807, -3.1809)
    Address: Castle St, Cardiff CF10 1BU, UK
  Checking: Roath Park... NEEDS UPDATE (0.5 km off)
    Current: (51.5033, -3.1733)
    Correct: (51.5077, -3.1739)
    Address: Roath Park, Cardiff CF23, UK
  Checking: The Senedd... OK (0.1 km)
  Checking: Castell Coch... NEEDS UPDATE (1.7 km off)
    Current: (51.5358, -3.2306)
    Correct: (51.5358, -3.2548)
    Address: Castell Coch, Cardiff CF15 7JS, UK
  ✅ Updated 8 coordinates in file

[349/351] Processing: Europe/Wales/Cities/ConwyAttractions.swift
  Checking: Conwy Castle... OK (0.0 km)
  Checking: Smallest House in Great Britain... NEEDS UPDATE (0.1 km off)
    Current: (53.2825, -3.8305)
    Correct: (53.2824, -3.8285)
    Address: 10 Lower Gate St, Conwy LL32 8BE, UK
  Checking: Conwy Town Walls... NEEDS UPDATE (0.3 km off)
    Current: (53.281, -3.832)
    Correct: (53.2799, -3.8276)
    Address: 18 Lower Gate St, Conwy LL32 8BE, UK
  Skipping: Manchester Airport (Serving Conwy) (excluded)
  ✅ Updated 2 coordinates in file

[350/351] Processing: Europe/Wales/Cities/SnowdoniaAttractions.swift
  Checking: Mount Snowdon (Yr Wyddfa)... OK (0.0 km)
  Checking: Zip World Penrhyn Quarry... OK (0.0 km)
  Skipping: Manchester Airport (Serving Snowdonia) (excluded)

[351/351] Processing: Europe/Wales/Cities/TenbyAttractions.swift
  Checking: Tenby Harbour & Beach... NEEDS UPDATE (0.4 km off)
    Current: (51.672, -4.704)
    Correct: (51.6727, -4.6979)
    Address: Tenby Harbour, Tenby SA70, UK
  Checking: Caldey Island... NEEDS UPDATE (0.7 km off)
    Current: (51.636, -4.686)
    Correct: (51.6401, -4.6941)
    Address: Caldey Island, Tenby SA70 7UJ, UK
  Skipping: Cardiff Airport (Serving Tenby) (excluded)
  ✅ Updated 2 coordinates in file

============================================================
SUMMARY
============================================================
Total attractions checked: 3168
Skipped (airports/day trips): 265
Coordinates OK: 1531
Corrections applied: 1371
Errors (not found): 1

Corrections applied:
  - Noravank Monastery (Areni): 3.2 km off
  - Areni-1 Cave (Areni): 0.2 km off
  - Areni Wineries (Areni): 0.5 km off
  - Karmravor Church (Ashtarak): 0.2 km off
  - Haghartsin Monastery (Dilijan): 0.3 km off
  - Old Dilijan Complex (Dilijan): 0.5 km off
  - Zvartnots Cathedral Ruins (Etchmiadzin): 0.6 km off
  - Symphony of Stones (Garni): 0.1 km off
  - Lake Sevan Beaches (Sevan): 1.3 km off
  - Cascade Complex (Yerevan): 0.3 km off
  - Vernissage Market (Yerevan): 0.3 km off
  - Blue Mosque (Yerevan): 0.2 km off
  - Armenian Opera Theatre (Yerevan): 0.3 km off
  - History Museum of Armenia (Yerevan): 0.1 km off
  - Mother Armenia Statue (Yerevan): 0.7 km off
  - Saint Gregory Cathedral (Yerevan): 0.8 km off
  - Erebuni Fortress (Yerevan): 1.6 km off
  - Yerevan Brandy Company (Yerevan): 0.8 km off
  - Flame Towers (Baku): 1.0 km off
  - Old City (Icherisheher) (Baku): 0.2 km off
  - Highland Park (Dagustu Park) (Baku): 0.3 km off
  - Fountain Square (Baku): 0.2 km off
  - Nizami Street (Baku): 0.9 km off
  - Baku Boulevard (Baku): 0.7 km off
  - Azerbaijan National Museum of Art (Baku): 0.6 km off
  - Gobustan Rock Art (Baku): 1.3 km off
  - Taza Pir Mosque (Baku): 0.2 km off
  - Baku Ferris Wheel (Baku): 1.5 km off
  - Absheron National Park (Baku): 1.7 km off
  - Tufandag Mountain Resort (Gabala): 4.1 km off
  - Nohur Lake (Gabala): 0.7 km off
  - Nizami Ganjavi Mausoleum (Ganja): 1.4 km off
  - Khan's House (Lankaran) (Lankaran): 0.3 km off
  - Momine Khatun Mausoleum (Nakhchivan): 0.7 km off
  - Khinalig Village (Quba): 0.3 km off
  - Upper Caravanserai (Sheki): 1.4 km off
  - Sheki Historic Center (Sheki): 2.5 km off
  - Batumi Boulevard (Batumi): 0.3 km off
  - Batumi Botanical Garden (Batumi): 0.3 km off
  - Batumi Dolphinarium (Batumi): 0.1 km off
  - Gveleti Waterfall (Kazbegi): 0.9 km off
  - Truso Valley (Kazbegi): 4.2 km off
  - Svan Towers of Mestia (Mestia): 0.1 km off
  - Svaneti Museum of History (Mestia): 0.5 km off
  - Sighnaghi City Walls (Sighnaghi): 0.1 km off
  - Narikala Fortress (Tbilisi): 0.2 km off
  - Rike Park (Tbilisi): 0.1 km off
  - Dry Bridge Market (Tbilisi): 0.1 km off
  - Vardzia Cave Monastery (Vardzia): 2.7 km off
  - Khertvisi Fortress (Vardzia): 0.1 km off
  - Shymbulak Ski Resort (Almaty): 0.2 km off
  - Kaindy Lake (Almaty): 0.1 km off
  - Charyn Canyon (Almaty): 2.3 km off
  - Arystan Bab Mausoleum (Turkestan): 0.3 km off
  - Ala-Too Square (Bishkek): 0.2 km off
  - Osh Bazaar (Bishkek): 0.2 km off
  - Panfilov Park (Bishkek): 0.1 km off
  - Dungan Mosque (Karakol): 1.5 km off
  - Holy Trinity Cathedral (Karakol): 0.8 km off
  - Song-Kul Lake (Naryn): 3.0 km off
  - Suleiman-Too Sacred Mountain (Osh): 0.1 km off
  - Osh Bazaar (Jayma Bazaar) (Osh): 1.4 km off
  - Monument of Neutrality (Ashgabat): 4.1 km off
  - Ertugrul Gazi Mosque (Ashgabat): 0.2 km off
  - Turkmen Carpet Museum (Ashgabat): 1.8 km off
  - Kutlug-Timur Minaret (Kunya-Urgench): 4.1 km off
  - Turabek Khanym Mausoleum (Kunya-Urgench): 4.6 km off
  - Ancient Merv (Mary): 1.6 km off
  - Sultan Sanjar Mausoleum (Mary): 0.2 km off
  - Lyabi-Hauz Ensemble (Bukhara): 0.3 km off
  - Samanid Mausoleum (Bukhara): 0.7 km off
  - Itchan Kala (Khiva): 0.4 km off
  - Kalta Minor Minaret (Khiva): 0.2 km off
  - Ship Cemetery (Muynak) (Nukus): 2.5 km off
  - Gur-Emir Mausoleum (Samarkand): 0.5 km off
  - Shah-i-Zinda Necropolis (Samarkand): 0.1 km off
  - Khast-Imam Complex (Tashkent): 0.2 km off
  - Chorsu Bazaar (Tashkent): 0.2 km off
  - Great Wall at Badaling (Beijing): 1.3 km off
  - 798 Art District (Beijing): 0.3 km off
  - Hutong neighborhoods (Beijing): 3.8 km off
  - Universal Studios Beijing (Beijing): 1.3 km off
  - Jingshan Park (Beijing): 0.3 km off
  - National Museum of China (Beijing): 0.1 km off
  - Olympic Park & Bird's Nest (Beijing): 0.1 km off
  - Ming Tombs (Beijing): 0.4 km off
  - Beihai Park (Beijing): 0.2 km off
  - Wuhou Shrine (Chengdu): 0.1 km off
  - Kuanzhai Alley (Chengdu): 1.0 km off
  - Dujiangyan Irrigation System (Chengdu): 0.6 km off
  - Li River Cruise (Guilin): 3.7 km off
  - Yangshuo (Guilin): 0.8 km off
  - Reed Flute Cave (Guilin): 1.9 km off
  - Longji Rice Terraces (Guilin): 3.5 km off
  - Elephant Trunk Hill (Guilin): 0.2 km off
  - Two Rivers Four Lakes (Guilin): 1.3 km off
  - West Lake (Hangzhou): 1.0 km off
  - Lingyin Temple (Hangzhou): 0.1 km off
  - Leifeng Pagoda (Hangzhou): 0.2 km off
  - Qinghefang Ancient Street (Hangzhou): 0.9 km off
  - Xixi National Wetland Park (Hangzhou): 0.3 km off
  - Jokhang Temple (Lhasa): 0.4 km off
  - Barkhor Street (Lhasa): 0.6 km off
  - Sera Monastery (Lhasa): 0.2 km off
  - Norbulingka (Lhasa): 0.2 km off
  - Yamdrok Lake (Lhasa): 2.9 km off
  - Shanghai Tower (Shanghai): 0.4 km off
  - French Concession (Shanghai): 0.8 km off
  - Tianzifang (Shanghai): 0.3 km off
  - Zhujiajiao Water Town (Shanghai): 1.0 km off
  - Shanghai Disney Resort (Shanghai): 0.6 km off
  - M50 Creative Park (Shanghai): 0.4 km off
  - Shanghai Museum (Shanghai): 0.3 km off
  - Nanjing Road (Shanghai): 0.5 km off
  - Xintiandi (Shanghai): 0.4 km off
  - People's Square (Shanghai): 0.2 km off
  - OCT Loft Creative Culture Park (Shenzhen): 1.5 km off
  - Shenzhen Bay Park (Shenzhen): 0.7 km off
  - Ping An Finance Centre (Shenzhen): 0.8 km off
  - Splendid China & China Folk Village (Shenzhen): 0.5 km off
  - Dafen Oil Painting Village (Shenzhen): 2.0 km off
  - Shenzhen Museum (Shenzhen): 0.3 km off
  - Sea World (Shenzhen): 0.3 km off
  - Humble Administrator's Garden (Suzhou): 0.6 km off
  - Suzhou Museum (Suzhou): 0.5 km off
  - Tiger Hill (Suzhou): 0.6 km off
  - Tongli Water Town (Suzhou): 1.0 km off
  - Master of the Nets Garden (Suzhou): 0.6 km off
  - Xi'an City Wall (Xi'an): 2.1 km off
  - Muslim Quarter (Xi'an): 0.2 km off
  - Great Mosque (Xi'an): 0.2 km off
  - Giant Wild Goose Pagoda (Xi'an): 0.4 km off
  - Bell & Drum Towers (Xi'an): 2.6 km off
  - Shaanxi History Museum (Xi'an): 0.2 km off
  - Tang Paradise (Xi'an): 0.5 km off
  - Small Wild Goose Pagoda (Xi'an): 0.4 km off
  - Zhangjiajie National Forest Park (Zhangjiajie): 0.9 km off
  - Tianmen Mountain (Zhangjiajie): 0.8 km off
  - Zhangjiajie Grand Canyon Glass Bridge (Zhangjiajie): 0.9 km off
  - Baofeng Lake (Zhangjiajie): 1.0 km off
  - Yellow Dragon Cave (Zhangjiajie): 1.9 km off
  - Tianzi Mountain (Zhangjiajie): 4.8 km off
  - Star Ferry (Hong Kong): 3.6 km off
  - Temple Street Night Market (Hong Kong): 0.3 km off
  - Avenue of Stars (Hong Kong): 0.5 km off
  - Nan Lian Garden (Hong Kong): 0.1 km off
  - Tai O Fishing Village (Hong Kong): 0.3 km off
  - Dragon's Back (Hong Kong): 0.2 km off
  - Ladies' Market (Hong Kong): 0.2 km off
  - Repulse Bay & Stanley (Hong Kong): 0.2 km off
  - Hakata Yatai Stalls (Fukuoka): 0.1 km off
  - Nanzoin Temple (Fukuoka): 1.6 km off
  - Kushida Shrine (Fukuoka): 0.2 km off
  - Uminonakamichi Seaside Park (Fukuoka): 1.3 km off
  - Lake Ashi (Hakone): 0.7 km off
  - Owakudani (Hakone): 0.1 km off
  - Hakone Tozan Railway (Hakone): 2.7 km off
  - Yunessun Spa Resort (Hakone): 0.2 km off
  - Pola Museum of Art (Hakone): 0.7 km off
  - Choanji Temple (Hakone): 0.7 km off
  - Hakone Sekisho (Checkpoint) (Hakone): 0.1 km off
  - Mazda Museum (Hiroshima): 2.3 km off
  - Fushimi Inari Taisha (Kyoto): 0.6 km off
  - Philosopher's Path (Kyoto): 0.5 km off
  - Eikan-do Zenrin-ji (Kyoto): 0.1 km off
  - Nanzen-ji (Kyoto): 0.2 km off
  - Kyoto Imperial Palace (Kyoto): 0.1 km off
  - Kofuku-ji Temple (Nara): 0.1 km off
  - Isuien Garden (Nara): 0.2 km off
  - Naramachi (Nara): 0.5 km off
  - Horyu-ji Temple (Nara): 0.2 km off
  - Yakushi-ji Temple (Nara): 0.2 km off
  - Lake Chuzenji (Nikko): 1.2 km off
  - Rinno-ji Temple (Nikko): 0.1 km off
  - Edo Wonderland (Nikko): 0.1 km off
  - Futarasan Shrine (Nikko): 0.2 km off
  - Tamozawa Imperial Villa (Nikko): 0.2 km off
  - Kokusai Dori (Okinawa): 0.3 km off
  - American Village (Okinawa): 0.4 km off
  - Sefa Utaki (Okinawa): 0.2 km off
  - Okinawa World (Gyokusendo Cave) (Okinawa): 0.1 km off
  - Dotonbori (Osaka): 0.2 km off
  - Kuromon Ichiba Market (Osaka): 0.1 km off
  - Sapporo Snow Festival (Odori Park) (Sapporo): 0.5 km off
  - Susukino (Sapporo): 0.1 km off
  - Moerenuma Park (Sapporo): 0.1 km off
  - teamLab Planets (Tokyo): 0.4 km off
  - Imperial Palace East Gardens (Tokyo): 0.4 km off
  - Akihabara Electric Town (Tokyo): 0.2 km off
  - Takeshita Street (Tokyo): 0.2 km off
  - Ueno Park (Tokyo): 0.1 km off
  - Odaiba (Tokyo): 0.9 km off
  - Ginza (Tokyo): 0.1 km off
  - Yoyogi Park (Tokyo): 0.2 km off
  - Erdene Zuu Monastery (Kharkhorin): 0.2 km off
  - Museum of Karakorum (Kharkhorin): 2.3 km off
  - Monument to the Mongol States (Kharkhorin): 1.9 km off
  - Phallic Rock (Kharkhorin): 0.1 km off
  - Uushigiin Uver Deer Stones (Murun): 0.6 km off
  - Gandantegchinlen Monastery (Ulaanbaatar): 0.2 km off
  - Zaisan Memorial (Ulaanbaatar): 1.5 km off
  - Bogd Khan Palace Museum (Ulaanbaatar): 0.1 km off
  - Choijin Lama Temple Museum (Ulaanbaatar): 0.2 km off
  - Zanabazar Fine Arts Museum (Ulaanbaatar): 0.3 km off
  - Narantuul Market (Black Market) (Ulaanbaatar): 0.2 km off
  - The Beatles Square (Ulaanbaatar): 4.3 km off
  - Haeundae Beach (Busan): 1.9 km off
  - Taejongdae Resort Park (Busan): 0.1 km off
  - Oryukdo Skywalk (Busan): 0.1 km off
  - Beomeosa Temple (Busan): 0.1 km off
  - Daereungwon Tomb Complex (Gyeongju): 0.1 km off
  - Gyeongju National Museum (Gyeongju): 0.2 km off
  - Wolmido Island (Incheon): 0.5 km off
  - Incheon Grand Park (Incheon): 0.8 km off
  - Hallasan National Park (Jeju Island): 0.6 km off
  - Manjanggul Cave (Jeju Island): 0.1 km off
  - Cheonjiyeon Waterfall (Jeju Island): 0.5 km off
  - Jeongbang Waterfall (Jeju Island): 0.3 km off
  - Bukchon Hanok Village (Seoul): 0.2 km off
  - Myeongdong Shopping Street (Seoul): 0.5 km off
  - Insadong (Seoul): 0.3 km off
  - Hongdae (Seoul): 0.1 km off
  - Itaewon (Seoul): 0.5 km off
  - Cheonggyecheon Stream (Seoul): 2.0 km off
  - Starfield Library (Seoul): 0.1 km off
  - Qixingtan Beach (Hualien): 2.2 km off
  - Swallow Grotto (Yanzikou) (Hualien): 1.2 km off
  - Fo Guang Shan Buddha Museum (Kaohsiung): 0.2 km off
  - Sun Moon Lake (Nantou): 0.6 km off
  - Gaomei Wetlands (Taichung): 0.5 km off
  - Garden Night Market (Tainan): 0.2 km off
  - Chiang Kai-shek Memorial Hall (Taipei): 0.2 km off
  - Elephant Mountain (Xiangshan) (Taipei): 0.6 km off
  - Shilin Night Market (Taipei): 0.1 km off
  - Al-Fateh Grand Mosque (Manama): 0.9 km off
  - Bab Al Bahrain (Manama): 0.3 km off
  - Manama Souq (Manama): 0.4 km off
  - Bahrain World Trade Center (Manama): 0.2 km off
  - Bahrain International Circuit (Manama): 0.2 km off
  - Muharraq Old Town (Manama): 1.2 km off
  - Arad Fort (Manama): 2.4 km off
  - Block 338 & Adliya (Manama): 1.3 km off
  - A'ali Royal Burial Mounds (Manama): 0.9 km off
  - Amwaj Islands (Manama): 2.1 km off
  - Si-o-se-pol Bridge (Isfahan): 0.4 km off
  - Khaju Bridge (Isfahan): 0.4 km off
  - Vank Cathedral (Isfahan): 0.1 km off
  - Chehel Sotoun Palace (Isfahan): 0.2 km off
  - Isfahan Grand Bazaar (Qeysarieh) (Isfahan): 0.4 km off
  - Eram Garden (Shiraz): 0.4 km off
  - Tomb of Hafez (Shiraz): 1.6 km off
  - Vakil Bazaar (Shiraz): 0.9 km off
  - Arg of Karim Khan (Shiraz): 1.2 km off
  - Shah Cheragh Shrine (Shiraz): 0.6 km off
  - Golestan Palace (Tehran): 0.2 km off
  - National Jewelry Treasury (Tehran): 0.5 km off
  - National Museum of Iran (Tehran): 0.3 km off
  - Grand Bazaar (Tehran): 0.6 km off
  - Niavaran Palace Complex (Tehran): 0.7 km off
  - Tabiat Bridge (Tehran): 1.0 km off
  - Darband (Tehran): 0.2 km off
  - National Museum of Iraq (Baghdad): 2.1 km off
  - Al-Mutanabbi Street (Baghdad): 0.6 km off
  - Al-Kadhimiya Mosque (Baghdad): 0.5 km off
  - Baghdad Tower (International Tower) (Baghdad): 2.0 km off
  - Al-Shaheed Monument (Baghdad): 4.8 km off
  - Firdos Square (Baghdad): 3.7 km off
  - Tigris River Cruise (Baghdad): 2.8 km off
  - Zawraa Park (Baghdad): 2.3 km off
  - Abu Hanifa Mosque (Baghdad): 3.0 km off
  - Al-Mustansiriya Madrasah (Baghdad): 0.6 km off
  - Kurdish Textile Museum (Erbil): 0.1 km off
  - Sami Abdul Rahman Park (Erbil): 1.3 km off
  - Erbil Bazaar (Qaysari) (Erbil): 0.3 km off
  - Shanidar Cave (Erbil): 0.3 km off
  - Jalil Khayat Mosque (Erbil): 1.7 km off
  - Bahá'í Gardens (Haifa): 0.3 km off
  - German Colony (Haifa): 2.0 km off
  - Carmelit Underground Funicular (Haifa): 1.0 km off
  - Stella Maris Monastery (Haifa): 0.2 km off
  - Haifa Cable Car (Haifa): 0.8 km off
  - Wadi Nisnas (Haifa): 0.7 km off
  - Madatech - Israel National Museum of Science (Haifa): 1.8 km off
  - Louis Promenade (Haifa): 1.2 km off
  - Tikotin Museum of Japanese Art (Haifa): 1.2 km off
  - Elijah's Cave (Haifa): 0.5 km off
  - Haifa Educational Zoo (Haifa): 1.3 km off
  - Bat Galim Beach (Haifa): 1.7 km off
  - Hecht Museum (Haifa): 2.8 km off
  - Haifa Port (Haifa): 0.3 km off
  - Jaffa Old City (Tel Aviv): 0.6 km off
  - White City Bauhaus Architecture (Tel Aviv): 1.3 km off
  - Carmel Market (Tel Aviv): 0.3 km off
  - Tel Aviv Beach Promenade (Tel Aviv): 1.8 km off
  - Rothschild Boulevard (Tel Aviv): 0.4 km off
  - Neve Tzedek (Tel Aviv): 0.3 km off
  - Sarona Market (Tel Aviv): 0.2 km off
  - Eretz Israel Museum (Tel Aviv): 1.2 km off
  - Gordon Beach (Tel Aviv): 0.1 km off
  - Old Tel Aviv Port (Tel Aviv): 1.5 km off
  - Nachalat Binyamin Arts & Crafts Fair (Tel Aviv): 0.2 km off
  - Amman Citadel (Jabal al-Qal'a) (Amman): 0.3 km off
  - Roman Theatre (Amman): 0.3 km off
  - Rainbow Street (Amman): 0.5 km off
  - King Abdullah I Mosque (Amman): 1.0 km off
  - Jordan Museum (Amman): 0.8 km off
  - Darat al Funun (Amman): 0.1 km off
  - Wild Jordan Center (Amman): 0.9 km off
  - The Siq (Petra): 0.8 km off
  - The Monastery (Ad-Deir) (Petra): 0.5 km off
  - Royal Tombs (Petra): 0.5 km off
  - The High Place of Sacrifice (Petra): 0.6 km off
  - Street of Facades (Petra): 0.4 km off
  - Roman Theatre (Petra): 0.9 km off
  - Petra by Night (Petra): 2.1 km off
  - Little Petra (Siq al-Barid) (Petra): 3.7 km off
  - Great Temple (Petra): 0.4 km off
  - Byzantine Church (Petra): 0.4 km off
  - Colonnaded Street (Petra): 0.5 km off
  - Kuwait Towers (Kuwait City): 2.1 km off
  - Grand Mosque (Kuwait City): 0.4 km off
  - The Avenues Mall (Kuwait City): 1.1 km off
  - Liberation Tower (Kuwait City): 1.1 km off
  - Souq Al-Mubarakiya (Kuwait City): 0.6 km off
  - Museum of Modern Art (Kuwait City): 2.0 km off
  - Al Shaheed Park (Kuwait City): 0.8 km off
  - Failaka Island (Kuwait City): 4.4 km off
  - Mirror House (Kuwait City): 2.4 km off
  - Kuwait National Museum (Kuwait City): 1.8 km off
  - Seif Palace (Kuwait City): 0.5 km off
  - 360 Mall (Kuwait City): 4.3 km off
  - Pigeon Rocks (Raouché) (Beirut): 1.6 km off
  - National Museum of Beirut (Beirut): 0.6 km off
  - Downtown Beirut (BCD) (Beirut): 0.7 km off
  - Mohammad Al-Amin Mosque (Beirut): 0.2 km off
  - Hamra Street (Beirut): 0.1 km off
  - American University of Beirut (Beirut): 0.5 km off
  - Gemmayzeh & Mar Mikhael (Beirut): 0.7 km off
  - Sursock Museum (Beirut): 0.5 km off
  - Beit Beirut (Yellow House) (Beirut): 0.8 km off
  - Jeita Grotto (Beirut): 0.2 km off
  - Harissa & Our Lady of Lebanon (Beirut): 4.7 km off
  - Zaitunay Bay (Beirut): 1.5 km off
  - Place de l'Étoile (Beirut): 0.1 km off
  - Ashrafieh (Beirut): 0.2 km off
  - Beirut Souks (Beirut): 0.6 km off
  - Sultan Qaboos Grand Mosque (Muscat): 2.1 km off
  - Mutrah Souq (Muscat): 0.4 km off
  - Mutrah Corniche (Muscat): 1.2 km off
  - Al Jalali & Al Mirani Forts (Muscat): 0.4 km off
  - National Museum of Oman (Muscat): 0.1 km off
  - Al Alam Palace (Muscat): 0.4 km off
  - Bimmah Sinkhole (Muscat): 1.2 km off
  - Qurum Beach (Muscat): 2.9 km off
  - Bait Al Zubair Museum (Muscat): 0.2 km off
  - Muscat Gate Museum (Muscat): 0.8 km off
  - Souq Waqif (Doha): 0.2 km off
  - The Pearl-Qatar (Doha): 0.3 km off
  - National Museum of Qatar (Doha): 0.1 km off
  - Katara Cultural Village (Doha): 0.3 km off
  - Doha Corniche (Doha): 1.1 km off
  - Aspire Park (Doha): 0.7 km off
  - Villaggio Mall (Doha): 0.4 km off
  - Msheireb Downtown Doha (Doha): 0.1 km off
  - Lusail City (Doha): 1.7 km off
  - Falcon Souq (Doha): 0.3 km off
  - 3-2-1 Qatar Olympic and Sports Museum (Doha): 0.7 km off
  - Education City Mosques (Doha): 1.0 km off
  - Dhow Cruise (Doha): 2.4 km off
  - West Bay Skyline (Doha): 0.2 km off
  - Mathaf: Arab Museum of Modern Art (Doha): 2.3 km off
  - Fire Station: Artists in Residence (Doha): 3.3 km off
  - Place Vendome Mall (Doha): 3.4 km off
  - Al-Balad (Historic Jeddah) (Jeddah): 0.4 km off
  - King Fahd Fountain (Jeddah): 1.9 km off
  - Red Sea Mall (Jeddah): 1.4 km off
  - Floating Mosque (Al Rahma) (Jeddah): 3.8 km off
  - Obhur Creek (Jeddah): 0.8 km off
  - Kingdom Centre Tower (Riyadh): 0.1 km off
  - Diriyah (At-Turaif) (Riyadh): 0.3 km off
  - Riyadh Zoo (Riyadh): 3.5 km off
  - King Abdullah Financial District (KAFD) (Riyadh): 0.2 km off
  - Murabba Palace (King Abdulaziz Historical Center) (Riyadh): 0.2 km off
  - Old City of Damascus (Damascus): 2.6 km off
  - Azem Palace (Damascus): 0.2 km off
  - Straight Street (Via Recta) (Damascus): 1.0 km off
  - Chapel of Saint Paul (Damascus): 0.5 km off
  - National Museum of Damascus (Damascus): 0.5 km off
  - Sayyidah Ruqayya Mosque (Damascus): 0.1 km off
  - Citadel of Damascus (Damascus): 0.1 km off
  - House of Ananias (Damascus): 0.9 km off
  - Mount Qasioun (Damascus): 2.0 km off
  - Yas Island (Abu Dhabi): 0.5 km off
  - Abu Dhabi Corniche (Abu Dhabi): 2.1 km off
  - Warner Bros. World Abu Dhabi (Abu Dhabi): 0.9 km off
  - Saadiyat Beach (Abu Dhabi): 2.3 km off
  - Qasr Al Watan (Abu Dhabi): 0.9 km off
  - Yas Waterworld (Abu Dhabi): 0.3 km off
  - Mangrove National Park (Abu Dhabi): 0.5 km off
  - Yas Marina Circuit (Abu Dhabi): 1.1 km off
  - Heritage Village (Abu Dhabi): 0.4 km off
  - Capital Gate Tower (Abu Dhabi): 0.6 km off
  - Jubail Mangrove Park (Abu Dhabi): 0.2 km off
  - Soul Beach Saadiyat (Abu Dhabi): 1.0 km off
  - Observation Deck at 300 (Abu Dhabi): 1.1 km off
  - Yas Marina (Abu Dhabi): 1.1 km off
  - Burj Khalifa (Dubai): 0.5 km off
  - Palm Jumeirah (Dubai): 1.3 km off
  - Atlantis Aquaventure (Dubai): 0.3 km off
  - Dubai Creek & Abra Ride (Dubai): 1.5 km off
  - Gold Souk (Dubai): 1.7 km off
  - Dubai Marina (Dubai): 0.9 km off
  - JBR Beach & The Walk (Dubai): 0.2 km off
  - Ain Dubai (Dubai): 0.4 km off
  - Al Fahidi Historical District (Dubai): 0.2 km off
  - Global Village (Dubai): 0.2 km off
  - IMG Worlds of Adventure (Dubai): 4.2 km off
  - Ski Dubai (Dubai): 0.2 km off
  - La Mer Beach (Dubai): 1.5 km off
  - Madinat Jumeirah (Dubai): 0.2 km off
  - Dubai Spice Souk (Dubai): 0.5 km off
  - Lalbagh Fort (Dhaka): 0.2 km off
  - Buddha Dordenma (Thimphu): 1.4 km off
  - Sultan Omar Ali Saifuddien Mosque (Bandar Seri Begawan): 0.1 km off
  - Tanah Lot Temple (Bali): 0.5 km off
  - Pha That Luang (Vientiane): 0.2 km off
  - Marina Bay Sands (Singapore): 0.2 km off
  - Berat Castle (Berat): 0.1 km off
  - Mangalem Quarter (Berat): 0.1 km off
  - Gorica Bridge (Berat): 0.2 km off
  - Gjirokaster Castle (Gjirokaster): 0.1 km off
  - The Old Bazaar (Gjirokaster): 0.2 km off
  - Zekate House (Gjirokaster): 0.4 km off
  - Lëkurësi Castle (Sarande): 0.3 km off
  - Ksamil Islands (Sarande): 0.6 km off
  - Skanderbeg Square (Tirana): 0.1 km off
  - Bunk'Art 1 (Tirana): 0.2 km off
  - Dajti Ekspres (Tirana): 0.2 km off
  - Barri Antic (Andorra la Vella): 0.1 km off
  - Nobility of Time (Andorra la Vella): 0.6 km off
  - Parc Central (Andorra la Vella): 0.1 km off
  - Rec del Solà (Andorra la Vella): 0.6 km off
  - Madriu-Perafita-Claror Valley (Andorra la Vella): 2.3 km off
  - Grandvalira Ski Resort (Andorra la Vella): 4.4 km off
  - National Automobile Museum (Encamp): 0.4 km off
  - Clock Tower (Graz): 3.8 km off
  - Double Spiral Staircase (Graz): 0.2 km off
  - Eggenberg Palace (Graz): 0.4 km off
  - Murinsel (Graz): 0.2 km off
  - Styrian Armoury (Graz): 0.2 km off
  - Graz Opera (Graz): 0.1 km off
  - Burggarten (Graz): 0.2 km off
  - City Park (Graz): 1.9 km off
  - Botanical Garden (Graz): 0.1 km off
  - Hallstatt Skywalk (Hallstatt): 1.2 km off
  - Hallstatt Salt Mine (Hallstatt): 1.4 km off
  - Hallstatt Bone House (Hallstatt): 0.1 km off
  - Lake Hallstatt (Hallstatt): 2.8 km off
  - Hallstatt Catholic Church (Hallstatt): 0.1 km off
  - Waldbachstrub Waterfall (Hallstatt): 0.3 km off
  - Kalvarienberg (Hallstatt): 0.2 km off
  - Rudolf's Tower (Hallstatt): 0.6 km off
  - Altaussee Salt Mine (Hallstatt): 2.8 km off
  - Kaiservilla Bad Ischl (Hallstatt): 0.3 km off
  - Nordkette Cable Car (Innsbruck): 4.6 km off
  - Ambras Castle (Innsbruck): 0.1 km off
  - Bergisel Ski Jump (Innsbruck): 0.1 km off
  - Swarovski Crystal Worlds (Innsbruck): 0.3 km off
  - Alpine Zoo (Innsbruck): 0.2 km off
  - Triumphal Arch (Innsbruck): 0.3 km off
  - Grassmayr Bell Foundry (Innsbruck): 0.3 km off
  - Salzburg Cathedral (Salzburg): 0.1 km off
  - Museum of Modern Art Salzburg (Salzburg): 0.3 km off
  - Salzburg Zoo (Salzburg): 0.1 km off
  - Toy Museum (Salzburg): 0.1 km off
  - Kapuzinerberg (Salzburg): 0.4 km off
  - Schönbrunn Palace (Vienna): 0.2 km off
  - Hofburg Palace (Vienna): 0.1 km off
  - Prater (Vienna): 0.4 km off
  - Secession Building (Vienna): 0.2 km off
  - Central Cemetery (Vienna): 0.2 km off
  - Grinzing Wine Taverns (Vienna): 0.6 km off
  - Danube Tower (Vienna): 0.2 km off
  - Volksgarten (Vienna): 0.1 km off
  - Brest Fortress (Brest): 0.6 km off
  - Sovetskaya Street (Brest): 1.1 km off
  - Old and New Castles (Grodno): 0.2 km off
  - Minsk Gates (Minsk): 1.2 km off
  - Gorky Park (Minsk): 0.2 km off
  - Bolshoi Opera and Ballet Theatre (Minsk): 1.1 km off
  - Upper Town (Vierchni Horad) (Minsk): 0.1 km off
  - National Art Museum (Minsk): 0.3 km off
  - Loshitsa Park (Minsk): 0.4 km off
  - Komalovka Market (Minsk): 2.3 km off
  - Antwerp Central Station (Antwerp): 0.1 km off
  - Rubens House (Antwerp): 0.2 km off
  - Diamond District (Antwerp): 0.2 km off
  - Plantin-Moretus Museum (Antwerp): 0.1 km off
  - Antwerp ZOO (Antwerp): 0.3 km off
  - Meir Shopping Street (Antwerp): 0.1 km off
  - St. Anna's Tunnel (Antwerp): 0.2 km off
  - Chocolate Nation (Antwerp): 0.1 km off
  - Begijnhof (Bruges): 0.1 km off
  - Jerusalem Chapel (Bruges): 0.1 km off
  - Mini-Europe (Brussels): 0.1 km off
  - Parc du Cinquantenaire (Brussels): 0.3 km off
  - Train World (Brussels): 0.2 km off
  - STAM Ghent City Museum (Ghent): 0.4 km off
  - Patershol (Ghent): 0.4 km off
  - Graffiti Street (Ghent): 0.1 km off
  - Citadelpark (Ghent): 0.2 km off
  - S.M.A.K. (Ghent): 0.1 km off
  - Le Carré (Liège): 0.3 km off
  - Grand Curtius Museum (Liège): 0.1 km off
  - Coteaux de la Citadelle (Liège): 0.2 km off
  - Prince-Bishops' Palace (Liège): 0.1 km off
  - La Batte Market (Liège): 0.2 km off
  - Opéra Royal de Wallonie (Liège): 0.1 km off
  - Pont de Fragnée (Liège): 0.8 km off
  - Blagaj Tekke (Blagaj): 1.3 km off
  - Pliva Waterfall (Jajce): 0.5 km off
  - Jajce Fortress (Jajce): 0.4 km off
  - Crooked Bridge (Kriva Ćuprija) (Mostar): 0.3 km off
  - Muslibegović House (Mostar): 0.3 km off
  - Sniper Tower (Partisan Memorial) (Mostar): 0.3 km off
  - Kajtaz House (Mostar): 0.2 km off
  - Baščaršija (Sarajevo): 0.1 km off
  - Vijećnica (City Hall) (Sarajevo): 0.1 km off
  - Yellow Fortress (Sarajevo): 0.1 km off
  - War Childhood Museum (Sarajevo): 0.1 km off
  - Vrelo Bosne (Sarajevo): 0.1 km off
  - Old Town (Plovdiv): 0.3 km off
  - Roman Stadium (Plovdiv): 0.2 km off
  - Dzhumaya Mosque (Plovdiv): 0.2 km off
  - Ethnographic Museum (Plovdiv): 0.1 km off
  - Vitosha Boulevard (Sofia): 0.5 km off
  - Ancient Serdica Complex (Sofia): 0.1 km off
  - Borisova Gradina (Sofia): 0.6 km off
  - Sea Garden (Varna): 1.2 km off
  - Archaeological Museum (Varna): 0.2 km off
  - Cathedral of the Assumption (Varna): 0.5 km off
  - Roman Thermae (Varna): 0.9 km off
  - Varna Beach (Varna): 2.5 km off
  - Stone Forest (Pobiti Kamani) (Varna): 3.3 km off
  - Aladzha Monastery (Varna): 1.0 km off
  - Golden Sands (Varna): 0.3 km off
  - Euxinograd Palace (Varna): 4.8 km off
  - Tsarevets Fortress (Veliko Tarnovo): 1.9 km off
  - Old Town (Samovodska Charshia) (Veliko Tarnovo): 1.1 km off
  - Asen's Monument (Veliko Tarnovo): 4.8 km off
  - Church of Forty Martyrs (Veliko Tarnovo): 1.6 km off
  - Trapezitsa Fortress (Veliko Tarnovo): 0.7 km off
  - Arbanassi Village (Veliko Tarnovo): 1.5 km off
  - Regional History Museum (Veliko Tarnovo): 1.9 km off
  - Gurko Street (Veliko Tarnovo): 1.5 km off
  - Holy Trinity Church (Veliko Tarnovo): 3.0 km off
  - Dubrovnik City Walls (Dubrovnik): 0.5 km off
  - Game of Thrones Tour (Dubrovnik): 0.3 km off
  - Lokrum Island (Dubrovnik): 0.4 km off
  - Lower Lakes (Plitvice Lakes): 0.6 km off
  - Upper Lakes (Plitvice Lakes): 4.8 km off
  - Lake Kozjak Boat Ride (Plitvice Lakes): 0.5 km off
  - Veliki Prštavac Waterfall (Plitvice Lakes): 0.8 km off
  - Supljara Cave (Plitvice Lakes): 0.2 km off
  - Gradinsko Lake (Plitvice Lakes): 1.1 km off
  - Riva Promenade (Split): 0.3 km off
  - Marjan Hill (Split): 1.6 km off
  - Klis Fortress (Split): 0.2 km off
  - Split Archaeological Museum (Split): 0.4 km off
  - Salona Ruins (Split): 0.5 km off
  - Varoš Quarter (Split): 0.2 km off
  - Museum of Broken Relationships (Zagreb): 0.1 km off
  - Maksimir Park (Zagreb): 0.2 km off
  - Mirogoj Cemetery (Zagreb): 0.6 km off
  - Ossuary at St. James's Church (Brno): 0.2 km off
  - Český Krumlov Castle (Český Krumlov): 0.1 km off
  - Historic Centre (Český Krumlov): 0.3 km off
  - Vltava River Rafting (Český Krumlov): 0.2 km off
  - Egon Schiele Art Centrum (Český Krumlov): 0.2 km off
  - Hot Springs Colonnades (Karlovy Vary): 1.0 km off
  - Diana Lookout Tower (Karlovy Vary): 1.2 km off
  - Moser Glass Museum (Karlovy Vary): 1.8 km off
  - Church of St. Mary Magdalene (Karlovy Vary): 0.9 km off
  - Jewish Quarter (Josefov) (Prague): 0.2 km off
  - Petřín Hill & Lookout Tower (Prague): 0.3 km off
  - Vyšehrad (Prague): 0.1 km off
  - Prague Zoo (Prague): 0.1 km off
  - Utzon Center (Aalborg): 0.6 km off
  - Aalborg Historical Museum (Aalborg): 0.3 km off
  - Lindholm Høje (Aalborg): 0.8 km off
  - Jomfru Ane Gade (Aalborg): 0.3 km off
  - Aalborg Zoo (Aalborg): 1.1 km off
  - Budolfi Church (Aalborg): 0.1 km off
  - Aalborg Waterfront (Aalborg): 1.2 km off
  - Kunsten Museum (Aalborg): 0.2 km off
  - Den Gamle By (Aarhus): 0.5 km off
  - Moesgaard Museum (Aarhus): 0.2 km off
  - Latin Quarter (Aarhus): 0.2 km off
  - Aarhus Cathedral (Aarhus): 0.1 km off
  - The Infinite Bridge (Aarhus): 0.6 km off
  - The Iceberg (Aarhus): 0.2 km off
  - Salling Rooftop (Aarhus): 0.1 km off
  - Aarhus Street Food (Aarhus): 0.1 km off
  - Strøget (Copenhagen): 0.3 km off
  - Freetown Christiania (Copenhagen): 0.2 km off
  - Botanical Garden (Copenhagen): 0.4 km off
  - Ny Carlsberg Glyptotek (Copenhagen): 0.1 km off
  - Reffen Street Food (Copenhagen): 0.1 km off
  - H.C. Andersen's House (Odense): 0.3 km off
  - Odense Zoo (Odense): 0.5 km off
  - St. Canute's Cathedral (Odense): 0.1 km off
  - Funen Village (Odense): 3.3 km off
  - Brandts (Odense): 0.4 km off
  - Munke Mose Park (Odense): 0.8 km off
  - H.C. Andersen's Childhood Home (Odense): 0.3 km off
  - Cadbury World (Birmingham): 0.2 km off
  - Birmingham Botanical Gardens (Birmingham): 0.3 km off
  - National Motorcycle Museum (Birmingham): 0.5 km off
  - The Backs (Cambridge): 0.1 km off
  - Punting on the Cam (Cambridge): 1.3 km off
  - Kettle's Yard (Cambridge): 0.1 km off
  - Bridge of Sighs (St John's) (Cambridge): 0.1 km off
  - Roundhay Park (Leeds): 0.3 km off
  - Leeds Kirkgate Market (Leeds): 0.1 km off
  - Thackray Museum of Medicine (Leeds): 0.3 km off
  - Leeds Grand Theatre (Leeds): 0.1 km off
  - Liverpool Cathedral (Liverpool): 0.1 km off
  - St George's Hall (Liverpool): 0.1 km off
  - Pier Head (Liverpool): 0.1 km off
  - Sefton Park (Liverpool): 0.4 km off
  - Hyde Park (London): 0.1 km off
  - Camden Market (London): 0.1 km off
  - Notting Hill (London): 0.8 km off
  - South Bank (London): 0.4 km off
  - Royal Botanic Gardens, Kew (London): 0.7 km off
  - Greenwich Park (London): 0.1 km off
  - Old Trafford (Manchester): 1.0 km off
  - Northern Quarter (Manchester): 0.2 km off
  - The Whitworth (Manchester): 0.1 km off
  - Heaton Park (Manchester): 1.5 km off
  - Ashmolean Museum (Oxford): 0.1 km off
  - Pärnu Beach (Pärnu): 0.8 km off
  - Rannapark (Pärnu): 0.5 km off
  - Old Town & Rüütli Street (Pärnu): 0.8 km off
  - Tallinn Old Town (Tallinn): 0.1 km off
  - Seaplane Harbour (Tallinn): 0.1 km off
  - Kumu Art Museum (Tallinn): 0.2 km off
  - University of Tartu (Tartu): 1.9 km off
  - Estonian National Museum (Tartu): 4.0 km off
  - Toome Hill (Tartu): 0.2 km off
  - Aparaaditehas (Tartu): 1.7 km off
  - Múlafossur Waterfall (Gásadalur): 0.2 km off
  - Skansin Fortress (Tórshavn): 0.1 km off
  - National Gallery of the Faroe Islands (Tórshavn): 0.2 km off
  - The Nordic House (Tórshavn): 0.2 km off
  - National Museum (Tórshavn): 2.2 km off
  - Kirkjubøur Village (Tórshavn): 0.2 km off
  - Svartafoss Waterfall (Tórshavn): 0.1 km off
  - Design District Helsinki (Helsinki): 0.2 km off
  - Löyly Sauna (Helsinki): 0.8 km off
  - Seurasaari Open-Air Museum (Helsinki): 0.2 km off
  - Arktikum (Rovaniemi): 0.3 km off
  - Vapriikki Museum Centre (Tampere): 0.6 km off
  - Pyynikki Observation Tower (Tampere): 0.5 km off
  - Moomin Museum (Tampere): 1.4 km off
  - Rajaportti Sauna (Tampere): 2.5 km off
  - Tampere Market Hall (Tampere): 0.1 km off
  - Tampere Cathedral (Tampere): 0.5 km off
  - Finlayson Area (Tampere): 0.7 km off
  - Archipelago Trail (Turku): 1.0 km off
  - Turku Market Hall (Turku): 0.1 km off
  - Forum Marinum Maritime Centre (Turku): 0.6 km off
  - Luostarinmäki Handicrafts Museum (Turku): 0.2 km off
  - Moomin World (Turku): 4.6 km off
  - Place de la Bourse (Bordeaux): 0.1 km off
  - Rue Sainte-Catherine (Bordeaux): 0.3 km off
  - Pont de Pierre (Bordeaux): 0.3 km off
  - Grosse Cloche (Bordeaux): 0.1 km off
  - Museum of Aquitaine (Bordeaux): 0.2 km off
  - Public Garden (Bordeaux): 0.2 km off
  - Darwin Ecosystem (Bordeaux): 0.9 km off
  - Bassins de Lumières (Bordeaux): 0.5 km off
  - Basilica of Saint Michael (Bordeaux): 0.1 km off
  - La Croisette (Cannes): 0.7 km off
  - Le Suquet (Cannes): 0.1 km off
  - Île Sainte-Marguerite (Cannes): 0.4 km off
  - Marché Forville (Cannes): 0.1 km off
  - Old Lyon (Lyon): 0.2 km off
  - Presqu'île (Lyon): 0.4 km off
  - Parc de la Tête d'Or (Lyon): 0.4 km off
  - Croix-Rousse (Lyon): 0.7 km off
  - Miniature and Cinema Museum (Lyon): 0.7 km off
  - Mur des Canuts (Lyon): 0.2 km off
  - Parc des Hauteurs (Lyon): 0.1 km off
  - Old Port (Marseille): 0.1 km off
  - Le Panier (Marseille): 0.1 km off
  - Longchamp Palace (Marseille): 0.6 km off
  - Vallon des Auffes (Marseille): 0.2 km off
  - Borély Park (Marseille): 0.3 km off
  - Promenade des Anglais (Nice): 0.2 km off
  - Old Town Nice (Nice): 0.2 km off
  - Castle Hill (Nice): 2.3 km off
  - Russian Orthodox Cathedral (Nice): 0.2 km off
  - Cimiez Monastery (Nice): 0.2 km off
  - MAMAC (Nice): 0.2 km off
  - Villa Masséna Museum (Nice): 0.1 km off
  - Coastal Path (Nice): 0.2 km off
  - Champs-Élysées (Paris): 0.4 km off
  - Montmartre (Paris): 0.2 km off
  - Les Invalides (Paris): 0.1 km off
  - Le Marais (Paris): 0.5 km off
  - Latin Quarter (Paris): 0.2 km off
  - Covered Bridges (Strasbourg): 1.2 km off
  - Christmas Market (Strasbourg): 1.0 km off
  - Capitole Square (Toulouse): 0.2 km off
  - Canal du Midi (Toulouse): 2.5 km off
  - Garonne Riverbanks (Toulouse): 0.8 km off
  - Berlin Zoo (Berlin): 0.1 km off
  - Hackesche Höfe (Berlin): 0.2 km off
  - Kreuzberg (Berlin): 0.5 km off
  - Tempelhofer Feld (Berlin): 0.2 km off
  - Mauerpark (Berlin): 0.1 km off
  - Treptower Park (Berlin): 1.0 km off
  - Oberbaum Bridge (Berlin): 0.2 km off
  - Cologne Old Town (Cologne): 0.2 km off
  - Cologne Zoo (Cologne): 0.1 km off
  - Rhine River Cruise (Cologne): 0.2 km off
  - Flora and Botanical Garden (Cologne): 0.3 km off
  - Melaten Cemetery (Cologne): 0.6 km off
  - Claudius Therme (Cologne): 0.3 km off
  - Cologne Cable Car (Cologne): 0.2 km off
  - House of 4711 (Cologne): 2.9 km off
  - Albertinum (Dresden): 0.2 km off
  - Pillnitz Castle (Dresden): 0.1 km off
  - Military History Museum (Dresden): 0.2 km off
  - Panometer Dresden (Dresden): 0.2 km off
  - Grand Garden (Dresden): 0.2 km off
  - Russian Orthodox Church (Dresden): 0.6 km off
  - Rhine Promenade (Düsseldorf): 0.4 km off
  - Düsseldorf Old Town (Düsseldorf): 0.2 km off
  - Königsallee (Düsseldorf): 0.5 km off
  - MedienHafen (Düsseldorf): 0.4 km off
  - K20 and K21 Art Collection (Düsseldorf): 1.6 km off
  - Rhine Tower (Düsseldorf): 0.1 km off
  - Benrath Palace (Düsseldorf): 0.3 km off
  - Japanese Garden (Düsseldorf): 1.9 km off
  - Carlstadt (Düsseldorf): 0.2 km off
  - Hofgarten (Düsseldorf): 0.4 km off
  - Aquazoo Löbbecke Museum (Düsseldorf): 0.8 km off
  - Classic Remise Düsseldorf (Düsseldorf): 1.0 km off
  - Tonhalle Düsseldorf (Düsseldorf): 0.1 km off
  - EKO-Haus (Düsseldorf): 0.6 km off
  - Kaiserpfalz Kaiserswerth (Düsseldorf): 0.8 km off
  - Städel Museum (Frankfurt): 0.2 km off
  - Museum Embankment (Frankfurt): 0.7 km off
  - Frankfurt Zoo (Frankfurt): 0.3 km off
  - Alte Oper (Frankfurt): 0.1 km off
  - Eiserner Steg (Frankfurt): 0.1 km off
  - German Film Museum (Frankfurt): 0.2 km off
  - Klassikstadt (Frankfurt): 0.6 km off
  - Berger Straße (Frankfurt): 0.6 km off
  - Speicherstadt (Hamburg): 0.4 km off
  - Port of Hamburg (Hamburg): 4.0 km off
  - Planten un Blomen (Hamburg): 0.1 km off
  - Alster Lakes (Hamburg): 0.6 km off
  - Cap San Diego (Hamburg): 0.2 km off
  - Treppenviertel Blankenese (Hamburg): 0.2 km off
  - Chilehaus (Hamburg): 0.1 km off
  - BallinStadt (Hamburg): 0.4 km off
  - Planetarium Hamburg (Hamburg): 0.2 km off
  - Tierpark Hagenbeck (Hamburg): 0.1 km off
  - Leipzig Zoo (Leipzig): 0.2 km off
  - Leipzig City History Museum (Leipzig): 0.2 km off
  - Panometer Leipzig (Leipzig): 2.7 km off
  - Leipzig Botanical Garden (Leipzig): 0.4 km off
  - Lake Cospuden (Leipzig): 0.5 km off
  - Federal Administrative Court (Leipzig): 0.2 km off
  - Belantis (Leipzig): 0.1 km off
  - Leipzig Riverside Forest (Leipzig): 1.3 km off
  - Clara-Zetkin-Park (Leipzig): 0.3 km off
  - Spinnerei (Leipzig): 0.2 km off
  - English Garden (Munich): 1.6 km off
  - BMW Welt & Museum (Munich): 0.2 km off
  - Viktualienmarkt (Munich): 0.3 km off
  - Munich Residenz (Munich): 0.6 km off
  - Olympic Park (Munich): 0.3 km off
  - Deutsches Museum (Munich): 0.6 km off
  - Dachau Memorial Site (Munich): 0.2 km off
  - Starnberger See (Munich): 2.6 km off
  - Nazi Party Rally Grounds (Nuremberg): 0.3 km off
  - Nuremberg Old Town (Nuremberg): 0.2 km off
  - Nuremberg Trials Memorial (Nuremberg): 0.8 km off
  - Germanic National Museum (Nuremberg): 0.2 km off
  - Handwerkerhof (Nuremberg): 0.2 km off
  - Nuremberg Zoo (Nuremberg): 1.5 km off
  - Toy Museum (Nuremberg): 0.2 km off
  - DB Museum (Nuremberg): 0.6 km off
  - Tanners' Lane (Nuremberg): 0.2 km off
  - Museum of Industrial Culture (Nuremberg): 0.6 km off
  - Medieval Dungeons (Nuremberg): 0.2 km off
  - Tucher Castle (Nuremberg): 0.7 km off
  - Wilhelma Zoo and Botanical Garden (Stuttgart): 0.1 km off
  - Killesberg Park (Stuttgart): 0.2 km off
  - Stuttgart Market Hall (Stuttgart): 0.2 km off
  - New Palace (Stuttgart): 0.3 km off
  - Solitude Palace (Stuttgart): 2.5 km off
  - Stuttgart City Library (Stuttgart): 0.1 km off
  - Pig Museum (Stuttgart): 3.8 km off
  - Weissenhof Estate (Stuttgart): 0.1 km off
  - Feuersee (Stuttgart): 0.3 km off
  - Birkenkopf (Stuttgart): 0.6 km off
  - Max-Eyth-See (Stuttgart): 0.4 km off
  - Rock of Gibraltar (Gibraltar): 2.0 km off
  - St. Michael's Cave (Gibraltar): 0.3 km off
  - Europa Point (Gibraltar): 0.2 km off
  - Moorish Castle (Gibraltar): 0.2 km off
  - Skywalk (Gibraltar): 0.5 km off
  - Gibraltar Botanic Gardens (Gibraltar): 0.2 km off
  - Windsor Suspension Bridge (Gibraltar): 0.8 km off
  - O'Hara's Battery (Gibraltar): 0.3 km off
  - Dolphin Safari (Gibraltar): 0.3 km off
  - Ibrahim-Al-Ibrahim Mosque (Gibraltar): 0.1 km off
  - Gibraltar National Museum (Gibraltar): 0.2 km off
  - Mount Lycabettus (Athens): 0.1 km off
  - Odeon of Herodes Atticus (Athens): 0.1 km off
  - National Garden (Athens): 0.1 km off
  - Kerameikos (Athens): 0.4 km off
  - Stavros Niarchos Foundation Cultural Center (Athens): 0.2 km off
  - Corfu Old Town (Corfu): 0.6 km off
  - Old Fortress (Palaio Frourio) (Corfu): 0.1 km off
  - Achilleion Palace (Corfu): 0.6 km off
  - Paleokastritsa (Corfu): 1.2 km off
  - Mouse Island (Pontikonisi) (Corfu): 1.6 km off
  - Elafonisi Beach (Crete): 0.1 km off
  - Old Town of Chania (Crete): 0.3 km off
  - Spinalonga Island (Crete): 0.9 km off
  - Balos Beach and Lagoon (Crete): 0.2 km off
  - Mykonos Windmills (Mykonos): 0.2 km off
  - Little Venice (Mykonos): 0.2 km off
  - Mykonos Town (Chora) (Mykonos): 0.3 km off
  - Paradise Beach (Mykonos): 0.5 km off
  - Armenistis Lighthouse (Mykonos): 4.3 km off
  - Archaeological Museum of Mykonos (Mykonos): 0.3 km off
  - Rhodes Old Town (Rhodes): 1.2 km off
  - Lindos Acropolis (Rhodes): 0.3 km off
  - Street of the Knights (Rhodes): 0.3 km off
  - Valley of the Butterflies (Rhodes): 0.3 km off
  - Anthony Quinn Bay (Rhodes): 0.6 km off
  - Ancient Kamiros (Rhodes): 0.2 km off
  - Fira Town (Santorini): 0.2 km off
  - Red Beach (Santorini): 0.2 km off
  - Nea Kameni Volcano (Santorini): 0.4 km off
  - Museum of Prehistoric Thera (Santorini): 0.3 km off
  - Santo Wines Winery (Santorini): 1.5 km off
  - Amoudi Bay (Santorini): 0.1 km off
  - Pyrgos (Santorini): 0.2 km off
  - Perissa Black Sand Beach (Santorini): 0.4 km off
  - Profitis Ilias Monastery (Santorini): 0.2 km off
  - Therasia (Santorini): 0.7 km off
  - Museum of Byzantine Culture (Thessaloniki): 0.2 km off
  - Ano Poli (Upper Town) (Thessaloniki): 0.6 km off
  - Archaeological Museum of Thessaloniki (Thessaloniki): 0.3 km off
  - Gellért Hill & Citadel (Budapest): 0.5 km off
  - Hospital in the Rock (Budapest): 0.2 km off
  - Valley of the Beautiful Women (Eger): 0.9 km off
  - Minaret of Eger (Eger): 0.3 km off
  - Dobó Square (Eger): 0.1 km off
  - Early Christian Necropolis (Pécs): 0.5 km off
  - Pécs Cathedral (Pécs): 0.3 km off
  - Zsolnay Cultural Quarter (Pécs): 1.3 km off
  - Main Square (Fő tér) (Szentendre): 0.2 km off
  - Hungarian Open Air Museum (Szentendre): 4.2 km off
  - Marzipan Museum (Szentendre): 0.4 km off
  - Serbian Orthodox Churches (Szentendre): 0.2 km off
  - Akureyri Church (Akureyri): 0.4 km off
  - Whale Watching (Akureyri): 0.1 km off
  - Diamond Circle (Akureyri): 0.7 km off
  - Laugavegur Shopping Street (Reykjavik): 0.6 km off
  - Sky Lagoon (Reykjavik): 0.5 km off
  - Whales of Iceland (Reykjavik): 0.4 km off
  - Saga Museum (Reykjavik): 0.4 km off
  - Reykjavik Maritime Museum (Reykjavik): 0.3 km off
  - Grótta Island Lighthouse (Reykjavik): 0.4 km off
  - Reynisfjara Black Sand Beach (Vík): 1.4 km off
  - Dyrhólaey (Vík): 0.5 km off
  - Mýrdalsjökull Glacier (Vík): 1.5 km off
  - Shandon Bells (Cork): 0.3 km off
  - Cobh (Cork): 0.2 km off
  - Trinity College Library (Dublin): 0.2 km off
  - Temple Bar (Dublin): 0.2 km off
  - St Stephen's Green (Dublin): 0.2 km off
  - Latin Quarter (Galway): 0.1 km off
  - Cliffs of Moher (Galway): 0.3 km off
  - Killarney National Park (Killarney): 2.4 km off
  - Muckross House (Killarney): 0.2 km off
  - Hunt Museum (Limerick): 0.2 km off
  - Milk Market (Limerick): 0.1 km off
  - Positano (Amalfi Coast): 0.3 km off
  - Ravello (Amalfi Coast): 0.3 km off
  - Path of the Gods (Amalfi Coast): 1.2 km off
  - Emerald Grotto (Amalfi Coast): 0.9 km off
  - Vernazza (Cinque Terre): 0.2 km off
  - Monterosso al Mare (Cinque Terre): 0.6 km off
  - Corniglia (Cinque Terre): 0.2 km off
  - Mercato Centrale (Florence): 0.1 km off
  - Navigli District (Milan): 1.7 km off
  - Monumental Cemetery (Milan): 0.3 km off
  - Leonardo3 Museum (Milan): 0.2 km off
  - Piazza Gae Aulenti (Milan): 0.3 km off
  - QC Termemilano (Milan): 0.3 km off
  - San Maurizio al Monastero Maggiore (Milan): 0.2 km off
  - Pompeii (Naples): 1.7 km off
  - Mount Vesuvius (Naples): 0.3 km off
  - Historic Center of Naples (Naples): 0.6 km off
  - Catacombs of San Gennaro (Naples): 0.2 km off
  - Napoli Sotterranea (Naples): 1.7 km off
  - Santa Chiara Complex (Naples): 0.1 km off
  - Lungomare Caracciolo (Naples): 1.0 km off
  - Pisa Cathedral (Duomo) (Pisa): 0.1 km off
  - Roman Forum (Rome): 0.1 km off
  - Villa Borghese (Rome): 0.1 km off
  - Trastevere (Rome): 0.2 km off
  - Catacombs of San Callisto (Rome): 0.2 km off
  - Appian Way (Rome): 3.0 km off
  - Aventine Keyhole (Rome): 0.2 km off
  - Grand Canal (Venice): 0.5 km off
  - Torcello Island (Venice): 0.2 km off
  - Lido di Venezia (Venice): 1.9 km off
  - Venetian Arsenal (Venice): 0.3 km off
  - Old Bazaar (Gjakova): 0.2 km off
  - Ethnological Museum (Pristina): 0.1 km off
  - Germia Park (Pristina): 1.4 km off
  - Imperial Mosque (Pristina): 0.1 km off
  - Gračanica Monastery (Pristina): 0.3 km off
  - Mother Teresa Boulevard (Pristina): 0.4 km off
  - Statue of Bill Clinton (Pristina): 0.1 km off
  - Pristina Market (Pristina): 0.3 km off
  - Skanderbeg Square (Pristina): 0.2 km off
  - Jashar Pasha Mosque (Pristina): 0.2 km off
  - Prizren Fortress (Prizren): 0.6 km off
  - Sinan Pasha Mosque (Prizren): 0.5 km off
  - Stone Bridge (Prizren): 0.5 km off
  - Cēsis Old Town (Cesis): 0.5 km off
  - Jomas Street (Jurmala): 0.2 km off
  - Jurmala Beach (Jurmala): 0.7 km off
  - Dzintari Forest Park (Jurmala): 0.4 km off
  - Wooden Architecture (Jurmala): 2.0 km off
  - Riga Old Town (Riga): 0.2 km off
  - Riga Central Market (Riga): 0.1 km off
  - Latvian National Museum of Art (Riga): 0.1 km off
  - Turaida Museum Reserve (Sigulda): 0.4 km off
  - Cable Car (Sigulda): 0.2 km off
  - Sareis Chairlift (Malbun): 0.7 km off
  - Red House (Vaduz): 0.2 km off
  - Old Rhine Bridge (Vaduz): 1.1 km off
  - Hofkellerei (Vaduz): 0.4 km off
  - Städtle Sculptures (Vaduz): 0.2 km off
  - Mitteldorf (Vaduz): 0.2 km off
  - Ninth Fort (Kaunas): 0.3 km off
  - Laisvės Alėja (Kaunas): 0.5 km off
  - Klaipeda Old Town (Klaipeda): 0.5 km off
  - Lithuanian Sea Museum (Klaipeda): 0.1 km off
  - Iron Fox Sculpture (Siauliai): 0.3 km off
  - Karaite Kenesa (Trakai): 0.2 km off
  - Užutrakis Manor Estate (Trakai): 0.1 km off
  - Vilnius Old Town (Vilnius): 0.6 km off
  - Vilnius TV Tower (Vilnius): 0.1 km off
  - The Grund (Luxembourg City): 0.5 km off
  - Grand Ducal Palace (Luxembourg City): 0.1 km off
  - Pfaffenthal Panoramic Elevator (Luxembourg City): 0.3 km off
  - Dräi Eechelen Museum (Luxembourg City): 0.1 km off
  - Vianden Chairlift (Vianden): 0.5 km off
  - Marsaxlokk Sunday Market (Marsaxlokk): 0.2 km off
  - St. Peter's Pool (Marsaxlokk): 0.9 km off
  - Spinola Bay (St. Julian's): 0.4 km off
  - Fort St. Elmo & National War Museum (Valletta): 0.1 km off
  - Valletta Waterfront (Valletta): 0.2 km off
  - Siege Bell War Memorial (Valletta): 0.1 km off
  - The Citadel (Victoria): 0.1 km off
  - Stephen the Great Park (Chisinau): 0.3 km off
  - Valea Morilor Park (Chisinau): 0.4 km off
  - National Museum of History (Chisinau): 1.2 km off
  - Cricova Wine Cellars (Cricova): 0.2 km off
  - Cave Monastery (Orheiul Vechi): 0.3 km off
  - Traditional Village Butuceni (Orheiul Vechi): 0.4 km off
  - Suvorov Square (Tiraspol): 0.1 km off
  - Kvint Distillery (Tiraspol): 0.6 km off
  - Prince's Car Collection (Fontvieille): 0.6 km off
  - Exotic Garden (Fontvieille): 0.2 km off
  - Japanese Garden (Monte Carlo): 0.2 km off
  - Exotic Garden (Monte Carlo): 0.2 km off
  - Larvotto Beach (Monte Carlo): 0.6 km off
  - Port Hercules (Monte Carlo): 0.2 km off
  - Car Collection of HSH (Monte Carlo): 0.3 km off
  - Metropole Shopping Monte-Carlo (Monte Carlo): 0.1 km off
  - Sveti Stefan (Budva): 0.7 km off
  - Mogren Beach (Budva): 0.2 km off
  - Our Lady of the Rocks (Kotor): 0.3 km off
  - Kotor Cable Car (Kotor): 2.0 km off
  - Lovćen National Park (Mausoleum) (Kotor): 0.5 km off
  - Perast Waterfront (Perast): 0.4 km off
  - Millennium Bridge (Podgorica): 0.3 km off
  - Niagara Falls (Cijevna) (Podgorica): 0.3 km off
  - Black Lake (Zabljak): 0.2 km off
  - Jordaan (Amsterdam): 0.2 km off
  - Canal Ring (Amsterdam): 2.0 km off
  - Albert Cuyp Market (Amsterdam): 0.3 km off
  - Red Light District (Amsterdam): 0.3 km off
  - Artis Royal Zoo (Amsterdam): 0.3 km off
  - Wereldmuseum Amsterdam (Amsterdam): 0.1 km off
  - Strijp-S (Eindhoven): 0.2 km off
  - Erasmus Bridge (Rotterdam): 0.1 km off
  - Depot Boijmans Van Beuningen (Rotterdam): 0.4 km off
  - Kinderdijk (Rotterdam): 0.3 km off
  - Witte de Withstraat (Rotterdam): 0.1 km off
  - SS Rotterdam (Rotterdam): 1.0 km off
  - Kunsthal Rotterdam (Rotterdam): 0.3 km off
  - Laurenskerk (Rotterdam): 0.2 km off
  - Miniworld Rotterdam (Rotterdam): 0.3 km off
  - Historic Delfshaven (Rotterdam): 0.7 km off
  - Madurodam (The Hague): 0.1 km off
  - Scheveningen Pier (The Hague): 0.2 km off
  - Oudegracht (Utrecht): 0.5 km off
  - Shirok Sokak (Bitola): 0.7 km off
  - Matka Canyon & Lake (Matka Canyon): 0.5 km off
  - Lake Ohrid Boardwalk (Potpesh) (Ohrid): 0.3 km off
  - Old Bazaar (Skopje): 0.3 km off
  - Kale Fortress (Skopje): 0.2 km off
  - Crumlin Road Gaol (Belfast): 0.2 km off
  - Botanic Gardens (Belfast): 0.3 km off
  - Peace Walls & Murals (Belfast): 0.6 km off
  - Cave Hill Country Park (Belfast): 1.8 km off
  - SS Nomadic (Belfast): 0.1 km off
  - Belfast Zoo (Belfast): 0.4 km off
  - W5 Interactive Discovery Centre (Belfast): 0.2 km off
  - Giant's Causeway (Bushmills): 1.2 km off
  - Derry City Walls (Derry): 1.0 km off
  - Guildhall (Derry): 0.2 km off
  - Fløibanen Funicular (Bergen): 0.3 km off
  - KODE Art Museums (Bergen): 0.2 km off
  - Ulriken643 (Bergen): 1.0 km off
  - Old Bergen Museum (Bergen): 2.6 km off
  - Hanseatic Museum (Bergen): 0.1 km off
  - University Museum of Bergen (Bergen): 0.2 km off
  - VilVite (Bergen): 0.1 km off
  - The National Gallery (Oslo): 1.0 km off
  - Holmenkollen Ski Jump (Oslo): 0.2 km off
  - Aker Brygge (Oslo): 0.3 km off
  - Ekebergparken (Oslo): 0.2 km off
  - Old Stavanger (Stavanger): 0.3 km off
  - Norwegian Petroleum Museum (Stavanger): 0.2 km off
  - Lysefjord Cruise (Stavanger): 1.3 km off
  - Arctic Cathedral (Tromsø): 1.1 km off
  - Fjellheisen Cable Car (Tromsø): 1.8 km off
  - Northern Lights Tours (Tromsø): 0.4 km off
  - Polaria (Tromsø): 0.5 km off
  - European Solidarity Centre (Gdańsk): 0.4 km off
  - Sopot Pier (Gdańsk): 0.3 km off
  - Westerplatte (Gdańsk): 0.1 km off
  - Amber Museum (Gdańsk): 0.1 km off
  - Kazimierz (Jewish Quarter) (Krakow): 0.3 km off
  - Planty Park (Krakow): 0.1 km off
  - Old Town (Warsaw): 0.2 km off
  - Lazienki Park (Warsaw): 0.2 km off
  - Vistula Boulevards (Warsaw): 0.3 km off
  - Praga District (Warsaw): 0.7 km off
  - Neon Museum (Warsaw): 3.9 km off
  - Barbican & City Walls (Warsaw): 0.4 km off
  - Wrocław Dwarfs (Wrocław): 0.1 km off
  - Benagil Cave (Algarve): 0.4 km off
  - Ponta da Piedade (Algarve): 0.2 km off
  - Lagos Old Town (Algarve): 0.3 km off
  - Praia da Marinha (Algarve): 0.2 km off
  - Faro Old Town (Algarve): 0.3 km off
  - Portugal dos Pequenitos (Coimbra): 0.4 km off
  - Coimbra Fado (Coimbra): 0.2 km off
  - Tram 28 (Lisbon): 0.4 km off
  - Calouste Gulbenkian Museum (Lisbon): 0.1 km off
  - Ribeira District (Porto): 0.4 km off
  - Port Wine Cellars (Porto): 0.3 km off
  - Serralves Foundation (Porto): 0.2 km off
  - Foz do Douro (Porto): 0.7 km off
  - Monserrate Palace (Sintra): 0.3 km off
  - Tampa Mountain (Brașov): 0.8 km off
  - Old Town (Lipscani) (Bucharest): 0.1 km off
  - Revolution Square (Bucharest): 0.1 km off
  - The Spring Palace (Bucharest): 0.2 km off
  - Union Square (Cluj-Napoca): 0.2 km off
  - Central Park (Cluj-Napoca): 0.6 km off
  - Botanical Garden (Cluj-Napoca): 0.5 km off
  - Bridge of Lies (Sibiu): 0.2 km off
  - Brukenthal National Museum (Sibiu): 0.1 km off
  - ASTRA Open Air Museum (Sibiu): 4.2 km off
  - Kazan Kremlin (Kazan): 0.3 km off
  - Bauman Street (Kazan): 0.7 km off
  - The Moscow Kremlin (Moscow): 0.1 km off
  - Gorky Park (Moscow): 0.1 km off
  - VDNKh (All-Russian Exhibition Center) (Moscow): 0.8 km off
  - Novodevichy Convent (Moscow): 0.2 km off
  - Kolomenskoye (Moscow): 0.3 km off
  - Sochi Olympic Park (Sochi): 0.4 km off
  - Sochi Arboretum (Dendrarium) (Sochi): 3.5 km off
  - Nevsky Prospect (St. Petersburg): 2.0 km off
  - Kazan Cathedral (St. Petersburg): 0.1 km off
  - Yusupov Palace (St. Petersburg): 0.5 km off
  - Piazza della Libertà (San Marino City): 0.3 km off
  - Cable Car (San Marino City): 0.3 km off
  - San Marino State Museum (San Marino City): 0.3 km off
  - Museum of Curiosities (San Marino City): 0.4 km off
  - Witches' Path (San Marino City): 0.2 km off
  - Montale Tower (San Marino City): 0.4 km off
  - San Marino Adventures (San Marino City): 0.3 km off
  - Consorzio Vini Tipici (San Marino City): 1.0 km off
  - Royal Mile (Edinburgh): 0.2 km off
  - Dean Village (Edinburgh): 0.7 km off
  - Buchanan Street (Glasgow): 0.2 km off
  - University of Glasgow (Glasgow): 2.2 km off
  - The Necropolis (Glasgow): 0.3 km off
  - Barras Market (Glasgow): 0.6 km off
  - Pollok Country Park (Glasgow): 0.2 km off
  - Glasgow Botanic Gardens (Glasgow): 0.3 km off
  - Clava Cairns (Inverness): 0.4 km off
  - Inverness Cathedral (Inverness): 0.1 km off
  - Ness Islands (Inverness): 0.5 km off
  - Cawdor Castle (Inverness): 0.2 km off
  - St Andrews Castle (St Andrews): 0.2 km off
  - West Sands Beach (St Andrews): 0.9 km off
  - Swilcan Bridge (St Andrews): 0.4 km off
  - St Andrews Aquarium (St Andrews): 1.0 km off
  - Skadarlija (Belgrade): 0.2 km off
  - Ada Ciganlija (Belgrade): 0.5 km off
  - Knez Mihailova Street (Belgrade): 0.1 km off
  - Museum of Yugoslavia (Belgrade): 0.1 km off
  - Niš Fortress (Niš): 0.3 km off
  - Skull Tower (Niš): 0.7 km off
  - Mediana (Niš): 2.5 km off
  - King Milan Square (Niš): 0.3 km off
  - Liberty Square (Novi Sad): 0.2 km off
  - Strand Beach (Novi Sad): 2.7 km off
  - Dunavska Street (Novi Sad): 0.4 km off
  - City Hall (Subotica): 0.1 km off
  - Synagogue of Subotica (Subotica): 0.2 km off
  - Palić Lake (Subotica): 3.1 km off
  - Raichle Palace (Subotica): 0.4 km off
  - National Zoo Bojnice (Bojnice): 0.3 km off
  - UFO Bridge (SNP Bridge) (Bratislava): 0.2 km off
  - Primate's Palace (Bratislava): 0.1 km off
  - Slovak National Theatre (Bratislava): 1.0 km off
  - Štrbské Pleso (High Tatras): 0.2 km off
  - Hrebienok (High Tatras): 0.1 km off
  - Hrnciarska Street (Kosice): 0.1 km off
  - Bled Castle (Bled): 0.5 km off
  - Vintgar Gorge (Bled): 0.3 km off
  - Tivoli Park (Ljubljana): 0.2 km off
  - St. George's Parish Church (Piran): 0.1 km off
  - La Rambla (Barcelona): 0.8 km off
  - Gothic Quarter (Barcelona): 0.2 km off
  - Barceloneta Beach (Barcelona): 0.3 km off
  - Montjuïc Castle (Barcelona): 0.1 km off
  - El Born (Barcelona): 0.1 km off
  - Ciutadella Park (Barcelona): 0.1 km off
  - Bunkers del Carmel (Barcelona): 0.4 km off
  - Port Olímpic (Barcelona): 0.3 km off
  - Casco Viejo (Bilbao): 0.3 km off
  - Bilbao Fine Arts Museum (Bilbao): 0.2 km off
  - Zubizuri Bridge (Bilbao): 0.2 km off
  - Artxanda Funicular (Bilbao): 0.6 km off
  - Azkuna Zentroa (Bilbao): 0.1 km off
  - La Ribera Market (Bilbao): 0.5 km off
  - Generalife Gardens (Granada): 0.2 km off
  - Albaicín (Granada): 0.5 km off
  - Sacromonte (Granada): 0.5 km off
  - Hammam Al Ándalus (Granada): 0.1 km off
  - Gran Vía (Madrid): 0.4 km off
  - La Latina (Madrid): 0.2 km off
  - Cibeles Palace (Madrid): 0.1 km off
  - El Rastro Flea Market (Madrid): 0.3 km off
  - Malasaña (Madrid): 0.4 km off
  - Sóller & Port de Sóller (Mallorca): 3.4 km off
  - Caves of Drach (Mallorca): 0.4 km off
  - La Concha Beach (San Sebastián): 0.2 km off
  - Parte Vieja (Old Town) (San Sebastián): 0.4 km off
  - Monte Urgull (San Sebastián): 0.3 km off
  - Monte Igueldo (San Sebastián): 3.5 km off
  - San Telmo Museum (San Sebastián): 0.2 km off
  - Peine del Viento (Wind Comb) (San Sebastián): 1.1 km off
  - Barrio Santa Cruz (Seville): 0.4 km off
  - Triana (Seville): 0.6 km off
  - Flamenco Show (Seville): 0.3 km off
  - Maria Luisa Park (Seville): 0.1 km off
  - Monastery of San Juan de los Reyes (Toledo): 0.1 km off
  - Synagogue of Santa María la Blanca (Toledo): 0.1 km off
  - Puente de San Martín (Toledo): 0.1 km off
  - Turia Gardens (Valencia): 0.7 km off
  - Malvarrosa Beach (Valencia): 0.2 km off
  - Bioparc Valencia (Valencia): 0.1 km off
  - L'Umbracle (Valencia): 0.1 km off
  - Albufera Natural Park (Valencia): 3.9 km off
  - Haga District (Gothenburg): 0.1 km off
  - Feskekôrka (Gothenburg): 0.2 km off
  - Volvo Museum (Gothenburg): 0.8 km off
  - Slottsskogen (Gothenburg): 0.3 km off
  - Maritiman (Gothenburg): 0.2 km off
  - Paddan Tour (Gothenburg): 0.3 km off
  - Aeroseum (Gothenburg): 0.2 km off
  - Lilla Torg (Malmö): 0.2 km off
  - Ribersborgsstranden (Malmö): 1.1 km off
  - Skansen Open-Air Museum (Stockholm): 0.1 km off
  - Djurgården (Stockholm): 0.2 km off
  - Nordic Museum (Stockholm): 0.1 km off
  - Gamla Uppsala (Uppsala): 0.4 km off
  - Linnaeus Garden (Uppsala): 0.3 km off
  - Lake Geneva Cruise (Geneva): 0.5 km off
  - Patek Philippe Museum (Geneva): 0.1 km off
  - International Red Cross and Red Crescent Museum (Geneva): 0.2 km off
  - Jardin Anglais & Flower Clock (Geneva): 0.1 km off
  - La Jonction (Geneva): 0.5 km off
  - Gornergrat (Zermatt): 3.5 km off
  - Matterhorn Glacier Paradise (Zermatt): 0.3 km off
  - Old Town (Altstadt) (Zurich): 0.3 km off
  - Lake Zurich (Zurich): 3.7 km off
  - Kunsthaus Zürich (Zurich): 0.1 km off
  - Bahnhofstrasse (Zurich): 0.1 km off
  - FIFA Museum (Zurich): 0.2 km off
  - Zurich Zoo (Zurich): 0.4 km off
  - Lindenhof (Zurich): 0.1 km off
  - Lindt Home of Chocolate (Zurich): 0.3 km off
  - Cendere Bridge (Adıyaman): 3.2 km off
  - Karakuş Tumulus (Adıyaman): 3.7 km off
  - Anıtkabir (Ankara): 0.3 km off
  - Museum of Anatolian Civilizations (Ankara): 0.2 km off
  - Ankara Castle (Ankara): 0.3 km off
  - Kocatepe Mosque (Ankara): 0.7 km off
  - Roman Temple of Augustus (Ankara): 0.7 km off
  - Hacı Bayram Mosque (Ankara): 0.7 km off
  - Atatürk Forest Farm (Ankara): 3.0 km off
  - Eymir Lake (Ankara): 1.7 km off
  - Atakule Tower (Ankara): 0.4 km off
  - Kaleiçi Old Town (Antalya): 0.5 km off
  - Perge Ancient City (Antalya): 0.4 km off
  - Phaselis Ancient City (Antalya): 0.2 km off
  - Konyaalti Beach (Antalya): 0.7 km off
  - Antalya Aquarium (Antalya): 2.1 km off
  - Side Ancient City (Antalya): 1.7 km off
  - Manavgat Waterfall (Antalya): 0.1 km off
  - Lara Beach (Antalya): 1.4 km off
  - Patara Beach (Antalya): 3.1 km off
  - Myra Rock Tombs (Antalya): 0.2 km off
  - Kekova Sunken City (Antalya): 1.0 km off
  - Saklıkent Gorge (Antalya): 1.7 km off
  - Simena Castle (Antalya): 0.9 km off
  - Selge Ancient City (Antalya): 2.6 km off
  - Aphrodisias (Aydın): 1.1 km off
  - Aphrodisias Museum (Aydın): 0.7 km off
  - Miletus Ancient City (Aydın): 0.1 km off
  - Didyma (Temple of Apollo) (Aydın): 0.1 km off
  - Green Mosque (Bursa): 0.1 km off
  - Green Tomb (Bursa): 0.1 km off
  - Cumalıkızık Village (Bursa): 1.7 km off
  - Koza Han (Bursa): 0.2 km off
  - Troy Museum (Çanakkale): 1.0 km off
  - Assos Ancient City (Çanakkale): 0.3 km off
  - Çanakkale Martyrs' Memorial (Çanakkale): 0.8 km off
  - Göreme Open Air Museum (Cappadocia): 1.2 km off
  - Hot Air Balloon Ride (Cappadocia): 2.7 km off
  - Love Valley (Cappadocia): 1.0 km off
  - Ihlara Valley (Cappadocia): 1.1 km off
  - Pasabag Valley (Cappadocia): 1.5 km off
  - Kaymakli Underground City (Cappadocia): 0.2 km off
  - Red Valley (Cappadocia): 1.4 km off
  - Zelve Open Air Museum (Cappadocia): 0.3 km off
  - Diyarbakır Fortress (Diyarbakır): 2.1 km off
  - Hevsel Gardens (Diyarbakır): 1.1 km off
  - Great Mosque of Diyarbakır (Diyarbakır): 0.5 km off
  - Old Mosque (Edirne): 0.1 km off
  - Kırkpınar Oil Wrestling (Edirne): 1.3 km off
  - Gaziantep Castle (Gaziantep): 0.9 km off
  - St. Pierre Church (Antakya): 2.1 km off
  - Hatay Archaeology Museum (Antakya): 3.1 km off
  - Vespasianus Titus Tunnel (Samandağ): 1.7 km off
  - Harbiye Waterfalls (Antakya): 2.3 km off
  - Bosphorus Cruise (Istanbul): 1.7 km off
  - Princes' Islands (Istanbul): 2.2 km off
  - Theodosian Walls (Istanbul): 1.9 km off
  - Ortaköy (Istanbul): 0.8 km off
  - Galata Bridge (Istanbul): 0.2 km off
  - Turkish Bath Experience (Istanbul): 3.7 km off
  - Miniaturk (Istanbul): 0.4 km off
  - Beylerbeyi Palace (Istanbul): 0.2 km off
  - Bebek (Istanbul): 0.2 km off
  - Çamlıca Hill (Istanbul): 0.1 km off
  - Pierre Loti Hill (Istanbul): 0.3 km off
  - Balat & Fener (Istanbul): 0.2 km off
  - Yıldız Palace (Istanbul): 0.8 km off
  - Kadıköy (Istanbul): 2.9 km off
  - Galataport (Istanbul): 0.8 km off
  - Karaköy (Istanbul): 0.3 km off
  - Rüstem Pasha Mosque (Istanbul): 0.1 km off
  - Istanbul Modern (Istanbul): 2.2 km off
  - Pera Museum (Istanbul): 0.4 km off
  - Rahmi M. Koç Museum (Istanbul): 0.1 km off
  - House of the Virgin Mary (Izmir): 0.3 km off
  - Basilica of St. John (Izmir): 0.3 km off
  - Kemeraltı Bazaar (Izmir): 0.2 km off
  - Kordon (Izmir): 0.5 km off
  - Alaçatı (Izmir): 1.2 km off
  - Asansör (Izmir): 1.4 km off
  - Pergamon Acropolis (Izmir): 0.3 km off
  - Şirince Village (Izmir): 0.3 km off
  - Ani Archaeological Site (Kars): 1.4 km off
  - Kars Castle (Kars): 1.0 km off
  - Cathedral of Kars (Kars): 3.4 km off
  - Alaeddin Mosque (Konya): 0.4 km off
  - Eşrefoğlu Mosque (Beyşehir): 0.9 km off
  - Karatay Madrasah (Konya): 0.3 km off
  - Mardin Old City (Mardin): 1.2 km off
  - Midyat Old Town (Midyat): 3.5 km off
  - Zinciriye Madrasah (Mardin): 0.4 km off
  - Bodrum Amphitheatre (Bodrum): 0.9 km off
  - Fethiye Lycian Rock Tombs (Fethiye): 0.4 km off
  - Butterfly Valley (Fethiye): 2.5 km off
  - Kayaköy Ghost Village (Fethiye): 0.2 km off
  - Marmaris Castle (Marmaris): 0.4 km off
  - Dalyan River & Turtle Beach (Dalyan): 4.3 km off
  - Datça Peninsula (Datça): 0.8 km off
  - Stratonikeia Ancient City (Yatağan): 1.1 km off
  - Kaunos Ancient City (Dalyan): 0.5 km off
  - Knidos Ancient City (Datça): 0.3 km off
  - Iasos Ancient City (Milas): 0.5 km off
  - Pamukkale Travertines (Denizli): 0.6 km off
  - Hierapolis Ancient City (Denizli): 1.5 km off
  - Cleopatra's Pool (Denizli): 0.2 km off
  - Hierapolis Archaeology Museum (Denizli): 0.4 km off
  - Laodikeia Ancient City (Denizli): 0.4 km off
  - Safranbolu Old Town (Safranbolu): 0.7 km off
  - Cinci Han (Safranbolu): 0.9 km off
  - Kaymakamlar House (Safranbolu): 1.1 km off
  - Cinci Hamam (Safranbolu): 0.8 km off
  - Hidirlik Hill (Safranbolu): 1.4 km off
  - Pool of Sacred Fish (Şanlıurfa): 1.8 km off
  - Harran Ancient City (Şanlıurfa): 1.2 km off
  - Şanlıurfa Archaeology Museum (Şanlıurfa): 0.5 km off
  - Urfa Castle (Şanlıurfa): 0.7 km off
  - Uzungöl (Trabzon): 1.7 km off
  - Atatürk Mansion (Trabzon): 2.2 km off
  - Boztepe Hill (Trabzon): 0.8 km off
  - Akdamar Church (Van): 0.9 km off
  - Van Castle (Van): 0.3 km off
  - Freedom Square (Kharkiv): 0.3 km off
  - Annunciation Cathedral (Kharkiv): 0.6 km off
  - Gorky Park (Kharkiv): 1.5 km off
  - Hryshko National Botanical Garden (Kyiv): 0.2 km off
  - Pirogovo Open-Air Museum (Kyiv): 0.3 km off
  - Arsenalna Metro Station (Kyiv): 0.2 km off
  - High Castle (Lviv): 0.4 km off
  - Coffee Mining Manufacture (Lviv): 0.1 km off
  - Odesa Opera House (Odesa): 0.1 km off
  - Derybasivska Street (Odesa): 0.1 km off
  - Arcadia Beach (Odesa): 1.4 km off
  - Cardiff Castle (Cardiff): 0.1 km off
  - Cardiff Bay (Cardiff): 0.3 km off
  - St Fagans National Museum of History (Cardiff): 0.1 km off
  - Norwegian Church Arts Centre (Cardiff): 0.1 km off
  - Techniquest (Cardiff): 0.3 km off
  - Victorian Arcades (Cardiff): 0.2 km off
  - Roath Park (Cardiff): 0.5 km off
  - Castell Coch (Cardiff): 1.7 km off
  - Smallest House in Great Britain (Conwy): 0.1 km off
  - Conwy Town Walls (Conwy): 0.3 km off
  - Tenby Harbour & Beach (Tenby): 0.4 km off
  - Caldey Island (Tenby): 0.7 km off

Attractions not found:
  - Beirut Corniche (Beirut, Lebanon)

✅ DONE! Applied 1371 coordinate corrections.
